Player,Year1,Year2,Year3,Year4,Year5,Year6,Year7,Year8,Retire,NextPercentile
Jacob Green,0.5206422018348624,0.906930693069307,0.9845559845559846,1.0,0.9981617647058824,0.9970238095238096,0.969811320754717,0.924953095684803,0,0.874296435272045
Rey Maualuga,0.7188995215311005,0.8627797408716137,0.948547215496368,0.9510869565217392,0.9245056920311564,0.8747763864042933,0.8611275964391691,0.836950146627566,0,0.7973130841121495
Vince Williams,0.5865787896944278,0.6636851520572451,0.7477744807121661,0.7765395894428152,0.8878504672897196,0.9319526627218936,0.9355992844364938,0.9067599067599068,1,
Emmanuel Sanders,0.565959952885748,0.5811138014527845,0.5948067632850241,0.5074895146794488,0.3076923076923077,0.3810089020771513,0.363049853372434,0.3685747663551402,0,0.2213017751479289
Barry Sims,0.175,0.225201072386059,0.2444160816847479,0.2558714462299135,0.2871951219512195,0.3010882708585248,0.3108026554013277,0.5032757593805837,1,
Reggie Kelly,0.175,0.0509383378016085,0.1001914486279515,0.0797280593325092,0.1310975609756097,0.2031438935912938,0.2914906457453228,0.2310899344848123,0,0.1941105769230769
Darren Howard,0.8095588235294118,0.9390080428954424,0.9814932992980216,0.9530284301606922,0.9676829268292684,0.9498186215235792,0.9547374773687388,0.8433591423466349,0,0.8840144230769231
Nate Webster,0.4852941176470588,0.599195710455764,0.641352903637524,0.7218788627935723,0.7579268292682927,0.7261185006045949,0.6300543150271575,0.7325789160214413,0,0.8533653846153846
Vincent Rey,0.2856301531213192,0.3983050847457627,0.5483091787439613,0.8316357100059916,0.9010137149672034,0.9388724035608308,0.9055718475073312,0.9036214953271028,0,0.834319526627219
Matt Stover,0.2588235294117647,0.2707774798927614,0.3024888321633694,0.2818294190358467,0.1701219512195122,0.1185006045949214,0.1188895594447797,0.1155449672424061,0,0.134014423076923
Alex Brown,0.6751754945756222,0.8436341161928307,0.9445121951219512,0.9582829504232164,0.9643934821967411,0.9708159618820726,0.9681490384615384,0.937200956937799,0,0.9104829210836278
Dominic Raiola,0.1289087428206764,0.1915945611866502,0.2298780487804878,0.1469165659008464,0.3258901629450815,0.3186420488385944,0.3167067307692308,0.2117224880382775,0,0.1472320376914016
Travis LaBoy,0.6079268292682927,0.7363966142684402,0.8068799034399518,0.8302561048243002,0.7992788461538461,0.743421052631579,0.7420494699646644,0.6858353510895884,1,
Neal Colzie,0.4932735426008968,0.5020746887966805,0.6535433070866141,0.6102941176470589,0.8641114982578397,0.8778877887788779,0.9539877300613496,0.963302752293578,1,
Champ Bailey,0.6006240249609984,0.8985294117647059,0.9550938337801608,0.9004467134652202,0.8856613102595797,0.8695121951219512,0.966142684401451,0.9903439951719976,0,0.9934484812388328
Lonie Paxton,0.175,0.1595174262734584,0.177409061901723,0.3386897404202719,0.4603658536585366,0.4740024183796856,0.4725407362703681,0.3734365693865396,0,0.3365384615384615
Dustin Hopkins,0.2124629080118694,0.1988269794721407,0.1921728971962616,0.1159763313609467,0.257602862254025,0.3024475524475524,0.3588269120184014,0.331145584725537,0,0.332286432160804
Jimmy Spencer,0.4858223062381852,0.6996587030716723,0.8743545611015491,0.7252931323283082,0.6482084690553745,0.5132605304212169,0.8845588235294117,0.920911528150134,0,0.8761965539246969
Odis McKinney,0.150735294117647,0.3205574912891986,0.6072607260726073,0.6073619631901841,0.4977064220183486,0.295049504950495,0.1312741312741312,0.1829944547134935,1,
Fred McNeill,0.0493273542600896,0.0705394190871369,0.1811023622047244,0.2720588235294117,0.2613240418118467,0.2409240924092409,0.2147239263803681,0.1513761467889908,0,0.1544554455445544
Jamir Miller,0.3081285444234404,0.5119453924914675,0.7194492254733219,0.8040201005025126,0.8957654723127035,0.8798751950078003,0.938970588235294,0.9711796246648794,1,
Darren Carrington,0.0544090056285178,0.0787992495309568,0.324577861163227,0.7100371747211895,0.8444022770398482,0.8147448015122873,0.6484641638225256,0.4027538726333907,1,
Moran Norris,0.1233243967828418,0.1991065730695596,0.349814585908529,0.4152439024390243,0.5501813784764208,0.547978273989137,0.5539011316259679,0.3924278846153846,0,0.3301435406698564
Michael Walter,0.0984555984555984,0.4380776340110905,0.6415441176470589,0.8154761904761905,0.7773584905660378,0.8030018761726079,0.6885553470919324,0.4183864915572232,0,0.604089219330855
Devery Henderson,0.0918984280532043,0.1188895594447797,0.1852293031566408,0.2409855769230769,0.3235645933014354,0.306831566548881,0.2905569007263922,0.2814009661835748,1,
John Anderson,0.4926470588235294,0.445993031358885,0.4884488448844885,0.5705521472392638,0.9059633027522936,0.9762376237623762,0.9787644787644788,0.9463955637707948,0,0.7261029411764706
Matt Birk,0.1518825781748564,0.2954264524103832,0.2847560975609756,0.1717049576783555,0.2564876282438141,0.3204288266825491,0.3707932692307692,0.3510765550239234,0,0.3698468786808009
Elijah Alexander,0.4026465028355387,0.5443686006825939,0.576592082616179,0.6298157453936348,0.752442996742671,0.6942277691107644,0.8029411764705883,0.7634048257372654,1,
Kelechi Osemele,0.1068840579710145,0.0575194727381665,0.0524746571258199,0.0409495548961424,0.1612903225806451,0.1308411214953271,0.1331360946745562,0.1293977340488968,1,
Andrew Norwell,0.1282051282051282,0.0694362017804154,0.2134897360703812,0.1308411214953271,0.2071005917159763,0.1067382230172927,0.0571095571095571,0.02242668200115,0,0.0739856801909307
Keith Smith,0.5957317073170731,0.6348246674727932,0.656004828002414,0.7891602144133413,0.7728365384615384,0.7667464114832536,0.472909305064782,0.2705811138014528,0,0.0440821256038647
Terry Fair,0.2410423452768729,0.5975039001560063,0.8639705882352942,0.8847184986595175,0.7568602425015954,0.6613102595797281,0.0274390243902439,0.2666263603385732,1,
Jason Baker,0.3217158176943699,0.2807913209955329,0.3868974042027194,0.3231707317073171,0.3724304715840387,0.2957151478575739,0.2787373436569386,0.2530048076923077,0,0.3738038277511962
Akeem Jordan,0.4687313877307921,0.6616586538461539,0.7763157894736842,0.7885747938751473,0.7415254237288136,0.7101449275362319,0.805272618334332,0.776386404293381,1,
Eric Davis,0.1519699812382739,0.1407129455909943,0.4907063197026022,0.7969639468690702,0.8638941398865785,0.9266211604095564,0.9001721170395869,0.9128978224455612,0,0.9169381107491856
Willie Broughton,0.0314232902033271,0.1360294117647058,0.2559523809523809,0.0924528301886792,0.198874296435272,0.2626641651031895,0.275797373358349,0.2044609665427509,0,0.2466793168880455
Joe Haden,0.8203769140164899,0.8789346246973365,0.9504830917874396,0.9233073696824444,0.9522957662492546,0.9002967359050446,0.8750733137829912,0.7879672897196262,0,0.8520710059171598
Tony Simmons,0.0461309523809523,0.0358490566037735,0.0318949343339587,0.0375234521575985,0.0431519699812382,0.0594795539033457,0.064516129032258,0.0699432892249527,0,0.0631399317406143
Chike Okeafor,0.0967238689547582,0.6529411764705882,0.7573726541554959,0.8564135290363752,0.9215080346106304,0.976219512195122,0.9764207980652962,0.9722389861194932,0,0.9041095890410958
Bennie Blades,0.5584905660377358,0.5647279549718575,0.7560975609756098,0.7035647279549718,0.9182156133828996,0.8102466793168881,0.6994328922495274,0.6262798634812287,0,0.8502581755593803
Scott Studwell,0.1141732283464567,0.1029411764705882,0.2682926829268293,0.3498349834983498,0.2331288343558282,0.7018348623853211,0.7960396039603961,0.947876447876448,0,0.9260628465804066
Antonio Garay,0.3380716934487021,0.3286585365853658,0.339782345828295,0.20036210018105,0.3639070875521143,0.3623798076923077,0.4258373205741627,0.6784452296819788,0,0.761501210653753
Todd Yoder,0.4058823529411764,0.4403485254691689,0.4945756222080408,0.5030902348578492,0.5152439024390244,0.4752116082224909,0.4622812311406156,0.3662894580107206,0,0.4110576923076923
Corey Webster,0.6178960096735188,0.7579963789981895,0.8266825491363907,0.9020432692307692,0.8755980861244019,0.8975265017667845,0.8952784503631961,0.9365942028985508,0,0.8891551827441582
Thomas Davis,0.656590084643289,0.7978273989136995,0.9136390708755212,0.9447115384615384,0.9413875598086124,0.8674911660777385,0.7215496368038741,0.767512077294686,0,0.9113241461953264
Colt McCoy,0.1658595641646489,0.1817632850241546,0.1839424805272618,0.0429338103756708,0.0409495548961424,0.039882697947214,0.0420560747663551,0.0343195266272189,0,0.0363744782349433
Trace Armstrong,0.3170731707317073,0.5534709193245778,0.6772983114446529,0.6598513011152416,0.8083491461100569,0.8468809073724007,0.8532423208191127,0.8382099827882961,0,0.9078726968174204
Earnest Rhone,0.2017937219730941,0.2074688796680498,0.2007874015748031,0.2022058823529411,0.3937282229965156,0.6336633663366337,0.8558282208588958,0.8990825688073395,0,0.9188118811881189
Rob Gronkowski,0.1658595641646489,0.2391304347826087,0.2917914919113241,0.1419200954084675,0.1643916913946587,0.1401759530791788,0.1226635514018691,0.2011834319526627,0,0.1926058437686344
Dave Elmendorf,0.3795620437956204,0.6264367816091954,0.6984924623115578,0.9607843137254902,0.968609865470852,0.970954356846473,0.7283464566929134,0.6544117647058824,0,0.735191637630662
Brent Celek,0.3097081596188207,0.3088942307692308,0.3534688995215311,0.1012956419316843,0.2052058111380145,0.1817632850241546,0.2456560814859197,0.2277877161598092,0,0.4747774480712166
Allan Ellis,0.1658291457286432,0.5049019607843137,0.6502242152466368,0.8838174273858921,0.9133858267716536,0.8713235294117647,0.7038327526132404,0.5082508250825083,1,
Norm Thompson,0.5401459854014599,0.5459770114942529,0.5577889447236181,0.8578431372549019,0.9820627802690582,0.9875518672199172,0.9606299212598424,0.9264705882352942,0,0.8362369337979094
Russell Davis,0.1326053042121684,0.6551470588235294,0.7479892761394102,0.7702616464582004,0.7818294190358467,0.7945121951219513,0.7400241837968561,0.732045866022933,0,0.6491959499702203
Dexter Jackson,0.5345588235294118,0.8203753351206434,0.9151244416081684,0.9728059332509272,0.928658536585366,0.8802902055622733,0.8219674109837055,0.8993448481238833,0,0.8467548076923077
Mario Addison,0.397094430992736,0.5742753623188406,0.7261833433193529,0.8491353607632678,0.8753709198813057,0.9325513196480938,0.9503504672897196,0.972189349112426,0,0.9695885509838998
Jim Burt,0.0596330275229357,0.0653465346534653,0.4362934362934363,0.5545286506469501,0.7169117647058824,0.6741071428571429,0.5962264150943396,0.4183864915572232,0,0.4090056285178236
Marcedes Lewis,0.1042287075640262,0.4975961538461538,0.5005980861244019,0.5100117785630153,0.2808716707021791,0.3345410628019323,0.3079688436189335,0.2510435301132975,0,0.1394658753709199
Joey Browner,0.500990099009901,0.7027027027027027,0.9574861367837338,0.9908088235294118,0.9985119047619048,1.0,0.9887429643527204,0.9924953095684804,0,0.9793621013133208
Charles Mann,0.2138613861386138,0.5231660231660231,0.789279112754159,0.9191176470588236,0.9464285714285714,0.8339622641509434,0.8686679174484052,0.7879924953095685,0,0.9287054409005628
Demarcus Faggins,0.0727504786215698,0.4641532756489493,0.7310975609756097,0.7599758162031439,0.8605914302957152,0.833234067897558,0.8185096153846154,0.6907894736842105,1,
Reggie Brown,0.4422110552763819,0.4495114006514658,0.4586583463338533,0.0235294117647058,0.0201072386058981,0.0153158902361199,0.0210135970333745,0.0274390243902439,0,0.1390568319226118
Dave Butz,0.0955882352941176,0.0766550522648083,0.1287128712871287,0.4662576687116564,0.7844036697247706,0.9287128712871288,0.8803088803088803,0.7781885397412199,0,0.6121323529411765
Roy Miller,0.59688995215311,0.6802120141342756,0.7148910411622276,0.6926328502415459,0.6560814859197124,0.6404293381037567,0.744807121661721,0.7524926686217008,0,0.7132009345794392
Jonathan Bostic,0.664469742360695,0.7477638640429338,0.7418397626112759,0.6539589442815249,0.6945093457943925,0.7970414201183432,0.8962432915921288,0.9230769230769232,0,0.8913168487636572
Myles Jack,0.5067448680351906,0.7669392523364486,0.9236686390532544,0.9427549194991056,0.965034965034965,0.917193789534215,0.9039379474940334,0.7644472361809045,1,
Clay Matthews2,0.8331339712918661,0.969964664310954,0.99636803874092,0.9969806763285024,0.98681845416417,0.985092426952892,0.9845697329376856,0.9718475073313784,0,0.9445093457943924
Will Allen,0.6809651474530831,0.7402680280791321,0.8053152039555006,0.7621951219512195,0.7609756097560976,0.8228536880290206,0.8881499395405078,0.8992154496077248,0,0.8593844296922148
Reggie Wayne,0.1233243967828418,0.1991065730695596,0.5370828182941904,0.5371951219512195,0.5350665054413543,0.2208811104405552,0.3448481238832638,0.3864182692307692,0,0.4228468899521531
Anthony Newman,0.2962264150943396,0.298311444652908,0.4315196998123827,0.5309568480300187,0.8011152416356877,0.6944971537001897,0.6691871455576559,0.4112627986348123,0,0.6815834767641996
Olin Kreutz,0.175,0.0509383378016085,0.2910019144862795,0.3442521631644005,0.3902439024390244,0.3403869407496977,0.3023536511768256,0.2543180464562239,0,0.2596153846153846
Andy Dalton,0.1658595641646489,0.1817632850241546,0.3283403235470341,0.3172331544424567,0.3786350148367952,0.3595307917888563,0.3405373831775701,0.3165680473372781,0,0.3476446034585569
Charlie Babb,0.2298850574712643,0.2412060301507537,0.2107843137254902,0.4170403587443946,0.5933609958506224,0.6811023622047244,0.7022058823529411,0.5679442508710801,1,
Eugene Daniel,0.3861003861003861,0.7615526802218114,0.9117647058823528,0.925595238095238,0.8264150943396227,0.8292682926829268,0.7410881801125704,0.6904315196998124,0,0.5260223048327137
Darion Conner,0.0769230769230769,0.3564727954971857,0.8141263940520446,0.8121442125237192,0.945179584120983,0.8959044368600683,0.8313253012048193,0.4991624790619765,1,
Bryan Scott,0.7416563658838071,0.8707317073170732,0.9292623941958889,0.8557634278817139,0.7653365098272782,0.7373798076923077,0.8510765550239234,0.8810365135453475,0,0.9279661016949152
Clark Harris,0.0873205741626794,0.2597173144876325,0.3819612590799031,0.4371980676328502,0.4331935290593169,0.332737030411449,0.3851632047477745,0.449266862170088,0,0.4760514018691589
Dion Lewis,0.1035108958837772,0.1165458937198067,0.1180347513481126,0.0429338103756708,0.0409495548961424,0.039882697947214,0.0420560747663551,0.0343195266272189,0,0.0363744782349433
Bracy Walker,0.5802047781569966,0.7607573149741824,0.7303182579564489,0.3973941368078176,0.0717628705148206,0.45,0.5127345844504021,0.6911295469049138,0,0.7484548825710754
Kevin Carter,0.3924914675767918,0.7951807228915663,0.9346733668341708,0.9543973941368078,0.9656786271450858,0.9713235294117648,0.9497319034852548,0.8934269304403318,0,0.8751545117428925
Chris Oldham,0.1894934333958724,0.1819887429643527,0.1617100371747211,0.3301707779886148,0.3213610586011342,0.5034129692832765,0.3820998278829604,0.6365159128978225,0,0.6856677524429967
Jordan Gross,0.1915945611866502,0.1701219512195122,0.1717049576783555,0.0941460470730235,0.2048838594401429,0.2139423076923076,0.3301435406698564,0.2597173144876325,0,0.2808716707021791
Maurice Smith,0.4058823529411764,0.4021447721179624,0.3994894703254626,0.2583436341161928,0.0512195121951219,0.0326481257557436,0.0325890162945081,0.0327575938058368,0,0.0372596153846153
Jermaine Phillips,0.4684109763880025,0.7088998763906057,0.775609756097561,0.8022974607013301,0.9004224502112251,0.95473496128648,0.9861778846153846,0.9240430622009568,1,
Montae Reagor,0.5375,0.589142091152815,0.7153797064454371,0.7447466007416563,0.8329268292682926,0.8869407496977025,0.8762824381412191,0.802263251935676,1,
Gary Brackett,0.6594561186650185,0.7463414634146341,0.8923821039903265,0.9106819553409776,0.9785586658725433,0.96875,0.9671052631578948,0.8916372202591284,0,0.8214285714285714
Nick Ferguson,0.5558823529411765,0.6588471849865952,0.6949585194639438,0.7830655129789864,0.7640243902439025,0.898428053204353,0.856366928183464,0.8892197736748064,0,0.8010817307692307
Brad Maynard,0.2588235294117647,0.2707774798927614,0.2310146777281429,0.2558714462299135,0.2871951219512195,0.3639661426844015,0.3832226916113458,0.2995830851697439,0,0.2475961538461538
Jeremy Maclin,0.1429425837320574,0.2597173144876325,0.3177966101694915,0.2626811594202898,0.1839424805272618,0.4162194394752534,0.4308605341246291,0.444574780058651,1,
Dekoda Watson,0.508833922261484,0.6912832929782082,0.7391304347826086,0.8238466147393649,0.751937984496124,0.7032640949554896,0.6363636363636364,0.6121495327102804,0,0.693491124260355
Stephen Cooper,0.6013597033374537,0.6652439024390244,0.7249093107617895,0.7761013880506941,0.9017272185824896,0.9543269230769232,0.9748803827751196,0.9493521790341578,0,0.8529055690072639
Cortez Kennedy,0.1013133208255159,0.350844277673546,0.8736059479553904,0.9108159392789372,0.9300567107750471,0.8191126279863481,0.8261617900172117,0.6984924623115578,0,0.6758957654723127
Andre Smith,0.1472320376914016,0.2433414043583535,0.4975845410628019,0.5050928699820252,0.4865831842576029,0.2189910979228486,0.1196480938416422,0.1226635514018691,0,0.1816568047337278
Dannell Ellerbe,0.6495215311004785,0.7037691401648999,0.7076271186440678,0.7741545893719807,0.8723786698621929,0.8700059630292188,0.8213649851632048,0.7536656891495601,0,0.759929906542056
Bruce Irvin,0.7155797101449275,0.8190533253445177,0.9528920691711388,0.9643916913946587,0.992375366568915,0.9842289719626168,0.983431952662722,0.9540846750149076,0,0.8537296037296037
Nate Washington,0.20036210018105,0.5116140559857058,0.5174278846153846,0.5113636363636364,0.3292108362779741,0.3093220338983051,0.3345410628019323,0.396644697423607,0,0.392963625521765
Antonio Smith,0.56590084643289,0.7175618587809294,0.8546754020250149,0.9254807692307692,0.9383971291866028,0.9240282685512368,0.8946731234866828,0.8900966183574879,0,0.8927501497902935
Quentin Jammer,0.582003828972559,0.7428924598269468,0.8091463414634147,0.8536880290205562,0.8672299336149668,0.8814770696843359,0.9308894230769232,0.917464114832536,0,0.9257950530035336
Tony Bennett,0.1632270168855534,0.6566604127579737,0.9591078066914498,0.9468690702087288,0.9584120982986768,0.9436860068259386,0.965576592082616,0.8944723618090452,1,
Brian Finneran,0.3102941176470588,0.5529490616621984,0.5558391831525208,0.5661310259579728,0.4024390243902439,0.4292623941958887,0.4254677127338563,0.2638475282906491,0,0.125
Tully Banta-Cain,0.496291718170581,0.6402439024390244,0.6644498186215235,0.7477368738684369,0.7647409172126266,0.7668269230769231,0.8498803827751196,0.8527679623085983,1,
Esera Tuaolo,0.3789868667917448,0.3921933085501858,0.3757115749525617,0.0850661625708884,0.4726962457337884,0.5524956970740104,0.5829145728643216,0.2801302931596091,0,0.1996879875195008
Jason Babin,0.6798780487804879,0.7956469165659008,0.8551599275799638,0.779630732578916,0.7067307692307693,0.6692583732057417,0.8751472320376914,0.9679176755447942,0,0.9915458937198068
Dre' Bly,0.3666146645865835,0.7823529411764706,0.922922252010724,0.9144862795149968,0.9555006180469716,0.9457317073170732,0.9613059250302296,0.9245624622812312,0,0.9291244788564622
Tom Howard,0.0944881889763779,0.1764705882352941,0.3240418118466899,0.3432343234323432,0.1625766871165644,0.6307339449541285,0.6,0.6544401544401545,1,
Anthony Pleasant,0.148217636022514,0.24765478424015,0.4981412639405204,0.6299810246679317,0.6843100189035917,0.856655290102389,0.802065404475043,0.6884422110552764,0,0.5912052117263844
Troy Evans,0.5015954052329291,0.5562422744128553,0.5682926829268292,0.6070133010882709,0.6047073023536512,0.6217986896962477,0.5564903846153846,0.5831339712918661,1,
Josh Johnson,0.1429425837320574,0.1472320376914016,0.1186440677966101,0.0440821256038647,0.0437387657279808,0.0429338103756708,0.0409495548961424,0.4703812316715542,0,0.4795560747663551
Sammy Knight,0.525963149078727,0.8925081433224755,0.9469578783151326,0.9919117647058824,0.9932975871313672,0.9968091895341415,0.9969097651421508,0.9914634146341464,0,0.9885126964933496
Earnest Graham,0.0975609756097561,0.373639661426844,0.488231744115872,0.4848123883263847,0.4585336538461538,0.4754784688995215,0.5424028268551236,0.5217917675544794,1,
Giovani Bernard,0.10964649490713,0.5313059033989267,0.5133531157270029,0.5319648093841642,0.259929906542056,0.3094674556213018,0.2367322599880739,0.2243589743589743,0,0.2144910868315123
Ramon Humber,0.5867224880382775,0.5924617196702002,0.6325665859564165,0.572463768115942,0.6452965847813061,0.6607036374478235,0.714540059347181,0.7167155425219941,0,0.790303738317757
D'Brickashaw Ferguson,0.0941460470730235,0.2048838594401429,0.2139423076923076,0.1770334928229665,0.1996466431095406,0.2905569007263922,0.338768115942029,0.3810665068903535,1,
Bryan Cox1,0.0806754221388367,0.3828996282527881,0.5199240986717267,0.5311909262759924,0.5477815699658704,0.4440619621342513,0.4840871021775544,0.4104234527687296,0,0.4976599063962558
Jacques Cesaire,0.3145859085290482,0.525609756097561,0.6124546553808948,0.727821363910682,0.7969029184038118,0.8034855769230769,0.7882775119617225,0.7520612485276796,0,0.6997578692493946
Chad Brown,0.1062618595825427,0.440453686200378,0.5870307167235495,0.7831325301204819,0.6767169179229481,0.7166123778501629,0.5538221528861155,0.8441176470588235,0,0.8981233243967829
Olivier Vernon,0.642512077294686,0.8184541641701618,0.9165175909361956,0.9370919881305638,0.9560117302052786,0.9591121495327104,0.957396449704142,0.91711389385808,0,0.9108391608391608
Andre Collins,0.1969981238273921,0.6116322701688556,0.8345724907063197,0.8785578747628083,0.9603024574669188,0.962457337883959,0.8691910499139415,0.5293132328308208,0,0.5162866449511401
Antoine Bethea,0.6952323476161738,0.8356164383561644,0.9206730769230768,0.9509569377990432,0.96113074204947,0.9721549636803876,0.9347826086956522,0.9436788496105452,0,0.960644007155635
Nathan Jones,0.5481707317073171,0.5876662636033857,0.6035003017501509,0.5902322811197142,0.6862980769230769,0.770933014354067,0.7962308598351001,0.7276029055690073,1,
Cedric Killings,0.5720588235294117,0.5871313672922251,0.585832801531589,0.2490729295426452,0.0274390243902439,0.4449818621523579,0.4809897404948702,0.4794520547945205,1,
Gerald Sensabaugh,0.5429262394195888,0.7115268557634279,0.7403216200119118,0.8329326923076923,0.81877990430622,0.9181389870435808,0.9231234866828087,0.914855072463768,1,
Jason Peters,0.4536585365853658,0.4836759371221282,0.4912492456246228,0.3609291244788564,0.125,0.2906698564593301,0.3480565371024735,0.3093220338983051,0,0.1968599033816425
Nicholas Williams,0.4267062314540059,0.4674486803519062,0.477803738317757,0.4248520710059171,0.6791890280262374,0.7272727272727273,0.7584818861414606,0.6336515513126492,0,0.6149497487437185
Jeff Feagles,0.175,0.0509383378016085,0.2086790044671346,0.2954264524103832,0.3371951219512195,0.3162031438935913,0.2190706095353047,0.0446694460988683,0,0.0757211538461538
Mike Cofer,0.100990099009901,0.222007722007722,0.232902033271719,0.3106617647058823,0.494047619047619,0.5641509433962264,0.5984990619136961,0.699812382739212,0,0.5684803001876173
Ed Dickson,0.2597173144876325,0.2808716707021791,0.3303140096618358,0.3792690233672858,0.3607632677400119,0.4065281899109792,0.4228739002932551,0.4526869158878505,0,0.4372781065088757
Chris Banjo,0.4811264230077891,0.466308884913536,0.5026706231454006,0.4844574780058651,0.6623831775700935,0.714792899408284,0.714370900417412,0.675990675990676,0,0.60149511213341
Mike Richardson1,0.2277227722772277,0.2683397683397683,0.6192236598890942,0.7334558823529411,0.7633928571428571,0.4735849056603773,0.123827392120075,0.198874296435272,1,
Terry Cousin,0.3827361563517915,0.5834633385335414,0.8080882352941177,0.8257372654155496,0.818761965539247,0.8553770086526576,0.7932926829268293,0.7950423216444982,0,0.8020519010259505
Corey McIntyre,0.405683192261185,0.4327097163548581,0.4663490172721858,0.4260817307692308,0.4539473684210526,0.4846878680800942,0.511501210653753,0.5314009661835749,1,
Jerraud Powers,0.6746411483253588,0.7756183745583038,0.8638014527845036,0.8291062801932367,0.8448172558418214,0.8598688133571855,0.8937685459940653,0.8991202346041056,1,
Jamie Winborn,0.6936997319034852,0.7300574345883855,0.8164400494437577,0.8719512195121951,0.8663845223700121,0.832226916113458,0.6509827278141751,0.7355769230769231,0,0.708732057416268
Yeremiah Bell,0.4115853658536585,0.7291414752116082,0.867833433916717,0.8689696247766527,0.8876201923076923,0.8983253588516746,0.967020023557126,0.9582324455205812,0,0.9384057971014492
Steve Foley1,0.5643153526970954,0.7362204724409449,0.9301470588235294,0.9059233449477352,0.9504950495049505,0.8496932515337423,0.6926605504587156,0.5326732673267327,0,0.5308880308880309
Brian Urlacher,0.7911764705882353,0.9617962466487936,0.99617102744097,0.9888751545117428,0.972560975609756,0.9570737605804112,0.9770669885334944,0.9952352590827874,0,0.9903846153846154
Marshal Yanda,0.1042287075640262,0.1442307692307692,0.2960526315789473,0.2703180212014134,0.2354721549636803,0.1165458937198067,0.2828040742959856,0.2003577817531306,0,0.316320474777448
Brooks Reed,0.7021791767554479,0.7795893719806763,0.8406231276213302,0.815742397137746,0.7632047477744807,0.7794721407624633,0.7768691588785047,0.8130177514792899,0,0.75551580202743
Corey Liuget,0.612590799031477,0.802536231884058,0.8753744757339724,0.9385807990459152,0.8961424332344213,0.8656891495601173,0.764018691588785,0.7408284023668639,0,0.7030411449016101
Fred Stokes,0.0684523809523809,0.0981132075471698,0.3771106941838649,0.5947467166979362,0.7861163227016885,0.7992565055762082,0.825426944971537,0.722117202268431,0,0.6979522184300341
Johnny Jolly,0.2564876282438141,0.5920190589636688,0.6814903846153846,0.8026315789473685,0.7703180212014135,0.6900726392251816,0.0440821256038647,0.5859796285200719,1,
Branden Albert,0.0757211538461538,0.1537081339712918,0.163133097762073,0.2052058111380145,0.2814009661835748,0.2822049131216297,0.1991651759093619,0.1845697329376854,1,
Jermaine Gresham,0.1472320376914016,0.2433414043583535,0.3103864734299517,0.2917914919113241,0.1419200954084675,0.2397626112759644,0.3196480938416422,0.3323598130841121,1,
Dwayne Harris,0.322463768115942,0.5290593169562612,0.5456171735241503,0.5311572700296736,0.5630498533724341,0.540303738317757,0.5828402366863905,0.4877757901013715,1,
Pat Swilling,0.1286764705882352,0.8169642857142857,0.9509433962264152,0.99812382739212,0.9887429643527204,0.99812382739212,0.9851301115241636,0.9924098671726757,0,0.8941398865784499
Henry Ford,0.3344709897610921,0.4922547332185886,0.6716917922948074,0.6286644951140065,0.6131045241809673,0.8014705882352942,0.8002680965147453,0.7613273771537971,0,0.6588380716934487
Marcus Gilchrist,0.6410411622276029,0.7294685990338164,0.8675853804673457,0.9093619558735838,0.9531157270029672,0.93841642228739,0.9269859813084113,0.906508875739645,0,0.8181276088252832
Neil Smith,0.3452830188679245,0.724202626641651,0.8836772983114447,0.9174484052532832,0.9739776951672864,0.9886148007590132,1.0,0.9982935153583616,0,0.9810671256454389
DeAndre Levy,0.6740430622009569,0.8274440518256773,0.902542372881356,0.9227053140096618,0.9676452965847812,0.9827072152653548,0.9483679525222553,0.7941348973607039,1,
George Atkinson,0.6161616161616161,0.8686131386861314,0.9022988505747126,0.9095477386934674,0.8872549019607843,0.874439461883408,0.7717842323651453,0.6692913385826772,1,
Jessie Tuggle,0.3125,0.1830188679245283,0.4559099437148217,0.5590994371482176,0.8236397748592871,0.9256505576208178,0.937381404174573,0.9262759924385632,0,0.9607508532423208
Cliff Avril,0.7530048076923077,0.8893540669856459,0.9570082449941107,0.9909200968523002,0.9939613526570048,0.9970041941282204,0.954680977936792,0.9703264094955488,0,0.9835777126099706
Damien Wilson,0.456379821958457,0.5935483870967742,0.6682242990654206,0.744378698224852,0.8103756708407871,0.8572261072261073,0.9108683151236344,0.8890214797136038,1,
Chris Doleman,0.299445471349353,0.6746323529411765,0.9761904761904762,0.9867924528301888,1.0,0.9868667917448404,0.9831144465290806,0.9907063197026024,0,0.98292220113852
Tim Collier,0.2614107883817427,0.7755905511811023,0.9007352941176472,0.8954703832752613,0.7326732673267327,0.5858895705521472,0.3325688073394495,0.5089108910891089,1,
Bruce McNorton,0.3227722772277228,0.3474903474903475,0.4214417744916821,0.34375,0.5535714285714286,0.4,0.2664165103189493,0.275797373358349,1,
Robert Williams,0.1358490566037735,0.1219512195121951,0.2345215759849906,0.2439024390243902,0.2286245353159851,0.1688804554079696,0.0699432892249527,0.0631399317406143,0,0.06368330464716
William Gay2,0.5485407980941036,0.6694711538461539,0.7631578947368421,0.817432273262662,0.8468523002421308,0.8894927536231884,0.9310964649490712,0.9719737626714372,0,0.9691394658753708
Justin Coleman,0.5246290801186944,0.5577712609970674,0.8148364485981309,0.8911242603550296,0.964221824686941,0.9102564102564102,0.855664174813111,0.6646778042959427,1,
Lawyer Milloy,0.487091222030981,0.8174204355108877,0.969055374592834,0.9812792511700468,0.9911764705882352,0.9731903485254692,0.95022335673261,0.9419035846724352,0,0.9347560975609756
Marshawn Lynch,0.0873205741626794,0.1996466431095406,0.2905569007263922,0.3689613526570048,0.5542240862792092,0.5408467501490757,0.5186943620178042,0.1401759530791788,0,0.1664719626168224
James Ihedigbo,0.4224759615384615,0.638755980861244,0.7237926972909305,0.7711864406779662,0.7397342995169082,0.8885560215698023,0.977340488968396,0.9922848664688428,0,0.9577712609970674
Drayton Florence,0.453646477132262,0.7073170731707317,0.7678355501813785,0.852142426071213,0.8379988088147707,0.8311298076923077,0.8074162679425837,0.892226148409894,0,0.9449152542372882
Henry Jones,0.8717472118959108,0.9544592030360532,0.9886578449905482,0.9078498293515358,0.6678141135972461,0.5376884422110553,0.5960912052117264,0.5850234009360374,0,0.8470588235294118
Mike Windt,0.1472320376914016,0.1937046004842615,0.341183574879227,0.3427201917315758,0.2987477638640429,0.4718100890207715,0.4750733137829912,0.4964953271028037,0,0.3668639053254438
Brad Van Pelt,0.2941176470588235,0.5381165919282511,0.6597510373443983,0.5866141732283464,0.6397058823529411,0.4912891986062718,0.5775577557755776,0.4601226993865031,0,0.7706422018348624
Carl Banks,0.2258687258687258,0.354898336414048,0.71875,0.9553571428571428,0.958490566037736,0.9587242026266416,0.8311444652908068,0.8480300187617261,0,0.6672862453531598
Adam Hayward,0.4544371649791542,0.5078125,0.5747607655502392,0.6590106007067138,0.6658595641646489,0.6853864734299517,0.6369083283403235,0.5933214072748957,1,
Shaun Suisham,0.1695835847917924,0.3799880881477069,0.4152644230769231,0.4222488038277512,0.4045936395759717,0.4328087167070218,0.4613526570048309,0.5829838226482924,0,0.5551580202742994
Roynell Young,0.4719471947194719,0.6380368098159509,0.7752293577981652,0.6495049504950495,0.4092664092664093,0.3123844731977819,0.4926470588235294,0.7172619047619048,0,0.6773584905660377
Eugene Robinson,0.2920517560073937,0.6268382352941176,0.918154761904762,0.9113207547169812,0.9193245778611632,0.900562851782364,0.9362101313320824,0.9646840148698884,0,0.9905123339658444
Mike Prior,0.7708333333333334,0.9075471698113208,0.9924953095684804,0.9587242026266416,0.9305816135084428,0.8847583643122676,0.8045540796963947,0.5973534971644613,0,0.4965870307167235
Blidi Wreh-Wilson,0.4697423606950269,0.6762075134168157,0.6902077151335312,0.6967741935483871,0.4935747663551402,0.4136094674556213,0.5128205128205128,0.7237762237762237,1,
Regan Upshaw,0.3046471600688468,0.5510887772194305,0.762214983713355,0.6443057722308893,0.8360294117647059,0.7975871313672922,0.8142948308870454,0.7750309023485785,1,
L.J. Fort,0.5935990338164251,0.6147393648891551,0.5957066189624329,0.0409495548961424,0.3266862170087976,0.5105140186915887,0.6408284023668639,0.7036374478234944,0,0.7424242424242424
Todd Wade,0.2588235294117647,0.2158176943699732,0.2252712188895979,0.145859085290482,0.0512195121951219,0.0918984280532043,0.048280024140012,0.1274568195354377,1,
Brent Alexander,0.4692832764505119,0.6953528399311532,0.678391959798995,0.4543973941368078,0.3650546021840873,0.8338235294117647,0.9349865951742627,0.9617102744097,0,0.9622991347342398
Aaron Donald,0.7865235539654144,0.9008902077151336,0.9730205278592376,0.9871495327102804,0.9994082840236688,0.9994036970781156,0.9988344988344988,0.9988499137435308,0,0.997016706443914
Darryl Williams,0.6635687732342007,0.9297912713472486,0.9829867674858224,0.9829351535836176,0.9604130808950088,0.9882747068676716,0.996742671009772,0.9906396255850234,0,0.9779411764705882
Jordan Miller,0.0440821256038647,0.1677651288196525,0.1449016100178891,0.1394658753709199,0.039882697947214,0.0420560747663551,0.0343195266272189,0.4782349433512224,0,0.4708624708624708
Brandon Carr,0.7235576923076923,0.8355263157894737,0.8833922261484098,0.8656174334140436,0.894927536231884,0.944877171959257,0.9254621347644604,0.8700296735905044,0,0.7906158357771261
Keyaron Fox,0.3585365853658536,0.4032648125755743,0.6312613156306578,0.658129839189994,0.6929086538461539,0.7799043062200957,0.8327444051825678,0.8135593220338984,1,
John Simon2,0.2756141402037148,0.5271317829457365,0.7175074183976261,0.832258064516129,0.905373831775701,0.8597633136094674,0.8676207513416816,0.8327505827505828,0,0.7935595169637722
Jason Pierre-Paul,0.6366313309776207,0.8662227602905569,0.9547101449275364,0.9592570401437986,0.951103160405486,0.884272997032641,0.9038123167155424,0.8785046728971962,0,0.936094674556213
Alec Ogletree,0.8993409227082085,0.9880739415623137,0.9887240356083086,0.9671554252199414,0.9579439252336448,0.9928994082840236,0.9815146094215862,0.916083916083916,0,0.78953421506613
Elois Grooms,0.2543554006968641,0.495049504950495,0.3803680981595092,0.6972477064220184,0.6693069306930693,0.7142857142857143,0.4565619223659889,0.2757352941176471,0,0.1785714285714285
Bob Nelson,0.1023102310231023,0.0766871165644171,0.091743119266055,0.0851485148514851,0.0965250965250965,0.0517560073937153,0.1966911764705882,0.3020833333333333,0,0.1698113207547169
Thomas Morstead,0.0873205741626794,0.1472320376914016,0.1186440677966101,0.2602657004830918,0.3019772318753744,0.3601669648181276,0.31513353115727,0.2797653958944281,0,0.1536214953271028
Tony Tolbert,0.174484052532833,0.3583489681050656,0.6679174484052532,0.7936802973977695,0.7988614800759013,0.8449905482041588,0.8378839590443686,0.9345955249569708,0,0.9011725293132328
Joe Salave'a,0.0732899022801303,0.078003120124805,0.600735294117647,0.6166219839142091,0.6158264199106573,0.4833127317676143,0.572560975609756,0.6330108827085853,0,0.6391068195534098
Anthony Spencer,0.6813579511614056,0.7518028846153846,0.9049043062200955,0.934040047114252,0.9757869249394672,0.981280193236715,0.938286399041342,0.8914728682170543,1,
Dwight Hicks,0.5017421602787456,0.8052805280528053,0.9938650306748468,0.9885321100917432,0.992079207920792,0.944015444015444,0.9611829944547134,0.8566176470588235,1,
Brian Dawkins,0.5094664371772806,0.7721943048576214,0.9006514657980456,0.9750390015600624,0.9933823529411764,0.9946380697050938,0.990427568602425,0.9684796044499382,0,0.9701219512195122
Simeon Rice,0.4819277108433735,0.6850921273031826,0.8859934853420195,0.9594383775351014,0.9808823529411764,0.9812332439678284,0.9878749202297384,0.9987639060568604,0,0.9981707317073172
Tony Woods,0.130188679245283,0.1613508442776735,0.2195121951219512,0.223264540337711,0.223264540337711,0.2156133828996282,0.1555977229601518,0.2684310018903592,0,0.2798634812286689
Trumaine McBride,0.5485407980941036,0.6195913461538461,0.617822966507177,0.571849234393404,0.4491525423728814,0.4776570048309179,0.6578789694427801,0.7233154442456768,0,0.8593471810089021
Gerald Hayes,0.4981458590852904,0.6341463414634146,0.6402660217654171,0.8050694025347013,0.9023228111971412,0.9651442307692308,0.937799043062201,0.8822143698468787,1,
Nigel Bradham,0.6153381642512077,0.7004194128220491,0.862850327966607,0.8617210682492582,0.9513196480938416,0.9421728971962616,0.9603550295857988,0.9254621347644604,1,
Mike Glennon,0.1806797853309481,0.1548961424332344,0.1730205278592375,0.0420560747663551,0.0343195266272189,0.0363744782349433,0.0256410256410256,0.0862564692351926,1,
Maurice Jones-Drew,0.0941460470730235,0.2543180464562239,0.2596153846153846,0.3809808612440191,0.3798586572438162,0.3813559322033898,0.304951690821256,0.231276213301378,0,0.2719141323792486
Dan Bailey,0.1658595641646489,0.2391304347826087,0.3265428400239664,0.3136553369111509,0.2682492581602373,0.3337243401759531,0.2260514018691588,0.2822485207100592,1,
Tony Romo,0.0941460470730235,0.0589636688505062,0.1844951923076923,0.2511961722488038,0.2756183745583039,0.1186440677966101,0.0440821256038647,0.0437387657279808,0,0.1282051282051282
Brad Hoover,0.4830882352941176,0.492627345844504,0.5105296745373324,0.4660074165636588,0.4932926829268292,0.4866989117291415,0.4942667471333735,0.444907683144729,0,0.4417067307692308
Thomas Everett,0.4747023809523809,0.6509433962264151,0.8592870544090057,0.8386491557223265,0.8724202626641651,0.8234200743494424,0.8178368121442126,0.6786389413988658,0,0.6655290102389079
David Diehl,0.5339925834363412,0.5390243902439025,0.5423216444981862,0.3005431502715751,0.3192376414532459,0.3179086538461538,0.3379186602870813,0.2703180212014134,0,0.236682808716707
Milton Mack,0.4508928571428571,0.5,0.701688555347092,0.5478424015009381,0.4052532833020638,0.2936802973977695,0.476280834914611,0.5274102079395085,1,
Joe Lavender,0.392156862745098,0.7668161434977578,0.946058091286307,0.9566929133858268,0.9080882352941176,0.8153310104529616,0.9372937293729372,0.9570552147239264,1,
Terrance Copper,0.4213414634146341,0.4842805320435308,0.5467712733856367,0.5425848719475879,0.5018028846153846,0.4760765550239234,0.5235571260306242,0.5096852300242131,0,0.5628019323671497
Nnamdi Asomugha,0.5086526576019778,0.6280487804878049,0.68863361547763,0.8756789378394689,0.8779035139964264,0.8984375,0.7416267942583732,0.7137809187279152,0,0.7257869249394673
Mark Murphy,0.3449477351916376,0.7425742574257426,0.8926380368098159,0.97239263803681,0.9105504587155964,0.9108910891089108,0.7972972972972973,0.953789279112754,0,0.7279411764705882
Matt Giordano,0.4262394195888754,0.5739287869643935,0.7665276950565812,0.7680288461538461,0.7392344497607656,0.4923439340400471,0.8414043583535109,0.8919082125603864,0,0.95026962252846
Paul Spicer,0.5617647058823529,0.6561662198391421,0.7677089980855137,0.76946847960445,0.7195121951219512,0.7708585247883918,0.7905853952926977,0.9130434782608696,0,0.8780048076923077
Kenard Lang,0.2529313232830821,0.5830618892508144,0.781591263650546,0.8977941176470589,0.925603217158177,0.9546904913848118,0.9758961681087762,0.9719512195121952,0,0.9250302297460702
Hanford Dixon,0.7201834862385321,0.8297029702970297,0.9034749034749034,0.800369685767098,0.8419117647058824,0.8333333333333334,0.8320754716981132,0.7166979362101313,1,
Owen Daniels,0.1436330718165359,0.1995235259082787,0.2518028846153846,0.2188995215311004,0.2114252061248527,0.2572639225181598,0.3768115942028985,0.3888556021569802,0,0.3577817531305903
Renaldo Turnbull,0.2851782363977486,0.4540337711069418,0.466542750929368,0.7912713472485768,0.8487712665406427,0.9163822525597268,0.7762478485370051,0.5661641541038526,1,
Louis Breeden,0.3639705882352941,0.3310104529616725,0.801980198019802,0.8803680981595092,0.9128440366972476,0.8574257425742574,0.7104247104247104,0.7097966728280961,0,0.8125
Vontaze Burfict,0.7143719806763285,0.8765727980826843,0.8980322003577818,0.8890207715133531,0.893841642228739,0.9188084112149532,0.8698224852071006,0.7131782945736435,1,
Husain Abdullah,0.4783653846153846,0.5885167464114832,0.7608951707891637,0.8117433414043583,0.7952898550724637,0.8040742959856201,0.827072152653548,0.8439169139465875,1,
Larry Allen,0.2588235294117647,0.2158176943699732,0.1646458200382897,0.0871446229913473,0.0274390243902439,0.1390568319226118,0.1804465902232951,0.2346634901727218,1,
Craig Hentrich,0.3522058823529412,0.3619302949061662,0.3433312061263561,0.334363411619283,0.2701219512195122,0.2769044740024183,0.2154496077248038,0.1995235259082787,0,0.3106971153846153
Tedy Bruschi,0.2908777969018933,0.5561139028475712,0.7703583061889251,0.8377535101404057,0.925,0.9463806970509384,0.9738353541799616,0.9956736711990112,0,0.9969512195121952
Rocky Bernard,0.6738991703892788,0.7169344870210136,0.801219512195122,0.8367593712212817,0.8901629450814725,0.9058963668850506,0.8846153846153846,0.8373205741626795,0,0.7838633686690224
Damien Williams,0.5354800238521169,0.5376854599406529,0.5583577712609971,0.4100467289719626,0.3887573964497041,0.3148479427549195,0.2657342657342657,0.3433007475560667,1,
Cory Littleton,0.4821114369501466,0.6980140186915887,0.9100591715976332,0.9862850327966608,0.9842657342657344,0.9597469810235768,0.7893794749403341,0.7217336683417085,1,
Ray Crockett,0.1819887429643527,0.5328330206378987,0.9118198874296436,0.9721189591078068,0.9563567362428842,0.8431001890359168,0.8071672354948806,0.8347676419965576,0,0.8760469011725294
Johnny Rembert,0.4871287128712871,0.4498069498069498,0.4343807763401109,0.6948529411764706,0.8973214285714286,0.960377358490566,0.8799249530956847,0.849906191369606,0,0.6378986866791745
Erik Walden,0.4362980769230769,0.4688995215311005,0.6342756183745583,0.7941888619854721,0.8719806763285024,0.9017375674056322,0.8950506857483602,0.8777448071216617,0,0.943108504398827
Adrian Peterson,0.1914486279514997,0.2354758961681087,0.4908536585365853,0.5151148730350665,0.5594447797223898,0.5086360929124479,0.4877903513996426,0.40625,0,0.4014423076923077
Terence Newman,0.7070457354758962,0.8560975609756097,0.93409915356711,0.9058539529269763,0.9303156640857654,0.921875,0.958732057416268,0.945818610129564,0,0.9667070217917676
Reggie Walker,0.4706937799043062,0.5200235571260307,0.5538740920096852,0.5422705314009661,0.701617735170761,0.6970781156827669,0.6765578635014837,0.4909090909090909,0,0.0420560747663551
Mike Fuller,0.0582959641255605,0.1991701244813278,0.6417322834645669,0.8602941176470589,0.940766550522648,0.7722772277227723,0.5030674846625767,0.3623853211009174,1,
Dave Brown,0.5477178423236515,0.8622047244094488,0.9338235294117648,0.9303135888501742,0.9108910891089108,0.7668711656441718,0.5642201834862385,0.502970297029703,0,0.7818532818532818
Sean Smith2,0.5861244019138756,0.6972909305064782,0.7917675544794189,0.8713768115942029,0.9191132414619532,0.9242695289206916,0.8801186943620178,0.8404692082111437,0,0.8393691588785047
Jake McQuaide,0.1658595641646489,0.2391304347826087,0.2396644697423607,0.2242098986285032,0.2913946587537092,0.3302052785923753,0.2085280373831775,0.2875739644970414,0,0.2516398330351819
Chris Crocker,0.522867737948084,0.7317073170731707,0.8960096735187424,0.9179239589619796,0.9285288862418106,0.8683894230769231,0.8929425837320574,0.8828032979976443,0,0.8795399515738499
Chris Davis,0.1620011911852293,0.2073317307692307,0.2362440191387559,0.1065959952885747,0.0405569007263922,0.0440821256038647,0.0437387657279808,0.5646988670244484,0,0.5620178041543027
Dave Zastudil,0.0727504786215698,0.1279357231149567,0.1115853658536585,0.1185006045949214,0.048280024140012,0.0446694460988683,0.0372596153846153,0.0873205741626794,0,0.1012956419316843
Tony Casillas,0.2389705882352941,0.5863095238095238,0.6679245283018868,0.7485928705440901,0.6416510318949343,0.6303939962476548,0.5241635687732342,0.6204933586337761,0,0.5500945179584121
Jeff Robinson,0.239089184060721,0.2911153119092627,0.3686006825938566,0.2117039586919105,0.2696817420435511,0.1840390879478827,0.1638065522620904,0.2588235294117647,0,0.3109919571045576
LaRon Landry,0.6902918403811793,0.796875,0.8827751196172249,0.8710247349823321,0.8329297820823245,0.8695652173913043,0.8568004793289394,0.86463923673226,1,
Karlos Dansby,0.7573170731707317,0.944981862152358,0.9831019915509958,0.9946396664681358,0.994591346153846,0.9892344497607656,0.972909305064782,0.9322033898305084,0,0.9184782608695652
Sherman White,0.1244813278008298,0.1338582677165354,0.125,0.0278745644599303,0.1023102310231023,0.0766871165644171,0.4403669724770642,0.4594059405940594,1,
Christian Covington,0.5341246290801187,0.636950146627566,0.7161214953271028,0.7301775147928994,0.7215265354800239,0.7016317016317016,0.7469810235767682,0.7136038186157518,1,
Simon Fletcher,0.0480591497227356,0.2849264705882353,0.5818452380952381,0.8,0.9212007504690432,0.951219512195122,0.9399624765478424,0.9702602230483272,0,0.9791271347248576
Nate Solder,0.1035108958837772,0.1165458937198067,0.2354703415218693,0.2206320810971973,0.2189910979228486,0.1196480938416422,0.0420560747663551,0.0343195266272189,0,0.2319618366129994
Anthony Barr,0.8067978533094812,0.9311572700296736,0.9747800586510263,0.9351635514018692,0.8792899408284024,0.8872987477638641,0.8444055944055944,0.8895917193789534,0,0.8400954653937948
Rod Perry,0.7261410788381742,0.7677165354330708,0.9816176470588236,0.8606271777003485,0.9834983498349836,0.7852760736196319,0.9288990825688074,0.7326732673267327,0,0.5714285714285714
Sam Williams1,0.4963414634146341,0.5012091898428053,0.6753168376584189,0.6968433591423466,0.7427884615384616,0.6704545454545454,0.6307420494699647,0.5018159806295399,0,0.4583333333333333
Lyle Blackwood,0.3497757847533632,0.3609958506224066,0.905511811023622,0.9779411764705882,0.9930313588850174,0.9273927392739274,0.7638036809815951,0.7935779816513762,0,0.8653465346534653
Courtney Roby,0.2666263603385732,0.3886541943270972,0.3871351995235259,0.3635817307692308,0.4312200956937799,0.5765606595995288,0.5677966101694916,0.5821256038647343,0,0.4835230677052127
Davon House,0.1035108958837772,0.5356280193236715,0.6908328340323547,0.7579010137149672,0.8718100890207715,0.8457478005865102,0.8539719626168224,0.6544378698224852,1,
Bobby Butler,0.5245398773006135,0.7798165137614679,0.8732673267326733,0.7451737451737451,0.7079482439926063,0.6709558823529411,0.7976190476190477,0.7056603773584905,0,0.5440900562851783
Adewale Ogunleye,0.4276139410187667,0.8021697511167837,0.9548825710754018,0.9835365853658536,0.9746070133010882,0.9450814725407364,0.9767718880285884,0.974158653846154,0,0.9754784688995216
Deron Cherry,0.1380368098159509,0.0779816513761468,0.7168316831683168,0.9208494208494208,0.9907578558225508,0.9963235294117648,0.9851190476190476,0.9905660377358492,0,0.9549718574108818
Brandon Copeland,0.4664688427299703,0.6158357771260997,0.602803738317757,0.7094674556213018,0.7507453786523554,0.763986013986014,0.7055779183438758,0.5978520286396182,1,
Odie Harris,0.3471698113207547,0.4409005628517823,0.4934333958724202,0.1669793621013133,0.0594795539033457,0.064516129032258,0.0699432892249527,0.2713310580204778,1,
Kyle Wilson,0.4652532391048292,0.6561743341404358,0.7421497584541062,0.7543439185140803,0.6803816338700059,0.6724035608308605,0.6686217008797654,0.6004672897196262,0,0.1704142011834319
Ray Agnew,0.1069418386491557,0.1575984990619137,0.1579925650557621,0.1309297912713472,0.1020793950850661,0.114334470989761,0.2977624784853701,0.3266331658291457,0,0.4657980456026058
Dunta Robinson,0.8792682926829268,0.9353083434099152,0.9698249849124924,0.874329958308517,0.8395432692307693,0.7864832535885168,0.7932862190812721,0.809322033898305,0,0.8405797101449275
Wayne Smith,0.2739273927392739,0.1809815950920245,0.5160550458715596,0.5504950495049505,0.6737451737451737,0.5083179297597042,0.5275735294117647,0.4791666666666667,1,
Sione Pouha,0.405683192261185,0.4085697042848521,0.5693865396069089,0.6081730769230769,0.6722488038277512,0.7355712603062426,0.7621065375302664,0.7596618357487923,1,
Donovan McNabb,0.0797280593325092,0.3073170731707317,0.3228536880290205,0.3029571514785757,0.1042287075640262,0.1905048076923076,0.2673444976076555,0.2756183745583039,0,0.2487893462469733
Mike Thomas,0.1429425837320574,0.290341578327444,0.3650121065375302,0.3550724637681159,0.2540443379269023,0.0429338103756708,0.0409495548961424,0.3495601173020528,0,0.3580607476635514
Ted Washington1,0.358744394618834,0.3734439834024896,0.5984251968503937,0.3676470588235294,0.337979094076655,0.0462046204620462,0.1411042944785276,0.1490825688073394,0,0.1326732673267326
Chris Clemons,0.5439024390243903,0.6166868198307134,0.6173808086904043,0.7218582489577129,0.7445913461538461,0.7966507177033493,0.7386363636363636,0.8763250883392226,0,0.9546525323910484
Bill Bates,0.5247524752475248,0.7007722007722008,0.8243992606284658,0.7904411764705882,0.8348214285714286,0.8018867924528302,0.7073170731707317,0.5290806754221389,0,0.2945590994371482
Mitch Morse,0.1329376854599406,0.3366568914956012,0.3382009345794392,0.3479289940828402,0.182468694096601,0.0571095571095571,0.02242668200115,0.1151551312649164,0,0.2688442211055276
Jim Kleinsasser,0.2588235294117647,0.2158176943699732,0.1646458200382897,0.2484548825710754,0.1701219512195122,0.2726723095525997,0.1804465902232951,0.2346634901727218,0,0.2001201923076923
Leroy Hill,0.7515114873035067,0.8611949305974653,0.9553305539011316,0.9284855769230768,0.8911483253588517,0.7267373380447585,0.7838983050847458,0.8061594202898551,1,
Kamerion Wimbley,0.8062764031382016,0.9231685527099464,0.9591346153846154,0.944377990430622,0.9440518256772674,0.9588377723970944,0.9420289855072465,0.8879568603954464,0,0.7966607036374478
Zach Miller,0.3269803454437165,0.3743990384615384,0.4043062200956938,0.3433014354066985,0.3657243816254417,0.3934040047114252,0.3716707021791767,0.3177966101694915,0,0.2397342995169082
Dwight Freeney,0.8915124441608169,0.984548825710754,0.998780487804878,0.9975816203143894,0.987929993964997,0.963073257891602,0.9561298076923076,0.9706937799043064,0,0.9893992932862192
Rich Seubert,0.2399489470325462,0.3016069221260816,0.2896341463414634,0.1729141475211608,0.048280024140012,0.2864800476474092,0.2914663461538461,0.3576555023923445,0,0.4693757361601884
Ron Johnson1,0.4375,0.5156794425087108,0.6501650165016502,0.3987730061349693,0.3899082568807339,0.5524752475247525,0.4131274131274131,0.3142329020332717,1,
Tyron Smith,0.1658595641646489,0.2814009661835748,0.3223487118034751,0.1890280262373285,0.0528189910979228,0.2105571847507331,0.2026869158878504,0.2023668639053254,0,0.1067382230172927
Robbie Gould,0.1390568319226118,0.3035606517803259,0.2936271590232281,0.2626201923076923,0.2464114832535885,0.3021201413427561,0.2294188861985472,0.0513285024154589,0,0.0437387657279808
Matt Slater,0.4146634615384615,0.4479665071770335,0.5082449941107184,0.5399515738498789,0.5827294685990339,0.5979628520071899,0.5629099582587954,0.5448071216617211,0,0.5395894428152492
Kevin Hardy,0.3080895008605852,0.3484087102177554,0.496742671009772,0.5429017160686428,0.8426470588235294,0.8699731903485255,0.8583280153158902,0.8454882571075402,0,0.8414634146341463
John Jerry,0.2192028985507246,0.188735769922109,0.3643410852713178,0.2747774480712166,0.3143695014662757,0.2248831775700934,0.2213017751479289,0.2468694096601073,1,
Parys Haralson,0.2564876282438141,0.6331149493746278,0.7920673076923077,0.8833732057416268,0.9034157832744404,0.885593220338983,0.8152173913043478,0.7920910724985021,0,0.72927847346452
Bernard Whittington,0.356655290102389,0.5783132530120482,0.576214405360134,0.5977198697068404,0.4461778471138845,0.7529411764705882,0.6568364611260054,0.6936821952776006,1,
Jerricho Cotchery,0.4317073170731707,0.4667472793228537,0.4858177429088715,0.4204883859440143,0.3936298076923077,0.3881578947368421,0.3892815076560659,0.2354721549636803,0,0.1340579710144927
Cooper Carlisle,0.175,0.0509383378016085,0.0197830248883216,0.0210135970333745,0.0274390243902439,0.0326481257557436,0.0941460470730235,0.2048838594401429,0,0.2806490384615384
Brady Poppinga,0.5767835550181378,0.7604103802051901,0.8046456223942823,0.8197115384615384,0.7302631578947368,0.7073027090694936,0.7372881355932204,0.7246376811594203,1,
Roderick Hood,0.5772558714462299,0.7353658536585366,0.8125755743651754,0.8195534097767049,0.912447885646218,0.8990384615384616,0.9342105263157896,0.7856301531213192,0,0.7730024213075061
Robert Geathers,0.7286585365853658,0.8029020556227328,0.899818949909475,0.9160214413341274,0.9260817307692308,0.9264354066985646,0.8904593639575972,0.8535108958837773,0,0.7844202898550725
Geno Atkins,0.5783274440518257,0.8432203389830508,0.9565217391304348,0.964050329538646,0.9296362552176506,0.8919881305637982,0.9266862170087976,0.9439252336448598,0,0.9260355029585798
Akeem Spence,0.6051527860994608,0.7304710793082886,0.7382789317507419,0.7348973607038123,0.7464953271028038,0.7857988165680473,0.7710196779964222,0.6456876456876457,0,0.4887866589994249
Danny Amendola,0.1919856459330143,0.2597173144876325,0.2294188861985472,0.1280193236714976,0.0575194727381665,0.0524746571258199,0.0409495548961424,0.1008797653958944,0,0.2248831775700934
Keith McKenzie,0.0688468158347676,0.1055276381909547,0.4804560260586319,0.6037441497659907,0.8830882352941176,0.829088471849866,0.757498404594767,0.6093943139678616,1,
Johnnie Gray,0.1255605381165919,0.7634854771784232,0.8267716535433071,0.9227941176470588,0.8292682926829268,0.933993399339934,0.7085889570552147,0.6559633027522935,0,0.5069306930693069
Gilbert Brown,0.2060491493383743,0.2133105802047781,0.3941480206540447,0.3852596314907873,0.3941368078175896,0.2152886115444617,0.0235294117647058,0.5013404825737265,0,0.5851946394384173
Marvin Jones2,0.1630434782608695,0.396045536249251,0.3756708407871199,0.4130563798219585,0.3466275659824047,0.3189252336448598,0.1159763313609467,0.2731067382230173,0,0.31002331002331
Jason Belser,0.3996282527881041,0.7381404174573055,0.8241965973534972,0.8293515358361775,0.9018932874354562,0.9681742043551088,0.973941368078176,0.8814352574102964,0,0.9147058823529411
Keith Ferguson,0.4380733944954128,0.6158415841584158,0.7837837837837838,0.7818853974121996,0.8823529411764706,0.8883928571428571,0.8547169811320755,0.624765478424015,0,0.4596622889305816
Matt Forte,0.180889423076923,0.3899521531100478,0.4075382803297998,0.3976997578692494,0.3460144927536231,0.420611144397843,0.3941562313655337,0.3964391691394658,0,0.3348973607038123
Ahmad Bradshaw,0.5229303156640858,0.5997596153846154,0.6034688995215312,0.6171967020023557,0.5441888619854721,0.553743961352657,0.3600958657878969,0.1991651759093619,1,
Scott Fujita,0.6151882578174857,0.8046971569839307,0.8914634146341464,0.9135429262394196,0.9191309595654796,0.9446098868374032,0.9519230769230768,0.9246411483253588,0,0.9216725559481744
Corey Miller,0.099437148217636,0.4405204460966542,0.8159392789373814,0.8374291115311909,0.71160409556314,0.4561101549053356,0.4070351758793969,0.4136807817589576,0,0.3088923556942278
Allen Bailey,0.5326876513317191,0.5917874396135265,0.6662672258837627,0.7346451997614788,0.8415430267062315,0.827565982404692,0.8095794392523364,0.8591715976331361,0,0.8729874776386404
Riley Reiff,0.1068840579710145,0.1378070701018574,0.1419200954084675,0.1643916913946587,0.1888563049853372,0.1536214953271028,0.0449704142011834,0.1067382230172927,0,0.0571095571095571
Ron Edwards,0.4316353887399464,0.7243139757498405,0.7595797280593325,0.8073170731707318,0.6819830713422007,0.6807483403741702,0.6855270994639666,0.7019230769230769,0,0.6961722488038278
Kevin Lewis,0.1894934333958724,0.3339587242026266,0.3364312267657992,0.1897533206831119,0.0699432892249527,0.0631399317406143,0.06368330464716,0.0586264656616415,0,0.0684039087947882
Datone Jones,0.6201318154583583,0.7060226595110316,0.7543026706231454,0.7513196480938417,0.6501168224299065,0.5242603550295858,0.0363744782349433,0.1829836829836829,1,
Laken Tomlinson,0.1329376854599406,0.1401759530791788,0.1664719626168224,0.129585798816568,0.2403100775193798,0.1491841491841491,0.1581368602645198,0.0178997613365155,0,0.1394472361809045
DeAndre Houston-Carson,0.306158357771261,0.4433411214953271,0.4946745562130177,0.4919499105545617,0.5891608391608392,0.6877515813686026,0.7589498806682577,0.7832914572864321,1,
Frank Warren,0.0321100917431192,0.1465346534653465,0.2027027027027027,0.2846580406654344,0.3253676470588235,0.5074404761904762,0.3339622641509434,0.3808630393996248,0,0.2945590994371482
Mario Williams,0.6928183464091732,0.9213817748659916,0.9849759615384616,0.9904306220095692,0.9740871613663132,0.9164648910411622,0.913647342995169,0.9376872378669864,0,0.9821109123434704
Jimmy Kennedy,0.2200247218788628,0.4640243902439024,0.6674727932285369,0.7386843693421846,0.7397260273972602,0.6628605769230769,0.6279904306220095,0.6425206124852768,0,0.6065375302663438
Sam Cowart,0.4820846905537459,0.6926677067082684,0.9588235294117649,0.9088471849865952,0.9036375239310784,0.8566131025957973,0.8835365853658537,0.8573155985489722,1,
Rashean Mathis,0.6600741656365884,0.8286585365853658,0.9474002418379686,0.9746529873264936,0.9594997022036926,0.9735576923076924,0.9539473684210528,0.9623085983510012,0,0.8650121065375302
Chris Snee,0.0918984280532043,0.048280024140012,0.1274568195354377,0.2728365384615384,0.3277511961722488,0.3716136631330977,0.3177966101694915,0.3907004830917874,1,
Ronnie Bradford,0.1214421252371916,0.2589792060491493,0.2593856655290102,0.387263339070568,0.5393634840871022,0.7280130293159609,0.6021840873634945,0.8147058823529412,0,0.7707774798927614
Sam Aiken,0.1279357231149567,0.3554878048780487,0.567714631197098,0.5733252866626434,0.5818939845145921,0.4555288461538461,0.56877990430622,0.5618374558303887,1,
Justin Smith,0.7721179624664879,0.8889597957881302,0.899876390605686,0.7948084054388134,0.8432926829268292,0.919588875453446,0.9674109837054918,0.9374627754615844,0,0.9483173076923076
Leodis McKelvin,0.7133413461538461,0.72188995215311,0.8144876325088339,0.7463680387409201,0.7771739130434783,0.7795086878370282,0.8199165175909362,0.8362017804154303,0,0.8791788856304985
Mike Hartenstine,0.2780082987551867,0.2637795275590551,0.2647058823529412,0.0278745644599303,0.0462046204620462,0.0552147239263803,0.2339449541284403,0.7465346534653465,0,0.8667953667953668
Ben Hamilton,0.1289087428206764,0.1915945611866502,0.275,0.2515114873035066,0.2981291490645745,0.1804645622394282,0.1941105769230769,0.104066985645933,0,0.163133097762073
Bobby Taylor,0.3447098976109215,0.5335628227194492,0.6649916247906198,0.5309446254071661,0.62402496099844,0.8625,0.935656836461126,0.9534141671984684,0,0.9011124845488258
Greg Lloyd,0.020754716981132,0.3714821763602251,0.5422138836772983,0.7448405253283302,0.637546468401487,0.5351043643263758,0.5935727788279773,0.7150170648464164,0,0.6557659208261618
Billy Winn,0.6413043478260869,0.7357699221090473,0.8056052474657126,0.7602373887240356,0.7565982404692082,0.6401869158878505,0.557396449704142,0.0363744782349433,0,0.3857808857808857
Aaron Kampman,0.5443522654754308,0.7478368355995055,0.8585365853658536,0.9480048367593712,0.9812914906457452,0.9904705181655749,0.9879807692307692,0.9407894736842104,0,0.8786808009422851
Marco Coleman,0.4702602230483271,0.6641366223908919,0.8657844990548205,0.8430034129692833,0.8209982788296041,0.7370184254606366,0.742671009771987,0.8252730109204368,0,0.9441176470588236
Thomas Benson,0.1640926640926641,0.243992606284658,0.6194852941176471,0.7157738095238095,0.5773584905660377,0.7448405253283302,0.6960600375234521,0.8330206378986866,1,
Kedric Golston,0.5950512975256488,0.6384752829064919,0.7007211538461539,0.7212918660287081,0.7550058892815077,0.7518159806295399,0.6932367149758454,0.683043738765728,0,0.569469290399523
Kendrick Lewis,0.7131919905771495,0.8916464891041163,0.8973429951690821,0.8687837028160575,0.889087656529517,0.9169139465875372,0.913782991202346,0.705607476635514,0,0.6076923076923076
Brian Young,0.4485294117647059,0.7439678284182306,0.7964262922782387,0.9029666254635352,0.8615853658536585,0.8579201934703748,0.8207604103802052,0.7957117331745086,0,0.7908653846153846
Russell Wilson,0.1068840579710145,0.4931096464949071,0.4770423375074538,0.4783382789317507,0.3818181818181818,0.5549065420560748,0.5366863905325444,0.5259391771019678,0,0.1695804195804195
Brock Marion,0.2409867172675522,0.4064272211720227,0.7901023890784983,0.7056798623063684,0.5912897822445561,0.0684039087947882,0.4680187207488299,0.8705882352941177,0,0.9859249329758714
Alvin McKinley,0.4110294117647058,0.485254691689008,0.5309508615188258,0.5964153275648949,0.6902439024390243,0.7974607013301088,0.8298129149064575,0.7903513996426444,1,
Brandon Williams,0.1042287075640262,0.1033653846153846,0.1160287081339712,0.2597173144876325,0.2294188861985472,0.2524154589371981,0.10964649490713,0.1396045536249251,0,0.2731067382230173
Dexter Coakley,0.5041876046901173,0.7182410423452769,0.9001560062402496,0.9257352941176472,0.9571045576407506,0.9476707083599234,0.969097651421508,0.9170731707317074,0,0.8518742442563483
Travis Taylor,0.175,0.3150134048257372,0.3120612635609445,0.3739184177997527,0.2554878048780488,0.2702539298669891,0.1188895594447797,0.1852293031566408,1,
Mike Wagner,0.3941605839416058,0.8390804597701149,0.984924623115578,0.9705882352941176,0.9461883408071748,0.7842323651452282,0.6889763779527559,0.4448529411764705,0,0.5749128919860628
Hines Ward,0.4080882352941176,0.4028150134048257,0.408423739629866,0.3529048207663782,0.3414634146341463,0.3343409915356711,0.3283041641520821,0.2829064919594997,0,0.2878605769230769
Tommie Harris,0.6365853658536585,0.7103990326481258,0.7893783946891973,0.8123883263847528,0.8365384615384616,0.8450956937799043,0.7785630153121319,0.7106537530266344,1,
Brian Kelly,0.2003257328990228,0.3806552262090483,0.7808823529411765,0.8022788203753352,0.9081046585832802,0.8671199011124846,0.9335365853658536,0.8796856106408706,0,0.8702474351237176
Takeo Spikes,0.3631921824104234,0.7675507020280812,0.9544117647058824,0.9886058981233244,0.97702616464582,0.988257107540173,0.9932926829268292,0.985489721886336,0,0.9589619794809896
Ovie Mughelli,0.2428924598269468,0.2701219512195122,0.4383313180169286,0.4966807483403742,0.5050625372245384,0.4891826923076923,0.4413875598086124,0.4658421672555948,0,0.4564164648910411
Mike Wahle,0.2588235294117647,0.2707774798927614,0.3292916400765794,0.3090234857849196,0.2676829268292683,0.1958887545344619,0.2607121303560651,0.240023823704586,0,0.2518028846153846
Kyle Clifton,0.2972972972972973,0.7282809611829945,0.9411764705882352,0.8898809523809523,0.5018867924528302,0.6041275797373359,0.8255159474671669,0.9437148217636022,0,0.8977695167286245
Troy Wilson,0.09375,0.0528301886792452,0.0581613508442776,0.0375234521575985,0.0431519699812382,0.0594795539033457,0.1840607210626186,0.277882797731569,0,0.295221843003413
Kirk Cousins,0.1068840579710145,0.0575194727381665,0.0524746571258199,0.0409495548961424,0.039882697947214,0.1226635514018691,0.129585798816568,0.1192605843768634,0,0.2558275058275058
Rodney Harrison,0.3873720136518771,0.7710843373493976,0.9631490787269682,0.99185667752443,0.9485179407176288,0.9823529411764704,0.982573726541555,0.9929802169751116,0,0.9783683559950556
Troy Polamalu,0.638442521631644,0.8768292682926829,0.969770253929867,0.984308992154496,0.9600952948183442,0.955528846153846,0.9258373205741628,0.9734982332155476,0,0.9673123486682808
Raylee Johnson,0.10586011342155,0.2935153583617747,0.3855421686746988,0.4120603015075377,0.5179153094462541,0.7706708268330733,0.8698529411764706,0.9323056300268096,0,0.8959795788130185
Larry Fitzgerald,0.0918984280532043,0.1188895594447797,0.3787969029184038,0.3870192307692308,0.4300239234449761,0.4157832744405182,0.4231234866828087,0.4136473429951691,0,0.4307968843618933
Jarret Johnson,0.4388133498145859,0.6445121951219512,0.7285368802902056,0.7646348823174411,0.7992852888624181,0.8653846153846154,0.9354066985645934,0.9487632508833922,0,0.937046004842615
Eric Wright1,0.2852760736196319,0.4082568807339449,0.7801980198019802,0.6467181467181468,0.5822550831792976,0.119485294117647,0.0758928571428571,0.1037735849056603,0,0.2420262664165103
Jamar Taylor,0.2240862792091072,0.507453786523554,0.6445103857566765,0.8070381231671554,0.8615654205607477,0.8443786982248521,0.7322599880739415,0.7406759906759907,1,
Paul Kruger,0.5980861244019139,0.6213191990577149,0.7421307506053268,0.8448067632850241,0.9089275014979028,0.9767441860465116,0.9525222551928784,0.9360703812316716,1,
Jason Verrett,0.5503875968992248,0.7863501483679525,0.8258064516129032,0.8072429906542056,0.5408284023668639,0.1192605843768634,0.6765734265734266,0.6848763657274296,1,
Darryl Tapp,0.7181653590826795,0.8951756998213222,0.9639423076923076,0.9491626794258372,0.9069493521790342,0.8232445520581114,0.7789855072463768,0.7207908927501497,0,0.6469886702444841
Corey Williams,0.6152439024390244,0.6795646916565901,0.8008449004224502,0.8850506253722454,0.9056490384615384,0.8917464114832536,0.8409893992932862,0.8244552058111381,0,0.7922705314009661
Josh Robinson,0.7022946859903382,0.7837028160575195,0.8574836016696482,0.7554896142433234,0.7120234604105572,0.5730140186915887,0.5899408284023668,0.5629099582587954,1,
Travis Kirschke,0.188767550702028,0.6279411764705882,0.6581769436997319,0.6132737715379707,0.6501854140914709,0.651829268292683,0.6922611850060459,0.6831623415811708,0,0.7236450268016676
John Cannon,0.2356435643564356,0.4227799227799227,0.5767097966728281,0.6158088235294118,0.7574404761904762,0.6735849056603773,0.5722326454033771,0.4071294559099437,1,
Donnie Edwards,0.1755593803786574,0.6532663316582915,0.8892508143322475,0.9953198127925116,0.9955882352941176,0.9919571045576407,0.9853222718570516,0.9876390605686032,0,0.9951219512195122
Matt Bosher,0.4037530266343825,0.4679951690821256,0.481725584182145,0.4418604651162791,0.4112759643916914,0.4346041055718475,0.4375,0.4556213017751479,1,
Antonio Brown,0.1996466431095406,0.3220338983050847,0.4039855072463768,0.4038346315158778,0.3601669648181276,0.4,0.4029325513196481,0.3656542056074766,0,0.3106508875739645
Dont'a Hightower,0.6582125603864735,0.7825044937088077,0.8884913536076327,0.8824925816023739,0.8897360703812317,0.8160046728971962,0.823076923076923,0.8372093023255814,0,0.8193473193473193
David DeCastro,0.1068840579710145,0.1378070701018574,0.2128801431127012,0.2902077151335311,0.2944281524926686,0.3171728971962617,0.2775147928994083,0.2880143112701252,1,
Mike Rucker,0.204368174726989,0.7051470588235295,0.896112600536193,0.9700063816209316,0.9864029666254636,0.9664634146341464,0.9619105199516323,0.9305974652987328,0,0.939249553305539
Deion Sanders,0.3752345215759849,0.7842401500938087,0.9737335834896812,0.9795539033457248,0.969639468690702,0.9678638941398866,0.9368600682593856,0.8760757314974182,0,0.6968174204355109
Eddie Robinson,0.3197026022304832,0.4667931688804554,0.44234404536862,0.6825938566552902,0.7246127366609294,0.8542713567839196,0.760586319218241,0.8471138845553822,0,0.9272058823529412
Keith Bulluck,0.6625,0.8083109919571045,0.9374601148691768,0.9913473423980222,0.9957317073170732,0.998186215235792,0.9945684972842488,0.9863013698630136,0,0.9675480769230768
Ian Gold,0.6213235294117647,0.7680965147453083,0.8921506062539886,0.8943139678615575,0.8939024390243903,0.9105199516324064,0.9130959565479784,0.9344848123883264,1,
Larry McGrew,0.0573394495412844,0.1702970297029703,0.1486486486486486,0.1349353049907578,0.2683823529411764,0.3988095238095238,0.3188679245283018,0.1632270168855534,1,
Jimmy Wilkerson,0.4505562422744129,0.5158536585365854,0.6051995163240629,0.616173808086904,0.6372840976771889,0.7277644230769231,0.8606459330143541,0.85924617196702,1,
Kam Chancellor,0.607773851590106,0.8631961259079903,0.9221014492753624,0.9712402636309168,0.9463327370304114,0.9608308605341246,0.9425219941348972,0.9100467289719626,1,
George Koonce,0.3382899628252788,0.6223908918406073,0.7731568998109641,0.7969283276450512,0.8537005163511188,0.711892797319933,0.6938110749185668,0.2917316692667707,0,0.8058823529411765
Bernard Pollard,0.5612552806276403,0.7748659916617034,0.9098557692307692,0.9874401913875598,0.9917550058892816,0.9915254237288136,0.9655797101449276,0.9430796884361894,0,0.8723911747167561
James Hunter,0.7759336099585062,0.9409448818897638,0.9595588235294118,0.7770034843205574,0.735973597359736,0.6104294478527608,0.5022935779816514,0.2454128440366972,1,
Prince Amukamara,0.5199757869249395,0.6618357487922706,0.8585979628520072,0.9200954084675016,0.941839762611276,0.8545454545454545,0.8002336448598131,0.8828402366863906,0,0.9087656529516994
Rich Milot,0.396039603960396,0.2668711656441718,0.591743119266055,0.6455445544554456,0.7760617760617761,0.7911275415896488,0.8253676470588235,0.8214285714285714,1,
Chester Pitts,0.0727504786215698,0.1279357231149567,0.2774390243902439,0.2896009673518742,0.2739891369945685,0.1882072662298987,0.1604567307692307,0.2314593301435406,1,
Jabari Greer,0.5048780487804878,0.6197097944377267,0.6421243210621606,0.7331745086360929,0.8431490384615384,0.9072966507177034,0.9346289752650176,0.8813559322033898,0,0.8756038647342995
DeAngelo Hall,0.7018292682926829,0.880894800483676,0.9535304767652384,0.969029184038118,0.958533653846154,0.9503588516746412,0.978798586572438,0.9788135593220338,0,0.9830917874396136
Burgess Owens,0.236180904522613,0.7058823529411765,0.8071748878923767,0.7427385892116183,0.5196850393700787,0.8272058823529411,0.9581881533101044,0.976897689768977,0,0.9386503067484664
DeAngelo Williams,0.0941460470730235,0.1399642644431209,0.2409855769230769,0.2673444976076555,0.2208480565371024,0.137409200968523,0.1739130434782608,0.231276213301378,0,0.1419200954084675
Tony Richardson,0.3102941176470588,0.1963806970509383,0.1550733886407147,0.1279357231149567,0.1115853658536585,0.1082224909310761,0.0325890162945081,0.1042287075640262,0,0.1442307692307692
Jason Craft,0.5117647058823529,0.6662198391420912,0.8149329929802169,0.8380716934487021,0.8146341463414634,0.8349455864570737,0.8334339167169583,0.8659916617033949,0,0.8912259615384616
Kevin Burnett,0.5054413542926239,0.75980687990344,0.8088147706968434,0.8491586538461539,0.8110047846889952,0.9358068315665488,0.9612590799031476,0.9752415458937198,0,0.956860395446375
William Whitehead,0.2745709828393136,0.7147058823529412,0.7734584450402144,0.7651563497128271,0.7626699629171817,0.750609756097561,0.7182587666263603,0.6258298129149065,1,
Tyler Brayton,0.6341161928306551,0.7518292682926829,0.7835550181378477,0.7754978877489439,0.7057772483621203,0.7710336538461539,0.8618421052631579,0.8704358068315665,0,0.8153753026634383
Rod Woodson,0.4285714285714285,0.7018867924528301,0.9324577861163228,0.9643527204502814,0.9587242026266416,0.966542750929368,0.986717267552182,0.998109640831758,0,0.9726962457337884
Edgerrin James,0.3102941176470588,0.306970509383378,0.3005743458838545,0.2558714462299135,0.2359756097560975,0.2515114873035066,0.2703681351840676,0.2430017867778439,1,
Courtney Brown,0.6448529411764706,0.7412868632707775,0.7913209955328654,0.7972805933250927,0.7365853658536585,0.717049576783555,0.5648762824381413,0.6164383561643836,0,0.5180288461538461
Darius Holland,0.1399317406143344,0.1308089500860585,0.1306532663316583,0.0684039087947882,0.2886115444617784,0.7345588235294118,0.7526809651474531,0.6598596043395022,0,0.5173053152039555
Israel Idonije,0.5091463414634146,0.596130592503023,0.6650573325286663,0.6861226920786182,0.7265625,0.7541866028708134,0.8881036513545347,0.9303874092009684,0,0.9595410628019324
Brian Winters,0.10964649490713,0.0649970184853905,0.0528189910979228,0.039882697947214,0.0420560747663551,0.1159763313609467,0.1067382230172927,0.1695804195804195,1,
Jamal Williams,0.2133550488599348,0.3104524180967238,0.7213235294117647,0.6890080428954424,0.7249521378430122,0.715698393077874,0.7695121951219512,0.7575574365175333,0,0.783946891973446
Ryan Grant,0.3097081596188207,0.3088942307692308,0.3349282296650718,0.0400471142520612,0.0405569007263922,0.0440821256038647,0.0437387657279808,0.1282051282051282,0,0.3270029673590504
Anquan Boldin,0.1915945611866502,0.275,0.3742442563482466,0.40012070006035,0.372840976771888,0.3816105769230769,0.3618421052631579,0.411660777385159,0,0.3728813559322034
Bill Johnson,0.2862453531598513,0.3700189753320683,0.5330812854442344,0.3976109215017064,0.406196213425129,0.4154103852596315,0.5456026058631922,0.5351014040561622,1,
Gerald McCoy,0.6036513545347467,0.6253026634382567,0.7342995169082126,0.81725584182145,0.8861061419200954,0.9014836795252226,0.8973607038123167,0.8948598130841121,0,0.8615384615384616
Benjamin Watson,0.1390568319226118,0.2884731442365721,0.2733770101250744,0.2770432692307692,0.2033492822966507,0.306831566548881,0.2905569007263922,0.2626811594202898,0,0.1839424805272618
Jim Lynch,0.696969696969697,0.5912408759124088,0.5057471264367817,0.3165829145728643,0.1274509803921568,0.1524663677130044,0.2406639004149377,0.4724409448818897,1,
Ike Reese,0.344773790951638,0.6757352941176471,0.7962466487935657,0.7504786215698788,0.8034610630407911,0.8140243902439024,0.7896009673518742,0.7356668678334339,1,
Tyrone Crawford,0.4897342995169082,0.4925104853205512,0.6821705426356589,0.7548961424332344,0.852199413489736,0.8738317757009346,0.8804733727810651,0.817531305903399,0,0.7581585081585082
Fred Robbins,0.4735294117647058,0.6112600536193029,0.6566687938736439,0.7249690976514215,0.825,0.8464328899637243,0.9070609535304768,0.8731387730792138,0,0.9002403846153846
David Harris,0.8070279928528886,0.8725961538461539,0.9760765550239234,0.9646643109540636,0.9891041162227604,0.9746376811594204,0.9700419412822048,0.9654144305307096,0,0.9744807121661722
Al Harris1,0.3312883435582822,0.4220183486238532,0.4811881188118811,0.3725868725868725,0.266173752310536,0.1948529411764706,0.1741071428571428,0.1792452830188679,0,0.2795497185741088
Eric Hill,0.0262664165103189,0.1069418386491557,0.1350844277673546,0.0947955390334572,0.0929791271347248,0.1172022684310018,0.1723549488054607,0.144578313253012,0,0.0938023450586264
Wes Hopkins,0.396039603960396,0.7799227799227799,0.9722735674676524,0.9301470588235294,0.7217261904761905,0.6490566037735849,0.8311444652908068,0.9455909943714822,0,0.924953095684803
Mark Simoneau,0.5669117647058823,0.7198391420911529,0.7683471601786854,0.8665018541409147,0.8640243902439024,0.8748488512696493,0.8183464091732046,0.8010720667063729,0,0.7542067307692307
Mason Crosby,0.2930315664085765,0.3713942307692308,0.4252392344497607,0.3957597173144876,0.4836561743341404,0.4993961352657005,0.5134811264230078,0.3709004174120453,0,0.5258160237388724
Justin Tuck,0.6027811366384522,0.6179843089921545,0.8368076235854676,0.9603365384615384,0.993421052631579,0.9982332155477032,0.9921307506053268,0.9788647342995168,0,0.9047333732774115
Patrick Chung,0.6441387559808612,0.8486454652532391,0.8958837772397095,0.9009661835748792,0.8334331935290593,0.8360166964818128,0.8451038575667655,0.8891495601173021,0,0.9106308411214952
Nelson Agholor,0.2124629080118694,0.3196480938416422,0.3615654205607476,0.3704142011834319,0.3202146690518783,0.2138694638694638,0.1385853939045428,0.1491646778042959,0,0.2016331658291457
Gary Stills,0.475,0.5583109919571045,0.6847479259731972,0.826946847960445,0.8579268292682927,0.8325272067714631,0.7266143633071817,0.7039904705181655,0,0.6899038461538461
Todd McClure,0.175,0.2794906166219839,0.3248245054243778,0.3250927070457354,0.2524390243902439,0.1958887545344619,0.2806276403138201,0.2602739726027397,0,0.2193509615384615
Terry Kinard,0.3722772277227723,0.5868725868725869,0.8373382624768947,0.8915441176470589,0.9672619047619048,0.9735849056603774,0.9831144465290806,0.9662288930581614,1,
Antonio Cromartie,0.4888352444176222,0.8957712924359738,0.953125,0.9688995215311004,0.9028268551236748,0.9182808716707022,0.945048309178744,0.9370880766926304,0,0.9344066785927252
Carnell Lake,0.4690431519699812,0.6135084427767354,0.7279549718574109,0.5966542750929368,0.8273244781783681,0.9092627599243857,0.9215017064846416,0.9259896729776248,0,0.9581239530988276
Andre Roberts,0.3268765133171913,0.3556763285024155,0.3642899940083882,0.2409063804412641,0.2255192878338278,0.2234604105571847,0.0420560747663551,0.1159763313609467,1,
Ike Taylor,0.5111248454882571,0.6067073170731707,0.7412333736396615,0.8292094146047073,0.9338892197736748,0.916466346153846,0.9090909090909092,0.8680800942285041,0,0.8753026634382567
Julian Stanford,0.4981884057971014,0.5176752546434991,0.5026833631484794,0.3335311572700297,0.4956011730205278,0.5636682242990654,0.6615384615384615,0.6577221228384019,0,0.6404428904428905
Tony Carter,0.3985294117647059,0.3753351206434316,0.4722399489470325,0.4524103831891223,0.4341463414634146,0.0326481257557436,0.0325890162945081,0.0327575938058368,0,0.0372596153846153
Ricardo McDonald,0.0799256505576208,0.1024667931688804,0.1285444234404537,0.2303754266211604,0.3270223752151463,0.3182579564489112,0.257328990228013,0.1232449297971918,1,
Bill Maas,0.1833976833976834,0.4916820702402957,0.7150735294117647,0.9508928571428572,0.8660377358490566,0.7279549718574109,0.3864915572232645,0.373358348968105,0,0.4182156133828996
Deshea Townsend,0.6,0.7164879356568364,0.7989789406509253,0.8411619283065513,0.926219512195122,0.939540507859734,0.9263729631864815,0.8624181060154854,0,0.8419471153846154
Kevin Ross,0.584942084942085,0.8391866913123844,0.9816176470588236,0.9657738095238096,0.9056603773584906,0.8198874296435272,0.8724202626641651,0.8424015009380863,0,0.8940520446096655
Antrel Rolle,0.6045949214026602,0.7706698853349426,0.9386539606908876,0.9579326923076924,0.9742822966507176,0.9428739693757362,0.9624697336561744,0.9637681159420288,0,0.9856201318154584
Landon Collins,0.7246290801186943,0.9542521994134896,0.9883177570093458,0.985207100591716,0.9463327370304114,0.9178321678321678,0.9522714203565268,0.9248210023866348,1,
Devonta Freeman,0.2957662492546213,0.3418397626112759,0.3612903225806451,0.2914719626168224,0.1893491124260355,0.3381037567084078,0.2587412587412587,0.2903967797584819,1,
Pierson Prioleau,0.6786764705882353,0.7654155495978552,0.8328015315890236,0.7978986402966626,0.7817073170731708,0.7992744860943168,0.7374773687386844,0.7427039904705182,0,0.6153846153846154
Hunter Smith,0.175,0.3364611260053619,0.3350350989151244,0.3108776266996291,0.449390243902439,0.4540507859733978,0.4610742305371152,0.1882072662298987,0,0.1604567307692307
Robert Bailey,0.4312267657992565,0.5540796963946869,0.5368620037807184,0.2764505119453925,0.0929432013769363,0.440536013400335,0.4462540716612377,0.6552262090483619,0,0.7455882352941177
John Sullivan,0.0873205741626794,0.1996466431095406,0.1773607748184019,0.2566425120772946,0.1252246854403834,0.1323792486583184,0.0409495548961424,0.039882697947214,0,0.0420560747663551
A.J. Klein,0.5781905332534452,0.6368515205724508,0.743620178041543,0.7624633431085044,0.8008177570093458,0.8165680473372781,0.8843172331544424,0.9085081585081584,0,0.8815411155836688
Chris Kluwe,0.1390568319226118,0.1092335546167773,0.1762954139368671,0.1033653846153846,0.1160287081339712,0.1012956419316843,0.2052058111380145,0.2717391304347826,1,
Matt Wilhelm,0.1279357231149567,0.5237804878048781,0.6825876662636033,0.7054918527459264,0.8326384752829065,0.8191105769230769,0.8217703349282297,0.657243816254417,1,
Jason Simmons,0.6169117647058824,0.6387399463806971,0.7121888959795788,0.6489493201483313,0.7335365853658536,0.7273276904474002,0.7688593844296923,0.6908874329958309,1,
Ndamukong Suh,0.8297997644287397,0.8716707021791767,0.9233091787439612,0.865787896944278,0.9033989266547406,0.8979228486646884,0.9208211143695014,0.9240654205607476,0,0.9272189349112426
David Johnson,0.2124629080118694,0.2428152492668621,0.2809384164222874,0.2032710280373831,0.2739644970414201,0.2850327966607036,0.2931235431235431,0.242093156986774,1,
Olindo Mare,0.2588235294117647,0.131367292225201,0.3733248245054243,0.4147095179233622,0.4140243902439024,0.4848851269649335,0.484007242003621,0.4705181655747468,0,0.2379807692307692
Ellis Johnson,0.2337883959044368,0.2306368330464716,0.661641541038526,0.7752442996742671,0.8720748829953198,0.9102941176470588,0.8920911528150134,0.8927887683471601,0,0.9017305315203956
Bob Brudzinski,0.2992125984251969,0.5808823529411765,0.6585365853658537,0.5544554455445545,0.7392638036809815,0.8967889908256881,0.9425742574257424,0.88996138996139,0,0.8502772643253235
George Iloka,0.2964975845410628,0.7974835230677052,0.8992248062015504,0.9228486646884272,0.90791788856305,0.883177570093458,0.8609467455621301,0.7334525939177102,0,0.5705128205128205
Nick Harper,0.6796246648793566,0.7192086790044672,0.8881334981458591,0.9030487804878048,0.9425634824667471,0.9022329511164756,0.9249553305539012,0.9146634615384616,0,0.8953349282296651
Cam Newton,0.1856106408706166,0.2371756185878093,0.228707564026206,0.0865384615384615,0.0370813397129186,0.0400471142520612,0.1035108958837772,0.1165458937198067,0,0.2354703415218693
Charles Grant,0.791959157626037,0.9375772558714462,0.9920731707317072,0.9818621523579202,0.9704284852142426,0.9142346634901728,0.8798076923076923,0.8289473684210527,1,
Michael Carter~,0.0637065637065637,0.2070240295748613,0.2628676470588235,0.3482142857142857,0.2792452830188679,0.2326454033771107,0.298311444652908,0.0469043151969981,0,0.0743494423791821
Jason Jones,0.7271634615384616,0.7978468899521531,0.8981154299175501,0.851089588377724,0.842391304347826,0.7309766327142001,0.774597495527728,0.8011869436201781,0,0.8715542521994135
Santana Moss,0.1233243967828418,0.1391193363114231,0.2484548825710754,0.275,0.2847642079806529,0.2703681351840676,0.2430017867778439,0.2806490384615384,0,0.333133971291866
Peter Boulware,0.5008375209380235,0.741042345276873,0.8876755070202809,0.9397058823529412,0.9805630026809652,0.9795788130185068,0.992583436341162,0.9292682926829268,0,0.845223700120919
Frank Minnifield,0.2451737451737451,0.4713493530499076,0.6985294117647058,0.8660714285714286,0.8528301886792453,0.8630393996247655,0.7335834896810507,0.5609756097560976,0,0.433085501858736
Ellis Wyms,0.2446380697050938,0.7147415443522654,0.7762669962917181,0.7914634146341464,0.727932285368803,0.7392878696439348,0.7671232876712328,0.7457932692307693,1,
Justin Bethel,0.4516908212560386,0.5332534451767525,0.6511627906976745,0.8338278931750742,0.9296187683284456,0.9602803738317756,0.8863905325443787,0.7972570065593322,0,0.6282051282051282
Don Griffin,0.3069852941176471,0.6473214285714286,0.5792452830188679,0.5816135084427767,0.5684803001876173,0.776735459662289,0.8308550185873605,0.7703984819734345,0,0.8071833648393195
Ryan Kelly,0.1612903225806451,0.1308411214953271,0.2071005917159763,0.2164579606440071,0.2138694638694638,0.1581368602645198,0.0178997613365155,0.079145728643216,1,
Mo Lewis,0.3977485928705441,0.8587360594795539,0.9449715370018976,0.996219281663516,1.0,0.9879518072289156,0.9380234505862648,0.9022801302931596,0,0.967238689547582
Derrick Brooks,0.4180887372013652,0.6660929432013769,0.897822445561139,0.9381107491856676,0.984399375975039,1.0,0.9973190348525468,0.9993618379068284,0,0.9975278121137208
Tracy Simien,0.3977485928705441,0.6728624535315985,0.5863377609108159,0.3667296786389414,0.3600682593856655,0.5008605851979346,0.507537688442211,0.2882736156351791,0,0.1762870514820592
Lonnie Young,0.3567467652495379,0.5753676470588235,0.8824404761904762,0.7981132075471699,0.7898686679174484,0.5647279549718575,0.5966228893058161,0.345724907063197,0,0.413662239089184
Lousaka Polite,0.0975609756097561,0.2460701330108827,0.2414001207000603,0.3317450863609291,0.3269230769230769,0.3666267942583732,0.3091872791519434,0.2572639225181598,1,
Vincent Jackson,0.1390568319226118,0.2751961375980688,0.2578916021441334,0.2169471153846154,0.1537081339712918,0.163133097762073,0.2941888619854721,0.3931159420289855,0,0.451168364289994
John Gilmore,0.1915945611866502,0.4378048780487805,0.4546553808948005,0.4550392275196138,0.3680762358546754,0.3521634615384615,0.3654306220095694,0.2820965842167255,1,
Tim Bowens,0.4234404536862003,0.6467576791808873,0.7796901893287436,0.7855946398659966,0.6530944625407166,0.5553822152886115,0.6852941176470588,0.7794906166219839,0,0.7626037013401404
Ronald Bartell,0.5090689238210399,0.724200362100181,0.817748659916617,0.8852163461538461,0.8421052631578947,0.803886925795053,0.6428571428571429,0.6177536231884058,1,
Carlton Bailey,0.1763602251407129,0.6172607879924953,0.6848030018761726,0.7211895910780669,0.6850094876660342,0.6427221172022685,0.7252559726962458,0.6058519793459552,1,
Bob Baumhower,0.0625,0.0592334494773519,0.1023102310231023,0.0552147239263803,0.3669724770642202,0.6653465346534654,0.7335907335907336,0.5674676524953789,0,0.3345588235294117
Michael Lewis,0.2969168900804289,0.6873005743458839,0.8079132099553287,0.8559950556242274,0.8213844252163165,0.7920731707317074,0.7896341463414634,0.747279322853688,0,0.7158403869407497
Robert Davis1,0.3522058823529412,0.3840482573726541,0.4352265475430759,0.465389369592089,0.4725609756097561,0.4576783555018138,0.4592637296318648,0.4091721262656343,0,0.3491586538461538
Barry Church,0.582449941107185,0.6156174334140436,0.6564009661835749,0.8490113840623128,0.9332140727489564,0.970919881305638,0.9489736070381232,0.9626168224299064,0,0.942603550295858
Ryan Clark,0.2156987874920229,0.5247218788627935,0.6585365853658537,0.8119709794437727,0.9052504526252264,0.905300774270399,0.8774038461538461,0.8582535885167464,0,0.9122497055359248
Dennis Thurman,0.3088235294117647,0.3693379790940767,0.8613861386138614,0.9754601226993864,0.9954128440366972,0.99009900990099,0.9691119691119692,0.9186691312384472,1,
Sam Madison,0.3249581239530988,0.7149837133550488,0.9095163806552262,0.9926470588235294,0.957774798927614,0.9087428206764518,0.8609394313967862,0.903658536585366,0,0.9032648125755744
Bobby Bell,0.9090909090909092,0.8759124087591241,0.9482758620689656,0.8592964824120602,0.8431372549019608,0.57847533632287,0.4273858921161825,0.0275590551181102,0,0.0183823529411764
Evander Hood,0.4778708133971291,0.6277974087161367,0.6852300242130751,0.7427536231884058,0.7663271420011983,0.7447823494335122,0.6629080118694362,0.6551319648093842,0,0.639018691588785
Duane Brown,0.2253605769230769,0.3397129186602871,0.35924617196702,0.2294188861985472,0.0513285024154589,0.1677651288196525,0.1449016100178891,0.2225519287833827,0,0.1401759530791788
Willie Colon,0.1042287075640262,0.1033653846153846,0.1160287081339712,0.0400471142520612,0.0405569007263922,0.0440821256038647,0.10964649490713,0.2277877161598092,1,
LaRoy Reynolds,0.4715398442180947,0.543231961836613,0.5804154302670623,0.6299120234604105,0.5852803738317757,0.5757396449704142,0.4704830053667262,0.4848484848484848,0,0.4554341575618171
Aaron Rodgers,0.125,0.2033492822966507,0.2208480565371024,0.059322033898305,0.0440821256038647,0.0437387657279808,0.1282051282051282,0.1845697329376854,1,
Michael Sinclair,0.0836431226765799,0.3282732447817836,0.4499054820415879,0.6877133105802048,0.8330464716006885,0.9782244556113904,1.0,1.0,0,0.9970588235294118
Frank Gore,0.0918984280532043,0.2444176222088111,0.3436569386539607,0.3599759615384615,0.3116028708133971,0.2756183745583039,0.1937046004842615,0.1968599033816425,0,0.1180347513481126
Brandin Cooks,0.1806797853309481,0.2955489614243323,0.2973607038123167,0.2348130841121495,0.1816568047337278,0.2367322599880739,0.3356643356643357,0.3300747556066705,1,
Bruce Laird,0.2988505747126437,0.3115577889447236,0.3872549019607843,0.6233183856502242,0.6016597510373444,0.7086614173228346,0.4227941176470588,0.7177700348432056,0,0.8217821782178217
Joe Nedney,0.2969168900804289,0.393107849393746,0.4264524103831891,0.3615853658536585,0.2212817412333736,0.1852745926372963,0.2829064919594997,0.3323317307692308,0,0.3510765550239234
Matt Light,0.1914486279514997,0.2354758961681087,0.2176829268292683,0.1185006045949214,0.1852745926372963,0.1804645622394282,0.1502403846153846,0.0370813397129186,0,0.0400471142520612
Marvin Washington,0.1106941838649155,0.2551594746716698,0.525328330206379,0.6524163568773235,0.7191650853889943,0.7485822306238186,0.8873720136518771,0.8657487091222031,0,0.7604690117252931
Riki Ellison,0.3146718146718146,0.5600739371534196,0.5827205882352942,0.4642857142857143,0.290566037735849,0.2833020637898686,0.3958724202626641,0.1125703564727955,0,0.3977695167286245
Kevin Pierre-Louis,0.4478234943351222,0.5175074183976262,0.5747800586510264,0.6279205607476636,0.6153846153846154,0.6768038163387,0.7115384615384616,0.7038527889591719,0,0.6264916467780429
Anthony Henry,0.8592493297587132,0.9266113592852584,0.9585908529048208,0.901829268292683,0.9214026602176542,0.9414604707302352,0.950565812983919,0.932091346153846,0,0.916866028708134
Ken Stone,0.1407035175879397,0.6911764705882353,0.7085201793721974,0.7925311203319502,0.3464566929133858,0.8860294117647058,0.9442508710801394,0.9867986798679867,1,
Roderick Coleman,0.6323529411764706,0.7567024128686327,0.8723675813656668,0.88442521631644,0.948170731707317,0.9443772672309552,0.9390464695232348,0.8243001786777844,1,
Adrian Phillips,0.1848539057841383,0.6320474777448071,0.7466275659824047,0.8592289719626168,0.8887573964497042,0.8562909958258795,0.8857808857808858,0.9407705577918344,0,0.941527446300716
Eli Manning,0.1620011911852293,0.1604567307692307,0.1770334928229665,0.0400471142520612,0.0405569007263922,0.0440821256038647,0.0437387657279808,0.0429338103756708,0,0.0409495548961424
Sam Mills,0.3527204502814259,0.4427767354596623,0.7917448405253283,0.9628252788104088,0.9772296015180264,0.9792060491493384,0.9931740614334472,1.0,0,0.9966499162479062
Jeff Saturday,0.2588235294117647,0.2707774798927614,0.3024888321633694,0.4857849196538937,0.4878048780487805,0.5411124546553809,0.4894387447193724,0.467540202501489,0,0.1502403846153846
Derek Rackley,0.175,0.0509383378016085,0.2284620293554563,0.2354758961681087,0.2676829268292683,0.1469165659008464,0.2154496077248038,0.3037522334723049,1,
Dexter Manley,0.3990825688073394,0.700990099009901,0.8957528957528957,0.9316081330868762,0.9522058823529412,0.90625,0.8245283018867925,0.7204502814258912,0,0.6060037523452158
Ronnie Lott,0.9079754601226994,0.993119266055046,0.996039603960396,0.9633204633204632,0.9371534195933456,0.9852941176470588,0.9910714285714286,0.9962264150943396,0,0.9662288930581614
Glenn Cadrez,0.189419795221843,0.189328743545611,0.1742043551088777,0.4837133550488599,0.8034321372854915,0.9176470588235294,0.8800268096514745,0.6783663050414805,1,
Shaun Alexander,0.175,0.1595174262734584,0.177409061901723,0.145859085290482,0.1310975609756097,0.1045949214026602,0.100181050090525,0.1042287075640262,1,
Rex Burkhead,0.4036970781156828,0.4712166172106825,0.6129032258064516,0.5963785046728972,0.591715976331361,0.4358974358974359,0.3933566433566433,0.354801610120759,0,0.2416467780429594
Don Carey,0.6325088339222615,0.6343825665859564,0.7681159420289855,0.7567405632115038,0.791293977340489,0.7086053412462908,0.7161290322580646,0.6851635514018691,1,
Will Smith,0.8280487804878048,0.9334945586457074,0.9855159927579964,0.97736748064324,0.9621394230769232,0.972488038277512,0.9599528857479388,0.9630750605326877,0,0.9118357487922706
Todd Lyght,0.123827392120075,0.5,0.5977229601518027,0.720226843100189,0.8020477815699659,0.8967297762478486,0.9413735343383584,0.9429967426710096,0,0.970358814352574
Fletcher Cox,0.6817632850241546,0.7759137207908927,0.9028026237328562,0.968545994065282,0.9841642228739004,0.977803738317757,0.959171597633136,0.958855098389982,0,0.951048951048951
J.R. Sweezy,0.1677651288196525,0.2206320810971973,0.2189910979228486,0.1196480938416422,0.0420560747663551,0.1159763313609467,0.1502683363148479,0.2243589743589743,1,
Joey Galloway,0.1289087428206764,0.265142150803461,0.3414634146341463,0.3343409915356711,0.3922751961375981,0.3400833829660512,0.3161057692307692,0.0370813397129186,0,0.1472320376914016
Ryan Tannehill,0.1068840579710145,0.2043139604553625,0.345855694692904,0.3994065281899109,0.3812316715542522,0.2914719626168224,0.1159763313609467,0.2164579606440071,0,0.2138694638694638
Terrance Mitchell,0.6913946587537092,0.7354838709677419,0.8639018691588785,0.857396449704142,0.8855098389982111,0.87995337995338,0.9005175388154112,0.905727923627685,1,
Dave Duerson,0.2046332046332046,0.5582255083179297,0.9430147058823528,0.9717261904761904,0.9679245283018868,0.874296435272045,0.774859287054409,0.6641651031894934,1,
Ray Lewis,0.3803786574870912,0.7286432160804021,0.9071661237785016,0.9719188767550702,0.9816176470588236,0.9959785522788204,0.9783024888321634,0.9962917181705808,0,0.9859756097560975
Glenn Dorsey,0.6340144230769231,0.7529904306220095,0.8351001177856302,0.8299031476997578,0.7542270531400966,0.7213900539245057,0.6106141920095408,0.627299703264095,0,0.5882697947214076
Dante Wesley,0.5488194001276324,0.6582200247218789,0.6817073170731708,0.7001209189842805,0.6228123114061557,0.6039309112567004,0.6430288461538461,0.694377990430622,0,0.6984687868080094
Skip Vanderbundt,0.5656565656565656,0.5182481751824818,0.8505747126436781,0.7638190954773869,0.7990196078431373,0.6322869955156951,0.6639004149377593,0.5393700787401575,1,
Kailee Wong,0.1254071661237785,0.1216848673946957,0.7419117647058824,0.8599195710455764,0.9170389278876836,0.896168108776267,0.925,0.8863361547762999,0,0.8340374170187085
Kelvin Sheppard,0.6331719128329297,0.7560386473429952,0.8106650689035351,0.7853309481216458,0.7756676557863501,0.7835777126099707,0.8300233644859814,0.749112426035503,1,
Mike Anderson,0.3102941176470588,0.1963806970509383,0.2169751116783663,0.3275648949320148,0.3170731707317073,0.3645707376058041,0.2830416415208208,0.3478260869565217,1,
Mike McCoy,0.1225490196078431,0.1434977578475336,0.1410788381742738,0.3425196850393701,0.6029411764705882,0.7909407665505227,0.7062706270627063,0.5061349693251533,1,
Steve Weatherford,0.1436330718165359,0.1995235259082787,0.3287259615384615,0.3684210526315789,0.3510011778563015,0.3456416464891041,0.3484299516908212,0.3600958657878969,0,0.2665474060822898
Al Woods,0.4858657243816254,0.4915254237288136,0.5241545893719807,0.5775913720790893,0.6362552176505665,0.6593471810089021,0.6486803519061584,0.6740654205607477,0,0.6846153846153846
Chris Maragos,0.1472320376914016,0.4418886198547215,0.5144927536231884,0.5949670461354104,0.631484794275492,0.6403560830860534,0.6287390029325514,0.5665887850467289,1,
Jon Dorenbos,0.0797280593325092,0.401219512195122,0.4316807738814994,0.4405552202776101,0.3948779035139964,0.3317307692307692,0.3809808612440191,0.3627797408716137,0,0.4073849878934624
Rod Martin,0.3201320132013201,0.656441717791411,0.9151376146788992,0.9782178217821782,0.996138996138996,0.9963031423290204,0.9834558823529412,0.9479166666666666,1,
Ty Montgomery,0.1008797653958944,0.0566588785046729,0.244378698224852,0.5271317829457365,0.5221445221445221,0.5457159286946521,0.383054892601432,0.4258793969849246,1,
Eric Swann,0.1726078799249531,0.6301115241635687,0.7172675521821632,0.8563327032136105,0.8276450511945392,0.8709122203098106,0.8458961474036851,0.8208469055374593,0,0.7987519500780031
Corey Fuller1,0.1058020477815699,0.2685025817555938,0.3601340033500838,0.5228013029315961,0.4414976599063963,0.7235294117647059,0.8123324396782842,0.845564773452457,0,0.8059332509270705
Brad Edwards,0.350943396226415,0.50093808630394,0.7054409005628518,0.7523452157598499,0.9200743494423792,0.8956356736242884,0.7391304347826086,0.3464163822525597,0,0.2495697074010327
Broderick Thomas,0.1669793621013133,0.4296435272045028,0.9212007504690432,0.983271375464684,0.9734345351043644,0.9376181474480152,0.8703071672354948,0.8950086058519794,0,0.7269681742043551
Brandon Mebane,0.6146515783204288,0.7740384615384616,0.8259569377990431,0.8186101295641932,0.7209443099273608,0.7717391304347826,0.7986818454164171,0.778175313059034,0,0.7068249258160237
Chris Kelsay,0.4864029666254635,0.7542682926829268,0.8500604594921403,0.9233554616777307,0.9106611078022632,0.8882211538461539,0.8977272727272727,0.908716136631331,0,0.923728813559322
David Thornton,0.5545628589661774,0.757725587144623,0.8786585365853659,0.9274486094316808,0.9149064574532288,0.9332936271590232,0.9224759615384616,0.9013157894736842,1,
Terrell Suggs,0.911619283065513,0.9804878048780488,0.9987908101571948,0.9909474954737476,0.9874925550923168,0.9909855769230768,0.9832535885167464,0.9888103651354536,0,0.9933414043583536
Fakhir Brown,0.5595588235294118,0.5663538873994638,0.6222080408423739,0.6100123609394313,0.7829268292682927,0.7672309552599759,0.8726614363307181,0.8773079213817748,0,0.9266826923076924
Dino Mangiero,0.1023102310231023,0.0766871165644171,0.1215596330275229,0.5108910891089109,0.4594594594594595,0.4066543438077634,0.0330882352941176,0.0625,1,
Zach Thomas,0.6987951807228916,0.8961474036850922,0.998371335504886,0.9859594383775352,0.9838235294117648,0.977882037533512,0.9776643267389916,0.9932014833127316,0,0.9810975609756096
Sean Locklear,0.2357920193470374,0.2860591430295715,0.2650387135199523,0.0865384615384615,0.0370813397129186,0.0400471142520612,0.1035108958837772,0.1739130434782608,1,
Joe Berger,0.0873205741626794,0.3274440518256772,0.3032687651331719,0.2995169082125604,0.2240862792091072,0.2695289206917114,0.3109792284866469,0.2727272727272727,0,0.2634345794392523
Jacques Reeves,0.5018292682926829,0.5870616686819831,0.6077248038624019,0.7176891006551519,0.8617788461538461,0.8965311004784688,0.8362779740871613,0.5865617433414043,0,0.2669082125603865
Tracy Scroggins,0.2546468401486988,0.5578747628083491,0.6635160680529301,0.8327645051194539,0.7228915662650602,0.8274706867671692,0.6791530944625407,0.8159126365054602,0,0.8948529411764706
Lawrence Taylor,0.6042944785276073,0.9472477064220184,0.986138613861386,0.9942084942084942,0.988909426987061,0.9926470588235294,0.9925595238095238,0.9981132075471698,0,0.9962476547842402
Nevin Lawson,0.1282051282051282,0.5495548961424332,0.6639296187683285,0.7897196261682243,0.8023668639053254,0.7728085867620751,0.7983682983682984,0.7837837837837838,1,
Tracy Porter,0.6256009615384616,0.8576555023923444,0.9057714958775028,0.9491525423728814,0.892512077294686,0.9304973037747154,0.8378056052474657,0.8183976261127597,0,0.7982404692082111
Eddie Anderson,0.4732142857142857,0.6075471698113207,0.953095684803002,0.9606003752345216,0.9718574108818012,0.9275092936802974,0.9278937381404174,0.8865784499054821,0,0.8208191126279863
Jon Beason,0.7432995830851697,0.8978365384615384,0.9844497607655502,0.9858657243816256,0.9352300242130752,0.8164251207729468,0.7597363690832835,0.7668455575432319,0,0.7198813056379822
John Randle,0.0562851782363977,0.3808630393996248,0.6951672862453532,0.857685009487666,0.9489603024574668,0.9675767918088736,0.9707401032702238,0.964824120603015,0,0.982084690553746
Josh Thomas,0.4786585365853658,0.6299879081015719,0.6716958358479179,0.7027992852888624,0.6604567307692307,0.6190191387559809,0.519434628975265,0.4782082324455206,0,0.5984299516908212
Corey Peters,0.5647820965842167,0.7312348668280871,0.7711352657004831,0.8274415817855003,0.7680381633870006,0.7204747774480712,0.6392961876832844,0.5870327102803738,0,0.7236686390532544
Fred Marion,0.1742574257425742,0.4555984555984556,0.9426987060998152,0.9724264705882352,0.9895833333333334,0.9660377358490566,0.947467166979362,0.9155722326454032,0,0.8893058161350844
Kwamie Lassiter,0.1686746987951807,0.4355108877721943,0.8241042345276873,0.9422776911076444,0.9830882352941176,0.9865951742627346,0.9757498404594768,0.9721878862793571,0,0.8439024390243902
Marcus Stroud,0.4879356568364611,0.7760051052967454,0.8572311495673671,0.9402439024390244,0.8742442563482467,0.8412794206397103,0.7575938058368076,0.7998798076923077,0,0.8444976076555024
Sam Adams,0.2381852551984877,0.431740614334471,0.657487091222031,0.7453936348408711,0.7980456026058632,0.6521060842433697,0.7669117647058824,0.739946380697051,0,0.7287811104020421
Pernell McPhee,0.6349878934624698,0.6938405797101449,0.7459556620730977,0.7704233750745378,0.8516320474777448,0.8680351906158358,0.8434579439252337,0.7124260355029586,0,0.6863446630888491
Jeff Faine,0.0797280593325092,0.2060975609756097,0.2218863361547763,0.1713940856970428,0.0327575938058368,0.0372596153846153,0.0873205741626794,0.1012956419316843,0,0.059322033898305
Robaire Smith,0.5404411764705882,0.6025469168900804,0.6802807913209955,0.7880098887515451,0.822560975609756,0.8458282950423216,0.7779118889559444,0.7986896962477665,0,0.7259615384615384
Mike Haynes,0.7136929460580913,0.889763779527559,0.9852941176470588,0.9651567944250872,0.9207920792079208,0.558282208588957,0.7155963302752294,0.5900990099009901,0,0.8204633204633205
Marvin Jones1,0.0718336483931947,0.098976109215017,0.1032702237521514,0.1976549413735343,0.1677524429967426,0.2683307332293291,0.7154411764705882,0.878686327077748,0,0.9221442246330568
Mark Campbell,0.175,0.0509383378016085,0.1001914486279515,0.0797280593325092,0.1310975609756097,0.1045949214026602,0.156306578153289,0.0589636688505062,0,0.134014423076923
Tony Brackens,0.6265060240963856,0.8860971524288107,0.9511400651465798,0.998439937597504,0.9977941176470588,1.0,0.9604339502233568,0.9406674907292956,1,
Mel Kaufman,0.3067484662576687,0.6811926605504587,0.8910891089108911,0.9266409266409268,0.9390018484288356,0.7297794117647058,0.7336309523809523,0.4245283018867924,1,
Stephen Bowen,0.452021726010863,0.5199523525908278,0.5871394230769231,0.680622009569378,0.71849234393404,0.7947941888619855,0.7644927536231884,0.7525464349910126,0,0.6088252832438878
Jonathan Stewart,0.180889423076923,0.291866028708134,0.3339222614840989,0.2354721549636803,0.1340579710144927,0.1180347513481126,0.1282051282051282,0.1845697329376854,0,0.1941348973607038
Andre Johnson,0.3182941903584672,0.3841463414634146,0.4081015719467956,0.4073627036813518,0.3907087552114354,0.4044471153846153,0.3947368421052631,0.3828032979976443,0,0.3371670702179177
Damion Square,0.2756141402037148,0.2617769827072153,0.4842729970326409,0.6181818181818182,0.6676401869158879,0.7201183431952662,0.693500298151461,0.6917249417249417,0,0.6204715353651524
T.J. Carrie,0.6386404293381037,0.7192878338278932,0.7882697947214077,0.7856308411214953,0.8088757396449704,0.813953488372093,0.8822843822843823,0.816561242093157,0,0.7595465393794749
Jim LeClair,0.3542600896860987,0.4854771784232365,0.5787401574803149,0.4595588235294117,0.4076655052264808,0.297029702970297,0.1533742331288343,0.2935779816513761,0,0.2831683168316831
Santonio Holmes,0.0941460470730235,0.2048838594401429,0.2139423076923076,0.2314593301435406,0.1996466431095406,0.2905569007263922,0.2626811594202898,0.2456560814859197,1,
Mark McMillian,0.0799256505576208,0.2296015180265654,0.3194706994328922,0.4505119453924914,0.3993115318416523,0.7822445561139029,0.7882736156351792,0.8081123244929798,1,
Terry Taylor,0.2625482625482625,0.6617375231053605,0.7886029411764706,0.8139880952380952,0.7113207547169811,0.7504690431519699,0.701688555347092,0.6228893058161351,0,0.5464684014869888
Eric Weddle,0.6354973198332341,0.8131009615384616,0.9138755980861244,0.9593639575971732,0.9763922518159808,0.9855072463768116,0.9892150988615938,0.9815146094215862,0,0.9477744807121662
Sterling Shepard,0.1612903225806451,0.2663551401869158,0.3449704142011834,0.3476446034585569,0.3455710955710955,0.3530764807360552,0.3072792362768496,0.2481155778894472,1,
Ryan Diem,0.1890080428954423,0.204211869814933,0.2558714462299135,0.248780487804878,0.2672309552599758,0.232347616173808,0.2209648600357355,0.1676682692307692,0,0.1919856459330143
Steve Zabel,0.0802919708029197,0.0632183908045977,0.3768844221105528,0.4166666666666667,0.4798206278026906,0.2987551867219917,0.0275590551181102,0.0625,1,
John Abraham,0.6779411764705883,0.9490616621983914,0.98468410976388,0.9870210135970334,0.9603658536585366,0.9794437726723096,0.983705491852746,0.9833234067897558,0,0.984375
Pete Kendall,0.175,0.0509383378016085,0.1001914486279515,0.0797280593325092,0.1310975609756097,0.1045949214026602,0.100181050090525,0.2167957117331745,1,
Robert Woods,0.3151587777112043,0.4090638044126416,0.428486646884273,0.4046920821114369,0.2914719626168224,0.1704142011834319,0.3321407274895647,0.3659673659673659,0,0.3375503162737205
Rodney Smith,0.1677651288196525,0.2206320810971973,0.2189910979228486,0.1196480938416422,0.0420560747663551,0.0343195266272189,0.0363744782349433,0.0256410256410256,0,0.1207590569292696
Colin Cole,0.3585365853658536,0.6130592503022975,0.7012673506336753,0.7182846932698035,0.6887019230769231,0.6913875598086124,0.7391048292108363,0.6731234866828087,0,0.5718599033816425
Whitney Mercilus,0.7059178743961353,0.8142600359496704,0.9111508646392368,0.944213649851632,0.9765395894428152,0.9485981308411215,0.916568047337278,0.9618366129994036,0,0.972027972027972
Mike Pouncey,0.299636803874092,0.3611111111111111,0.3918514080287597,0.1419200954084675,0.2397626112759644,0.1988269794721407,0.2348130841121495,0.129585798816568,0,0.182468694096601
Anthony Sherman,0.4037530266343825,0.5446859903381642,0.5847813061713601,0.689922480620155,0.657566765578635,0.7442815249266862,0.647196261682243,0.6497041420118344,0,0.5116279069767442
Alge Crumpler,0.1233243967828418,0.1991065730695596,0.3288009888751545,0.2896341463414634,0.402055622732769,0.3862401931200965,0.3847528290649196,0.1502403846153846,0,0.0873205741626794
Marcus Johnson,0.0941460470730235,0.0589636688505062,0.0865384615384615,0.0370813397129186,0.0400471142520612,0.0405569007263922,0.0440821256038647,0.0437387657279808,0,0.0429338103756708
Travis Hall,0.4113597246127367,0.6867671691792295,0.8631921824104235,0.8424336973478939,0.8919117647058824,0.8585790884718498,0.8002552648372687,0.7756489493201484,0,0.7890243902439025
Greg Toler,0.5101674641148325,0.8421672555948174,0.8420096852300242,0.907608695652174,0.8082684242061114,0.9194991055456172,0.8682492581602373,0.853958944281525,1,
Abry Jones,0.4685440383463151,0.6791890280262374,0.7620178041543026,0.7947214076246334,0.7844626168224299,0.729585798816568,0.7686344663088849,0.6835664335664335,1,
Zack Bowman,0.6237980769230769,0.8391148325358851,0.8804475853945819,0.8480629539951574,0.7361111111111112,0.8280407429598562,0.8682170542635659,0.8640949554896142,1,
Nick Barnett,0.7453646477132262,0.8865853658536585,0.9812575574365175,0.9806879903439952,0.9857057772483622,0.9356971153846154,0.9228468899521532,0.8109540636042403,0,0.9400726392251816
Drew Brees,0.0727504786215698,0.1279357231149567,0.1115853658536585,0.1789600967351874,0.1092335546167773,0.2805241215008934,0.2836538461538461,0.3116028708133971,0,0.2208480565371024
Steve Freeman,0.4753363228699551,0.4896265560165975,0.5275590551181102,0.1029411764705882,0.5958188153310104,0.924092409240924,0.843558282208589,0.8440366972477065,0,0.8277227722772277
Justin Snow,0.3875,0.3947721179624665,0.414167198468411,0.4326328800988875,0.5621951219512196,0.562273276904474,0.5552202776101388,0.5270994639666469,0,0.5138221153846154
Robert McClain,0.4511189634864546,0.4412832929782082,0.6763285024154589,0.7387657279808268,0.8228980322003577,0.7816023738872404,0.7870967741935484,0.8487149532710281,1,
Ndukwe Kalu,0.1319218241042345,0.2589703588143526,0.6404411764705882,0.6548257372654156,0.7523931078493937,0.853522867737948,0.8201219512195121,0.7623941958887546,0,0.6469523234761617
Da'Norris Searcy,0.5720338983050848,0.6503623188405797,0.8304373876572798,0.898628503279666,0.91513353115727,0.8557184750733138,0.782126168224299,0.6887573964497041,1,
Tony McCoy,0.0631970260223048,0.0683111954459203,0.2646502835538752,0.3174061433447099,0.4130808950086058,0.3132328308207705,0.3892508143322475,0.3010920436817472,0,0.6161764705882353
Kenoy Kennedy,0.5036764705882353,0.703083109919571,0.767070835992342,0.818912237330037,0.8713414634146341,0.9504232164449818,0.9541339770669884,0.961882072662299,1,
Chase Blackburn,0.6807738814993954,0.6934218467109233,0.7343656938653961,0.7139423076923077,0.8098086124401914,0.8032979976442874,0.7512106537530266,0.8435990338164251,0,0.8496105452366687
Fred Smoot,0.717828418230563,0.8468410976388002,0.9085290482076638,0.929878048780488,0.8833131801692866,0.9100784550392276,0.8677784395473496,0.8689903846153846,0,0.757177033492823
Mike Sellers,0.4419117647058823,0.4524128686327078,0.4562858966177409,0.3745364647713226,0.4213414634146341,0.5368802902055623,0.572118286059143,0.5604526503871352,0,0.515625
Kyle Vanden Bosch,0.5998659517426274,0.7185705169112955,0.7175525339925835,0.6658536585365854,0.8555018137847642,0.9402534701267352,0.9868969624776652,0.9669471153846154,0,0.958133971291866
Dawan Landry,0.820156910078455,0.8713519952352591,0.875,0.8785885167464115,0.9275618374558304,0.9794188861985472,0.94987922705314,0.9281006590772918,0,0.905784138342278
Pete Barnes,0.5555555555555556,0.8102189781021898,0.7586206896551724,0.6532663316582915,0.2450980392156862,0.3721973094170404,0.3153526970954357,0.4015748031496063,1,
Charlie West,0.0909090909090909,0.948905109489051,0.9252873563218392,0.8944723618090452,0.3823529411764705,0.0941704035874439,0.2157676348547718,0.2125984251968504,0,0.213235294117647
Tyson Alualu,0.6301531213191991,0.7560532687651331,0.8272946859903382,0.8226482923906531,0.7751937984496124,0.741246290801187,0.7888563049853372,0.8177570093457944,0,0.785207100591716
Jim Youngblood,0.1909547738693467,0.1617647058823529,0.1928251121076233,0.3360995850622407,0.6220472440944882,0.7830882352941176,0.951219512195122,0.9306930693069309,0,0.8711656441717791
Kalvin Pearson,0.360561582641991,0.3665018541409147,0.348780487804878,0.5538089480048367,0.6409173204586602,0.6730196545562835,0.8106971153846154,0.7936602870813397,1,
Jack Del Rio,0.600739371534196,0.6213235294117647,0.8303571428571429,0.5547169811320755,0.5590994371482176,0.4108818011257035,0.0637898686679174,0.8252788104089219,0,0.9070208728652752
Kyle Juszczyk,0.3768723786698622,0.4138342277877161,0.4237388724035608,0.4269794721407625,0.4094626168224299,0.4076923076923077,0.2903995229576624,0.1491841491841491,0,0.2765957446808511
Dennis Northcutt,0.3102941176470588,0.5274798927613941,0.5366943203573707,0.5383189122373301,0.3426829268292683,0.3851269649334946,0.3663246831623415,0.3108993448481238,0,0.2139423076923076
Pete Kugler,0.2591743119266055,0.3742574257425742,0.3243243243243243,0.1293900184842883,0.0183823529411764,0.337797619047619,0.2150943396226415,0.3076923076923077,1,
Marty Carter,0.2795497185741088,0.7676579925650557,0.872865275142315,0.8752362948960303,0.8447098976109215,0.8364888123924269,0.8576214405360134,0.6644951140065146,0,0.5397815912636506
Pat Sims,0.5817307692307693,0.6752392344497608,0.7561837455830389,0.7203389830508474,0.7065217391304348,0.7267825044937088,0.7066189624329159,0.6747774480712166,0,0.6838709677419355
Morris Claiborne,0.7264492753623188,0.7855002995805872,0.8431723315444246,0.7459940652818992,0.7841642228739003,0.7862149532710281,0.8585798816568048,0.8085867620751341,1,
Ray Buchanan,0.4516129032258064,0.9149338374291116,0.984641638225256,0.9690189328743546,0.8358458961474037,0.8485342019543974,0.8939157566302652,0.9698529411764706,0,0.970509383378016
Dallas Clark,0.0797280593325092,0.2402439024390243,0.5157194679564692,0.515992757996379,0.509827278141751,0.2409855769230769,0.3462918660287081,0.3780918727915194,0,0.3674334140435835
Jonathan Babineaux,0.5773881499395405,0.7091128545564273,0.8201310303752234,0.8509615384615384,0.9055023923444976,0.9352179034157831,0.9013317191283292,0.893719806763285,0,0.8579988016776513
NaVorro Bowman,0.558303886925795,0.7566585956416465,0.8786231884057971,0.974835230677052,0.9391771019677996,0.9376854599406528,0.8123167155425219,0.9135514018691588,1,
Gerald Dixon,0.1134215500945179,0.5051194539249146,0.5679862306368331,0.7420435510887772,0.6335504885993485,0.7160686427457098,0.8772058823529412,0.9014745308310992,1,
Ken Amato,0.3016069221260816,0.4567073170731707,0.4770253929866989,0.4900422450211225,0.4413341274568195,0.4326923076923077,0.4934210526315789,0.4988221436984688,0,0.4891041162227603
Jayron Kearse,0.4914956011730205,0.5414719626168224,0.6207100591715976,0.6571258199165176,0.7441724941724942,0.8608395629672225,0.9176610978520288,0.9309045226130652,1,
Brian Mitchell,0.2851782363977486,0.3810408921933085,0.3643263757115749,0.1701323251417769,0.0631399317406143,0.06368330464716,0.0586264656616415,0.0684039087947882,0,0.0717628705148206
Bryan Hinkle,0.1330275229357798,0.3564356435643564,0.6988416988416989,0.7726432532347505,0.9485294117647058,0.9241071428571428,0.8867924528301887,0.6697936210131332,0,0.6116322701688556
Brett Keisel,0.4492661135928525,0.4585908529048207,0.4969512195121951,0.6789600967351874,0.8026554013277006,0.840381179273377,0.8064903846153846,0.8319377990430622,0,0.9234393404004712
Harry Carson,0.5,0.6306620209059234,0.6798679867986799,0.2699386503067484,0.4747706422018348,0.6079207920792079,0.749034749034749,0.6469500924214417,0,0.7371323529411765
Darrelle Revis,0.7385348421679571,0.9200721153846154,0.9826555023923444,0.964075382803298,0.9570217917675544,0.8907004830917874,0.939484721390054,0.8849135360763267,0,0.9543026706231454
Rob Morris,0.4536764705882353,0.693029490616622,0.824505424377792,0.8634116192830655,0.8945121951219512,0.8282950423216445,0.8165359082679541,0.6640857653365099,1,
Barry Cofield,0.6016898008449004,0.6652769505658129,0.7608173076923077,0.763755980861244,0.8386336866902238,0.8147699757869249,0.8381642512077294,0.8070701018573997,0,0.7573047107930829
Jay Bellamy,0.3958691910499139,0.5443886097152428,0.8469055374592834,0.858034321372855,0.9845588235294118,0.9684986595174264,0.978940650925335,0.9573547589616812,0,0.9560975609756096
A.J. Hawk,0.7797223898611949,0.8737343656938654,0.9314903846153846,0.903708133971292,0.928150765606596,0.9194915254237288,0.9082125603864736,0.908328340323547,0,0.9159212880143112
Derrick Burgess,0.6595174262734584,0.6643267389917039,0.6681087762669963,0.5829268292682926,0.8814993954050786,0.9511164755582378,0.9761762954139368,0.9152644230769232,0,0.888755980861244
James Laurinaitis,0.7757177033492823,0.8863368669022379,0.9636803874092008,0.96256038647343,0.9730377471539844,0.9594514013118663,0.9655786350148368,0.9002932551319648,1,
Jarrett Bush,0.4049487024743512,0.5854675402025015,0.6039663461538461,0.6555023923444976,0.6790341578327445,0.7875302663438256,0.7765700483091788,0.7944877171959257,0,0.6750149075730472
Fred Weary,0.3306188925081433,0.469578783151326,0.8242647058823529,0.7533512064343163,0.7358008934269304,0.6161928306551298,0.5890243902439024,0.407496977025393,0,0.048280024140012
James Jones,0.2720450281425891,0.3438661710037174,0.4174573055028463,0.3156899810964083,0.2883959044368601,0.1841652323580034,0.2747068676716918,0.3876221498371335,0,0.5273010920436817
Ken Hamlin,0.7299134734239803,0.8871951219512195,0.9020556227327692,0.9185274592637296,0.9189994044073854,0.9537259615384616,0.8935406698564593,0.8021201413427562,1,
Mychal Kendricks,0.6268115942028986,0.895745955662073,0.9666070363744782,0.9821958456973294,0.9085043988269794,0.8516355140186916,0.7627218934911243,0.840190816935003,1,
Jim Leonhard,0.3966142684401451,0.4791792395896198,0.7111375818939845,0.8215144230769231,0.9204545454545454,0.9045936395759716,0.8746973365617433,0.7983091787439613,0,0.8633912522468544
Terrell Owens,0.175,0.5348525469168901,0.5424377791959157,0.5488257107540173,0.1823170731707317,0.281136638452237,0.3216656608328304,0.3597379392495533,0,0.3731971153846153
Julio Jones,0.1035108958837772,0.1739130434782608,0.231276213301378,0.3184257602862254,0.3181008902077151,0.3513196480938416,0.2634345794392523,0.3710059171597633,0,0.3774597495527728
Willie Buchanon,0.5287356321839081,0.5376884422110553,0.7352941176470589,0.4394618834080717,0.6348547717842323,0.6299212598425197,0.9669117647058824,0.9477351916376306,0,0.8910891089108911
Mike Patterson,0.654776299879081,0.7954133977066988,0.8874329958308517,0.9044471153846154,0.8761961722488039,0.8227326266195524,0.8141646489104116,0.7777777777777778,0,0.7435590173756741
Red Bryant,0.3972355769230769,0.4533492822966507,0.6607773851590106,0.7929782082324455,0.8073671497584541,0.7849011384062313,0.7054263565891473,0.6735905044510386,1,
Arthur Moats,0.6566548881036514,0.7693704600484261,0.7898550724637681,0.7645296584781306,0.7901013714967203,0.8480712166172106,0.8563049853372434,0.7710280373831776,1,
Kabeer Gbaja-Biamila,0.5014705882352941,0.7607238605898123,0.9246968730057434,0.9666254635352288,0.977439024390244,0.9371221281741232,0.9209414604707302,0.8910065515187612,0,0.8094951923076923
James Bradberry,0.693841642228739,0.8492990654205608,0.9207100591715977,0.9260584376863448,0.9475524475524476,0.9528464634847612,0.9594272076372315,0.8957286432160804,1,
Matt Millen,0.3003300330033003,0.2024539877300613,0.8669724770642202,0.8752475247524752,0.9324324324324323,0.7024029574861368,0.7738970588235294,0.8110119047619048,0,0.7830188679245284
Connor Barwin,0.6644736842105263,0.6619552414605419,0.8456416464891041,0.8327294685990339,0.9227082085080888,0.9558735837805604,0.9738872403560832,0.965982404692082,0,0.9059579439252337
Terrence Brooks,0.5265354800238521,0.540652818991098,0.7155425219941349,0.7564252336448598,0.7520710059171598,0.6887298747763864,0.6212121212121212,0.640598044853364,1,
Tyson Jackson,0.5568181818181818,0.6395759717314488,0.7112590799031477,0.7530193236714976,0.7872977831036548,0.7423971377459749,0.6955489614243323,0.6428152492668622,1,
Aaron Jones~,0.0433962264150943,0.0956848030018761,0.2401500938086304,0.2551594746716698,0.2323420074349442,0.1973434535104364,0.2892249527410208,0.2815699658703072,1,
Reggie Wilkes,0.1742160278745644,0.3366336633663366,0.4355828220858895,0.4128440366972477,0.3306930693069307,0.3687258687258687,0.454713493530499,0.65625,1,
Rian Lindell,0.175,0.3123324396782841,0.5118059987236758,0.511742892459827,0.5195121951219512,0.4286577992744861,0.4459867229933615,0.4306134603930911,0,0.4915865384615384
Anthony Smith1,0.3151969981238274,0.5092936802973977,0.6261859582542695,0.5727788279773157,0.5972696245733788,0.4629948364888124,0.4706867671691792,0.2964169381107492,0,0.2402496099843993
Nesby Glasgow,0.0592334494773519,0.5577557755775577,0.7607361963190185,0.6995412844036697,0.7267326732673267,0.7277992277992278,0.88909426987061,0.6819852941176471,0,0.7738095238095238
Brandon Fields,0.1649791542584872,0.1676682692307692,0.2852870813397129,0.3274440518256772,0.3371670702179177,0.3858695652173913,0.3427201917315758,0.3369111508646392,1,
Tim Foley,0.4525547445255474,0.6724137931034483,0.7839195979899497,0.6764705882352942,0.4708520179372197,0.2323651452282157,0.3188976377952756,0.6875,0,0.7421602787456446
Will Compton,0.10964649490713,0.5998807394156231,0.7887240356083086,0.9190615835777126,0.9141355140186916,0.8467455621301775,0.6994633273703041,0.6899766899766899,0,0.6233467510063255
Oliver Gibson,0.1480206540447504,0.2479061976549413,0.3322475570032573,0.4711388455538221,0.7713235294117647,0.8270777479892761,0.7868538608806637,0.7336217552533992,1,
Kevin Mitchell,0.2099827882960413,0.1926298157453936,0.495114006514658,0.407176287051482,0.7279411764705882,0.7218498659517426,0.7734524569240587,0.7379480840543882,1,
Chuck Cecil,0.4433962264150943,0.5703564727954972,0.6829268292682927,0.7204502814258912,0.8680297397769516,0.7950664136622391,0.5160680529300568,0.4607508532423208,1,
Chris Massey,0.0727504786215698,0.1279357231149567,0.3463414634146341,0.4159613059250302,0.5099577549788775,0.4901727218582489,0.4897836538461538,0.3516746411483253,0,0.3733804475853945
Wilbur Young,0.072992700729927,0.0172413793103448,0.0150753768844221,0.4607843137254901,0.515695067264574,0.5228215767634855,0.0275590551181102,0.0183823529411764,0,0.0278745644599303
Tom Brady,0.2446380697050938,0.2520740268028079,0.2583436341161928,0.1926829268292683,0.1644498186215235,0.1617380808690404,0.0327575938058368,0.0372596153846153,0,0.0370813397129186
Justin Bannan,0.5609444798978941,0.5995055624227441,0.6060975609756097,0.6336154776299879,0.6547978273989137,0.7438951756998213,0.7848557692307693,0.7888755980861244,0,0.8015312131919906
Lewis Bush,0.4266211604095563,0.5542168674698795,0.542713567839196,0.4201954397394137,0.3572542901716068,0.7639705882352941,0.7513404825737265,0.7160178685386088,1,
Jason Hunter,0.3977066988533494,0.5735556879094699,0.6935096153846154,0.8044258373205742,0.9075382803297998,0.8940677966101694,0.8278985507246377,0.7579388855602157,1,
Clinton McDonald,0.3580683156654888,0.549636803874092,0.607487922705314,0.7657279808268425,0.8282647584973166,0.8314540059347181,0.8058651026392962,0.7733644859813084,0,0.7928994082840237
Michael Johnson,0.478856462179869,0.7307692307692307,0.7906698564593302,0.8223684210526315,0.7232037691401649,0.6625441696113075,0.7826876513317191,0.8913043478260869,0,0.951467944877172
Brent Grimes,0.4252531268612269,0.6274038461538461,0.812799043062201,0.9199057714958776,0.9340193704600483,0.856280193236715,0.8813660874775314,0.937984496124031,0,0.9750741839762612
Robert Jones,0.2899628252788104,0.2713472485768501,0.2797731568998109,0.3395904436860068,0.4974182444061962,0.6214405360134003,0.750814332247557,0.625585023400936,0,0.8125
Rob Ninkovich,0.3421846710923355,0.3966646813579512,0.3918269230769231,0.562200956937799,0.7944640753828033,0.950363196125908,0.9951690821256038,0.9964050329538646,0,0.9934406678592724
Chris Hoke,0.5542682926829269,0.5743651753325272,0.5938442969221485,0.5312686122692079,0.5721153846153846,0.5574162679425837,0.5971731448763251,0.5338983050847458,1,
Jared Cook,0.0873205741626794,0.3775029446407538,0.4225181598062954,0.447463768115942,0.3846614739364889,0.2128801431127012,0.228486646884273,0.2293255131964809,0,0.2745327102803738
Trent Dilfer,0.175,0.0509383378016085,0.0197830248883216,0.0797280593325092,0.0512195121951219,0.1789600967351874,0.1092335546167773,0.3162596783799881,1,
Carson Palmer,0.0975609756097561,0.1590084643288996,0.2933011466505733,0.2817153067301965,0.2854567307692308,0.263755980861244,0.3292108362779741,0.3093220338983051,0,0.3345410628019323
Luther Elliss,0.370051635111876,0.6482412060301508,0.7638436482084691,0.8221528861154446,0.8786764705882353,0.868632707774799,0.7836630504148053,0.6965389369592089,0,0.6634146341463415
Alan Branch,0.4020250148898153,0.4387019230769231,0.5998803827751196,0.7432273262661955,0.7887409200968523,0.8007246376811594,0.7447573397243858,0.6714370900417412,0,0.7258160237388724
Jay Cutler,0.0941460470730235,0.1399642644431209,0.2001201923076923,0.2960526315789473,0.3021201413427561,0.2808716707021791,0.2638888888888889,0.207309766327142,0,0.1991651759093619
Brandon Stokley,0.2969168900804289,0.2871729419272495,0.2886279357231149,0.1926829268292683,0.2563482466747279,0.264333132166566,0.2370458606313281,0.5108173076923077,0,0.5107655502392344
Julius Peppers,0.8500319081046586,0.9400494437577256,0.996341463414634,0.9957678355501812,0.9981894990947496,0.980345443716498,0.9933894230769232,0.9958133971291866,0,0.997055359246172
Anthony Hitchens,0.655933214072749,0.7780415430267063,0.86158357771261,0.8843457943925234,0.9029585798816568,0.9206917113893858,0.9009324009324008,0.8596894767107534,1,
Steve McLendon,0.1472320376914016,0.4969733656174334,0.5851449275362319,0.6542840023966447,0.6493738819320215,0.6498516320474778,0.7096774193548387,0.7424065420560748,0,0.7502958579881657
Tim Jennings,0.3452021726010863,0.5836807623585467,0.7854567307692307,0.8690191387559809,0.9151943462897526,0.8880145278450363,0.9692028985507246,0.9934092270820852,0,0.9892665474060824
Shawn Wooden,0.3493975903614458,0.6080402010050251,0.6237785016286646,0.4446177847113884,0.5764705882352941,0.6052278820375335,0.6719846841097639,0.6365883807169345,1,
Pat Williams,0.1612377850162866,0.3728549141965678,0.7985294117647059,0.8284182305630027,0.8742820676451819,0.8646477132262052,0.9121951219512195,0.8905683192261185,0,0.8587809293904647
Shaun O'Hara,0.175,0.0509383378016085,0.2552648372686662,0.3800988875154512,0.375,0.3524788391777509,0.208207604103802,0.1852293031566408,0,0.1550480769230769
Jeff Heath,0.7303774715398442,0.7394156231365534,0.8255192878338279,0.7724340175953079,0.9001168224299065,0.9266272189349112,0.9218843172331544,0.9172494172494172,0,0.8217366302472685
Patrick Peterson,0.6567796610169492,0.8677536231884058,0.9251048532055124,0.9499105545617174,0.916320474777448,0.9243401759530792,0.8901869158878505,0.8686390532544379,0,0.8640429338103757
Brian Robison,0.6622989874925551,0.7367788461538461,0.8181818181818182,0.8027090694935218,0.8983050847457628,0.9402173913043478,0.9682444577591371,0.9212880143112702,0,0.8896142433234422
Nate Ebner,0.4625603864734299,0.6009586578789694,0.6034585569469291,0.6083086053412463,0.6351906158357771,0.616822429906542,0.6307692307692307,0.5223613595706619,0,0.5104895104895105
Maurkice Pouncey,0.1012956419316843,0.137409200968523,0.2077294685990338,0.170760934691432,0.1520572450805009,0.0694362017804154,0.1695014662756598,0.0566588785046729,0,0.144378698224852
Lester Hayes,0.2283464566929134,0.6691176470588235,0.975609756097561,1.0,1.0,0.9495412844036696,0.6237623762376238,0.4884169884169884,0,0.6118299445471349
Mike Dumas,0.4521575984990619,0.5743494423791822,0.5161290322580645,0.2098298676748582,0.378839590443686,0.3580034423407917,0.5996649916247906,0.4560260586319218,0,0.7082683307332294
Fred Smerlas,0.4518348623853211,0.596039603960396,0.6428571428571429,0.5859519408502772,0.5680147058823529,0.5848214285714286,0.4566037735849056,0.4953095684803001,1,
Chad Scott,0.2311557788944723,0.2328990228013029,0.3993759750390016,0.775,0.9262734584450402,0.9636247606892152,0.965389369592089,0.8902439024390244,0,0.788391777509069
Jay Ratliff,0.4582829504232164,0.7103198551599276,0.790946992257296,0.8888221153846154,0.930023923444976,0.9452296819787986,0.9019370460048426,0.7801932367149759,0,0.6884361893349311
Alex Lewis,0.6792682926829269,0.6831922611850061,0.7223898611949306,0.620011911852293,0.6712740384615384,0.6100478468899522,0.552414605418139,0.0405569007263922,0,0.0440821256038647
Johnnie Johnson Jr.,0.6963696369636964,0.5644171779141104,0.658256880733945,0.6059405940594059,0.5772200772200772,0.7393715341959335,0.5367647058823529,0.59375,0,0.3396226415094339
Ryan Harris,0.180889423076923,0.208133971291866,0.2797408716136631,0.059322033898305,0.0513285024154589,0.0437387657279808,0.2409063804412641,0.343620178041543,1,
Damione Lewis,0.4946380697050938,0.6311423101467772,0.700247218788628,0.7969512195121952,0.7696493349455864,0.8117079058539529,0.7843954734961287,0.8383413461538461,0,0.8253588516746412
Michael Bennett,0.1233243967828418,0.1991065730695596,0.2058096415327565,0.1115853658536585,0.0326481257557436,0.0941460470730235,0.1399642644431209,0.1550480769230769,0,0.2117224880382775
Lance Briggs,0.7008652657601978,0.849390243902439,0.9655380894800484,0.9824984912492456,0.9827278141751042,0.9807692307692308,0.9605263157894736,0.9687868080094229,0,0.9455205811138014
Corey Simon,0.7647058823529411,0.915549597855228,0.9419272495213784,0.9338689740420272,0.8646341463414634,0.8651753325272068,0.7079058539529269,0.5973793924955331,1,
Dwayne Harper,0.1528301886792452,0.399624765478424,0.6529080675422139,0.8442776735459663,0.933085501858736,0.8690702087286527,0.7901701323251418,0.726962457337884,0,0.6592082616179001
Jimmy Smith,0.3102941176470588,0.1963806970509383,0.1550733886407147,0.1915945611866502,0.3048780487804878,0.3760580411124546,0.3246831623415812,0.1667659321024419,0,0.0372596153846153
Sylvester Williams,0.6069502696225285,0.6207513416815742,0.6896142433234421,0.6932551319648094,0.6921728971962616,0.636094674556213,0.5617173524150268,0.5087412587412588,1,
J.J. Watt,0.6682808716707022,0.8870772946859904,0.9538645895745956,0.9970184853905784,0.997626112759644,0.9900293255131964,0.8714953271028038,0.827810650887574,0,0.8491353607632678
Denard Walker,0.4137353433835846,0.6140065146579805,0.7363494539781591,0.8330882352941177,0.8558981233243967,0.8232291001914487,0.8145859085290482,0.7792682926829269,0,0.7146311970979444
Anthony Parker,0.2118959107806691,0.2637571157495256,0.5784499054820416,0.5614334470989761,0.7900172117039587,0.5963149078726968,0.5732899022801303,0.1591263650546021,0,0.5088235294117647
Jerry Ball,0.2693452380952381,0.3415094339622641,0.6529080675422139,0.6679174484052532,0.6941838649155723,0.5687732342007435,0.7077798861480076,0.7069943289224953,0,0.689419795221843
Roland James,0.4554455445544554,0.7024539877300614,0.841743119266055,0.9227722772277228,0.8783783783783784,0.9353049907578558,0.8658088235294118,0.9389880952380952,0,0.9320754716981132
Justin Pugh,0.2240862792091072,0.2695289206917114,0.3370919881305638,0.3700879765395894,0.3586448598130841,0.3402366863905325,0.2367322599880739,0.2243589743589743,0,0.2144910868315123
Johnson Bademosi,0.4963768115942029,0.5416417016177352,0.5670840787119857,0.6130563798219585,0.6744868035190615,0.6828271028037384,0.6609467455621302,0.5885509838998211,1,
Jason Webster,0.7485294117647059,0.8773458445040214,0.9457562220804084,0.8702101359703337,0.8128048780487804,0.8083434099153567,0.8889559444779722,0.847528290649196,0,0.7596153846153846
John Engelberger,0.6389705882352941,0.8237265415549598,0.8276962348436503,0.8529048207663782,0.8932926829268293,0.8996372430471584,0.8732649366324683,0.7558070279928529,0,0.7890625
Whitney Paul,0.1299212598425196,0.4338235294117647,0.5400696864111498,0.5643564356435643,0.6595092024539877,0.8004587155963303,0.8316831683168316,0.777992277992278,0,0.6451016635859519
Art Still,0.4678899082568807,0.7425742574257426,0.942084942084942,0.922365988909427,0.9577205882352942,0.8958333333333334,0.9037735849056604,0.7711069418386491,1,
Rosevelt Colvin,0.1653666146645865,0.7588235294117647,0.9423592493297588,0.9834077855775368,0.9678615574783684,0.9042682926829269,0.8784764207980653,0.9420639710319856,0,0.9648600357355568
Mike Lodish,0.1125703564727955,0.2814258911819887,0.2639405204460966,0.2428842504743833,0.0945179584120983,0.0938566552901023,0.1273666092943201,0.2462311557788944,0,0.3078175895765472
Warrick Dunn,0.175,0.2794906166219839,0.3101467772814295,0.311495673671199,0.3451219512195121,0.3228536880290205,0.3301146650573325,0.1399642644431209,0,0.5054086538461539
Manny Lawson,0.6855763427881714,0.7087552114353782,0.8022836538461539,0.8809808612440191,0.9434628975265018,0.9225181598062954,0.8514492753623188,0.8562013181545836,0,0.836612999403697
Gerald Robinson,0.1875,0.3244047619047619,0.1981132075471698,0.024390243902439,0.1407129455909943,0.3058161350844278,0.6356877323420075,0.6091081593927894,0,0.6370510396975425
Logan Ryan,0.8364289994008388,0.8974358974358975,0.9661721068249258,0.947800586510264,0.9398364485981308,0.9088757396449704,0.9630292188431724,0.9877622377622378,0,0.9942495687176538
James Trapp,0.1423149905123339,0.275992438563327,0.273037542662116,0.306368330464716,0.5108877721943048,0.5276872964169381,0.4867394695787831,0.6419117647058824,0,0.7359249329758714
Ryan Fitzpatrick,0.0757211538461538,0.104066985645933,0.2114252061248527,0.1937046004842615,0.3079710144927536,0.207309766327142,0.1323792486583184,0.1329376854599406,0,0.1401759530791788
Tarell Brown,0.2263251935675997,0.625,0.7494019138755981,0.8439340400471143,0.87590799031477,0.8701690821256038,0.8286399041342121,0.7596899224806202,0,0.6581602373887241
Billy Ray Smith Jr.,0.0633663366336633,0.2741312741312741,0.3604436229205175,0.4650735294117647,0.6711309523809523,0.5660377358490566,0.4896810506566604,0.3977485928705441,0,0.4371482176360225
Ryan Longwell,0.1233243967828418,0.0887045309508615,0.2058096415327565,0.1823170731707317,0.2394195888754534,0.208207604103802,0.3031566408576533,0.2734375,0,0.2577751196172249
Cornelius Griffin,0.6058823529411764,0.7419571045576407,0.834077855775367,0.8331273176761433,0.8548780487804878,0.8603385731559855,0.8617984308992155,0.8225134008338296,0,0.7794471153846154
Steven Means,0.3768723786698622,0.3959451401311866,0.3916913946587537,0.575366568914956,0.5957943925233645,0.6437869822485207,0.5533691115086464,0.7418414918414918,0,0.7671075330649799
Joel Bitonio,0.1806797853309481,0.2362017804154302,0.2797653958944281,0.3685747663551402,0.3781065088757396,0.3673225998807394,0.2243589743589743,0.1765382403680276,0,0.2255369928400954
Darrien Gordon,0.2087286527514231,0.5822306238185255,0.6126279863481229,0.7160068846815835,0.7537688442211056,0.9315960912052116,0.9173166926677068,0.9044117647058824,0,0.7908847184986595
Lee Williams,0.276061776061776,0.6506469500924215,0.8694852941176471,0.9598214285714286,0.9433962264150944,0.9437148217636022,0.9193245778611632,0.7842401500938087,0,0.6152416356877324
Kareem McKenzie,0.1597560975609756,0.1698911729141475,0.3101991550995776,0.2495533055390113,0.2572115384615384,0.1160287081339712,0.1472320376914016,0.1937046004842615,1,
Junior Seau,0.0562851782363977,0.4090056285178236,0.8122676579925651,0.9165085388994308,0.9565217391304348,0.9795221843003412,0.9931153184165232,0.9949748743718592,0,0.972312703583062
Kevin Henry,0.1385199240986717,0.1417769376181474,0.2406143344709897,0.3287435456110155,0.609715242881072,0.6954397394136808,0.6209048361934477,0.7286764705882353,1,
Ted Hendricks,0.3838383838383838,0.8248175182481752,0.8160919540229885,0.8542713567839196,0.8823529411764706,0.8789237668161435,0.8464730290456431,0.4448818897637795,0,0.4705882352941176
David Tate,0.3320754716981132,0.448405253283302,0.5046904315196998,0.4296435272045028,0.2657992565055762,0.396584440227704,0.4877126654064272,0.4982935153583617,0,0.5352839931153184
Dan Owens,0.1332082551594746,0.549718574108818,0.6078066914498141,0.7039848197343453,0.6446124763705104,0.5989761092150171,0.540447504302926,0.6197654941373534,0,0.7084690553745928
Reshad Jones,0.6113074204946997,0.7360774818401937,0.9070048309178744,0.9496704613541044,0.9797257006559332,0.9893175074183976,0.987683284457478,0.9912383177570092,0,0.97396449704142
John Thierry,0.4675767918088737,0.5301204819277109,0.6733668341708543,0.6693811074918566,0.7956318252730109,0.9,0.8806970509383378,0.8353541799617102,1,
Bill Simpson,0.0784313725490196,0.6636771300448431,0.8630705394190872,0.9645669291338582,0.9632352941176472,0.867595818815331,0.7920792079207921,0.8650306748466258,0,0.9724770642201837
Leger Douzable,0.4013157894736842,0.4617196702002356,0.601089588377724,0.6002415458937198,0.6872378669862192,0.6768038163387,0.6884272997032641,0.7208211143695015,0,0.6915887850467289
Dylan Gandy,0.0941460470730235,0.0589636688505062,0.0865384615384615,0.2272727272727272,0.2273262661955241,0.1779661016949152,0.0440821256038647,0.5440383463151588,1,
Greg Biekert,0.5066162570888468,0.6962457337883959,0.6643717728055077,0.5577889447236181,0.757328990228013,0.9126365054602184,0.9654411764705882,0.9436997319034852,0,0.9291640076579452
Willie Brown,0.4242424242424242,0.4744525547445255,0.7126436781609196,0.7437185929648241,0.7401960784313726,0.695067264573991,0.7302904564315352,0.8031496062992126,0,0.6985294117647058
Jeff Zgonina,0.1204819277108433,0.2328308207705192,0.2345276872964169,0.3510140405616224,0.6838235294117647,0.7587131367292225,0.8213146139119336,0.8386897404202719,0,0.8847560975609756
Steven Jackson,0.0975609756097561,0.2031438935912938,0.2486421243210621,0.2346634901727218,0.2001201923076923,0.2188995215311004,0.2114252061248527,0.1937046004842615,0,0.1340579710144927
Anthony Becht,0.3235294117647059,0.363941018766756,0.4154435226547543,0.3967861557478368,0.3536585365853658,0.1644498186215235,0.2715751357875678,0.1310303752233472,0,0.1502403846153846
Jon Runyan1,0.2588235294117647,0.2158176943699732,0.1646458200382897,0.145859085290482,0.1926829268292683,0.2865779927448609,0.264333132166566,0.1762954139368671,0,0.2367788461538461
Will Witherspoon,0.6694320357370772,0.7892459826946848,0.9432926829268292,0.9594921402660218,0.968014484007242,0.9642644431209052,0.9471153846153846,0.9348086124401914,0,0.9316843345111896
Phil Hansen,0.2607879924953096,0.5929368029739777,0.6869070208728653,0.7920604914933838,0.8498293515358362,0.9139414802065404,0.917922948073702,0.9136807817589576,0,0.8829953198127926
Erik Coleman,0.7878048780487805,0.8857315598548973,0.9396499698249848,0.8576533650982728,0.8930288461538461,0.909688995215311,0.8998822143698468,0.7506053268765133,0,0.6419082125603864
Ruben Brown,0.2588235294117647,0.2158176943699732,0.2252712188895979,0.145859085290482,0.0512195121951219,0.0326481257557436,0.1436330718165359,0.2525312686122692,1,
Paul Soliai,0.2572960095294818,0.3353365384615384,0.5795454545454546,0.6819787985865724,0.698547215496368,0.7288647342995169,0.7405632115038946,0.7525342874180083,0,0.716913946587537
Kassim Osgood,0.4171817058096415,0.4682926829268293,0.594316807738815,0.5914302957151478,0.6605122096486004,0.6550480769230769,0.6578947368421053,0.6878680800942285,0,0.635593220338983
Marcus Trufant,0.6779975278121138,0.8682926829268293,0.9226118500604596,0.9251659625829812,0.9475878499106613,0.9423076923076924,0.9288277511961722,0.889281507656066,0,0.8571428571428571
Randy Starks,0.6957317073170731,0.772067714631197,0.8509354254677127,0.7718880285884455,0.7734375,0.8175837320574163,0.8574793875147232,0.8783292978208233,0,0.8429951690821256
Brian Noble,0.3438077634011091,0.5992647058823529,0.8630952380952381,0.7849056603773585,0.8480300187617261,0.6941838649155723,0.7936210131332082,0.7881040892193308,1,
Adalius Thomas,0.7285522788203753,0.8832163369495852,0.9289245982694684,0.9689024390243902,0.9921402660217654,0.9987929993964996,0.9994044073853484,0.9777644230769232,0,0.9330143540669856
Justin Hamilton,0.4477972238986119,0.4419297200714711,0.4471153846153846,0.1788277511961722,0.1666666666666666,0.0405569007263922,0.0440821256038647,0.0437387657279808,0,0.0429338103756708
Steve Kiner,0.3636363636363636,0.656934306569343,0.5689655172413793,0.4120603015075377,0.2794117647058823,0.4618834080717489,0.4771784232365145,0.3622047244094488,0,0.2794117647058823
Nick Sundberg,0.2373380447585394,0.3619854721549637,0.3888888888888889,0.3367285799880167,0.0649970184853905,0.3258160237388724,0.3002932551319648,0.4047897196261682,0,0.3627218934911242
Tim Goad,0.1339622641509434,0.3452157598499062,0.4652908067542214,0.4015009380863039,0.5223048327137546,0.6015180265654649,0.780718336483932,0.6023890784982935,0,0.5129087779690189
Lee Nelson,0.452755905511811,0.5220588235294118,0.4773519163763066,0.1023102310231023,0.0552147239263803,0.3027522935779816,0.6792079207920793,0.7548262548262549,1,
Khalif Barnes,0.0941460470730235,0.0589636688505062,0.1844951923076923,0.2033492822966507,0.2208480565371024,0.059322033898305,0.1630434782608695,0.340922708208508,0,0.3774597495527728
Mike Daniels,0.6473429951690821,0.7615338526063511,0.8342277877161598,0.8747774480712166,0.8850439882697947,0.9065420560747663,0.836094674556213,0.7787716159809183,0,0.6235431235431236
Cam Thomas,0.525323910482921,0.6446731234866828,0.6871980676328503,0.7130017974835231,0.6392367322599881,0.629080118694362,0.6058651026392962,0.5502336448598131,1,
Michael Griffin,0.699225729600953,0.9417067307692308,0.985645933014354,0.9923439340400472,0.9606537530266344,0.9782608695652174,0.9490713001797484,0.9636255217650568,0,0.9471810089020772
Sean Weatherspoon,0.5830388692579506,0.7899515738498789,0.8864734299516909,0.927501497902936,0.8568872987477638,0.7181008902077152,0.5343108504398827,0.5438084112149533,1,
Tim McDonald,0.1849056603773584,0.6322701688555347,0.8480300187617261,0.8818011257035647,0.7286245353159851,0.5597722960151803,0.5614366729678639,0.7508532423208191,0,0.7401032702237521
C.J. Wilson,0.3382966051220964,0.3695913461538461,0.4318181818181818,0.4681978798586572,0.5206124852767963,0.5587167070217918,0.6382850241545893,0.639904134212103,0,0.5961653684841223
Jon Hand,0.4632352941176471,0.7321428571428571,0.7924528301886793,0.8724202626641651,0.8799249530956847,0.8536585365853658,0.6189591078066915,0.7267552182163188,1,
Anthony Fasano,0.2263251935675997,0.2319711538461538,0.3444976076555024,0.290341578327444,0.3577481840193705,0.3900966183574879,0.3559017375674056,0.2540250447227191,0,0.1845697329376854
Earl Mitchell,0.5677267373380448,0.6271186440677966,0.7053140096618358,0.7375674056321151,0.7483601669648181,0.7050445103857567,0.6709677419354839,0.673481308411215,0,0.685207100591716
Jeff Lageman,0.3395872420262664,0.4615384615384615,0.8273921200750469,0.6747211895910781,0.7874762808349146,0.7712665406427222,0.8720136518771331,0.810671256454389,0,0.7102177554438861
Andrew Sendejo,0.1760895170789163,0.3468523002421307,0.4420289855072464,0.6902336728579987,0.738819320214669,0.8267062314540059,0.8709677419354839,0.927570093457944,0,0.8846153846153846
Willie Williams,0.5426621160409556,0.5559380378657487,0.5812395309882747,0.3778501628664495,0.5741029641185648,0.8970588235294118,0.9269436997319036,0.9010848755583918,0,0.7781211372064277
Bryant Young,0.3345935727788279,0.5392491467576792,0.7986230636833046,0.7839195979899497,0.8729641693811075,0.8299531981279251,0.9477941176470588,0.9148793565683646,0,0.8710912571793236
Jack Reynolds,0.4221105527638191,0.3725490196078431,0.5605381165919282,0.1742738589211618,0.1574803149606299,0.0183823529411764,0.0278745644599303,0.2475247524752475,0,0.7699386503067485
Sam Shields,0.6030624263839811,0.8184019370460048,0.8822463768115942,0.9215098861593768,0.9016100178890876,0.8925816023738873,0.8240469208211144,0.7085280373831776,0,0.6183431952662722
Travares Tillman,0.4919117647058823,0.6729222520107239,0.6732610082961072,0.6526576019777504,0.4018292682926829,0.7230955259975816,0.7851538925769463,0.7933293627159024,1,
Marcus Peters,0.9246290801186944,0.990615835777126,1.0,0.9964497041420118,0.998211091234347,0.997086247086247,0.9781483611270846,0.9397374701670644,0,0.8592964824120602
A.J. Green,0.1658595641646489,0.2814009661835748,0.3798681845416417,0.3381037567084078,0.3370919881305638,0.2545454545454545,0.2978971962616822,0.2011834319526627,0,0.1926058437686344
John Booty,0.3264150943396226,0.4371482176360225,0.4821763602251407,0.3602251407129456,0.516728624535316,0.7286527514231499,0.8204158790170132,0.7372013651877133,1,
Dave Ball,0.2591463414634146,0.4201934703748488,0.4308992154496077,0.3889219773674806,0.7391826923076923,0.7655502392344498,0.8539458186101295,0.8438256658595642,1,
Zak DeOssie,0.3269803454437165,0.4483173076923077,0.4814593301435406,0.4740871613663133,0.4703389830508475,0.4921497584541063,0.5206710605152786,0.4967203339296362,0,0.4771513353115727
Lloyd Mumphord,0.9494949494949496,0.7591240875912408,0.9080459770114944,0.6482412060301508,0.6274509803921569,0.484304932735426,0.6058091286307054,0.594488188976378,0,0.4522058823529412
Lerentee McCray,0.4883720930232558,0.5531157270029674,0.6087976539589443,0.6179906542056075,0.6195266272189349,0.5843768634466309,0.4912587412587412,0.4353076480736055,1,
Carlos Polk,0.2969168900804289,0.5092533503509892,0.5747836835599506,0.5615853658536586,0.4709794437726723,0.6004828002414001,0.7093508040500298,0.7301682692307693,1,
Barney Bussey,0.1415441176470588,0.4077380952380952,0.4792452830188679,0.4821763602251407,0.7279549718574109,0.7504690431519699,0.7304832713754646,0.3833017077798861,0,0.4725897920604915
Star Lotulelei,0.6345116836428999,0.6827668455575432,0.7578635014836795,0.8023460410557185,0.8200934579439252,0.7710059171597633,0.7155635062611807,0.627039627039627,0,0.6739505462909718
Justin Rogers,0.4740917212626563,0.5528846153846154,0.5514354066985646,0.4676089517078916,0.562953995157385,0.7433574879227053,0.7896944278010785,0.7418008348240906,0,0.5750741839762611
Brandon Lloyd,0.0975609756097561,0.2460701330108827,0.2414001207000603,0.1667659321024419,0.0757211538461538,0.104066985645933,0.2114252061248527,0.3238498789346247,0,0.3448067632850241
Rich Owens,0.2474402730375426,0.6419965576592083,0.7654941373534339,0.6986970684039088,0.6287051482059283,0.7683823529411765,0.82171581769437,0.6292278238672623,1,
Howie Long,0.5619266055045872,0.8811881188118812,0.9594594594594594,0.944547134935305,0.8841911764705882,0.9017857142857144,0.869811320754717,0.8161350844277674,0,0.7579737335834896
Reggie Nelson,0.7754615842763549,0.8323317307692307,0.8851674641148325,0.8780918727915195,0.9697336561743342,0.9909420289855072,0.987417615338526,0.9648181276088252,0,0.9857566765578636
David Binn,0.3102941176470588,0.3331099195710456,0.400765794511806,0.4530284301606922,0.4310975609756097,0.3978234582829504,0.4930597465298733,0.4812388326384753,0,0.4867788461538461
Grady Jackson,0.3403908794788273,0.5522620904836193,0.9058823529411764,0.9182305630026808,0.9298021697511168,0.907292954264524,0.8554878048780488,0.8198307134220073,0,0.7296318648159325
Mike Schneck,0.175,0.225201072386059,0.2948308870453095,0.3603213844252163,0.3567073170731707,0.3627569528415961,0.3590826795413397,0.3710541989279333,0,0.3545673076923077
Antonio Gates,0.2707045735475896,0.2963414634146341,0.3833131801692865,0.3174411587205794,0.3341274568195354,0.2530048076923077,0.277511961722488,0.163133097762073,0,0.25
Muhsin Muhammad,0.4551470588235294,0.453083109919571,0.4798978940650925,0.4313967861557478,0.3859756097560975,0.3905683192261185,0.4055522027761014,0.4008338296605122,0,0.3155048076923077
Christopher Conte,0.5641646489104116,0.7650966183574879,0.8771719592570402,0.913536076326774,0.9299703264094956,0.9442815249266864,0.9363317757009346,0.850887573964497,1,
James Farrior,0.3936348408710218,0.3957654723127036,0.5491419656786272,0.7323529411764705,0.9296246648793566,0.9323548181238036,0.9567367119901112,0.975609756097561,0,0.987303506650544
Josh Brown,0.292336217552534,0.3817073170731707,0.4268440145102781,0.4091732045866023,0.3960690887432996,0.3846153846153846,0.4037081339712918,0.3875147232037691,0,0.3105326876513317
Ahmad Brooks,0.5481812380344607,0.5543881334981459,0.5432926829268293,0.0326481257557436,0.5570307785153893,0.6402620607504467,0.6412259615384616,0.80622009569378,0,0.8616018845700825
Sheldon Richardson,0.7333732774116237,0.8753726893261777,0.9400593471810088,0.9448680351906158,0.921144859813084,0.8982248520710059,0.9165175909361956,0.9195804195804196,0,0.9281196089706728
K.J. Wright,0.6277239709443099,0.7904589371980676,0.8520071899340923,0.8813357185450209,0.8712166172106824,0.918475073313783,0.9217289719626168,0.8668639053254438,0,0.8914728682170543
Marcus Pollard,0.175,0.3150134048257372,0.352903637523931,0.3553770086526576,0.2176829268292683,0.1789600967351874,0.2389861194930597,0.3412745681953544,1,
Mike Jones,0.1468401486988847,0.2106261859582542,0.3761814744801512,0.3771331058020478,0.3959044368600682,0.2805507745266781,0.2461273666092943,0.2730318257956449,0,0.3299832495812395
Rolland Lawrence,0.4472361809045226,0.4852941176470588,0.937219730941704,0.966804979253112,0.9960629921259844,0.9742647058823528,0.989547038327526,0.9537953795379538,1,
Michael Myers,0.1775244299674267,0.1825273010920436,0.6669117647058823,0.7727882037533512,0.8136566687938737,0.8207663782447466,0.7859756097560976,0.7769044740024184,0,0.824381412190706
Fred Miller,0.175,0.0509383378016085,0.2284620293554563,0.2354758961681087,0.2676829268292683,0.1958887545344619,0.2607121303560651,0.3174508636092912,1,
Jack Lambert,0.2892156862745098,0.5426008968609866,0.6846473029045643,0.5826771653543307,0.6911764705882353,0.794425087108014,0.8283828382838284,0.8742331288343558,0,0.93348623853211
Odell Beckham Jr.,0.2409063804412641,0.285459940652819,0.3214076246334311,0.1536214953271028,0.2130177514792899,0.2731067382230173,0.31002331002331,0.2978723404255319,0,0.2106205250596658
Robert Mathis,0.7243510506798516,0.949390243902439,0.994558645707376,0.9993964996982498,0.9976176295413935,0.9957932692307692,0.9952153110047848,0.9935217903415784,0,0.9897094430992736
Ed McDaniel,0.1455576559546313,0.3412969283276451,0.3321858864027538,0.3316582914572864,0.3664495114006514,0.4305772230889235,0.7595588235294117,0.7955764075067024,1,
Chad Clifton,0.0727504786215698,0.1279357231149567,0.1115853658536585,0.0411124546553808,0.0325890162945081,0.1042287075640262,0.1442307692307692,0.1722488038277512,0,0.163133097762073
Jevon Kearse,0.717628705148206,0.963970588235294,0.9966487935656836,0.95405232929164,0.9505562422744128,0.9371951219512196,0.9691656590084644,0.8986119493059747,0,0.8481238832638476
Stephen Gostkowski,0.2287266143633071,0.3793924955330554,0.4212740384615384,0.5083732057416268,0.4876325088339223,0.4842615012106537,0.4027777777777778,0.4319952067106051,0,0.3488372093023256
Danny Clark,0.5911764705882353,0.707774798927614,0.8200382897255903,0.8195302843016069,0.8780487804878049,0.8706166868198307,0.8491249245624622,0.7915425848719476,0,0.7842548076923077
Craig Dahl,0.4657534246575342,0.4645432692307692,0.69377990430622,0.8404004711425206,0.9358353510895884,0.9359903381642511,0.8645895745955662,0.7495527728085868,0,0.713946587537092
T.J. Houshmandzadeh,0.1233243967828418,0.2756860242501595,0.276885043263288,0.3274390243902439,0.3385731559854897,0.363910681955341,0.4187016081000596,0.4074519230769231,0,0.416267942583732
Kevin Minter,0.2756141402037148,0.5766249254621347,0.7376854599406528,0.844574780058651,0.844626168224299,0.7597633136094675,0.6708407871198568,0.634032634032634,0,0.6762507188039103
Chris Canty,0.1021775544388609,0.2068403908794788,0.3822152886115444,0.6808823529411765,0.6394101876675603,0.4913848117421825,0.0210135970333745,0.0274390243902439,0,0.6463119709794438
Omar Gaither,0.6566083283041642,0.8314472900536033,0.9080528846153846,0.8899521531100478,0.7921083627797408,0.687046004842615,0.6328502415458938,0.6207309766327141,1,
Renaldo Wynn,0.2127303182579564,0.3745928338762215,0.5085803432137286,0.7757352941176471,0.8310991957104558,0.8666241225271218,0.8300370828182941,0.7963414634146342,0,0.7436517533252721
Mario Clark,0.3236514522821577,0.84251968503937,0.9411764705882352,0.9790940766550522,0.8382838283828383,0.9141104294478528,0.7614678899082569,0.6396039603960396,0,0.1447876447876447
John Copeland,0.3225806451612903,0.4612476370510397,0.7389078498293515,0.7142857142857143,0.7738693467336684,0.5716612377850163,0.6599063962558502,0.7919117647058823,1,
Will Svitek,0.1042287075640262,0.1033653846153846,0.1160287081339712,0.0400471142520612,0.0405569007263922,0.0440821256038647,0.0437387657279808,0.1282051282051282,1,
Tahir Whitehead,0.5332125603864735,0.6327142001198323,0.7716159809183065,0.8379821958456973,0.8903225806451613,0.9304906542056076,0.9491124260355028,0.9350029815146096,0,0.8916083916083916
Mike Iupati,0.1035108958837772,0.1739130434782608,0.2792091072498502,0.3136553369111509,0.2682492581602373,0.1730205278592375,0.0420560747663551,0.1159763313609467,1,
Xavier Rhodes,0.6309167165967645,0.7042337507453786,0.7596439169139466,0.9278592375366568,0.947429906542056,0.946153846153846,0.8240906380441264,0.8671328671328671,0,0.8619896492236918
Michael Jenkins,0.3835365853658536,0.4062877871825877,0.4103802051901026,0.2644431209053007,0.2319711538461538,0.3444976076555024,0.3274440518256772,0.3371670702179177,1,
Cullen Loeffler,0.0975609756097561,0.3216444981862152,0.3820156910078455,0.3924955330553901,0.3990384615384615,0.4001196172248804,0.4010600706713781,0.2808716707021791,0,0.341183574879227
Adam Goldberg,0.1506097560975609,0.2563482466747279,0.2957151478575739,0.2346634901727218,0.3251201923076923,0.3427033492822967,0.3162544169611307,0.5121065375302664,1,
Zac Diles,0.4329958308516974,0.6995192307692307,0.8133971291866029,0.8580683156654888,0.7687651331719129,0.6509661835748792,0.4781306171360096,0.4591532498509242,1,
Neil Rackers,0.2588235294117647,0.2158176943699732,0.3580089342693044,0.3238566131025958,0.3676829268292683,0.3210399032648126,0.4025347012673506,0.4026206075044669,0,0.4453125
Greg Meisner,0.0688073394495412,0.0712871287128712,0.2953667953667954,0.2476894639556377,0.3400735294117647,0.6101190476190477,0.5849056603773585,0.5140712945590994,0,0.2363977485928705
Maurice Morris,0.1914486279514997,0.361557478368356,0.4274390243902439,0.4631197097944377,0.4556427278213639,0.4300178677784395,0.3335336538461538,0.3839712918660287,0,0.392226148409894
Jeff Wright1,0.4655172413793103,0.6934673366834171,0.8725490196078431,0.7623318385650224,0.6141078838174274,0.2480314960629921,0.2463235294117647,0.1080139372822299,1,
Jason Ferguson,0.2278056951423785,0.5260586319218241,0.6177847113884556,0.8139705882352941,0.6903485254691689,0.7128270580727505,0.8090234857849197,0.9115853658536586,0,0.8917775090689238
Alshermond Singleton,0.1918876755070203,0.6205882352941177,0.6621983914209115,0.7294192724952138,0.8201483312731768,0.848170731707317,0.8010882708585247,0.7308388654194327,1,
Chidi Ahanotu,0.206831119544592,0.3440453686200378,0.5017064846416383,0.5628227194492255,0.7152428810720268,0.6465798045602605,0.641185647425897,0.8227941176470588,0,0.8666219839142091
Walt Harris,0.4836488812392427,0.8442211055276382,0.9527687296416938,0.8892355694227769,0.9088235294117648,0.8840482573726541,0.9061901723037652,0.8733003708281829,0,0.8390243902439024
Mark Roman,0.5529411764705883,0.6823056300268097,0.7319719208679004,0.7991347342398022,0.8195121951219512,0.8899637243047158,0.8955944477972239,0.8963668850506253,0,0.8407451923076923
Darren Comeaux,0.1196911196911196,0.1053604436229205,0.3363970588235294,0.3809523809523809,0.3811320754716981,0.4577861163227016,0.5365853658536586,0.6716697936210131,1,
Vontae Davis,0.7380382775119617,0.8215547703180212,0.9061743341404358,0.8840579710144928,0.8747753145596165,0.9123434704830052,0.9050445103857568,0.9161290322580644,0,0.7914719626168224
Marcus Spears,0.6106408706166868,0.684369342184671,0.7855866587254318,0.7830528846153846,0.7960526315789473,0.7367491166077739,0.6610169491525424,0.644927536231884,0,0.6470940683043739
David Martin2,0.3411528150134048,0.3803446075303127,0.5686032138442522,0.6158536585365854,0.6118500604594922,0.5353047676523838,0.1274568195354377,0.5186298076923077,0,0.5149521531100478
Matt Chatham,0.2588235294117647,0.4369973190348525,0.5054243777919591,0.7274412855377008,0.723170731707317,0.7370012091898428,0.6053108026554014,0.6396664681357951,1,
Eugene Wilson,0.6866501854140915,0.8628048780487805,0.9201934703748488,0.8684369342184671,0.7790351399642644,0.7818509615384616,0.8546650717703349,0.8239104829210836,1,
Isaac Sopoaga,0.4860943168077388,0.6451418225709112,0.7063728409767719,0.7337740384615384,0.7111244019138756,0.7208480565371025,0.6961259079903148,0.6914251207729468,0,0.6758538046734571
Tom Pridemore,0.0625,0.3344947735191638,0.5115511551155115,0.9601226993865032,0.9610091743119266,0.9742574257425742,0.8359073359073359,0.7578558225508318,1,
Darryll Lewis,0.4409005628517823,0.5892193308550185,0.698292220113852,0.6918714555765595,0.89419795221843,0.9569707401032702,0.9865996649916248,0.970684039087948,0,0.9453978159126364
K'Waun Williams,0.5718545020870602,0.6522255192878338,0.669208211143695,0.7377336448598131,0.7242603550295857,0.8431723315444246,0.8141025641025641,0.8297872340425532,0,0.7667064439140812
LaDainian Tomlinson,0.1233243967828418,0.0887045309508615,0.145859085290482,0.1310975609756097,0.1958887545344619,0.1508750754375377,0.1882072662298987,0.2073317307692307,0,0.2362440191387559
Micah Hyde,0.6602756141402037,0.7823494335122242,0.887240356083086,0.9225806451612903,0.9585280373831776,0.944378698224852,0.9439475253428742,0.9125874125874126,0,0.968372627947096
Erin Henderson,0.5450721153846154,0.5508373205741627,0.598939929328622,0.7318401937046005,0.8375603864734299,0.9364889155182744,0.8872987477638641,0.8474777448071217,0,0.6662756598240469
Dontae Johnson,0.6601073345259392,0.6890207715133532,0.7278592375366569,0.7832943925233645,0.7568047337278107,0.7364341085271318,0.5472027972027972,0.6952271420356527,1,
Mike Singletary,0.2484662576687116,0.75,0.8950495049504951,0.9536679536679536,0.9242144177449167,0.8529411764705882,0.9211309523809524,0.8811320754716981,0,0.900562851782364
Artrell Hawkins,0.509771986970684,0.5210608424336973,0.8279411764705882,0.8223860589812333,0.9483088704530952,0.9499381953028432,0.9414634146341464,0.8071342200725514,0,0.8449004224502112
Sam Koch,0.1436330718165359,0.2525312686122692,0.3131009615384615,0.2793062200956938,0.2208480565371024,0.137409200968523,0.3496376811594203,0.3636908328340323,0,0.319618366129994
Bryan Thomas,0.4588385449904276,0.6186650185414091,0.699390243902439,0.7521160822249093,0.8624019312009656,0.8790946992257296,0.939903846153846,0.9084928229665072,0,0.9334511189634864
Frostee Rucker,0.5729600952948184,0.7097355769230769,0.7727272727272727,0.7750294464075382,0.7548426150121066,0.7964975845410628,0.7968843618933493,0.8258795468097794,0,0.8189910979228486
Ken Lucas,0.6119302949061662,0.797702616464582,0.8763906056860321,0.9536585365853658,0.9588875453446192,0.9480989740494872,0.9261465157832044,0.8834134615384616,0,0.8636363636363636
Issiac Holt,0.066543438077634,0.5202205882352942,0.7098214285714286,0.690566037735849,0.6153846153846154,0.801125703564728,0.8198874296435272,0.7379182156133829,1,
David Akers,0.3911764705882353,0.4088471849865951,0.4333120612635609,0.4289245982694685,0.3640243902439024,0.2769044740024183,0.2154496077248038,0.1995235259082787,0,0.2518028846153846
Cris Dishman,0.3058161350844278,0.5966228893058161,0.9155722326454032,0.9368029739776952,0.9753320683111956,0.9508506616257087,0.9761092150170648,0.8433734939759037,0,0.8844221105527639
Dee Ford,0.5128205128205128,0.6504451038575668,0.8346041055718475,0.8644859813084113,0.9751479289940828,0.9666070363744782,0.953962703962704,0.7889591719378953,1,
Michael Bankston,0.1654275092936803,0.5692599620493358,0.7882797731568998,0.8771331058020477,0.8485370051635112,0.7973199329983249,0.7768729641693811,0.7145085803432137,0,0.8419117647058824
Ramon Foster,0.1035108958837772,0.1739130434782608,0.231276213301378,0.2128801431127012,0.2902077151335311,0.2944281524926686,0.3171728971962617,0.2775147928994083,1,
Alan Ball,0.2167957117331745,0.4441105769230769,0.5586124401913876,0.7497055359246172,0.7905569007263923,0.8019323671497585,0.7741162372678251,0.7435897435897436,0,0.712166172106825
Cameron Wake,0.6770334928229665,0.9051825677267372,0.943099273607748,0.980072463768116,0.9586578789694428,0.988670244484198,0.9780415430267062,0.9953079178885632,0,0.9830607476635514
Keanu Neal,0.8263929618768329,0.953855140186916,0.9579881656804734,0.836612999403697,0.7383449883449883,0.7981598619896493,0.8430787589498807,0.8096733668341709,1,
Jeff Posey,0.1824104234527687,0.3151326053042121,0.7044117647058824,0.675603217158177,0.8379068283343969,0.9283065512978986,0.9640243902439024,0.9280532043530836,0,0.796016898008449
Ken Harvey,0.2452830188679245,0.6397748592870544,0.8292682926829268,0.9193245778611632,0.929368029739777,0.920303605313093,0.9621928166351608,0.9897610921501706,0,0.9948364888123924
Tyler Lockett,0.2635014836795252,0.2604105571847507,0.2914719626168224,0.2609467455621301,0.2528324388789505,0.243006993006993,0.1765382403680276,0.2446300715990453,0,0.2989949748743719
Rick Bryan,0.2606177606177606,0.4861367837338262,0.7665441176470589,0.8645833333333334,0.8584905660377359,0.6604127579737336,0.4953095684803001,0.3827392120075047,1,
Ted Johnson,0.39419795221843,0.6179001721170396,0.8425460636515912,0.8192182410423453,0.7379095163806553,0.8397058823529412,0.8176943699731903,0.8634333120612636,0,0.799752781211372
Tavon Austin,0.10964649490713,0.1621943947525342,0.228486646884273,0.3131964809384164,0.3019859813084112,0.2650887573964497,0.1192605843768634,0.0256410256410256,0,0.1581368602645198
D.D. Lewis~,0.0656934306569343,0.293103448275862,0.3065326633165829,0.4705882352941176,0.3766816143497757,0.3858921161825726,0.2440944881889764,0.2426470588235294,0,0.3902439024390244
Danny Woodhead,0.1429425837320574,0.4151943462897526,0.4546004842615012,0.4758454106280193,0.4409826243259437,0.2206320810971973,0.3626112759643917,0.3425219941348973,0,0.3463785046728972
Jake Long,0.0757211538461538,0.104066985645933,0.163133097762073,0.137409200968523,0.2077294685990338,0.231276213301378,0.1419200954084675,0.0528189910979228,0,0.1008797653958944
Bradie James,0.5679851668726823,0.6359756097560976,0.7478839177750907,0.8865419432709717,0.949374627754616,0.986778846153846,0.9820574162679426,0.9852767962308598,0,0.9328087167070218
Arnaz Battle,0.5339925834363412,0.5664634146341463,0.5646916565900847,0.4616777308388654,0.3275759380583681,0.3233173076923077,0.5239234449760766,0.5547703180212014,0,0.5472154963680388
Ray McDonald,0.4532459797498511,0.5895432692307693,0.6632775119617225,0.7591283863368669,0.801452784503632,0.8115942028985508,0.8028759736369083,0.7817531305903399,1,
Nolan Carroll,0.4799764428739694,0.6016949152542372,0.716183574879227,0.8268424206111444,0.8181276088252832,0.8605341246290801,0.8428152492668621,0.8218457943925234,1,
Isaiah Johnson,0.1329376854599406,0.1888563049853372,0.3428738317757009,0.3995327102803738,0.4035502958579882,0.3544378698224852,0.3005366726296959,0.4539627039627039,1,
Dustin Colquitt,0.1390568319226118,0.1804465902232951,0.1715306730196545,0.0865384615384615,0.0873205741626794,0.2373380447585394,0.3190072639225181,0.3085748792270531,0,0.2516476932294787
David Bruton,0.5442583732057417,0.5959952885747939,0.6089588377723971,0.6086956521739131,0.6267225883762733,0.6994633273703041,0.8344213649851632,0.8516129032258064,1,
Fernando Bryant,0.374414976599064,0.7264705882352941,0.7855227882037533,0.7587747287811104,0.7571075401730532,0.7701219512195122,0.7067714631197098,0.6916113458056729,0,0.7659321024419298
Kawann Short,0.6614739364889155,0.8020274299344067,0.9578635014836796,0.9700879765395894,0.9813084112149532,0.934319526627219,0.8509242695289206,0.6777389277389277,1,
Ernie Logan,0.150093808630394,0.1784386617100371,0.2163187855787476,0.1209829867674858,0.2150170648464164,0.1549053356282272,0.152428810720268,0.3371335504885993,0,0.4804992199687987
Jon Kitna,0.3102941176470588,0.306970509383378,0.3005743458838545,0.2558714462299135,0.1823170731707317,0.1469165659008464,0.296318648159324,0.3204288266825491,0,0.3389423076923077
Pat Hughes,0.2126436781609195,0.5326633165829145,0.6372549019607843,0.5560538116591929,0.3485477178423236,0.2204724409448819,0.4264705882352941,0.6376306620209059,1,
Billy Miller,0.3985294117647059,0.3592493297587131,0.4677728142948308,0.46168108776267,0.448780487804878,0.2146311970979443,0.0325890162945081,0.1042287075640262,0,0.1905048076923076
Brandon Moore,0.4601148691767709,0.5018541409147095,0.5042682926829268,0.4408536585365853,0.3633615477629988,0.3385731559854897,0.3156306578153289,0.3186481593240796,0,0.6021441334127456
Kevin Vickerson,0.3311494937462775,0.5955528846153846,0.6399521531100478,0.7656065959952886,0.7009685230024213,0.7632850241545893,0.6944278010784901,0.6881335718545021,1,
Danieal Manning,0.7791188895594447,0.8618225134008338,0.9158653846153846,0.9061004784688996,0.8869257950530035,0.8898305084745762,0.9166666666666666,0.9005392450569203,0,0.8717948717948718
Donald Driver,0.3102941176470588,0.4242627345844504,0.5398851308232291,0.5395550061804697,0.5176829268292683,0.4147521160822249,0.4188292094146047,0.3704586063132817,0,0.3106971153846153
Tony McDaniel,0.5165962582981292,0.5348421679571174,0.5991586538461539,0.6166267942583732,0.6914016489988222,0.700363196125908,0.6896135265700483,0.7285799880167765,0,0.7012522361359571
Norman Hand,0.0981067125645439,0.1591289782244556,0.6188925081433225,0.6817472698907956,0.8955882352941177,0.8250670241286864,0.7970644543714104,0.7212608158220025,0,0.6743902439024391
Jake Scott~,0.9696969696969696,0.9635036496350364,0.9827586206896552,0.949748743718593,0.9901960784313726,0.9775784753363228,0.9626556016597512,0.8818897637795275,0,0.9191176470588236
Gary Fencik,0.4488188976377952,0.7720588235294118,0.9233449477351916,0.858085808580858,0.9233128834355828,0.9174311926605504,0.9148514851485148,0.8127413127413128,0,0.8576709796672828
Derrick Mason,0.1890080428954423,0.144862795149968,0.1501854140914709,0.2439024390243902,0.3458282950423216,0.3500301750150875,0.3585467540202501,0.3395432692307692,0,0.4102870813397129
Chad Johnson,0.2969168900804289,0.3152520740268028,0.3362175525339926,0.275,0.2073760580411124,0.1617380808690404,0.0327575938058368,0.0372596153846153,0,0.0873205741626794
Darrion Scott,0.5774390243902439,0.7303506650544136,0.8430899215449608,0.8028588445503275,0.7013221153846154,0.1160287081339712,0.2373380447585394,0.3952784503631961,1,
Laquon Treadwell,0.1008797653958944,0.5356308411214953,0.5360946745562131,0.5229576624925462,0.0571095571095571,0.1897642323174238,0.1873508353221957,0.2751256281407035,1,
Dominic Rhodes,0.1890080428954423,0.144862795149968,0.2107540173053152,0.1310975609756097,0.1958887545344619,0.208207604103802,0.1155449672424061,0.134014423076923,1,
Barry Wilburn,0.1238447319778188,0.4338235294117647,0.9300595238095238,0.9264150943396228,0.8874296435272045,0.5065666041275797,0.2401500938086304,0.0594795539033457,0,0.064516129032258
Donovin Darius,0.4617784711388455,0.850735294117647,0.910857908847185,0.8883216336949585,0.8912237330037083,0.9652439024390244,0.9328899637243048,0.8738684369342185,0,0.5938058368076236
Frank Clark,0.6314540059347181,0.8598240469208212,0.9561915887850468,0.9923076923076924,0.9898628503279666,0.98018648018648,0.948821161587119,0.8943914081145584,0,0.8103015075376885
Henry Thomas,0.4553571428571428,0.769811320754717,0.951219512195122,0.9568480300187616,0.902439024390244,0.7639405204460966,0.7893738140417458,0.8298676748582231,0,0.938566552901024
Keith Willis,0.0321100917431192,0.3346534653465347,0.3803088803088803,0.4158964879852125,0.3952205882352941,0.5104166666666666,0.320754716981132,0.2138836772983114,0,0.350844277673546
Michael Koenen,0.0918984280532043,0.343995171997586,0.3907087552114354,0.4044471153846153,0.3815789473684211,0.4163722025912839,0.3686440677966102,0.4033816425120773,1,
Logan Mankins,0.0918984280532043,0.1852745926372963,0.1804645622394282,0.2746394230769231,0.2559808612440191,0.2797408716136631,0.059322033898305,0.0440821256038647,0,0.10964649490713
Patrick DiMarco,0.1068840579710145,0.2043139604553625,0.3846153846153846,0.4255192878338279,0.4398826979472141,0.4258177570093458,0.4100591715976331,0.3923673225998807,1,
Tim Fox,0.4813278008298755,0.6929133858267716,0.7941176470588235,0.6933797909407665,0.7524752475247525,0.8312883435582822,0.944954128440367,0.899009900990099,0,0.805019305019305
Ryan Sims,0.347160178685386,0.6946847960444994,0.7341463414634146,0.7315598548972189,0.5660832830416416,0.5628350208457416,0.6280048076923077,0.6931818181818182,0,0.666077738515901
Bilal Powell,0.3134057971014493,0.3672857998801677,0.5611210494931426,0.5454005934718101,0.5524926686217009,0.334696261682243,0.3449704142011834,0.3202146690518783,1,
Vaughan Johnson,0.213235294117647,0.625,0.7566037735849057,0.7617260787992496,0.6285178236397748,0.5046904315196998,0.654275092936803,0.8368121442125237,1,
Pat Terrell,0.1144465290806754,0.2420262664165103,0.2267657992565055,0.3206831119544592,0.2117202268431001,0.5460750853242321,0.5800344234079173,0.5896147403685092,0,0.50814332247557
Chris Gamble,0.7664634146341464,0.946795646916566,0.9776704888352444,0.9571173317450864,0.9368990384615384,0.930622009569378,0.9081272084805654,0.847457627118644,0,0.7475845410628019
Golden Tate,0.1035108958837772,0.1739130434782608,0.170760934691432,0.2242098986285032,0.1548961424332344,0.1730205278592375,0.1921728971962616,0.2863905325443787,0,0.3202146690518783
Les Miller,0.5520833333333334,0.4415094339622641,0.5572232645403377,0.474671669793621,0.6210131332082551,0.6486988847583643,0.5426944971537002,0.497164461247637,0,0.3276450511945392
Cory Redding,0.3640296662546353,0.6847560975609757,0.7563482466747279,0.8859384429692215,0.8636092912447886,0.8599759615384616,0.7828947368421053,0.8050647820965842,0,0.8220338983050848
Josh Evans1,0.0988274706867671,0.2019543973941368,0.3291731669266771,0.6220588235294118,0.7111260053619303,0.7753669432035737,0.7954264524103832,0.7012195121951219,0,0.5175332527206772
Blaine Gabbert,0.1035108958837772,0.1165458937198067,0.1180347513481126,0.0429338103756708,0.1329376854599406,0.1401759530791788,0.1226635514018691,0.1704142011834319,1,
Scott Radecic,0.332046332046332,0.6229205175600739,0.78125,0.9092261904761904,0.809433962264151,0.8461538461538461,0.575984990619137,0.6585365853658537,0,0.6431226765799256
Shaun Williams,0.2296416938110749,0.2386895475819032,0.7845588235294118,0.8565683646112601,0.9438417358008936,0.9320148331273176,0.876219512195122,0.8047158403869408,0,0.7948098974049487
Brett Maxie,0.3272058823529412,0.7291666666666666,0.6584905660377358,0.6716697936210131,0.6697936210131332,0.8705440900562852,0.8698884758364313,0.6375711574952562,0,0.3534971644612476
Mel Blount,0.1616161616161616,0.4160583941605839,0.7068965517241379,0.8743718592964824,0.9264705882352942,0.9865470852017936,0.979253112033195,0.9921259842519684,0,0.9558823529411764
Russell Okung,0.1012956419316843,0.059322033898305,0.0513285024154589,0.0437387657279808,0.1282051282051282,0.0694362017804154,0.2134897360703812,0.1308411214953271,0,0.1331360946745562
Tony Gonzalez,0.3102941176470588,0.3331099195710456,0.3286534779834077,0.2583436341161928,0.1310975609756097,0.2031438935912938,0.2914906457453228,0.3603335318642048,0,0.3413461538461538
Willie Alexander,0.6131386861313869,0.6436781609195402,0.7788944723618091,0.6862745098039216,0.7847533632286996,0.6680497925311203,0.8661417322834646,0.9044117647058824,0,0.9372822299651568
Cornelius Lucas,0.1282051282051282,0.0694362017804154,0.1196480938416422,0.0420560747663551,0.0343195266272189,0.0363744782349433,0.0256410256410256,0.0862564692351926,0,0.1801909307875895
Matthew Stafford,0.0873205741626794,0.1012956419316843,0.059322033898305,0.1630434782608695,0.3043738765727981,0.3786523553965414,0.3507418397626112,0.3214076246334311,0,0.2184579439252336
Lester Archambeau,0.3151969981238274,0.4275092936802974,0.4117647058823529,0.4177693761814744,0.4897610921501706,0.5748709122203098,0.8525963149078727,0.9657980456026058,0,0.9781591263650546
Chris Samuels,0.175,0.1595174262734584,0.2342054881940012,0.2756489493201483,0.2676829268292683,0.3125755743651753,0.2896801448400724,0.338892197736748,0,0.2890625
Brandon Marshall,0.5117682558841279,0.5330553901131626,0.5426682692307693,0.3977272727272727,0.3480565371024735,0.3093220338983051,0.3713768115942029,0.3804347826086957,0,0.408627920910725
Tim Johnson,0.1132075471698113,0.1932457786116322,0.3264540337711069,0.4071294559099437,0.3847583643122677,0.3889943074003795,0.2665406427221172,0.2389078498293515,0,0.2289156626506024
Torry Holt,0.3639705882352941,0.3860589812332439,0.396936821952776,0.4029666254635352,0.3213414634146341,0.3307134220072551,0.3216656608328304,0.3758189398451459,1,
Patrick Robinson,0.4787985865724382,0.7403147699757869,0.9027777777777778,0.8981426003594967,0.8688133571854502,0.7584569732937686,0.819941348973607,0.8790887850467289,0,0.8
Mike Fox,0.0600375234521576,0.0637898686679174,0.1988847583643122,0.3567362428842505,0.4896030245746692,0.6109215017064846,0.5197934595524957,0.3785594639865997,0,0.3599348534201954
Rickey Jackson,0.7660550458715596,0.897029702970297,0.9884169884169884,0.9741219963031424,0.9944852941176472,0.9821428571428572,0.9943396226415094,0.9699812382739212,0,0.949343339587242
Andra Davis,0.559029993618379,0.7824474660074165,0.8804878048780488,0.9534461910519952,0.9432709716354858,0.9178082191780822,0.8569711538461539,0.8594497607655502,0,0.8639575971731449
Tom Myers,0.3390804597701149,0.6180904522613065,0.7794117647058824,0.8609865470852018,0.8008298755186722,0.6456692913385826,0.8786764705882353,0.9860627177700348,0,0.9966996699669968
Brandon King,0.1012956419316843,0.259685230024213,0.2940821256038647,0.2540443379269023,0.0429338103756708,0.5507418397626113,0.5900293255131965,0.5934579439252337,0,0.5266272189349113
Robert Alford,0.689035350509287,0.7948717948717948,0.8973293768545995,0.930791788856305,0.917640186915888,0.8384615384615385,0.6923076923076923,0.5606060606060606,0,0.625646923519264
Chris Harris,0.7110036275695284,0.7990343995171998,0.8802858844550328,0.8449519230769231,0.8708133971291866,0.8987043580683156,0.8801452784503632,0.8523002421307506,0,0.7041062801932367
Laveranues Coles,0.3875,0.3612600536193029,0.3560944479897894,0.5519159456118665,0.550609756097561,0.558645707376058,0.4019312009656005,0.3335318642048838,0,0.3539663461538461
Derek Carr,0.1282051282051282,0.1845697329376854,0.1941348973607038,0.1664719626168224,0.129585798816568,0.1192605843768634,0.1165501165501165,0.0983323749281196,0,0.0972553699284009
Greg Wesley,0.7448529411764706,0.8954423592493298,0.9751116783663052,0.9814585908529048,0.9890243902439024,0.9897218863361548,0.9818949909474954,0.93210244192972,1,
Bob Sanders,0.6274390243902439,0.7660217654171705,0.8352444176222088,0.8945801072066706,0.8503605769230769,0.847488038277512,0.6731448763250883,0.5774818401937046,1,
Johnathan Cyprien,0.774715398442181,0.8455575432319619,0.943026706231454,0.9407624633431084,0.9258177570093458,0.814792899408284,0.6267143709004174,0.5407925407925408,1,
Terrell McClain,0.5054479418886199,0.5247584541062802,0.5566207309766327,0.5617173524150268,0.5602373887240356,0.6862170087976539,0.6927570093457944,0.727810650887574,0,0.6338700059630292
Shawn Barber,0.263843648208469,0.6989079563182528,0.913970588235294,0.8880697050938338,0.8985322271857051,0.9524103831891224,0.9707317073170731,0.8627569528415961,0,0.7429088714544357
Jon Condo,0.4079809410363311,0.4230769230769231,0.4808612440191387,0.6124852767962309,0.5907990314769975,0.6207729468599034,0.5344517675254643,0.56768038163387,0,0.5543026706231454
David Little,0.0231660231660231,0.1127541589648798,0.1378676470588235,0.2842261904761904,0.1075471698113207,0.2870544090056285,0.425891181988743,0.4840525328330206,0,0.395910780669145
Terrence McGee,0.6174289245982695,0.7951219512195122,0.9159613059250302,0.9136994568497284,0.9029184038117928,0.859375,0.8744019138755981,0.7873969375736161,0,0.648910411622276
Casey Hayward,0.803743961352657,0.8118633912522468,0.9409660107334524,0.8652818991097923,0.9736070381231672,0.9532710280373832,0.9514792899408284,0.8670244484197973,0,0.8001165501165501
Randy Gradishar,0.600896860986547,0.8298755186721992,0.9251968503937008,0.8897058823529411,0.6132404181184669,0.7821782178217822,0.9631901840490796,0.9839449541284404,0,0.9821782178217822
Junior Galette,0.2597173144876325,0.62590799031477,0.7403381642512077,0.89035350509287,0.9534883720930232,0.9293768545994066,0.817008797653959,0.6466121495327103,1,
Colt Anderson,0.4405182567726737,0.4800242130750605,0.6533816425120773,0.7022168963451169,0.7173524150268337,0.6433234421364985,0.5829912023460411,0.4988317757009345,1,
Bruce Smith,0.4140480591497227,0.7775735294117647,0.988095238095238,0.9886792452830188,0.9774859287054408,1.0,0.9943714821763602,0.9944237918215614,0,0.9411764705882352
Jerry Olsavsky,0.2007504690431519,0.2645403377110694,0.2833020637898686,0.0594795539033457,0.064516129032258,0.0699432892249527,0.1928327645051194,0.423407917383821,1,
Dexter McCleon,0.1139028475711892,0.265472312703583,0.4726989079563182,0.8602941176470589,0.9168900804289544,0.8947032546266752,0.8949320148331273,0.848780487804878,0,0.8615477629987908
Nick Hardwick,0.2024390243902439,0.2908101571946795,0.3277006638503319,0.1715306730196545,0.3275240384615384,0.3217703349282296,0.3515901060070671,0.059322033898305,0,0.1280193236714976
Monty Beisel,0.57171581769437,0.589661774090619,0.6291718170580964,0.7737804878048781,0.8234582829504232,0.8418829209414604,0.7319833234067897,0.6664663461538461,0,0.6160287081339713
Brian Orakpo,0.7870813397129187,0.9016489988221436,0.9812348668280872,0.9245169082125604,0.9526662672258838,0.8658318425760286,0.9222551928783382,0.901466275659824,0,0.9672897196261684
Orpheus Roye,0.1775544388609715,0.4576547231270358,0.6692667706708268,0.8669117647058824,0.8304289544235925,0.784301212507977,0.7799752781211372,0.7926829268292683,0,0.8065296251511487
Chester Taylor,0.0727504786215698,0.5568603213844252,0.5670731707317073,0.5804111245465539,0.4604707302353651,0.4038117927337701,0.125,0.2511961722488038,0,0.306831566548881
Roman Phifer,0.2026266416510319,0.5353159851301115,0.4952561669829222,0.6465028355387523,0.7935153583617748,0.882960413080895,0.8291457286432161,0.7817589576547231,0,0.8533541341653667
Darrell Jackson,0.3779411764705882,0.3773458445040214,0.3771537970644544,0.2861557478368356,0.1823170731707317,0.1469165659008464,0.3258901629450815,0.3186420488385944,0,0.3371394230769231
Josh Mauro,0.3744782349433512,0.6658753709198814,0.7190615835777127,0.7517523364485982,0.676923076923077,0.654144305307096,0.6264568764568764,0.5738930419781484,1,
Ted Washington2,0.0525328330206379,0.1840148698884758,0.3396584440227704,0.5803402646502835,0.6569965870307167,0.7314974182444062,0.7068676716917923,0.8094462540716613,0,0.7457098283931357
George Jamison,0.119047619047619,0.7188679245283018,0.8180112570356473,0.8705440900562852,0.7729831144465291,0.91635687732342,0.9506641366223908,0.9054820415879016,0,0.7201365187713311
Michael Dean Perry,0.4207547169811321,0.801125703564728,0.9230769230769232,0.9380863039399624,0.8661710037174721,0.8633776091081594,0.7032136105860114,0.773037542662116,0,0.6833046471600689
James Hasty,0.4679245283018868,0.8424015009380863,0.9099437148217636,0.8911819887429644,0.8215613382899628,0.8614800759013282,0.9338374291115312,0.955631399317406,0,0.9294320137693632
Mike Davis~,0.0625,0.2996515679442508,0.6897689768976898,0.5521472392638037,0.7568807339449541,0.5485148514851486,0.5540540540540541,0.3197781885397412,1,
Tom Johnson,0.5744552058111381,0.6727053140096618,0.7273816656680647,0.7906976744186046,0.8219584569732937,0.8504398826979472,0.8078271028037384,0.8005917159763314,1,
Brian Russell,0.5807275047862157,0.8714462299134734,0.948780487804878,0.9685610640870616,0.8943874471937237,0.8612269207861822,0.828125,0.7816985645933014,1,
Mark Lee,0.5429447852760736,0.7178899082568807,0.801980198019802,0.6698841698841699,0.7504621072088724,0.8639705882352942,0.8526785714285714,0.8169811320754717,0,0.6116322701688556
LeSean McCoy,0.0873205741626794,0.1472320376914016,0.2487893462469733,0.2717391304347826,0.2917914919113241,0.2128801431127012,0.1489614243323442,0.1196480938416422,0,0.1226635514018691
Casey Wiegmann,0.175,0.1595174262734584,0.177409061901723,0.2058096415327565,0.2359756097560975,0.2073760580411124,0.2208811104405552,0.2048838594401429,0,0.3118990384615384
Marques Colston,0.0941460470730235,0.0589636688505062,0.134014423076923,0.1537081339712918,0.2114252061248527,0.2487893462469733,0.2717391304347826,0.3265428400239664,0,0.3136553369111509
Jeremiah Attaochu,0.6040548598688134,0.7721068249258161,0.8175953079178886,0.7745327102803738,0.6715976331360947,0.7078115682766846,0.8199300699300699,0.7659574468085106,0,0.6861575178997613
Phillip Buchanon,0.6968730057434588,0.919035846724351,0.973780487804878,0.9492140266021766,0.835847917923959,0.7945205479452054,0.8822115384615384,0.8989234449760766,0,0.92226148409894
Brian Kelley,0.2009803921568627,0.5650224215246636,0.5518672199170125,0.4960629921259842,0.3529411764705882,0.5714285714285714,0.528052805280528,0.7760736196319018,0,0.8256880733944955
Felix Wright,0.2365988909426987,0.5404411764705882,0.9449404761904762,0.9773584905660376,0.9943714821763602,0.9737335834896812,0.9324577861163228,0.7602230483271375,1,
Freddie Joe Nunn,0.3733826247689464,0.5790441176470589,0.8675595238095238,0.9528301886792452,0.9305816135084428,0.9136960600375236,0.8968105065666041,0.9219330855018588,0,0.9089184060721064
George Teague,0.2789373814041745,0.504725897920605,0.7457337883959044,0.8003442340791739,0.8023450586264657,0.7312703583061889,0.8564742589703588,0.9080882352941176,0,0.9101876675603218
Brendon Ayanbadejo,0.4808405438813349,0.6329268292682927,0.6964933494558646,0.7459263729631865,0.7468731387730793,0.7283653846153846,0.7105263157894737,0.6831566548881036,0,0.6882566585956417
David Mayo,0.4231454005934718,0.5026392961876833,0.5794392523364486,0.6011834319526628,0.7262969588550984,0.7657342657342657,0.780333525014376,0.7100238663484487,0,0.710427135678392
Latavius Murray,0.2903995229576624,0.3614243323442137,0.3765395894428152,0.2272196261682243,0.0343195266272189,0.0363744782349433,0.0256410256410256,0.1207590569292696,0,0.1193317422434367
Kelly Gregg,0.4892761394101876,0.6419910657306956,0.7657601977750309,0.8341463414634146,0.8548972188633616,0.8817139408569704,0.8904109589041096,0.8299278846153846,0,0.7822966507177034
Al Wilson,0.3900156006240249,0.8352941176470589,0.8934316353887399,0.9285258455647736,0.8986402966625463,0.9615853658536584,0.9365175332527208,0.9468919734459867,1,
Greg Jones,0.1273031825795645,0.2394136807817589,0.2652106084243369,0.5845588235294118,0.5475871313672922,0.5430759412890874,0.4622991347342398,0.3664634146341463,0,0.3694074969770254
Chartric Darby,0.5603217158176944,0.6560306317804723,0.7552533992583437,0.7993902439024391,0.7914147521160823,0.7845503922751962,0.7296009529481834,0.7229567307692307,1,
Cliff Harris,0.7777777777777778,0.6642335766423357,0.7873563218390804,0.6733668341708543,0.7254901960784313,0.7937219730941704,0.8589211618257261,0.8779527559055118,0,0.8382352941176471
Tyvon Branch,0.5973557692307693,0.7924641148325359,0.9375736160188456,0.9576271186440678,0.9414251207729468,0.8346315158777711,0.7459749552772809,0.7905044510385757,0,0.8146627565982405
Garrison Sanborn,0.0873205741626794,0.4870435806831567,0.5012106537530266,0.5229468599033816,0.4871180347513481,0.4579606440071556,0.4551928783382789,0.4439882697947214,0,0.4141355140186916
Zeke Moore,0.9595959595959596,0.9051094890510948,0.8045977011494253,0.3869346733668342,0.4313725490196078,0.8251121076233184,0.908713692946058,0.8976377952755905,1,
Leonard Marshall,0.0475247524752475,0.3996138996138996,0.6746765249537893,0.9154411764705882,0.9345238095238096,0.8679245283018868,0.8405253283302064,0.8142589118198874,0,0.8311444652908068
Kevin Smith1,0.1356877323420074,0.5218216318785579,0.5652173913043478,0.5255972696245734,0.414802065404475,0.3869346733668342,0.4902280130293159,0.3619344773790952,0,0.625
Adrian Amos,0.6213649851632047,0.7548387096774194,0.9164719626168224,0.9497041420118344,0.9558735837805604,0.9428904428904428,0.936745255894192,0.9272076372315036,0,0.8222361809045227
Martellus Bennett,0.125,0.1590909090909091,0.2208480565371024,0.2941888619854721,0.392512077294686,0.4056321150389455,0.3011329755515802,0.2902077151335311,1,
Brian Walker,0.1996557659208261,0.1876046901172529,0.4218241042345277,0.4134165366614664,0.9220588235294118,0.9249329758713136,0.9521378430121252,0.8368355995055624,1,
Phil Dawson,0.3102941176470588,0.2607238605898123,0.2641991065730695,0.3189122373300371,0.3091463414634146,0.4014510278113664,0.3814121907060953,0.3621203097081596,0,0.1502403846153846
Mark Barron,0.7010869565217391,0.8382264829239066,0.8968395945140131,0.9329376854599406,0.9483870967741936,0.9649532710280374,0.9289940828402368,0.9111508646392368,1,
Sean Gilbert,0.3866171003717472,0.6907020872865275,0.782608695652174,0.7918088737201365,0.693631669535284,0.5309882747068677,0.6058631921824105,0.6380655226209049,0,0.911029411764706
D.J. Williams,0.725609756097561,0.7684401451027811,0.8406759203379601,0.8427635497319833,0.8792067307692307,0.9132775119617224,0.9187279151943464,0.8492736077481841,0,0.725181598062954
Derrick Martin2,0.3331321665660833,0.6360929124478857,0.6370192307692307,0.6608851674641149,0.6130742049469965,0.6150121065375302,0.606280193236715,0.5404433792690234,1,
Ryan Pickett,0.5053619302949062,0.6477345245692406,0.7138442521631644,0.7725609756097561,0.7762998790810157,0.8171394085697042,0.7861822513400833,0.7716346153846154,0,0.7278708133971292
Billy Bajema,0.2992744860943168,0.3627036813518406,0.4061941631923764,0.4296875,0.4330143540669856,0.4246171967020024,0.1186440677966101,0.0440821256038647,0,0.1677651288196525
Lional Dalton,0.1669266770670827,0.575735294117647,0.6099195710455764,0.6279514996809189,0.6545117428924598,0.7219512195121951,0.6970979443772672,0.6849728424864212,1,
Anthony McFarland,0.0826833073322932,0.6882352941176471,0.7875335120643432,0.803446075303127,0.7713226205191595,0.7414634146341463,0.7466747279322854,0.7248038624019312,1,
Ryan Denney,0.4135290363752393,0.6903584672435105,0.7957317073170732,0.8542926239419589,0.8883524441762221,0.8594401429422275,0.8810096153846154,0.8169856459330144,0,0.7826855123674912
Rod Smith1,0.0799256505576208,0.0910815939278937,0.2155009451795841,0.167235494880546,0.2134251290877797,0.0737018425460636,0.260586319218241,0.2277691107644305,0,0.5985294117647059
Jeremy Shockey,0.2935545628589662,0.3213844252163164,0.3134146341463414,0.1185006045949214,0.048280024140012,0.2459797498511018,0.2566105769230769,0.3104066985645933,0,0.2114252061248527
Charles Haley,0.6231617647058824,0.8005952380952381,0.9339622641509434,0.9380863039399624,0.9812382739212008,0.9606003752345216,0.79182156133829,0.7020872865275142,0,0.831758034026465
Greg Buttle,0.3029045643153527,0.6496062992125984,0.7794117647058824,0.7700348432055749,0.6402640264026402,0.8466257668711656,0.8692660550458715,0.9089108910891088,0,0.7722007722007722
Tony Pashos,0.0918984280532043,0.048280024140012,0.0446694460988683,0.180889423076923,0.208133971291866,0.2243816254416961,0.0405569007263922,0.0440821256038647,0,0.1677651288196525
Brandon Banks,0.0400471142520612,0.0405569007263922,0.0440821256038647,0.0437387657279808,0.0429338103756708,0.0409495548961424,0.039882697947214,0.1226635514018691,1,
Curtis Johnson~,0.5858585858585859,0.708029197080292,0.7816091954022989,0.7487437185929648,0.5833333333333334,0.6367713004484304,0.5560165975103735,0.7598425196850394,0,0.6727941176470589
Kimo von Oelhoffen,0.0705679862306368,0.0653266331658291,0.0716612377850162,0.1794071762870515,0.6485294117647059,0.7372654155495979,0.7447351627313338,0.804079110012361,0,0.7804878048780488
Albert McClellan,0.4654963680387409,0.623792270531401,0.6530856800479329,0.6338700059630292,0.5827893175074184,0.6868035190615835,0.6594626168224299,0.6295857988165681,0,0.4692903995229576
Desmond Clark,0.3419117647058823,0.3029490616621983,0.3611997447351627,0.3702101359703337,0.3804878048780488,0.5223700120918985,0.5147857573928787,0.50565812983919,0,0.2001201923076923
Darren Perry,0.5185873605947955,0.7590132827324478,0.9281663516068052,0.9351535836177476,0.9759036144578314,0.9564489112227804,0.9478827361563518,0.748829953198128,0,0.8404411764705882
Louis Wright,0.2286995515695067,0.4024896265560166,0.8228346456692913,0.7867647058823529,0.7979094076655052,0.4422442244224422,0.2239263803680981,0.4954128440366973,0,0.7623762376237624
Virgil Green,0.299636803874092,0.4009661835748792,0.4475733972438586,0.4347048300536673,0.4397626112759644,0.4428152492668621,0.3878504672897196,0.1520710059171597,0,0.1192605843768634
Isiah Robertson,0.4890510948905109,0.4425287356321839,0.7989949748743719,0.7009803921568627,0.9147982062780268,0.9045643153526972,0.8937007874015748,0.5588235294117647,0,0.5331010452961672
Charles Clay,0.1068840579710145,0.2606351108448173,0.2552176505664877,0.316320474777448,0.1988269794721407,0.2348130841121495,0.129585798816568,0.182468694096601,1,
Terry McDaniel,0.1857410881801125,0.4540337711069418,0.5121951219512195,0.6133828996282528,0.683111954459203,0.8714555765595463,0.8976109215017065,0.8984509466437177,0,0.7169179229480737
Louis Oliver,0.4221388367729831,0.8874296435272045,0.9681050656660412,0.9869888475836432,0.9582542694497154,0.947069943289225,0.7337883959044369,0.7573149741824441,1,
Mike Purcell,0.1282051282051282,0.4955489614243323,0.6516129032258065,0.634929906542056,0.6029585798816568,0.5706618962432916,0.6247086247086248,0.6935020126509488,0,0.714200477326969
Gary Plummer,0.3547794117647059,0.6904761904761905,0.6,0.3377110694183864,0.0375234521575985,0.3377110694183864,0.6263940520446096,0.8064516129032258,0,0.7448015122873346
Thomas Smith,0.0964083175803402,0.2354948805460751,0.2874354561101549,0.2110552763819095,0.1270358306188925,0.1950078003120124,0.65,0.6481233243967829,1,
Kroy Biermann,0.5739182692307693,0.7972488038277512,0.8851590106007067,0.9315980629539952,0.8852657004830918,0.8256440982624326,0.8133571854502087,0.827893175074184,1,
Michael Schofield,0.511572700296736,0.5249266862170088,0.5356308411214953,0.0449704142011834,0.1699463327370304,0.1491841491841491,0.1581368602645198,0.0739856801909307,1,
Reuben Droughns,0.2969168900804289,0.5692405871091257,0.5988875154511742,0.6073170731707317,0.5133010882708585,0.4846107423053711,0.5646217986896962,0.5751201923076923,1,
Ernie Sims,0.7284248642124321,0.8969624776652769,0.9435096153846154,0.9078947368421052,0.8462897526501767,0.8050847457627118,0.7940821256038647,0.7675254643499101,1,
Larry Webster1,0.0687732342007435,0.0815939278937381,0.0775047258979206,0.0631399317406143,0.06368330464716,0.0586264656616415,0.0684039087947882,0.0982839313572542,0,0.5022058823529412
Curtis Lofton,0.6941105769230769,0.8415071770334929,0.9464075382803298,0.9842615012106536,0.9873188405797102,0.9802276812462551,0.9493142516398332,0.911572700296736,1,
Barkevious Mingo,0.6620730976632714,0.7453786523553966,0.7821958456973294,0.7302052785923754,0.8399532710280374,0.8775147928994083,0.8711985688729875,0.7744755244755245,1,
Everson Griffen,0.4057714958775029,0.6803874092009685,0.8725845410628019,0.9221090473337328,0.9576624925462136,0.9501483679525222,0.9853372434017597,0.9889018691588785,0,0.9798816568047336
Tony Hargrove,0.5713414634146341,0.720677146311971,0.7616173808086905,0.764145324597975,0.6508413461538461,0.7159090909090909,0.7173144876325088,0.7602905569007264,1,
Domata Peko,0.6288473144236573,0.7248362120309708,0.7944711538461539,0.7559808612440191,0.7538280329799765,0.7530266343825666,0.8031400966183575,0.8322348711803476,0,0.7984496124031008
Niles Paul,0.3414043583535109,0.4752415458937198,0.5254643499101258,0.554561717352415,0.5086053412462908,0.493841642228739,0.389018691588785,0.421301775147929,1,
Seth Joyner,0.21875,0.7723214285714286,0.9358490566037736,0.9681050656660412,0.9343339587242028,0.9849906191369606,0.9962825278810408,0.9981024667931688,0,0.9848771266540642
Josh McCown,0.0797280593325092,0.1926829268292683,0.2865779927448609,0.264333132166566,0.1113758189398451,0.0372596153846153,0.0370813397129186,0.0400471142520612,0,0.0405569007263922
David Barrett,0.5742647058823529,0.7808310991957105,0.8902361199744735,0.9177997527812114,0.9158536585365854,0.9232164449818622,0.931804465902233,0.9005360333531864,0,0.8305288461538461
Justin Gage,0.1279357231149567,0.1115853658536585,0.5102781136638452,0.5093542546771274,0.521143537820131,0.3383413461538461,0.3827751196172249,0.3315665488810365,1,
Bryan Bulaga,0.1472320376914016,0.1186440677966101,0.1225845410628019,0.0437387657279808,0.0429338103756708,0.0409495548961424,0.1612903225806451,0.1308411214953271,0,0.1331360946745562
Jerome Woods,0.5979899497487438,0.8224755700325733,0.9032761310452418,0.9264705882352942,0.9202412868632708,0.8602425015954053,0.9443757725587144,0.9079268292682928,0,0.909310761789601
Rodney Hudson,0.1035108958837772,0.2288647342995169,0.2648292390653086,0.2599880739415623,0.228486646884273,0.1941348973607038,0.1664719626168224,0.1816568047337278,0,0.3136553369111509
Vencie Glenn,0.3088235294117647,0.9285714285714286,0.9622641509433962,0.9793621013133208,0.8330206378986866,0.8142589118198874,0.7527881040892194,0.8519924098671727,0,0.8790170132325141
Thomas Gafford,0.3271531100478468,0.5,0.5006053268765133,0.5102657004830918,0.4068304373876573,0.3404889683959451,0.3513353115727003,0.2944281524926686,1,
Rod Jones,0.0459558823529411,0.2976190476190476,0.2283018867924528,0.1538461538461538,0.0900562851782364,0.0431519699812382,0.1449814126394052,0.1992409867172675,0,0.2003780718336484
Hank Poteat,0.4397058823529411,0.4463806970509383,0.5539246968730057,0.5302843016069221,0.5073170731707317,0.5912938331318017,0.6584188292094146,0.7516378796902918,0,0.84375
T.J. Ward,0.751472320376914,0.7851089588377724,0.8635265700483091,0.8945476333133613,0.9445438282647584,0.9341246290801188,0.9008797653958944,0.8247663551401869,1,
Ron George,0.1518026565464895,0.1568998109640831,0.1501706484641638,0.3528399311531842,0.3433835845896147,0.3517915309446254,0.0717628705148206,0.4286764705882352,1,
Chris Baker,0.0797280593325092,0.1926829268292683,0.2515114873035066,0.3470126735063367,0.3424657534246575,0.3185096153846153,0.1770334928229665,0.0400471142520612,0,0.0405569007263922
Isaac Bruce,0.2588235294117647,0.2158176943699732,0.3509891512444161,0.3850432632880098,0.4810975609756097,0.5544135429262395,0.5461677730838865,0.4979154258487194,0,0.134014423076923
Clint Kriewaldt,0.1123244929797191,0.6147058823529412,0.6635388739946381,0.6553924696873006,0.6508034610630408,0.6780487804878049,0.6916565900846433,0.6837658418829209,0,0.6414532459797498
Brian Simmons,0.4723127035830619,0.656786271450858,0.8727941176470588,0.9189008042895442,0.93873643905552,0.9839307787391842,0.9884146341463416,0.99093107617896,0,0.9788774894387448
Bruce Miller,0.3765133171912833,0.483695652173913,0.5080886758538047,0.4633273703041144,0.4385756676557863,0.419941348973607,0.4036214953271028,0.0343195266272189,0,0.0363744782349433
Jean-Philippe Darche,0.3742647058823529,0.3605898123324397,0.3554562858966177,0.3510506798516687,0.3884146341463415,0.4129383313180169,0.3608931804465902,0.3770101250744491,0,0.3912259615384615
Ron McDole,0.5547445255474452,0.4885057471264368,0.4824120603015075,0.0245098039215686,0.0179372197309417,0.0165975103734439,0.2677165354330709,0.3382352941176471,1,
Vonta Leach,0.2591463414634146,0.4177750906892382,0.4411587205793603,0.4508636092912448,0.4284855769230769,0.4216507177033493,0.444640753828033,0.4188861985472155,0,0.4402173913043478
Tony Siragusa,0.1013133208255159,0.4277673545966229,0.6617100371747212,0.7324478178368121,0.8034026465028355,0.7781569965870307,0.7521514629948365,0.423785594639866,0,0.247557003257329
D.J. Swearinger,0.6554823247453565,0.8032200357781754,0.799406528189911,0.8592375366568915,0.8966121495327103,0.953846153846154,0.9105545617173524,0.8111888111888111,1,
Leonard Davis,0.1914486279514997,0.2354758961681087,0.3018292682926829,0.2515114873035066,0.2981291490645745,0.1804645622394282,0.1502403846153846,0.0873205741626794,1,
Kevin Greene,0.1580882352941176,0.5699404761904762,0.7396226415094339,0.8442776735459663,0.8667917448405253,0.7166979362101313,0.5631970260223048,0.5047438330170778,0,0.6748582230623819
Ray Seals,0.0281425891181988,0.0581613508442776,0.1782363977485928,0.3271375464684015,0.5768500948766604,0.7051039697542533,0.8668941979522184,0.7469879518072289,0,0.6147403685092128
Elvis Dumervil,0.7447193723596862,0.9469922572960096,0.9717548076923076,0.9916267942583732,0.9363957597173144,0.9388619854721548,0.9190821256038648,0.976033553025764,0,0.9952295766249256
Bashaud Breeland,0.7364341085271318,0.9086053412462908,0.9806451612903224,0.981892523364486,0.9597633136094674,0.9308288610614192,0.9265734265734266,0.9453709028177112,1,
Charles Romes,0.6213235294117647,0.627177700348432,0.7887788778877888,0.7484662576687117,0.8279816513761468,0.8435643564356435,0.8011583011583011,0.9131238447319778,0,0.9264705882352942
Keith Hamilton,0.4460966542750929,0.7362428842504743,0.8412098298676749,0.8310580204778157,0.6884681583476764,0.7939698492462312,0.7947882736156352,0.8517940717628705,0,0.8963235294117647
Jon McGraw,0.583918315252074,0.6316440049443758,0.7158536585365853,0.6874244256348246,0.6940253470126735,0.6170339487790352,0.6784855769230769,0.7248803827751196,0,0.7974087161366313
Tress Way,0.1806797853309481,0.2362017804154302,0.2346041055718475,0.1226635514018691,0.1159763313609467,0.2164579606440071,0.2733100233100233,0.2978723404255319,1,
La'el Collins,0.3305637982195846,0.3466275659824047,0.3452102803738318,0.1816568047337278,0.2367322599880739,0.1404428904428904,0.1385853939045428,0.1491646778042959,1,
Randall Godfrey,0.3450586264656616,0.6840390879478827,0.8096723868954758,0.975735294117647,0.9658176943699732,0.9508615188257816,0.8399258343634116,0.8859756097560976,0,0.9383313180169288
Charles Mincy,0.8048327137546468,0.889943074003795,0.9395085066162572,0.8156996587030717,0.6970740103270223,0.626465661641541,0.7296416938110749,0.7441497659906396,1,
Herman Edwards,0.5039370078740157,0.8235294117647058,0.89198606271777,0.8448844884488449,0.6257668711656442,0.7431192660550459,0.6534653465346535,0.555984555984556,0,0.55637707948244
Joey Porter,0.3962558502340094,0.8897058823529411,0.9792225201072386,0.9974473516273132,0.9944375772558716,0.9902439024390244,0.9824667472793228,0.9885334942667472,0,0.9851101846337106
Winston Moss,0.3839285714285714,0.2528301886792453,0.4878048780487805,0.5459662288930581,0.7410881801125704,0.7546468401486989,0.5256166982922201,0.5425330812854442,0,0.6313993174061433
Darwin Walker,0.4684986595174262,0.7492022973835354,0.842398022249691,0.8969512195121951,0.8657799274486094,0.8774894387447194,0.8374032162001191,0.7578125,1,
Marquise Goodwin,0.1677651288196525,0.2206320810971973,0.2189910979228486,0.2134897360703812,0.5362149532710281,0.5467455621301776,0.530113297555158,0.2162004662004662,0,0.1207590569292696
Ryan McNeil,0.1726755218216318,0.2476370510396975,0.3856655290102389,0.4492254733218588,0.7621440536013401,0.7850162866449512,0.6755070202808112,0.7205882352941176,0,0.8579088471849866
Lance Schulters,0.5787831513260531,0.9022058823529412,0.9524128686327078,0.95788130185067,0.9134734239802224,0.8573170731707317,0.8591293833131801,0.8189499094749547,0,0.821917808219178
Lito Sheppard,0.4365028717294192,0.6823238566131026,0.9048780487804878,0.9552599758162033,0.9794809897404948,0.9422275163787968,0.9092548076923076,0.7649521531100478,0,0.6949352179034158
Stephen Anderson,0.2914956011730205,0.3393691588785046,0.3497041420118343,0.1878354203935599,0.3432400932400932,0.4002300172512938,0.4266109785202864,0.4114321608040201,1,
Jim Marsalis,0.7676767676767676,0.7226277372262774,0.7528735632183908,0.7135678391959799,0.5882352941176471,0.452914798206278,0.0746887966804979,0.1889763779527559,1,
Tramon Williams,0.5807027992852889,0.8347355769230769,0.9324162679425836,0.9840989399293286,0.9854721549636803,0.9734299516908212,0.9658478130617136,0.9421586165772212,0,0.9359050445103858
Ethan Westbrooks,0.3899821109123434,0.6308605341246291,0.7519061583577713,0.8054906542056075,0.7585798816568048,0.6434108527131783,0.4685314685314685,0.0862564692351926,1,
Jerry Wilson,0.1658291457286432,0.2817589576547231,0.4633385335413416,0.7661764705882353,0.7486595174262735,0.6745373324824505,0.7521631644004945,0.8701219512195122,0,0.8730350665054414
Adam Jones,0.5634824667472793,0.8455039227519614,0.8469326980345444,0.8539663461538461,0.6118421052631579,0.7714958775029447,0.7124697336561744,0.7807971014492754,0,0.8621929298981426
Danny Trevathan,0.5519323671497585,0.8825644098262433,0.8920691711389386,0.9614243323442137,0.8469208211143695,0.9322429906542056,0.9384615384615383,0.9403697078115684,0,0.9335664335664337
Damontre Moore,0.566806470940683,0.7048300536672629,0.7988130563798219,0.7994134897360704,0.7167056074766355,0.4982248520710059,0.5605247465712582,0.6357808857808858,1,
Trent Cole,0.6813784764207981,0.8780929390464696,0.9815366289458012,0.9927884615384616,0.992822966507177,0.9811542991755006,0.9800242130750604,0.9317632850241546,0,0.9412822049131216
Aaron Glenn,0.3225255972696246,0.7349397590361446,0.7906197654941374,0.8355048859934854,0.6786271450858035,0.8779411764705882,0.9142091152815014,0.9719208679004468,0,0.9592088998763906
Mohamed Sanu,0.2463768115942029,0.3337327741162372,0.370304114490161,0.31513353115727,0.2797653958944281,0.2184579439252336,0.2189349112426035,0.2850327966607036,0,0.2733100233100233
Hugh Green,0.5613496932515337,0.8486238532110092,0.9643564356435644,0.9305019305019304,0.9149722735674676,0.7077205882352942,0.6919642857142857,0.5037735849056604,0,0.6303939962476548
Keith Brooking,0.3355048859934853,0.5475819032761311,0.8382352941176471,0.9162198391420912,0.9585194639438416,0.969715698393078,0.9695121951219512,0.9727932285368804,0,0.975859987929994
Kelvin Hayden,0.5066505441354293,0.6578153289076645,0.8385944014294223,0.9362980769230768,0.9318181818181818,0.9393404004711424,0.8686440677966102,0.9015700483091788,1,
Eric Weems,0.180889423076923,0.4108851674641148,0.4805653710247349,0.5072639225181598,0.5694444444444444,0.6375074895146795,0.7036374478234944,0.6759643916913947,0,0.6668621700879765
Jimmie Jones,0.2213883677298311,0.3527204502814259,0.4442379182156133,0.4307400379506641,0.5671077504725898,0.515358361774744,0.5989672977624785,0.4539363484087102,1,
Bobby Jackson,0.4963235294117647,0.818815331010453,0.8679867986798679,0.5736196319018405,0.7385321100917431,0.6574257425742575,0.5694980694980695,0.277264325323475,1,
Darryn Colledge,0.1042287075640262,0.1033653846153846,0.1160287081339712,0.1012956419316843,0.25,0.3460144927536231,0.3277411623726782,0.2665474060822898,1,
Demetric Evans,0.5134048257372654,0.5373324824505424,0.5389369592088998,0.6012195121951219,0.6765417170495768,0.7097163548581774,0.6998213222156046,0.7169471153846154,0,0.7177033492822966
Kiwaukee Thomas,0.5301470588235294,0.6642091152815014,0.6962348436502872,0.7181705809641533,0.6457317073170732,0.6215235792019347,0.6059143029571514,0.6783799880881477,1,
Omar Stoutmire,0.3098827470686767,0.5358306188925082,0.7238689547581904,0.825,0.7560321715817694,0.7007019783024888,0.8516687268232386,0.8402439024390244,0,0.7853688029020556
Vernon Fox,0.5947670708359923,0.6254635352286774,0.6310975609756098,0.5435308343409916,0.7139408569704285,0.7278141751042287,0.7674278846153846,0.6309808612440191,1,
Toi Cook,0.0886792452830188,0.5272045028142589,0.7542213883677298,0.8461538461538461,0.8921933085501859,0.8652751423149905,0.7977315689981096,0.4761092150170648,0,0.5972461273666093
R.W. McQuarters,0.1294851794071763,0.7110294117647059,0.8572386058981233,0.8825781748564135,0.865265760197775,0.8609756097560975,0.8821039903264812,0.9034399517199758,0,0.8111971411554497
Jamaal Charles,0.180889423076923,0.3899521531100478,0.4075382803297998,0.3716707021791767,0.2077294685990338,0.3541042540443379,0.3410852713178294,0.3347181008902077,0,0.1941348973607038
Greg Kragen,0.044362292051756,0.0606617647058823,0.375,0.3849056603773585,0.6285178236397748,0.651031894934334,0.6529080675422139,0.7695167286245354,0,0.7514231499051234
Jahleel Addae,0.5757938885560215,0.7489564698867024,0.8059347181008902,0.9043988269794722,0.897196261682243,0.9159763313609468,0.8664281454979129,0.8502331002331003,0,0.7366302472685451
LaMarr Woodley,0.6075044669446099,0.8425480769230769,0.9455741626794258,0.983510011778563,0.9727602905569008,0.9371980676328504,0.877771120431396,0.7775790101371497,0,0.6771513353115727
Antwaan Randle El,0.1914486279514997,0.1915945611866502,0.2298780487804878,0.1590084643288996,0.208207604103802,0.1852293031566408,0.2409855769230769,0.3235645933014354,1,
Gus Frerotte,0.175,0.0509383378016085,0.1001914486279515,0.0797280593325092,0.0512195121951219,0.0326481257557436,0.0325890162945081,0.0327575938058368,0,0.125
Neal Olkewicz,0.1045296167247386,0.1353135313531353,0.696319018404908,0.8394495412844036,0.9168316831683168,0.806949806949807,0.7800369685767098,0.8216911764705882,0,0.8258928571428571
Jacob Tamme,0.2668269230769231,0.437200956937799,0.4705535924617197,0.4721549636803874,0.4716183574879227,0.4859197124026363,0.4621347644603458,0.4421364985163205,1,
Ahtyba Rubin,0.4314903846153846,0.6357655502392344,0.7767962308598351,0.8559322033898306,0.8743961352657005,0.8544038346315159,0.7972570065593322,0.7637982195845697,0,0.8287390029325513
Trevor Pryce,0.1490787269681742,0.5,0.8065522620904836,0.9727941176470588,0.9758713136729222,0.9661774090619016,0.938195302843016,0.8810975609756098,0,0.8301088270858524
Roman Harper,0.5872057936028968,0.863013698630137,0.9134615384615384,0.9431818181818182,0.9634864546525324,0.9878934624697336,0.9891304347826086,0.9292989814260036,0,0.9367918902802624
Eric Hicks,0.4368174726989079,0.8588235294117647,0.9316353887399464,0.9610721123165284,0.9245982694684796,0.8975609756097561,0.8506650544135429,0.7869643934821967,0,0.7361524717093508
Jeff Backus,0.3217158176943699,0.2807913209955329,0.3108776266996291,0.1310975609756097,0.1469165659008464,0.2154496077248038,0.1995235259082787,0.2518028846153846,0,0.3696172248803828
Ronald McKinnon,0.2596314907872696,0.5244299674267101,0.5663026521060842,0.8558823529411764,0.9048257372654156,0.9400127632418634,0.9159456118665018,0.8371951219512195,0,0.81136638452237
Luke Stocker,0.1035108958837772,0.2288647342995169,0.207309766327142,0.5414430530709601,0.5210682492581602,0.5372434017595308,0.2821261682242991,0.3615384615384615,0,0.3935599284436494
Stanley Richard,0.3283302063789868,0.6895910780669146,0.7552182163187856,0.9357277882797732,0.9334470989761092,0.9776247848537004,0.9195979899497488,0.8762214983713354,1,
Jacob Bell,0.1506097560975609,0.1644498186215235,0.1617380808690404,0.0327575938058368,0.1658653846153846,0.1788277511961722,0.1666666666666666,0.1035108958837772,1,
Lee Evans,0.2024390243902439,0.3385731559854897,0.3916716958358479,0.5300774270399047,0.5318509615384616,0.5257177033492823,0.4081272084805654,0.3728813559322034,1,
Chad Williams,0.7511167836630505,0.8362175525339925,0.952439024390244,0.9111245465538088,0.904043452021726,0.7605717689100655,0.6760817307692307,0.0370813397129186,0,0.0400471142520612
Jerome Henderson,0.2195121951219512,0.587360594795539,0.5332068311195446,0.4196597353497164,0.0631399317406143,0.1514629948364888,0.4472361809045226,0.6319218241042345,1,
Craig Robertson,0.7192028985507246,0.8370281605751947,0.9206917113893858,0.8991097922848664,0.9313782991202346,0.9316588785046728,0.8893491124260355,0.8127608825283243,0,0.6427738927738927
Jerry Holmes,0.5368098159509203,0.768348623853211,0.8891089108910891,0.6486486486486487,0.4695009242144177,0.4908088235294117,0.7023809523809523,0.7415094339622641,0,0.8142589118198874
Tim McKyer,0.3621323529411764,0.5505952380952381,0.6641509433962264,0.4671669793621013,0.6622889305816135,0.7110694183864915,0.6765799256505576,0.5142314990512334,0,0.217391304347826
Corey Graham,0.4502680166765932,0.7181490384615384,0.7446172248803827,0.7626619552414605,0.7239709443099274,0.8254830917874396,0.9179149191132414,0.9451401311866428,0,0.9774480712166173
Shaun Hill,0.1042287075640262,0.1442307692307692,0.1722488038277512,0.163133097762073,0.059322033898305,0.0513285024154589,0.0437387657279808,0.1848539057841383,1,
Niko Koutouvides,0.6121951219512195,0.6287787182587666,0.6385033192516596,0.6188207266229899,0.6123798076923077,0.6046650717703349,0.4917550058892815,0.5581113801452785,0,0.5634057971014492
Alonzo Spellman,0.1431226765799256,0.3130929791271347,0.6294896030245747,0.8600682593856656,0.9173838209982788,0.8157453936348409,0.511400651465798,0.3712948517940718,0,0.7397058823529412
Terrell Buckley,0.4256505576208178,0.5673624288425048,0.8525519848771267,0.7679180887372014,0.9208261617900172,0.9112227805695142,0.993485342019544,0.9500780031201248,0,0.9632352941176472
Alfonso Boone,0.5737265415549598,0.6611359285258456,0.707663782447466,0.7,0.6704957678355502,0.6777308388654194,0.703394877903514,0.6965144230769231,0,0.7326555023923444
Arrelious Benn,0.4134275618374558,0.4194915254237288,0.4788647342995169,0.4122228879568604,0.3542039355992844,0.0409495548961424,0.3090909090909091,0.3802570093457944,1,
Kurt Warner,0.1890080428954423,0.144862795149968,0.2107540173053152,0.0512195121951219,0.1185006045949214,0.1188895594447797,0.2430017867778439,0.2139423076923076,0,0.2314593301435406
Quintin Mikell,0.5580964153275649,0.677439024390244,0.7007255139056832,0.71997585998793,0.798094103633115,0.9326923076923076,0.9599282296650716,0.9758539458186102,0,0.9836561743341404
Leslie O'Neal,0.4117647058823529,0.5431547619047619,0.4981132075471698,0.3545966228893058,0.6341463414634146,0.7467166979362101,0.758364312267658,0.6470588235294118,0,0.6937618147448015
Mason Foster,0.736682808716707,0.8520531400966184,0.975434391851408,0.9505068574836016,0.9347181008902076,0.8486803519061583,0.8709112149532711,0.931360946745562,1,
Louis Murphy,0.1919856459330143,0.290341578327444,0.3093220338983051,0.1968599033816425,0.1180347513481126,0.1282051282051282,0.0694362017804154,0.1196480938416422,0,0.1226635514018691
Robin Cole,0.3267326732673267,0.6226993865030674,0.823394495412844,0.8613861386138614,0.8146718146718147,0.8835489833641405,0.8088235294117647,0.8779761904761905,0,0.7509433962264151
Terry Wooden,0.4577861163227016,0.6802973977695167,0.8406072106261859,0.941398865784499,0.9573378839590444,0.9122203098106711,0.7001675041876047,0.6433224755700325,1,
Shareece Wright,0.2560532687651332,0.5464975845410628,0.7165967645296585,0.7531305903398927,0.7454005934718101,0.7272727272727273,0.8066588785046729,0.8035502958579882,1,
Richard Rodgers,0.1282051282051282,0.1845697329376854,0.2727272727272727,0.2634345794392523,0.2680473372781065,0.182468694096601,0.2878787878787879,0.3087981598619896,1,
Josh Reed,0.1289087428206764,0.3930778739184178,0.373170731707317,0.3960096735187424,0.1738080869040434,0.2298987492555092,0.1442307692307692,0.263755980861244,1,
Calvin Pace,0.5896168108776267,0.7402439024390244,0.7666263603385731,0.79963789981895,0.8767123287671232,0.9795673076923076,0.9922248803827752,0.9864546525323912,0,0.9642857142857144
T.J. Turner,0.0477941176470588,0.275297619047619,0.2754716981132075,0.225140712945591,0.2138836772983114,0.1707317073170731,0.1561338289962825,0.1252371916508539,0,0.0699432892249527
John Harris,0.5073529411764706,0.6202090592334495,0.8745874587458746,0.950920245398773,0.9518348623853212,0.8534653465346534,0.6042471042471043,0.6025878003696857,0,0.7003676470588235
Chandler Jones,0.7506038647342995,0.914919113241462,0.975551580202743,0.9910979228486648,0.9964809384164224,0.9982476635514018,0.9976331360946744,1.0,0,0.9953379953379954
Gibril Wilson,0.7530487804878049,0.905683192261185,0.9692214846107424,0.9737939249553306,0.9759615384615384,0.9419856459330144,0.8792697290930507,0.7445520581113801,1,
Dan Wilkinson,0.3137996219281663,0.5938566552901023,0.7590361445783133,0.7520938023450586,0.755700325732899,0.859594383775351,0.9169117647058824,0.900804289544236,0,0.7396298659859605
Albert Lewis,0.4316831683168317,0.6312741312741312,0.9408502772643254,0.9613970588235294,0.9419642857142856,0.7075471698113207,0.6923076923076923,0.726078799249531,0,0.7598499061913696
Chris Claiborne,0.3868954758190328,0.8566176470588235,0.9597855227882036,0.98851308232291,0.9826946847960444,0.973170731707317,0.9026602176541716,0.7863608931804466,1,
John Lynch,0.3122866894197952,0.6901893287435457,0.8911222780569514,0.9446254071661238,0.9110764430577224,0.9536764705882352,0.9544235924932976,0.9336311423101468,0,0.9091470951792336
Bubba Franks,0.3235294117647059,0.3632707774798928,0.373962986598596,0.3955500618046971,0.3646341463414634,0.3688029020556227,0.3506336753168376,0.361524717093508,0,0.3611778846153846
Aaron Beasley,0.2719449225473322,0.3919597989949748,0.744299674267101,0.9407176287051482,0.9941176470588236,0.9765415549597856,0.8998085513720485,0.8906056860321384,0,0.9426829268292682
Brad St. Louis,0.3419117647058823,0.331769436997319,0.4339502233567326,0.4561186650185414,0.4554878048780488,0.4171704957678355,0.3397706698853349,0.1113758189398451,0,0.3972355769230769
Stan White,0.6080402010050251,0.7107843137254902,0.9506726457399104,0.925311203319502,0.9763779527559056,0.8161764705882353,0.7282229965156795,0.5148514851485149,0,0.5153374233128835
Raheem Mostert,0.1329376854599406,0.1401759530791788,0.4024532710280374,0.4449704142011834,0.5384615384615384,0.5046620046620046,0.4824611845888442,0.0739856801909307,1,
Randy Robbins,0.3745173745173745,0.4177449168207024,0.6691176470588235,0.6994047619047619,0.7943396226415095,0.7804878048780488,0.6866791744840526,0.575984990619137,0,0.5315985130111525
Jimmy Williams1,0.0825688073394495,0.1049504950495049,0.1274131274131274,0.1977818853974122,0.3216911764705882,0.6369047619047619,0.5094339622641509,0.6097560975609756,0,0.5084427767354597
Don Muhlbach,0.0975609756097561,0.2031438935912938,0.2486421243210621,0.2787373436569386,0.3118990384615384,0.5340909090909091,0.5471142520612485,0.5193704600484261,0,0.4070048309178743
Letroy Guion,0.0873205741626794,0.6224970553592462,0.6531476997578692,0.7306763285024155,0.74415817855003,0.802623732856291,0.7626112759643917,0.7448680351906158,1,
Cameron Brate,0.1329376854599406,0.3366568914956012,0.3662383177570093,0.3757396449704142,0.2468694096601073,0.0571095571095571,0.0862564692351926,0.1491646778042959,1,
Mark Thomas,0.0664136622390891,0.0907372400756143,0.1416382252559727,0.270223752151463,0.3283082077051926,0.4087947882736156,0.4180967238689547,0.7176470588235294,0,0.6963806970509383
Janoris Jenkins,0.8490338164251208,0.8975434391851408,0.986881335718545,0.9596439169139466,0.9741935483870968,0.9661214953271028,0.9674556213017752,0.9761478831246272,0,0.9685314685314684
J.C. Pearson,0.0294117647058823,0.0238095238095238,0.1396226415094339,0.1275797373358349,0.273921200750469,0.450281425891182,0.4200743494423792,0.3795066413662239,1,
Shaun Ellis,0.7426470588235294,0.8532171581769437,0.9068283343969368,0.9202719406674909,0.9634146341463414,0.9576783555018138,0.9269764634882316,0.8796902918403812,0,0.9465144230769232
Joel Smeenge,0.0910780669144981,0.1499051233396584,0.1550094517958412,0.5358361774744027,0.6454388984509466,0.7872696817420436,0.7833876221498371,0.7753510140405616,0,0.8867647058823529
John Parrella,0.079696394686907,0.1153119092627599,0.2013651877133105,0.3149741824440619,0.4455611390284757,0.498371335504886,0.6505460218408736,0.8941176470588236,0,0.9121983914209116
Robert Brazile,0.1576763485477178,0.468503937007874,0.5919117647058824,0.6759581881533101,0.693069306930693,0.8404907975460123,0.9564220183486238,0.9663366336633664,0,0.9343629343629344
Bertrand Berry,0.4120521172638436,0.5195007800312013,0.75,0.6776139410187667,0.7351627313337588,0.9048207663782448,0.9829268292682928,0.9836759371221282,0,0.9686179843089922
Carlos Dunlap,0.7308598351001178,0.8286924939467313,0.957729468599034,0.982025164769323,0.992248062015504,0.9899109792284868,0.9912023460410556,0.9865654205607476,0,0.9792899408284024
James Carpenter,0.1035108958837772,0.1165458937198067,0.1180347513481126,0.0429338103756708,0.0409495548961424,0.1008797653958944,0.0566588785046729,0.144378698224852,0,0.1067382230172927
Steve Nelson,0.210762331838565,0.5269709543568465,0.5078740157480315,0.7573529411764706,0.6411149825783972,0.8547854785478548,0.4693251533742331,0.3096330275229357,0,0.299009900990099
Joe Johnson,0.3572778827977316,0.621160409556314,0.8072289156626506,0.8592964824120602,0.8973941368078175,0.7316692667706708,0.9316176470588236,0.943029490616622,0,0.9680918953414168
Alex Molden,0.2822719449225473,0.6348408710217756,0.8159609120521173,0.7769110764430577,0.8301470588235295,0.7158176943699732,0.8615188257817485,0.7941903584672435,1,
Cedric Mack,0.2633663366336634,0.2316602316602316,0.5693160813308688,0.6930147058823529,0.8794642857142857,0.8132075471698114,0.797373358348968,0.797373358348968,1,
Chad Eaton,0.0791738382099827,0.1507537688442211,0.5618892508143323,0.7566302652106084,0.9367647058823528,0.906166219839142,0.8749202297383536,0.7564894932014833,0,0.6609756097560976
Reggie Williams1,0.2116182572614107,0.6850393700787402,0.7389705882352942,0.7003484320557491,0.5181518151815182,0.50920245398773,0.6903669724770642,0.6198019801980198,0,0.5926640926640927
Ron Cox,0.1332082551594746,0.2326454033771107,0.5130111524163569,0.5996204933586338,0.5122873345935728,0.4641638225255973,0.2426850258175559,0.4371859296482412,1,
David Macklin,0.6176470588235294,0.7593833780160858,0.8462029355456286,0.8442521631644005,0.8926829268292683,0.914752116082225,0.912492456246228,0.8040500297796307,1,
Justin Peelle,0.3324824505424378,0.3689740420271941,0.4256097560975609,0.3948004836759371,0.3934821967410983,0.4288266825491364,0.4116586538461538,0.4150717703349282,1,
John Turner,0.1727941176470588,0.4529616724738676,0.759075907590759,0.5950920245398773,0.8623853211009175,0.902970297029703,0.9401544401544402,0.8299445471349353,1,
Malcolm Smith,0.5829297820823245,0.6992753623188406,0.859796285200719,0.8855098389982111,0.9620178041543028,0.9565982404692082,0.9228971962616822,0.7994082840236686,0,0.618366129994037
Lee Woodall,0.4461247637051039,0.7662116040955631,0.8278829604130808,0.8676716917922948,0.7345276872964169,0.7628705148205929,0.8654411764705883,0.8398123324396782,1,
Michael Brooks,0.0461309523809523,0.0358490566037735,0.0600375234521576,0.1332082551594746,0.2457786116322701,0.2955390334572491,0.2618595825426945,0.2344045368620037,0,0.204778156996587
Benny Sapp1,0.6036585365853658,0.7085852478839177,0.7169583584791792,0.7421083978558666,0.7217548076923077,0.7834928229665071,0.7991755005889282,0.7481840193704601,0,0.6702898550724637
Stephen Hauschka,0.0873205741626794,0.1012956419316843,0.259685230024213,0.3828502415458937,0.3942480527261833,0.4824090638044126,0.4617210682492582,0.5847507331378299,0,0.6033878504672897
Jo-Lonn Dunbar,0.4603365384615384,0.555622009569378,0.64075382803298,0.715496368038741,0.8731884057971014,0.8681845416417017,0.8449612403100775,0.628486646884273,1,
Ben Grubbs,0.125,0.1590909090909091,0.2208480565371024,0.059322033898305,0.1280193236714976,0.1378070701018574,0.1419200954084675,0.1643916913946587,1,
Ty Law,0.409556313993174,0.6333907056798623,0.8241206030150754,0.9299674267100976,0.9438377535101404,0.9602941176470589,0.9309651474530832,0.9393746011486918,0,0.9703337453646476
Nick Sorensen,0.2969168900804289,0.4384173580089343,0.4975278121137206,0.6054878048780488,0.599758162031439,0.5835847917923959,0.5783204288266826,0.6243990384615384,0,0.6369617224880383
Chris Slade,0.5104364326375711,0.9035916824196596,0.9863481228668942,0.991394148020654,0.9614740368509213,0.9348534201954396,0.890795631825273,0.9161764705882351,0,0.8726541554959786
Travis Daniels,0.6487303506650545,0.7694628847314424,0.820726622989875,0.7506009615384616,0.6566985645933014,0.5901060070671378,0.6876513317191283,0.6908212560386473,1,
Darrell Green,0.4673267326732673,0.7181467181467182,0.7985212569316081,0.8235294117647058,0.8541666666666666,0.8113207547169812,0.6566604127579737,0.6041275797373359,0,0.7485928705440901
Kellen Davis,0.3004807692307692,0.340311004784689,0.4399293286219081,0.4098062953995157,0.4378019323671497,0.207309766327142,0.1991651759093619,0.4724035608308605,0,0.5929618768328446
Colin Jones,0.3268765133171913,0.4915458937198068,0.5614140203714799,0.6583184257602862,0.6908011869436201,0.6920821114369502,0.6728971962616822,0.7384615384615385,0,0.7358378056052475
Coy Wire,0.6834716017868538,0.7206427688504327,0.775,0.6844014510278114,0.6662643331321666,0.6063132817153067,0.6027644230769231,0.6614832535885168,0,0.6937573616018846
Jake Matthews,0.1282051282051282,0.2456973293768546,0.2545454545454545,0.1921728971962616,0.1159763313609467,0.1502683363148479,0.1404428904428904,0.5054629097182288,1,
Hollis Thomas,0.1703958691910499,0.5125628140703518,0.6775244299674267,0.7020280811232449,0.8904411764705882,0.8887399463806971,0.8474792597319719,0.6631644004944376,0,0.5768292682926829
Greg Olsen,0.1042287075640262,0.5036057692307693,0.5047846889952153,0.5129564193168433,0.3177966101694915,0.3659420289855072,0.2822049131216297,0.1991651759093619,0,0.3008902077151335
Stephen Tulloch,0.6354858177429089,0.7022036926742108,0.8040865384615384,0.8642344497607656,0.93698468786808,0.9703389830508474,0.9716183574879228,0.9604553624925104,0,0.8962432915921288
James Hall,0.5588235294117647,0.7446380697050938,0.8359923420548819,0.907911001236094,0.975,0.9776299879081016,0.9607724803862402,0.8749255509231686,0,0.8485576923076923
Johnny Lynn,0.3275261324041811,0.4026402640264026,0.6687116564417178,0.6605504587155964,0.805940594059406,0.6621621621621622,0.7153419593345656,0.75,1,
Shawn Springs,0.2445561139028475,0.8110749185667753,0.9344773790951638,0.9786764705882351,0.8780160857908847,0.828334396936822,0.7793572311495673,0.9317073170731708,0,0.9081015719467956
Mark Brown1,0.0792079207920792,0.081081081081081,0.1460258780036968,0.2040441176470588,0.3467261904761904,0.269811320754717,0.1519699812382739,0.2045028142589118,1,
Ray Oldham,0.2663316582914573,0.3529411764705882,0.5695067264573991,0.6099585062240664,0.531496062992126,0.3970588235294117,0.1916376306620209,0.636963696369637,0,0.6901840490797546
Montell Owens,0.324079662039831,0.5556879094699225,0.65625,0.6656698564593302,0.6537102473498233,0.6549636803874092,0.660024154589372,0.6387058118633913,0,0.404293381037567
Leon Hall,0.7552114353782013,0.8996394230769231,0.973086124401914,0.9723203769140164,0.9418886198547216,0.9039855072463768,0.8400239664469742,0.8706022659511031,0,0.8635014836795252
Chris Hanson,0.1233243967828418,0.1991065730695596,0.2484548825710754,0.2298780487804878,0.1469165659008464,0.100181050090525,0.0327575938058368,0.3221153846153846,1,
Clark Haggans,0.5924932975871313,0.7791959157626037,0.8220024721878862,0.8896341463414634,0.9238210399032648,0.96016898008449,0.9583085169743896,0.8918269230769231,0,0.8767942583732058
Jared Veldheer,0.2597173144876325,0.3444309927360774,0.4057971014492754,0.3654883163571,0.246273106738223,0.0528189910979228,0.039882697947214,0.1921728971962616,0,0.2437869822485207
Brad Smith,0.4146047073023536,0.4645622394282311,0.4987980769230769,0.5322966507177034,0.5453474676089517,0.5102905569007264,0.517512077294686,0.5008987417615338,0,0.481216457960644
Shaun Smith,0.4298780487804878,0.5447400241837969,0.5666867833433916,0.7170935080405003,0.7409855769230769,0.7440191387559809,0.7214369846878681,0.6834140435835351,0,0.6920289855072463
DeVante Parker,0.1329376854599406,0.2205278592375366,0.2634345794392523,0.2088757396449704,0.2403100775193798,0.1491841491841491,0.2518688901667625,0.198090692124105,0,0.2726130653266331
Shane Conlan,0.431547619047619,0.539622641509434,0.6960600375234521,0.8236397748592871,0.699812382739212,0.741635687732342,0.5635673624288425,0.7296786389413988,0,0.742320819112628
Dominique Rodgers-Cromartie,0.7878605769230769,0.916267942583732,0.9705535924617196,0.9073849878934624,0.8623188405797102,0.8603954463750749,0.8956469886702445,0.9281899109792284,0,0.9472140762463344
Derrick Morgan,0.489399293286219,0.6180387409200968,0.8049516908212561,0.8705811863391252,0.936195587358378,0.912759643916914,0.92316715542522,0.90946261682243,0,0.8704142011834319
Trent Williams,0.1012956419316843,0.2052058111380145,0.2228260869565217,0.4062312762133013,0.3619558735837805,0.3940652818991098,0.2439882697947214,0.2803738317757009,0,0.1893491124260355
Monty Montgomery,0.2227805695142378,0.5570032573289903,0.5585023400936038,0.85,0.7379356568364611,0.7332482450542438,0.0210135970333745,0.2439024390243902,1,
Dennis Smith,0.2730061349693251,0.4862385321100917,0.6415841584158416,0.5463320463320464,0.5933456561922366,0.4503676470588235,0.5610119047619048,0.2415094339622641,0,0.3902439024390244
Daunte Culpepper,0.3102941176470588,0.306970509383378,0.2648372686662412,0.2558714462299135,0.2359756097560975,0.2847642079806529,0.2190706095353047,0.1882072662298987,0,0.2073317307692307
Justin Ellis,0.4847942754919499,0.5412462908011869,0.604692082111437,0.665303738317757,0.6485207100591716,0.6237328562909958,0.5343822843822844,0.5583668775158137,0,0.6115751789976134
Dennis Winston,0.2165354330708661,0.2169117647058823,0.6236933797909407,0.5742574257425742,0.5214723926380368,0.5871559633027523,0.7306930693069307,0.8996138996138996,0,0.767097966728281
Marcus Smith,0.3052884615384615,0.3217703349282296,0.414605418138987,0.2960048426150121,0.3272946859903382,0.0437387657279808,0.0429338103756708,0.4908011869436202,0,0.617008797653959
Jeff Herrod,0.1264150943396226,0.5872420262664165,0.7523452157598499,0.8874296435272045,0.862453531598513,0.9316888045540797,0.9073724007561436,0.7866894197952219,0,0.7005163511187608
Harvey Martin,0.0705394190871369,0.0944881889763779,0.2205882352941176,0.1289198606271777,0.1716171617161716,0.0552147239263803,0.6674311926605505,0.7128712871287128,1,
Renaldo Hill,0.5107238605898123,0.7019783024888322,0.8980222496909765,0.9365853658536586,0.9207980652962516,0.8768859384429692,0.8725431804645623,0.90625,0,0.8947368421052632
Darnell Dockett,0.7006097560975609,0.7781136638452237,0.8949909474954737,0.9434187016081,0.966346153846154,0.9635167464114832,0.9405182567726738,0.9092009685230024,0,0.855072463768116
Kevin Faulk,0.3639705882352941,0.3297587131367292,0.3190810465858328,0.2058096415327565,0.5298780487804878,0.5332527206771464,0.5347012673506337,0.5026801667659321,0,0.5096153846153846
Robert Quinn,0.6198547215496368,0.7989130434782609,0.9904134212103056,1.0,0.9994065281899108,0.9695014662756598,0.9375,0.9396449704142013,0,0.962432915921288
Brian Moorman,0.2446380697050938,0.2827058072750478,0.3331273176761434,0.2676829268292683,0.1874244256348246,0.100181050090525,0.0327575938058368,0.0372596153846153,0,0.0370813397129186
David Hawthorne,0.4146634615384615,0.8349282296650717,0.9411071849234394,0.9903147699757868,0.9619565217391304,0.9358897543439184,0.8640429338103757,0.886646884272997,1,
Marquez Pope,0.4003795066413662,0.7315689981096408,0.8225255972696246,0.9036144578313252,0.7437185929648241,0.7052117263843648,0.5413416536661466,0.8735294117647059,0,0.9128686327077749
Mike Wallace,0.1919856459330143,0.2597173144876325,0.3177966101694915,0.3435990338164251,0.4284002396644697,0.3911747167561121,0.3970326409495548,0.3589442815249267,0,0.3656542056074766
Nick Novak,0.1390568319226118,0.1804465902232951,0.1715306730196545,0.0865384615384615,0.0370813397129186,0.0400471142520612,0.0405569007263922,0.1068840579710145,0,0.3451168364289994
Ryan Kerrigan,0.8565375302663438,0.964975845410628,0.9952067106051528,0.9976147883124628,0.9964391691394658,0.9941348973607038,0.9924065420560748,0.9952662721893492,0,0.9856887298747764
Daniel Graham,0.2399489470325462,0.3757725587144623,0.5451219512195122,0.5465538089480049,0.5377187688593844,0.2346634901727218,0.2001201923076923,0.263755980861244,0,0.3292108362779741
Mark Ingram,0.1282051282051282,0.1845697329376854,0.2293255131964809,0.1536214953271028,0.0449704142011834,0.1067382230172927,0.0571095571095571,0.2052903967797585,1,
Frank Walker,0.6940667490729295,0.7810975609756098,0.8319226118500604,0.7380808690404346,0.6593210244192972,0.6844951923076923,0.7194976076555024,0.7820965842167256,0,0.7245762711864406
Darius Butler,0.7476076555023924,0.7732626619552415,0.7863196125907991,0.8472222222222222,0.938885560215698,0.9630292188431724,0.9252225519287832,0.8961876832844575,0,0.8983644859813084
Nick Harris,0.1506097560975609,0.211608222490931,0.2190706095353047,0.0446694460988683,0.2253605769230769,0.3779904306220095,0.4140164899882214,0.3855932203389831,0,0.338768115942029
Carl Lee,0.4910891089108911,0.583011583011583,0.7707948243992606,0.7242647058823529,0.8377976190476191,0.9415094339622642,0.9136960600375236,0.9080675422138836,0,0.6022514071294559
Mike Bell1,0.2257425742574257,0.4324324324324324,0.4898336414048059,0.3529411764705882,0.4136904761904761,0.2396226415094339,0.2363977485928705,0.1651031894934334,0,0.075046904315197
Justin Houston,0.7161016949152542,0.8882850241545893,0.962852007189934,0.9958258795468098,0.9952522255192878,0.9894428152492668,0.9509345794392524,0.9769230769230768,0,0.9910554561717352
Jamar Nesbit,0.175,0.0509383378016085,0.169751116783663,0.1279357231149567,0.1823170731707317,0.1590084643288996,0.1508750754375377,0.1274568195354377,1,
Roberto Garza,0.0727504786215698,0.1915945611866502,0.2298780487804878,0.281136638452237,0.188292094146047,0.1113758189398451,0.0372596153846153,0.1429425837320574,0,0.2597173144876325
Sean Considine,0.3446191051995163,0.7483403741701871,0.7963073257891602,0.8088942307692307,0.7308612440191388,0.8374558303886925,0.8335351089588378,0.7759661835748792,1,
Michael Crabtree,0.1919856459330143,0.3274440518256772,0.3032687651331719,0.1902173913043478,0.0437387657279808,0.0429338103756708,0.1329376854599406,0.1401759530791788,0,0.2348130841121495
Rashaan Melvin,0.5706618962432916,0.5893175074183976,0.7483870967741936,0.8125,0.8568047337278106,0.8169350029815146,0.7103729603729604,0.6118458884416331,1,
Rafael Bush,0.2136803874092009,0.6968599033816425,0.7573397243858598,0.7960644007155635,0.6635014836795252,0.8035190615835777,0.7996495327102804,0.8325443786982248,1,
Kurt Gouveia,0.2026266416510319,0.3714821763602251,0.5347091932457786,0.8085501858736059,0.9146110056925996,0.8979206049149339,0.825938566552901,0.7418244406196214,0,0.7018425460636516
Dan Skuta,0.4078947368421052,0.5930506478209658,0.6864406779661016,0.7185990338164251,0.7477531455961653,0.8246869409660107,0.858160237388724,0.8334310850439882,1,
Charles Godfrey,0.7157451923076923,0.8534688995215312,0.9564193168433452,0.9564164648910412,0.9607487922705314,0.8801677651288197,0.7787716159809183,0.6362017804154303,1,
T.Y. Hilton,0.1068840579710145,0.2043139604553625,0.2641621943947525,0.2724035608308605,0.2727272727272727,0.2634345794392523,0.3130177514792899,0.2850327966607036,0,0.3117715617715618
Greg Ellis,0.3338762214983713,0.7862714508580343,0.9375,0.967828418230563,0.9489470325462668,0.9802224969097652,0.9792682926829268,0.973397823458283,0,0.9499094749547374
Michael Thomas,0.5278609946075494,0.5557543231961837,0.6795252225519288,0.6733137829912024,0.6580645161290323,0.447429906542056,0.4480140186915888,0.4195266272189349,0,0.3804733727810651
Demaryius Thomas,0.3421672555948174,0.3280871670702179,0.3774154589371981,0.2043139604553625,0.3136553369111509,0.3388724035608308,0.3560117302052786,0.3060747663551402,0,0.2680473372781065
Bill Bergey,0.6565656565656566,0.6058394160583942,0.5172413793103449,0.5477386934673367,0.7696078431372549,0.8654708520179372,0.8921161825726142,0.7244094488188977,0,0.8014705882352942
Ryan Griffin,0.3499101258238466,0.3798449612403101,0.373887240356083,0.2668621700879765,0.1308411214953271,0.1331360946745562,0.3619558735837805,0.4224941724941725,0,0.4261069580218516
Terrance Shaw,0.2901023890784983,0.5938037865748709,0.6917922948073701,0.6970684039087948,0.438377535101404,0.6588235294117647,0.5864611260053619,0.7619655392469687,0,0.7700865265760197
Melvin Ingram,0.6213768115942029,0.6986219292989815,0.8151460942158617,0.9270029673590504,0.9865102639296188,0.9947429906542056,0.9881656804733728,0.9719737626714372,0,0.9015151515151516
Brandon Bolden,0.3134057971014493,0.3672857998801677,0.5611210494931426,0.6207715133531158,0.6791788856304986,0.6267523364485982,0.5816568047337278,0.571258199165176,0,0.5565268065268065
Lamarcus Joyner,0.5688729874776386,0.6967359050445104,0.7853372434017595,0.8954439252336449,0.8970414201183432,0.8795468097793679,0.7948717948717948,0.6635997699827487,0,0.7702863961813843
Kevin Houser,0.3235294117647059,0.2982573726541555,0.3567326100829611,0.349814585908529,0.3701219512195122,0.4068923821039903,0.412190706095353,0.4032162001191185,0,0.2932692307692308
Jason Sehorn,0.7487091222030982,0.948073701842546,0.9495114006514658,0.7301092043681747,0.7492647058823529,0.8907506702412868,0.9215060625398852,0.857849196538937,1,
Ma'ake Kemoeatu,0.5411614550095725,0.595797280593325,0.6317073170731707,0.652962515114873,0.6626433313216656,0.6789755807027993,0.6658653846153846,0.6208133971291866,0,0.6018845700824499
Donnell Thompson,0.2614678899082568,0.403960396039604,0.4845559845559845,0.5637707948243993,0.6397058823529411,0.8095238095238095,0.779245283018868,0.8780487804878049,0,0.8030018761726079
Greg Favors,0.3127035830618892,0.3307332293291731,0.8088235294117647,0.8049597855227882,0.807275047862157,0.7472187886279357,0.7652439024390244,0.7587666263603385,1,
Aqib Talib,0.6959134615384616,0.8570574162679426,0.944640753828033,0.9533898305084746,0.9468599033816424,0.9101258238466148,0.9469290399522956,0.972106824925816,0,0.9859237536656892
Chris Johnson,0.4685610640870616,0.4749547374773687,0.5235259082787374,0.4375,0.4411057692307692,0.3690191387559808,0.4132775119617224,0.4305064782096584,0,0.3945818610129564
William James,0.5985254691689008,0.6809189534141672,0.7119901112484549,0.7780487804878049,0.7255139056831923,0.7060953530476766,0.6015485407980941,0.6105769230769231,0,0.7805023923444976
Jabar Gaffney,0.1914486279514997,0.2354758961681087,0.2176829268292683,0.1789600967351874,0.1092335546167773,0.1113758189398451,0.0372596153846153,0.0873205741626794,0,0.2979976442873969
Michael Huff,0.6071213035606517,0.7587849910661107,0.7722355769230769,0.8307416267942583,0.917550058892815,0.9364406779661016,0.9214975845410628,0.78070701018574,1,
Ken Clarke,0.4266055045871559,0.6277227722772277,0.7355212355212355,0.711645101663586,0.7426470588235294,0.7053571428571429,0.5433962264150943,0.3658536585365853,0,0.4690431519699812
Aaron Brown~,0.6277372262773723,0.5229885057471264,0.5175879396984925,0.0245098039215686,0.0179372197309417,0.0165975103734439,0.0275590551181102,0.1470588235294117,1,
Martin Bayless,0.2199630314232902,0.4246323529411764,0.7425595238095238,0.6962264150943396,0.7410881801125704,0.6585365853658537,0.724202626641651,0.671003717472119,0,0.7476280834914611
Bruce Carter,0.4158595641646489,0.6195652173913043,0.756141402037148,0.9141323792486584,0.914540059347181,0.881524926686217,0.6705607476635514,0.5781065088757397,1,
Jonathan Vilma,0.8030487804878049,0.9510278113663844,0.9800844900422452,0.9458010720667064,0.919471153846154,0.9198564593301436,0.9793875147232036,0.9709443099273608,0,0.9541062801932368
Tyrone Braxton,0.2188679245283019,0.7786116322701688,0.8536585365853658,0.9418386491557224,0.8382899628252788,0.918406072106262,0.7466918714555766,0.8037542662116041,0,0.927710843373494
Keith Simpson,0.5036764705882353,0.7630662020905923,0.8712871287128713,0.7822085889570553,0.5344036697247706,0.6217821782178218,0.833976833976834,0.933456561922366,1,
Grant Wistrom,0.2231270358306188,0.7067082683307332,0.9455882352941176,0.9832439678284184,0.9642629227823868,0.9598269468479604,0.9201219512195122,0.8941958887545345,0,0.8497284248642124
Kevin Huber,0.1429425837320574,0.1472320376914016,0.1186440677966101,0.0440821256038647,0.0437387657279808,0.0429338103756708,0.1329376854599406,0.1401759530791788,0,0.1664719626168224
Lance Johnstone,0.2753872633390705,0.52428810720268,0.8289902280130294,0.9578783151326054,0.976470588235294,0.960455764075067,0.9055520102105936,0.9647713226205192,0,0.9853658536585366
Chris Hope,0.5149968091895342,0.5865265760197775,0.7823170731707317,0.9068923821039904,0.9782739891369946,0.9726027397260274,0.9657451923076924,0.9360047846889952,0,0.9605418138987044
Alex Smith,0.2357920193470374,0.3156306578153289,0.3633071816535908,0.2840976771888028,0.3509615384615384,0.3427033492822967,0.3386336866902238,0.1937046004842615,0,0.2052058111380145
Charles Woodson,0.6221498371335505,0.7425897035881436,0.9595588235294118,0.9343163538873994,0.9495851946394384,0.927070457354759,0.9506097560975608,0.9189842805320436,0,0.95956547978274
Jack Tatum,0.7518248175182481,0.913793103448276,0.9296482412060302,0.9166666666666666,0.8475336322869955,0.8672199170124482,0.9015748031496064,0.8933823529411765,0,0.8745644599303136
Hannibal Navies,0.6235294117647059,0.646112600536193,0.7013401403956605,0.7731767614338689,0.801829268292683,0.8053204353083434,0.6735063367531684,0.6914830256104825,1,
Nate Clements,0.806970509383378,0.9278876834716018,0.9715698393077874,0.9896341463414634,0.9866989117291416,0.9933614966807484,0.984514592019059,0.9771634615384616,0,0.9216507177033492
John Owens,0.0727504786215698,0.1279357231149567,0.1823170731707317,0.1469165659008464,0.156306578153289,0.2543180464562239,0.3335336538461538,0.3839712918660287,1,
Michael Robinson,0.4429692214846107,0.4871947587849911,0.5360576923076923,0.5263157894736842,0.4899882214369846,0.5768765133171913,0.6304347826086957,0.6428999400838825,1,
Mike Gann,0.2865064695009242,0.5772058823529411,0.7261904761904762,0.8075471698113208,0.7467166979362101,0.7936210131332082,0.5234521575984991,0.4572490706319702,0,0.381404174573055
Jason Fisk,0.2358003442340791,0.4857621440536013,0.5993485342019544,0.6895475819032761,0.8595588235294118,0.8827077747989276,0.8347160178685387,0.8009888751545118,0,0.7469512195121951
John Tait,0.2588235294117647,0.2158176943699732,0.1646458200382897,0.145859085290482,0.2402439024390243,0.2575574365175332,0.2745926372963186,0.1399642644431209,0,0.3016826923076923
Erik Howard,0.0827205882352941,0.4657738095238095,0.5264150943396226,0.6904315196998124,0.6360225140712945,0.5722326454033771,0.20817843866171,0.3415559772296015,0,0.502835538752363
Joe Thomas,0.1042287075640262,0.2265625,0.3415071770334928,0.3586572438162544,0.3650121065375302,0.3568840579710144,0.3361294188136609,0.2128801431127012,0,0.51513353115727
Curtis Jordan,0.2614107883817427,0.3070866141732283,0.5772058823529411,0.4216027874564459,0.4125412541254125,0.0552147239263803,0.018348623853211,0.3128712871287128,0,0.6023166023166023
Chris Moore,0.6217008797653959,0.6092289719626168,0.6224852071005917,0.4221824686940966,0.4184149184149184,0.4100057504312823,0.366945107398568,0.5138190954773869,1,
Sam Rogers,0.0870307167235494,0.1738382099827883,0.2931323283082077,0.3680781758957654,0.4508580343213728,0.7867647058823529,0.7768096514745308,0.8040842373962986,0,0.7033374536464772
Zach Strief,0.0941460470730235,0.0589636688505062,0.0865384615384615,0.0873205741626794,0.1012956419316843,0.059322033898305,0.0440821256038647,0.5440383463151588,1,
John Thornton,0.0525328330206379,0.0669144981412639,0.0759013282732447,0.0699432892249527,0.0631399317406143,0.06368330464716,0.0586264656616415,0.0684039087947882,0,0.31201248049922
Brian Waters,0.2446380697050938,0.2827058072750478,0.2861557478368356,0.1823170731707317,0.1590084643288996,0.3337356668678334,0.2942227516378797,0.3443509615384615,0,0.2559808612440191
Darren Waller,0.2635014836795252,0.3976539589442815,0.3960280373831775,0.3674556213017751,0.1502683363148479,0.2779720279720279,0.2633697527314548,0.2159904534606205,0,0.1507537688442211
Clay Matthews1,0.1139705882352941,0.3170731707317073,0.4653465346534653,0.3957055214723926,0.1972477064220183,0.2475247524752475,0.3204633204633205,0.4121996303142329,0,0.4154411764705882
Phil Villapiano,0.3430656934306569,0.8275862068965517,0.8442211055276382,0.7450980392156863,0.4125560538116592,0.3651452282157676,0.3543307086614173,0.4080882352941176,1,
Tyeler Davison,0.5335311572700296,0.6211143695014663,0.7429906542056075,0.7810650887573964,0.8115682766845558,0.7896270396270396,0.738355376653249,0.6229116945107399,1,
Lucius Sanford,0.2941176470588235,0.494773519163763,0.5478547854785478,0.254601226993865,0.018348623853211,0.5267326732673268,0.4517374517374517,0.5878003696857671,0,0.3602941176470588
Tavon Wilson,0.7723429951690821,0.8526063511084482,0.8670244484197973,0.7091988130563798,0.775366568914956,0.8755841121495327,0.8816568047337278,0.8545020870602266,0,0.7872960372960373
Dennis Johnson1,0.3273542600896861,0.4481327800829875,0.4173228346456692,0.0845588235294117,0.0278745644599303,0.0462046204620462,0.0552147239263803,0.018348623853211,0,0.0158415841584158
Kendall Langford,0.5943509615384616,0.7141148325358851,0.8315665488810365,0.8238498789346247,0.788647342995169,0.7711204313960456,0.7513416815742398,0.8053412462908012,0,0.7677419354838709
Jon Ryan,0.1695835847917924,0.163787969029184,0.1610576923076923,0.1919856459330143,0.1996466431095406,0.3220338983050847,0.2421497584541062,0.2474535650089874,0,0.0429338103756708
Pat O'Donnell,0.1806797853309481,0.2362017804154302,0.2346041055718475,0.2348130841121495,0.1893491124260355,0.2468694096601073,0.0571095571095571,0.1385853939045428,1,
Corey Chavous,0.2100977198697068,0.4056162246489859,0.736764705882353,0.7754691689008043,0.8640714741544352,0.954264524103832,0.9658536585365852,0.9389359129383312,0,0.8786964393482197
Na'il Diggs,0.5205882352941177,0.6675603217158177,0.8315252074026803,0.8819530284301607,0.8853658536585366,0.782950423216445,0.7326493663246831,0.7534246575342466,0,0.7950721153846154
Muhammad Wilkerson,0.6664648910411622,0.8653381642512077,0.9598562013181546,0.9761478831246272,0.9827893175074184,0.9642228739002932,0.9521028037383178,0.8248520710059172,1,
Anthony Castonzo,0.2645278450363196,0.3810386473429952,0.3906530856800479,0.2540250447227191,0.1845697329376854,0.2293255131964809,0.2184579439252336,0.1520710059171597,0,0.182468694096601
Kyle Love,0.4664310954063604,0.6464891041162227,0.7125603864734299,0.7142001198322349,0.5760286225402504,0.6326409495548961,0.743108504398827,0.7949766355140186,0,0.8497041420118343
Joe Kelly,0.1323529411764706,0.4523809523809524,0.3283018867924528,0.5853658536585366,0.5215759849906192,0.7354596622889306,0.3066914498141264,0.50853889943074,0,0.5916824196597353
Kevin Boothe,0.0941460470730235,0.0589636688505062,0.0865384615384615,0.0370813397129186,0.0400471142520612,0.0405569007263922,0.3623188405797101,0.3930497303774715,1,
Matt Spaeth,0.1042287075640262,0.2680288461538461,0.284688995215311,0.2832744405182568,0.2052058111380145,0.2717391304347826,0.2917914919113241,0.2128801431127012,1,
Tyrone Carter,0.5919117647058824,0.7231903485254692,0.790044671346522,0.8281829419035847,0.7713414634146342,0.8016928657799275,0.771876885938443,0.8570577724836212,0,0.8719951923076923
Derrick Rodgers,0.5845896147403685,0.7100977198697068,0.7878315132605305,0.8308823529411765,0.8324396782841823,0.8647096362476069,0.892459826946848,0.8841463414634146,1,
Tyoka Jackson,0.2160804020100502,0.4348534201954397,0.485179407176287,0.6919117647058823,0.7084450402144772,0.7498404594767071,0.8627935723114957,0.8365853658536585,0,0.848851269649335
Andre' Goodman,0.591576260370134,0.6124845488257108,0.6621951219512195,0.7194679564691656,0.7513578756789379,0.7808219178082192,0.8293269230769231,0.9043062200956936,0,0.8816254416961131
Clyde Simmons,0.0496323529411764,0.5654761904761905,0.7339622641509433,0.9624765478424016,0.9681050656660412,0.9887429643527204,0.9684014869888476,0.9601518026565464,0,0.8771266540642723
Seth Payne,0.1528861154446177,0.6375,0.7667560321715817,0.7830248883216337,0.7496909765142151,0.724390243902439,0.7690447400241838,0.7984308992154496,1,
David Galloway,0.1192660550458715,0.5445544554455446,0.5965250965250966,0.678373382624769,0.6764705882352942,0.6681547619047619,0.4773584905660377,0.3677298311444653,0,0.4165103189493433
Sebastian Janikowski,0.175,0.2794906166219839,0.3356732610082961,0.3331273176761434,0.3018292682926829,0.2073760580411124,0.299939649969825,0.2882668254913639,0,0.3359375
D'Qwell Jackson,0.6445383222691611,0.7879690291840381,0.9344951923076924,0.9180622009569378,0.8604240282685512,0.835956416464891,0.92512077294686,0.9742360695026964,0,0.9683959451401312
Kerry Hyder,0.7343108504398826,0.7283878504672897,0.7455621301775148,0.6022659511031604,0.8088578088578089,0.8366877515813687,0.831145584725537,0.6928391959798995,1,
Otis Smith,0.7429643527204502,0.8475836431226765,0.8140417457305503,0.4347826086956521,0.6416382252559727,0.7039586919104991,0.9296482412060302,0.8843648208469055,0,0.8190327613104524
Kevin Johnson1,0.2116040955631399,0.2392426850258175,0.2244556113902847,0.0798045602605863,0.0717628705148206,0.175,0.1595174262734584,0.3044033184428845,0,0.3034610630407911
Mario Haggan,0.0797280593325092,0.5780487804878048,0.619105199516324,0.6674713337356669,0.6521739130434783,0.6544471153846154,0.7595693779904307,0.8839811542991755,0,0.9067796610169492
Merton Hanks,0.3178438661710037,0.6755218216318786,0.8827977315689981,0.947098976109215,0.9156626506024096,0.9363484087102176,0.9201954397394136,0.8985959438377535,1,
John St. Clair,0.0727504786215698,0.1279357231149567,0.2359756097560975,0.2073760580411124,0.1617380808690404,0.0327575938058368,0.0372596153846153,0.1429425837320574,0,0.1996466431095406
Steven Nelson,0.3905044510385757,0.6592375366568914,0.7394859813084113,0.8715976331360947,0.8938580799045915,0.9137529137529138,0.8476135710178263,0.8591885441527446,0,0.8787688442211056
Amon Gordon,0.3786585365853658,0.3923821039903264,0.3964996982498491,0.4627754615842763,0.5733173076923077,0.5735645933014354,0.5376914016489989,0.5635593220338984,1,
Johnathan Joseph,0.6065178032589016,0.813579511614056,0.900841346153846,0.9647129186602872,0.9528857479387516,0.9552058111380144,0.9269323671497584,0.926303175554224,0,0.958855098389982
Corey Harris,0.1825938566552901,0.3029259896729776,0.288107202680067,0.1872964169381107,0.296411856474259,0.6338235294117647,0.6154411764705883,0.1970509383378016,0,0.2164879356568364
Blaise Winter,0.2335907335907336,0.2255083179297597,0.2352941176470588,0.2529761904761904,0.4037735849056604,0.549718574108818,0.5309568480300187,0.2908067542213883,0,0.2472118959107806
Dwight Lowery,0.7481971153846154,0.84688995215311,0.947585394581861,0.9213075060532688,0.9021739130434784,0.8010784901138406,0.8592725104353012,0.9459940652818992,0,0.9829912023460412
Ronnie Lippett,0.3011583011583011,0.6432532347504621,0.8878676470588235,0.9627976190476192,0.8622641509433963,0.6191369606003753,0.5628517823639775,0.6360225140712945,1,
Kyle Williams,0.5853952926976463,0.684931506849315,0.6893028846153846,0.6219951923076923,0.6949760765550239,0.8197879858657244,0.8202179176755447,0.7167874396135265,0,0.4782608695652174
James Sanders,0.6692865779927448,0.7628243814121907,0.8808814770696843,0.8737980769230769,0.875,0.8934040047114252,0.862590799031477,0.8592995169082126,1,
Andrew Whitworth,0.180889423076923,0.208133971291866,0.2797408716136631,0.137409200968523,0.2077294685990338,0.2792091072498502,0.1926058437686344,0.1394658753709199,0,0.1612903225806451
Theo Riddick,0.3786698621929299,0.4066785927251043,0.4362017804154303,0.407624633431085,0.3901869158878505,0.1893491124260355,0.1878354203935599,0.1165501165501165,1,
Steve Smith,0.1233243967828418,0.3075941289087428,0.3980222496909765,0.3896341463414634,0.3724304715840387,0.2957151478575739,0.3156640857653365,0.2890625,0,0.2836538461538461
Andy Lee,0.1506097560975609,0.211608222490931,0.3355461677730839,0.2596783799880881,0.21875,0.2272727272727272,0.3138987043580683,0.2717917675544794,0,0.1225845410628019
Brett Favre,0.175,0.0509383378016085,0.2910019144862795,0.2954264524103832,0.2847560975609756,0.1789600967351874,0.1092335546167773,0.1113758189398451,0,0.0372596153846153
Pierre Garcon,0.4032451923076923,0.423444976076555,0.4422850412249705,0.3401937046004842,0.3876811594202898,0.4433792690233673,0.4132379248658318,0.3928783382789317,0,0.1941348973607038
Scott Turner,0.2662116040955631,0.4698795180722891,0.4790619765494137,0.4641693811074918,0.2293291731669266,0.725,0.6702412868632708,0.6700701978302489,0,0.4363411619283066
Ted Ginn Jr.,0.3269803454437165,0.3227163461538461,0.3845693779904306,0.3274440518256772,0.3371670702179177,0.304951690821256,0.231276213301378,0.2128801431127012,0,0.3252225519287834
Jeff Donaldson,0.1645101663585952,0.5220588235294118,0.8943452380952381,0.930188679245283,0.9174484052532832,0.8461538461538461,0.6547842401500938,0.5594795539033457,1,
Will Blackmon,0.0941460470730235,0.5812983918999405,0.7043269230769231,0.7057416267942583,0.6501766784452296,0.412227602905569,0.4263285024154589,0.7609346914319952,0,0.8062015503875969
Andre Fluellen,0.4128605769230769,0.5944976076555024,0.6319199057714959,0.6579903147699758,0.6189613526570048,0.6027561414020371,0.5974955277280859,0.5922848664688427,1,
Adrian Clayborn,0.7802663438256658,0.7832125603864735,0.8909526662672259,0.7614788312462731,0.7964391691394659,0.7642228739002933,0.9158878504672896,0.9183431952662722,0,0.9212880143112702
Micheal Barrow,0.2125237191650854,0.4914933837429111,0.7764505119453925,0.919104991394148,0.9748743718592964,0.980456026058632,0.9547581903276132,0.950735294117647,0,0.9745308310991956
Desmond Bishop,0.4234663490172722,0.6856971153846154,0.7422248803827751,0.9157832744405182,0.9497578692493946,0.9281400966183576,0.8046734571599761,0.3798449612403101,1,
Derrick Thomas,0.525328330206379,0.8574108818011257,0.9906191369606004,0.9981412639405204,1.0,0.994328922495274,0.9744027303754266,0.9896729776247848,0,0.9547738693467336
Bryce Paup,0.5028142589118199,0.7713754646840149,0.8994307400379506,0.9640831758034026,0.9965870307167236,0.9965576592082616,0.983249581239531,0.8615635179153095,0,0.7847113884555382
Roy Williams,0.8423739629865986,0.9208899876390606,0.9310975609756098,0.7268292682926829,0.2521160822249093,0.2823458282950423,0.3156306578153289,0.3186481593240796,0,0.5062537224538416
Matt Blair,0.0784313725490196,0.2914798206278027,0.5311203319502075,0.547244094488189,0.6507352941176471,0.6515679442508711,0.7491749174917491,0.8190184049079755,0,0.9311926605504588
Patrick Kerney,0.187207488299532,0.6897058823529412,0.8760053619302949,0.9553286534779836,0.9789864029666254,0.9847560975609756,0.9860943168077388,0.963789981894991,0,0.9797498511018464
Jerod Mayo,0.703125,0.8397129186602871,0.9558303886925796,0.9594430992736076,0.9879227053140096,0.952067106051528,0.9278473464519976,0.772700296735905,1,
Dan Saleaumua,0.1726190476190476,0.1679245283018867,0.5196998123827392,0.776735459662289,0.8367729831144465,0.8178438661710037,0.7760910815939279,0.7145557655954632,0,0.7832764505119454
J.J. Jansen,0.3014354066985646,0.3998822143698469,0.4043583535108959,0.3514492753623188,0.3565008987417615,0.3422778771615981,0.3756676557863501,0.3431085043988269,0,0.3271028037383177
Julian Edelman,0.1012956419316843,0.4691283292978208,0.6431159420289855,0.6572798082684242,0.6225402504472272,0.3216617210682492,0.3548387096774194,0.1536214953271028,0,0.3254437869822485
Bob Howard,0.4545454545454545,0.7664233576642335,0.6494252873563219,0.7889447236180904,0.7549019607843137,0.9013452914798208,0.8879668049792531,0.8740157480314961,0,0.7536764705882353
Justin Durant,0.631328171530673,0.6983173076923077,0.840311004784689,0.8280329799764429,0.8486682808716707,0.8109903381642513,0.823247453565009,0.8503279666070364,0,0.857566765578635
Vernon Davis,0.0941460470730235,0.2048838594401429,0.3299278846153846,0.3337320574162679,0.2803297997644287,0.0405569007263922,0.1068840579710145,0.0575194727381665,0,0.2242098986285032
Scott Shanle,0.1915945611866502,0.5280487804878049,0.6432889963724304,0.8014484007242003,0.8701608100059559,0.9122596153846154,0.9001196172248804,0.8957597173144877,0,0.8886198547215496
Raheem Brock,0.6062539885130823,0.7268232385661311,0.8542682926829268,0.9347037484885128,0.952323476161738,0.938058368076236,0.903846153846154,0.8726076555023924,0,0.9098939929328622
Vonnie Holliday,0.4592833876221498,0.6739469578783152,0.9029411764705882,0.92828418230563,0.9342693044033183,0.9493201483312732,0.8475609756097561,0.8276904474002419,0,0.8467109233554617
Christian Jones,0.6660703637447823,0.7608308605341246,0.795307917888563,0.8417056074766355,0.842603550295858,0.8789505068574835,0.8222610722610723,0.7429557216791259,0,0.6288782816229117
William Perry,0.310536044362292,0.5257352941176471,0.7068452380952381,0.4452830188679245,0.474671669793621,0.49906191369606,0.7392120075046904,0.6654275092936803,0,0.6166982922201139
Thomas Strauthers,0.0405405405405405,0.1959334565619223,0.2095588235294117,0.28125,0.0679245283018867,0.1013133208255159,0.2664165103189493,0.3095684803001876,1,
Kellen Winslow,0.28002414001207,0.3299583085169744,0.3485576923076923,0.3325358851674641,0.2703180212014134,0.2905569007263922,0.1817632850241546,0.2456560814859197,1,
Malcom Floyd,0.0941460470730235,0.0589636688505062,0.2331730769230769,0.3181818181818182,0.3498233215547703,0.2294188861985472,0.1998792270531401,0.1252246854403834,0,0.1991651759093619
Aaron Brewer,0.2192028985507246,0.3019772318753744,0.3780560524746571,0.3103857566765579,0.3126099706744868,0.3119158878504673,0.3520710059171598,0.3637447823494335,0,0.256993006993007
Jamar Fletcher,0.4182305630026809,0.6381620931716656,0.65389369592089,0.7091463414634146,0.7043530834340992,0.8569704284852142,0.8511018463371054,0.8155048076923077,1,
Orlando Scandrick,0.5631009615384616,0.7356459330143541,0.850412249705536,0.8734866828087167,0.8097826086956522,0.8124625524266027,0.855098389982111,0.8445103857566766,0,0.8621700879765396
Shane Burton,0.2151462994836488,0.4623115577889447,0.5928338762214984,0.609984399375975,0.7889705882352941,0.7989276139410187,0.7440970006381621,0.7466007416563659,1,
Duron Harmon,0.6842420611144397,0.7692307692307693,0.8498516320474777,0.849266862170088,0.8796728971962616,0.8810650887573964,0.8753726893261777,0.8945221445221445,0,0.8711903392754456
Jim Haslett,0.2160278745644599,0.4818481848184818,0.3711656441717791,0.1697247706422018,0.0118811881188118,0.528957528957529,0.7929759704251387,0.8069852941176471,0,0.6696428571428571
Mike Goff,0.175,0.225201072386059,0.192724952137843,0.2107540173053152,0.1926829268292683,0.2515114873035066,0.2190706095353047,0.2864800476474092,0,0.2914663461538461
Kris Wilson,0.0975609756097561,0.2998790810157195,0.3379601689800844,0.3674806432400238,0.3257211538461538,0.5400717703349283,0.5559481743227326,0.5405569007263923,1,
Morgan Burnett,0.5241460541813898,0.8401937046004843,0.9486714975845412,0.9772318753744758,0.9731663685152058,0.9566765578635016,0.9624633431085045,0.9199766355140186,0,0.8680473372781065
Jason Avant,0.2564876282438141,0.4621798689696247,0.4741586538461538,0.5592105263157895,0.5259128386336867,0.5127118644067796,0.4438405797101449,0.4397843019772319,0,0.3369111508646392
Antonio Pierce,0.670911528150134,0.6904913848117422,0.703955500618047,0.8426829268292683,0.9558645707376058,0.9849124924562462,0.9743895175699822,0.9495192307692308,0,0.9144736842105264
Jim Jeffcoat,0.0594059405940594,0.4903474903474903,0.8817005545286506,0.9705882352941176,0.96875,0.9132075471698112,0.902439024390244,0.8761726078799249,0,0.8180112570356473
Mike Scifres,0.0797280593325092,0.1310975609756097,0.2430471584038694,0.188292094146047,0.1113758189398451,0.0757211538461538,0.104066985645933,0.2114252061248527,0,0.1937046004842615
Cliff Odom,0.2099009900990099,0.4922779922779923,0.8521256931608133,0.9338235294117648,0.84375,0.6754716981132075,0.3864915572232645,0.9380863039399624,0,0.9230769230769232
Coty Sensabaugh,0.5259661835748792,0.6548831635710006,0.7090041741204532,0.8142433234421365,0.8252199413489736,0.8440420560747663,0.7698224852071006,0.716159809183065,1,
Stanford Routt,0.5193470374848851,0.6089318044659022,0.7522334723049434,0.7319711538461539,0.742822966507177,0.7862190812720848,0.8589588377723971,0.8876811594202898,1,
Jarvis Landry,0.2903995229576624,0.2747774480712166,0.3882697947214076,0.4217289719626168,0.4366863905325444,0.4186046511627907,0.2651515151515151,0.2052903967797585,0,0.1491646778042959
Dewayne Washington,0.6238185255198487,0.7474402730375427,0.8605851979345955,0.7470686767169179,0.9267100977198696,0.8970358814352574,0.9551470588235296,0.9001340482573726,0,0.9227823867262284
Mark Fields1,0.0767918088737201,0.1101549053356282,0.3517587939698492,0.4625407166123778,0.5647425897035881,0.7816176470588235,0.8190348525469169,0.9049138481174218,0,0.8504326328800988
Mike Tolbert,0.5741626794258373,0.5936395759717314,0.5962469733656174,0.5048309178743962,0.4799281006590773,0.2695289206917114,0.3370919881305638,0.533724340175953,0,0.5841121495327103
Donnie Nickey,0.3182941903584672,0.5560975609756098,0.5840386940749698,0.6022933011466506,0.5616438356164384,0.5673076923076923,0.5598086124401914,0.5294464075382803,1,
Rashad Johnson,0.4485645933014354,0.6772673733804476,0.7306295399515739,0.8369565217391305,0.8615937687237867,0.970184853905784,0.9792284866468842,0.9706744868035192,1,
Amari Cooper,0.1916913946587537,0.2304985337243401,0.3411214953271028,0.3224852071005917,0.3208109719737627,0.3141025641025641,0.2685451408855664,0.2863961813842482,0,0.1953517587939698
Calvin Johnson,0.2167957117331745,0.3551682692307692,0.3953349282296651,0.3845700824499411,0.2294188861985472,0.2566425120772946,0.1977231875374475,0.3088849135360763,0,0.2789317507418398
Chester McGlockton,0.0929368029739776,0.3263757115749525,0.5255198487712666,0.636518771331058,0.5851979345955249,0.5025125628140703,0.3859934853420195,0.3556942277691107,0,0.6875
J.T. Thomas~,0.1457286432160804,0.6127450980392157,0.7892376681614349,0.8713692946058091,0.7480314960629921,0.5551470588235294,0.2090592334494773,0.2376237623762376,0,0.4049079754601227
Mike Vrabel,0.2948073701842546,0.3925081433224756,0.5023400936037441,0.6772058823529412,0.7942359249329759,0.8717294192724953,0.9740420271940669,0.9768292682926828,0,0.9842805320435308
Albert Haynesworth,0.5583918315252074,0.6983930778739185,0.8,0.8422007255139057,0.823777911888956,0.8129839189994044,0.8966346153846154,0.9156698564593302,0,0.8963486454652533
Jonathan Ogden,0.175,0.0509383378016085,0.2284620293554563,0.2354758961681087,0.2176829268292683,0.1789600967351874,0.1092335546167773,0.2805241215008934,1,
Fred Carr,0.5555555555555556,0.4014598540145985,0.3735632183908046,0.0100502512562814,0.0784313725490196,0.4484304932735426,0.6390041493775933,0.65748031496063,1,
Al Baker,0.1023102310231023,0.3773006134969325,0.8532110091743119,0.9524752475247524,0.9498069498069498,0.844731977818854,0.7647058823529411,0.7886904761904762,0,0.6415094339622641
Robert Blackmon,0.5290806754221389,0.8327137546468402,0.8842504743833017,0.8676748582230623,0.8924914675767918,0.953528399311532,0.9447236180904522,0.8941368078175895,1,
Doug Evans,0.2770398481973434,0.5879017013232514,0.8054607508532423,0.955249569707401,0.949748743718593,0.9104234527687296,0.750390015600624,0.8691176470588236,0,0.9611260053619304
Julian Peterson,0.6985294117647058,0.8331099195710456,0.9208679004467136,0.9709517923362176,0.9621951219512196,0.9546553808948004,0.9155099577549788,0.9821322215604528,0,0.9915865384615384
Chris Draft,0.5852941176470589,0.6923592493297587,0.8551372048500319,0.9122373300370828,0.945121951219512,0.9062877871825876,0.928183464091732,0.8981536628945801,0,0.8563701923076923
Sherrick McManis,0.5347467608951708,0.5284503631961259,0.5609903381642513,0.5068903535050928,0.5110316040548599,0.5679525222551929,0.5865102639296188,0.5858644859813084,0,0.6414201183431952
Darrius Heyward-Bey,0.1472320376914016,0.2433414043583535,0.3737922705314009,0.3876572798082684,0.4382826475849731,0.4462908011869436,0.46158357771261,0.473714953271028,0,0.4644970414201183
Phillippi Sparks,0.1877323420074349,0.1859582542694497,0.3988657844990548,0.5836177474402731,0.7555938037865749,0.8726968174204355,0.8501628664495114,0.8112324492979719,0,0.8742647058823529
Earl Holmes,0.0895008605851979,0.4589614740368509,0.6742671009771987,0.6318252730109204,0.8610294117647059,0.8974530831099196,0.9591576260370134,0.9252163164400494,0,0.8817073170731707
Shaq Lawson,0.6334310850439883,0.7634345794392523,0.8550295857988166,0.8908765652951699,0.9114219114219114,0.8861414606095457,0.860381861575179,0.7399497487437185,1,
Alex Okafor,0.10964649490713,0.7471675611210495,0.7857566765578635,0.864516129032258,0.8697429906542056,0.8745562130177514,0.8771615980918307,0.8385780885780886,0,0.8125359401955147
Gary Barnidge,0.2668269230769231,0.4503588516746411,0.4852767962308598,0.475181598062954,0.5223429951690821,0.5194727381665668,0.5062611806797853,0.4201780415430267,1,
Jimmy Williams2,0.3733243967828418,0.4569240587109126,0.5859085290482077,0.651219512195122,0.7243047158403869,0.7006638503319251,0.6475558237779119,0.6086956521739131,1,
Rob Bironas,0.20036210018105,0.3222156045265039,0.3731971153846153,0.3558612440191387,0.3639575971731448,0.3329297820823244,0.3297101449275362,0.3582983822648292,1,
Aundray Bruce,0.5113207547169811,0.7917448405253283,0.8818011257035647,0.6172607879924953,0.2881040892193308,0.2732447817836812,0.2835538752362949,0.5068259385665529,0,0.5473321858864028
Randy Logan,0.592964824120603,0.6666666666666666,0.7399103139013453,0.5601659751037344,0.7913385826771654,0.8088235294117647,0.8571428571428571,0.6732673267326733,0,0.6134969325153374
Vinny Curry,0.4166666666666667,0.6458957459556621,0.8622540250447227,0.88486646884273,0.884457478005865,0.8019859813084113,0.7923076923076923,0.8050089445438283,0,0.777972027972028
James Williams~,0.1726078799249531,0.2082551594746716,0.2589118198874296,0.2082551594746716,0.2620817843866171,0.3092979127134725,0.3681214421252372,0.4744801512287334,0,0.553875236294896
Michael Zordich,0.0461309523809523,0.2490566037735849,0.4033771106941838,0.5196998123827392,0.4896810506566604,0.449814126394052,0.3738140417457306,0.5217391304347826,0,0.4914675767918088
Dexter Davis,0.1728624535315985,0.1707779886148007,0.1776937618147448,0.0784982935153583,0.0774526678141136,0.0770519262981574,0.0684039087947882,0.0717628705148206,0,0.0235294117647058
Nolan Cromwell,0.2610294117647059,0.686411149825784,0.9702970297029704,0.9877300613496932,0.9908256880733946,0.984158415841584,0.9768339768339768,0.9500924214417744,0,0.9632352941176472
Donnell Woolford,0.2270168855534709,0.4709193245778612,0.6885553470919324,0.8568773234200744,0.8500948766603416,0.8922495274102079,0.7952218430034129,0.8416523235800344,0,0.8324958123953099
Kenneth Sims,0.3509174311926605,0.3207920792079208,0.4864864864864865,0.476894639556377,0.5183823529411765,0.6160714285714286,0.3150943396226415,0.3958724202626641,1,
Ken Norton,0.1726078799249531,0.3433395872420263,0.3696060037523452,0.1505576208178438,0.4895635673624288,0.6332703213610587,0.9010238907849828,0.76592082616179,0,0.830820770519263
Richard Seymour,0.6487935656836461,0.811104020421187,0.9140914709517924,0.946341463414634,0.9316807738814994,0.9028364514182255,0.836212030970816,0.8527644230769231,0,0.8714114832535885
Byron Evans,0.2767857142857143,0.1547169811320754,0.6435272045028143,0.7504690431519699,0.8780487804878049,0.8605947955390335,0.8823529411764706,0.8620037807183365,1,
Ray Horton,0.5306930693069307,0.6718146718146718,0.7467652495378928,0.5863970588235294,0.4211309523809524,0.3566037735849056,0.5084427767354597,0.6322701688555347,0,0.849906191369606
Kevin Mathis,0.4299674267100977,0.4492979719188767,0.8323529411764706,0.8706434316353887,0.9132099553286536,0.92336217552534,0.9243902439024392,0.8772672309552599,0,0.8129149064574532
Lance Kendricks,0.1035108958837772,0.2741545893719807,0.2588376273217495,0.306499701848539,0.1548961424332344,0.2668621700879765,0.3656542056074766,0.3905325443786982,0,0.5360763267740012
Tyler Larsen,0.1008797653958944,0.1536214953271028,0.1520710059171597,0.1192605843768634,0.0256410256410256,0.02242668200115,0.0178997613365155,0.1030150753768844,1,
Jeff Barnes,0.1358885017421602,0.1848184818481848,0.1257668711656441,0.1628440366972477,0.1584158415841584,0.3455598455598455,0.5397412199630314,0.7113970588235294,1,
Randy Gregory,0.4344213649851632,0.5190615835777126,0.5297897196261683,0.757396449704142,0.7251043530113298,0.8618881118881119,0.8941920644048303,0.9295942720763724,0,0.875
George Wilson,0.1390568319226118,0.1092335546167773,0.737343656938654,0.7884615384615384,0.9294258373205742,0.9204946996466432,0.9782082324455206,0.9305555555555556,0,0.902935889754344
Brentson Buckner,0.1890359168241966,0.5324232081911263,0.621342512908778,0.5360134003350083,0.3436482084690553,0.3166926677067083,0.7727941176470589,0.8605898123324397,0,0.8838544990427568
Marcell Dareus,0.6743341404358354,0.7946859903381642,0.896345116836429,0.9320214669051878,0.9121661721068248,0.8674486803519061,0.7762850467289719,0.7757396449704143,0,0.7018485390578414
Kenyon Coleman,0.0727504786215698,0.5,0.5548780487804879,0.6058041112454655,0.695835847917924,0.7832042882668255,0.8046875,0.7745215311004785,0,0.8103651354534747
Patrick Hunter,0.238095238095238,0.1283018867924528,0.2607879924953096,0.2532833020637898,0.600375234521576,0.7397769516728625,0.8462998102466793,0.8015122873345936,0,0.7491467576791809
Greg Zuerlein,0.1630434782608695,0.1977231875374475,0.2599880739415623,0.2902077151335311,0.3472140762463343,0.2932242990654206,0.2491124260355029,0.1067382230172927,0,0.0571095571095571
Adrian Wilson,0.7064343163538874,0.8800255264837269,0.9276885043263288,0.9670731707317072,0.975211608222491,0.9975859987929994,0.9928528886241812,0.9873798076923076,0,0.9563397129186604
Robert Goff,0.1754716981132075,0.3114446529080675,0.3621013133208255,0.3902439024390244,0.2007434944237918,0.4193548387096774,0.2816635160680529,0.4197952218430034,1,
Dan Hampton,0.7889908256880734,0.7861386138613862,0.9111969111969112,0.7634011090573013,0.8584558823529411,0.7946428571428571,0.7,0.5328330206378987,1,
Mike Jenkins,0.6364182692307693,0.7703349282296651,0.8857479387514723,0.860774818401937,0.7868357487922706,0.7753145596165368,0.7328562909958258,0.7210682492581603,1,
Shamar Stephen,0.5032796660703638,0.5572700296735905,0.6803519061583577,0.7067757009345794,0.7473372781065089,0.7531305903398927,0.7465034965034965,0.7280046003450259,1,
Alfred Williams,0.3076923076923077,0.7342007434944238,0.7722960151802657,0.833648393194707,0.7440273037542662,0.8846815834767642,0.9028475711892796,0.8566775244299675,0,0.7004680187207488
Brandon Meriweather,0.5884455032757594,0.8401442307692307,0.971291866028708,0.9870435806831568,0.9412832929782082,0.8091787439613527,0.8352306770521271,0.9177101967799642,0,0.9436201780415432
Heath Farwell,0.3821039903264812,0.5618587809293905,0.6253722453841573,0.6159855769230769,0.6238038277511961,0.5977620730270907,0.6186440677966102,0.5893719806763285,0,0.6590772917914919
Dwight Hollier,0.2193308550185873,0.2144212523719165,0.4083175803402646,0.2781569965870307,0.4733218588640275,0.3165829145728643,0.3241042345276873,0.0717628705148206,0,0.6301470588235294
Spencer Johnson,0.5871951219512195,0.6324062877871826,0.6463488231744116,0.7194758784991067,0.7421875,0.8080143540669856,0.8209658421672555,0.8674334140435835,0,0.8586956521739131
Monte Jackson,0.242152466367713,0.9377593360995852,0.9881889763779528,0.9889705882352942,0.7526132404181185,0.5346534653465347,0.2361963190184049,0.1743119266055046,1,
Greg Spires,0.1986970684039088,0.2620904836193448,0.8022058823529412,0.863941018766756,0.9100191448627952,0.8739184177997528,0.9378048780487804,0.930471584038694,0,0.9312009656004828
Shane Dronett,0.3345724907063197,0.5787476280834914,0.724007561436673,0.6638225255972696,0.4216867469879518,0.2797319932998325,0.5944625407166124,0.7285491419656787,0,0.8573529411764705
Aaron Stecker,0.3985294117647059,0.3827077747989276,0.5698787492022974,0.580964153275649,0.5823170731707317,0.4365175332527207,0.4484007242003621,0.4359737939249553,0,0.4290865384615384
Al Harris2,0.5366614664586583,0.7852941176470588,0.839142091152815,0.6770899808551372,0.8226205191594561,0.8353658536585366,0.9244256348246674,0.891973445986723,0,0.8933889219773675
Tim Harris~,0.1764705882352941,0.4583333333333333,0.5679245283018868,0.7429643527204502,0.7673545966228893,0.6829268292682927,0.5557620817843866,0.4041745730550284,0,0.3780718336483932
Rick Lyle,0.0843373493975903,0.3115577889447236,0.4885993485342019,0.5600624024960998,0.7676470588235295,0.7882037533512064,0.7594128908742821,0.6854140914709518,1,
Sammy Morris,0.4455882352941177,0.4631367292225201,0.5322271857051691,0.5024721878862793,0.5810975609756097,0.6227327690447401,0.6572118286059143,0.6241810601548541,0,0.5348557692307693
Max Starks,0.1390568319226118,0.3192516596258298,0.3114949374627754,0.2818509615384615,0.3283492822966507,0.3345111896348645,0.311138014527845,0.2288647342995169,1,
Loren Toews,0.2864321608040201,0.2401960784313725,0.2690582959641255,0.0165975103734439,0.0275590551181102,0.1580882352941176,0.1463414634146341,0.2013201320132013,0,0.0552147239263803
Tramaine Brock,0.3209658421672556,0.5992736077481841,0.6666666666666666,0.8484122228879568,0.8163387000596303,0.8741839762611276,0.8392961876832845,0.8498831775700935,0,0.7514792899408284
George Martin,0.389763779527559,0.4154411764705882,0.3797909407665505,0.0462046204620462,0.0552147239263803,0.5114678899082569,0.6297029702970297,0.6293436293436293,0,0.7060998151571165
Duane Bickett,0.4639556377079482,0.8272058823529411,0.980654761904762,0.979245283018868,0.9737335834896812,0.9174484052532832,0.8799249530956847,0.8643122676579925,0,0.8595825426944972
Chip Banks,0.8119266055045872,0.9465346534653464,0.9806949806949808,0.9297597042513864,0.8731617647058824,0.9583333333333334,0.8150943396226416,0.7335834896810507,0,0.4277673545966229
Matt Stevens,0.2564543889845094,0.3400335008375209,0.3485342019543974,0.5819032761310452,0.8514705882352941,0.8894101876675603,0.8270580727504786,0.7836835599505563,1,
Darqueze Dennard,0.5068574836016696,0.629673590504451,0.7020527859237536,0.8907710280373832,0.9242603550295858,0.9183064997018484,0.8106060606060606,0.6630247268545141,1,
Jumpy Geathers,0.3629343629343629,0.5360443622920518,0.8198529411764706,0.71875,0.7150943396226415,0.5384615384615384,0.6566604127579737,0.5703564727954972,0,0.4163568773234201
Fred Evans,0.1436330718165359,0.4633710541989279,0.5594951923076923,0.5753588516746412,0.5441696113074205,0.5296610169491526,0.6231884057971014,0.6962252846015579,1,
Pierce Holt,0.2226415094339622,0.4859287054409005,0.6848030018761726,0.6791744840525328,0.5947955390334573,0.6451612903225806,0.555765595463138,0.462457337883959,1,
Brady Smith,0.1411359724612736,0.3467336683417085,0.3550488599348534,0.5382215288611545,0.8102941176470588,0.8766756032171582,0.8864071474154436,0.8448702101359703,0,0.922560975609756
L.P. Ladouceur,0.20036210018105,0.2882668254913639,0.3569711538461538,0.3068181818181818,0.3227326266195524,0.2675544794188862,0.2989130434782608,0.2941881366087477,0,0.2790697674418604
Kenny Vaccaro,0.7351707609346915,0.8545020870602266,0.9412462908011868,0.9612903225806452,0.9725467289719626,0.9544378698224852,0.9159212880143112,0.8648018648018648,1,
Shaun Gayle,0.0733590733590733,0.0628465804066543,0.2224264705882352,0.4389880952380952,0.3735849056603773,0.6810506566604128,0.7317073170731707,0.801125703564728,0,0.7118959107806692
J.R. Reed,0.473780487804878,0.4703748488512696,0.496077248038624,0.5360333531864205,0.546875,0.5227272727272727,0.2243816254416961,0.0405569007263922,0,0.0440821256038647
Rob Meier,0.4860294117647059,0.5542895442359249,0.6496490108487556,0.7237330037082819,0.7390243902439024,0.7944377267230955,0.815932407966204,0.8463371054198928,0,0.7824519230769231
Brandon Jacobs,0.3875453446191052,0.4508147254073627,0.4466944609886837,0.3792067307692308,0.2900717703349282,0.3457008244994111,0.3371670702179177,0.1968599033816425,0,0.1791491911324146
A.J. Bouye,0.1677651288196525,0.7954680977936792,0.8356083086053413,0.8920821114369502,0.9024532710280374,0.9011834319526628,0.9093619558735838,0.7797202797202797,0,0.7205290396779759
Anthony Davis,0.1689419795221843,0.3734939759036144,0.4522613065326633,0.5488599348534202,0.4118564742589704,0.6691176470588235,0.4450402144772118,0.4460753031269943,0,0.0210135970333745
Everson Walls,0.7914110429447853,0.9793577981651376,0.988118811881188,0.9517374517374516,0.8484288354898336,0.8161764705882353,0.9434523809523808,0.8188679245283019,0,0.6660412757973734
David Patten,0.3102941176470588,0.2607238605898123,0.2973835354179961,0.2058096415327565,0.2359756097560975,0.1644498186215235,0.1617380808690404,0.1620011911852293,1,
Marty Booker,0.3102941176470588,0.2607238605898123,0.3726866624122527,0.3677379480840544,0.3329268292682927,0.2291414752116082,0.1092335546167773,0.2805241215008934,1,
Brian Jennings,0.4080882352941176,0.420911528150134,0.4288449266113593,0.3875154511742892,0.3359756097560976,0.5683192261185006,0.6203983101991551,0.6289458010720667,0,0.5552884615384616
Brice McCain,0.5215311004784688,0.5877502944640753,0.7475786924939467,0.821256038647343,0.8418214499700419,0.8586762075134168,0.8136498516320475,0.8604105571847507,0,0.7651869158878505
Jake Scott,0.1506097560975609,0.211608222490931,0.2703681351840676,0.2430017867778439,0.2806490384615384,0.2793062200956938,0.306831566548881,0.2354721549636803,0,0.3345410628019323
Roger McIntosh,0.4984912492456246,0.8695652173913043,0.9338942307692308,0.9659090909090908,0.9128386336866904,0.8765133171912833,0.8454106280193237,0.7729179149191132,1,
Travis Benjamin,0.1630434782608695,0.2576393049730378,0.5784138342277877,0.5810089020771514,0.5917888563049853,0.3814252336448598,0.3402366863905325,0.2367322599880739,0,0.1404428904428904
William Gay1,0.3371559633027522,0.5405940594059406,0.5637065637065637,0.5378927911275416,0.4595588235294117,0.4821428571428571,0.2132075471698113,0.0637898686679174,1,
William Hayes,0.6069711538461539,0.7876794258373205,0.8433451118963486,0.8274818401937046,0.7862318840579711,0.8340323547034152,0.8908765652951699,0.913946587537092,0,0.9090909090909092
John Kuhn,0.3059746529873265,0.4264443120905301,0.4573317307692308,0.4700956937799043,0.469964664310954,0.4382566585956416,0.4148550724637681,0.3079688436189335,0,0.3041144901610018
Travelle Wharton,0.0975609756097561,0.1590084643288996,0.1508750754375377,0.1274568195354377,0.1033653846153846,0.1668660287081339,0.1996466431095406,0.1773607748184019,0,0.1225845410628019
Mark Tauscher,0.3522058823529412,0.3277479892761394,0.2878111040204212,0.145859085290482,0.1926829268292683,0.2515114873035066,0.2190706095353047,0.1274568195354377,0,0.1442307692307692
Rock Cartwright,0.2935545628589662,0.3442521631644005,0.4402439024390244,0.5574365175332527,0.579963789981895,0.5914234663490173,0.5420673076923077,0.5376794258373205,0,0.6160188457008245
Robert Thomas,0.3419117647058823,0.2513404825737265,0.2916400765794512,0.2348436502871729,0.6372064276885043,0.7036585365853658,0.7654171704957679,0.7235968617984309,0,0.7355568790946992
Adam Snyder,0.0918984280532043,0.048280024140012,0.1274568195354377,0.1033653846153846,0.5095693779904307,0.516489988221437,0.5042372881355932,0.341183574879227,1,
Jermon Bushrod,0.0873205741626794,0.1472320376914016,0.1937046004842615,0.2077294685990338,0.2792091072498502,0.3136553369111509,0.31513353115727,0.2346041055718475,0,0.1664719626168224
Earl Thomas,0.7915194346289752,0.9055690072639224,0.9794685990338164,0.9850209706411024,0.9898628503279666,0.9869436201780416,0.9777126099706744,0.9789719626168224,0,0.955621301775148
Steve McNair,0.175,0.1595174262734584,0.2342054881940012,0.2929542645241038,0.2457317073170731,0.2666263603385732,0.1092335546167773,0.1762954139368671,1,
Steve Martin,0.2589285714285714,0.1377358490566037,0.1257035647279549,0.0375234521575985,0.0431519699812382,0.0594795539033457,0.064516129032258,0.0699432892249527,0,0.0631399317406143
Ezra Johnson,0.3922018348623853,0.7445544554455445,0.747104247104247,0.8170055452865065,0.6011029411764706,0.6428571428571429,0.3867924528301887,0.6679174484052532,0,0.7298311444652908
Mark Sanchez,0.1012956419316843,0.2052058111380145,0.394927536231884,0.3864589574595566,0.3178294573643411,0.0409495548961424,0.1008797653958944,0.0566588785046729,0,0.144378698224852
Eric Berry,0.8356890459363958,0.8347457627118644,0.8768115942028986,0.9077291791491912,0.9302325581395348,0.940652818991098,0.9302052785923752,0.919392523364486,0,0.8633136094674556
Mike Reinfeldt,0.2199170124481327,0.6614173228346457,0.7058823529411765,0.9825783972125436,0.9603960396039604,0.9785276073619632,0.7087155963302753,0.5841584158415841,1,
Lloyd Burruss,0.6656441717791411,0.8509174311926605,0.9346534653465348,0.8494208494208494,0.7430683918669131,0.9209558823529412,0.8571428571428571,0.8452830188679246,0,0.4202626641651032
Nate Allen~,0.0977011494252873,0.2914572864321608,0.5490196078431373,0.7040358744394619,0.8174273858921162,0.7165354330708661,0.5110294117647058,0.1707317073170731,1,
Chris Long,0.6592548076923077,0.7673444976076556,0.8533568904593639,0.8928571428571429,0.908816425120773,0.9137207908927502,0.8395945140131187,0.7566765578635015,0,0.7436950146627566
Reggie Bush,0.1436330718165359,0.3240023823704586,0.3197115384615384,0.3127990430622009,0.1012956419316843,0.137409200968523,0.1739130434782608,0.231276213301378,1,
Otis Wilson,0.264026402640264,0.1748466257668711,0.731651376146789,0.7584158415841584,0.832046332046332,0.8706099815157117,0.9246323529411764,0.9360119047619048,1,
Rob Fredrickson,0.3969754253308128,0.6791808873720137,0.6506024096385542,0.5728643216080402,0.5879478827361564,0.8673946957878315,0.9522058823529412,0.9564343163538874,0,0.8679004467134652
Darian Stewart,0.5600706713780919,0.8311138014527845,0.8333333333333334,0.8556021569802277,0.7590936195587359,0.8545994065281899,0.9237536656891496,0.9410046728971962,0,0.9372781065088758
Donte Whitner,0.6982498491249246,0.8260869565217391,0.8804086538461539,0.9066985645933014,0.941696113074205,0.971549636803874,0.9770531400966184,0.9580587177950868,0,0.966010733452594
Mike Minter,0.4556113902847571,0.5439739413680782,0.8330733229329174,0.961764705882353,0.9912868632707776,0.9891512444160816,0.976514215080346,0.9823170731707316,0,0.9649334945586456
Marcus Washington,0.5794117647058824,0.8264075067024129,0.9240587109125716,0.977132262051916,0.971341463414634,0.9848851269649336,0.971635485817743,0.9666468135795117,0,0.9128605769230768
Demarcus Ware,0.7605804111245466,0.9662039831019916,0.9982132221560452,1.0,0.999401913875598,0.9988221436984688,0.9975786924939468,0.998792270531401,0,0.9910125823846616
La'Roi Glover,0.219430485762144,0.4934853420195439,0.6193447737909517,0.9198529411764704,0.9215817694369972,0.9444798978940652,0.8838071693448702,0.8725609756097561,0,0.8240628778718259
Shelton Quarles,0.1514657980456026,0.1513260530421216,0.6933823529411764,0.8485254691689008,0.9470325462667516,0.9431396786155748,0.926829268292683,0.928657799274486,0,0.9487024743512372
Chris Ivory,0.1012956419316843,0.059322033898305,0.1280193236714976,0.0575194727381665,0.0524746571258199,0.1329376854599406,0.1401759530791788,0.1226635514018691,0,0.1159763313609467
Jeremy Cain,0.2810975609756098,0.4226118500604595,0.4266747133373567,0.3895175699821322,0.1033653846153846,0.2595693779904306,0.290341578327444,0.4085956416464891,0,0.4396135265700483
Joe Bowden,0.191650853889943,0.1871455576559546,0.5887372013651877,0.7177280550774526,0.8743718592964824,0.9039087947882736,0.9204368174726988,0.9227941176470588,1,
Cassius Marsh,0.4036970781156828,0.5228486646884273,0.7266862170087977,0.8510514018691588,0.8869822485207101,0.8521168753726893,0.7884615384615384,0.6912018401380103,1,
Michael Strahan,0.0872865275142315,0.3686200378071834,0.7696245733788396,0.8554216867469879,0.9262981574539364,0.9560260586319218,0.982839313572543,0.9897058823529412,0,0.9993297587131368
Kyle Wilber,0.3508454106280193,0.7106051527860995,0.7644603458556947,0.769139465875371,0.7419354838709677,0.7143691588785047,0.6952662721893491,0.5951103160405486,0,0.5675990675990676
Nate Burleson,0.0797280593325092,0.2402439024390243,0.3355501813784764,0.3651176825588413,0.357355568790947,0.2950721153846153,0.3086124401913875,0.2597173144876325,0,0.3613801452784503
Derland Moore,0.0653266331658291,0.0784313725490196,0.0941704035874439,0.0165975103734439,0.0275590551181102,0.0183823529411764,0.0278745644599303,0.0462046204620462,0,0.0552147239263803
Tom Compton,0.1282051282051282,0.0694362017804154,0.1196480938416422,0.0420560747663551,0.2011834319526627,0.1926058437686344,0.1858974358974359,0.0862564692351926,1,
Kevin Mawae,0.2588235294117647,0.131367292225201,0.158264199106573,0.0797280593325092,0.0512195121951219,0.0326481257557436,0.0325890162945081,0.1620011911852293,0,0.2073317307692307
Sen'Derrick Marks,0.5191387559808612,0.699057714958775,0.7185230024213075,0.7572463768115942,0.7399640503295386,0.8240906380441264,0.7798219584569733,0.782991202346041,1,
Damon Harrison,0.6482923906530856,0.7107930828861061,0.8,0.8580645161290322,0.9042056074766356,0.9331360946745562,0.9010137149672034,0.8578088578088578,1,
Jeff Ulbrich,0.2676470588235294,0.7131367292225201,0.8117421825143587,0.8936959208899876,0.901219512195122,0.8712212817412334,0.8304164152082076,0.730196545562835,0,0.6808894230769231
Jason Kelce,0.1035108958837772,0.1165458937198067,0.1180347513481126,0.1806797853309481,0.2362017804154302,0.2346041055718475,0.1226635514018691,0.2011834319526627,0,0.2945736434108527
Larry Foote,0.5213784301212508,0.5494437577255872,0.7585365853658537,0.839782345828295,0.943874471937236,0.9606908874329958,0.9549278846153846,0.9389952153110048,0,0.8468786808009423
Jason Kyle,0.2588235294117647,0.4752010723860589,0.5360561582641991,0.5327564894932015,0.4615853658536585,0.366384522370012,0.395896197948099,0.4145324597974985,0,0.3731971153846153
Matthias Farley,0.4416422287390029,0.794392523364486,0.8485207100591716,0.8378056052474657,0.6724941724941725,0.648073605520414,0.649164677804296,0.5973618090452262,1,
Phillip Wise,0.3284671532846715,0.2413793103448276,0.2562814070351759,0.0245098039215686,0.2511210762331838,0.2697095435684647,0.326771653543307,0.3602941176470588,1,
Johnie Cooks,0.5756880733944955,0.7762376237623763,0.918918918918919,0.8687615526802218,0.8014705882352942,0.8511904761904762,0.7528301886792453,0.6547842401500938,0,0.3358348968105065
George Fant,0.1612903225806451,0.1308411214953271,0.1331360946745562,0.1067382230172927,0.0571095571095571,0.5100632547441059,0.5924821002386634,0.5734924623115578,1,
Jimmy Graham,0.1472320376914016,0.1186440677966101,0.1225845410628019,0.2240862792091072,0.5342874180083482,0.5204747774480712,0.5243401759530791,0.2184579439252336,0,0.1520710059171597
William Fuller,0.0551470588235294,0.3139880952380952,0.5452830188679245,0.7223264540337712,0.8198874296435272,0.8592870544090057,0.8996282527881041,0.9013282732447818,0,0.8998109640831758
Mike Pitts,0.4475247524752475,0.6003861003861004,0.7966728280961183,0.7996323529411765,0.8050595238095238,0.6622641509433962,0.6135084427767354,0.5797373358348968,0,0.7054409005628518
Henry Anderson,0.5560830860534125,0.6293255131964809,0.7225467289719626,0.7917159763313609,0.7924865831842576,0.7791375291375291,0.6515238642898218,0.6085918854415274,1,
Thomas Jones,0.3102941176470588,0.2607238605898123,0.2641991065730695,0.2058096415327565,0.1115853658536585,0.1789600967351874,0.2389861194930597,0.2757593805836807,0,0.2782451923076923
Russell Maryland,0.4615384615384615,0.7137546468401487,0.7628083491461101,0.6068052930056711,0.5563139931740614,0.5025817555938038,0.6381909547738693,0.6612377850162866,0,0.6911076443057722
Wayne Martin,0.148217636022514,0.3189493433395872,0.4390243902439024,0.8159851301115242,0.855787476280835,0.9319470699432892,0.9232081911262798,0.9724612736660928,0,0.966499162479062
Cornelius Bennett,0.7648809523809523,0.9716981132075472,0.9906191369606004,0.99812382739212,0.9962476547842402,0.9925650557620818,0.9487666034155596,0.9017013232514176,0,0.9505119453924916
Kerry Justin,0.0592334494773519,0.2277227722772277,0.1533742331288343,0.036697247706422,0.2752475247524752,0.2413127413127413,0.2421441774491682,0.3474264705882353,1,
Daryl Gardener,0.180722891566265,0.4505862646566164,0.5553745928338762,0.6489859594383776,0.8198529411764706,0.8512064343163539,0.8206764518187619,0.7719406674907293,1,
John Mobley,0.2994836488812392,0.7403685092127303,0.8648208469055375,0.797191887675507,0.8455882352941176,0.8719839142091153,0.9355456285896616,0.8689740420271941,1,
Dan Bunz,0.1654411764705882,0.2404181184668989,0.3234323432343234,0.0920245398773006,0.018348623853211,0.0118811881188118,0.1621621621621621,0.2310536044362292,1,
Bryce Callahan,0.4937685459940653,0.587683284457478,0.7920560747663551,0.8526627218934911,0.8312462731067383,0.803030303030303,0.715928694652099,0.8460620525059666,1,
Keith Traylor,0.2100371747211896,0.2049335863377609,0.2022684310018903,0.2235494880546075,0.342512908777969,0.6013400335008375,0.6254071661237784,0.6162246489859594,0,0.7875
Reggie Hodges,0.0918984280532043,0.048280024140012,0.0446694460988683,0.0372596153846153,0.0370813397129186,0.0400471142520612,0.0405569007263922,0.1871980676328502,1,
Margus Hunt,0.4559616536848412,0.5181872391174717,0.5068249258160238,0.555425219941349,0.6051401869158879,0.7656804733727811,0.753726893261777,0.7482517482517482,0,0.6009200690051754
Marcellus Wiley,0.2736156351791531,0.5335413416536662,0.9301470588235294,0.9879356568364612,0.9910657306955968,0.9734239802224968,0.9073170731707316,0.8077388149939541,0,0.6759203379601689
Tyler Higbee,0.1612903225806451,0.2663551401869158,0.2692307692307692,0.2903995229576624,0.2301864801864802,0.2202415181138585,0.2028639618138424,0.2399497487437186,1,
Kelvin Pritchett,0.1219512195121951,0.6171003717472119,0.6679316888045541,0.8279773156899811,0.7133105802047781,0.7108433734939759,0.5326633165829145,0.5146579804560261,0,0.4742589703588143
Greg Stemrick,0.0705394190871369,0.2755905511811024,0.5992647058823529,0.7317073170731707,0.8316831683168316,0.7944785276073619,0.6651376146788991,0.4772277227722772,1,
Steve Atwater,0.4108818011257035,0.600375234521576,0.9061913696060038,0.9405204460966544,0.9620493358633776,0.9187145557655956,0.9129692832764504,0.8932874354561101,0,0.9095477386934674
Scott Wells,0.0918984280532043,0.1852745926372963,0.240023823704586,0.2782451923076923,0.2673444976076555,0.2756183745583039,0.1186440677966101,0.0513285024154589,0,0.2240862792091072
Jim Flanigan,0.4709897610921502,0.5697074010327022,0.8224455611390284,0.8257328990228013,0.875195007800312,0.901470588235294,0.8693029490616622,0.772814294830887,0,0.6835599505562423
Priest Holmes,0.175,0.2794906166219839,0.2495213784301212,0.2126081582200247,0.0274390243902439,0.0326481257557436,0.0325890162945081,0.1042287075640262,1,
Sammy Watkins,0.2409063804412641,0.2255192878338278,0.2680351906158357,0.0566588785046729,0.144378698224852,0.1502683363148479,0.5186480186480187,0.5066129959746981,0,0.4916467780429594
Dick Jauron,0.8140703517587939,0.8480392156862745,0.9327354260089686,0.7053941908713693,0.7834645669291339,0.8051470588235294,0.9198606271777005,0.8646864686468647,1,
Carlos Rogers,0.694074969770254,0.7911888955944478,0.8653960690887433,0.8647836538461539,0.8385167464114832,0.8498233215547704,0.9085956416464892,0.961352657004831,0,0.9442780107849011
Flozell Adams,0.2588235294117647,0.131367292225201,0.0899808551372048,0.0797280593325092,0.4432926829268293,0.4516324062877871,0.4544357272178636,0.0446694460988683,0,0.180889423076923
Gregg Bingham,0.3316582914572864,0.6519607843137255,0.820627802690583,0.8381742738589212,0.7716535433070866,0.5294117647058824,0.6341463414634146,0.5313531353135313,0,0.8957055214723927
Devin Hester,0.3789981894990947,0.391304347826087,0.4056490384615384,0.2200956937799043,0.2208480565371024,0.059322033898305,0.1998792270531401,0.1252246854403834,0,0.5754323196183662
Ricky Williams,0.3102941176470588,0.5462466487935657,0.5513720485003191,0.5618046971569839,0.3838071693448702,0.3365853658536585,0.2267230955259976,0.0325890162945081,0,0.0327575938058368
John Bunting,0.3793103448275862,0.371859296482412,0.5392156862745098,0.4080717488789238,0.4149377593360996,0.1181102362204724,0.1397058823529411,0.3519163763066202,0,0.4092409240924092
Kenny Smith,0.3920911528150134,0.6119974473516273,0.6990111248454882,0.6908536585365853,0.6094316807738815,0.0325890162945081,0.0327575938058368,0.0372596153846153,0,0.1429425837320574
Gill Byrd,0.2415841584158415,0.6776061776061776,0.8853974121996303,0.9503676470588236,0.7857142857142857,0.8415094339622642,0.8836772983114447,0.9793621013133208,0,0.9568480300187616
Larry Roberts,0.2922794117647059,0.5059523809523809,0.6811320754716981,0.6585365853658537,0.6735459662288931,0.5365853658536586,0.3661710037174721,0.3605313092979127,1,
Tevin Coleman,0.3080118694362018,0.3020527859237537,0.3212616822429907,0.129585798816568,0.182468694096601,0.1695804195804195,0.2800460034502587,0.2690930787589499,1,
Billy Thompson,0.6262626262626263,0.8832116788321168,0.8333333333333334,0.8994974874371859,0.9362745098039216,0.9730941704035876,0.8796680497925311,0.8110236220472441,0,0.7463235294117647
LeRoy Irvin,0.5214521452145214,0.549079754601227,0.5298165137614679,0.398019801980198,0.6196911196911197,0.833641404805915,0.9356617647058824,0.8928571428571429,0,0.7754716981132076
Sean Jones1,0.0231660231660231,0.1792975970425138,0.4466911764705882,0.6517857142857143,0.5490566037735849,0.4427767354596623,0.5703564727954972,0.6622889305816135,0,0.6933085501858736
Wesley Woodyard,0.5727163461538461,0.6973684210526315,0.7526501766784452,0.8292978208232445,0.932367149758454,0.9688436189334932,0.9803220035778176,0.9679525222551928,0,0.9524926686217008
Fred Wakefield,0.653485254691689,0.7536694320357371,0.8084054388133498,0.7201219512195122,0.626360338573156,0.1804465902232951,0.1715306730196545,0.390625,1,
Ken Irvin,0.2065404475043029,0.3350083752093802,0.6123778501628665,0.594383775351014,0.8044117647058824,0.7138069705093834,0.7606892150606254,0.7873918417799752,0,0.7560975609756098
LeRoy Butler,0.2889305816135084,0.4709193245778612,0.4795539033457249,0.5958254269449715,0.6389413988657845,0.8122866894197952,0.8777969018932874,0.8827470686767169,0,0.8273615635179153
Devin McCourty,0.8221436984687868,0.8995157384987893,0.9704106280193237,0.9131216297183944,0.924865831842576,0.8783382789317508,0.8909090909090909,0.8802570093457944,0,0.9189349112426036
Tyronne Drakeford,0.1323251417769376,0.5716723549488054,0.7280550774526678,0.8140703517587939,0.8061889250814332,0.6630265210608425,0.7558823529411764,0.413538873994638,1,
Marty Lyons,0.518348623853211,0.693069306930693,0.7374517374517374,0.6247689463955638,0.6305147058823529,0.7619047619047619,0.8509433962264151,0.8067542213883677,1,
Paul Grasmanis,0.1222780569514237,0.1970684039087948,0.2028081123244929,0.6345588235294117,0.6501340482573726,0.7811104020421187,0.7354758961681088,0.7060975609756097,0,0.494558645707376
Keith Butler,0.1045296167247386,0.3762376237623762,0.8067484662576687,0.8761467889908257,0.904950495049505,0.7162162162162162,0.8964879852125693,0.8474264705882353,1,
Keith Lyle,0.2741020793950851,0.6296928327645052,0.9053356282271944,1.0,0.990228013029316,0.9017160686427456,0.8852941176470588,0.8337801608579088,0,0.8513082322910019
Greg Townsend,0.2376237623762376,0.3127413127413127,0.4584103512014787,0.4889705882352941,0.6592261904761905,0.7867924528301887,0.7936210131332082,0.8855534709193246,0,0.8161350844277674
Casey Hampton,0.5951742627345844,0.7409061901723037,0.7787391841779975,0.7536585365853659,0.6729141475211609,0.6904043452021726,0.7290053603335319,0.71875,0,0.7452153110047847
Joselio Hanson,0.5,0.5048367593712213,0.592033796016898,0.6676593210244193,0.7836538461538461,0.8522727272727273,0.8380447585394581,0.7736077481840193,0,0.8182367149758454
Glenn Blackwood,0.3399339933993399,0.7239263803680982,0.9036697247706422,0.9267326732673268,0.9054054054054054,0.878003696857671,0.8363970588235294,0.7663690476190477,1,
Terry Jackson1,0.7683823529411765,0.8466898954703833,0.8877887788778878,0.6288343558282209,0.7821100917431193,0.8,0.7586872586872587,0.5619223659889094,0,0.3915441176470588
Dashon Goldson,0.4544371649791542,0.5366586538461539,0.8630382775119617,0.9263839811542992,0.9848668280871672,0.9685990338164252,0.9544637507489516,0.9045915324985092,0,0.9264094955489616
Glen Edwards,0.2481751824817518,0.3850574712643678,0.9246231155778896,0.9950980392156864,0.9955156950672646,0.975103734439834,0.952755905511811,0.9448529411764706,0,0.9094076655052264
Donte' Stallworth,0.1914486279514997,0.2354758961681087,0.3530487804878048,0.3911729141475211,0.4061557030778515,0.3722453841572364,0.2878605769230769,0.2362440191387559,0,0.163133097762073
Woodrow Lowe,0.1576763485477178,0.3346456692913386,0.4889705882352941,0.8989547038327527,0.9636963696369636,0.9693251533742332,0.8922018348623854,0.8495049504950495,0,0.8764478764478765
Steve Foley2,0.2166123778501628,0.4758190327613104,0.8544117647058823,0.8746648793565683,0.8123803446075303,0.7014833127317676,0.902439024390244,0.9455864570737604,1,
Karl Wilson,0.0833333333333333,0.230188679245283,0.2889305816135084,0.4915572232645403,0.551594746716698,0.4293680297397769,0.3036053130929791,0.3100189035916824,0,0.3668941979522184
Rufus Porter,0.6228893058161351,0.799249530956848,0.9643527204502814,0.949814126394052,0.8804554079696395,0.7618147448015122,0.6672354948805461,0.5714285714285714,0,0.4304857621440536
Ryan Taylor,0.3102941176470588,0.1963806970509383,0.1550733886407147,0.0210135970333745,0.0274390243902439,0.0326481257557436,0.0325890162945081,0.0327575938058368,0,0.0372596153846153
Keenan Allen,0.2240862792091072,0.3840190816935003,0.3952522255192878,0.3565982404692082,0.5829439252336449,0.5958579881656805,0.5849731663685152,0.3537296037296037,0,0.3231742380678551
Mike DeVito,0.3692674210839785,0.5618990384615384,0.6196172248803827,0.7002355712603062,0.6955205811138014,0.7445652173913043,0.7183942480527262,0.6553369111508647,0,0.6391691394658754
Billy Cundiff,0.0727504786215698,0.0797280593325092,0.1926829268292683,0.1644498186215235,0.1617380808690404,0.0327575938058368,0.0372596153846153,0.0370813397129186,0,0.1012956419316843
Brodrick Bunkley,0.4206397103198551,0.6527695056581299,0.7361778846153846,0.7858851674641149,0.7408716136631331,0.6694915254237288,0.6721014492753623,0.6782504493708807,0,0.6380441264162194
Brian Williams,0.0654044750430292,0.2428810720268006,0.2915309446254072,0.4960998439937597,0.7,0.7037533512064343,0.6285896617740906,0.6464582003828973,0,0.9097651421508036
Randall Cobb,0.1035108958837772,0.1739130434782608,0.5512282804074295,0.530113297555158,0.5145400593471811,0.5794721407624633,0.5782710280373832,0.5863905325443787,0,0.5295169946332737
Gerald McBurrows,0.0733788395904436,0.1135972461273666,0.117252931323283,0.1009771986970684,0.2932917316692667,0.6948529411764706,0.7520107238605898,0.7721761327377153,0,0.7286773794808405
Levon Kirkland,0.5483870967741935,0.7542533081285444,0.8856655290102389,0.9087779690189328,0.9430485762144054,0.97557003257329,0.968798751950078,0.9566176470588236,0,0.9363270777479892
Antonio Bryant,0.1289087428206764,0.265142150803461,0.3414634146341463,0.3591293833131802,0.4013277006638503,0.3567599761762954,0.3581730769230769,0.2033492822966507,1,
Michael McCrary,0.1157495256166983,0.1795841209829867,0.1996587030716723,0.4285714285714285,0.5494137353433836,0.754071661237785,0.7519500780031201,0.8860294117647058,0,0.8833780160857909
Alterraun Verner,0.7879858657243817,0.8305084745762712,0.9154589371980676,0.9340922708208508,0.9725700655933214,0.9673590504451038,0.8956011730205279,0.8101635514018691,1,
Dennis Harrison,0.1580882352941176,0.1463414634146341,0.2013201320132013,0.0552147239263803,0.7477064220183486,0.8673267326732673,0.9671814671814672,0.7874306839186691,0,0.6139705882352942
Jason McCourty,0.5077751196172249,0.6813898704358068,0.839588377723971,0.9106280193236715,0.8999400838825644,0.8896839594514013,0.7614243323442137,0.8217008797653959,0,0.8744158878504673
Luke Kuechly,0.8266908212560387,0.950868783702816,0.9940369707811568,0.9970326409495548,0.9929618768328444,0.9964953271028038,0.9893491124260356,0.9880739415623137,1,
Josh Lambo,0.2635014836795252,0.2604105571847507,0.2476635514018691,0.0343195266272189,0.1067382230172927,0.0571095571095571,0.0862564692351926,0.0739856801909307,1,
Delanie Walker,0.2930315664085765,0.4675480769230769,0.5316985645933014,0.5500588928150766,0.5526634382566586,0.5410628019323671,0.536249251048532,0.4054859868813357,0,0.3412462908011869
Ricky Jean-Francois,0.4829210836277974,0.5223970944309927,0.6358695652173914,0.6854403834631516,0.7334525939177102,0.7281899109792285,0.7554252199413489,0.6950934579439252,0,0.6911242603550296
Scott Case,0.4491682070240296,0.7058823529411765,0.8556547619047619,0.8849056603773585,0.8367729831144465,0.9212007504690432,0.7954971857410882,0.845724907063197,0,0.6925996204933587
Dan Carpenter,0.180889423076923,0.3492822966507177,0.4204946996466431,0.4207021791767554,0.4359903381642512,0.4080287597363691,0.2826475849731664,0.1643916913946587,0,0.1888563049853372
Tyrone Poole,0.4948805460750853,0.6368330464716007,0.7805695142378559,0.6661237785016286,0.6661466458658346,0.8345588235294118,0.7861930294906166,0.7262284620293554,0,0.8640296662546354
Brad Meester,0.175,0.0509383378016085,0.0197830248883216,0.1915945611866502,0.2298780487804878,0.2370012091898428,0.156306578153289,0.0589636688505062,0,0.1844951923076923
Todd Bell,0.745398773006135,0.7637614678899083,0.8396039603960396,0.7895752895752896,0.7319778188539742,0.6066176470588235,0.46875,0.5132075471698113,0,0.5459662288930581
Mike Leach,0.175,0.0509383378016085,0.2552648372686662,0.3597033374536464,0.3847560975609756,0.4111245465538089,0.436330718165359,0.4526503871351995,0,0.4429086538461538
Matt Ryan,0.1035108958837772,0.2288647342995169,0.207309766327142,0.1323792486583184,0.1329376854599406,0.1401759530791788,0.1226635514018691,0.1159763313609467,0,0.1502683363148479
James Darling,0.250814332247557,0.4945397815912636,0.7544117647058823,0.7493297587131368,0.7657945118059988,0.7744128553770087,0.8878048780487805,0.8972188633615478,0,0.8708509354254678
Paul Smith2,0.3522058823529412,0.4041554959785522,0.4473516273133376,0.4511742892459827,0.3878048780487805,0.3651753325272068,0.3952926976463488,0.4157236450268016,1,
Jerrol Williams,0.2345215759849906,0.3564727954971857,0.7373358348968105,0.8754646840148699,0.8026565464895635,0.5444234404536862,0.068259385665529,0.3476764199655766,1,
Eddie Edwards,0.0808823529411764,0.0662020905923344,0.1122112211221122,0.0552147239263803,0.3807339449541284,0.6316831683168317,0.7934362934362934,0.822550831792976,0,0.8345588235294118
Tory James,0.3201376936316695,0.2981574539363484,0.3094462540716612,0.4664586583463339,0.7933823529411764,0.903485254691689,0.8844926611359285,0.9147095179233622,0,0.9567073170731708
Troy Vincent,0.3475836431226766,0.5502846299810247,0.8109640831758034,0.9027303754266212,0.963855421686747,0.931323283082077,0.8680781758957655,0.8783151326053042,0,0.9691176470588236
James Washington~,0.0660377358490566,0.0712945590994371,0.3208255159474671,0.3864915572232645,0.5055762081784386,0.4250474383301708,0.5198487712665406,0.5238907849829352,1,
Donald Penn,0.1042287075640262,0.1905048076923076,0.2673444976076555,0.2208480565371024,0.259685230024213,0.25,0.2540443379269023,0.1806797853309481,0,0.2362017804154302
Jonathan Weeks,0.336866902237927,0.324455205811138,0.4208937198067632,0.4613541042540443,0.4460345855694693,0.4599406528189911,0.4434017595307918,0.4690420560747663,0,0.4224852071005917
Keith Washington,0.236180904522613,0.3013029315960912,0.422776911076443,0.649264705882353,0.7620643431635389,0.786215698787492,0.8250927070457355,0.7841463414634147,1,
William White,0.3977485928705441,0.7711069418386491,0.8855534709193246,0.912639405204461,0.8235294117647058,0.7655954631379962,0.7013651877133106,0.4802065404475043,0,0.4941373534338358
Bryan Robinson,0.0854271356783919,0.1661237785016286,0.3884555382215288,0.7463235294117647,0.8619302949061662,0.8659859604339503,0.823238566131026,0.7396341463414634,0,0.6668681983071342
Samson Satele,0.2167957117331745,0.2163461538461538,0.3534688995215311,0.2979976442873969,0.2705811138014528,0.0513285024154589,0.0437387657279808,0.1282051282051282,1,
Amani Toomer,0.175,0.225201072386059,0.2750478621569879,0.3708281829419035,0.3384146341463415,0.3542926239419589,0.2486421243210621,0.2787373436569386,1,
Mark Washington~,0.0909090909090909,0.0656934306569343,0.0114942528735632,0.0653266331658291,0.1813725490196078,0.5964125560538116,0.7593360995850622,0.8464566929133859,1,
Greg Warren,0.2992744860943168,0.3729631864815932,0.4133412745681953,0.3894230769230769,0.3630382775119617,0.3563015312131919,0.3190072639225181,0.4051932367149758,0,0.3936488915518274
Blaine Bishop,0.4022770398481973,0.6710775047258979,0.9419795221843004,0.9483648881239244,0.9463986599664992,0.8550488599348535,0.8237129485179407,0.8911764705882353,0,0.8445040214477212
Barrett Ruud,0.5163240628778718,0.6330718165359083,0.867182846932698,0.9513221153846154,0.9838516746411484,0.9711425206124852,0.9249394673123488,0.8484299516908212,1,
Eric Moulds,0.2588235294117647,0.2158176943699732,0.3280153158902361,0.5451174289245982,0.5475609756097561,0.5483675937122128,0.3693421846710923,0.1762954139368671,1,
Terry Hoage,0.5656192236598891,0.7830882352941176,0.956845238095238,0.9377358490566038,0.849906191369606,0.7091932457786116,0.1163227016885553,0.1078066914498141,0,0.064516129032258
Cody Davis,0.316956261234272,0.5158020274299344,0.5323442136498516,0.6727272727272727,0.6939252336448598,0.6940828402366864,0.616577221228384,0.5303030303030303,0,0.5313398504887866
Bradley McDougald,0.6094215861657722,0.7531157270029674,0.8721407624633432,0.8884345794392523,0.9041420118343196,0.8867024448419797,0.8694638694638694,0.7291546866014951,1,
Chris McAlister,0.3338533541341654,0.8463235294117647,0.8820375335120644,0.8653477983407786,0.8355995055624228,0.8591463414634146,0.8639661426844014,0.9064574532287266,0,0.8683740321620012
Kim Herring,0.304857621440536,0.3143322475570032,0.3322932917316692,0.7411764705882353,0.8378016085790885,0.9138481174218251,0.8022249690976514,0.802439024390244,1,
D.D. Lewis,0.4952137843012125,0.634734239802225,0.6347560975609756,0.686819830713422,0.6264333132166566,0.6319237641453246,0.5967548076923077,0.5801435406698564,1,
James Francis,0.3846153846153846,0.6322701688555347,0.9460966542750928,0.8861480075901328,0.9130434782608696,0.7559726962457338,0.8795180722891566,0.88107202680067,0,0.7866449511400652
Josh Norman2,0.6491545893719807,0.6680647094068305,0.8115682766845558,0.9560830860534124,0.9917888563049854,0.9853971962616822,0.9804733727810652,0.9457364341085271,0,0.9562937062937062
Eric Rowe,0.5857566765578635,0.6715542521994134,0.6799065420560748,0.6177514792899408,0.7877161598091831,0.8986013986013986,0.9539965497412306,0.9242243436754176,0,0.878140703517588
Ken Riley,0.696969696969697,0.8394160583941606,0.8448275862068966,0.7688442211055276,0.7745098039215687,0.8968609865470852,0.983402489626556,0.984251968503937,0,0.9522058823529412
Shaun Rogers,0.7017426273458445,0.7983407785577536,0.880716934487021,0.8676829268292683,0.9171704957678356,0.8847314423657212,0.9499702203692674,0.9278846153846154,0,0.9192583732057416
Chris Thompson,0.4238210399032648,0.4272782136391068,0.4282310899344848,0.0372596153846153,0.0370813397129186,0.0400471142520612,0.0405569007263922,0.0440821256038647,0,0.0437387657279808
Leigh Bodden,0.5098887515451175,0.626219512195122,0.7799274486094316,0.8473144236572119,0.946396664681358,0.950721153846154,0.9784688995215312,0.913427561837456,0,0.8111380145278451
Reggie Tongue,0.490787269681742,0.7198697068403909,0.9625585023400935,0.9573529411764706,0.9772117962466488,0.9623484365028716,0.9820766378244746,0.974390243902439,0,0.8694074969770254
Dwan Edwards,0.0975609756097561,0.5707376058041113,0.5781532890766445,0.6896962477665277,0.6328125,0.756578947368421,0.8168433451118964,0.8577481840193705,0,0.8707729468599034
Jahri Evans,0.1620011911852293,0.2073317307692307,0.3325358851674641,0.2703180212014134,0.1773607748184019,0.1630434782608695,0.1252246854403834,0.1323792486583184,0,0.0409495548961424
Nate Allen,0.7449941107184923,0.8371670702179177,0.8665458937198067,0.871779508687837,0.9355992844364938,0.9287833827893176,0.896774193548387,0.7190420560747663,1,
Travis Fisher,0.6668793873643906,0.8850432632880099,0.9359756097560976,0.8954050785973398,0.7066988533494267,0.741512805241215,0.7415865384615384,0.7260765550239234,1,
Vince Wilfork,0.6396341463414634,0.7218863361547763,0.7875678937839469,0.7897558070279929,0.8016826923076923,0.8104066985645934,0.8127208480565371,0.8964891041162227,0,0.9480676328502416
Jerry Porter,0.425,0.4376675603217158,0.4518187619655393,0.5599505562422744,0.5365853658536586,0.5326481257557436,0.208207604103802,0.3918999404407385,0,0.3882211538461538
Sam Acho,0.8081113801452785,0.8985507246376812,0.9167165967645295,0.8336314847942755,0.7560830860534125,0.7929618768328446,0.8311915887850467,0.7650887573964497,0,0.7394156231365534
James Anderson,0.6306578153289076,0.6628945801072067,0.6688701923076923,0.7045454545454546,0.8992932862190812,0.975181598062954,0.9667874396135264,0.920910724985021,0,0.7978533094812165
Jason Gildon,0.1304347826086956,0.4283276450511945,0.6609294320137694,0.7504187604690117,0.8534201954397395,0.8502340093603744,0.9948529411764706,0.9986595174262736,0,0.998085513720485
Joe Staley,0.1620011911852293,0.3497596153846153,0.3642344497607656,0.3392226148409894,0.137409200968523,0.1340579710144927,0.1791491911324146,0.1621943947525342,0,0.228486646884273
Aubrayo Franklin,0.0797280593325092,0.1926829268292683,0.5120918984280532,0.5515992757996379,0.6497915425848719,0.7289663461538461,0.805622009569378,0.8044758539458187,0,0.7088377723970944
David Stewart,0.1695835847917924,0.2185824895771292,0.2638221153846153,0.263755980861244,0.2703180212014134,0.2905569007263922,0.2228260869565217,0.2941881366087477,1,
Andre Tippett,0.5188118811881188,0.803088803088803,0.9796672828096118,0.9871323529411764,0.9836309523809524,0.9245283018867924,0.7654784240150094,0.50093808630394,0,0.7073170731707317
Derrick Alexander,0.0972696245733788,0.1790017211703958,0.2998324958123953,0.4446254071661237,0.4570982839313572,0.6705882352941176,0.542225201072386,0.2252712188895979,1,
Jeremy Mincey,0.4913639070875521,0.5685096153846154,0.5651913875598086,0.6672555948174322,0.8868038740920097,0.9353864734299516,0.9173157579388856,0.8580799045915325,0,0.7774480712166172
Bryant Johnson,0.1915945611866502,0.3048780487804878,0.3591293833131802,0.380205190102595,0.3394877903513996,0.3341346153846153,0.3660287081339713,0.3480565371024735,0,0.3577481840193705
Quintin Demps,0.5883413461538461,0.6519138755980861,0.6513545347467609,0.7052058111380145,0.7270531400966184,0.8472139005392451,0.8926654740608229,0.9513353115727003,0,0.9712609970674488
Warrick Holdman,0.4024960998439937,0.7536764705882353,0.8994638069705094,0.8532227185705169,0.8603213844252163,0.7798780487804878,0.7726723095525998,0.7670488835244418,1,
Eric Williams,0.2095588235294117,0.3832752613240418,0.6039603960396039,0.4478527607361963,0.2660550458715596,0.0811881188118811,0.2567567567567567,0.5415896487985212,0,0.7356746765249538
Steve Gregory,0.4465902232951116,0.4836212030970816,0.5853365384615384,0.7517942583732058,0.833922261484099,0.8849878934624698,0.9178743961352656,0.9095266626722588,1,
Darren Woodson,0.2565055762081784,0.2504743833017078,0.776937618147448,0.8839590443686007,0.9845094664371772,0.95142378559464,0.9576547231270358,0.8923556942277691,0,0.924264705882353
Haloti Ngata,0.6729028364514182,0.7939249553305538,0.8641826923076923,0.8702153110047847,0.8722025912838633,0.925544794188862,0.9335748792270532,0.9065308568004792,0,0.8825283243887895
Ebenezer Ekuban,0.1606864274570983,0.7573529411764706,0.7835120643431636,0.7849393746011487,0.7527812113720643,0.8634146341463415,0.8911729141475212,0.8937839468919735,0,0.7998808814770697
Greg Jackson,0.3789868667917448,0.5328330206378987,0.8903345724907064,0.888045540796964,0.9735349716446124,0.9812286689419796,0.9672977624784854,0.9045226130653268,0,0.8583061889250815
Jacquizz Rodgers,0.299636803874092,0.3291062801932367,0.4260035949670461,0.5802027429934407,0.6148367952522256,0.6240469208211143,0.5058411214953271,0.450887573964497,1,
Greg Jennings,0.20036210018105,0.3222156045265039,0.3401442307692308,0.3546650717703349,0.3457008244994111,0.3371670702179177,0.304951690821256,0.3187537447573397,0,0.3649373881932021
Cedric Brown,0.3385826771653543,0.7757352941176471,0.9337979094076656,0.8844884488448845,0.9662576687116564,0.970183486238532,0.9722772277227724,0.7857142857142857,1,
Mewelde Moore,0.2024390243902439,0.3022974607013301,0.3089921544960772,0.300774270399047,0.2566105769230769,0.3104066985645933,0.2114252061248527,0.2487893462469733,0,0.3538647342995169
Jairus Byrd,0.8145933014354066,0.955241460541814,0.9951573849878934,0.9981884057971014,0.9976033553025764,0.9677996422182468,0.9074183976261128,0.8803519061583578,0,0.8662383177570093
Tamba Hali,0.8328304164152082,0.930911256700417,0.9699519230769232,0.965311004784689,0.9899882214369848,0.9957627118644068,0.9963768115942028,0.9946075494307968,0,0.9916517590936196
Jeff Burris,0.2325141776937618,0.4078498293515358,0.5645438898450946,0.5745393634840871,0.6156351791530945,0.7051482059282371,0.9338235294117648,0.9537533512064345,0,0.9304403318442884
Fred McCrary,0.4367647058823529,0.4483914209115281,0.4607530312699425,0.4227441285537701,0.2176829268292683,0.4087061668681983,0.4212432106216053,0.4270399047051816,1,
Marques Douglas,0.175,0.4624664879356568,0.5564773452456924,0.7608158220024722,0.8670731707317073,0.9183796856106408,0.911888955944478,0.8844550327575939,0,0.8317307692307693
Josh Bellamy,0.1630434782608695,0.3031755542240862,0.3005366726296959,0.4902077151335312,0.6052785923753665,0.5969626168224299,0.5644970414201184,0.4156231365533691,1,
Dwayne Woodruff,0.2229965156794425,0.3795379537953795,0.6319018404907976,0.8944954128440367,0.9386138613861386,0.972972972972973,0.9205175600739371,0.7702205882352942,0,0.8020833333333334
Bill Romanowski,0.3621013133208255,0.4352720450281426,0.6923076923076923,0.5762081784386617,0.7343453510436433,0.7372400756143668,0.7798634812286689,0.8175559380378657,0,0.8006700167504187
Morlon Greenwood,0.6400804289544236,0.7217613273771538,0.7911001236093943,0.8103658536585366,0.8530834340991535,0.92033796016898,0.9410363311494936,0.9104567307692308,1,
Kerry Collins,0.175,0.0509383378016085,0.1001914486279515,0.0797280593325092,0.1310975609756097,0.1590084643288996,0.1508750754375377,0.0446694460988683,0,0.125
Jonathan Casillas,0.5041866028708134,0.5053003533568905,0.6543583535108959,0.7083333333333334,0.7783103654883163,0.7650566487775791,0.8041543026706232,0.866275659824047,0,0.8598130841121495
Eugene Marve,0.5412844036697247,0.8158415841584158,0.7316602316602316,0.5009242144177449,0.4025735294117647,0.5267857142857143,0.6943396226415094,0.4296435272045028,0,0.5103189493433395
Fred Thomas,0.5566176470588236,0.6816353887399463,0.8857689853222719,0.9487021013597032,0.9469512195121952,0.9129383313180168,0.8636089318044659,0.8522930315664086,1,
Brandon Myers,0.5729665071770335,0.5730270906949352,0.5690072639225182,0.448671497584541,0.4547633313361294,0.2510435301132975,0.1394658753709199,0.1008797653958944,1,
Tom Carter,0.4592030360531309,0.6200378071833649,0.8737201365187713,0.846815834767642,0.8408710217755444,0.6628664495114006,0.5772230889235569,0.7926470588235294,0,0.7580428954423593
Gerald Williams,0.2150735294117647,0.4255952380952381,0.4509433962264151,0.4840525328330206,0.5834896810506567,0.5891181988742964,0.4888475836431227,0.4269449715370019,0,0.500945179584121
Juqua Parker,0.3558981233243968,0.4901084875558392,0.6742892459826947,0.7170731707317073,0.7327690447400241,0.7567893783946892,0.8528886241810602,0.9393028846153846,0,0.9545454545454546
Albert Fontenot,0.1366223908918406,0.328922495274102,0.4744027303754266,0.5731497418244407,0.7705192629815746,0.7687296416938111,0.733229329173167,0.7698529411764706,0,0.764745308310992
