Player,Year1,Year2,Year3,Year4,Year5,Year6,Retire,NextPercentile
A.J. Bouye,0.1677651288196525,0.7954680977936792,0.8356083086053413,0.8920821114369502,0.9024532710280374,0.9011834319526628,0,0.9093619558735838
A.J. Cann,0.3090909090909091,0.2996495327102804,0.3384615384615385,0.2015503875968992,0.2599067599067599,0.2001150086256469,0,0.2028639618138424
A.J. Green,0.1658595641646489,0.2814009661835748,0.3798681845416417,0.3381037567084078,0.3370919881305638,0.2545454545454545,0,0.2978971962616822
A.J. Hawk,0.7797223898611949,0.8737343656938654,0.9314903846153846,0.903708133971292,0.928150765606596,0.9194915254237288,0,0.9082125603864736
A.J. Klein,0.5781905332534452,0.6368515205724508,0.743620178041543,0.7624633431085044,0.8008177570093458,0.8165680473372781,0,0.8843172331544424
Aaron Beasley,0.2719449225473322,0.3919597989949748,0.744299674267101,0.9407176287051482,0.9941176470588236,0.9765415549597856,0,0.8998085513720485
Aaron Brewer,0.2192028985507246,0.3019772318753744,0.3780560524746571,0.3103857566765579,0.3126099706744868,0.3119158878504673,0,0.3520710059171598
Aaron Brooks,0.175,0.0509383378016085,0.169751116783663,0.2354758961681087,0.325609756097561,0.3349455864570738,0,0.3494266747133374
Aaron Brown~,0.6277372262773723,0.5229885057471264,0.5175879396984925,0.0245098039215686,0.0179372197309417,0.0165975103734439,0,0.0275590551181102
Aaron Colvin,0.5002981514609421,0.7044510385756677,0.7589442815249267,0.7727803738317757,0.665680473372781,0.6356589147286822,1,
Aaron Donald,0.7865235539654144,0.9008902077151336,0.9730205278592376,0.9871495327102804,0.9994082840236688,0.9994036970781156,0,0.9988344988344988
Aaron Francisco,0.3875453446191052,0.6825588412794207,0.7212626563430613,0.7662259615384616,0.6698564593301436,0.7567726737338045,1,
Aaron Glenn,0.3225255972696246,0.7349397590361446,0.7906197654941374,0.8355048859934854,0.6786271450858035,0.8779411764705882,0,0.9142091152815014
Aaron Jones~,0.0433962264150943,0.0956848030018761,0.2401500938086304,0.2551594746716698,0.2323420074349442,0.1973434535104364,0,0.2892249527410208
Aaron Kampman,0.5443522654754308,0.7478368355995055,0.8585365853658536,0.9480048367593712,0.9812914906457452,0.9904705181655749,0,0.9879807692307692
Aaron Kyle,0.1456692913385826,0.4485294117647059,0.5261324041811847,0.4917491749174917,0.6840490797546013,0.8555045871559633,1,
Aaron Lynch,0.6517590936195587,0.7673590504451039,0.807624633431085,0.7622663551401869,0.7218934911242604,0.7107930828861061,0,0.6923076923076923
Aaron Rodgers,0.125,0.2033492822966507,0.2208480565371024,0.059322033898305,0.0440821256038647,0.0437387657279808,0,0.1282051282051282
Aaron Ross,0.7450863609291245,0.8635817307692307,0.8797846889952153,0.800942285041225,0.7814769975786925,0.8079710144927537,0,0.8034751348112642
Aaron Schobel,0.6682305630026809,0.8162093171665603,0.9449938195302844,0.9871951219512196,0.9933494558645708,0.995775497887749,0,0.9922572960095296
Aaron Shea,0.175,0.3974530831099195,0.4173580089342693,0.4332509270704573,0.375609756097561,0.3706166868198307,1,
Aaron Smith,0.6227941176470588,0.782171581769437,0.8793873643905552,0.8813349814585909,0.9384146341463414,0.9153567110036276,0,0.9378394689197344
Aaron Stecker,0.3985294117647059,0.3827077747989276,0.5698787492022974,0.580964153275649,0.5823170731707317,0.4365175332527207,0,0.4484007242003621
Aaron Wallace~,0.24765478424015,0.3208255159474671,0.3643122676579926,0.2030360531309298,0.2230623818525519,0.2218430034129692,1,
Aaron Williams,0.62409200968523,0.6733091787439613,0.8573996405032954,0.8831246273106739,0.8902077151335311,0.8134897360703812,1,
Abram Elam,0.5328907664453832,0.646813579511614,0.8743990384615384,0.9210526315789472,0.9764428739693758,0.927360774818402,0,0.8858695652173914
Abry Jones,0.4685440383463151,0.6791890280262374,0.7620178041543026,0.7947214076246334,0.7844626168224299,0.729585798816568,0,0.7686344663088849
Adalius Thomas,0.7285522788203753,0.8832163369495852,0.9289245982694684,0.9689024390243902,0.9921402660217654,0.9987929993964996,0,0.9994044073853484
Adam Archuleta,0.6628686327077749,0.8098276962348436,0.9264524103831892,0.9542682926829268,0.9673518742442564,0.9112854556427278,0,0.8862418106015485
Adam Carriker,0.5955926146515783,0.6502403846153846,0.6447368421052632,0.6643109540636042,0.7294188861985472,0.7415458937198067,1,
Adam Goldberg,0.1506097560975609,0.2563482466747279,0.2957151478575739,0.2346634901727218,0.3251201923076923,0.3427033492822967,0,0.3162544169611307
Adam Hayward,0.4544371649791542,0.5078125,0.5747607655502392,0.6590106007067138,0.6658595641646489,0.6853864734299517,0,0.6369083283403235
Adam Humphries,0.2522255192878338,0.2563049853372434,0.5514018691588785,0.5473372781065089,0.5366726296958855,0.1491841491841491,0,0.1897642323174238
Adam Jones,0.5634824667472793,0.8455039227519614,0.8469326980345444,0.8539663461538461,0.6118421052631579,0.7714958775029447,0,0.7124697336561744
Adam Podlesh,0.2722355769230769,0.2942583732057416,0.3115429917550059,0.1658595641646489,0.2391304347826087,0.2917914919113241,1,
Adam Snyder,0.0918984280532043,0.048280024140012,0.1274568195354377,0.1033653846153846,0.5095693779904307,0.516489988221437,0,0.5042372881355932
Adam Timmerman,0.175,0.0509383378016085,0.1001914486279515,0.1915945611866502,0.1701219512195122,0.507255139056832,0,0.5105612552806277
Adam Treu,0.3911764705882353,0.3579088471849866,0.4582003828972559,0.4474660074165636,0.4560975609756098,0.3615477629987908,0,0.3524441762220881
Adam Vinatieri,0.3235294117647059,0.3847184986595174,0.3899170389278877,0.3794808405438813,0.2859756097560975,0.2678355501813785,0,0.3777911888955944
Adarius Taylor,0.5635062611806798,0.5554896142433234,0.5994134897360703,0.7061915887850467,0.8195266272189349,0.8121645796064401,0,0.7301864801864801
Adewale Ogunleye,0.4276139410187667,0.8021697511167837,0.9548825710754018,0.9835365853658536,0.9746070133010882,0.9450814725407364,0,0.9767718880285884
Adrian Amos,0.6213649851632047,0.7548387096774194,0.9164719626168224,0.9497041420118344,0.9558735837805604,0.9428904428904428,0,0.936745255894192
Adrian Awasom,0.1390568319226118,0.4948702474351237,0.4860035735556879,0.4813701923076923,0.0370813397129186,0.0400471142520612,0,0.3099273607748184
Adrian Clayborn,0.7802663438256658,0.7832125603864735,0.8909526662672259,0.7614788312462731,0.7964391691394659,0.7642228739002933,0,0.9158878504672896
Adrian Peterson,0.1914486279514997,0.2354758961681087,0.4908536585365853,0.5151148730350665,0.5594447797223898,0.5086360929124479,0,0.4877903513996426
Adrian Phillips,0.1848539057841383,0.6320474777448071,0.7466275659824047,0.8592289719626168,0.8887573964497042,0.8562909958258795,0,0.8857808857808858
Adrian Ross,0.1530944625407166,0.3213728549141966,0.6845588235294118,0.6869973190348525,0.635609444798979,0.7280593325092707,1,
Adrian Wilson,0.7064343163538874,0.8800255264837269,0.9276885043263288,0.9670731707317072,0.975211608222491,0.9975859987929994,0,0.9928528886241812
Aeneas Williams,0.6097560975609756,0.828996282527881,0.922201138519924,0.9224952741020794,0.969283276450512,0.982788296041308,0,0.9932998324958124
Ahmad Bradshaw,0.5229303156640858,0.5997596153846154,0.6034688995215312,0.6171967020023557,0.5441888619854721,0.553743961352657,0,0.3600958657878969
Ahmad Brooks,0.5481812380344607,0.5543881334981459,0.5432926829268293,0.0326481257557436,0.5570307785153893,0.6402620607504467,0,0.6412259615384616
Ahmad Carroll,0.6737804878048781,0.7636033857315598,0.791792395896198,0.6795711733174509,0.6352163461538461,0.6094497607655502,1,
Ahman Green,0.3419117647058823,0.3491957104557641,0.3624760689215061,0.3331273176761434,0.2176829268292683,0.1082224909310761,0,0.20036210018105
Ahmard Hall,0.3566686783343392,0.4151280524121501,0.4164663461538461,0.4240430622009569,0.4346289752650176,0.4303874092009685,1,
Ahmed Plummer,0.5772058823529411,0.814343163538874,0.8755583918315252,0.930778739184178,0.8359756097560975,0.7926239419588875,1,
Ahtyba Rubin,0.4314903846153846,0.6357655502392344,0.7767962308598351,0.8559322033898306,0.8743961352657005,0.8544038346315159,0,0.7972570065593322
Akeem Ayers,0.7027845036319612,0.8683574879227053,0.915518274415818,0.9081693500298152,0.8759643916913946,0.8744868035190616,0,0.8230140186915887
Akeem Dent,0.5647699757869249,0.6835748792270532,0.762732174955063,0.7584973166368515,0.6979228486646885,0.6410557184750734,1,
Akeem Jordan,0.4687313877307921,0.6616586538461539,0.7763157894736842,0.7885747938751473,0.7415254237288136,0.7101449275362319,0,0.805272618334332
Akeem Spence,0.6051527860994608,0.7304710793082886,0.7382789317507419,0.7348973607038123,0.7464953271028038,0.7857988165680473,0,0.7710196779964222
Akiem Hicks,0.5658212560386473,0.7345715997603355,0.7877161598091831,0.826112759643917,0.8950146627565982,0.9433411214953272,0,0.9715976331360948
Akin Ayodele,0.7236758136566688,0.8875154511742892,0.9573170731707316,0.964328899637243,0.944477972238986,0.9076831447290054,0,0.8731971153846154
Al Baker,0.1023102310231023,0.3773006134969325,0.8532110091743119,0.9524752475247524,0.9498069498069498,0.844731977818854,0,0.7647058823529411
Al Harris1,0.3312883435582822,0.4220183486238532,0.4811881188118811,0.3725868725868725,0.266173752310536,0.1948529411764706,0,0.1741071428571428
Al Harris2,0.5366614664586583,0.7852941176470588,0.839142091152815,0.6770899808551372,0.8226205191594561,0.8353658536585366,0,0.9244256348246674
Al Matthews,0.2481751824817518,0.4195402298850574,0.7738693467336684,0.8333333333333334,0.852017937219731,0.8962655601659751,1,
Al Noga,0.5290806754221389,0.8442776735459663,0.8986866791744841,0.8828996282527881,0.7115749525616698,0.5765595463137996,1,
Al Richardson,0.7128712871287128,0.8588957055214724,0.9243119266055044,0.7603960396039604,0.7123552123552124,0.6931608133086876,1,
Al Wallace,0.4006514657980456,0.4290171606864275,0.6977941176470588,0.0201072386058981,0.6853860880663688,0.8275648949320148,0,0.8957317073170732
Al Wilson,0.3900156006240249,0.8352941176470589,0.8934316353887399,0.9285258455647736,0.8986402966625463,0.9615853658536584,0,0.9365175332527208
Al Woods,0.4858657243816254,0.4915254237288136,0.5241545893719807,0.5775913720790893,0.6362552176505665,0.6593471810089021,0,0.6486803519061584
Alan Ball,0.2167957117331745,0.4441105769230769,0.5586124401913876,0.7497055359246172,0.7905569007263923,0.8019323671497585,0,0.7741162372678251
Alan Branch,0.4020250148898153,0.4387019230769231,0.5998803827751196,0.7432273262661955,0.7887409200968523,0.8007246376811594,0,0.7447573397243858
Alan Faneca,0.1233243967828418,0.1991065730695596,0.2484548825710754,0.1701219512195122,0.1185006045949214,0.2770066385033192,0,0.2596783799880881
Albert Fontenot,0.1366223908918406,0.328922495274102,0.4744027303754266,0.5731497418244407,0.7705192629815746,0.7687296416938111,0,0.733229329173167
Albert Haynesworth,0.5583918315252074,0.6983930778739185,0.8,0.8422007255139057,0.823777911888956,0.8129839189994044,0,0.8966346153846154
Albert Lewis,0.4316831683168317,0.6312741312741312,0.9408502772643254,0.9613970588235294,0.9419642857142856,0.7075471698113207,0,0.6923076923076923
Albert McClellan,0.4654963680387409,0.623792270531401,0.6530856800479329,0.6338700059630292,0.5827893175074184,0.6868035190615835,0,0.6594626168224299
Aldon Smith,0.826271186440678,0.9722222222222222,0.988615937687238,0.9415623136553368,0.7839762611275964,0.6879765395894428,0,0.615070093457944
Aldrick Robinson,0.1068840579710145,0.0575194727381665,0.0524746571258199,0.0409495548961424,0.039882697947214,0.4906542056074766,1,
Alec Ogletree,0.8993409227082085,0.9880739415623137,0.9887240356083086,0.9671554252199414,0.9579439252336448,0.9928994082840236,0,0.9815146094215862
Alex Armah,0.2990654205607476,0.3881656804733728,0.3953488372093023,0.3158508158508158,0.342725704427832,0.2941527446300715,0,0.3059045226130653
Alex Bannister,0.5040214477211796,0.5717932354818124,0.6025957972805933,0.5487804878048781,0.4715840386940749,0.3826191913095956,1,
Alex Brown,0.6751754945756222,0.8436341161928307,0.9445121951219512,0.9582829504232164,0.9643934821967411,0.9708159618820726,0,0.9681490384615384
Alex Carrington,0.4646643109540636,0.5556900726392252,0.6672705314009661,0.670461354104254,0.6189624329159212,0.4759643916913946,1,
Alex Gordon,0.6056547619047619,0.6716981132075471,0.8330206378986866,0.5872420262664165,0.5065666041275797,0.3401486988847583,1,
Alex Lewis,0.6792682926829269,0.6831922611850061,0.7223898611949306,0.620011911852293,0.6712740384615384,0.6100478468899522,0,0.552414605418139
Alex Mack,0.0873205741626794,0.2979976442873969,0.3093220338983051,0.3641304347826087,0.2648292390653086,0.1890280262373285,0,0.1643916913946587
Alex Molden,0.2822719449225473,0.6348408710217756,0.8159609120521173,0.7769110764430577,0.8301470588235295,0.7158176943699732,0,0.8615188257817485
Alex Okafor,0.10964649490713,0.7471675611210495,0.7857566765578635,0.864516129032258,0.8697429906542056,0.8745562130177514,0,0.8771615980918307
Alex Smith,0.2357920193470374,0.3156306578153289,0.3633071816535908,0.2840976771888028,0.3509615384615384,0.3427033492822967,0,0.3386336866902238
Alfonso Boone,0.5737265415549598,0.6611359285258456,0.707663782447466,0.7,0.6704957678355502,0.6777308388654194,0,0.703394877903514
Alfred Jackson,0.1632270168855534,0.1486988847583643,0.1480075901328273,0.0699432892249527,0.3430034129692833,0.4681583476764199,1,
Alfred Oglesby,0.5159474671669794,0.5834896810506567,0.5427509293680297,0.064516129032258,0.2041587901701323,0.2491467576791808,1,
Alfred Williams,0.3076923076923077,0.7342007434944238,0.7722960151802657,0.833648393194707,0.7440273037542662,0.8846815834767642,0,0.9028475711892796
Alge Crumpler,0.1233243967828418,0.1991065730695596,0.3288009888751545,0.2896341463414634,0.402055622732769,0.3862401931200965,0,0.3847528290649196
Ali Marpet,0.2124629080118694,0.3196480938416422,0.3323598130841121,0.3094674556213018,0.2850327966607036,0.2733100233100233,0,0.3116733755031627
Allan Ellis,0.1658291457286432,0.5049019607843137,0.6502242152466368,0.8838174273858921,0.9133858267716536,0.8713235294117647,0,0.7038327526132404
Allen Aldridge,0.447098976109215,0.4199655765920826,0.4087102177554438,0.4071661237785016,0.6302652106084243,0.9191176470588236,0,0.8793565683646113
Allen Bailey,0.5326876513317191,0.5917874396135265,0.6662672258837627,0.7346451997614788,0.8415430267062315,0.827565982404692,0,0.8095794392523364
Allen Robinson,0.1806797853309481,0.2362017804154302,0.2797653958944281,0.1536214953271028,0.144378698224852,0.1502683363148479,0,0.2243589743589743
Allen Rossum,0.1726384364820846,0.1747269890795632,0.5933823529411765,0.4939678284182305,0.5328653477983408,0.4820766378244747,0,0.6408536585365854
Alonzo Mitz,0.0349264705882352,0.0267857142857142,0.2660377358490566,0.273921200750469,0.3395872420262664,0.2532833020637898,0,0.5446096654275093
Alonzo Spellman,0.1431226765799256,0.3130929791271347,0.6294896030245747,0.8600682593856656,0.9173838209982788,0.8157453936348409,0,0.511400651465798
Alphonso Carreker,0.1409266409266409,0.3678373382624769,0.5569852941176471,0.6964285714285714,0.4622641509433962,0.5478424015009381,1,
Alshermond Singleton,0.1918876755070203,0.6205882352941177,0.6621983914209115,0.7294192724952138,0.8201483312731768,0.848170731707317,0,0.8010882708585247
Alshon Jeffery,0.2756141402037148,0.3100775193798449,0.3091988130563798,0.2134897360703812,0.2079439252336448,0.2088757396449704,0,0.182468694096601
Alterraun Verner,0.7879858657243817,0.8305084745762712,0.9154589371980676,0.9340922708208508,0.9725700655933214,0.9673590504451038,0,0.8956011730205279
Alton Montgomery,0.2326454033771107,0.2382739212007504,0.2211895910780669,0.064516129032258,0.0699432892249527,0.4795221843003412,1,
Alvin McKinley,0.4110294117647058,0.485254691689008,0.5309508615188258,0.5964153275648949,0.6902439024390243,0.7974607013301088,0,0.8298129149064575
Alvis Whitted,0.3102941176470588,0.2607238605898123,0.3497128270580728,0.4449938195302843,0.4292682926829268,0.4183796856106409,0,0.3645141822570911
Amani Toomer,0.175,0.225201072386059,0.2750478621569879,0.3708281829419035,0.3384146341463415,0.3542926239419589,0,0.2486421243210621
Amari Cooper,0.1916913946587537,0.2304985337243401,0.3411214953271028,0.3224852071005917,0.3208109719737627,0.3141025641025641,0,0.2685451408855664
Amobi Okoye,0.6831447290053604,0.7590144230769231,0.8151913875598086,0.8074204946996466,0.8008474576271186,0.7892512077294686,1,
Amon Gordon,0.3786585365853658,0.3923821039903264,0.3964996982498491,0.4627754615842763,0.5733173076923077,0.5735645933014354,0,0.5376914016489989
Andra Davis,0.559029993618379,0.7824474660074165,0.8804878048780488,0.9534461910519952,0.9432709716354858,0.9178082191780822,0,0.8569711538461539
Andre Branch,0.5954106280193237,0.7411623726782505,0.8372093023255814,0.8955489614243324,0.9395894428152493,0.9170560747663552,0,0.8710059171597633
Andre Caldwell,0.0757211538461538,0.2464114832535885,0.3669022379269729,0.3861985472154963,0.3870772946859903,0.4301977231875374,0,0.430530709600477
Andre Collins,0.1969981238273921,0.6116322701688556,0.8345724907063197,0.8785578747628083,0.9603024574669188,0.962457337883959,0,0.8691910499139415
Andre Dyson,0.7144772117962467,0.8698149329929802,0.9561186650185414,0.9682926829268292,0.9637243047158404,0.951719975859988,0,0.8999404407385349
Andre Fluellen,0.4128605769230769,0.5944976076555024,0.6319199057714959,0.6579903147699758,0.6189613526570048,0.6027561414020371,0,0.5974955277280859
Andre Gurode,0.1914486279514997,0.1915945611866502,0.1701219512195122,0.0326481257557436,0.0325890162945081,0.1620011911852293,0,0.2439903846153846
Andre Holmes,0.2192028985507246,0.5020970641102457,0.4973166368515205,0.5952522255192878,0.6152492668621701,0.6115654205607477,0,0.5378698224852071
Andre Johnson,0.3182941903584672,0.3841463414634146,0.4081015719467956,0.4073627036813518,0.3907087552114354,0.4044471153846153,0,0.3947368421052631
Andre Roberts,0.3268765133171913,0.3556763285024155,0.3642899940083882,0.2409063804412641,0.2255192878338278,0.2234604105571847,0,0.0420560747663551
Andre Smith,0.1472320376914016,0.2433414043583535,0.4975845410628019,0.5050928699820252,0.4865831842576029,0.2189910979228486,0,0.1196480938416422
Andre Tippett,0.5188118811881188,0.803088803088803,0.9796672828096118,0.9871323529411764,0.9836309523809524,0.9245283018867924,0,0.7654784240150094
Andre Townsend,0.1756756756756756,0.3382624768946395,0.4724264705882353,0.5372023809523809,0.4886792452830188,0.5609756097560976,0,0.6022514071294559
Andre Waters,0.6507352941176471,0.8988095238095238,0.9641509433962264,0.9118198874296436,0.8367729831144465,0.8105065666041276,0,0.6059479553903345
Andre' Davis,0.1914486279514997,0.1915945611866502,0.3048780487804878,0.3288996372430471,0.4779722389861195,0.4776652769505658,0,0.4789663461538461
Andre' Goodman,0.591576260370134,0.6124845488257108,0.6621951219512195,0.7194679564691656,0.7513578756789379,0.7808219178082192,0,0.8293269230769231
Andrew Adams,0.656891495601173,0.7248831775700935,0.8455621301775148,0.8503279666070364,0.8263403263403264,0.7510063254744106,0,0.7965393794749404
Andrew Economos,0.3665865384615384,0.3869617224880383,0.5671378091872792,0.5260290556900726,0.5501207729468599,0.4272019173157579,1,
Andrew Gachkar,0.4521791767554479,0.5646135265700483,0.6800479328939485,0.7632677400119261,0.7370919881305638,0.7026392961876833,0,0.5192757009345794
Andrew Hawkins,0.3601694915254237,0.4390096618357488,0.4691431995206711,0.4269528920691711,0.4124629080118694,0.3906158357771261,1,
Andrew Levitre,0.1429425837320574,0.3274440518256772,0.37409200968523,0.4341787439613526,0.4134212103055722,0.3548002385211687,0,0.3252225519287834
Andrew Luck,0.2192028985507246,0.3385260635110845,0.40608228980322,0.4077151335311573,0.3912023460410557,0.2774532710280374,0,0.144378698224852
Andrew Norwell,0.1282051282051282,0.0694362017804154,0.2134897360703812,0.1308411214953271,0.2071005917159763,0.1067382230172927,0,0.0571095571095571
Andrew Sendejo,0.1760895170789163,0.3468523002421307,0.4420289855072464,0.6902336728579987,0.738819320214669,0.8267062314540059,0,0.8709677419354839
Andrew Studebaker,0.3221153846153846,0.7069377990430622,0.7638398115429917,0.7657384987893463,0.6274154589371981,0.5596165368484122,0,0.5438282647584973
Andrew Whitworth,0.180889423076923,0.208133971291866,0.2797408716136631,0.137409200968523,0.2077294685990338,0.2792091072498502,0,0.1926058437686344
Andy Dalton,0.1658595641646489,0.1817632850241546,0.3283403235470341,0.3172331544424567,0.3786350148367952,0.3595307917888563,0,0.3405373831775701
Andy Headen,0.1643564356435643,0.3822393822393822,0.5748613678373382,0.6801470588235294,0.8080357142857143,0.6924528301886792,1,
Andy Janovich,0.1612903225806451,0.4234813084112149,0.463905325443787,0.4519976147883124,0.4259906759906759,0.3640023001725129,1,
Andy Lee,0.1506097560975609,0.211608222490931,0.3355461677730839,0.2596783799880881,0.21875,0.2272727272727272,0,0.3138987043580683
Andy McCollum,0.175,0.1595174262734584,0.3216336949585194,0.4085290482076638,0.4164634146341463,0.4195888754534462,0,0.3657211828605914
Anquan Boldin,0.1915945611866502,0.275,0.3742442563482466,0.40012070006035,0.372840976771888,0.3816105769230769,0,0.3618421052631579
Anthony Adams,0.5636588380716935,0.6646341463414634,0.7382103990326482,0.7543753771876885,0.7379392495533056,0.6802884615384616,0,0.7254784688995215
Anthony Barr,0.8067978533094812,0.9311572700296736,0.9747800586510263,0.9351635514018692,0.8792899408284024,0.8872987477638641,0,0.8444055944055944
Anthony Becht,0.3235294117647059,0.363941018766756,0.4154435226547543,0.3967861557478368,0.3536585365853658,0.1644498186215235,0,0.2715751357875678
Anthony Brown,0.681524926686217,0.8253504672897196,0.8881656804733727,0.8330351818723912,0.8519813519813519,0.9074180563542266,0,0.9230310262529832
Anthony Bryant,0.3198307134220072,0.5184067592033796,0.5205479452054794,0.4993990384615384,0.0370813397129186,0.447585394581861,1,
Anthony Castonzo,0.2645278450363196,0.3810386473429952,0.3906530856800479,0.2540250447227191,0.1845697329376854,0.2293255131964809,0,0.2184579439252336
Anthony Chickillo,0.5851632047477745,0.7577712609970675,0.8049065420560748,0.8171597633136095,0.7257006559332141,0.6928904428904429,1,
Anthony Clement,0.1890080428954423,0.144862795149968,0.1501854140914709,0.1506097560975609,0.211608222490931,0.2703681351840676,1,
Anthony Davis,0.1689419795221843,0.3734939759036144,0.4522613065326633,0.5488599348534202,0.4118564742589704,0.6691176470588235,0,0.4450402144772118
Anthony Dixon,0.4199057714958775,0.4394673123486682,0.5579710144927537,0.6303175554224086,0.6159809183064997,0.598813056379822,1,
Anthony Fasano,0.2263251935675997,0.2319711538461538,0.3444976076555024,0.290341578327444,0.3577481840193705,0.3900966183574879,0,0.3559017375674056
Anthony Harris2,0.4498516320474777,0.6258064516129033,0.7266355140186916,0.8319526627218935,0.9344066785927252,0.9463869463869464,0,0.9361702127659576
Anthony Henry,0.8592493297587132,0.9266113592852584,0.9585908529048208,0.901829268292683,0.9214026602176542,0.9414604707302352,0,0.950565812983919
Anthony Hitchens,0.655933214072749,0.7780415430267063,0.86158357771261,0.8843457943925234,0.9029585798816568,0.9206917113893858,0,0.9009324009324008
Anthony Levine,0.1068840579710145,0.4487717195925704,0.5480023852116875,0.6219584569732938,0.6375366568914956,0.735981308411215,0,0.7733727810650888
Anthony Madison,0.4315027157513579,0.4752829064919595,0.5444711538461539,0.5478468899521531,0.702002355712603,0.6725181598062954,1,
Anthony McFarland,0.0826833073322932,0.6882352941176471,0.7875335120643432,0.803446075303127,0.7713226205191595,0.7414634146341463,0,0.7466747279322854
Anthony Mitchell,0.4544117647058823,0.5261394101876675,0.7268666241225271,0.7262051915945612,0.7445121951219512,0.6354292623941958,1,
Anthony Newman,0.2962264150943396,0.298311444652908,0.4315196998123827,0.5309568480300187,0.8011152416356877,0.6944971537001897,0,0.6691871455576559
Anthony Parker,0.2118959107806691,0.2637571157495256,0.5784499054820416,0.5614334470989761,0.7900172117039587,0.5963149078726968,0,0.5732899022801303
Anthony Pleasant,0.148217636022514,0.24765478424015,0.4981412639405204,0.6299810246679317,0.6843100189035917,0.856655290102389,0,0.802065404475043
Anthony Sherman,0.4037530266343825,0.5446859903381642,0.5847813061713601,0.689922480620155,0.657566765578635,0.7442815249266862,0,0.647196261682243
Anthony Simmons,0.3420195439739413,0.360374414976599,0.8713235294117647,0.9075067024128688,0.9597957881301852,0.9480840543881336,0,0.9420731707317072
Anthony Smith1,0.3151969981238274,0.5092936802973977,0.6261859582542695,0.5727788279773157,0.5972696245733788,0.4629948364888124,0,0.4706867671691792
Anthony Smith2,0.627640313820157,0.8058368076235854,0.8118990384615384,0.8409090909090909,0.7685512367491166,0.7536319612590799,1,
Anthony Spencer,0.6813579511614056,0.7518028846153846,0.9049043062200955,0.934040047114252,0.9757869249394672,0.981280193236715,0,0.938286399041342
Anthony Thomas,0.3217158176943699,0.3822590938098277,0.3868974042027194,0.2963414634146341,0.1045949214026602,0.2661436330718165,0,0.2495533055390113
Anthony Weaver,0.6943203573707721,0.8467243510506799,0.9097560975609756,0.8688029020556227,0.8153289076644539,0.7617629541393687,0,0.7620192307692307
Antoine Bethea,0.6952323476161738,0.8356164383561644,0.9206730769230768,0.9509569377990432,0.96113074204947,0.9721549636803876,0,0.9347826086956522
Antoine Cason,0.7614182692307693,0.8379186602870813,0.9299175500588928,0.8976997578692494,0.9329710144927535,0.9119233073696824,0,0.964221824686941
Antone Exum,0.492546213476446,0.6492581602373887,0.6651026392961877,0.6285046728971962,0.7479289940828402,0.740608228980322,1,
Antonio Brown,0.1996466431095406,0.3220338983050847,0.4039855072463768,0.4038346315158778,0.3601669648181276,0.4,0,0.4029325513196481
Antonio Bryant,0.1289087428206764,0.265142150803461,0.3414634146341463,0.3591293833131802,0.4013277006638503,0.3567599761762954,0,0.3581730769230769
Antonio Cromartie,0.4888352444176222,0.8957712924359738,0.953125,0.9688995215311004,0.9028268551236748,0.9182808716707022,0,0.945048309178744
Antonio Edwards,0.1138519924098671,0.2967863894139886,0.5665529010238908,0.5421686746987951,0.4388609715242881,0.3566775244299674,0,0.4009360374414976
Antonio Garay,0.3380716934487021,0.3286585365853658,0.339782345828295,0.20036210018105,0.3639070875521143,0.3623798076923077,0,0.4258373205741627
Antonio Gates,0.2707045735475896,0.2963414634146341,0.3833131801692865,0.3174411587205794,0.3341274568195354,0.2530048076923077,0,0.277511961722488
Antonio Langham,0.330812854442344,0.5648464163822525,0.7865748709122203,0.8207705192629816,0.739413680781759,0.5117004680187207,0,0.6566176470588235
Antonio Pierce,0.670911528150134,0.6904913848117422,0.703955500618047,0.8426829268292683,0.9558645707376058,0.9849124924562462,0,0.9743895175699822
Antonio Smith,0.56590084643289,0.7175618587809294,0.8546754020250149,0.9254807692307692,0.9383971291866028,0.9240282685512368,0,0.8946731234866828
Antrel Rolle,0.6045949214026602,0.7706698853349426,0.9386539606908876,0.9579326923076924,0.9742822966507176,0.9428739693757362,0,0.9624697336561744
Antuan Edwards,0.4336973478939157,0.7470588235294118,0.7741286863270778,0.7109125717932355,0.723114956736712,0.8079268292682927,0,0.7418379685610641
Antwaan Randle El,0.1914486279514997,0.1915945611866502,0.2298780487804878,0.1590084643288996,0.208207604103802,0.1852293031566408,0,0.2409855769230769
Antwan Barnes,0.5967837998808815,0.6171875,0.7206937799043063,0.7579505300353356,0.8837772397094431,0.8798309178743962,0,0.8639904134212103
Antwan Lake,0.2156987874920229,0.2224969097651421,0.3951219512195122,0.6753325272067715,0.6988533494266748,0.7444907683144729,0,0.6225961538461539
Antwan Odom,0.6219512195121951,0.786577992744861,0.8080869040434521,0.851697438951757,0.8125,0.8863636363636364,0,0.806831566548881
Antwaun Woods,0.2914956011730205,0.2686915887850467,0.6272189349112426,0.6726296958855098,0.7249417249417249,0.6440483036227717,0,0.5513126491646778
Aqib Talib,0.6959134615384616,0.8570574162679426,0.944640753828033,0.9533898305084746,0.9468599033816424,0.9101258238466148,0,0.9469290399522956
Arian Foster,0.2739234449760765,0.5447585394581861,0.5272397094430993,0.5392512077294686,0.2953864589574596,0.1520572450805009,1,
Arnaz Battle,0.5339925834363412,0.5664634146341463,0.5646916565900847,0.4616777308388654,0.3275759380583681,0.3233173076923077,0,0.5239234449760766
Arrelious Benn,0.4134275618374558,0.4194915254237288,0.4788647342995169,0.4122228879568604,0.3542039355992844,0.0409495548961424,0,0.3090909090909091
Art Jones,0.4794188861985472,0.6878019323671497,0.792690233672858,0.8050089445438283,0.7074183976261128,0.6439882697947215,1,
Art Still,0.4678899082568807,0.7425742574257426,0.942084942084942,0.922365988909427,0.9577205882352942,0.8958333333333334,0,0.9037735849056604
Arthur Moats,0.6566548881036514,0.7693704600484261,0.7898550724637681,0.7645296584781306,0.7901013714967203,0.8480712166172106,0,0.8563049853372434
Artie Ulmer,0.5889705882352941,0.6246648793565683,0.6439055520102106,0.5778739184177998,0.5530487804878049,0.5241837968561064,1,
Artis Hicks,0.0918984280532043,0.048280024140012,0.1274568195354377,0.1033653846153846,0.1160287081339712,0.1012956419316843,1,
Artrell Hawkins,0.509771986970684,0.5210608424336973,0.8279411764705882,0.8223860589812333,0.9483088704530952,0.9499381953028432,0,0.9414634146341464
Arturo Freeman,0.3522058823529412,0.6273458445040214,0.7255902999361837,0.8152039555006181,0.8530487804878049,0.8095525997581621,1,
Asa Jackson,0.1068840579710145,0.0575194727381665,0.5086463923673226,0.4925816023738872,0.52316715542522,0.4170560747663551,1,
Ashlee Palmer,0.4874401913875598,0.7467608951707891,0.7348668280871671,0.7614734299516909,0.6626722588376274,0.6809779367918902,1,
Ashley Ambrose,0.3402646502835538,0.5273037542662116,0.8296041308089501,0.8693467336683417,0.8371335504885994,0.7784711388455539,0,0.9066176470588236
Ashley Lelie,0.1279357231149567,0.2359756097560975,0.2847642079806529,0.5069402534701267,0.4949374627754616,0.4963942307692308,1,
Ashton Youboty,0.3536511768255884,0.6152471709350804,0.6838942307692307,0.687799043062201,0.6166077738515902,0.6501210653753027,1,
Atari Bigby,0.2287266143633071,0.8141751042287075,0.8461538461538461,0.9108851674641149,0.773851590106007,0.7596852300242131,0,0.7107487922705314
Aubrayo Franklin,0.0797280593325092,0.1926829268292683,0.5120918984280532,0.5515992757996379,0.6497915425848719,0.7289663461538461,0,0.805622009569378
Aundray Bruce,0.5113207547169811,0.7917448405253283,0.8818011257035647,0.6172607879924953,0.2881040892193308,0.2732447817836812,0,0.2835538752362949
Austin Ekeler,0.4859813084112149,0.5118343195266272,0.4991055456171735,0.3939393939393939,0.0983323749281196,0.2756563245823389,0,0.2675879396984925
Austin Howard,0.1068840579710145,0.1378070701018574,0.2128801431127012,0.1489614243323442,0.1695014662756598,0.1536214953271028,1,
Austin Robbins,0.3054607508532423,0.3648881239242685,0.355108877721943,0.3045602605863192,0.3915756630265211,0.6867647058823529,1,
Aveion Cason,0.2319034852546916,0.2456924058710912,0.2441285537700865,0.0512195121951219,0.0326481257557436,0.0941460470730235,0,0.3049434187016081
Avery Williamson,0.7203339296362552,0.8522255192878339,0.9401759530791788,0.955607476635514,0.9810650887573964,0.9320214669051878,0,0.9242424242424242
Avon Riley,0.4426605504587156,0.7089108910891089,0.750965250965251,0.7486136783733827,0.5147058823529411,0.5208333333333334,1,
B.J. Askew,0.3640296662546353,0.4817073170731707,0.5181378476420798,0.5425467712733857,0.5038713519952353,0.4705528846153846,1,
B.J. Raji,0.5466507177033493,0.7279151943462897,0.7699757869249395,0.7663043478260869,0.6692630317555422,0.5623136553369111,0,0.5632047477744807
B.W. Webb,0.4763331336129419,0.4627310673822302,0.5940652818991098,0.6674486803519062,0.6559579439252337,0.7130177514792899,0,0.7066189624329159
Barkevious Mingo,0.6620730976632714,0.7453786523553966,0.7821958456973294,0.7302052785923754,0.8399532710280374,0.8775147928994083,0,0.8711985688729875
Barney Bussey,0.1415441176470588,0.4077380952380952,0.4792452830188679,0.4821763602251407,0.7279549718574109,0.7504690431519699,0,0.7304832713754646
Barrett Ruud,0.5163240628778718,0.6330718165359083,0.867182846932698,0.9513221153846154,0.9838516746411484,0.9711425206124852,0,0.9249394673123488
Barron Wortham,0.2372013651877133,0.5215146299483648,0.5175879396984925,0.4055374592833876,0.3463338533541342,0.8036764705882353,1,
Barry Bennett,0.2798165137614679,0.297029702970297,0.5386100386100386,0.6580406654343808,0.8308823529411765,0.8184523809523809,1,
Barry Church,0.582449941107185,0.6156174334140436,0.6564009661835749,0.8490113840623128,0.9332140727489564,0.970919881305638,0,0.9489736070381232
Barry Cofield,0.6016898008449004,0.6652769505658129,0.7608173076923077,0.763755980861244,0.8386336866902238,0.8147699757869249,0,0.8381642512077294
Barry Gardner,0.5904411764705882,0.6762734584450402,0.7377153797064454,0.7360939431396786,0.776219512195122,0.7551390568319226,1,
Barry Krauss,0.4110429447852761,0.7408256880733946,0.803960396039604,0.916988416988417,0.9519408502772644,0.875,0,0.7916666666666666
Barry Minter,0.3839590443686007,0.5490533562822719,0.8190954773869347,0.8713355048859935,0.9641185647425896,0.9404411764705882,1,
Barry Sims,0.175,0.225201072386059,0.2444160816847479,0.2558714462299135,0.2871951219512195,0.3010882708585248,0,0.3108026554013277
Barry Wilburn,0.1238447319778188,0.4338235294117647,0.9300595238095238,0.9264150943396228,0.8874296435272045,0.5065666041275797,0,0.2401500938086304
Bart Scott,0.5437141033822591,0.61557478368356,0.6426829268292683,0.813180169286578,0.9372359686179844,0.9565217391304348,0,0.9411057692307692
Bashaud Breeland,0.7364341085271318,0.9086053412462908,0.9806451612903224,0.981892523364486,0.9597633136094674,0.9308288610614192,0,0.9265734265734266
Beasley Reece,0.0905923344947735,0.4356435643564356,0.803680981595092,0.8784403669724771,0.9405940594059404,0.8243243243243243,1,
Beau Allen,0.4692903995229576,0.5661721068249258,0.673900293255132,0.6863317757009346,0.6763313609467455,0.6129994036970781,1,
Beau Brinkley,0.4021739130434782,0.4619532654284002,0.4645199761478831,0.4528189910979228,0.4521994134897361,0.4193925233644859,0,0.408284023668639
Ben Grubbs,0.125,0.1590909090909091,0.2208480565371024,0.059322033898305,0.1280193236714976,0.1378070701018574,0,0.1419200954084675
Ben Hamilton,0.1289087428206764,0.1915945611866502,0.275,0.2515114873035066,0.2981291490645745,0.1804645622394282,0,0.1941105769230769
Ben Hartsock,0.2024390243902439,0.2599758162031439,0.2739891369945685,0.1274568195354377,0.1033653846153846,0.1668660287081339,1,
Ben Jones,0.2409063804412641,0.285459940652819,0.2838709677419355,0.1226635514018691,0.0343195266272189,0.1293977340488968,0,0.2057109557109557
Ben Leber,0.7364390555201021,0.8133498145859085,0.8664634146341463,0.7920193470374849,0.8750754375377188,0.935080405002978,0,0.9729567307692308
Ben Obomanu,0.2167957117331745,0.2163461538461538,0.4431818181818182,0.4628975265017668,0.4709443099273607,0.4595410628019323,1,
Ben Roethlisberger,0.0975609756097561,0.1590084643288996,0.208207604103802,0.1852293031566408,0.2409855769230769,0.2200956937799043,0,0.1654888103651354
Ben Smith,0.2120075046904315,0.3452157598499062,0.3420074349442379,0.159392789373814,0.2457466918714555,0.257679180887372,0,0.2960413080895008
BenJarvus Green-Ellis,0.0757211538461538,0.2745215311004784,0.3144876325088339,0.3825665859564164,0.3852657004830918,0.4116237267825045,1,
Benardrick McKinney,0.6373887240356083,0.8316715542521994,0.9082943925233644,0.9337278106508876,0.902206320810972,0.8566433566433567,0,0.757906843013226
Benjamin Watson,0.1390568319226118,0.2884731442365721,0.2733770101250744,0.2770432692307692,0.2033492822966507,0.306831566548881,0,0.2905569007263922
Bennie Blades,0.5584905660377358,0.5647279549718575,0.7560975609756098,0.7035647279549718,0.9182156133828996,0.8102466793168881,0,0.6994328922495274
Bennie Fowler,0.5275964391691395,0.5530791788856305,0.5712616822429907,0.4420118343195266,0.392963625521765,0.4621212121212121,1,
Bennie Logan,0.6165368484122229,0.716159809183065,0.7643916913946588,0.8328445747800587,0.8323598130841121,0.7952662721893491,1,
Bennie Thompson,0.1726078799249531,0.3039399624765478,0.7044609665427509,0.6053130929791272,0.6049149338374291,0.3293515358361775,0,0.3407917383820998
Benny Barnes,0.0804020100502512,0.088235294117647,0.1031390134529148,0.2489626556016597,0.2401574803149606,0.6764705882352942,0,0.662020905923345
Benny Cunningham,0.2240862792091072,0.3679189028026237,0.4071216617210682,0.4140762463343108,0.4824766355140187,0.4863905325443787,1,
Benny Sapp1,0.6036585365853658,0.7085852478839177,0.7169583584791792,0.7421083978558666,0.7217548076923077,0.7834928229665071,0,0.7991755005889282
Benson Mayowa,0.2121030557219892,0.5116279069767442,0.6700296735905045,0.8205278592375367,0.8329439252336449,0.8532544378698225,0,0.8717948717948718
Bernard Berrian,0.0975609756097561,0.1045949214026602,0.2661436330718165,0.3442525312686122,0.3762019230769231,0.3385167464114832,0,0.2756183745583039
Bernard Holsey,0.2646566164154104,0.2752442996742671,0.2854914196567862,0.6455882352941177,0.6467828418230563,0.6681557115507338,0,0.6378244746600742
Bernard Jackson~,0.057471264367816,0.2160804020100502,0.3578431372549019,0.7219730941704036,0.7095435684647303,0.6968503937007874,0,0.75
Bernard Pollard,0.5612552806276403,0.7748659916617034,0.9098557692307692,0.9874401913875598,0.9917550058892816,0.9915254237288136,0,0.9655797101449276
Bernard Whittington,0.356655290102389,0.5783132530120482,0.576214405360134,0.5977198697068404,0.4461778471138845,0.7529411764705882,0,0.6568364611260054
Bernardo Harris,0.4170854271356783,0.6514657980456026,0.6271450858034321,0.8183823529411764,0.8927613941018767,0.94639438417358,1,
Bertrand Berry,0.4120521172638436,0.5195007800312013,0.75,0.6776139410187667,0.7351627313337588,0.9048207663782448,0,0.9829268292682928
Bhawoh Jue,0.7010723860589813,0.6981493299298022,0.7645241038318912,0.7048780487804878,0.805925030229746,0.7652383826191913,1,
Bilal Powell,0.3134057971014493,0.3672857998801677,0.5611210494931426,0.5454005934718101,0.5524926686217009,0.334696261682243,0,0.3449704142011834
Bill Bates,0.5247524752475248,0.7007722007722008,0.8243992606284658,0.7904411764705882,0.8348214285714286,0.8018867924528302,0,0.7073170731707317
Bill Bergey,0.6565656565656566,0.6058394160583942,0.5172413793103449,0.5477386934673367,0.7696078431372549,0.8654708520179372,0,0.8921161825726142
Bill Currier,0.1850393700787401,0.3014705882352941,0.289198606271777,0.1815181518151815,0.4723926380368098,0.6628440366972477,0,0.7564356435643564
Bill Johnson,0.2862453531598513,0.3700189753320683,0.5330812854442344,0.3976109215017064,0.406196213425129,0.4154103852596315,0,0.5456026058631922
Bill Maas,0.1833976833976834,0.4916820702402957,0.7150735294117647,0.9508928571428572,0.8660377358490566,0.7279549718574109,0,0.3864915572232645
Bill Pickel,0.2534653465346534,0.5984555984555985,0.8280961182994455,0.9080882352941176,0.8764880952380952,0.8716981132075472,0,0.8217636022514071
Bill Romanowski,0.3621013133208255,0.4352720450281426,0.6923076923076923,0.5762081784386617,0.7343453510436433,0.7372400756143668,0,0.7798634812286689
Bill Simpson,0.0784313725490196,0.6636771300448431,0.8630705394190872,0.9645669291338582,0.9632352941176472,0.867595818815331,0,0.7920792079207921
Billy Andrews,0.6060606060606061,0.7372262773722628,0.7011494252873564,0.4673366834170854,0.3235294117647059,0.2152466367713004,0,0.3526970954356846
Billy Bajema,0.2992744860943168,0.3627036813518406,0.4061941631923764,0.4296875,0.4330143540669856,0.4246171967020024,0,0.1186440677966101
Billy Cundiff,0.0727504786215698,0.0797280593325092,0.1926829268292683,0.1644498186215235,0.1617380808690404,0.0327575938058368,0,0.0372596153846153
Billy Lyon,0.1042345276872964,0.2901716068642745,0.6602941176470588,0.7191689008042895,0.6860242501595405,0.6674907292954264,1,
Billy Miller,0.3985294117647059,0.3592493297587131,0.4677728142948308,0.46168108776267,0.448780487804878,0.2146311970979443,0,0.0325890162945081
Billy Ray Smith Jr.,0.0633663366336633,0.2741312741312741,0.3604436229205175,0.4650735294117647,0.6711309523809523,0.5660377358490566,0,0.4896810506566604
Billy Thompson,0.6262626262626263,0.8832116788321168,0.8333333333333334,0.8994974874371859,0.9362745098039216,0.9730941704035876,0,0.8796680497925311
Billy Winn,0.6413043478260869,0.7357699221090473,0.8056052474657126,0.7602373887240356,0.7565982404692082,0.6401869158878505,0,0.557396449704142
Blaine Bishop,0.4022770398481973,0.6710775047258979,0.9419795221843004,0.9483648881239244,0.9463986599664992,0.8550488599348535,0,0.8237129485179407
Blaine Gabbert,0.1035108958837772,0.1165458937198067,0.1180347513481126,0.0429338103756708,0.1329376854599406,0.1401759530791788,0,0.1226635514018691
Blaise Winter,0.2335907335907336,0.2255083179297597,0.2352941176470588,0.2529761904761904,0.4037735849056604,0.549718574108818,0,0.5309568480300187
Blake Bell,0.4070381231671554,0.411214953271028,0.4177514792899408,0.2850327966607036,0.2138694638694638,0.1581368602645198,0,0.0178997613365155
Blake Costanzo,0.346039309112567,0.6045673076923077,0.7314593301435407,0.7479387514723204,0.6815980629539952,0.5163043478260869,0,0.6363091671659676
Blake Martinez,0.6826979472140763,0.8855140186915887,0.9609467455621302,0.9833035181872392,0.9865967365967366,0.9631972397929844,0,0.8663484486873508
Blidi Wreh-Wilson,0.4697423606950269,0.6762075134168157,0.6902077151335312,0.6967741935483871,0.4935747663551402,0.4136094674556213,0,0.5128205128205128
Bo Harris,0.1950207468879668,0.3937007874015748,0.4191176470588235,0.2125435540069686,0.0462046204620462,0.3926380368098159,0,0.7522935779816514
Bo Orlando,0.4878048780487805,0.4609665427509293,0.6793168880455408,0.4007561436672968,0.643344709897611,0.6006884681583476,0,0.7135678391959799
Bob Baumhower,0.0625,0.0592334494773519,0.1023102310231023,0.0552147239263803,0.3669724770642202,0.6653465346534654,0,0.7335907335907336
Bob Breunig,0.1653543307086614,0.2683823529411764,0.2473867595818815,0.462046204620462,0.6349693251533742,0.8348623853211009,0,0.8237623762376237
Bob Brudzinski,0.2992125984251969,0.5808823529411765,0.6585365853658537,0.5544554455445545,0.7392638036809815,0.8967889908256881,0,0.9425742574257424
Bob Crable,0.1903669724770642,0.7366336633663366,0.6525096525096525,0.6395563770794824,0.5349264705882353,0.8318452380952381,1,
Bob Golic,0.3394495412844037,0.6851485148514852,0.696911196911197,0.7597042513863216,0.5330882352941176,0.6309523809523809,0,0.2169811320754717
Bob Horn,0.1286307053941908,0.2834645669291338,0.3566176470588235,0.4808362369337979,0.4323432343234323,0.4938650306748466,0,0.5688073394495413
Bob Howard,0.4545454545454545,0.7664233576642335,0.6494252873563219,0.7889447236180904,0.7549019607843137,0.9013452914798208,0,0.8879668049792531
Bob Nelson,0.1023102310231023,0.0766871165644171,0.091743119266055,0.0851485148514851,0.0965250965250965,0.0517560073937153,0,0.1966911764705882
Bob Sanders,0.6274390243902439,0.7660217654171705,0.8352444176222088,0.8945801072066706,0.8503605769230769,0.847488038277512,0,0.6731448763250883
Bob Swenson,0.0986547085201793,0.4315352697095436,0.4803149606299212,0.4669117647058823,0.4041811846689895,0.3927392739273927,0,0.8251533742331288
Bobbie Williams,0.2024390243902439,0.3385731559854897,0.3445986722993361,0.2656343061346039,0.1442307692307692,0.5005980861244019,0,0.4952885747938751
Bobby Bell,0.9090909090909092,0.8759124087591241,0.9482758620689656,0.8592964824120602,0.8431372549019608,0.57847533632287,0,0.4273858921161825
Bobby Butler,0.5245398773006135,0.7798165137614679,0.8732673267326733,0.7451737451737451,0.7079482439926063,0.6709558823529411,0,0.7976190476190477
Bobby Carpenter,0.5340977670488836,0.5926146515783204,0.640625,0.6794258373205742,0.7049469964664311,0.7760290556900726,0,0.7198067632850241
Bobby Engram,0.1914486279514997,0.2978986402966625,0.3560975609756097,0.3591293833131802,0.3277006638503319,0.3418701608100059,0,0.3383413461538461
Bobby Hamilton,0.3752151462994836,0.4438860971524288,0.4511400651465798,0.1372854914196568,0.6654411764705882,0.8130026809651475,0,0.8768347160178686
Bobby Hart,0.1329376854599406,0.1888563049853372,0.2184579439252336,0.2189349112426035,0.182468694096601,0.1695804195804195,1,
Bobby Houston,0.0881801125703564,0.5836431226765799,0.7798861480075902,0.8733459357277883,0.8464163822525598,0.8192771084337349,1,
Bobby Jackson,0.4963235294117647,0.818815331010453,0.8679867986798679,0.5736196319018405,0.7385321100917431,0.6574257425742575,0,0.5694980694980695
Bobby Kemp,0.2362385321100917,0.5465346534653466,0.6138996138996139,0.5970425138632163,0.375,0.6488095238095238,1,
Bobby Leopold,0.33003300330033,0.2177914110429447,0.1536697247706422,0.3267326732673267,0.277992277992278,0.3086876155268022,0,0.2058823529411764
Bobby Massie,0.1282051282051282,0.3008902077151335,0.33841642228739,0.2774532710280374,0.0449704142011834,0.1067382230172927,0,0.1695804195804195
Bobby McCray,0.6030487804878049,0.7073760580411125,0.8382619191309596,0.8296605122096486,0.8389423076923077,0.7601674641148325,1,
Bobby Taylor,0.3447098976109215,0.5335628227194492,0.6649916247906198,0.5309446254071661,0.62402496099844,0.8625,0,0.935656836461126
Boss Bailey,0.7045735475896168,0.7054878048780487,0.8264812575574365,0.7785153892576946,0.8552709946396665,0.8070913461538461,1,
Bracy Walker,0.5802047781569966,0.7607573149741824,0.7303182579564489,0.3973941368078176,0.0717628705148206,0.45,0,0.5127345844504021
Brad Badger,0.175,0.1595174262734584,0.1033822590938098,0.0871446229913473,0.1506097560975609,0.211608222490931,1,
Brad Culpepper,0.4536862003780718,0.6331058020477816,0.6867469879518072,0.6582914572864321,0.7899022801302932,0.8549141965678627,0,0.8757352941176471
Brad Edwards,0.350943396226415,0.50093808630394,0.7054409005628518,0.7523452157598499,0.9200743494423792,0.8956356736242884,0,0.7391304347826086
Brad Hoover,0.4830882352941176,0.492627345844504,0.5105296745373324,0.4660074165636588,0.4932926829268292,0.4866989117291415,0,0.4942667471333735
Brad Hopkins,0.175,0.1595174262734584,0.1033822590938098,0.145859085290482,0.1310975609756097,0.2430471584038694,1,
Brad Johnson,0.175,0.0509383378016085,0.0197830248883216,0.1915945611866502,0.1701219512195122,0.2726723095525997,1,
Brad Jones,0.6405502392344498,0.682567726737338,0.7039951573849879,0.7463768115942029,0.8430197723187537,0.8318425760286225,0,0.7430267062314541
Brad Kassell,0.5162731333758774,0.6137206427688504,0.7628048780487805,0.879081015719468,0.8744719372359686,0.8159618820726623,1,
Brad Maynard,0.2588235294117647,0.2707774798927614,0.2310146777281429,0.2558714462299135,0.2871951219512195,0.3639661426844015,0,0.3832226916113458
Brad Meester,0.175,0.0509383378016085,0.0197830248883216,0.1915945611866502,0.2298780487804878,0.2370012091898428,0,0.156306578153289
Brad Ottis,0.0982986767485822,0.1023890784982935,0.2030981067125645,0.1323283082077052,0.1384364820846905,0.1497659906396256,0,0.6286764705882353
Brad Smith,0.4146047073023536,0.4645622394282311,0.4987980769230769,0.5322966507177034,0.5453474676089517,0.5102905569007264,0,0.517512077294686
Brad St. Louis,0.3419117647058823,0.331769436997319,0.4339502233567326,0.4561186650185414,0.4554878048780488,0.4171704957678355,0,0.3397706698853349
Brad Van Pelt,0.2941176470588235,0.5381165919282511,0.6597510373443983,0.5866141732283464,0.6397058823529411,0.4912891986062718,0,0.5775577557755776
Bradie James,0.5679851668726823,0.6359756097560976,0.7478839177750907,0.8865419432709717,0.949374627754616,0.986778846153846,0,0.9820574162679426
Bradley Chubb,0.8218934911242604,0.8539057841383423,0.9370629370629372,0.8355376653248994,0.9194510739856802,0.9855527638190956,1,
Bradley Fletcher,0.450956937799043,0.767962308598351,0.7723970944309927,0.8194444444444444,0.8220491312162972,0.909958258795468,0,0.885459940652819
Bradley McDougald,0.6094215861657722,0.7531157270029674,0.8721407624633432,0.8884345794392523,0.9041420118343196,0.8867024448419797,0,0.8694638694638694
Bradley Roby,0.7543231961836613,0.8587537091988131,0.9595307917888564,0.9468457943925234,0.9390532544378698,0.9129397734048896,0,0.8968531468531469
Brady Poppinga,0.5767835550181378,0.7604103802051901,0.8046456223942823,0.8197115384615384,0.7302631578947368,0.7073027090694936,0,0.7372881355932204
Brady Smith,0.1411359724612736,0.3467336683417085,0.3550488599348534,0.5382215288611545,0.8102941176470588,0.8766756032171582,0,0.8864071474154436
Branden Albert,0.0757211538461538,0.1537081339712918,0.163133097762073,0.2052058111380145,0.2814009661835748,0.2822049131216297,0,0.1991651759093619
Brandin Cooks,0.1806797853309481,0.2955489614243323,0.2973607038123167,0.2348130841121495,0.1816568047337278,0.2367322599880739,0,0.3356643356643357
Brandon Banks,0.0400471142520612,0.0405569007263922,0.0440821256038647,0.0437387657279808,0.0429338103756708,0.0409495548961424,0,0.039882697947214
Brandon Bolden,0.3134057971014493,0.3672857998801677,0.5611210494931426,0.6207715133531158,0.6791788856304986,0.6267523364485982,0,0.5816568047337278
Brandon Brooks,0.10964649490713,0.0649970184853905,0.2397626112759644,0.3413489736070381,0.3732476635514019,0.3591715976331361,1,
Brandon Carr,0.7235576923076923,0.8355263157894737,0.8833922261484098,0.8656174334140436,0.894927536231884,0.944877171959257,0,0.9254621347644604
Brandon Chillar,0.5024390243902439,0.6481257557436517,0.7362703681351841,0.8439547349612865,0.8551682692307693,0.8696172248803827,0,0.7926972909305064
Brandon Copeland,0.4664688427299703,0.6158357771260997,0.602803738317757,0.7094674556213018,0.7507453786523554,0.763986013986014,0,0.7055779183438758
Brandon Dunn,0.1282051282051282,0.4314540059347181,0.4539589442815249,0.5882009345794392,0.672189349112426,0.7054263565891473,0,0.708041958041958
Brandon Facyson,0.4852071005917159,0.5867620751341681,0.655011655011655,0.7251293847038528,0.7028639618138425,0.628140703517588,1,
Brandon Fields,0.1649791542584872,0.1676682692307692,0.2852870813397129,0.3274440518256772,0.3371670702179177,0.3858695652173913,0,0.3427201917315758
Brandon Flowers,0.8004807692307693,0.93122009569378,0.9752650176678446,0.9739709443099274,0.9522946859903382,0.92690233672858,0,0.8998211091234347
Brandon Gibson,0.0873205741626794,0.2597173144876325,0.2294188861985472,0.1902173913043478,0.0437387657279808,0.1282051282051282,1,
Brandon Jacobs,0.3875453446191052,0.4508147254073627,0.4466944609886837,0.3792067307692308,0.2900717703349282,0.3457008244994111,0,0.3371670702179177
Brandon Johnson,0.1436330718165359,0.2525312686122692,0.7451923076923077,0.8265550239234449,0.875736160188457,0.7972154963680388,0,0.7258454106280193
Brandon King,0.1012956419316843,0.259685230024213,0.2940821256038647,0.2540443379269023,0.0429338103756708,0.5507418397626113,0,0.5900293255131965
Brandon LaFell,0.1658595641646489,0.2814009661835748,0.3553025763930497,0.3416815742397138,0.31513353115727,0.2797653958944281,0,0.2184579439252336
Brandon Linder,0.5178885630498534,0.5309579439252337,0.5307692307692308,0.182468694096601,0.0571095571095571,0.2311673375503162,1,
Brandon Lloyd,0.0975609756097561,0.2460701330108827,0.2414001207000603,0.1667659321024419,0.0757211538461538,0.104066985645933,0,0.2114252061248527
Brandon Manumaleuna,0.1890080428954423,0.204211869814933,0.2818294190358467,0.2298780487804878,0.281136638452237,0.188292094146047,0,0.1762954139368671
Brandon Marshall,0.5117682558841279,0.5330553901131626,0.5426682692307693,0.3977272727272727,0.3480565371024735,0.3093220338983051,0,0.3713768115942029
Brandon McDonald,0.5997617629541394,0.8587740384615384,0.9102870813397128,0.9004711425206124,0.6973365617433414,0.6823671497584541,1,
Brandon McKinney,0.1436330718165359,0.4931506849315068,0.5432692307692307,0.5394736842105263,0.4941107184923439,0.5084745762711864,1,
Brandon Mebane,0.6146515783204288,0.7740384615384616,0.8259569377990431,0.8186101295641932,0.7209443099273608,0.7717391304347826,0,0.7986818454164171
Brandon Meriweather,0.5884455032757594,0.8401442307692307,0.971291866028708,0.9870435806831568,0.9412832929782082,0.8091787439613527,0,0.8352306770521271
Brandon Mitchell,0.1058631921824104,0.1903276131045241,0.6367647058823529,0.6876675603217158,0.6687938736439055,0.695920889987639,0,0.650609756097561
Brandon Moore,0.4601148691767709,0.5018541409147095,0.5042682926829268,0.4408536585365853,0.3633615477629988,0.3385731559854897,0,0.3156306578153289
Brandon Myers,0.5729665071770335,0.5730270906949352,0.5690072639225182,0.448671497584541,0.4547633313361294,0.2510435301132975,0,0.1394658753709199
Brandon Noble,0.2246489859594383,0.6889705882352941,0.8009383378016086,0.7740906190172304,0.7027194066749073,0.6115853658536585,1,
Brandon Pettigrew,0.2272727272727272,0.2815076560659599,0.3631961259079903,0.392512077294686,0.4218094667465548,0.3369111508646392,0,0.3198813056379821
Brandon Scherff,0.2635014836795252,0.2604105571847507,0.2914719626168224,0.129585798816568,0.1192605843768634,0.0256410256410256,0,0.0862564692351926
Brandon Shell,0.1226635514018691,0.3325443786982248,0.3524150268336314,0.3152680652680653,0.0862564692351926,0.1378281622911694,1,
Brandon Short,0.3639705882352941,0.6769436997319035,0.8302488832163369,0.915327564894932,0.9054878048780488,0.8440145102781137,0,0.8056729028364514
Brandon Siler,0.6182251340083383,0.6574519230769231,0.784688995215311,0.7968197879858657,0.7645278450363197,0.6714975845410628,1,
Brandon Spikes,0.6448763250883393,0.6943099273607748,0.8641304347826086,0.8855602156980228,0.9147286821705426,0.7786350148367952,0,0.6832844574780058
Brandon Stokley,0.2969168900804289,0.2871729419272495,0.2886279357231149,0.1926829268292683,0.2563482466747279,0.264333132166566,0,0.2370458606313281
Brandon Tate,0.1068840579710145,0.0575194727381665,0.2242098986285032,0.2913946587537092,0.3302052785923753,0.3107476635514019,1,
Brandon Whiting,0.1758957654723127,0.4040561622464899,0.8051470588235294,0.8438337801608579,0.8908742820676452,0.8794808405438813,0,0.823780487804878
Brandon Williams,0.1042287075640262,0.1033653846153846,0.1160287081339712,0.2597173144876325,0.2294188861985472,0.2524154589371981,0,0.10964649490713
Brant Boyer,0.1624790619765494,0.2719869706840391,0.5054602184087363,0.7838235294117647,0.8518766756032171,0.8506700701978303,0,0.830655129789864
Braylon Edwards,0.0918984280532043,0.1852745926372963,0.3782013103037522,0.4050480769230769,0.4360047846889952,0.4293286219081272,0,0.3807506053268765
Brenard Wilson,0.5087108013937283,0.8481848184818482,0.9263803680981596,0.8463302752293578,0.6099009900990099,0.3069498069498069,1,
Brendon Ayanbadejo,0.4808405438813349,0.6329268292682927,0.6964933494558646,0.7459263729631865,0.7468731387730793,0.7283653846153846,0,0.7105263157894737
Brennan Scarlett,0.4639296187683284,0.610981308411215,0.7414201183431952,0.83840190816935,0.8315850815850816,0.7642323174238068,1,
Brent Alexander,0.4692832764505119,0.6953528399311532,0.678391959798995,0.4543973941368078,0.3650546021840873,0.8338235294117647,0,0.9349865951742627
Brent Celek,0.3097081596188207,0.3088942307692308,0.3534688995215311,0.1012956419316843,0.2052058111380145,0.1817632850241546,0,0.2456560814859197
Brent Grimes,0.4252531268612269,0.6274038461538461,0.812799043062201,0.9199057714958776,0.9340193704600483,0.856280193236715,0,0.8813660874775314
Brent Williams,0.4613970588235294,0.7142857142857143,0.8603773584905661,0.8667917448405253,0.9118198874296436,0.8930581613508443,0,0.8029739776951673
Brentson Buckner,0.1890359168241966,0.5324232081911263,0.621342512908778,0.5360134003350083,0.3436482084690553,0.3166926677067083,0,0.7727941176470589
Brett Favre,0.175,0.0509383378016085,0.2910019144862795,0.2954264524103832,0.2847560975609756,0.1789600967351874,0,0.1092335546167773
Brett Goode,0.4609375,0.4826555023923445,0.4911660777385159,0.4092009685230024,0.304951690821256,0.3187537447573397,1,
Brett Keisel,0.4492661135928525,0.4585908529048207,0.4969512195121951,0.6789600967351874,0.8026554013277006,0.840381179273377,0,0.8064903846153846
Brett Kern,0.1068840579710145,0.0575194727381665,0.0524746571258199,0.0409495548961424,0.039882697947214,0.0420560747663551,0,0.1159763313609467
Brett Maxie,0.3272058823529412,0.7291666666666666,0.6584905660377358,0.6716697936210131,0.6697936210131332,0.8705440900562852,0,0.8698884758364313
Brian Allen1,0.1233243967828418,0.5226547543075941,0.6223733003708282,0.6878048780487804,0.6553808948004837,0.5859987929993965,1,
Brian Cushing,0.8732057416267942,0.925206124852768,0.9872881355932204,0.91243961352657,0.9257040143798682,0.8676207513416816,0,0.8985163204747775
Brian Davis,0.2,0.4465290806754221,0.5028142589118199,0.6135084427767354,0.5576208178438662,0.538899430740038,1,
Brian Dawkins,0.5094664371772806,0.7721943048576214,0.9006514657980456,0.9750390015600624,0.9933823529411764,0.9946380697050938,0,0.990427568602425
Brian Finneran,0.3102941176470588,0.5529490616621984,0.5558391831525208,0.5661310259579728,0.4024390243902439,0.4292623941958887,0,0.4254677127338563
Brian Hartline,0.3169856459330143,0.3928150765606596,0.4497578692493946,0.4685990338164251,0.4661473936488916,0.3369111508646392,1,
Brian Iwuh,0.444176222088111,0.6343061346039309,0.6484375,0.6638755980861244,0.6967020023557126,0.6809927360774818,1,
Brian Jennings,0.4080882352941176,0.420911528150134,0.4288449266113593,0.3875154511742892,0.3359756097560976,0.5683192261185006,0,0.6203983101991551
Brian Jones,0.0733788395904436,0.0740103270223752,0.0720268006700167,0.0684039087947882,0.0717628705148206,0.0235294117647058,0,0.0201072386058981
Brian Kelley,0.2009803921568627,0.5650224215246636,0.5518672199170125,0.4960629921259842,0.3529411764705882,0.5714285714285714,0,0.528052805280528
Brian Kelly,0.2003257328990228,0.3806552262090483,0.7808823529411765,0.8022788203753352,0.9081046585832802,0.8671199011124846,0,0.9335365853658536
Brian Kozlowski,0.2588235294117647,0.3686327077747989,0.4767070835992342,0.4870210135970333,0.4707317073170731,0.3675937122128174,1,
Brian Leonard,0.1620011911852293,0.1604567307692307,0.4192583732057416,0.4493521790341578,0.4697336561743341,0.4704106280193236,0,0.5769922109047334
Brian Mitchell,0.2851782363977486,0.3810408921933085,0.3643263757115749,0.1701323251417769,0.0631399317406143,0.06368330464716,0,0.0586264656616415
Brian Moorman,0.2446380697050938,0.2827058072750478,0.3331273176761434,0.2676829268292683,0.1874244256348246,0.100181050090525,0,0.0327575938058368
Brian Noble,0.3438077634011091,0.5992647058823529,0.8630952380952381,0.7849056603773585,0.8480300187617261,0.6941838649155723,0,0.7936210131332082
Brian Orakpo,0.7870813397129187,0.9016489988221436,0.9812348668280872,0.9245169082125604,0.9526662672258838,0.8658318425760286,0,0.9222551928783382
Brian Price,0.1996466431095406,0.5835351089588378,0.5960144927536232,0.6129418813660875,0.0429338103756708,0.0409495548961424,0,0.039882697947214
Brian Robison,0.6622989874925551,0.7367788461538461,0.8181818181818182,0.8027090694935218,0.8983050847457628,0.9402173913043478,0,0.9682444577591371
Brian Russell,0.5807275047862157,0.8714462299134734,0.948780487804878,0.9685610640870616,0.8943874471937237,0.8612269207861822,0,0.828125
Brian Simmons,0.4723127035830619,0.656786271450858,0.8727941176470588,0.9189008042895442,0.93873643905552,0.9839307787391842,0,0.9884146341463416
Brian Sochia,0.1841584158415841,0.2915057915057915,0.5175600739371534,0.4375,0.5773809523809523,0.5377358490566038,0,0.726078799249531
Brian Urlacher,0.7911764705882353,0.9617962466487936,0.99617102744097,0.9888751545117428,0.972560975609756,0.9570737605804112,0,0.9770669885334944
Brian Walker,0.1996557659208261,0.1876046901172529,0.4218241042345277,0.4134165366614664,0.9220588235294118,0.9249329758713136,0,0.9521378430121252
Brian Washington,0.5320754716981132,0.5309568480300187,0.7392120075046904,0.5928705440900562,0.9479553903345724,0.9848197343453512,0,0.9905482041587902
Brian Waters,0.2446380697050938,0.2827058072750478,0.2861557478368356,0.1823170731707317,0.1590084643288996,0.3337356668678334,0,0.2942227516378797
Brian Westbrook,0.3707721761327377,0.446229913473424,0.4347560975609756,0.3899637243047158,0.2486421243210621,0.3156640857653365,1,
Brian Williams,0.0654044750430292,0.2428810720268006,0.2915309446254072,0.4960998439937597,0.7,0.7037533512064343,0,0.6285896617740906
Brian Winters,0.10964649490713,0.0649970184853905,0.0528189910979228,0.039882697947214,0.0420560747663551,0.1159763313609467,0,0.1067382230172927
Brian Young,0.4485294117647059,0.7439678284182306,0.7964262922782387,0.9029666254635352,0.8615853658536585,0.8579201934703748,0,0.8207604103802052
Brice McCain,0.5215311004784688,0.5877502944640753,0.7475786924939467,0.821256038647343,0.8418214499700419,0.8586762075134168,0,0.8136498516320475
Brock Gutierrez,0.175,0.2727882037533512,0.2686662412252712,0.2441285537700865,0.2060975609756097,0.2237001209189842,1,
Brock Marion,0.2409867172675522,0.4064272211720227,0.7901023890784983,0.7056798623063684,0.5912897822445561,0.0684039087947882,0,0.4680187207488299
Broderick Thomas,0.1669793621013133,0.4296435272045028,0.9212007504690432,0.983271375464684,0.9734345351043644,0.9376181474480152,0,0.8703071672354948
Brodney Pool,0.6275695284159613,0.7803258901629451,0.9047051816557474,0.9405048076923076,0.9401913875598086,0.9210836277974088,0,0.8710653753026635
Brodrick Bunkley,0.4206397103198551,0.6527695056581299,0.7361778846153846,0.7858851674641149,0.7408716136631331,0.6694915254237288,0,0.6721014492753623
Brooks Reed,0.7021791767554479,0.7795893719806763,0.8406231276213302,0.815742397137746,0.7632047477744807,0.7794721407624633,0,0.7768691588785047
Bruce Carter,0.4158595641646489,0.6195652173913043,0.756141402037148,0.9141323792486584,0.914540059347181,0.881524926686217,0,0.6705607476635514
Bruce Clark,0.5229357798165137,0.592079207920792,0.7992277992277992,0.8465804066543438,0.9319852941176472,0.9047619047619048,1,
Bruce Irvin,0.7155797101449275,0.8190533253445177,0.9528920691711388,0.9643916913946587,0.992375366568915,0.9842289719626168,0,0.983431952662722
Bruce Laird,0.2988505747126437,0.3115577889447236,0.3872549019607843,0.6233183856502242,0.6016597510373444,0.7086614173228346,0,0.4227941176470588
Bruce McNorton,0.3227722772277228,0.3474903474903475,0.4214417744916821,0.34375,0.5535714285714286,0.4,0,0.2664165103189493
Bruce Miller,0.3765133171912833,0.483695652173913,0.5080886758538047,0.4633273703041144,0.4385756676557863,0.419941348973607,0,0.4036214953271028
Bruce Scholtz,0.6284403669724771,0.7722772277227723,0.8976833976833977,0.8133086876155268,0.8400735294117647,0.7366071428571429,0,0.6169811320754717
Bruce Smith,0.4140480591497227,0.7775735294117647,0.988095238095238,0.9886792452830188,0.9774859287054408,1.0,0,0.9943714821763602
Bruce Taylor,0.8787878787878788,0.8978102189781022,0.8793103448275862,0.8793969849246231,0.7303921568627451,0.7982062780269058,1,
Bryan Braman,0.5066585956416465,0.5736714975845411,0.603355302576393,0.516994633273703,0.5667655786350149,0.567741935483871,1,
Bryan Bulaga,0.1472320376914016,0.1186440677966101,0.1225845410628019,0.0437387657279808,0.0429338103756708,0.0409495548961424,0,0.1612903225806451
Bryan Cox1,0.0806754221388367,0.3828996282527881,0.5199240986717267,0.5311909262759924,0.5477815699658704,0.4440619621342513,0,0.4840871021775544
Bryan Gilmore,0.0727504786215698,0.2354758961681087,0.4262195121951219,0.5525997581620314,0.5582377791188896,0.5670041691483025,1,
Bryan Hinkle,0.1330275229357798,0.3564356435643564,0.6988416988416989,0.7726432532347505,0.9485294117647058,0.9241071428571428,0,0.8867924528301887
Bryan Kehl,0.6400240384615384,0.7039473684210527,0.7473498233215548,0.6440677966101694,0.5803140096618358,0.5116836428999401,1,
Bryan Pittman,0.4721878862793572,0.4652439024390244,0.4987908101571947,0.4387447193723597,0.4401429422275164,0.3756009615384615,1,
Bryan Robinson,0.0854271356783919,0.1661237785016286,0.3884555382215288,0.7463235294117647,0.8619302949061662,0.8659859604339503,0,0.823238566131026
Bryan Scott,0.7416563658838071,0.8707317073170732,0.9292623941958889,0.8557634278817139,0.7653365098272782,0.7373798076923077,0,0.8510765550239234
Bryan Thomas,0.4588385449904276,0.6186650185414091,0.699390243902439,0.7521160822249093,0.8624019312009656,0.8790946992257296,0,0.939903846153846
Bryant Johnson,0.1915945611866502,0.3048780487804878,0.3591293833131802,0.380205190102595,0.3394877903513996,0.3341346153846153,0,0.3660287081339713
Bryant McFadden,0.5665054413542926,0.7344598672299336,0.8195354377605718,0.8473557692307693,0.8038277511961722,0.8598351001177856,0,0.8056900726392252
Bryant Salter,0.7153284671532847,0.9310344827586208,0.9396984924623116,0.8088235294117647,0.4439461883408072,0.3568464730290456,1,
Bryant Westbrook,0.4003350083752093,0.6807817589576547,0.6583463338533542,0.8933823529411765,0.8230563002680965,0.839821314613912,1,
Bryant Young,0.3345935727788279,0.5392491467576792,0.7986230636833046,0.7839195979899497,0.8729641693811075,0.8299531981279251,0,0.9477941176470588
Bryce Callahan,0.4937685459940653,0.587683284457478,0.7920560747663551,0.8526627218934911,0.8312462731067383,0.803030303030303,0,0.715928694652099
Bryce Fisher,0.650804289544236,0.6547543075941289,0.7725587144622992,0.8463414634146341,0.932285368802902,0.9330114665057332,0,0.8237045860631328
Bryce Hager,0.3887240356083086,0.4422287390029325,0.6133177570093458,0.6325443786982249,0.6410256410256411,0.5821678321678322,1,
Bryce Paup,0.5028142589118199,0.7713754646840149,0.8994307400379506,0.9640831758034026,0.9965870307167236,0.9965576592082616,0,0.983249581239531
Brynden Trawick,0.402636309167166,0.4508050089445438,0.4949554896142433,0.624633431085044,0.6226635514018691,0.6142011834319526,0,0.4943351222420989
Bubba Franks,0.3235294117647059,0.3632707774798928,0.373962986598596,0.3955500618046971,0.3646341463414634,0.3688029020556227,0,0.3506336753168376
Bubba McDowell,0.2701688555347092,0.448405253283302,0.7091932457786116,0.7063197026022305,0.6660341555977229,0.4801512287334593,0,0.3651877133105802
Buddy Curry,0.363036303630363,0.8220858895705522,0.9357798165137616,0.9504950495049505,0.7664092664092664,0.6173752310536045,0,0.6525735294117647
Burgess Owens,0.236180904522613,0.7058823529411765,0.8071748878923767,0.7427385892116183,0.5196850393700787,0.8272058823529411,0,0.9581881533101044
Burt Grossman,0.3827392120075047,0.5891181988742964,0.7879924953095685,0.7788104089219331,0.7058823529411765,0.6578449905482041,1,
Byron Bell,0.1035108958837772,0.2741545893719807,0.2588376273217495,0.2540250447227191,0.2456973293768546,0.2545454545454545,0,0.2348130841121495
Byron Darby,0.0435643564356435,0.2084942084942085,0.2939001848428835,0.3014705882352941,0.5476190476190477,0.4849056603773585,1,
Byron Evans,0.2767857142857143,0.1547169811320754,0.6435272045028143,0.7504690431519699,0.8780487804878049,0.8605947955390335,0,0.8823529411764706
Byron Jones,0.6094955489614243,0.7771260997067448,0.9007009345794392,0.8917159763313609,0.8479427549194991,0.833916083916084,0,0.8280621046578494
Byron Maxwell,0.1707021791767554,0.5833333333333334,0.7902935889754344,0.8735837805605248,0.9364985163204748,0.9607038123167156,0,0.959696261682243
C.J. Spiller,0.1472320376914016,0.1186440677966101,0.1225845410628019,0.0437387657279808,0.0429338103756708,0.0409495548961424,0,0.1008797653958944
C.J. Spillman,0.4521531100478468,0.5182567726737338,0.5453995157384988,0.5404589371980676,0.5811863391252247,0.571258199165176,1,
C.J. Wilson,0.3382966051220964,0.3695913461538461,0.4318181818181818,0.4681978798586572,0.5206124852767963,0.5587167070217918,0,0.6382850241545893
Cairo Santos,0.1282051282051282,0.1845697329376854,0.2727272727272727,0.2079439252336448,0.1331360946745562,0.0363744782349433,0,0.1165501165501165
Caleb Sturgis,0.2696225284601558,0.3828264758497317,0.3750741839762611,0.273900293255132,0.0420560747663551,0.1159763313609467,1,
Calvin Branch,0.4477941176470588,0.4289544235924933,0.4250159540523293,0.0210135970333745,0.0274390243902439,0.1856106408706166,1,
Calvin Johnson,0.2167957117331745,0.3551682692307692,0.3953349282296651,0.3845700824499411,0.2294188861985472,0.2566425120772946,0,0.1977231875374475
Calvin Munson,0.6892523364485982,0.6869822485207101,0.6881335718545021,0.4475524475524475,0.4818861414606095,0.4403341288782816,0,0.4026381909547739
Calvin Pace,0.5896168108776267,0.7402439024390244,0.7666263603385731,0.79963789981895,0.8767123287671232,0.9795673076923076,0,0.9922248803827752
Cam Newton,0.1856106408706166,0.2371756185878093,0.228707564026206,0.0865384615384615,0.0370813397129186,0.0400471142520612,0,0.1035108958837772
Cam Thomas,0.525323910482921,0.6446731234866828,0.6871980676328503,0.7130017974835231,0.6392367322599881,0.629080118694362,0,0.6058651026392962
Cameron Brate,0.1329376854599406,0.3366568914956012,0.3662383177570093,0.3757396449704142,0.2468694096601073,0.0571095571095571,0,0.0862564692351926
Cameron Fleming,0.1329376854599406,0.1401759530791788,0.1226635514018691,0.0343195266272189,0.0363744782349433,0.1165501165501165,0,0.0983323749281196
Cameron Wake,0.6770334928229665,0.9051825677267372,0.943099273607748,0.980072463768116,0.9586578789694428,0.988670244484198,0,0.9780415430267062
Cameron Worrell,0.3275648949320148,0.6335365853658537,0.6378476420798065,0.7187688593844297,0.6986301369863014,0.7001201923076923,1,
Captain Munnerlyn,0.6267942583732058,0.7897526501766784,0.8619854721549637,0.927536231884058,0.9718394248052726,0.9743589743589745,0,0.9727002967359052
Caraun Reid,0.29695885509839,0.656973293768546,0.7478005865102639,0.7447429906542056,0.6798816568047338,0.5730471079308289,0,0.5798368298368298
Carl Allen,0.2047244094488189,0.6654411764705882,0.926829268292683,0.9801980198019802,0.8282208588957055,0.7041284403669725,1,
Carl Banks,0.2258687258687258,0.354898336414048,0.71875,0.9553571428571428,0.958490566037736,0.9587242026266416,0,0.8311444652908068
Carl Carter,0.2775735294117647,0.6264880952380952,0.7452830188679245,0.7729831144465291,0.649155722326454,0.4427767354596623,1,
Carl Ekern,0.2110091743119266,0.5425742574257426,0.6602316602316602,0.8207024029574861,0.8382352941176471,0.8839285714285714,1,
Carl Hairston,0.1023102310231023,0.0766871165644171,0.4701834862385321,0.6356435643564357,0.6158301158301158,0.5841035120147874,0,0.7132352941176471
Carl Lee,0.4910891089108911,0.583011583011583,0.7707948243992606,0.7242647058823529,0.8377976190476191,0.9415094339622642,0,0.9136960600375236
Carl Nassib,0.5812316715542521,0.6869158878504673,0.8284023668639053,0.8831246273106739,0.905011655011655,0.8573893041978148,0,0.8114558472553699
Carl Powell,0.175,0.4256032171581769,0.6758136566687939,0.7441285537700866,0.8384146341463414,0.7823458282950423,1,
Carl Zander,0.1386321626617375,0.3970588235294117,0.6324404761904762,0.560377358490566,0.574108818011257,0.5909943714821764,1,
Carlos Dunlap,0.7308598351001178,0.8286924939467313,0.957729468599034,0.982025164769323,0.992248062015504,0.9899109792284868,0,0.9912023460410556
Carlos Emmons,0.2013769363166953,0.1892797319932998,0.5749185667752443,0.7472698907956318,0.9352941176470588,0.8987935656836461,0,0.8691767708998086
Carlos Polk,0.2969168900804289,0.5092533503509892,0.5747836835599506,0.5615853658536586,0.4709794437726723,0.6004828002414001,0,0.7093508040500298
Carlos Rogers,0.694074969770254,0.7911888955944478,0.8653960690887433,0.8647836538461539,0.8385167464114832,0.8498233215547704,0,0.9085956416464892
Carlton Bailey,0.1763602251407129,0.6172607879924953,0.6848030018761726,0.7211895910780669,0.6850094876660342,0.6427221172022685,0,0.7252559726962458
Carlton Gray,0.3074003795066413,0.4574669187145557,0.6945392491467577,0.6437177280550774,0.6180904522613065,0.6172638436482085,1,
Carlton Williamson,0.598159509202454,0.5573394495412844,0.7504950495049505,0.638996138996139,0.9168207024029574,0.8970588235294118,0,0.8407738095238095
Carnell Lake,0.4690431519699812,0.6135084427767354,0.7279549718574109,0.5966542750929368,0.8273244781783681,0.9092627599243857,0,0.9215017064846416
Carnell Williams,0.0918984280532043,0.1852745926372963,0.1804645622394282,0.1502403846153846,0.1429425837320574,0.1996466431095406,1,
Carson Palmer,0.0975609756097561,0.1590084643288996,0.2933011466505733,0.2817153067301965,0.2854567307692308,0.263755980861244,0,0.3292108362779741
Carson Tinker,0.2696225284601558,0.4150268336314848,0.4397626112759644,0.4486803519061583,0.401285046728972,0.2319526627218935,0,0.0363744782349433
Carson Wentz,0.3266862170087976,0.3341121495327103,0.4,0.3774597495527728,0.3525641025641026,0.2553191489361702,0,0.0739856801909307
Carter Hartwig,0.2787456445993031,0.4158415841584158,0.6748466257668712,0.481651376146789,0.5722772277227722,0.4961389961389961,1,
Cary Williams,0.5657894736842105,0.5777385159010601,0.7427360774818402,0.8774154589371981,0.9424805272618334,0.9582587954680978,0,0.9258160237388724
Casey Fitzsimmons,0.3380716934487021,0.3957317073170732,0.5495767835550182,0.5449607724803862,0.5723645026801668,0.6009615384615384,0,0.6058612440191388
Casey Hampton,0.5951742627345844,0.7409061901723037,0.7787391841779975,0.7536585365853659,0.6729141475211609,0.6904043452021726,0,0.7290053603335319
Casey Hayward,0.803743961352657,0.8118633912522468,0.9409660107334524,0.8652818991097923,0.9736070381231672,0.9532710280373832,0,0.9514792899408284
Casey Rabach,0.0797280593325092,0.1926829268292683,0.2865779927448609,0.264333132166566,0.2370458606313281,0.2073317307692307,0,0.277511961722488
Casey Wiegmann,0.175,0.1595174262734584,0.177409061901723,0.2058096415327565,0.2359756097560975,0.2073760580411124,0,0.2208811104405552
Cassius Marsh,0.4036970781156828,0.5228486646884273,0.7266862170087977,0.8510514018691588,0.8869822485207101,0.8521168753726893,0,0.7884615384615384
Cassius Vaughn,0.5512367491166078,0.7300242130750605,0.8248792270531401,0.8843618933493109,0.8843172331544424,0.8124629080118695,1,
Cato June,0.4054388133498146,0.7689024390243903,0.937726723095526,0.9861194930597466,0.9791542584871948,0.9302884615384616,1,
Ceandris Brown,0.6626360338573156,0.7555823777911889,0.8391899940440739,0.7704326923076923,0.7458133971291866,0.676678445229682,0,0.6483050847457628
Cecil Johnson,0.0944881889763779,0.2867647058823529,0.2648083623693379,0.2706270627062706,0.6993865030674846,0.6720183486238532,0,0.5782178217821782
Cecil Shorts,0.1658595641646489,0.1817632850241546,0.1839424805272618,0.2903995229576624,0.2747774480712166,0.3143695014662757,1,
Cedric Brown,0.3385826771653543,0.7757352941176471,0.9337979094076656,0.8844884488448845,0.9662576687116564,0.970183486238532,0,0.9722772277227724
Cedric Figaro,0.223264540337711,0.2964352720450281,0.5947467166979362,0.3550185873605948,0.3320683111954459,0.0699432892249527,0,0.2627986348122867
Cedric Griffin,0.6789378394689197,0.8254913639070875,0.9459134615384616,0.9850478468899522,0.9534746760895172,0.9170702179176756,0,0.7910628019323671
Cedric Killings,0.5720588235294117,0.5871313672922251,0.585832801531589,0.2490729295426452,0.0274390243902439,0.4449818621523579,0,0.4809897404948702
Cedric Mack,0.2633663366336634,0.2316602316602316,0.5693160813308688,0.6930147058823529,0.8794642857142857,0.8132075471698114,0,0.797373358348968
Cedric Peerman,0.3992932862190813,0.473365617433414,0.5108695652173914,0.5308568004793289,0.509242695289207,0.6160237388724036,0,0.6134897360703813
Cedric Thornton,0.5416666666666666,0.7094068304373876,0.8205128205128205,0.8237388724035608,0.8299120234604106,0.7675233644859814,1,
Chad Bratzke,0.3459552495697074,0.5644891122278057,0.8403908794788274,0.9079563182527302,0.9772058823529411,0.972520107238606,0,0.97319719208679
Chad Brown,0.1062618595825427,0.440453686200378,0.5870307167235495,0.7831325301204819,0.6767169179229481,0.7166123778501629,0,0.5538221528861155
Chad Clifton,0.0727504786215698,0.1279357231149567,0.1115853658536585,0.0411124546553808,0.0325890162945081,0.1042287075640262,0,0.1442307692307692
Chad Cota,0.4784853700516351,0.7386934673366834,0.9218241042345277,0.7940717628705148,0.8580882352941176,0.8063002680965148,0,0.813018506700702
Chad Eaton,0.0791738382099827,0.1507537688442211,0.5618892508143323,0.7566302652106084,0.9367647058823528,0.906166219839142,0,0.8749202297383536
Chad Greenway,0.8421679571173317,0.947716346153846,0.9880382775119616,0.9770318021201412,0.9691283292978208,0.967391304347826,0,0.97663271420012
Chad Hennings,0.387523629489603,0.6160409556313993,0.7641996557659209,0.7051926298157454,0.6596091205211726,0.6224648985959438,0,0.7897058823529411
Chad Johnson,0.2969168900804289,0.3152520740268028,0.3362175525339926,0.275,0.2073760580411124,0.1617380808690404,0,0.0327575938058368
Chad Morton,0.2676470588235294,0.1903485254691689,0.5928525845564774,0.5951792336217553,0.598170731707317,0.0918984280532043,0,0.1188895594447797
Chad Pennington,0.0727504786215698,0.2200247218788628,0.3079268292682927,0.2944377267230955,0.1713940856970428,0.1042287075640262,0,0.1442307692307692
Chad Scott,0.2311557788944723,0.2328990228013029,0.3993759750390016,0.775,0.9262734584450402,0.9636247606892152,0,0.965389369592089
Chad Stanley,0.175,0.0509383378016085,0.1001914486279515,0.1279357231149567,0.1115853658536585,0.1789600967351874,1,
Chad Williams,0.7511167836630505,0.8362175525339925,0.952439024390244,0.9111245465538088,0.904043452021726,0.7605717689100655,0,0.6760817307692307
Champ Bailey,0.6006240249609984,0.8985294117647059,0.9550938337801608,0.9004467134652202,0.8856613102595797,0.8695121951219512,0,0.966142684401451
Chandler Jones,0.7506038647342995,0.914919113241462,0.975551580202743,0.9910979228486648,0.9964809384164224,0.9982476635514018,0,0.9976331360946744
Chandon Sullivan,0.3751479289940828,0.6457960644007156,0.7692307692307693,0.8349626221966647,0.8204057279236276,0.7839195979899497,1,
Channing Crowder,0.7049576783555018,0.8376584188292094,0.8755211435378202,0.8701923076923077,0.8367224880382775,0.8091872791519434,1,
Charles Clay,0.1068840579710145,0.2606351108448173,0.2552176505664877,0.316320474777448,0.1988269794721407,0.2348130841121495,0,0.129585798816568
Charles Dimry,0.3151969981238274,0.5140712945590994,0.774859287054409,0.6914498141263941,0.5939278937381404,0.4839319470699433,0,0.6143344709897611
Charles Godfrey,0.7157451923076923,0.8534688995215312,0.9564193168433452,0.9564164648910412,0.9607487922705314,0.8801677651288197,0,0.7787716159809183
Charles Grant,0.791959157626037,0.9375772558714462,0.9920731707317072,0.9818621523579202,0.9704284852142426,0.9142346634901728,0,0.8798076923076923
Charles Haley,0.6231617647058824,0.8005952380952381,0.9339622641509434,0.9380863039399624,0.9812382739212008,0.9606003752345216,0,0.79182156133829
Charles Johnson1,0.0592334494773519,0.3168316831683168,0.303680981595092,0.1926605504587156,0.1821782178217821,0.054054054054054,0,0.0499075785582255
Charles Johnson2,0.3102941176470588,0.2607238605898123,0.4116145500957243,0.3980222496909765,0.3658536585365853,0.0326481257557436,0,0.0325890162945081
Charles Lee,0.2588235294117647,0.5281501340482574,0.5347798340778558,0.5290482076637825,0.0975609756097561,0.3494558645707376,1,
Charles Mann,0.2138613861386138,0.5231660231660231,0.789279112754159,0.9191176470588236,0.9464285714285714,0.8339622641509434,0,0.8686679174484052
Charles Mincy,0.8048327137546468,0.889943074003795,0.9395085066162572,0.8156996587030717,0.6970740103270223,0.626465661641541,0,0.7296416938110749
Charles Romes,0.6213235294117647,0.627177700348432,0.7887788778877888,0.7484662576687117,0.8279816513761468,0.8435643564356435,0,0.8011583011583011
Charles Tillman,0.7669962917181706,0.8164634146341463,0.9740024183796856,0.976463488231744,0.9940440738534844,0.9855769230769232,0,0.9898325358851676
Charles Washington,0.4614485981308411,0.4887573964497041,0.4979129397734049,0.5775058275058275,0.5704427832087406,0.5447494033412887,1,
Charles Woodson,0.6221498371335505,0.7425897035881436,0.9595588235294118,0.9343163538873994,0.9495851946394384,0.927070457354759,0,0.9506097560975608
Charlie Anderson,0.5908536585365853,0.6384522370012092,0.652383826191913,0.6867182846932698,0.7698317307692307,0.8295454545454546,1,
Charlie Babb,0.2298850574712643,0.2412060301507537,0.2107843137254902,0.4170403587443946,0.5933609958506224,0.6811023622047244,0,0.7022058823529411
Charlie Clemons,0.1547231270358306,0.4212168486739469,0.6941176470588235,0.9041554959785524,0.9259731971920868,0.953646477132262,1,
Charlie Hall,0.1379310344827586,0.1809045226130653,0.4068627450980392,0.5245098039215687,0.6860986547085202,0.6182572614107884,0,0.4921259842519685
Charlie Peprah,0.28002414001207,0.5944014294222751,0.6147836538461539,0.6130382775119617,0.6725559481743227,0.9134382566585956,0,0.9311594202898552
Charlie Waters,0.8484848484848485,0.8175182481751825,0.9770114942528736,0.9899497487437184,0.9803921568627452,0.9103139013452914,0,0.8132780082987552
Charlie Weaver,0.057471264367816,0.4271356783919598,0.6225490196078431,0.6816143497757847,0.6721991701244814,0.5236220472440944,0,0.6066176470588235
Charlie West,0.0909090909090909,0.948905109489051,0.9252873563218392,0.8944723618090452,0.3823529411764705,0.0941704035874439,0,0.2157676348547718
Chartric Darby,0.5603217158176944,0.6560306317804723,0.7552533992583437,0.7993902439024391,0.7914147521160823,0.7845503922751962,0,0.7296009529481834
Chase Blackburn,0.6807738814993954,0.6934218467109233,0.7343656938653961,0.7139423076923077,0.8098086124401914,0.8032979976442874,0,0.7512106537530266
Chase Edmonds,0.4011834319526627,0.4454382826475849,0.4376456876456876,0.3893041978148361,0.2690930787589499,0.3668341708542713,1,
Chaun Thompson,0.4171817058096415,0.675609756097561,0.8391777509068924,0.8666264333132166,0.8231089934484812,0.6778846153846154,0,0.6142344497607656
Chauncey Davis,0.660217654171705,0.7682558841279421,0.8171530673019655,0.8521634615384616,0.8301435406698564,0.8663133097762074,0,0.7578692493946732
Chester McGlockton,0.0929368029739776,0.3263757115749525,0.5255198487712666,0.636518771331058,0.5851979345955249,0.5025125628140703,0,0.3859934853420195
Chester Pitts,0.0727504786215698,0.1279357231149567,0.2774390243902439,0.2896009673518742,0.2739891369945685,0.1882072662298987,0,0.1604567307692307
Chester Taylor,0.0727504786215698,0.5568603213844252,0.5670731707317073,0.5804111245465539,0.4604707302353651,0.4038117927337701,0,0.125
Chidi Ahanotu,0.206831119544592,0.3440453686200378,0.5017064846416383,0.5628227194492255,0.7152428810720268,0.6465798045602605,0,0.641185647425897
Chidi Iwuoma,0.4195710455764075,0.4881940012763242,0.5352286773794809,0.6146341463414634,0.6686819830713422,0.6499698249849125,0,0.5908278737343657
Chike Okeafor,0.0967238689547582,0.6529411764705882,0.7573726541554959,0.8564135290363752,0.9215080346106304,0.976219512195122,0,0.9764207980652962
Chimdi Chekwa,0.4037530266343825,0.5344202898550725,0.6297183942480528,0.6195587358378056,0.571513353115727,0.4651026392961876,1,
Chip Banks,0.8119266055045872,0.9465346534653464,0.9806949806949808,0.9297597042513864,0.8731617647058824,0.9583333333333334,0,0.8150943396226416
Chris Baker,0.0797280593325092,0.1926829268292683,0.2515114873035066,0.3470126735063367,0.3424657534246575,0.3185096153846153,0,0.1770334928229665
Chris Banjo,0.4811264230077891,0.466308884913536,0.5026706231454006,0.4844574780058651,0.6623831775700935,0.714792899408284,0,0.714370900417412
Chris Brown2,0.1279357231149567,0.2354758961681087,0.2676829268292683,0.2394195888754534,0.1508750754375377,0.2459797498511018,1,
Chris Canty,0.1021775544388609,0.2068403908794788,0.3822152886115444,0.6808823529411765,0.6394101876675603,0.4913848117421825,0,0.0210135970333745
Chris Carr,0.405683192261185,0.7634278817139408,0.7837998808814771,0.8082932692307693,0.7852870813397129,0.8910482921083628,0,0.8728813559322034
Chris Carter1,0.0781758957654723,0.2698907956318253,0.7088235294117647,0.796916890080429,0.751754945756222,0.657601977750309,0,0.4829268292682926
Chris Carter2,0.2645278450363196,0.4722222222222222,0.548831635710006,0.5289206917113893,0.5727002967359051,0.5407624633431085,0,0.5642523364485982
Chris Chambers,0.3739946380697051,0.3860880663688577,0.4338689740420272,0.3701219512195122,0.3935912938331318,0.3458056729028364,0,0.3579511614055986
Chris Chester,0.1042287075640262,0.1033653846153846,0.1668660287081339,0.1472320376914016,0.2487893462469733,0.2717391304347826,0,0.3265428400239664
Chris Claiborne,0.3868954758190328,0.8566176470588235,0.9597855227882036,0.98851308232291,0.9826946847960444,0.973170731707317,0,0.9026602176541716
Chris Clark,0.1035108958837772,0.1165458937198067,0.1791491911324146,0.0649970184853905,0.0528189910979228,0.039882697947214,0,0.1226635514018691
Chris Clemons,0.5439024390243903,0.6166868198307134,0.6173808086904043,0.7218582489577129,0.7445913461538461,0.7966507177033493,0,0.7386363636363636
Chris Cooley,0.5225609756097561,0.533857315598549,0.5365117682558841,0.2757593805836807,0.2518028846153846,0.1722488038277512,0,0.2114252061248527
Chris Cooper,0.6018766756032171,0.6368857689853222,0.7224969097651421,0.6884146341463414,0.6614268440145102,0.619794809897405,0,0.5842763549731983
Chris Crocker,0.522867737948084,0.7317073170731707,0.8960096735187424,0.9179239589619796,0.9285288862418106,0.8683894230769231,0,0.8929425837320574
Chris Davis,0.1620011911852293,0.2073317307692307,0.2362440191387559,0.1065959952885747,0.0405569007263922,0.0440821256038647,0,0.0437387657279808
Chris Doleman,0.299445471349353,0.6746323529411765,0.9761904761904762,0.9867924528301888,1.0,0.9868667917448404,0,0.9831144465290806
Chris Draft,0.5852941176470589,0.6923592493297587,0.8551372048500319,0.9122373300370828,0.945121951219512,0.9062877871825876,0,0.928183464091732
Chris Gamble,0.7664634146341464,0.946795646916566,0.9776704888352444,0.9571173317450864,0.9368990384615384,0.930622009569378,0,0.9081272084805654
Chris Gardocki,0.3102941176470588,0.306970509383378,0.3267389917038928,0.2818294190358467,0.1701219512195122,0.1185006045949214,1,
Chris Gray,0.2588235294117647,0.131367292225201,0.158264199106573,0.0797280593325092,0.0512195121951219,0.0326481257557436,0,0.20036210018105
Chris Hanson,0.1233243967828418,0.1991065730695596,0.2484548825710754,0.2298780487804878,0.1469165659008464,0.100181050090525,0,0.0327575938058368
Chris Harris,0.7110036275695284,0.7990343995171998,0.8802858844550328,0.8449519230769231,0.8708133971291866,0.8987043580683156,0,0.8801452784503632
Chris Hetherington,0.4904411764705882,0.4966487935656836,0.5009572431397575,0.4635352286773795,0.4457317073170732,0.4758162031438936,1,
Chris Hogan,0.445176752546435,0.4329159212880143,0.5608308605341247,0.5419354838709678,0.548481308411215,0.3130177514792899,0,0.3375074537865236
Chris Hoke,0.5542682926829269,0.5743651753325272,0.5938442969221485,0.5312686122692079,0.5721153846153846,0.5574162679425837,0,0.5971731448763251
Chris Hope,0.5149968091895342,0.5865265760197775,0.7823170731707317,0.9068923821039904,0.9782739891369946,0.9726027397260274,0,0.9657451923076924
Chris Houston,0.6081000595592615,0.7638221153846154,0.819377990430622,0.839811542991755,0.929176755447942,0.9571256038647344,0,0.9562612342720191
Chris Hovan,0.5808823529411765,0.8036193029490617,0.8895979578813018,0.8800988875154512,0.7975609756097561,0.7321644498186215,0,0.7712733856366928
Chris Hudson,0.3545611015490533,0.6817420435510888,0.8045602605863192,0.828393135725429,0.8176470588235294,0.7694369973190348,1,
Chris Ivory,0.1012956419316843,0.059322033898305,0.1280193236714976,0.0575194727381665,0.0524746571258199,0.1329376854599406,0,0.1401759530791788
Chris Johnson,0.4685610640870616,0.4749547374773687,0.5235259082787374,0.4375,0.4411057692307692,0.3690191387559808,0,0.4132775119617224
Chris Kelsay,0.4864029666254635,0.7542682926829268,0.8500604594921403,0.9233554616777307,0.9106611078022632,0.8882211538461539,0,0.8977272727272727
Chris Kluwe,0.1390568319226118,0.1092335546167773,0.1762954139368671,0.1033653846153846,0.1160287081339712,0.1012956419316843,0,0.2052058111380145
Chris Kuper,0.1620011911852293,0.2073317307692307,0.277511961722488,0.163133097762073,0.137409200968523,0.2288647342995169,1,
Chris Liwienski,0.1233243967828418,0.2188895979578813,0.2626699629171817,0.2908536585365853,0.2073760580411124,0.1617380808690404,0,0.1620011911852293
Chris Long,0.6592548076923077,0.7673444976076556,0.8533568904593639,0.8928571428571429,0.908816425120773,0.9137207908927502,0,0.8395945140131187
Chris Maragos,0.1472320376914016,0.4418886198547215,0.5144927536231884,0.5949670461354104,0.631484794275492,0.6403560830860534,0,0.6287390029325514
Chris Martin,0.0231660231660231,0.0702402957486136,0.0808823529411764,0.1369047619047619,0.030188679245283,0.1181988742964352,0,0.2945590994371482
Chris Massey,0.0727504786215698,0.1279357231149567,0.3463414634146341,0.4159613059250302,0.5099577549788775,0.4901727218582489,0,0.4897836538461538
Chris McAlister,0.3338533541341654,0.8463235294117647,0.8820375335120644,0.8653477983407786,0.8355995055624228,0.8591463414634146,0,0.8639661426844014
Chris Mims,0.4237918215613382,0.6110056925996205,0.8846880907372401,0.8481228668941979,0.8864027538726333,0.7487437185929648,0,0.7019543973941368
Chris Moore,0.6217008797653959,0.6092289719626168,0.6224852071005917,0.4221824686940966,0.4184149184149184,0.4100057504312823,0,0.366945107398568
Chris Myers,0.125,0.2033492822966507,0.306831566548881,0.5157384987893463,0.5320048309178744,0.5446375074895147,0,0.1282051282051282
Chris Naeole,0.175,0.1595174262734584,0.177409061901723,0.2484548825710754,0.275,0.3325272067714631,0,0.3228726614363307
Chris Oldham,0.1894934333958724,0.1819887429643527,0.1617100371747211,0.3301707779886148,0.3213610586011342,0.5034129692832765,0,0.3820998278829604
Chris Owens,0.6255980861244019,0.7143698468786808,0.7439467312348669,0.7216183574879227,0.7789095266626722,0.7829457364341085,0,0.7400593471810089
Chris Prosinski,0.4624697336561743,0.643719806763285,0.6746554823247454,0.6571258199165176,0.6682492581602374,0.6973607038123167,0,0.6857476635514018
Chris Samuels,0.175,0.1595174262734584,0.2342054881940012,0.2756489493201483,0.2676829268292683,0.3125755743651753,0,0.2896801448400724
Chris Singleton,0.1332082551594746,0.3846153846153846,0.7007434944237918,0.571157495256167,0.5746691871455577,0.6757679180887372,1,
Chris Slade,0.5104364326375711,0.9035916824196596,0.9863481228668942,0.991394148020654,0.9614740368509213,0.9348534201954396,0,0.890795631825273
Chris Snee,0.0918984280532043,0.048280024140012,0.1274568195354377,0.2728365384615384,0.3277511961722488,0.3716136631330977,0,0.3177966101694915
Chris Spielman,0.4971857410881801,0.6923076923076923,0.9136960600375236,0.9052044609665428,0.9430740037950665,0.77882797731569,0,0.8651877133105802
Chris Thompson,0.4238210399032648,0.4272782136391068,0.4282310899344848,0.0372596153846153,0.0370813397129186,0.0400471142520612,0,0.0405569007263922
Chris White,0.0873205741626794,0.1012956419316843,0.5308716707021792,0.5670289855072463,0.609346914319952,0.5098389982110912,1,
Chris Wilson,0.6134603930911257,0.6586538461538461,0.6883971291866029,0.7114252061248527,0.6592009685230025,0.6557971014492754,1,
Chris Zorich,0.3308550185873606,0.6129032258064516,0.7996219281663516,0.8139931740614335,0.6075731497418244,0.4321608040201005,1,
Christian Covington,0.5341246290801187,0.636950146627566,0.7161214953271028,0.7301775147928994,0.7215265354800239,0.7016317016317016,0,0.7469810235767682
Christian Jones,0.6660703637447823,0.7608308605341246,0.795307917888563,0.8417056074766355,0.842603550295858,0.8789505068574835,0,0.8222610722610723
Christian Kirksey,0.7078115682766846,0.828486646884273,0.9284457478005864,0.9667056074766356,0.9615384615384616,0.8992248062015504,0,0.8583916083916084
Christian McCaffrey,0.3563084112149532,0.3958579881656804,0.4102564102564102,0.3455710955710955,0.3145485911443358,0.2356801909307876,0,0.2016331658291457
Christian Peter,0.0636515912897822,0.2768729641693811,0.2870514820592824,0.675,0.6179624664879356,0.6394384173580089,1,
Christian Ringo,0.5219941348973607,0.544392523364486,0.6106508875739645,0.5163983303518187,0.4988344988344988,0.6158711903392754,0,0.6127684964200477
Christopher Conte,0.5641646489104116,0.7650966183574879,0.8771719592570402,0.913536076326774,0.9299703264094956,0.9442815249266864,0,0.9363317757009346
Chuck Cecil,0.4433962264150943,0.5703564727954972,0.6829268292682927,0.7204502814258912,0.8680297397769516,0.7950664136622391,0,0.5160680529300568
Chuck Crist,0.1551724137931034,0.4070351758793969,0.6421568627450981,0.7802690582959642,0.7676348547717843,0.7559055118110236,0,0.875
Chuck Smith,0.1152416356877323,0.4876660341555977,0.8544423440453687,0.9522184300341296,0.9414802065404476,0.932998324958124,0,0.9641693811074918
Chykie Brown,0.2560532687651332,0.5090579710144928,0.5476333133612942,0.6064400715563506,0.5643916913946587,0.5466275659824047,1,
Clarence Scott,0.2727272727272727,0.6715328467153284,0.5747126436781609,0.864321608040201,0.8627450980392157,0.8923766816143498,0,0.7883817427385892
Clark Haggans,0.5924932975871313,0.7791959157626037,0.8220024721878862,0.8896341463414634,0.9238210399032648,0.96016898008449,0,0.9583085169743896
Clark Harris,0.0873205741626794,0.2597173144876325,0.3819612590799031,0.4371980676328502,0.4331935290593169,0.332737030411449,0,0.3851632047477745
Clay Harbor,0.1035108958837772,0.2288647342995169,0.3702816057519473,0.4072748956469886,0.4136498516320475,0.4005865102639296,1,
Clay Matthews1,0.1139705882352941,0.3170731707317073,0.4653465346534653,0.3957055214723926,0.1972477064220183,0.2475247524752475,0,0.3204633204633205
Clay Matthews2,0.8331339712918661,0.969964664310954,0.99636803874092,0.9969806763285024,0.98681845416417,0.985092426952892,0,0.9845697329376856
Clayton Fejedelem,0.4357771260997067,0.6688084112149533,0.7893491124260354,0.7865235539654144,0.754079254079254,0.6187464059804485,0,0.6109785202863962
Cletidus Hunt,0.1357254290171607,0.6647058823529411,0.7205093833780161,0.8028079132099554,0.8312731767614339,0.8597560975609756,1,
Cliff Avril,0.7530048076923077,0.8893540669856459,0.9570082449941107,0.9909200968523002,0.9939613526570048,0.9970041941282204,0,0.954680977936792
Cliff Harris,0.7777777777777778,0.6642335766423357,0.7873563218390804,0.6733668341708543,0.7254901960784313,0.7937219730941704,0,0.8589211618257261
Cliff Odom,0.2099009900990099,0.4922779922779923,0.8521256931608133,0.9338235294117648,0.84375,0.6754716981132075,0,0.3864915572232645
Clifford Hicks,0.1473214285714285,0.0716981132075471,0.2120075046904315,0.2833020637898686,0.3414634146341463,0.1802973977695167,1,
Clifton Smith,0.157601977750309,0.1530487804878048,0.1686819830713422,0.0325890162945081,0.0327575938058368,0.3052884615384615,0,0.4019138755980861
Clint Boling,0.1068840579710145,0.2606351108448173,0.3428741800834824,0.3525222551928783,0.3302052785923753,0.3674065420560747,0,0.3840236686390532
Clint Gresham,0.1012956419316843,0.137409200968523,0.2077294685990338,0.3541042540443379,0.3023255813953488,0.3097922848664688,1,
Clint Kriewaldt,0.1123244929797191,0.6147058823529412,0.6635388739946381,0.6553924696873006,0.6508034610630408,0.6780487804878049,0,0.6916565900846433
Clinton Hart,0.5902348578491965,0.6579268292682927,0.8512696493349455,0.904646952323476,0.9612864800476474,0.9248798076923076,0,0.8654306220095693
Clinton McDonald,0.3580683156654888,0.549636803874092,0.607487922705314,0.7657279808268425,0.8282647584973166,0.8314540059347181,0,0.8058651026392962
Clinton Portis,0.0727504786215698,0.1915945611866502,0.2298780487804878,0.3319226118500604,0.2878696439348219,0.3746277546158427,0,0.5198317307692307
Clyde Simmons,0.0496323529411764,0.5654761904761905,0.7339622641509433,0.9624765478424016,0.9681050656660412,0.9887429643527204,0,0.9684014869888476
Cody Davis,0.316956261234272,0.5158020274299344,0.5323442136498516,0.6727272727272727,0.6939252336448598,0.6940828402366864,0,0.616577221228384
Cody Whitehair,0.1008797653958944,0.1536214953271028,0.3461538461538461,0.345855694692904,0.3065268065268065,0.1385853939045428,1,
Cole Beasley,0.1068840579710145,0.1378070701018574,0.1419200954084675,0.1643916913946587,0.1401759530791788,0.2348130841121495,0,0.1893491124260355
Colin Cole,0.3585365853658536,0.6130592503022975,0.7012673506336753,0.7182846932698035,0.6887019230769231,0.6913875598086124,0,0.7391048292108363
Colin Jones,0.3268765133171913,0.4915458937198068,0.5614140203714799,0.6583184257602862,0.6908011869436201,0.6920821114369502,0,0.6728971962616822
Colt Anderson,0.4405182567726737,0.4800242130750605,0.6533816425120773,0.7022168963451169,0.7173524150268337,0.6433234421364985,0,0.5829912023460411
Colt McCoy,0.1658595641646489,0.1817632850241546,0.1839424805272618,0.0429338103756708,0.0409495548961424,0.039882697947214,0,0.0420560747663551
Connor Barwin,0.6644736842105263,0.6619552414605419,0.8456416464891041,0.8327294685990339,0.9227082085080888,0.9558735837805604,0,0.9738872403560832
Connor McGovern,0.1921728971962616,0.1893491124260355,0.2468694096601073,0.0571095571095571,0.2518688901667625,0.2434367541766109,0,0.2780429594272076
Conrad Hamilton,0.2340791738382099,0.4020100502512563,0.6302931596091205,0.53198127925117,0.6860294117647059,0.4262734584450402,1,
Cooper Carlisle,0.175,0.0509383378016085,0.0197830248883216,0.0210135970333745,0.0274390243902439,0.0326481257557436,0,0.0941460470730235
Cooper Kupp,0.2914719626168224,0.2923076923076923,0.3661299940369708,0.3350815850815851,0.3415756181713628,0.3162291169451074,0,0.2870603015075377
Cordarrelle Patterson,0.3695014662756598,0.4304906542056075,0.5680473372781065,0.552772808586762,0.5524475524475524,0.4013801035077631,0,0.3436754176610978
Cordy Glenn,0.1282051282051282,0.0694362017804154,0.1695014662756598,0.0566588785046729,0.0449704142011834,0.1067382230172927,1,
Corey Bradford,0.5183823529411765,0.546916890080429,0.5520102105934908,0.4456118665018541,0.3701219512195122,0.3748488512696493,0,0.3277006638503319
Corey Chavous,0.2100977198697068,0.4056162246489859,0.736764705882353,0.7754691689008043,0.8640714741544352,0.954264524103832,0,0.9658536585365852
Corey Davis,0.1226635514018691,0.5331360946745562,0.5217650566487776,0.5186480186480187,0.1765382403680276,0.4910501193317422,1,
Corey Fuller1,0.1058020477815699,0.2685025817555938,0.3601340033500838,0.5228013029315961,0.4414976599063963,0.7235294117647059,0,0.8123324396782842
Corey Graham,0.4502680166765932,0.7181490384615384,0.7446172248803827,0.7626619552414605,0.7239709443099274,0.8254830917874396,0,0.9179149191132414
Corey Harris,0.1825938566552901,0.3029259896729776,0.288107202680067,0.1872964169381107,0.296411856474259,0.6338235294117647,0,0.6154411764705883
Corey Ivy,0.3806970509383378,0.4818123803446075,0.565512978986403,0.5884146341463414,0.7333736396614269,0.8123114061557031,0,0.8838594401429423
Corey Linsley,0.2409063804412641,0.2255192878338278,0.2234604105571847,0.1921728971962616,0.1893491124260355,0.2468694096601073,0,0.0571095571095571
Corey Liuget,0.612590799031477,0.802536231884058,0.8753744757339724,0.9385807990459152,0.8961424332344213,0.8656891495601173,0,0.764018691588785
Corey Lynch,0.5576923076923077,0.5699760765550239,0.6525323910482921,0.6652542372881356,0.7977053140096618,0.7699221090473337,1,
Corey McIntyre,0.405683192261185,0.4327097163548581,0.4663490172721858,0.4260817307692308,0.4539473684210526,0.4846878680800942,0,0.511501210653753
Corey Miller,0.099437148217636,0.4405204460966542,0.8159392789373814,0.8374291115311909,0.71160409556314,0.4561101549053356,0,0.4070351758793969
Corey Moore,0.4970588235294118,0.4912868632707775,0.4920229738353542,0.0210135970333745,0.0274390243902439,0.0326481257557436,0,0.0325890162945081
Corey Nelson,0.4752534287418008,0.5566765578635015,0.7049853372434017,0.6810747663551402,0.644378698224852,0.4615384615384615,1,
Corey Peters,0.5647820965842167,0.7312348668280871,0.7711352657004831,0.8274415817855003,0.7680381633870006,0.7204747774480712,0,0.6392961876832844
Corey Raymond,0.0724907063197026,0.3510436432637571,0.4782608695652174,0.7849829351535836,0.8037865748709122,0.8090452261306532,1,
Corey Simon,0.7647058823529411,0.915549597855228,0.9419272495213784,0.9338689740420272,0.8646341463414634,0.8651753325272068,0,0.7079058539529269
Corey Smith,0.4435226547543076,0.4548825710754017,0.45,0.4189842805320435,0.6342788171394086,0.7695056581298392,0,0.8515625
Corey Webster,0.6178960096735188,0.7579963789981895,0.8266825491363907,0.9020432692307692,0.8755980861244019,0.8975265017667845,0,0.8952784503631961
Corey Widmer,0.1984877126654064,0.1877133105802047,0.6041308089500861,0.695142378559464,0.7117263843648208,0.5460218408736349,1,
Corey Williams,0.6152439024390244,0.6795646916565901,0.8008449004224502,0.8850506253722454,0.9056490384615384,0.8917464114832536,0,0.8409893992932862
Cornelius Bennett,0.7648809523809523,0.9716981132075472,0.9906191369606004,0.99812382739212,0.9962476547842402,0.9925650557620818,0,0.9487666034155596
Cornelius Griffin,0.6058823529411764,0.7419571045576407,0.834077855775367,0.8331273176761433,0.8548780487804878,0.8603385731559855,0,0.8617984308992155
Cornelius Lucas,0.1282051282051282,0.0694362017804154,0.1196480938416422,0.0420560747663551,0.0343195266272189,0.0363744782349433,0,0.0256410256410256
Cornell Brown,0.2579564489112227,0.2703583061889251,0.3681747269890795,0.7029411764705882,0.7151474530831099,0.7798340778557754,0,0.6996291718170581
Cornell Green,0.0797280593325092,0.0512195121951219,0.0411124546553808,0.0325890162945081,0.0327575938058368,0.0372596153846153,0,0.1429425837320574
Cornellius Carradine,0.5849731663685152,0.6451038575667656,0.6850439882697947,0.6507009345794392,0.6017751479289941,0.5485986881335718,1,
Correll Buckhalter,0.4798927613941018,0.4805360561582642,0.4956736711990111,0.2182926829268292,0.2267230955259976,0.1436330718165359,0,0.1310303752233472
Cortez Kennedy,0.1013133208255159,0.350844277673546,0.8736059479553904,0.9108159392789372,0.9300567107750471,0.8191126279863481,0,0.8261617900172117
Cortland Finnegan,0.7272178636089318,0.8493150684931506,0.9573317307692308,0.979066985645933,0.9876325088339224,0.961864406779661,0,0.9643719806763285
Cory Hall,0.2418096723868954,0.7198529411764706,0.7995978552278821,0.8289725590299937,0.7904820766378244,0.7884146341463415,1,
Cory Littleton,0.4821114369501466,0.6980140186915887,0.9100591715976332,0.9862850327966608,0.9842657342657344,0.9597469810235768,0,0.7893794749403341
Cory Redding,0.3640296662546353,0.6847560975609757,0.7563482466747279,0.8859384429692215,0.8636092912447886,0.8599759615384616,0,0.7828947368421053
Cory Schlesinger,0.4220588235294117,0.4443699731903485,0.4754307594128908,0.4610630407911001,0.4,0.3542926239419589,0,0.4828002414001207
Coty Sensabaugh,0.5259661835748792,0.6548831635710006,0.7090041741204532,0.8142433234421365,0.8252199413489736,0.8440420560747663,0,0.7698224852071006
Courtney Brown,0.6448529411764706,0.7412868632707775,0.7913209955328654,0.7972805933250927,0.7365853658536585,0.717049576783555,0,0.5648762824381413
Courtney Roby,0.2666263603385732,0.3886541943270972,0.3871351995235259,0.3635817307692308,0.4312200956937799,0.5765606595995288,0,0.5677966101694916
Courtney Upshaw,0.6998792270531401,0.7549430796884362,0.7883124627310674,0.8207715133531157,0.8527859237536657,0.8691588785046729,1,
Coy Wire,0.6834716017868538,0.7206427688504327,0.775,0.6844014510278114,0.6662643331321666,0.6063132817153067,0,0.6027644230769231
Craig Dahl,0.4657534246575342,0.4645432692307692,0.69377990430622,0.8404004711425206,0.9358353510895884,0.9359903381642511,0,0.8645895745955662
Craig Hentrich,0.3522058823529412,0.3619302949061662,0.3433312061263561,0.334363411619283,0.2701219512195122,0.2769044740024183,0,0.2154496077248038
Craig Robertson,0.7192028985507246,0.8370281605751947,0.9206917113893858,0.8991097922848664,0.9313782991202346,0.9316588785046728,0,0.8893491124260355
Craig Steltz,0.6117788461538461,0.6483253588516746,0.6519434628975265,0.7082324455205811,0.732487922705314,0.7507489514679448,1,
Craig Stevens,0.3473557692307692,0.4473684210526316,0.4605418138987043,0.4406779661016949,0.4269323671497584,0.4313960455362493,1,
Craig Terrill,0.3609756097560975,0.6076178960096735,0.6873868436934218,0.714711137581894,0.6977163461538461,0.6477272727272727,0,0.6354534746760895
Crezdon Butler,0.1012956419316843,0.059322033898305,0.5150966183574879,0.6135410425404434,0.6129994036970781,0.5703264094955489,0,0.4580645161290322
Cris Dishman,0.3058161350844278,0.5966228893058161,0.9155722326454032,0.9368029739776952,0.9753320683111956,0.9508506616257087,0,0.9761092150170648
Cullen Jenkins,0.6670731707317074,0.7430471584038694,0.8533494266747134,0.8284693269803455,0.8227163461538461,0.8660287081339713,0,0.8769140164899882
Cullen Loeffler,0.0975609756097561,0.3216444981862152,0.3820156910078455,0.3924955330553901,0.3990384615384615,0.4001196172248804,0,0.4010600706713781
Curtis Green,0.0848623853211009,0.3544554455445544,0.5135135135135135,0.6654343807763401,0.6654411764705882,0.6577380952380952,0,0.3679245283018867
Curtis Greer,0.6444954128440367,0.8514851485148515,0.9227799227799228,0.8724584103512015,0.5974264705882353,0.6785714285714286,1,
Curtis Johnson~,0.5858585858585859,0.708029197080292,0.7816091954022989,0.7487437185929648,0.5833333333333334,0.6367713004484304,0,0.5560165975103735
Curtis Jordan,0.2614107883817427,0.3070866141732283,0.5772058823529411,0.4216027874564459,0.4125412541254125,0.0552147239263803,0,0.018348623853211
Curtis Lofton,0.6941105769230769,0.8415071770334929,0.9464075382803298,0.9842615012106536,0.9873188405797102,0.9802276812462551,0,0.9493142516398332
Curtis Martin,0.3639705882352941,0.3471849865951742,0.3235481812380344,0.2107540173053152,0.2402439024390243,0.3500604594921402,1,
D'Brickashaw Ferguson,0.0941460470730235,0.2048838594401429,0.2139423076923076,0.1770334928229665,0.1996466431095406,0.2905569007263922,0,0.338768115942029
D'Marco Farr,0.0831758034026465,0.4522184300341297,0.5232358003442341,0.6046901172529313,0.5211726384364821,0.5631825273010921,0,0.7404411764705883
D'Qwell Jackson,0.6445383222691611,0.7879690291840381,0.9344951923076924,0.9180622009569378,0.8604240282685512,0.835956416464891,0,0.92512077294686
D.D. Lewis,0.4952137843012125,0.634734239802225,0.6347560975609756,0.686819830713422,0.6264333132166566,0.6319237641453246,0,0.5967548076923077
D.D. Lewis~,0.0656934306569343,0.293103448275862,0.3065326633165829,0.4705882352941176,0.3766816143497757,0.3858921161825726,0,0.2440944881889764
D.J. Chark,0.3195266272189349,0.3410852713178294,0.3531468531468531,0.1765382403680276,0.1616945107398568,0.1658291457286432,1,
D.J. Hayden,0.5763930497303775,0.75551580202743,0.8195845697329377,0.8228739002932551,0.7570093457943925,0.7396449704142012,0,0.7662492546213476
D.J. Humphries,0.1226635514018691,0.129585798816568,0.1192605843768634,0.0256410256410256,0.02242668200115,0.0178997613365155,0,0.079145728643216
D.J. Swearinger,0.6554823247453565,0.8032200357781754,0.799406528189911,0.8592375366568915,0.8966121495327103,0.953846153846154,0,0.9105545617173524
D.J. Ware,0.1042287075640262,0.1905048076923076,0.3929425837320574,0.4222614840989399,0.3940677966101695,0.3617149758454106,1,
D.J. Williams,0.725609756097561,0.7684401451027811,0.8406759203379601,0.8427635497319833,0.8792067307692307,0.9132775119617224,0,0.9187279151943464
Da'Norris Searcy,0.5720338983050848,0.6503623188405797,0.8304373876572798,0.898628503279666,0.91513353115727,0.8557184750733138,0,0.782126168224299
DaShon Polk,0.3742647058823529,0.5288203753351206,0.6081684747925973,0.630407911001236,0.6536585365853659,0.7533252720677146,0,0.7537718768859385
Daimon Shelton,0.4647058823529412,0.4537533512064343,0.4594767070835992,0.1501854140914709,0.0274390243902439,0.3506650544135429,0,0.4007242003621001
Dale Carter,0.6840148698884758,0.7305502846299811,0.8582230623818525,0.7747440273037542,0.8244406196213425,0.7219430485762144,0,0.7068403908794788
Dallas Clark,0.0797280593325092,0.2402439024390243,0.5157194679564692,0.515992757996379,0.509827278141751,0.2409855769230769,0,0.3462918660287081
Dallin Leavitt,0.2011834319526627,0.4400715563506261,0.4819347319347319,0.6141460609545716,0.6133651551312649,0.5728643216080402,1,
Dalvin Cook,0.1226635514018691,0.1816568047337278,0.182468694096601,0.0571095571095571,0.02242668200115,0.1378281622911694,1,
Damarious Randall,0.7495548961424332,0.8727272727272727,0.9567757009345794,0.9680473372781064,0.9415623136553368,0.8665501165501166,1,
Damien Williams,0.5354800238521169,0.5376854599406529,0.5583577712609971,0.4100467289719626,0.3887573964497041,0.3148479427549195,0,0.2657342657342657
Damien Wilson,0.456379821958457,0.5935483870967742,0.6682242990654206,0.744378698224852,0.8103756708407871,0.8572261072261073,0,0.9108683151236344
Damiere Byrd,0.1921728971962616,0.3023668639053254,0.3261776982707215,0.2872960372960373,0.1765382403680276,0.1616945107398568,1,
Damion Square,0.2756141402037148,0.2617769827072153,0.4842729970326409,0.6181818181818182,0.6676401869158879,0.7201183431952662,0,0.693500298151461
Damione Lewis,0.4946380697050938,0.6311423101467772,0.700247218788628,0.7969512195121952,0.7696493349455864,0.8117079058539529,0,0.7843954734961287
Damon Harrison,0.6482923906530856,0.7107930828861061,0.8,0.8580645161290322,0.9042056074766356,0.9331360946745562,0,0.9010137149672034
Damontre Moore,0.566806470940683,0.7048300536672629,0.7988130563798219,0.7994134897360704,0.7167056074766355,0.4982248520710059,0,0.5605247465712582
Dan Bailey,0.1658595641646489,0.2391304347826087,0.3265428400239664,0.3136553369111509,0.2682492581602373,0.3337243401759531,0,0.2260514018691588
Dan Bunz,0.1654411764705882,0.2404181184668989,0.3234323432343234,0.0920245398773006,0.018348623853211,0.0118811881188118,0,0.1621621621621621
Dan Carpenter,0.180889423076923,0.3492822966507177,0.4204946996466431,0.4207021791767554,0.4359903381642512,0.4080287597363691,0,0.2826475849731664
Dan Connor,0.2301682692307692,0.5819377990430622,0.6696113074204947,0.7705811138014528,0.7814009661835749,0.7423606950269622,1,
Dan Hampton,0.7889908256880734,0.7861386138613862,0.9111969111969112,0.7634011090573013,0.8584558823529411,0.7946428571428571,0,0.7
Dan Klecko,0.5871446229913473,0.5969512195121951,0.6233373639661427,0.5051297525648762,0.5640262060750447,0.5931490384615384,1,
Dan Koppen,0.0797280593325092,0.1310975609756097,0.1958887545344619,0.1508750754375377,0.0446694460988683,0.0372596153846153,0,0.1429425837320574
Dan Kreider,0.2588235294117647,0.388739946380697,0.406509253350351,0.4011124845488257,0.2298780487804878,0.2031438935912938,0,0.188292094146047
Dan Land,0.1338289962825278,0.1233396584440227,0.1342155009451796,0.0631399317406143,0.06368330464716,0.2345058626465661,1,
Dan Morgan,0.6849865951742627,0.8104658583280153,0.8658838071693449,0.9176829268292684,0.9141475211608222,0.8696439348219674,0,0.7367480643240024
Dan Owens,0.1332082551594746,0.549718574108818,0.6078066914498141,0.7039848197343453,0.6446124763705104,0.5989761092150171,0,0.540447504302926
Dan Saleaumua,0.1726190476190476,0.1679245283018867,0.5196998123827392,0.776735459662289,0.8367729831144465,0.8178438661710037,0,0.7760910815939279
Dan Skuta,0.4078947368421052,0.5930506478209658,0.6864406779661016,0.7185990338164251,0.7477531455961653,0.8246869409660107,0,0.858160237388724
Dan Wilkinson,0.3137996219281663,0.5938566552901023,0.7590361445783133,0.7520938023450586,0.755700325732899,0.859594383775351,0,0.9169117647058824
Dan Williams1,0.0721062618595825,0.107750472589792,0.1706484641638225,0.1600688468158347,0.3835845896147403,0.3452768729641693,0,0.4555382215288611
Dan Williams2,0.5541813898704359,0.5756658595641646,0.6781400966183575,0.7417615338526063,0.7638640429338104,0.7649851632047477,0,0.7243401759530792
Dana Stubblefield,0.4800759013282732,0.7580340264650284,0.8515358361774744,0.7934595524956971,0.864321608040201,0.8013029315960912,0,0.7925117004680188
Dane Looker,0.2707045735475896,0.2963414634146341,0.370012091898428,0.3892576946288473,0.4014294222751637,0.3858173076923077,1,
Danieal Manning,0.7791188895594447,0.8618225134008338,0.9158653846153846,0.9061004784688996,0.8869257950530035,0.8898305084745762,0,0.9166666666666666
Daniel Carlson,0.2579881656804734,0.2939773404889684,0.2832167832167832,0.0862564692351926,0.0178997613365155,0.079145728643216,1,
Daniel Fells,0.0757211538461538,0.2900717703349282,0.3669022379269729,0.410411622276029,0.4045893719806763,0.3624925104853205,0,0.282051282051282
Daniel Graham,0.2399489470325462,0.3757725587144623,0.5451219512195122,0.5465538089480049,0.5377187688593844,0.2346634901727218,0,0.2001201923076923
Daniel McCullers,0.2456768038163387,0.4646884272997033,0.5818181818181818,0.5753504672897196,0.5834319526627219,0.5050685748360167,0,0.5244755244755245
Daniel Muir,0.2572960095294818,0.3353365384615384,0.6028708133971292,0.6489988221436984,0.6452784503631961,0.5766908212560387,0,0.5698022768124625
Daniel Sorensen,0.3875968992248062,0.5382789317507418,0.8768328445747801,0.9328271028037384,0.968639053254438,0.8950506857483602,0,0.9632867132867132
Daniel Stubbs,0.160377358490566,0.2439024390243902,0.4465290806754221,0.425891181988743,0.4628252788104089,0.3927893738140417,0,0.3043478260869565
Dannell Ellerbe,0.6495215311004785,0.7037691401648999,0.7076271186440678,0.7741545893719807,0.8723786698621929,0.8700059630292188,0,0.8213649851632048
Danny Amendola,0.1919856459330143,0.2597173144876325,0.2294188861985472,0.1280193236714976,0.0575194727381665,0.0524746571258199,0,0.0409495548961424
Danny Clark,0.5911764705882353,0.707774798927614,0.8200382897255903,0.8195302843016069,0.8780487804878049,0.8706166868198307,0,0.8491249245624622
Danny Gorrer,0.2888755980861244,0.2979976442873969,0.387409200968523,0.5362318840579711,0.6351108448172559,0.6905187835420393,1,
Danny Johnson,0.465680473372781,0.4937388193202147,0.4982517482517482,0.5980448533640023,0.6706443914081146,0.6708542713567839,1,
Danny Lansanah,0.125,0.1590909090909091,0.1654888103651354,0.0405569007263922,0.0440821256038647,0.0437387657279808,0,0.813953488372093
Danny McCray,0.5588928150765606,0.5950363196125908,0.7282608695652174,0.7028160575194727,0.6815742397137746,0.512759643916914,1,
Danny Shelton,0.5489614243323442,0.7073313782991202,0.7482476635514018,0.7260355029585799,0.7692307692307693,0.7907925407925408,0,0.7860839562967222
Danny Trevathan,0.5519323671497585,0.8825644098262433,0.8920691711389386,0.9614243323442137,0.8469208211143695,0.9322429906542056,0,0.9384615384615383
Danny Woodhead,0.1429425837320574,0.4151943462897526,0.4546004842615012,0.4758454106280193,0.4409826243259437,0.2206320810971973,0,0.3626112759643917
Dante Hall,0.1233243967828418,0.1391193363114231,0.2484548825710754,0.1701219512195122,0.2750906892382104,0.1738080869040434,0,0.2298987492555092
Dante Rosario,0.4723049434187016,0.4831730769230769,0.4964114832535885,0.3716136631330977,0.4200968523002421,0.5138888888888888,0,0.5398442180946674
Dante Wesley,0.5488194001276324,0.6582200247218789,0.6817073170731708,0.7001209189842805,0.6228123114061557,0.6039309112567004,0,0.6430288461538461
Daren Bates,0.5931695626123428,0.592128801431127,0.6379821958456974,0.5736070381231672,0.5689252336448598,0.5171597633136095,0,0.6189624329159212
Darian Barnes,0.1289087428206764,0.5531520395550061,0.5585365853658537,0.560459492140266,0.3753771876885938,0.1113758189398451,0,0.125
Darian Stewart,0.5600706713780919,0.8311138014527845,0.8333333333333334,0.8556021569802277,0.7590936195587359,0.8545994065281899,0,0.9237536656891496
Darian Thompson,0.3853372434017595,0.6647196261682243,0.6633136094674557,0.7447823494335122,0.7587412587412588,0.7607820586543991,1,
Darion Conner,0.0769230769230769,0.3564727954971857,0.8141263940520446,0.8121442125237192,0.945179584120983,0.8959044368600683,0,0.8313253012048193
Darius Butler,0.7476076555023924,0.7732626619552415,0.7863196125907991,0.8472222222222222,0.938885560215698,0.9630292188431724,0,0.9252225519287832
Darius Holland,0.1399317406143344,0.1308089500860585,0.1306532663316583,0.0684039087947882,0.2886115444617784,0.7345588235294118,0,0.7526809651474531
Darius Philon,0.3489614243323442,0.5020527859237537,0.7202102803738317,0.8142011834319527,0.789505068574836,0.6614219114219114,0,0.6273720529039678
Darius Reynaud,0.125,0.1590909090909091,0.1654888103651354,0.0405569007263922,0.0440821256038647,0.10964649490713,1,
Darnell Dinkins,0.1518825781748564,0.4901112484548826,0.4902439024390244,0.5187424425634825,0.4453832226916113,0.559261465157832,0,0.5540865384615384
Darnell Dockett,0.7006097560975609,0.7781136638452237,0.8949909474954737,0.9434187016081,0.966346153846154,0.9635167464114832,0,0.9405182567726738
Darnell Walker,0.3111954459203036,0.6616257088846881,0.6723549488054608,0.6144578313253012,0.4974874371859296,0.7133550488599348,0,0.8049921996879875
Darqueze Dennard,0.5068574836016696,0.629673590504451,0.7020527859237536,0.8907710280373832,0.9242603550295858,0.9183064997018484,0,0.8106060606060606
Darrel Young,0.4334511189634865,0.4376513317191283,0.4903381642512077,0.4775314559616537,0.5253428741800835,0.5097922848664689,1,
Darrell Daniels,0.1921728971962616,0.3248520710059172,0.5396541443053071,0.6060606060606061,0.6112708453133985,0.5167064439140812,0,0.3574120603015075
Darrell Green,0.4673267326732673,0.7181467181467182,0.7985212569316081,0.8235294117647058,0.8541666666666666,0.8113207547169812,0,0.6566604127579737
Darrell Jackson,0.3779411764705882,0.3773458445040214,0.3771537970644544,0.2861557478368356,0.1823170731707317,0.1469165659008464,0,0.3258901629450815
Darrell McClover,0.4390243902439024,0.4431680773881499,0.4834037417018708,0.4139368671828469,0.4447115384615384,0.4575358851674641,1,
Darrell Russell,0.3232830820770519,0.7328990228013029,0.8611544461778471,0.936029411764706,0.8646112600536193,0.7466496490108487,0,0.676761433868974
Darrell Stuckey,0.4358353510895884,0.6352657004830918,0.67106051527861,0.7501490757304711,0.6872403560830861,0.7149560117302053,1,
Darrelle Revis,0.7385348421679571,0.9200721153846154,0.9826555023923444,0.964075382803298,0.9570217917675544,0.8907004830917874,0,0.939484721390054
Darren Carrington,0.0544090056285178,0.0787992495309568,0.324577861163227,0.7100371747211895,0.8444022770398482,0.8147448015122873,0,0.6484641638225256
Darren Comeaux,0.1196911196911196,0.1053604436229205,0.3363970588235294,0.3809523809523809,0.3811320754716981,0.4577861163227016,0,0.5365853658536586
Darren Fells,0.1282051282051282,0.0694362017804154,0.1196480938416422,0.1226635514018691,0.2609467455621301,0.2975551580202743,1,
Darren Howard,0.8095588235294118,0.9390080428954424,0.9814932992980216,0.9530284301606922,0.9676829268292684,0.9498186215235792,0,0.9547374773687388
Darren McFadden,0.2722355769230769,0.3199760765550239,0.3733804475853945,0.2905569007263922,0.3689613526570048,0.3085680047932894,0,0.3661299940369708
Darren Mickell,0.2447817836812144,0.6559546313799622,0.810580204778157,0.8123924268502581,0.6398659966499163,0.4527687296416938,0,0.2948517940717629
Darren Perry,0.5185873605947955,0.7590132827324478,0.9281663516068052,0.9351535836177476,0.9759036144578314,0.9564489112227804,0,0.9478827361563518
Darren Sharper,0.5276381909547738,0.5472312703583062,0.765990639625585,0.913235294117647,0.987265415549598,0.9948947032546268,0,0.9950556242274412
Darren Sproles,0.0873205741626794,0.1472320376914016,0.1937046004842615,0.1340579710144927,0.1791491911324146,0.1621943947525342,0,0.2902077151335311
Darren Waller,0.2635014836795252,0.3976539589442815,0.3960280373831775,0.3674556213017751,0.1502683363148479,0.2779720279720279,0,0.2633697527314548
Darren Woodson,0.2565055762081784,0.2504743833017078,0.776937618147448,0.8839590443686007,0.9845094664371772,0.95142378559464,0,0.9576547231270358
Darrien Gordon,0.2087286527514231,0.5822306238185255,0.6126279863481229,0.7160068846815835,0.7537688442211056,0.9315960912052116,0,0.9173166926677068
Darrin Smith,0.2371916508538899,0.6219281663516069,0.735494880546075,0.774526678141136,0.5226130653266332,0.8387622149837134,0,0.8455538221528861
Darrion Scott,0.5774390243902439,0.7303506650544136,0.8430899215449608,0.8028588445503275,0.7013221153846154,0.1160287081339712,0,0.2373380447585394
Darrius Heyward-Bey,0.1472320376914016,0.2433414043583535,0.3737922705314009,0.3876572798082684,0.4382826475849731,0.4462908011869436,0,0.46158357771261
Darrius Johnson,0.4788273615635179,0.4914196567862715,0.7338235294117647,0.0201072386058981,0.0153158902361199,0.2200247218788628,1,
Darryl Blackstock,0.5713422007255139,0.6137598068799034,0.7337701012507445,0.7085336538461539,0.6824162679425837,0.4929328621908127,0,0.4739709443099273
Darryl Grant,0.2224770642201834,0.5207920792079208,0.6853281853281853,0.7190388170055453,0.6488970588235294,0.65625,0,0.6377358490566037
Darryl Henley,0.1163227016885553,0.2176360225140713,0.4821763602251407,0.6691449814126395,0.5559772296015181,0.5860113421550095,1,
Darryl Pounds,0.1655290102389078,0.3838209982788296,0.7336683417085427,0.758957654723127,0.8127925117004681,0.7735294117647059,1,
Darryl Roberts,0.4680351906158357,0.6238317757009346,0.7171597633136094,0.7841383422778772,0.8018648018648019,0.7412305922944221,1,
Darryl Skrine,0.5532687651331719,0.6805555555555556,0.7771120431396046,0.8604651162790697,0.8670623145400593,0.8932551319648094,0,0.8580607476635514
Darryl Talley,0.3108910891089109,0.6274131274131274,0.7171903881700554,0.7444852941176471,0.7202380952380952,0.7547169811320755,0,0.8123827392120075
Darryl Tapp,0.7181653590826795,0.8951756998213222,0.9639423076923076,0.9491626794258372,0.9069493521790342,0.8232445520581114,0,0.7789855072463768
Darryl Williams,0.6635687732342007,0.9297912713472486,0.9829867674858224,0.9829351535836176,0.9604130808950088,0.9882747068676716,0,0.996742671009772
Darryll Lewis,0.4409005628517823,0.5892193308550185,0.698292220113852,0.6918714555765595,0.89419795221843,0.9569707401032702,0,0.9865996649916248
Darryn Colledge,0.1042287075640262,0.1033653846153846,0.1160287081339712,0.1012956419316843,0.25,0.3460144927536231,0,0.3277411623726782
Darwin Walker,0.4684986595174262,0.7492022973835354,0.842398022249691,0.8969512195121951,0.8657799274486094,0.8774894387447194,0,0.8374032162001191
Daryl Gardener,0.180722891566265,0.4505862646566164,0.5553745928338762,0.6489859594383776,0.8198529411764706,0.8512064343163539,0,0.8206764518187619
Daryl Smith2,0.6475609756097561,0.7908101571946796,0.8871454435727217,0.9219773674806432,0.9026442307692308,0.9336124401913876,0,0.950530035335689
Dashon Goldson,0.4544371649791542,0.5366586538461539,0.8630382775119617,0.9263839811542992,0.9848668280871672,0.9685990338164252,0,0.9544637507489516
Dat Nguyen,0.3073322932917317,0.7242647058823529,0.8418230563002681,0.8155711550733886,0.8788627935723115,0.9341463414634148,0,0.9401451027811366
Datone Jones,0.6201318154583583,0.7060226595110316,0.7543026706231454,0.7513196480938417,0.6501168224299065,0.5242603550295858,0,0.0363744782349433
Daunte Culpepper,0.3102941176470588,0.306970509383378,0.2648372686662412,0.2558714462299135,0.2359756097560975,0.2847642079806529,0,0.2190706095353047
Dave Ahrens,0.5674846625766872,0.5435779816513762,0.4613861386138614,0.0154440154440154,0.011090573012939,0.3933823529411764,0,0.5223214285714286
Dave Ball,0.2591463414634146,0.4201934703748488,0.4308992154496077,0.3889219773674806,0.7391826923076923,0.7655502392344498,0,0.8539458186101295
Dave Brown,0.5477178423236515,0.8622047244094488,0.9338235294117648,0.9303135888501742,0.9108910891089108,0.7668711656441718,0,0.5642201834862385
Dave Butz,0.0955882352941176,0.0766550522648083,0.1287128712871287,0.4662576687116564,0.7844036697247706,0.9287128712871288,0,0.8803088803088803
Dave Duerson,0.2046332046332046,0.5582255083179297,0.9430147058823528,0.9717261904761904,0.9679245283018868,0.874296435272045,0,0.774859287054409
Dave Elmendorf,0.3795620437956204,0.6264367816091954,0.6984924623115578,0.9607843137254902,0.968609865470852,0.970954356846473,0,0.7283464566929134
Dave Moore,0.2848525469168901,0.3107849393746011,0.3294190358467243,0.2298780487804878,0.1469165659008464,0.2818346409173204,1,
Dave Rayner,0.0918984280532043,0.3717561858780929,0.3805836807623585,0.3677884615384615,0.1160287081339712,0.1472320376914016,0,0.1937046004842615
Dave Thomas,0.3012048192771084,0.628140703517588,0.8322475570032574,0.8346333853354134,0.8808823529411764,0.7928954423592494,1,
Dave Tollefson,0.3496128648004765,0.6231971153846154,0.659688995215311,0.7614840989399293,0.8020581113801453,0.7874396135265701,1,
Dave Washington,0.1240875912408759,0.2471264367816092,0.2763819095477386,0.6617647058823529,0.6412556053811659,0.6307053941908713,0,0.4094488188976378
Dave Waymer,0.5122699386503068,0.4839449541284403,0.4118811881188118,0.388030888030888,0.634011090573013,0.8933823529411765,0,0.9523809523809524
Dave Zastudil,0.0727504786215698,0.1279357231149567,0.1115853658536585,0.1185006045949214,0.048280024140012,0.0446694460988683,0,0.0372596153846153
David Akers,0.3911764705882353,0.4088471849865951,0.4333120612635609,0.4289245982694685,0.3640243902439024,0.2769044740024183,0,0.2154496077248038
David Amerson,0.7591372079089275,0.800834824090638,0.9181008902077152,0.886217008797654,0.8860981308411215,0.7781065088757396,1,
David Anderson,0.1436330718165359,0.5068493150684932,0.5240384615384616,0.5233253588516746,0.555359246171967,0.5351089588377724,1,
David Bakhtiari,0.1282051282051282,0.0694362017804154,0.1196480938416422,0.0420560747663551,0.1159763313609467,0.1502683363148479,0,0.2243589743589743
David Barrett,0.5742647058823529,0.7808310991957105,0.8902361199744735,0.9177997527812114,0.9158536585365854,0.9232164449818622,0,0.931804465902233
David Binn,0.3102941176470588,0.3331099195710456,0.400765794511806,0.4530284301606922,0.4310975609756097,0.3978234582829504,0,0.4930597465298733
David Bowens,0.095163806552262,0.6477941176470589,0.7124664879356568,0.7389917038927888,0.6644004944375772,0.8158536585365853,0,0.8633615477629988
David Brandon,0.5272045028142589,0.9423791821561338,0.8975332068311196,0.718336483931947,0.0921501706484641,0.1342512908777969,0,0.1842546063651591
David Bruton,0.5442583732057417,0.5959952885747939,0.6089588377723971,0.6086956521739131,0.6267225883762733,0.6994633273703041,0,0.8344213649851632
David DeCastro,0.1068840579710145,0.1378070701018574,0.2128801431127012,0.2902077151335311,0.2944281524926686,0.3171728971962617,0,0.2775147928994083
David Diehl,0.5339925834363412,0.5390243902439025,0.5423216444981862,0.3005431502715751,0.3192376414532459,0.3179086538461538,0,0.3379186602870813
David Frye,0.2178217821782178,0.4034749034749035,0.5914972273567468,0.4834558823529412,0.5178571428571429,0.1226415094339622,0,0.1369606003752345
David Fulcher,0.3419117647058823,0.7485119047619048,0.918867924528302,0.9812382739212008,0.9831144465290806,0.9924953095684804,0,0.9572490706319704
David Galloway,0.1192660550458715,0.5445544554455446,0.5965250965250966,0.678373382624769,0.6764705882352942,0.6681547619047619,0,0.4773584905660377
David Harris,0.8070279928528886,0.8725961538461539,0.9760765550239234,0.9646643109540636,0.9891041162227604,0.9746376811594204,0,0.9700419412822048
David Hawthorne,0.4146634615384615,0.8349282296650717,0.9411071849234394,0.9903147699757868,0.9619565217391304,0.9358897543439184,0,0.8640429338103757
David Howard,0.056985294117647,0.2157738095238095,0.2943396226415094,0.2401500938086304,0.2514071294559099,0.0525328330206379,0,0.1189591078066914
David Irving,0.4789317507418397,0.7912023460410558,0.8866822429906542,0.8733727810650888,0.7209302325581395,0.458041958041958,1,
David Johnson,0.2124629080118694,0.2428152492668621,0.2809384164222874,0.2032710280373831,0.2739644970414201,0.2850327966607036,0,0.2931235431235431
David Jones,0.1620011911852293,0.5582932692307693,0.5843301435406698,0.6484098939929329,0.5805084745762712,0.5815217391304348,1,
David Little,0.0231660231660231,0.1127541589648798,0.1378676470588235,0.2842261904761904,0.1075471698113207,0.2870544090056285,0,0.425891181988743
David Macklin,0.6176470588235294,0.7593833780160858,0.8462029355456286,0.8442521631644005,0.8926829268292683,0.914752116082225,0,0.912492456246228
David Martin2,0.3411528150134048,0.3803446075303127,0.5686032138442522,0.6158536585365854,0.6118500604594922,0.5353047676523838,0,0.1274568195354377
David Mayo,0.4231454005934718,0.5026392961876833,0.5794392523364486,0.6011834319526628,0.7262969588550984,0.7657342657342657,0,0.780333525014376
David Patten,0.3102941176470588,0.2607238605898123,0.2973835354179961,0.2058096415327565,0.2359756097560975,0.1644498186215235,0,0.1617380808690404
David Stewart,0.1695835847917924,0.2185824895771292,0.2638221153846153,0.263755980861244,0.2703180212014134,0.2905569007263922,0,0.2228260869565217
David Tate,0.3320754716981132,0.448405253283302,0.5046904315196998,0.4296435272045028,0.2657992565055762,0.396584440227704,0,0.4877126654064272
David Terrell,0.4308823529411765,0.4269436997319035,0.4390080428954424,0.6777281429483089,0.6792336217552534,0.6773794808405439,0,0.4695121951219512
David Thornton,0.5545628589661774,0.757725587144623,0.8786585365853659,0.9274486094316808,0.9149064574532288,0.9332936271590232,0,0.9224759615384616
David Tyree,0.4480840543881335,0.4914634146341463,0.5441354292623942,0.5437537718768859,0.543776057176891,0.4825721153846153,0,0.520933014354067
David Wyman,0.4377358490566038,0.4446529080675422,0.6454033771106942,0.2776735459662289,0.258364312267658,0.3870967741935484,1,
Davin Joseph,0.0941460470730235,0.2048838594401429,0.2139423076923076,0.2751196172248804,0.1472320376914016,0.1937046004842615,1,
Davon House,0.1035108958837772,0.5356280193236715,0.6908328340323547,0.7579010137149672,0.8718100890207715,0.8457478005865102,0,0.8539719626168224
Davone Bess,0.0757211538461538,0.104066985645933,0.2703180212014134,0.2354721549636803,0.2548309178743961,0.1791491911324146,1,
Dawan Landry,0.820156910078455,0.8713519952352591,0.875,0.8785885167464115,0.9275618374558304,0.9794188861985472,0,0.94987922705314
Daylon McCutcheon,0.1435257410296412,0.7036764705882353,0.8652815013404825,0.8819400127632419,0.8899876390605687,0.8152439024390243,0,0.8476420798065296
DeAndre Houston-Carson,0.306158357771261,0.4433411214953271,0.4946745562130177,0.4919499105545617,0.5891608391608392,0.6877515813686026,0,0.7589498806682577
DeAndre Levy,0.6740430622009569,0.8274440518256773,0.902542372881356,0.9227053140096618,0.9676452965847812,0.9827072152653548,0,0.9483679525222553
DeAngelo Hall,0.7018292682926829,0.880894800483676,0.9535304767652384,0.969029184038118,0.958533653846154,0.9503588516746412,0,0.978798586572438
DeAngelo Williams,0.0941460470730235,0.1399642644431209,0.2409855769230769,0.2673444976076555,0.2208480565371024,0.137409200968523,0,0.1739130434782608
DeMarco Murray,0.1630434782608695,0.1977231875374475,0.3088849135360763,0.2789317507418398,0.2346041055718475,0.1664719626168224,1,
DeMeco Ryans,0.7730838865419433,0.8826682549136391,0.9332932692307692,0.901913875598086,0.8557126030624264,0.8177966101694916,0,0.8200483091787439
DeSean Jackson,0.125,0.2511961722488038,0.306831566548881,0.3777239709443099,0.3943236714975845,0.4074295985620131,0,0.2719141323792486
DeShawn Shead,0.1677651288196525,0.4561717352415027,0.6937685459940652,0.804692082111437,0.8031542056074766,0.6928994082840236,1,
DeVante Parker,0.1329376854599406,0.2205278592375366,0.2634345794392523,0.2088757396449704,0.2403100775193798,0.1491841491841491,0,0.2518688901667625
Deadrin Senat,0.5455621301775148,0.5330948121645797,0.5786713286713286,0.4588844163312248,0.5423627684964201,0.4742462311557789,1,
Dean Hamel,0.2957486136783734,0.28125,0.4032738095238095,0.0962264150943396,0.2551594746716698,0.3545966228893058,1,
Dean Marlowe,0.3585798816568047,0.4502087060226595,0.7319347319347319,0.7952846463484762,0.7875894988066826,0.6846733668341709,1,
Dean Wells,0.3769363166953528,0.5879396984924623,0.7361563517915309,0.7535101404056163,0.861764705882353,0.8424932975871313,1,
Dee Ford,0.5128205128205128,0.6504451038575668,0.8346041055718475,0.8644859813084113,0.9751479289940828,0.9666070363744782,0,0.953962703962704
Deion Branch,0.0727504786215698,0.2354758961681087,0.2176829268292683,0.3518742442563482,0.5588412794206397,0.5759380583680762,0,0.5691105769230769
Deion Sanders,0.3752345215759849,0.7842401500938087,0.9737335834896812,0.9795539033457248,0.969639468690702,0.9678638941398866,0,0.9368600682593856
Deke Cooper,0.1289087428206764,0.6495673671199012,0.7731707317073171,0.8216444981862152,0.7465298732649366,0.7778439547349613,1,
Dekoda Watson,0.508833922261484,0.6912832929782082,0.7391304347826086,0.8238466147393649,0.751937984496124,0.7032640949554896,0,0.6363636363636364
Delanie Walker,0.2930315664085765,0.4675480769230769,0.5316985645933014,0.5500588928150766,0.5526634382566586,0.5410628019323671,0,0.536249251048532
Delles Howell,0.6363636363636364,0.9197080291970804,0.8735632183908046,0.8894472361809045,0.75,0.8026905829596412,1,
Deltha O'Neal,0.4029411764705882,0.8163538873994638,0.93107849393746,0.9437577255871448,0.9195121951219511,0.9310761789600968,0,0.9456849728424864
Delton Hall,0.6800595238095238,0.569811320754717,0.7148217636022514,0.3302063789868668,0.348968105065666,0.2788104089219331,1,
Demar Dotson,0.1068840579710145,0.1378070701018574,0.2128801431127012,0.1489614243323442,0.1196480938416422,0.1226635514018691,1,
Demarcus Faggins,0.0727504786215698,0.4641532756489493,0.7310975609756097,0.7599758162031439,0.8605914302957152,0.833234067897558,0,0.8185096153846154
Demarcus Ware,0.7605804111245466,0.9662039831019916,0.9982132221560452,1.0,0.999401913875598,0.9988221436984688,0,0.9975786924939468
Demaryius Thomas,0.3421672555948174,0.3280871670702179,0.3774154589371981,0.2043139604553625,0.3136553369111509,0.3388724035608308,0,0.3560117302052786
Demetric Evans,0.5134048257372654,0.5373324824505424,0.5389369592088998,0.6012195121951219,0.6765417170495768,0.7097163548581774,0,0.6998213222156046
Demetrius Harris,0.3275964391691394,0.5947214076246334,0.5876168224299065,0.598224852071006,0.381633870005963,0.5454545454545454,0,0.5554916618746406
Demorrio Williams,0.6225609756097561,0.8210399032648126,0.936028968014484,0.9487790351399644,0.9170673076923076,0.868421052631579,0,0.823321554770318
Denard Walker,0.4137353433835846,0.6140065146579805,0.7363494539781591,0.8330882352941177,0.8558981233243967,0.8232291001914487,0,0.8145859085290482
Dennis Brown,0.1969981238273921,0.3921200750469043,0.5278810408921933,0.6242884250474383,0.6540642722117203,0.6808873720136519,0,0.5593803786574871
Dennis Gibson,0.5282738095238095,0.6660377358490566,0.7823639774859287,0.5609756097560976,0.2701688555347092,0.0594795539033457,0,0.4060721062618596
Dennis Harrison,0.1580882352941176,0.1463414634146341,0.2013201320132013,0.0552147239263803,0.7477064220183486,0.8673267326732673,0,0.9671814671814672
Dennis Johnson1,0.3273542600896861,0.4481327800829875,0.4173228346456692,0.0845588235294117,0.0278745644599303,0.0462046204620462,0,0.0552147239263803
Dennis Northcutt,0.3102941176470588,0.5274798927613941,0.5366943203573707,0.5383189122373301,0.3426829268292683,0.3851269649334946,0,0.3663246831623415
Dennis Pitta,0.1012956419316843,0.3286924939467312,0.4003623188405797,0.4104254044337927,0.1890280262373285,0.0528189910979228,0,0.1008797653958944
Dennis Smith,0.2730061349693251,0.4862385321100917,0.6415841584158416,0.5463320463320464,0.5933456561922366,0.4503676470588235,0,0.5610119047619048
Dennis Thurman,0.3088235294117647,0.3693379790940767,0.8613861386138614,0.9754601226993864,0.9954128440366972,0.99009900990099,0,0.9691119691119692
Dennis Winston,0.2165354330708661,0.2169117647058823,0.6236933797909407,0.5742574257425742,0.5214723926380368,0.5871559633027523,0,0.7306930693069307
Deon Figures,0.4326375711574952,0.5708884688090737,0.5955631399317406,0.4905335628227194,0.5695142378559463,0.6579804560260586,1,
Deon Grant,0.7774798927613941,0.8774728781110402,0.9363411619283064,0.9103658536585366,0.9087061668681984,0.884127942063971,0,0.9118522930315665
Deone Bucannon,0.7185450208706022,0.9305637982195846,0.963049853372434,0.9766355140186916,0.9023668639053254,0.8604651162790697,1,
Derek Carr,0.1282051282051282,0.1845697329376854,0.1941348973607038,0.1664719626168224,0.129585798816568,0.1192605843768634,0,0.1165501165501165
Derek Carrier,0.2409063804412641,0.3673590504451038,0.4087976539589443,0.3913551401869158,0.4514792899408284,0.4645199761478831,0,0.4807692307692308
Derek Hagan,0.3705491852745926,0.535437760571769,0.5402644230769231,0.5532296650717703,0.4581861012956419,0.4612590799031477,0,0.3725845410628019
Derek Landri,0.4192972007147111,0.5829326923076923,0.6303827751196173,0.7379269729093051,0.7336561743341404,0.7349033816425121,0,0.6674655482324745
Derek Rackley,0.175,0.0509383378016085,0.2284620293554563,0.2354758961681087,0.2676829268292683,0.1469165659008464,0,0.2154496077248038
Derek Smith,0.1038525963149078,0.1205211726384364,0.1965678627145085,0.6698529411764705,0.8156836461126006,0.8736439055520102,0,0.9004944375772559
Derek Watt,0.3536656891495601,0.459696261682243,0.4952662721893491,0.5140131186642815,0.502913752913753,0.5175388154111559,0,0.4588305489260143
Derek Wolfe,0.6696859903381642,0.762133013780707,0.8002385211687537,0.7928783382789317,0.8304985337243401,0.8463785046728972,0,0.8266272189349112
Derland Moore,0.0653266331658291,0.0784313725490196,0.0941704035874439,0.0165975103734439,0.0275590551181102,0.0183823529411764,0,0.0278745644599303
Deron Cherry,0.1380368098159509,0.0779816513761468,0.7168316831683168,0.9208494208494208,0.9907578558225508,0.9963235294117648,0,0.9851190476190476
Derreck Robinson,0.2212817412333736,0.5395292697646349,0.5598570577724836,0.5588942307692307,0.3564593301435406,0.5394581861012956,1,
Derrick Alexander,0.0972696245733788,0.1790017211703958,0.2998324958123953,0.4446254071661237,0.4570982839313572,0.6705882352941176,0,0.542225201072386
Derrick Brooks,0.4180887372013652,0.6660929432013769,0.897822445561139,0.9381107491856676,0.984399375975039,1.0,0,0.9973190348525468
Derrick Burgess,0.6595174262734584,0.6643267389917039,0.6681087762669963,0.5829268292682926,0.8814993954050786,0.9511164755582378,0,0.9761762954139368
Derrick Coleman,0.3499101258238466,0.381633870005963,0.4504451038575667,0.4404692082111437,0.5035046728971962,0.4958579881656805,1,
Derrick Dockery,0.0797280593325092,0.0512195121951219,0.0411124546553808,0.0941460470730235,0.1399642644431209,0.1550480769230769,0,0.2117224880382775
Derrick Gibson,0.5455764075067024,0.6426292278238672,0.7812113720642769,0.7591463414634146,0.750906892382104,0.611949305974653,1,
Derrick Johnson,0.5761789600967352,0.6523579201934704,0.6487628243814122,0.5769462884731442,0.7474687313877308,0.8359375,0,0.944976076555024
Derrick Martin2,0.3331321665660833,0.6360929124478857,0.6370192307692307,0.6608851674641149,0.6130742049469965,0.6150121065375302,0,0.606280193236715
Derrick Mason,0.1890080428954423,0.144862795149968,0.1501854140914709,0.2439024390243902,0.3458282950423216,0.3500301750150875,0,0.3585467540202501
Derrick Morgan,0.489399293286219,0.6180387409200968,0.8049516908212561,0.8705811863391252,0.936195587358378,0.912759643916914,0,0.92316715542522
Derrick Ransom,0.0889235569422776,0.4705882352941176,0.6689008042895442,0.7026164645820038,0.7101359703337453,0.6097560975609756,1,
Derrick Rodgers,0.5845896147403685,0.7100977198697068,0.7878315132605305,0.8308823529411765,0.8324396782841823,0.8647096362476069,0,0.892459826946848
Derrick Shelby,0.4076086956521739,0.7052127022168964,0.7918902802623733,0.9056379821958456,0.8568914956011731,0.8387850467289719,0,0.6136094674556213
Derrick Thomas,0.525328330206379,0.8574108818011257,0.9906191369606004,0.9981412639405204,1.0,0.994328922495274,0,0.9744027303754266
Derrick Ward,0.3475609756097561,0.4467956469165659,0.464091732045866,0.4365693865396069,0.2932692307692308,0.2314593301435406,1,
Deshaun Watson,0.1921728971962616,0.2437869822485207,0.2880143112701252,0.2243589743589743,0.1765382403680276,0.1616945107398568,1,
Deshazor Everett,0.456973293768546,0.5765395894428152,0.7213785046728972,0.7816568047337278,0.7567084078711985,0.7185314685314685,0,0.6354226566992525
Deshea Townsend,0.6,0.7164879356568364,0.7989789406509253,0.8411619283065513,0.926219512195122,0.939540507859734,0,0.9263729631864815
Desmond Bishop,0.4234663490172722,0.6856971153846154,0.7422248803827751,0.9157832744405182,0.9497578692493946,0.9281400966183576,0,0.8046734571599761
Desmond Bryant,0.6220095693779905,0.690223792697291,0.7960048426150121,0.8170289855072463,0.8394248052726183,0.8461538461538461,0,0.8629080118694362
Desmond Clark,0.3419117647058823,0.3029490616621983,0.3611997447351627,0.3702101359703337,0.3804878048780488,0.5223700120918985,0,0.5147857573928787
Desmond Trufant,0.731575793888556,0.8425760286225402,0.9062314540059347,0.9173020527859238,0.929322429906542,0.9047337278106508,0,0.8968395945140131
Deuce McAllister,0.2969168900804289,0.2871729419272495,0.3739184177997527,0.2963414634146341,0.307738814993954,0.2607121303560651,0,0.240023823704586
Devery Henderson,0.0918984280532043,0.1188895594447797,0.1852293031566408,0.2409855769230769,0.3235645933014354,0.306831566548881,0,0.2905569007263922
Devin Hester,0.3789981894990947,0.391304347826087,0.4056490384615384,0.2200956937799043,0.2208480565371024,0.059322033898305,0,0.1998792270531401
Devin McCourty,0.8221436984687868,0.8995157384987893,0.9704106280193237,0.9131216297183944,0.924865831842576,0.8783382789317508,0,0.8909090909090909
Devon Kennard,0.7298747763864043,0.7869436201780415,0.8785923753665689,0.860981308411215,0.8875739644970414,0.928443649373882,0,0.907925407925408
Devonta Freeman,0.2957662492546213,0.3418397626112759,0.3612903225806451,0.2914719626168224,0.1893491124260355,0.3381037567084078,0,0.2587412587412587
Devontae Booker,0.1008797653958944,0.2248831775700934,0.4041420118343195,0.4084675014907573,0.4085081585081585,0.3657274295572167,1,
Dewayne Robertson,0.5933250927070457,0.7384146341463415,0.8222490931076178,0.8690404345202173,0.878499106611078,0.8335336538461539,1,
Dewayne Washington,0.6238185255198487,0.7474402730375427,0.8605851979345955,0.7470686767169179,0.9267100977198696,0.8970358814352574,0,0.9551470588235296
Dewayne White,0.399876390605686,0.6664634146341464,0.8295042321644498,0.9384429692214846,0.9779630732578916,0.9825721153846154,0,0.94377990430622
Dexter Coakley,0.5041876046901173,0.7182410423452769,0.9001560062402496,0.9257352941176472,0.9571045576407506,0.9476707083599234,0,0.969097651421508
Dexter Davis,0.1728624535315985,0.1707779886148007,0.1776937618147448,0.0784982935153583,0.0774526678141136,0.0770519262981574,0,0.0684039087947882
Dexter Jackson,0.5345588235294118,0.8203753351206434,0.9151244416081684,0.9728059332509272,0.928658536585366,0.8802902055622733,0,0.8219674109837055
Dexter Manley,0.3990825688073394,0.700990099009901,0.8957528957528957,0.9316081330868762,0.9522058823529412,0.90625,0,0.8245283018867925
Dexter McCleon,0.1139028475711892,0.265472312703583,0.4726989079563182,0.8602941176470589,0.9168900804289544,0.8947032546266752,0,0.8949320148331273
Dexter McCluster,0.2560532687651332,0.3743961352657005,0.4056321150389455,0.2480620155038759,0.1643916913946587,0.1888563049853372,1,
Dez Bryant,0.5282685512367491,0.5151331719128329,0.533816425120773,0.3571000599161174,0.3070960047704233,0.2658753709198813,0,0.1695014662756598
Dhani Jones,0.5898123324396782,0.7306955966815571,0.8677379480840544,0.8981707317073171,0.8760580411124547,0.8177429088714544,0,0.8445503275759381
Dick Anderson,0.98989898989899,0.9708029197080292,0.971264367816092,0.9748743718592964,0.9509803921568628,0.8834080717488789,0,0.3900414937759336
Dick Jauron,0.8140703517587939,0.8480392156862745,0.9327354260089686,0.7053941908713693,0.7834645669291339,0.8051470588235294,0,0.9198606271777005
Dimitri Patterson,0.5362756952841596,0.5359082679541339,0.5717689100655152,0.4837740384615384,0.6022727272727273,0.8003533568904594,0,0.8002421307506054
Dino Hackett,0.3897058823529412,0.7559523809523809,0.9018867924528302,0.7636022514071295,0.6397748592870544,0.4146341463414634,1,
Dino Mangiero,0.1023102310231023,0.0766871165644171,0.1215596330275229,0.5108910891089109,0.4594594594594595,0.4066543438077634,0,0.0330882352941176
Dion Jordan,0.5889754343918514,0.6261180679785331,0.626706231454006,0.509090909090909,0.6577102803738317,0.7402366863905325,0,0.7626714370900417
Dion Lewis,0.1035108958837772,0.1165458937198067,0.1180347513481126,0.0429338103756708,0.0409495548961424,0.039882697947214,0,0.0420560747663551
Dirk Johnson,0.0797280593325092,0.1310975609756097,0.1958887545344619,0.208207604103802,0.1852293031566408,0.2001201923076923,0,0.263755980861244
Dixon Edwards,0.3114446529080675,0.2973977695167286,0.4857685009487666,0.5236294896030246,0.537542662116041,0.6196213425129088,0,0.6415410385259631
Domata Peko,0.6288473144236573,0.7248362120309708,0.7944711538461539,0.7559808612440191,0.7538280329799765,0.7530266343825666,0,0.8031400966183575
Domenik Hixon,0.4520547945205479,0.4879807692307692,0.5185406698564593,0.4593639575971731,0.3698547215496368,0.0440821256038647,0,0.2240862792091072
Dominic Raiola,0.1289087428206764,0.1915945611866502,0.2298780487804878,0.1469165659008464,0.3258901629450815,0.3186420488385944,0,0.3167067307692308
Dominic Rhodes,0.1890080428954423,0.144862795149968,0.2107540173053152,0.1310975609756097,0.1958887545344619,0.208207604103802,0,0.1155449672424061
Dominique Rodgers-Cromartie,0.7878605769230769,0.916267942583732,0.9705535924617196,0.9073849878934624,0.8623188405797102,0.8603954463750749,0,0.8956469886702445
Domonique Foxworth,0.7061668681983071,0.8267954133977067,0.8588445503275759,0.7974759615384616,0.8163875598086124,0.7744405182567726,0,0.7100484261501211
Don Blackmon,0.6857798165137615,0.80990099009901,0.859073359073359,0.8262476894639557,0.9136029411764706,0.8809523809523809,1,
Don Carey,0.6325088339222615,0.6343825665859564,0.7681159420289855,0.7567405632115038,0.791293977340489,0.7086053412462908,0,0.7161290322580646
Don Davis,0.4941176470588235,0.6280160857908847,0.7415443522654754,0.734857849196539,0.7121951219512195,0.6257557436517533,0,0.6167773083886542
Don Dufek,0.3031496062992126,0.2977941176470588,0.2857142857142857,0.0462046204620462,0.0552147239263803,0.4357798165137614,0,0.497029702970297
Don Goode,0.2645739910313901,0.7385892116182573,0.7401574803149606,0.6580882352941176,0.1707317073170731,0.2277227722772277,0,0.7791411042944786
Don Griffin,0.3069852941176471,0.6473214285714286,0.5792452830188679,0.5816135084427767,0.5684803001876173,0.776735459662289,0,0.8308550185873605
Don McNeal,0.4785478547854785,0.3680981595092024,0.7270642201834863,0.4514851485148515,0.5482625482625483,0.2809611829944547,0,0.3860294117647059
Don Muhlbach,0.0975609756097561,0.2031438935912938,0.2486421243210621,0.2787373436569386,0.3118990384615384,0.5340909090909091,0,0.5471142520612485
Donald Brown,0.0873205741626794,0.1472320376914016,0.1937046004842615,0.1340579710144927,0.2846015578190533,0.3840190816935003,0,0.43026706231454
Donald Butler,0.7984261501210653,0.910024154589372,0.9550629119233074,0.9314251639833036,0.8771513353115727,0.8211143695014663,1,
Donald Driver,0.3102941176470588,0.4242627345844504,0.5398851308232291,0.5395550061804697,0.5176829268292683,0.4147521160822249,0,0.4188292094146047
Donald Evans,0.2101313320825516,0.3470919324577861,0.6412639405204461,0.713472485768501,0.7353497164461248,0.6450511945392492,1,
Donald Frank,0.1801125703564728,0.4971857410881801,0.7193308550185874,0.8538899430740038,0.7504725897920604,0.764505119453925,1,
Donald Lee,0.1506097560975609,0.3331318016928657,0.4526252263126131,0.4425253126861227,0.4182692307692308,0.1722488038277512,0,0.2114252061248527
Donald Penn,0.1042287075640262,0.1905048076923076,0.2673444976076555,0.2208480565371024,0.259685230024213,0.25,0,0.2540443379269023
Donald Strickland,0.6909765142150803,0.7085365853658536,0.7442563482466747,0.6028968014484007,0.6325193567599762,0.6610576923076923,0,0.7266746411483254
Donnell Thompson,0.2614678899082568,0.403960396039604,0.4845559845559845,0.5637707948243993,0.6397058823529411,0.8095238095238095,0,0.779245283018868
Donnell Woolford,0.2270168855534709,0.4709193245778612,0.6885553470919324,0.8568773234200744,0.8500948766603416,0.8922495274102079,0,0.7952218430034129
Donnie Abraham,0.4509466437177281,0.6800670016750419,0.8029315960912052,0.904836193447738,0.9669117647058824,0.989946380697051,0,0.955966815571155
Donnie Avery,0.180889423076923,0.208133971291866,0.2243816254416961,0.0405569007263922,0.1630434782608695,0.1252246854403834,0,0.2665474060822898
Donnie Edwards,0.1755593803786574,0.6532663316582915,0.8892508143322475,0.9953198127925116,0.9955882352941176,0.9919571045576407,0,0.9853222718570516
Donnie Jones,0.0975609756097561,0.2460701330108827,0.2896801448400724,0.228707564026206,0.1844951923076923,0.2033492822966507,0,0.2756183745583039
Donnie Nickey,0.3182941903584672,0.5560975609756098,0.5840386940749698,0.6022933011466506,0.5616438356164384,0.5673076923076923,0,0.5598086124401914
Donnie Shell,0.0784313725490196,0.3094170403587444,0.4356846473029045,0.5433070866141733,0.6176470588235294,0.7560975609756098,0,0.9405940594059404
Donnie Spragan,0.5335035098915124,0.6619283065512979,0.7835365853658537,0.8355501813784765,0.8539529269764635,0.8189398451459202,1,
Donovan McNabb,0.0797280593325092,0.3073170731707317,0.3228536880290205,0.3029571514785757,0.1042287075640262,0.1905048076923076,0,0.2673444976076555
Donovin Darius,0.4617784711388455,0.850735294117647,0.910857908847185,0.8883216336949585,0.8912237330037083,0.9652439024390244,0,0.9328899637243048
Dont'a Hightower,0.6582125603864735,0.7825044937088077,0.8884913536076327,0.8824925816023739,0.8897360703812317,0.8160046728971962,0,0.823076923076923
Dontae Johnson,0.6601073345259392,0.6890207715133532,0.7278592375366569,0.7832943925233645,0.7568047337278107,0.7364341085271318,0,0.5472027972027972
Dontari Poe,0.538647342995169,0.7088076692630317,0.8014311270125224,0.8367952522255193,0.8281524926686217,0.8119158878504673,0,0.7544378698224852
Donte Whitner,0.6982498491249246,0.8260869565217391,0.8804086538461539,0.9066985645933014,0.941696113074205,0.971549636803874,0,0.9770531400966184
Donte' Curry,0.3411528150134048,0.6528398213146139,0.6687268232385661,0.6853658536585366,0.6033857315598549,0.6149668074834037,0,0.6057176891006552
Donte' Stallworth,0.1914486279514997,0.2354758961681087,0.3530487804878048,0.3911729141475211,0.4061557030778515,0.3722453841572364,0,0.2878605769230769
Dontrelle Inman,0.1329376854599406,0.3671554252199413,0.3580607476635514,0.3378698224852071,0.0363744782349433,0.1829836829836829,1,
Doug Baldwin,0.1658595641646489,0.2814009661835748,0.3223487118034751,0.2599880739415623,0.1489614243323442,0.1196480938416422,0,0.2476635514018691
Doug Evans,0.2770398481973434,0.5879017013232514,0.8054607508532423,0.955249569707401,0.949748743718593,0.9104234527687296,0,0.750390015600624
Doug Martin,0.1068840579710145,0.1378070701018574,0.1419200954084675,0.2967359050445103,0.2604105571847507,0.2476635514018691,0,0.1159763313609467
Doug Martin~,0.6169724770642202,0.6673267326732674,0.5945945945945946,0.3364140480591497,0.2886029411764705,0.5639880952380952,0,0.4584905660377358
Doug Nettles,0.0784313725490196,0.0941704035874439,0.1161825726141078,0.2519685039370078,0.3161764705882353,0.5121951219512195,1,
Doug Plank,0.3228699551569506,0.6514522821576764,0.8385826771653543,0.7316176470588235,0.6724738675958188,0.5841584158415841,1,
Doug Reed,0.1428571428571428,0.3752310536044362,0.5698529411764706,0.7038690476190477,0.5886792452830188,0.5028142589118199,0,0.4333958724202627
Doug Smith,0.0277264325323475,0.0735294117647058,0.3511904761904761,0.330188679245283,0.3133208255159475,0.3020637898686679,0,0.1332082551594746
Drayton Florence,0.453646477132262,0.7073170731707317,0.7678355501813785,0.852142426071213,0.8379988088147707,0.8311298076923077,0,0.8074162679425837
Dre Kirkpatrick,0.2669082125603865,0.7339724385859796,0.83840190816935,0.8694362017804155,0.8633431085043989,0.901285046728972,0,0.8840236686390532
Dre' Bly,0.3666146645865835,0.7823529411764706,0.922922252010724,0.9144862795149968,0.9555006180469716,0.9457317073170732,0,0.9613059250302296
Drew Bennett,0.3250670241286863,0.3541799617102744,0.3572311495673671,0.3048780487804878,0.3385731559854897,0.3916716958358479,0,0.3877307921381774
Drew Brees,0.0727504786215698,0.1279357231149567,0.1115853658536585,0.1789600967351874,0.1092335546167773,0.2805241215008934,0,0.2836538461538461
Drew Coleman,0.6010863005431503,0.6450268016676594,0.6905048076923077,0.6423444976076556,0.8457008244994111,0.921912832929782,1,
Drew Stanton,0.0873205741626794,0.1012956419316843,0.059322033898305,0.0440821256038647,0.0437387657279808,0.1282051282051282,0,0.1845697329376854
Duane Bickett,0.4639556377079482,0.8272058823529411,0.980654761904762,0.979245283018868,0.9737335834896812,0.9174484052532832,0,0.8799249530956847
Duane Brown,0.2253605769230769,0.3397129186602871,0.35924617196702,0.2294188861985472,0.0513285024154589,0.1677651288196525,0,0.1449016100178891
Duane Clemons,0.4254606365159128,0.5635179153094463,0.8174726989079563,0.9205882352941176,0.9644772117962468,0.93490746649649,0,0.934487021013597
Duane Starks,0.4869706840390879,0.7207488299531981,0.9492647058823528,0.9624664879356568,0.9406509253350352,0.8473423980222496,0,0.8268292682926829
Dunta Robinson,0.8792682926829268,0.9353083434099152,0.9698249849124924,0.874329958308517,0.8395432692307693,0.7864832535885168,0,0.7932862190812721
Duron Harmon,0.6842420611144397,0.7692307692307693,0.8498516320474777,0.849266862170088,0.8796728971962616,0.8810650887573964,0,0.8753726893261777
Dustin Colquitt,0.1390568319226118,0.1804465902232951,0.1715306730196545,0.0865384615384615,0.0873205741626794,0.2373380447585394,0,0.3190072639225181
Dustin Hopkins,0.2124629080118694,0.1988269794721407,0.1921728971962616,0.1159763313609467,0.257602862254025,0.3024475524475524,0,0.3588269120184014
Dwaine Board,0.2018348623853211,0.7663366336633664,0.9285714285714286,0.9704251386321626,0.90625,0.8452380952380952,1,
Dwan Edwards,0.0975609756097561,0.5707376058041113,0.5781532890766445,0.6896962477665277,0.6328125,0.756578947368421,0,0.8168433451118964
Dwayne Allen,0.1068840579710145,0.0575194727381665,0.5378652355396542,0.5270029673590505,0.5378299120234604,0.1921728971962616,0,0.2011834319526627
Dwayne Bowe,0.1620011911852293,0.2439903846153846,0.2793062200956938,0.2208480565371024,0.137409200968523,0.2638888888888889,0,0.2648292390653086
Dwayne Gordon,0.1757679180887372,0.1617900172117039,0.4489112227805695,0.6384364820846905,0.6864274570982839,0.8066176470588236,1,
Dwayne Harper,0.1528301886792452,0.399624765478424,0.6529080675422139,0.8442776735459663,0.933085501858736,0.8690702087286527,0,0.7901701323251418
Dwayne Harris,0.322463768115942,0.5290593169562612,0.5456171735241503,0.5311572700296736,0.5630498533724341,0.540303738317757,0,0.5828402366863905
Dwayne Rudd,0.3651591289782244,0.7003257328990228,0.8642745709828393,0.9183823529411764,0.8967828418230563,0.8219527760051053,0,0.7861557478368356
Dwayne Washington,0.330607476635514,0.393491124260355,0.430530709600477,0.3898601398601398,0.4077055779183439,0.3794749403341289,0,0.3869346733668342
Dwayne Woodruff,0.2229965156794425,0.3795379537953795,0.6319018404907976,0.8944954128440367,0.9386138613861386,0.972972972972973,0,0.9205175600739371
Dwight Freeney,0.8915124441608169,0.984548825710754,0.998780487804878,0.9975816203143894,0.987929993964997,0.963073257891602,0,0.9561298076923076
Dwight Harrison,0.7386934673366834,0.7892156862745098,0.9551569506726456,0.8506224066390041,0.8700787401574803,0.375,0,0.3554006968641115
Dwight Hicks,0.5017421602787456,0.8052805280528053,0.9938650306748468,0.9885321100917432,0.992079207920792,0.944015444015444,0,0.9611829944547134
Dwight Hollier,0.2193308550185873,0.2144212523719165,0.4083175803402646,0.2781569965870307,0.4733218588640275,0.3165829145728643,0,0.3241042345276873
Dwight Lowery,0.7481971153846154,0.84688995215311,0.947585394581861,0.9213075060532688,0.9021739130434784,0.8010784901138406,0,0.8592725104353012
Dwight Smith,0.628686327077748,0.788130185067007,0.8918417799752781,0.9518292682926828,0.9564691656590084,0.9631864815932408,0,0.9749851101846336
Dylan Cole,0.727803738317757,0.7331360946745562,0.7584973166368515,0.5641025641025641,0.6348476135710178,0.6801909307875895,0,0.6658291457286433
Dylan Gandy,0.0941460470730235,0.0589636688505062,0.0865384615384615,0.2272727272727272,0.2273262661955241,0.1779661016949152,0,0.0440821256038647
E.J. Henderson,0.5160692212608158,0.6963414634146341,0.7732769044740024,0.9076644538322268,0.9362715902322812,0.9230769230769232,0,0.8558612440191388
E.J. Junior,0.1012269938650306,0.128440366972477,0.4297029702970297,0.5096525096525096,0.6987060998151571,0.5716911764705882,0,0.6041666666666666
Earl Holmes,0.0895008605851979,0.4589614740368509,0.6742671009771987,0.6318252730109204,0.8610294117647059,0.8974530831099196,0,0.9591576260370134
Earl Little,0.1092043681747269,0.6095588235294118,0.8364611260053619,0.9106573069559668,0.9511742892459828,0.923780487804878,0,0.8343409915356711
Earl Mitchell,0.5677267373380448,0.6271186440677966,0.7053140096618358,0.7375674056321151,0.7483601669648181,0.7050445103857567,0,0.6709677419354839
Earl Thomas,0.7915194346289752,0.9055690072639224,0.9794685990338164,0.9850209706411024,0.9898628503279666,0.9869436201780416,0,0.9777126099706744
Earlie Thomas,0.8282828282828283,0.583941605839416,0.6149425287356322,0.4723618090452261,0.4215686274509804,0.6188340807174888,1,
Earnest Graham,0.0975609756097561,0.373639661426844,0.488231744115872,0.4848123883263847,0.4585336538461538,0.4754784688995215,0,0.5424028268551236
Earnest Rhone,0.2017937219730941,0.2074688796680498,0.2007874015748031,0.2022058823529411,0.3937282229965156,0.6336633663366337,0,0.8558282208588958
Ebenezer Ekuban,0.1606864274570983,0.7573529411764706,0.7835120643431636,0.7849393746011487,0.7527812113720643,0.8634146341463415,0,0.8911729141475212
Ed Dickson,0.2597173144876325,0.2808716707021791,0.3303140096618358,0.3792690233672858,0.3607632677400119,0.4065281899109792,0,0.4228739002932551
Ed McDaniel,0.1455576559546313,0.3412969283276451,0.3321858864027538,0.3316582914572864,0.3664495114006514,0.4305772230889235,0,0.7595588235294117
Ed Reed,0.795788130185067,0.945611866501854,1.0,0.996372430471584,0.9939649969824984,0.9452054794520548,0,0.9969951923076924
Ed Smith,0.1029411764705882,0.1210762331838565,0.1203319502074688,0.0275590551181102,0.0183823529411764,0.0278745644599303,0,0.0462046204620462
Eddie Anderson,0.4732142857142857,0.6075471698113207,0.953095684803002,0.9606003752345216,0.9718574108818012,0.9275092936802974,0,0.9278937381404174
Eddie Brown,0.3382352941176471,0.5291479820627802,0.5892116182572614,0.421259842519685,0.2352941176470588,0.4320557491289198,1,
Eddie Drummond,0.3707721761327377,0.4066749072929542,0.4823170731707317,0.4552599758162031,0.4628847314423657,0.3764145324597975,1,
Eddie Edwards,0.0808823529411764,0.0662020905923344,0.1122112211221122,0.0552147239263803,0.3807339449541284,0.6316831683168317,0,0.7934362934362934
Eddie Johnson1,0.0868725868725868,0.1423290203327172,0.1709558823529411,0.306547619047619,0.2773584905660377,0.2645403377110694,0,0.2270168855534709
Eddie Kennison,0.5294117647058824,0.6032171581769437,0.6043395022335674,0.5377008652657602,0.3298780487804878,0.3621523579201934,0,0.3928786964393482
Eddie Pleasant,0.1068840579710145,0.4889155182744158,0.4943351222420989,0.7465875370919881,0.7671554252199414,0.8504672897196262,0,0.7112426035502959
Eddie Robinson,0.3197026022304832,0.4667931688804554,0.44234404536862,0.6825938566552902,0.7246127366609294,0.8542713567839196,0,0.760586319218241
Eddie Royal,0.0757211538461538,0.1537081339712918,0.3021201413427561,0.2808716707021791,0.304951690821256,0.5512282804074295,0,0.5372689326177699
Edgar Jones,0.4455032757593806,0.4939903846153846,0.534688995215311,0.5865724381625441,0.5460048426150121,0.6648550724637681,0,0.6423007789095266
Edgerrin James,0.3102941176470588,0.306970509383378,0.3005743458838545,0.2558714462299135,0.2359756097560975,0.2515114873035066,0,0.2703681351840676
Edgerton Hartwell,0.3445040214477212,0.7766432673899171,0.8955500618046972,0.9548780487804878,0.8675937122128174,0.7936028968014484,1,
Edjuan Biggers,0.6095406360424028,0.6937046004842615,0.7735507246376812,0.7914919113241462,0.7465712581991651,0.6961424332344214,1,
Edmond Robinson,0.4272997032640949,0.4498533724340176,0.4602803738317757,0.2840236686390532,0.1192605843768634,0.4498834498834498,0,0.4439332949971248
Edward Jasper,0.0787269681742043,0.0863192182410423,0.0873634945397816,0.6044117647058823,0.6950402144772118,0.7428206764518187,0,0.7292954264524104
Elbert Mack,0.4362980769230769,0.6800239234449761,0.7008244994110718,0.8099273607748184,0.8242753623188406,0.8262432594367884,0,0.7084078711985689
Eli Manning,0.1620011911852293,0.1604567307692307,0.1770334928229665,0.0400471142520612,0.0405569007263922,0.0440821256038647,0,0.0437387657279808
Elijah Alexander,0.4026465028355387,0.5443686006825939,0.576592082616179,0.6298157453936348,0.752442996742671,0.6942277691107644,0,0.8029411764705883
Elijah Lee,0.5408878504672897,0.7071005917159763,0.7090041741204532,0.682983682983683,0.4905117883841288,0.5381861575178998,1,
Ellis Hobbs,0.6735187424425635,0.8135184067592034,0.9035139964264444,0.911658653846154,0.8433014354066986,0.7544169611307421,1,
Ellis Johnson,0.2337883959044368,0.2306368330464716,0.661641541038526,0.7752442996742671,0.8720748829953198,0.9102941176470588,0,0.8920911528150134
Ellis Lankster,0.2888755980861244,0.2979976442873969,0.5357142857142857,0.711352657004831,0.7369682444577591,0.6964818127608825,1,
Ellis Wyms,0.2446380697050938,0.7147415443522654,0.7762669962917181,0.7914634146341464,0.727932285368803,0.7392878696439348,0,0.7671232876712328
Elois Grooms,0.2543554006968641,0.495049504950495,0.3803680981595092,0.6972477064220184,0.6693069306930693,0.7142857142857143,0,0.4565619223659889
Elvis Dumervil,0.7447193723596862,0.9469922572960096,0.9717548076923076,0.9916267942583732,0.9363957597173144,0.9388619854721548,0,0.9190821256038648
Emmanuel Lamur,0.5,0.5098861593768724,0.7400119260584377,0.7881305637982196,0.8187683284457478,0.7254672897196262,0,0.6100591715976331
Emmanuel Sanders,0.565959952885748,0.5811138014527845,0.5948067632850241,0.5074895146794488,0.3076923076923077,0.3810089020771513,0,0.363049853372434
Emmitt Thomas,0.9191919191919192,0.9927007299270072,0.9942528735632185,0.9547738693467336,1.0,1.0,0,1.0
Ephraim Salaam,0.175,0.1595174262734584,0.177409061901723,0.145859085290482,0.1310975609756097,0.1045949214026602,0,0.156306578153289
Eric Alexander,0.2024390243902439,0.213422007255139,0.4568497284248642,0.5163787969029184,0.5252403846153846,0.5956937799043063,0,0.633097762073027
Eric Allen,0.4169811320754717,0.7185741088180112,0.8930581613508443,0.8649155722326454,0.8420074349442379,0.952561669829222,0,0.9527410207939508
Eric Barton,0.2090483619344773,0.5977941176470588,0.6957104557640751,0.8730057434588385,0.9326328800988876,0.9786585365853658,0,0.8990326481257558
Eric Berry,0.8356890459363958,0.8347457627118644,0.8768115942028986,0.9077291791491912,0.9302325581395348,0.940652818991098,0,0.9302052785923752
Eric Beverly,0.175,0.0509383378016085,0.1001914486279515,0.1279357231149567,0.1115853658536585,0.1185006045949214,1,
Eric Brown,0.3478939157566302,0.8169117647058823,0.913538873994638,0.9202297383535418,0.9332509270704572,0.8524390243902439,1,
Eric Curry,0.333965844402277,0.5387523629489603,0.674061433447099,0.5576592082616179,0.3584589614740368,0.1596091205211726,0,0.0811232449297972
Eric Davis,0.1519699812382739,0.1407129455909943,0.4907063197026022,0.7969639468690702,0.8638941398865785,0.9266211604095564,0,0.9001721170395869
Eric Decker,0.4028268551236749,0.4146489104116223,0.4565217391304347,0.4152186938286399,0.3762671437090041,0.3519287833827893,0,0.2944281524926686
Eric Dorsey,0.1264880952380952,0.4075471698113208,0.425891181988743,0.4221388367729831,0.1219512195121951,0.379182156133829,1,
Eric Fisher,0.10964649490713,0.1621943947525342,0.1489614243323442,0.1196480938416422,0.0420560747663551,0.1159763313609467,1,
Eric Frampton,0.4502680166765932,0.4855769230769231,0.6148325358851675,0.6148409893992933,0.6101694915254238,0.5966183574879227,0,0.5907729179149191
Eric Heitmann,0.0727504786215698,0.0797280593325092,0.0512195121951219,0.4607013301088271,0.4803862401931201,0.4770696843359142,0,0.3449519230769231
Eric Hicks,0.4368174726989079,0.8588235294117647,0.9316353887399464,0.9610721123165284,0.9245982694684796,0.8975609756097561,0,0.8506650544135429
Eric Hill,0.0262664165103189,0.1069418386491557,0.1350844277673546,0.0947955390334572,0.0929791271347248,0.1172022684310018,0,0.1723549488054607
Eric King,0.4879081015719468,0.5039227519613759,0.5550923168552709,0.5270432692307693,0.5370813397129187,0.5306242638398115,1,
Eric Moore,0.3270858524788392,0.432106216053108,0.5384157236450268,0.5823317307692307,0.569377990430622,0.7084805653710248,1,
Eric Moulds,0.2588235294117647,0.2158176943699732,0.3280153158902361,0.5451174289245982,0.5475609756097561,0.5483675937122128,0,0.3693421846710923
Eric Ogbogu,0.2433697347893915,0.6029411764705882,0.6494638069705094,0.5386088066368858,0.7515451174289246,0.8134146341463414,0,0.8137847642079806
Eric Reid,0.7998801677651288,0.9069767441860463,0.9448071216617212,0.910850439882698,0.8837616822429907,0.8952662721893491,0,0.932617769827072
Eric Rowe,0.5857566765578635,0.6715542521994134,0.6799065420560748,0.6177514792899408,0.7877161598091831,0.8986013986013986,0,0.9539965497412306
Eric Smith,0.6041038020519011,0.6712328767123288,0.7331730769230769,0.7344497607655502,0.7603062426383981,0.8105326876513317,0,0.8001207729468599
Eric Swann,0.1726078799249531,0.6301115241635687,0.7172675521821632,0.8563327032136105,0.8276450511945392,0.8709122203098106,0,0.8458961474036851
Eric Thomas,0.1770833333333333,0.469811320754717,0.6754221388367729,0.7035647279549718,0.5572232645403377,0.1933085501858736,0,0.3168880455407969
Eric Turner,0.6660412757973734,0.8513011152416357,0.9335863377609108,0.9754253308128544,0.931740614334471,0.9242685025817556,0,0.7889447236180904
Eric Warfield,0.2839313572542902,0.6544117647058824,0.8753351206434317,0.9125717932354818,0.9641532756489494,0.947560975609756,0,0.9516324062877872
Eric Weddle,0.6354973198332341,0.8131009615384616,0.9138755980861244,0.9593639575971732,0.9763922518159808,0.9855072463768116,0,0.9892150988615938
Eric Weems,0.180889423076923,0.4108851674641148,0.4805653710247349,0.5072639225181598,0.5694444444444444,0.6375074895146795,0,0.7036374478234944
Eric Williams,0.2095588235294117,0.3832752613240418,0.6039603960396039,0.4478527607361963,0.2660550458715596,0.0811881188118811,0,0.2567567567567567
Eric Winston,0.2167957117331745,0.2836538461538461,0.3361244019138756,0.2208480565371024,0.4642857142857143,0.4933574879227053,0,0.499700419412822
Eric Wood,0.2463768115942029,0.2480527261833433,0.3249850924269529,0.1548961424332344,0.1730205278592375,0.1226635514018691,1,
Eric Wright1,0.2852760736196319,0.4082568807339449,0.7801980198019802,0.6467181467181468,0.5822550831792976,0.119485294117647,0,0.0758928571428571
Eric Wright2,0.6515783204288267,0.8665865384615384,0.9395933014354066,0.9387514723203768,0.9098062953995156,0.8943236714975845,0,0.883762732174955
Erik Coleman,0.7878048780487805,0.8857315598548973,0.9396499698249848,0.8576533650982728,0.8930288461538461,0.909688995215311,0,0.8998822143698468
Erik Harris,0.1008797653958944,0.370911214953271,0.6923076923076923,0.9033989266547406,0.9347319347319348,0.9206440483036228,0,0.7315035799522673
Erik Howard,0.0827205882352941,0.4657738095238095,0.5264150943396226,0.6904315196998124,0.6360225140712945,0.5722326454033771,0,0.20817843866171
Erik Pears,0.1436330718165359,0.4997022036926742,0.5072115384615384,0.4922248803827751,0.0400471142520612,0.1658595641646489,0,0.2814009661835748
Erik Walden,0.4362980769230769,0.4688995215311005,0.6342756183745583,0.7941888619854721,0.8719806763285024,0.9017375674056322,0,0.8950506857483602
Erin Henderson,0.5450721153846154,0.5508373205741627,0.598939929328622,0.7318401937046005,0.8375603864734299,0.9364889155182744,0,0.8872987477638641
Ernie Conwell,0.2676470588235294,0.3485254691689008,0.3905552010210593,0.3887515451174289,0.3213414634146341,0.281136638452237,1,
Ernie Jackson,0.4827586206896552,0.7085427135678392,0.8774509803921569,0.8340807174887892,0.8049792531120332,0.5669291338582677,1,
Ernie Logan,0.150093808630394,0.1784386617100371,0.2163187855787476,0.1209829867674858,0.2150170648464164,0.1549053356282272,0,0.152428810720268
Ernie Sims,0.7284248642124321,0.8969624776652769,0.9435096153846154,0.9078947368421052,0.8462897526501767,0.8050847457627118,0,0.7940821256038647
Ervin Randle,0.2088724584103512,0.3143382352941176,0.4345238095238095,0.1094339622641509,0.2457786116322701,0.4052532833020638,1,
Esera Tuaolo,0.3789868667917448,0.3921933085501858,0.3757115749525617,0.0850661625708884,0.4726962457337884,0.5524956970740104,0,0.5829145728643216
Estus Hood,0.3492647058823529,0.4668989547038327,0.570957095709571,0.6411042944785276,0.6490825688073395,0.5168316831683168,0,0.2355212355212355
Ethan Albright,0.4632352941176471,0.4819034852546917,0.4958519463943842,0.4468479604449938,0.3603658536585366,0.3887545344619105,0,0.5178032589016295
Ethan Westbrooks,0.3899821109123434,0.6308605341246291,0.7519061583577713,0.8054906542056075,0.7585798816568048,0.6434108527131783,0,0.4685314685314685
Eugene Daniel,0.3861003861003861,0.7615526802218114,0.9117647058823528,0.925595238095238,0.8264150943396227,0.8292682926829268,0,0.7410881801125704
Eugene Lockhart,0.3030888030888031,0.7245841035120147,0.8952205882352942,0.9315476190476192,0.5981132075471698,0.8236397748592871,0,0.7617260787992496
Eugene Marve,0.5412844036697247,0.8158415841584158,0.7316602316602316,0.5009242144177449,0.4025735294117647,0.5267857142857143,0,0.6943396226415094
Eugene Robinson,0.2920517560073937,0.6268382352941176,0.918154761904762,0.9113207547169812,0.9193245778611632,0.900562851782364,0,0.9362101313320824
Eugene Sims,0.4110718492343934,0.4903147699757869,0.6660628019323671,0.7225883762732175,0.7722122838401908,0.8148367952522255,0,0.8439882697947214
Eugene Wilson,0.6866501854140915,0.8628048780487805,0.9201934703748488,0.8684369342184671,0.7790351399642644,0.7818509615384616,0,0.8546650717703349
Evan Oglesby,0.0918984280532043,0.456246228123114,0.4681357951161405,0.5697115384615384,0.5287081339712919,0.5212014134275619,1,
Evan Smith,0.1068840579710145,0.0575194727381665,0.2242098986285032,0.1548961424332344,0.1730205278592375,0.1226635514018691,0,0.1816568047337278
Evander Hood,0.4778708133971291,0.6277974087161367,0.6852300242130751,0.7427536231884058,0.7663271420011983,0.7447823494335122,0,0.6629080118694362
Everette Brown,0.666267942583732,0.784452296819788,0.7796610169491526,0.6859903381642513,0.6057519472738166,0.5980918306499702,1,
Everson Griffen,0.4057714958775029,0.6803874092009685,0.8725845410628019,0.9221090473337328,0.9576624925462136,0.9501483679525222,0,0.9853372434017597
Everson Walls,0.7914110429447853,0.9793577981651376,0.988118811881188,0.9517374517374516,0.8484288354898336,0.8161764705882353,0,0.9434523809523808
Ezekiel Ansah,0.7681246255242661,0.9075730471079309,0.9875370919881306,0.978299120234604,0.9742990654205608,0.8674556213017751,0,0.9081693500298152
Ezra Johnson,0.3922018348623853,0.7445544554455445,0.747104247104247,0.8170055452865065,0.6011029411764706,0.6428571428571429,0,0.3867924528301887
Fabian Washington,0.5695284159613059,0.7109233554616777,0.7885646217986897,0.7866586538461539,0.7230861244019139,0.6648998822143698,1,
Fakhir Brown,0.5595588235294118,0.5663538873994638,0.6222080408423739,0.6100123609394313,0.7829268292682927,0.7672309552599759,0,0.8726614363307181
Felix Wright,0.2365988909426987,0.5404411764705882,0.9449404761904762,0.9773584905660376,0.9943714821763602,0.9737335834896812,0,0.9324577861163228
Fernando Bryant,0.374414976599064,0.7264705882352941,0.7855227882037533,0.7587747287811104,0.7571075401730532,0.7701219512195122,0,0.7067714631197098
Fernando Smith,0.1979522184300341,0.6471600688468159,0.7922948073701842,0.7915309446254072,0.5756630265210608,0.6830882352941177,1,
Fletcher Cox,0.6817632850241546,0.7759137207908927,0.9028026237328562,0.968545994065282,0.9841642228739004,0.977803738317757,0,0.959171597633136
Flozell Adams,0.2588235294117647,0.131367292225201,0.0899808551372048,0.0797280593325092,0.4432926829268293,0.4516324062877871,0,0.4544357272178636
Frank Chamberlin,0.5470588235294118,0.6434316353887399,0.6841097638800255,0.6415327564894932,0.524390243902439,0.3409915356711003,1,
Frank Clark,0.6314540059347181,0.8598240469208212,0.9561915887850468,0.9923076923076924,0.9898628503279666,0.98018648018648,0,0.948821161587119
Frank Gore,0.0918984280532043,0.2444176222088111,0.3436569386539607,0.3599759615384615,0.3116028708133971,0.2756183745583039,0,0.1937046004842615
Frank LeMaster,0.7309417040358744,0.7219917012448133,0.7204724409448819,0.4742647058823529,0.4390243902439024,0.5511551155115512,0,0.3006134969325153
Frank Minnifield,0.2451737451737451,0.4713493530499076,0.6985294117647058,0.8660714285714286,0.8528301886792453,0.8630393996247655,0,0.7335834896810507
Frank Stams,0.1876172607879924,0.24953095684803,0.2682926829268293,0.0594795539033457,0.064516129032258,0.3837429111531191,1,
Frank Walker,0.6940667490729295,0.7810975609756098,0.8319226118500604,0.7380808690404346,0.6593210244192972,0.6844951923076923,0,0.7194976076555024
Frank Warren,0.0321100917431192,0.1465346534653465,0.2027027027027027,0.2846580406654344,0.3253676470588235,0.5074404761904762,0,0.3339622641509434
Frank Wattelet,0.4202453987730061,0.3486238532110092,0.6594059405940594,0.6911196911196911,0.8558225508317929,0.8511029411764706,1,
Frank Zombo,0.7226148409893993,0.7233656174334141,0.7439613526570048,0.7279808268424206,0.7370304114490162,0.7893175074183977,0,0.7782991202346041
Frankie Smith,0.1587901701323251,0.151877133105802,0.1462994836488812,0.0586264656616415,0.0684039087947882,0.1731669266770671,0,0.6330882352941176
Fred Carr,0.5555555555555556,0.4014598540145985,0.3735632183908046,0.0100502512562814,0.0784313725490196,0.4484304932735426,0,0.6390041493775933
Fred Dean,0.3503937007874015,0.3713235294117647,0.3484320557491289,0.0462046204620462,0.0552147239263803,0.536697247706422,0,0.8415841584158416
Fred Evans,0.1436330718165359,0.4633710541989279,0.5594951923076923,0.5753588516746412,0.5441696113074205,0.5296610169491526,0,0.6231884057971014
Fred Jackson,0.2253605769230769,0.3145933014354067,0.408716136631331,0.3795399515738499,0.4202898550724637,0.372079089275015,1,
Fred Marion,0.1742574257425742,0.4555984555984556,0.9426987060998152,0.9724264705882352,0.9895833333333334,0.9660377358490566,0,0.947467166979362
Fred McAfee,0.4161764705882353,0.4497319034852547,0.4964901084875558,0.5055624227441285,0.526829268292683,0.5701330108827086,0,0.5540132770066385
Fred McCrary,0.4367647058823529,0.4483914209115281,0.4607530312699425,0.4227441285537701,0.2176829268292683,0.4087061668681983,0,0.4212432106216053
Fred McNeill,0.0493273542600896,0.0705394190871369,0.1811023622047244,0.2720588235294117,0.2613240418118467,0.2409240924092409,0,0.2147239263803681
Fred Miller,0.175,0.0509383378016085,0.2284620293554563,0.2354758961681087,0.2676829268292683,0.1958887545344619,0,0.2607121303560651
Fred Robbins,0.4735294117647058,0.6112600536193029,0.6566687938736439,0.7249690976514215,0.825,0.8464328899637243,0,0.9070609535304768
Fred Smerlas,0.4518348623853211,0.596039603960396,0.6428571428571429,0.5859519408502772,0.5680147058823529,0.5848214285714286,0,0.4566037735849056
Fred Smoot,0.717828418230563,0.8468410976388002,0.9085290482076638,0.929878048780488,0.8833131801692866,0.9100784550392276,0,0.8677784395473496
Fred Stokes,0.0684523809523809,0.0981132075471698,0.3771106941838649,0.5947467166979362,0.7861163227016885,0.7992565055762082,0,0.825426944971537
Fred Strickland,0.2566037735849056,0.5553470919324578,0.6303939962476548,0.6041275797373359,0.1821561338289963,0.1764705882352941,0,0.3553875236294896
Fred Taylor,0.3102941176470588,0.1963806970509383,0.1550733886407147,0.1279357231149567,0.1823170731707317,0.1874244256348246,0,0.100181050090525
Fred Thomas,0.5566176470588236,0.6816353887399463,0.8857689853222719,0.9487021013597032,0.9469512195121952,0.9129383313180168,0,0.8636089318044659
Fred Wakefield,0.653485254691689,0.7536694320357371,0.8084054388133498,0.7201219512195122,0.626360338573156,0.1804465902232951,0,0.1715306730196545
Fred Weary,0.3306188925081433,0.469578783151326,0.8242647058823529,0.7533512064343163,0.7358008934269304,0.6161928306551298,0,0.5890243902439024
Fredd Young,0.1583011583011583,0.4417744916820702,0.7628676470588235,0.9955357142857144,0.981132075471698,0.9849906191369606,1,
Freddie Joe Nunn,0.3733826247689464,0.5790441176470589,0.8675595238095238,0.9528301886792452,0.9305816135084428,0.9136960600375236,0,0.8968105065666041
Frostee Rucker,0.5729600952948184,0.7097355769230769,0.7727272727272727,0.7750294464075382,0.7548426150121066,0.7964975845410628,0,0.7968843618933493
Gabe Jackson,0.2124629080118694,0.3196480938416422,0.304322429906542,0.2633136094674556,0.1067382230172927,0.1695804195804195,1,
Gabe Wilkins,0.0888468809073724,0.2167235494880546,0.333907056798623,0.7671691792294807,0.7263843648208469,0.6848673946957878,1,
Garin Veris,0.3789279112754159,0.6911764705882353,0.9196428571428572,0.8377358490566038,0.5909943714821764,0.3283302063789868,0,0.3302063789868668
Garrett Graham,0.1472320376914016,0.1186440677966101,0.3357487922705314,0.2546434991012582,0.2993440667859272,0.1845697329376854,1,
Garrison Sanborn,0.0873205741626794,0.4870435806831567,0.5012106537530266,0.5229468599033816,0.4871180347513481,0.4579606440071556,0,0.4551928783382789
Garry Cobb,0.5766871165644172,0.7545871559633027,0.8831683168316832,0.7432432432432432,0.7523105360443623,0.7573529411764706,0,0.8244047619047619
Gary Barbaro,0.3692946058091286,0.9330708661417324,0.9705882352941176,0.9965156794425089,0.9933993399339934,0.9969325153374232,0,0.9862385321100916
Gary Barnidge,0.2668269230769231,0.4503588516746411,0.4852767962308598,0.475181598062954,0.5223429951690821,0.5194727381665668,0,0.5062611806797853
Gary Baxter,0.3733243967828418,0.6260370134014039,0.7805933250927071,0.9091463414634148,0.9123337363966144,0.8527459263729632,1,
Gary Brackett,0.6594561186650185,0.7463414634146341,0.8923821039903265,0.9106819553409776,0.9785586658725433,0.96875,0,0.9671052631578948
Gary Fencik,0.4488188976377952,0.7720588235294118,0.9233449477351916,0.858085808580858,0.9233128834355828,0.9174311926605504,0,0.9148514851485148
Gary Gibson,0.1042287075640262,0.4248798076923077,0.4724880382775119,0.5477031802120141,0.6083535108958837,0.6551932367149759,0,0.652486518873577
Gary Green,0.3307086614173228,0.4301470588235294,0.8083623693379791,0.8118811881188119,0.9202453987730062,0.926605504587156,0,0.9485148514851484
Gary Jeter,0.2693069306930693,0.2548262548262548,0.5341959334565619,0.5477941176470589,0.7752976190476191,0.7132075471698113,0,0.7542213883677298
Gary Johnson,0.4852941176470588,0.4425087108013937,0.4851485148514851,0.3098159509202454,0.4311926605504587,0.4336633663366336,0,0.2895752895752895
Gary Plummer,0.3547794117647059,0.6904761904761905,0.6,0.3377110694183864,0.0375234521575985,0.3377110694183864,0,0.6263940520446096
Gary Reasons,0.3764478764478765,0.609981515711645,0.7922794117647058,0.7306547619047619,0.5830188679245283,0.6210131332082551,0,0.7429643527204502
Gary Spani,0.4752475247524752,0.3558282208588957,0.2844036697247706,0.3405940594059406,0.5154440154440154,0.6136783733826248,0,0.6102941176470589
Gary Stills,0.475,0.5583109919571045,0.6847479259731972,0.826946847960445,0.8579268292682927,0.8325272067714631,0,0.7266143633071817
Gary Walker,0.1160409556313993,0.2771084337349397,0.4271356783919598,0.3908794788273615,0.5101404056162246,0.7477941176470588,0,0.8498659517426274
Gene Atkins,0.4151785714285714,0.6452830188679245,0.7842401500938087,0.8273921200750469,0.951219512195122,0.9776951672862454,0,0.9810246679316889
Geno Atkins,0.5783274440518257,0.8432203389830508,0.9565217391304348,0.964050329538646,0.9296362552176506,0.8919881305637982,0,0.9266862170087976
Geno Hayes,0.4338942307692308,0.7900717703349283,0.919316843345112,0.955811138014528,0.876207729468599,0.8651887357699221,0,0.8443649373881932
Geno Smith,0.528324388789505,0.5109792284866469,0.5225806451612903,0.1921728971962616,0.1893491124260355,0.1878354203935599,0,0.0256410256410256
Geoff Schwartz,0.1996466431095406,0.1773607748184019,0.1902173913043478,0.1677651288196525,0.1449016100178891,0.2225519287833827,1,
George Atkinson,0.6161616161616161,0.8686131386861314,0.9022988505747126,0.9095477386934674,0.8872549019607843,0.874439461883408,0,0.7717842323651453
George Cumby,0.6871165644171779,0.8302752293577982,0.8871287128712871,0.8301158301158301,0.6543438077634011,0.5845588235294118,1,
George Fant,0.1612903225806451,0.1308411214953271,0.1331360946745562,0.1067382230172927,0.0571095571095571,0.5100632547441059,0,0.5924821002386634
George Hinkle,0.0943396226415094,0.1894934333958724,0.2701688555347092,0.4127579737335834,0.2843866171003718,0.3244781783681214,1,
George Iloka,0.2964975845410628,0.7974835230677052,0.8992248062015504,0.9228486646884272,0.90791788856305,0.883177570093458,0,0.8609467455621301
George Jamison,0.119047619047619,0.7188679245283018,0.8180112570356473,0.8705440900562852,0.7729831144465291,0.91635687732342,0,0.9506641366223908
George Johnson,0.2215496368038741,0.4535024154589372,0.4595566207309766,0.693500298151461,0.7750741839762612,0.7917888563049853,0,0.7149532710280374
George Koonce,0.3382899628252788,0.6223908918406073,0.7731568998109641,0.7969283276450512,0.8537005163511188,0.711892797319933,0,0.6938110749185668
George Martin,0.389763779527559,0.4154411764705882,0.3797909407665505,0.0462046204620462,0.0552147239263803,0.5114678899082569,0,0.6297029702970297
George Selvie,0.5535924617196702,0.587772397094431,0.6388888888888888,0.7860994607549431,0.8324388789505068,0.855192878338279,1,
George Teague,0.2789373814041745,0.504725897920605,0.7457337883959044,0.8003442340791739,0.8023450586264657,0.7312703583061889,0,0.8564742589703588
George Wilson,0.1390568319226118,0.1092335546167773,0.737343656938654,0.7884615384615384,0.9294258373205742,0.9204946996466432,0,0.9782082324455206
Gerald Dixon,0.1134215500945179,0.5051194539249146,0.5679862306368331,0.7420435510887772,0.6335504885993485,0.7160686427457098,0,0.8772058823529412
Gerald Everett,0.1921728971962616,0.1893491124260355,0.1878354203935599,0.1165501165501165,0.0983323749281196,0.1616945107398568,1,
Gerald Hayes,0.4981458590852904,0.6341463414634146,0.6402660217654171,0.8050694025347013,0.9023228111971412,0.9651442307692308,0,0.937799043062201
Gerald Hodges,0.3499101258238466,0.7221228384019082,0.770326409495549,0.9178885630498532,0.856892523364486,0.8349112426035503,1,
Gerald Irons,0.3103448275862069,0.4924623115577889,0.6470588235294118,0.6098654708520179,0.4979253112033195,0.7125984251968503,0,0.7426470588235294
Gerald McBurrows,0.0733788395904436,0.1135972461273666,0.117252931323283,0.1009771986970684,0.2932917316692667,0.6948529411764706,0,0.7520107238605898
Gerald McCoy,0.6036513545347467,0.6253026634382567,0.7342995169082126,0.81725584182145,0.8861061419200954,0.9014836795252226,0,0.8973607038123167
Gerald Robinson,0.1875,0.3244047619047619,0.1981132075471698,0.024390243902439,0.1407129455909943,0.3058161350844278,0,0.6356877323420075
Gerald Sensabaugh,0.5429262394195888,0.7115268557634279,0.7403216200119118,0.8329326923076923,0.81877990430622,0.9181389870435808,0,0.9231234866828087
Gerald Small,0.6948529411764706,0.8780487804878049,0.9735973597359736,0.7730061349693251,0.7293577981651376,0.6138613861386139,0,0.6061776061776062
Gerald Williams,0.2150735294117647,0.4255952380952381,0.4509433962264151,0.4840525328330206,0.5834896810506567,0.5891181988742964,0,0.4888475836431227
Gerard Warren,0.6648793565683646,0.7906828334396937,0.869592088998764,0.8731707317073171,0.8524788391777509,0.8141219070609536,0,0.7921381774865992
Gibril Wilson,0.7530487804878049,0.905683192261185,0.9692214846107424,0.9737939249553306,0.9759615384615384,0.9419856459330144,0,0.8792697290930507
Gilbert Brown,0.2060491493383743,0.2133105802047781,0.3941480206540447,0.3852596314907873,0.3941368078175896,0.2152886115444617,0,0.0235294117647058
Gill Byrd,0.2415841584158415,0.6776061776061776,0.8853974121996303,0.9503676470588236,0.7857142857142857,0.8415094339622642,0,0.8836772983114447
Giovani Bernard,0.10964649490713,0.5313059033989267,0.5133531157270029,0.5319648093841642,0.259929906542056,0.3094674556213018,0,0.2367322599880739
Glen Collins,0.0389908256880734,0.3188118811881188,0.4420849420849421,0.399260628465804,0.1893382352941176,0.3392857142857143,1,
Glen Edwards,0.2481751824817518,0.3850574712643678,0.9246231155778896,0.9950980392156864,0.9955156950672646,0.975103734439834,0,0.952755905511811
Glenn Blackwood,0.3399339933993399,0.7239263803680982,0.9036697247706422,0.9267326732673268,0.9054054054054054,0.878003696857671,0,0.8363970588235294
Glenn Cadrez,0.189419795221843,0.189328743545611,0.1742043551088777,0.4837133550488599,0.8034321372854915,0.9176470588235294,0,0.8800268096514745
Glenn Dorsey,0.6340144230769231,0.7529904306220095,0.8351001177856302,0.8299031476997578,0.7542270531400966,0.7213900539245057,0,0.6106141920095408
Glenn Montgomery,0.1444652908067542,0.2307692307692307,0.2363977485928705,0.2174721189591078,0.5180265654648957,0.6899810964083176,0,0.7542662116040956
Glover Quin,0.6070574162679426,0.8162544169611308,0.8601694915254238,0.9142512077294686,0.9298981426003596,0.9844961240310076,0,0.9863501483679524
Godwin Igwebuike,0.2579881656804734,0.2516398330351819,0.2406759906759907,0.3709028177113283,0.3920047732696897,0.3969849246231156,1,
Golden Tate,0.1035108958837772,0.1739130434782608,0.170760934691432,0.2242098986285032,0.1548961424332344,0.1730205278592375,0,0.1921728971962616
Gosder Cherilus,0.0873205741626794,0.1012956419316843,0.137409200968523,0.3164251207729469,0.3684841222288795,0.355396541443053,1,
Grady Jackson,0.3403908794788273,0.5522620904836193,0.9058823529411764,0.9182305630026808,0.9298021697511168,0.907292954264524,0,0.8554878048780488
Grant Wistrom,0.2231270358306188,0.7067082683307332,0.9455882352941176,0.9832439678284184,0.9642629227823868,0.9598269468479604,0,0.9201219512195122
Greg Biekert,0.5066162570888468,0.6962457337883959,0.6643717728055077,0.5577889447236181,0.757328990228013,0.9126365054602184,0,0.9654411764705882
Greg Brown,0.1880733944954128,0.3445544554455445,0.5193050193050193,0.5711645101663586,0.6084558823529411,0.5550595238095238,1,
Greg Buttle,0.3029045643153527,0.6496062992125984,0.7794117647058824,0.7700348432055749,0.6402640264026402,0.8466257668711656,0,0.8692660550458715
Greg Camarillo,0.20036210018105,0.3222156045265039,0.5174278846153846,0.5873205741626795,0.6378091872791519,0.5823244552058111,1,
Greg Ellis,0.3338762214983713,0.7862714508580343,0.9375,0.967828418230563,0.9489470325462668,0.9802224969097652,0,0.9792682926829268
Greg Favors,0.3127035830618892,0.3307332293291731,0.8088235294117647,0.8049597855227882,0.807275047862157,0.7472187886279357,0,0.7652439024390244
Greg Hardy,0.6896348645465253,0.7990314769975787,0.9208937198067632,0.9616536848412224,0.9457364341085271,0.9216617210682492,1,
Greg Jackson,0.3789868667917448,0.5328330206378987,0.8903345724907064,0.888045540796964,0.9735349716446124,0.9812286689419796,0,0.9672977624784854
Greg Jeffries,0.1006825938566552,0.2633390705679862,0.4036850921273032,0.3713355048859935,0.2464898595943837,0.5191176470588236,1,
Greg Jennings,0.20036210018105,0.3222156045265039,0.3401442307692308,0.3546650717703349,0.3457008244994111,0.3371670702179177,0,0.304951690821256
Greg Jones,0.1273031825795645,0.2394136807817589,0.2652106084243369,0.5845588235294118,0.5475871313672922,0.5430759412890874,0,0.4622991347342398
Greg Joseph,0.1159763313609467,0.1502683363148479,0.1404428904428904,0.0862564692351926,0.0739856801909307,0.1953517587939698,1,
Greg Kragen,0.044362292051756,0.0606617647058823,0.375,0.3849056603773585,0.6285178236397748,0.651031894934334,0,0.6529080675422139
Greg Lewis,0.3640296662546353,0.4414634146341463,0.4510278113663845,0.4514182257091128,0.3817748659916617,0.3798076923076923,0,0.3738038277511962
Greg Little,0.1035108958837772,0.3164251207729469,0.4128220491312163,0.3750745378652355,0.2652818991097923,0.039882697947214,0,0.0420560747663551
Greg Lloyd,0.020754716981132,0.3714821763602251,0.5422138836772983,0.7448405253283302,0.637546468401487,0.5351043643263758,0,0.5935727788279773
Greg Mabin,0.2564252336448598,0.6130177514792899,0.6034585569469291,0.6252913752913752,0.4864864864864865,0.5107398568019093,1,
Greg Meisner,0.0688073394495412,0.0712871287128712,0.2953667953667954,0.2476894639556377,0.3400735294117647,0.6101190476190477,0,0.5849056603773585
Greg Olsen,0.1042287075640262,0.5036057692307693,0.5047846889952153,0.5129564193168433,0.3177966101694915,0.3659420289855072,0,0.2822049131216297
Greg Spires,0.1986970684039088,0.2620904836193448,0.8022058823529412,0.863941018766756,0.9100191448627952,0.8739184177997528,0,0.9378048780487804
Greg Stemrick,0.0705394190871369,0.2755905511811024,0.5992647058823529,0.7317073170731707,0.8316831683168316,0.7944785276073619,0,0.6651376146788991
Greg Toler,0.5101674641148325,0.8421672555948174,0.8420096852300242,0.907608695652174,0.8082684242061114,0.9194991055456172,0,0.8682492581602373
Greg Townsend,0.2376237623762376,0.3127413127413127,0.4584103512014787,0.4889705882352941,0.6592261904761905,0.7867924528301887,0,0.7936210131332082
Greg Warren,0.2992744860943168,0.3729631864815932,0.4133412745681953,0.3894230769230769,0.3630382775119617,0.3563015312131919,0,0.3190072639225181
Greg Wesley,0.7448529411764706,0.8954423592493298,0.9751116783663052,0.9814585908529048,0.9890243902439024,0.9897218863361548,0,0.9818949909474954
Greg Zuerlein,0.1630434782608695,0.1977231875374475,0.2599880739415623,0.2902077151335311,0.3472140762463343,0.2932242990654206,0,0.2491124260355029
Gregg Bingham,0.3316582914572864,0.6519607843137255,0.820627802690583,0.8381742738589212,0.7716535433070866,0.5294117647058824,0,0.6341463414634146
Gus Edwards,0.1159763313609467,0.2731067382230173,0.5297202797202797,0.5135135135135135,0.4868735083532219,0.079145728643216,1,
Gus Frerotte,0.175,0.0509383378016085,0.1001914486279515,0.0797280593325092,0.0512195121951219,0.0326481257557436,0,0.0325890162945081
Ha Ha Clinton-Dix,0.6940966010733453,0.8397626112759644,0.9519061583577711,0.957359813084112,0.9627218934911242,0.9505068574836016,1,
Halapoulivaati Vaitai,0.1008797653958944,0.1536214953271028,0.1520710059171597,0.182468694096601,0.1695804195804195,0.2144910868315123,1,
Haloti Ngata,0.6729028364514182,0.7939249553305538,0.8641826923076923,0.8702153110047847,0.8722025912838633,0.925544794188862,0,0.9335748792270532
Hamza Abdullah,0.0918984280532043,0.5383222691611346,0.7099463966646814,0.7061298076923077,0.6758373205741627,0.4552414605418139,0,0.49818401937046
Hanford Dixon,0.7201834862385321,0.8297029702970297,0.9034749034749034,0.800369685767098,0.8419117647058824,0.8333333333333334,0,0.8320754716981132
Hank Fraley,0.1890080428954423,0.2782386726228462,0.3090234857849196,0.2676829268292683,0.1469165659008464,0.2661436330718165,0,0.3639070875521143
Hank Poteat,0.4397058823529411,0.4463806970509383,0.5539246968730057,0.5302843016069221,0.5073170731707317,0.5912938331318017,0,0.6584188292094146
Hannibal Navies,0.6235294117647059,0.646112600536193,0.7013401403956605,0.7731767614338689,0.801829268292683,0.8053204353083434,0,0.6735063367531684
Harald Hasselbach,0.2930056710775047,0.5494880546075085,0.6282271944922547,0.5477386934673367,0.4478827361563517,0.4196567862714508,0,0.7169117647058824
Hardy Nickerson1,0.1415094339622641,0.1388367729831144,0.2607879924953096,0.1463414634146341,0.1412639405204461,0.1821631878557874,0,0.3062381852551984
Harlon Barnett,0.4315196998123827,0.4126394052044609,0.618595825426945,0.7164461247637051,0.7167235494880546,0.6798623063683304,1,
Harold Morrow,0.4933823529411765,0.5703753351206434,0.587747287811104,0.553770086526576,0.4884146341463414,0.5024183796856106,1,
Harry Carson,0.5,0.6306620209059234,0.6798679867986799,0.2699386503067484,0.4747706422018348,0.6079207920792079,0,0.749034749034749
Harry Douglas,0.1068840579710145,0.3696824445775913,0.3565891472868217,0.3501483679525222,0.1401759530791788,0.1664719626168224,1,
Harry Hamilton,0.4288354898336414,0.7518382352941176,0.949404761904762,0.9566037735849056,0.9718574108818012,0.975609756097561,1,
Harvey Armstrong,0.291089108910891,0.4111969111969112,0.4048059149722736,0.6323529411764706,0.6279761904761905,0.6245283018867924,0,0.3921200750469043
Harvey Langi,0.1226635514018691,0.129585798816568,0.4657125819916518,0.6421911421911422,0.6538240368027602,0.6348448687350835,1,
Harvey Martin,0.0705394190871369,0.0944881889763779,0.2205882352941176,0.1289198606271777,0.1716171617161716,0.0552147239263803,0,0.6674311926605505
Hassan Ridgeway,0.5653958944281525,0.6612149532710281,0.6698224852071006,0.652355396541443,0.6002331002331003,0.7027027027027027,0,0.7052505966587113
Heath Evans,0.3250670241286863,0.3158902361199744,0.3572311495673671,0.423170731707317,0.4280532043530834,0.4399517199758599,0,0.4127456819535438
Heath Farwell,0.3821039903264812,0.5618587809293905,0.6253722453841573,0.6159855769230769,0.6238038277511961,0.5977620730270907,0,0.6186440677966102
Heath Miller,0.0918984280532043,0.2444176222088111,0.3776057176891007,0.4122596153846153,0.4455741626794258,0.4464075382803298,0,0.4443099273607748
Henri Crockett,0.1943048576214405,0.3729641693811075,0.5241809672386896,0.7772058823529412,0.7902144772117963,0.8008934269304403,0,0.7435105067985167
Henry Anderson,0.5560830860534125,0.6293255131964809,0.7225467289719626,0.7917159763313609,0.7924865831842576,0.7791375291375291,0,0.6515238642898218
Henry Ford,0.3344709897610921,0.4922547332185886,0.6716917922948074,0.6286644951140065,0.6131045241809673,0.8014705882352942,0,0.8002680965147453
Henry Jones,0.8717472118959108,0.9544592030360532,0.9886578449905482,0.9078498293515358,0.6678141135972461,0.5376884422110553,0,0.5960912052117264
Henry Melton,0.6419316843345112,0.75,0.8599033816425121,0.8214499700419413,0.817531305903399,0.7732937685459941,1,
Henry Rolling,0.0754716981132075,0.0806754221388367,0.4033771106941838,0.6604127579737336,0.7843866171003717,0.7001897533206831,1,
Henry Thomas,0.4553571428571428,0.769811320754717,0.951219512195122,0.9568480300187616,0.902439024390244,0.7639405204460966,0,0.7893738140417458
Herb Welch,0.2125693160813308,0.3805147058823529,0.6175595238095238,0.3528301886792452,0.1594746716697936,0.1575984990619137,1,
Herman Edwards,0.5039370078740157,0.8235294117647058,0.89198606271777,0.8448844884488449,0.6257668711656442,0.7431192660550459,0,0.6534653465346535
Hines Ward,0.4080882352941176,0.4028150134048257,0.408423739629866,0.3529048207663782,0.3414634146341463,0.3343409915356711,0,0.3283041641520821
Hollis Thomas,0.1703958691910499,0.5125628140703518,0.6775244299674267,0.7020280811232449,0.8904411764705882,0.8887399463806971,0,0.8474792597319719
Howard Green,0.6048780487804878,0.6039903264812576,0.59987929993965,0.4163192376414532,0.6111778846153846,0.6465311004784688,0,0.7255594817432274
Howie Long,0.5619266055045872,0.8811881188118812,0.9594594594594594,0.944547134935305,0.8841911764705882,0.9017857142857144,0,0.869811320754717
Hugh Douglas,0.4249146757679181,0.7263339070567987,0.8659966499162479,0.9087947882736156,0.7893915756630265,0.9448529411764706,0,0.941018766756032
Hugh Green,0.5613496932515337,0.8486238532110092,0.9643564356435644,0.9305019305019304,0.9149722735674676,0.7077205882352942,0,0.6919642857142857
Hunter Henry,0.1008797653958944,0.0566588785046729,0.0449704142011834,0.1699463327370304,0.2301864801864802,0.2202415181138585,0,0.2028639618138424
Hunter Hillenmeyer,0.5624227441285538,0.7475609756097561,0.8180169286577993,0.84007242003621,0.806432400238237,0.7560096153846154,0,0.8869617224880383
Hunter Smith,0.175,0.3364611260053619,0.3350350989151244,0.3108776266996291,0.449390243902439,0.4540507859733978,0,0.4610742305371152
Husain Abdullah,0.4783653846153846,0.5885167464114832,0.7608951707891637,0.8117433414043583,0.7952898550724637,0.8040742959856201,0,0.827072152653548
Ian Gold,0.6213235294117647,0.7680965147453083,0.8921506062539886,0.8943139678615575,0.8939024390243903,0.9105199516324064,0,0.9130959565479784
Ian Scott,0.1279357231149567,0.625,0.6898428053204353,0.7441158720579361,0.6718284693269804,0.6051682692307693,0,0.4958133971291866
Ian Thomas,0.1159763313609467,0.1067382230172927,0.1695804195804195,0.1765382403680276,0.2285202863961813,0.225502512562814,1,
Ibraheim Campbell,0.4516320474777448,0.6082111436950146,0.6536214953271028,0.6982248520710059,0.6905187835420393,0.6451048951048951,1,
Idrees Bashir,0.6474530831099196,0.7779195915762603,0.8597033374536465,0.8518292682926829,0.7750906892382105,0.659625829812915,0,0.6229898749255509
Igor Olshansky,0.5932926829268292,0.6801692865779927,0.7471333735666867,0.8397855866587254,0.8263221153846154,0.8277511961722488,0,0.7385159010600707
Ike Hilliard,0.175,0.2794906166219839,0.2495213784301212,0.2126081582200247,0.0274390243902439,0.1390568319226118,0,0.1804465902232951
Ike Reese,0.344773790951638,0.6757352941176471,0.7962466487935657,0.7504786215698788,0.8034610630407911,0.8140243902439024,0,0.7896009673518742
Ike Taylor,0.5111248454882571,0.6067073170731707,0.7412333736396615,0.8292094146047073,0.9338892197736748,0.916466346153846,0,0.9090909090909092
Isa Abdul-Quddus,0.4467312348668281,0.6739130434782609,0.6974236069502696,0.7119856887298748,0.6652818991097923,0.8087976539589443,1,
Isaac Bruce,0.2588235294117647,0.2158176943699732,0.3509891512444161,0.3850432632880098,0.4810975609756097,0.5544135429262395,0,0.5461677730838865
Isaac Rochell,0.463785046728972,0.6970414201183432,0.7185450208706022,0.7668997668997669,0.6589994249568718,0.6282816229116945,0,0.496859296482412
Isaac Sopoaga,0.4860943168077388,0.6451418225709112,0.7063728409767719,0.7337740384615384,0.7111244019138756,0.7208480565371025,0,0.6961259079903148
Isaiah Ekejiuba,0.3821039903264812,0.4260712130356065,0.4764740917212626,0.5649038461538461,0.5915071770334929,0.6372202591283863,0,0.5732445520581114
Isaiah Johnson,0.1329376854599406,0.1888563049853372,0.3428738317757009,0.3995327102803738,0.4035502958579882,0.3544378698224852,0,0.3005366726296959
Isaiah Kacyvenski,0.5632352941176471,0.660857908847185,0.7925973197192087,0.7632880098887516,0.8097560975609757,0.7388149939540508,0,0.7332528666264333
Isaiah McKenzie,0.1921728971962616,0.2437869822485207,0.2468694096601073,0.1695804195804195,0.1765382403680276,0.2082338902147971,1,
Isiah Robertson,0.4890510948905109,0.4425287356321839,0.7989949748743719,0.7009803921568627,0.9147982062780268,0.9045643153526972,0,0.8937007874015748
Israel Idonije,0.5091463414634146,0.596130592503023,0.6650573325286663,0.6861226920786182,0.7265625,0.7541866028708134,0,0.8881036513545347
Issiac Holt,0.066543438077634,0.5202205882352942,0.7098214285714286,0.690566037735849,0.6153846153846154,0.801125703564728,0,0.8198874296435272
Izell Reese,0.1400651465798045,0.3837753510140406,0.7977941176470589,0.8672922252010724,0.8627951499680919,0.7966625463535228,0,0.7603658536585366
J'Marcus Webb,0.1035108958837772,0.1165458937198067,0.1180347513481126,0.0429338103756708,0.2124629080118694,0.2428152492668621,1,
J.B. Brown,0.0562851782363977,0.1163227016885553,0.4925650557620817,0.635673624288425,0.7107750472589792,0.6177474402730375,0,0.4578313253012048
J.C. Jackson,0.6627218934911243,0.827072152653548,0.9714452214452216,0.9965497412305924,0.9856801909307876,0.8932160804020101,1,
J.C. Pearson,0.0294117647058823,0.0238095238095238,0.1396226415094339,0.1275797373358349,0.273921200750469,0.450281425891182,0,0.4200743494423792
J.D. McKissic,0.1921728971962616,0.3343195266272189,0.3261776982707215,0.3374125874125874,0.2685451408855664,0.2881861575178998,1,
J.D. Walton,0.1760895170789163,0.223365617433414,0.2518115942028985,0.1180347513481126,0.0429338103756708,0.1329376854599406,1,
J.J. Jansen,0.3014354066985646,0.3998822143698469,0.4043583535108959,0.3514492753623188,0.3565008987417615,0.3422778771615981,0,0.3756676557863501
J.J. Watt,0.6682808716707022,0.8870772946859904,0.9538645895745956,0.9970184853905784,0.997626112759644,0.9900293255131964,0,0.8714953271028038
J.J. Wilcox,0.560814859197124,0.7811568276684556,0.8427299703264095,0.8703812316715542,0.7891355140186916,0.6875739644970414,1,
J.R. Reed,0.473780487804878,0.4703748488512696,0.496077248038624,0.5360333531864205,0.546875,0.5227272727272727,0,0.2243816254416961
J.R. Sweezy,0.1677651288196525,0.2206320810971973,0.2189910979228486,0.1196480938416422,0.0420560747663551,0.1159763313609467,0,0.1502683363148479
J.T. Thomas~,0.1457286432160804,0.6127450980392157,0.7892376681614349,0.8713692946058091,0.7480314960629921,0.5551470588235294,0,0.2090592334494773
Jabaal Sheard,0.8498789346246973,0.917270531400966,0.9610545236668664,0.8771615980918307,0.9234421364985164,0.9167155425219942,0,0.9526869158878504
Jabar Gaffney,0.1914486279514997,0.2354758961681087,0.2176829268292683,0.1789600967351874,0.1092335546167773,0.1113758189398451,0,0.0372596153846153
Jabari Greer,0.5048780487804878,0.6197097944377267,0.6421243210621606,0.7331745086360929,0.8431490384615384,0.9072966507177034,0,0.9346289752650176
Jack Crawford,0.2904589371980676,0.4985020970641102,0.6326774001192605,0.7097922848664688,0.7741935483870968,0.7219626168224299,0,0.8053254437869822
Jack Del Rio,0.600739371534196,0.6213235294117647,0.8303571428571429,0.5547169811320755,0.5590994371482176,0.4108818011257035,0,0.0637898686679174
Jack Doyle,0.1677651288196525,0.2790697674418604,0.3400593471810089,0.3724340175953079,0.3615654205607476,0.3704142011834319,1,
Jack Ham,0.2627737226277372,0.867816091954023,0.914572864321608,0.9411764705882352,0.7443946188340808,0.6970954356846473,0,0.610236220472441
Jack Lambert,0.2892156862745098,0.5426008968609866,0.6846473029045643,0.5826771653543307,0.6911764705882353,0.794425087108014,0,0.8283828382838284
Jack Reynolds,0.4221105527638191,0.3725490196078431,0.5605381165919282,0.1742738589211618,0.1574803149606299,0.0183823529411764,0,0.0278745644599303
Jack Tatum,0.7518248175182481,0.913793103448276,0.9296482412060302,0.9166666666666666,0.8475336322869955,0.8672199170124482,0,0.9015748031496064
Jackie Battle,0.2668269230769231,0.3618421052631579,0.5736160188457008,0.559322033898305,0.589975845410628,0.5128819652486519,0,0.4907573047107931
Jacob Bell,0.1506097560975609,0.1644498186215235,0.1617380808690404,0.0327575938058368,0.1658653846153846,0.1788277511961722,0,0.1666666666666666
Jacob Green,0.5206422018348624,0.906930693069307,0.9845559845559846,1.0,0.9981617647058824,0.9970238095238096,0,0.969811320754717
Jacob Tamme,0.2668269230769231,0.437200956937799,0.4705535924617197,0.4721549636803874,0.4716183574879227,0.4859197124026363,0,0.4621347644603458
Jacques Cesaire,0.3145859085290482,0.525609756097561,0.6124546553808948,0.727821363910682,0.7969029184038118,0.8034855769230769,0,0.7882775119617225
Jacques Reeves,0.5018292682926829,0.5870616686819831,0.6077248038624019,0.7176891006551519,0.8617788461538461,0.8965311004784688,0,0.8362779740871613
Jacquizz Rodgers,0.299636803874092,0.3291062801932367,0.4260035949670461,0.5802027429934407,0.6148367952522256,0.6240469208211143,0,0.5058411214953271
Jahleel Addae,0.5757938885560215,0.7489564698867024,0.8059347181008902,0.9043988269794722,0.897196261682243,0.9159763313609468,0,0.8664281454979129
Jahri Evans,0.1620011911852293,0.2073317307692307,0.3325358851674641,0.2703180212014134,0.1773607748184019,0.1630434782608695,0,0.1252246854403834
Jairus Byrd,0.8145933014354066,0.955241460541814,0.9951573849878934,0.9981884057971014,0.9976033553025764,0.9677996422182468,0,0.9074183976261128
Jake Brendel,0.1159763313609467,0.1067382230172927,0.0571095571095571,0.02242668200115,0.0178997613365155,0.079145728643216,1,
Jake Delhomme,0.0797280593325092,0.1310975609756097,0.2430471584038694,0.188292094146047,0.1113758189398451,0.0372596153846153,0,0.0873205741626794
Jake Long,0.0757211538461538,0.104066985645933,0.163133097762073,0.137409200968523,0.2077294685990338,0.231276213301378,0,0.1419200954084675
Jake Matthews,0.1282051282051282,0.2456973293768546,0.2545454545454545,0.1921728971962616,0.1159763313609467,0.1502683363148479,0,0.1404428904428904
Jake McQuaide,0.1658595641646489,0.2391304347826087,0.2396644697423607,0.2242098986285032,0.2913946587537092,0.3302052785923753,0,0.2085280373831775
Jake Plummer,0.3742647058823529,0.3264075067024128,0.3388640714741544,0.1915945611866502,0.3292682926829268,0.3204353083434099,0,0.3518406759203379
Jake Scott,0.1506097560975609,0.211608222490931,0.2703681351840676,0.2430017867778439,0.2806490384615384,0.2793062200956938,0,0.306831566548881
Jake Scott~,0.9696969696969696,0.9635036496350364,0.9827586206896552,0.949748743718593,0.9901960784313726,0.9775784753363228,0,0.9626556016597512
Jakeem Grant,0.1008797653958944,0.227803738317757,0.2875739644970414,0.3512224209898628,0.3717948717948718,0.359401955146636,1,
Jaleel Johnson,0.201518691588785,0.5946745562130178,0.6869409660107334,0.7593240093240093,0.7492811960897068,0.7076372315035799,0,0.6922110552763819
Jalen Tabor,0.4550233644859813,0.5514792899408284,0.5408467501490757,0.4895104895104895,0.3749281196089706,0.4206443914081145,1,
Jamaal Anderson,0.5801072066706373,0.6598557692307693,0.7027511961722488,0.7396937573616019,0.7766343825665859,0.7493961352657005,1,
Jamaal Charles,0.180889423076923,0.3899521531100478,0.4075382803297998,0.3716707021791767,0.2077294685990338,0.3541042540443379,0,0.3410852713178294
Jamal Agnew,0.4147196261682243,0.5177514792899408,0.6076326774001193,0.5967365967365967,0.5480161012075906,0.2911694510739857,0,0.2399497487437186
Jamal Brooks,0.5904825737265416,0.5883854499042757,0.5945611866501854,0.0274390243902439,0.0326481257557436,0.1436330718165359,1,
Jamal Lewis,0.175,0.0509383378016085,0.2284620293554563,0.2354758961681087,0.2176829268292683,0.1185006045949214,0,0.048280024140012
Jamal Williams,0.2133550488599348,0.3104524180967238,0.7213235294117647,0.6890080428954424,0.7249521378430122,0.715698393077874,0,0.7695121951219512
Jamar Fletcher,0.4182305630026809,0.6381620931716656,0.65389369592089,0.7091463414634146,0.7043530834340992,0.8569704284852142,0,0.8511018463371054
Jamar Nesbit,0.175,0.0509383378016085,0.169751116783663,0.1279357231149567,0.1823170731707317,0.1590084643288996,0,0.1508750754375377
Jamar Taylor,0.2240862792091072,0.507453786523554,0.6445103857566765,0.8070381231671554,0.8615654205607477,0.8443786982248521,0,0.7322599880739415
Jamarca Sanford,0.590311004784689,0.6554770318021201,0.8547215496368039,0.9033816425120772,0.9406830437387658,0.851520572450805,0,0.7519287833827893
Jameel Cook,0.0727504786215698,0.1915945611866502,0.3439024390243902,0.4691656590084643,0.4924562462281231,0.5145920190589637,0,0.4663461538461538
Jameel McClain,0.5925480769230769,0.6417464114832536,0.748527679623086,0.8032687651331719,0.8285024154589372,0.8154583582983823,0,0.8234943351222421
Jamel White,0.2588235294117647,0.3109919571045576,0.3522654754307594,0.4932014833127318,0.4920731707317073,0.4903264812575574,1,
James Allen,0.3102941176470588,0.1963806970509383,0.5041480536056159,0.5724313975749841,0.642150803461063,0.7615853658536585,0,0.7357920193470375
James Anderson,0.6306578153289076,0.6628945801072067,0.6688701923076923,0.7045454545454546,0.8992932862190812,0.975181598062954,0,0.9667874396135264
James Bradberry,0.693841642228739,0.8492990654205608,0.9207100591715977,0.9260584376863448,0.9475524475524476,0.9528464634847612,0,0.9594272076372315
James Butler,0.6251511487303507,0.6505733252866627,0.7456819535437761,0.8100961538461539,0.8857655502392344,0.8745583038869258,0,0.7627118644067796
James Carpenter,0.1035108958837772,0.1165458937198067,0.1180347513481126,0.0429338103756708,0.0409495548961424,0.1008797653958944,0,0.0566588785046729
James Casey,0.367822966507177,0.4970553592461719,0.4987893462469733,0.5114734299516909,0.4751348112642301,0.4859868813357185,1,
James Daniels,0.1704142011834319,0.1699463327370304,0.1491841491841491,0.0862564692351926,0.087708830548926,0.1507537688442211,1,
James Darling,0.250814332247557,0.4945397815912636,0.7544117647058823,0.7493297587131368,0.7657945118059988,0.7744128553770087,0,0.8878048780487805
James Davis2,0.3479604449938195,0.6914634146341463,0.7503022974607013,0.7531683765841883,0.6122692078618225,0.0372596153846153,0,0.2272727272727272
James Dearth,0.2446380697050938,0.4001276324186343,0.4369592088998764,0.4189024390243902,0.3591293833131802,0.3494266747133374,0,0.3412745681953544
James Farrior,0.3936348408710218,0.3957654723127036,0.5491419656786272,0.7323529411764705,0.9296246648793566,0.9323548181238036,0,0.9567367119901112
James Francis,0.3846153846153846,0.6322701688555347,0.9460966542750928,0.8861480075901328,0.9130434782608696,0.7559726962457338,0,0.8795180722891566
James Griffin,0.2574257425742574,0.444015444015444,0.8022181146025879,0.8492647058823529,0.9732142857142856,0.9226415094339624,0,0.8855534709193246
James Hall,0.5588235294117647,0.7446380697050938,0.8359923420548819,0.907911001236094,0.975,0.9776299879081016,0,0.9607724803862402
James Hanna,0.3985507246376811,0.4242061114439784,0.4555754323196184,0.4510385756676557,0.4557184750733137,0.4310747663551402,1,
James Harris,0.499054820415879,0.5597269624573379,0.6161790017211703,0.2763819095477386,0.4364820846905538,0.4882995319812792,1,
James Harrison,0.6432926829268293,0.7569528415961306,0.7821363910681955,0.9529481834425252,0.997596153846154,1.0,0,1.0
James Hasty,0.4679245283018868,0.8424015009380863,0.9099437148217636,0.8911819887429644,0.8215613382899628,0.8614800759013282,0,0.9338374291115312
James Hunter,0.7759336099585062,0.9409448818897638,0.9595588235294118,0.7770034843205574,0.735973597359736,0.6104294478527608,0,0.5022935779816514
James Hurst,0.1282051282051282,0.0694362017804154,0.1196480938416422,0.0420560747663551,0.0343195266272189,0.0363744782349433,0,0.0256410256410256
James Ihedigbo,0.4224759615384615,0.638755980861244,0.7237926972909305,0.7711864406779662,0.7397342995169082,0.8885560215698023,0,0.977340488968396
James Jones,0.2720450281425891,0.3438661710037174,0.4174573055028463,0.3156899810964083,0.2883959044368601,0.1841652323580034,0,0.2747068676716918
James Laurinaitis,0.7757177033492823,0.8863368669022379,0.9636803874092008,0.96256038647343,0.9730377471539844,0.9594514013118663,0,0.9655786350148368
James O'Shaughnessy,0.1329376854599406,0.4222873900293255,0.4643691588785046,0.4698224852071005,0.4108527131782946,0.3350815850815851,0,0.2685451408855664
James Reed,0.5931635388739946,0.6113592852584556,0.6761433868974042,0.6567073170731708,0.7841596130592503,0.7899818949909475,0,0.7593805836807623
James Sanders,0.6692865779927448,0.7628243814121907,0.8808814770696843,0.8737980769230769,0.875,0.8934040047114252,0,0.862590799031477
James Thrash,0.4573529411764706,0.4470509383378016,0.4556477345245692,0.3090234857849196,0.4871951219512195,0.5229746070133011,0,0.5528062764031382
James Trapp,0.1423149905123339,0.275992438563327,0.273037542662116,0.306368330464716,0.5108877721943048,0.5276872964169381,0,0.4867394695787831
James Washington~,0.0660377358490566,0.0712945590994371,0.3208255159474671,0.3864915572232645,0.5055762081784386,0.4250474383301708,0,0.5198487712665406
James Williams~,0.1726078799249531,0.2082551594746716,0.2589118198874296,0.2082551594746716,0.2620817843866171,0.3092979127134725,0,0.3681214421252372
Jamie Collins,0.6141402037147993,0.9063804412641622,0.9934718100890207,1.0,0.991822429906542,0.9656804733727812,0,0.985092426952892
Jamie Sharper,0.3819095477386934,0.5130293159609121,0.6833073322932918,0.923529411764706,0.96514745308311,0.9802169751116784,0,0.9833127317676144
Jamie Winborn,0.6936997319034852,0.7300574345883855,0.8164400494437577,0.8719512195121951,0.8663845223700121,0.832226916113458,0,0.6509827278141751
Jamir Miller,0.3081285444234404,0.5119453924914675,0.7194492254733219,0.8040201005025126,0.8957654723127035,0.8798751950078003,0,0.938970588235294
Jamize Olawale,0.4200119832234871,0.5641025641025641,0.5816023738872403,0.5777126099706745,0.4678738317757009,0.4905325443786982,0,0.4847942754919499
Jammal Brown,0.0918984280532043,0.1852745926372963,0.1804645622394282,0.1941105769230769,0.104066985645933,0.1065959952885747,0,0.1035108958837772
Janoris Jenkins,0.8490338164251208,0.8975434391851408,0.986881335718545,0.9596439169139466,0.9741935483870968,0.9661214953271028,0,0.9674556213017752
Jaquiski Tartt,0.7264094955489614,0.8005865102639296,0.8825934579439252,0.8272189349112427,0.8473464519976148,0.8344988344988346,0,0.8050603795284647
Jared Allen,0.6829268292682927,0.9262394195888756,0.9891369945684972,0.9988088147706968,0.9963942307692308,0.9976076555023924,0,0.9964664310954064
Jared Cook,0.0873205741626794,0.3775029446407538,0.4225181598062954,0.447463768115942,0.3846614739364889,0.2128801431127012,0,0.228486646884273
Jared DeVries,0.4992647058823529,0.5415549597855228,0.595405232929164,0.6143386897404203,0.6676829268292683,0.7091898428053204,0,0.7024743512371756
Jared Norris,0.4070381231671554,0.4369158878504673,0.4443786982248521,0.3225998807394156,0.2826340326340326,0.3364002300172513,1,
Jared Odrick,0.1012956419316843,0.7354721549636803,0.8128019323671497,0.8807669263031755,0.8288610614192009,0.8534124629080119,0,0.8193548387096774
Jared Tomich,0.0921273031825795,0.4674267100977198,0.5897035881435257,0.7963235294117647,0.6427613941018767,0.5028717294192725,1,
Jared Veldheer,0.2597173144876325,0.3444309927360774,0.4057971014492754,0.3654883163571,0.246273106738223,0.0528189910979228,0,0.039882697947214
Jarius Wright,0.10964649490713,0.1621943947525342,0.3252225519287834,0.2997067448680351,0.2476635514018691,0.1159763313609467,0,0.2164579606440071
Jarius Wynn,0.2446172248803828,0.5076560659599529,0.6216707021791767,0.6624396135265701,0.6878370281605752,0.6756112104949314,1,
Jaron Brown,0.3499101258238466,0.4412641621943947,0.457566765578635,0.4469208211143695,0.4491822429906542,0.4313609467455621,0,0.4370900417412045
Jarrad Davis,0.7838785046728972,0.9059171597633136,0.966010733452594,0.944055944055944,0.8642898217366303,0.7195704057279236,1,
Jarrad Page,0.6946288473144236,0.8457415128052412,0.9501201923076924,0.9186602870813396,0.8621908127208481,0.6779661016949152,1,
Jarret Johnson,0.4388133498145859,0.6445121951219512,0.7285368802902056,0.7646348823174411,0.7992852888624181,0.8653846153846154,0,0.9354066985645934
Jarrett Bush,0.4049487024743512,0.5854675402025015,0.6039663461538461,0.6555023923444976,0.6790341578327445,0.7875302663438256,0,0.7765700483091788
Jarrod Cooper,0.4832439678284182,0.5073388640714741,0.5241038318912238,0.5573170731707318,0.7496977025392987,0.7658418829209415,0,0.7581893984514592
Jarrod Wilson,0.4134897360703812,0.530373831775701,0.6396449704142012,0.7936791890280263,0.8811188811188811,0.8579643473260494,1,
Jarvis Green,0.5826419910657307,0.6470951792336218,0.7207317073170731,0.7345828295042321,0.8074834037417019,0.8499106611078022,0,0.8377403846153846
Jarvis Jenkins,0.5259661835748792,0.6357100059916118,0.6589147286821705,0.713353115727003,0.6991202346041056,0.6764018691588785,0,0.5449704142011834
Jarvis Landry,0.2903995229576624,0.2747774480712166,0.3882697947214076,0.4217289719626168,0.4366863905325444,0.4186046511627907,0,0.2651515151515151
Jarvis Williams,0.5735849056603773,0.8105065666041276,0.9906191369606004,0.949343339587242,0.9516728624535316,0.5616698292220114,0,0.6408317580340265
Jason Allen,0.5564272782136391,0.7492555092316855,0.7962740384615384,0.7811004784688995,0.8180212014134276,0.864406779661017,0,0.857487922705314
Jason Avant,0.2564876282438141,0.4621798689696247,0.4741586538461538,0.5592105263157895,0.5259128386336867,0.5127118644067796,0,0.4438405797101449
Jason Babin,0.6798780487804879,0.7956469165659008,0.8551599275799638,0.779630732578916,0.7067307692307693,0.6692583732057417,0,0.8751472320376914
Jason Baker,0.3217158176943699,0.2807913209955329,0.3868974042027194,0.3231707317073171,0.3724304715840387,0.2957151478575739,0,0.2787373436569386
Jason Bell,0.4436997319034853,0.541799617102744,0.6260815822002472,0.6140243902439024,0.628174123337364,0.700060350030175,1,
Jason Belser,0.3996282527881041,0.7381404174573055,0.8241965973534972,0.8293515358361775,0.9018932874354562,0.9681742043551088,0,0.973941368078176
Jason Brown,0.1436330718165359,0.289458010720667,0.2950721153846153,0.2805023923444976,0.1472320376914016,0.2487893462469733,1,
Jason Buck,0.144345238095238,0.3056603773584905,0.551594746716698,0.5722326454033771,0.4690431519699812,0.2825278810408922,1,
Jason Cabinda,0.5011834319526627,0.4949314251639833,0.5110722610722611,0.4364577343300747,0.4182577565632458,0.3900753768844221,1,
Jason Craft,0.5117647058823529,0.6662198391420912,0.8149329929802169,0.8380716934487021,0.8146341463414634,0.8349455864570737,0,0.8334339167169583
Jason Fabini,0.1233243967828418,0.0887045309508615,0.145859085290482,0.0512195121951219,0.0411124546553808,0.0325890162945081,0,0.1620011911852293
Jason Ferguson,0.2278056951423785,0.5260586319218241,0.6177847113884556,0.8139705882352941,0.6903485254691689,0.7128270580727505,0,0.8090234857849197
Jason Fisk,0.2358003442340791,0.4857621440536013,0.5993485342019544,0.6895475819032761,0.8595588235294118,0.8827077747989276,0,0.8347160178685387
Jason Gildon,0.1304347826086956,0.4283276450511945,0.6609294320137694,0.7504187604690117,0.8534201954397395,0.8502340093603744,0,0.9948529411764706
Jason Glenn,0.4128686327077748,0.4856413529036375,0.6044499381953028,0.6201219512195122,0.6172914147521161,0.5805672902836452,1,
Jason Hanson,0.3522058823529412,0.3760053619302949,0.372048500319081,0.3504326328800989,0.325,0.3591293833131802,0,0.3494266747133374
Jason Hatcher,0.5691007845503923,0.7391304347826086,0.7572115384615384,0.7589712918660287,0.6855123674911661,0.7911622276029056,0,0.8544685990338164
Jason Hunter,0.3977066988533494,0.5735556879094699,0.6935096153846154,0.8044258373205742,0.9075382803297998,0.8940677966101694,0,0.8278985507246377
Jason Jones,0.7271634615384616,0.7978468899521531,0.8981154299175501,0.851089588377724,0.842391304347826,0.7309766327142001,0,0.774597495527728
Jason Kelce,0.1035108958837772,0.1165458937198067,0.1180347513481126,0.1806797853309481,0.2362017804154302,0.2346041055718475,0,0.1226635514018691
Jason Kyle,0.2588235294117647,0.4752010723860589,0.5360561582641991,0.5327564894932015,0.4615853658536585,0.366384522370012,0,0.395896197948099
Jason McCourty,0.5077751196172249,0.6813898704358068,0.839588377723971,0.9106280193236715,0.8999400838825644,0.8896839594514013,0,0.7614243323442137
Jason McKie,0.1279357231149567,0.3554878048780487,0.3845223700120919,0.375980687990344,0.1155449672424061,0.134014423076923,1,
Jason Peters,0.4536585365853658,0.4836759371221282,0.4912492456246228,0.3609291244788564,0.125,0.2906698564593301,0,0.3480565371024735
Jason Pierre-Paul,0.6366313309776207,0.8662227602905569,0.9547101449275364,0.9592570401437986,0.951103160405486,0.884272997032641,0,0.9038123167155424
Jason Sehorn,0.7487091222030982,0.948073701842546,0.9495114006514658,0.7301092043681747,0.7492647058823529,0.8907506702412868,0,0.9215060625398852
Jason Simmons,0.6169117647058824,0.6387399463806971,0.7121888959795788,0.6489493201483313,0.7335365853658536,0.7273276904474002,0,0.7688593844296923
Jason Snelling,0.1620011911852293,0.5438701923076923,0.5484449760765551,0.5530035335689046,0.5030266343825666,0.5283816425120773,0,0.5410425404433793
Jason Taylor,0.474036850921273,0.7654723127035831,0.8736349453978159,0.9875,0.9979892761394102,1.0,0,1.0
Jason Trusnik,0.4341870160810006,0.5510817307692307,0.729066985645933,0.7632508833922261,0.7330508474576272,0.6135265700483091,0,0.6183343319352906
Jason Verrett,0.5503875968992248,0.7863501483679525,0.8258064516129032,0.8072429906542056,0.5408284023668639,0.1192605843768634,0,0.6765734265734266
Jason Webster,0.7485294117647059,0.8773458445040214,0.9457562220804084,0.8702101359703337,0.8128048780487804,0.8083434099153567,0,0.8889559444779722
Jason Williams,0.1919856459330143,0.6154299175500589,0.6749394673123487,0.6902173913043478,0.6213301378070701,0.4722719141323792,1,
Jason Witten,0.2428924598269468,0.3939024390243902,0.4347037484885127,0.4345202172601086,0.3722453841572364,0.2878605769230769,0,0.3038277511961722
Jasper Brinkley,0.5723684210526315,0.5995288574793876,0.5780871670702179,0.75,0.7651288196524865,0.8437686344663089,0,0.8664688427299704
Jay Bellamy,0.3958691910499139,0.5443886097152428,0.8469055374592834,0.858034321372855,0.9845588235294118,0.9684986595174264,0,0.978940650925335
Jay Cutler,0.0941460470730235,0.1399642644431209,0.2001201923076923,0.2960526315789473,0.3021201413427561,0.2808716707021791,0,0.2638888888888889
Jay Feely,0.2969168900804289,0.3375877472878111,0.4017305315203955,0.3384146341463415,0.3712212817412333,0.3427881713940857,0,0.4175104228707564
Jay Foreman,0.6352941176470588,0.824396782841823,0.9074664964901084,0.946847960444994,0.9189024390243904,0.8313180169286578,1,
Jay Ratliff,0.4582829504232164,0.7103198551599276,0.790946992257296,0.8888221153846154,0.930023923444976,0.9452296819787986,0,0.9019370460048426
Jay Williams,0.0887772194304857,0.1693811074918566,0.3432137285491419,0.7610294117647058,0.8103217158176944,0.8442884492661136,0,0.8016069221260815
Jaylen Watkins,0.2409063804412641,0.3673590504451038,0.5366568914956011,0.5747663551401869,0.5745562130177515,0.5551580202742994,0,0.5262237762237763
Jaylon Smith,0.7494158878504673,0.9201183431952664,0.9838998211091234,0.9918414918414918,0.9666474985623922,0.9099045346062052,0,0.7135678391959799
Jayme Mitchell,0.6143633071816536,0.6545562835020846,0.6580528846153846,0.513755980861244,0.4623085983510012,0.660411622276029,1,
Jayon Brown,0.6325934579439252,0.8946745562130177,0.9564698867024448,0.976107226107226,0.9183438757906844,0.8418854415274463,1,
Jayron Kearse,0.4914956011730205,0.5414719626168224,0.6207100591715976,0.6571258199165176,0.7441724941724942,0.8608395629672225,0,0.9176610978520288
Jayrone Elliott,0.4472271914132379,0.6516320474777448,0.7079178885630498,0.6845794392523364,0.5260355029585799,0.2778771615980918,0,0.4831002331002331
Je'Rod Cherry,0.1074918566775244,0.1076443057722308,0.5154411764705882,0.4785522788203753,0.5290363752393108,0.5877626699629172,0,0.5756097560975609
Jean-Philippe Darche,0.3742647058823529,0.3605898123324397,0.3554562858966177,0.3510506798516687,0.3884146341463415,0.4129383313180169,0,0.3608931804465902
Jeff Backus,0.3217158176943699,0.2807913209955329,0.3108776266996291,0.1310975609756097,0.1469165659008464,0.2154496077248038,0,0.1995235259082787
Jeff Barnes,0.1358885017421602,0.1848184818481848,0.1257668711656441,0.1628440366972477,0.1584158415841584,0.3455598455598455,0,0.5397412199630314
Jeff Bryant,0.4013761467889908,0.7108910891089109,0.9015444015444016,0.955637707948244,0.9007352941176472,0.8690476190476191,0,0.7735849056603774
Jeff Burris,0.2325141776937618,0.4078498293515358,0.5645438898450946,0.5745393634840871,0.6156351791530945,0.7051482059282371,0,0.9338235294117648
Jeff Cross,0.424015009380863,0.9362101313320824,0.975609756097561,0.9609665427509294,0.8007590132827325,0.8393194706994329,0,0.8805460750853242
Jeff Cumberland,0.1035108958837772,0.1739130434782608,0.231276213301378,0.2128801431127012,0.2902077151335311,0.2545454545454545,0,0.2914719626168224
Jeff Donaldson,0.1645101663585952,0.5220588235294118,0.8943452380952381,0.930188679245283,0.9174484052532832,0.8461538461538461,0,0.6547842401500938
Jeff Dugan,0.1506097560975609,0.1644498186215235,0.2715751357875678,0.3853484216795712,0.3930288461538461,0.3923444976076555,0,0.2703180212014134
Jeff Faine,0.0797280593325092,0.2060975609756097,0.2218863361547763,0.1713940856970428,0.0327575938058368,0.0372596153846153,0,0.0873205741626794
Jeff Feagles,0.175,0.0509383378016085,0.2086790044671346,0.2954264524103832,0.3371951219512195,0.3162031438935913,0,0.2190706095353047
Jeff Garcia,0.1233243967828418,0.0887045309508615,0.2058096415327565,0.2774390243902439,0.2883917775090689,0.2226916113458056,0,0.4961286480047647
Jeff Gooch,0.503257328990228,0.5179407176287052,0.774264705882353,0.6293565683646113,0.7134652201659222,0.7200247218788628,0,0.6951219512195121
Jeff Griffin,0.2269938650306748,0.4449541284403669,0.3782178217821782,0.3088803088803089,0.0850277264325323,0.0955882352941176,0,0.1577380952380952
Jeff Hartings,0.2588235294117647,0.131367292225201,0.158264199106573,0.1915945611866502,0.1701219512195122,0.2750906892382104,1,
Jeff Heath,0.7303774715398442,0.7394156231365534,0.8255192878338279,0.7724340175953079,0.9001168224299065,0.9266272189349112,0,0.9218843172331544
Jeff Herrod,0.1264150943396226,0.5872420262664165,0.7523452157598499,0.8874296435272045,0.862453531598513,0.9316888045540797,0,0.9073724007561436
Jeff King,0.2572960095294818,0.2608173076923077,0.3127990430622009,0.2597173144876325,0.360774818401937,0.3894927536231884,1,
Jeff Lageman,0.3395872420262664,0.4615384615384615,0.8273921200750469,0.6747211895910781,0.7874762808349146,0.7712665406427222,0,0.8720136518771331
Jeff Posey,0.1824104234527687,0.3151326053042121,0.7044117647058824,0.675603217158177,0.8379068283343969,0.9283065512978986,0,0.9640243902439024
Jeff Reed,0.1289087428206764,0.1915945611866502,0.275,0.2515114873035066,0.2981291490645745,0.3519952352590828,0,0.4008413461538461
Jeff Robinson,0.239089184060721,0.2911153119092627,0.3686006825938566,0.2117039586919105,0.2696817420435511,0.1840390879478827,0,0.1638065522620904
Jeff Saturday,0.2588235294117647,0.2707774798927614,0.3024888321633694,0.4857849196538937,0.4878048780487805,0.5411124546553809,0,0.4894387447193724
Jeff Siemon,0.3563218390804598,0.5628140703517588,0.696078431372549,0.726457399103139,0.6265560165975104,0.5,1,
Jeff Stover,0.3532110091743119,0.5227722772277228,0.4729729729729729,0.5194085027726433,0.6047794117647058,0.7410714285714286,1,
Jeff Ulbrich,0.2676470588235294,0.7131367292225201,0.8117421825143587,0.8936959208899876,0.901219512195122,0.8712212817412334,0,0.8304164152082076
Jeff Wilkins,0.3733243967828418,0.385449904275686,0.4400494437577256,0.4304878048780488,0.4413542926239419,0.424260712130356,0,0.3305539011316259
Jeff Wright1,0.4655172413793103,0.6934673366834171,0.8725490196078431,0.7623318385650224,0.6141078838174274,0.2480314960629921,0,0.2463235294117647
Jeff Wright2,0.2056603773584905,0.4315196998123827,0.7861163227016885,0.8048780487804879,0.8494423791821561,0.7533206831119544,0,0.7277882797731569
Jeff Zgonina,0.1204819277108433,0.2328308207705192,0.2345276872964169,0.3510140405616224,0.6838235294117647,0.7587131367292225,0,0.8213146139119336
Jerald Sowell,0.4794117647058823,0.5093833780160858,0.562858966177409,0.5630407911001236,0.5054878048780488,0.4727932285368803,1,
Jerametrius Butler,0.4698391420911528,0.4869176770899808,0.7855377008652658,0.8829268292682927,0.8845223700120919,0.7495473747736874,0,0.5318642048838594
Jerel Worthy,0.6014492753623188,0.6261234272019173,0.6058437686344663,0.1394658753709199,0.4592375366568915,0.5,0,0.5124260355029586
Jeremiah Attaochu,0.6040548598688134,0.7721068249258161,0.8175953079178886,0.7745327102803738,0.6715976331360947,0.7078115682766846,0,0.8199300699300699
Jeremiah Castille,0.4138613861386138,0.5907335907335908,0.8410351201478743,0.6727941176470589,0.5625,0.3433962264150943,1,
Jeremy Cain,0.2810975609756098,0.4226118500604595,0.4266747133373567,0.3895175699821322,0.1033653846153846,0.2595693779904306,0,0.290341578327444
Jeremy Lane,0.4885265700483092,0.5626123427201918,0.6356589147286822,0.7364985163204748,0.7730205278592376,0.768107476635514,1,
Jeremy Lincoln,0.4819734345351044,0.5689981096408318,0.7235494880546075,0.5249569707401033,0.3969849246231156,0.2035830618892508,0,0.2371294851794071
Jeremy Maclin,0.1429425837320574,0.2597173144876325,0.3177966101694915,0.2626811594202898,0.1839424805272618,0.4162194394752534,0,0.4308605341246291
Jeremy Mincey,0.4913639070875521,0.5685096153846154,0.5651913875598086,0.6672555948174322,0.8868038740920097,0.9353864734299516,0,0.9173157579388856
Jeremy Newberry,0.1233243967828418,0.2188895979578813,0.2972805933250927,0.248780487804878,0.2750906892382104,0.1738080869040434,0,0.2715902322811197
Jeremy Shockey,0.2935545628589662,0.3213844252163164,0.3134146341463414,0.1185006045949214,0.048280024140012,0.2459797498511018,0,0.2566105769230769
Jerheme Urban,0.2115853658536585,0.2249093107617896,0.2329511164755582,0.2686122692078618,0.4266826923076923,0.4401913875598086,1,
Jerick McKinnon,0.1282051282051282,0.3270029673590504,0.3747800586510263,0.3989485981308411,0.3236686390532544,0.2528324388789505,0,0.2395104895104895
Jeris White,0.2240663900414937,0.6023622047244095,0.8345588235294118,0.8850174216027874,0.8151815181518152,0.4386503067484663,0,0.4610091743119266
Jermaine Gresham,0.1472320376914016,0.2433414043583535,0.3103864734299517,0.2917914919113241,0.1419200954084675,0.2397626112759644,0,0.3196480938416422
Jermaine Kearse,0.2904589371980676,0.4529658478130617,0.5599284436493739,0.5590504451038576,0.5425219941348973,0.3697429906542056,1,
Jermaine Phillips,0.4684109763880025,0.7088998763906057,0.775609756097561,0.8022974607013301,0.9004224502112251,0.95473496128648,0,0.9861778846153846
Jermaine Wiggins,0.175,0.225201072386059,0.2444160816847479,0.2107540173053152,0.0512195121951219,0.1856106408706166,0,0.2371756185878093
Jermelle Cudjo,0.4734982332155477,0.4757869249394673,0.5676328502415459,0.5560215698022768,0.5485986881335718,0.4652818991097923,1,
Jermey Parnell,0.1068840579710145,0.0575194727381665,0.0524746571258199,0.1329376854599406,0.2205278592375366,0.308411214953271,0,0.3449704142011834
Jermichael Finley,0.2301682692307692,0.2565789473684211,0.3103651354534746,0.2052058111380145,0.2717391304347826,0.2917914919113241,1,
Jermon Bushrod,0.0873205741626794,0.1472320376914016,0.1937046004842615,0.2077294685990338,0.2792091072498502,0.3136553369111509,0,0.31513353115727
Jerod Mayo,0.703125,0.8397129186602871,0.9558303886925796,0.9594430992736076,0.9879227053140096,0.952067106051528,0,0.9278473464519976
Jerome Henderson,0.2195121951219512,0.587360594795539,0.5332068311195446,0.4196597353497164,0.0631399317406143,0.1514629948364888,0,0.4472361809045226
Jerome McDougle,0.4431396786155748,0.5567073170731708,0.5592503022974608,0.584188292094146,0.49434187016081,0.5126201923076923,1,
Jerome Sally,0.0458715596330275,0.3049504950495049,0.3938223938223938,0.5064695009242144,0.4356617647058823,0.5580357142857143,1,
Jerome Woods,0.5979899497487438,0.8224755700325733,0.9032761310452418,0.9264705882352942,0.9202412868632708,0.8602425015954053,0,0.9443757725587144
Jeromey Clary,0.1042287075640262,0.1442307692307692,0.263755980861244,0.2703180212014134,0.2354721549636803,0.1340579710144927,0,0.2354703415218693
Jeron Johnson,0.3765133171912833,0.5929951690821256,0.6255242660275614,0.6302921884317233,0.5905044510385756,0.5982404692082112,1,
Jerramy Stevens,0.1279357231149567,0.3067073170731707,0.3603385731559855,0.3675316837658419,0.3138773079213818,0.2878605769230769,0,0.2362440191387559
Jerraud Powers,0.6746411483253588,0.7756183745583038,0.8638014527845036,0.8291062801932367,0.8448172558418214,0.8598688133571855,0,0.8937685459940653
Jerrell Freeman,0.8055555555555556,0.9778310365488316,0.9946332737030412,0.9928783382789318,0.9390029325513196,0.8896028037383178,1,
Jerricho Cotchery,0.4317073170731707,0.4667472793228537,0.4858177429088715,0.4204883859440143,0.3936298076923077,0.3881578947368421,0,0.3892815076560659
Jerrol Williams,0.2345215759849906,0.3564727954971857,0.7373358348968105,0.8754646840148699,0.8026565464895635,0.5444234404536862,0,0.068259385665529
Jerry Azumah,0.5551470588235294,0.7426273458445041,0.8519463943841736,0.9060568603213844,0.9628048780487805,0.9298669891172914,1,
Jerry Ball,0.2693452380952381,0.3415094339622641,0.6529080675422139,0.6679174484052532,0.6941838649155723,0.5687732342007435,0,0.7077798861480076
Jerry Boyarsky,0.0831683168316831,0.0617760617760617,0.11090573012939,0.0514705882352941,0.3035714285714285,0.1452830188679245,1,
Jerry Gray,0.6029411764705882,0.8199404761904762,0.920754716981132,0.9080675422138836,0.8911819887429644,0.8686679174484052,0,0.8438661710037175
Jerry Holmes,0.5368098159509203,0.768348623853211,0.8891089108910891,0.6486486486486487,0.4695009242144177,0.4908088235294117,0,0.7023809523809523
Jerry Olsavsky,0.2007504690431519,0.2645403377110694,0.2833020637898686,0.0594795539033457,0.064516129032258,0.0699432892249527,0,0.1928327645051194
Jerry Porter,0.425,0.4376675603217158,0.4518187619655393,0.5599505562422744,0.5365853658536586,0.5326481257557436,0,0.208207604103802
Jerry Robinson,0.3102310231023102,0.6779141104294478,0.8371559633027523,0.8930693069306931,0.7644787644787645,0.5434380776340111,0,0.7481617647058824
Jerry Sherk,0.2554744525547445,0.160919540229885,0.2060301507537688,0.0245098039215686,0.0179372197309417,0.0705394190871369,1,
Jerry Wilson,0.1658291457286432,0.2817589576547231,0.4633385335413416,0.7661764705882353,0.7486595174262735,0.6745373324824505,0,0.7521631644004945
Jesse Baker,0.7591743119266054,0.8178217821782178,0.9362934362934364,0.8040665434380776,0.7463235294117647,0.6130952380952381,1,
Jesse Campbell,0.1802656546489563,0.5841209829867675,0.6194539249146758,0.7332185886402753,0.6063651591289783,0.6710097719869706,1,
Jesse Chatman,0.2399489470325462,0.5135970333745364,0.5396341463414634,0.5344619105199516,0.4109837054918527,0.2167957117331745,0,0.3876201923076923
Jesse James,0.1612903225806451,0.1308411214953271,0.3106508875739645,0.2731067382230173,0.2651515151515151,0.5054629097182288,1,
Jesse Solomon,0.3639705882352941,0.8616071428571429,0.9849056603773584,0.949343339587242,0.8180112570356473,0.0469043151969981,0,0.533457249070632
Jessie Armstead,0.2561669829222011,0.4952741020793951,0.7218430034129693,0.8674698795180723,0.9530988274706867,0.98371335504886,0,0.9968798751950078
Jessie Tuggle,0.3125,0.1830188679245283,0.4559099437148217,0.5590994371482176,0.8236397748592871,0.9256505576208178,0,0.937381404174573
Jevon Kearse,0.717628705148206,0.963970588235294,0.9966487935656836,0.95405232929164,0.9505562422744128,0.9371951219512196,0,0.9691656590084644
Jevon Langford,0.2271944922547332,0.2864321608040201,0.3615635179153094,0.2074882995319812,0.5676470588235294,0.470509383378016,1,
Jim Burt,0.0596330275229357,0.0653465346534653,0.4362934362934363,0.5545286506469501,0.7169117647058824,0.6741071428571429,0,0.5962264150943396
Jim Flanigan,0.4709897610921502,0.5697074010327022,0.8224455611390284,0.8257328990228013,0.875195007800312,0.901470588235294,0,0.8693029490616622
Jim Haslett,0.2160278745644599,0.4818481848184818,0.3711656441717791,0.1697247706422018,0.0118811881188118,0.528957528957529,0,0.7929759704251387
Jim Jeffcoat,0.0594059405940594,0.4903474903474903,0.8817005545286506,0.9705882352941176,0.96875,0.9132075471698112,0,0.902439024390244
Jim Kleinsasser,0.2588235294117647,0.2158176943699732,0.1646458200382897,0.2484548825710754,0.1701219512195122,0.2726723095525997,0,0.1804465902232951
Jim Kovach,0.1023102310231023,0.7208588957055214,0.8853211009174312,0.9207920792079208,0.7702702702702703,0.6414048059149723,1,
Jim Laslavic,0.1666666666666666,0.3946188340807174,0.5684647302904564,0.5354330708661418,0.4117647058823529,0.156794425087108,0,0.2904290429042904
Jim LeClair,0.3542600896860987,0.4854771784232365,0.5787401574803149,0.4595588235294117,0.4076655052264808,0.297029702970297,0,0.1533742331288343
Jim Leonhard,0.3966142684401451,0.4791792395896198,0.7111375818939845,0.8215144230769231,0.9204545454545454,0.9045936395759716,0,0.8746973365617433
Jim Lynch,0.696969696969697,0.5912408759124088,0.5057471264367817,0.3165829145728643,0.1274509803921568,0.1524663677130044,0,0.2406639004149377
Jim Marsalis,0.7676767676767676,0.7226277372262774,0.7528735632183908,0.7135678391959799,0.5882352941176471,0.452914798206278,0,0.0746887966804979
Jim Nelson,0.15600624024961,0.5882352941176471,0.6715817694369973,0.6336949585194639,0.6847960444993819,0.7298780487804878,0,0.7128174123337364
Jim Ryan,0.2607260726072607,0.1717791411042944,0.1009174311926605,0.0118811881188118,0.4073359073359073,0.5471349353049908,0,0.6452205882352942
Jim Skow,0.0992647058823529,0.3943452380952381,0.6226415094339622,0.7129455909943715,0.724202626641651,0.5084427767354597,1,
Jim Wilks,0.3440366972477064,0.594059405940594,0.6872586872586872,0.6210720887245841,0.59375,0.6458333333333334,0,0.6566037735849056
Jim Youngblood,0.1909547738693467,0.1617647058823529,0.1928251121076233,0.3360995850622407,0.6220472440944882,0.7830882352941176,0,0.951219512195122
Jimmie Jones,0.2213883677298311,0.3527204502814259,0.4442379182156133,0.4307400379506641,0.5671077504725898,0.515358361774744,0,0.5989672977624785
Jimmy Allen,0.1883408071748878,0.1950207468879668,0.6771653543307087,0.8198529411764706,0.902439024390244,0.900990099009901,0,0.9294478527607362
Jimmy Graham,0.1472320376914016,0.1186440677966101,0.1225845410628019,0.2240862792091072,0.5342874180083482,0.5204747774480712,0,0.5243401759530791
Jimmy Hitchcock,0.2581755593803786,0.6633165829145728,0.9413680781758956,0.9765990639625584,0.9801470588235294,0.9302949061662198,1,
Jimmy Kennedy,0.2200247218788628,0.4640243902439024,0.6674727932285369,0.7386843693421846,0.7397260273972602,0.6628605769230769,0,0.6279904306220095
Jimmy Smith,0.3102941176470588,0.1963806970509383,0.1550733886407147,0.1915945611866502,0.3048780487804878,0.3760580411124546,0,0.3246831623415812
Jimmy Spencer,0.4858223062381852,0.6996587030716723,0.8743545611015491,0.7252931323283082,0.6482084690553745,0.5132605304212169,0,0.8845588235294117
Jimmy Wilkerson,0.4505562422744129,0.5158536585365854,0.6051995163240629,0.616173808086904,0.6372840976771889,0.7277644230769231,0,0.8606459330143541
Jimmy Williams1,0.0825688073394495,0.1049504950495049,0.1274131274131274,0.1977818853974122,0.3216911764705882,0.6369047619047619,0,0.5094339622641509
Jimmy Williams2,0.3733243967828418,0.4569240587109126,0.5859085290482077,0.651219512195122,0.7243047158403869,0.7006638503319251,0,0.6475558237779119
Jo-Lonn Dunbar,0.4603365384615384,0.555622009569378,0.64075382803298,0.715496368038741,0.8731884057971014,0.8681845416417017,0,0.8449612403100775
Joe Andruzzi,0.5235294117647059,0.5221179624664879,0.5245692405871091,0.0871446229913473,0.0274390243902439,0.0326481257557436,0,0.0941460470730235
Joe Barksdale,0.1677651288196525,0.2206320810971973,0.2189910979228486,0.1196480938416422,0.0420560747663551,0.1159763313609467,1,
Joe Beauchamp,0.3535353535353535,0.7956204379562044,0.9597701149425288,0.9346733668341708,0.8382352941176471,0.3677130044843049,1,
Joe Berger,0.0873205741626794,0.3274440518256772,0.3032687651331719,0.2995169082125604,0.2240862792091072,0.2695289206917114,0,0.3109792284866469
Joe Bowden,0.191650853889943,0.1871455576559546,0.5887372013651877,0.7177280550774526,0.8743718592964824,0.9039087947882736,0,0.9204368174726988
Joe Cain,0.1425891181988743,0.5371747211895911,0.5009487666034156,0.4253308128544423,0.0631399317406143,0.3115318416523235,1,
Joe Federspiel,0.0804020100502512,0.25,0.2825112107623318,0.1701244813278008,0.0275590551181102,0.2536764705882353,0,0.3066202090592334
Joe Haden,0.8203769140164899,0.8789346246973365,0.9504830917874396,0.9233073696824444,0.9522957662492546,0.9002967359050446,0,0.8750733137829912
Joe Hawley,0.1035108958837772,0.1165458937198067,0.2354703415218693,0.2206320810971973,0.3198813056379821,0.3542521994134897,1,
Joe Horn,0.2588235294117647,0.3686327077747989,0.3841735800893427,0.4091470951792336,0.3341463414634146,0.3282950423216445,0,0.2703681351840676
Joe Johnson,0.3572778827977316,0.621160409556314,0.8072289156626506,0.8592964824120602,0.8973941368078175,0.7316692667706708,0,0.9316176470588236
Joe Jurevicius,0.2588235294117647,0.2158176943699732,0.1646458200382897,0.2058096415327565,0.1115853658536585,0.2291414752116082,0,0.2389861194930597
Joe Kelly,0.1323529411764706,0.4523809523809524,0.3283018867924528,0.5853658536585366,0.5215759849906192,0.7354596622889306,0,0.3066914498141264
Joe Klecko,0.110091743119266,0.4831683168316831,0.5444015444015444,0.7541589648798521,0.7205882352941176,0.7901785714285714,1,
Joe Lavender,0.392156862745098,0.7668161434977578,0.946058091286307,0.9566929133858268,0.9080882352941176,0.8153310104529616,0,0.9372937293729372
Joe Mays,0.5496411483253588,0.6189634864546525,0.690677966101695,0.6950483091787439,0.7483523067705212,0.7137745974955277,0,0.6753709198813056
Joe Nedney,0.2969168900804289,0.393107849393746,0.4264524103831891,0.3615853658536585,0.2212817412333736,0.1852745926372963,0,0.2829064919594997
Joe Phillips,0.5029761904761905,0.5566037735849056,0.649155722326454,0.4371482176360225,0.4596622889305816,0.4591078066914498,0,0.5123339658444023
Joe Reitz,0.1658595641646489,0.2391304347826087,0.2396644697423607,0.0524746571258199,0.2124629080118694,0.2428152492668621,1,
Joe Salave'a,0.0732899022801303,0.078003120124805,0.600735294117647,0.6166219839142091,0.6158264199106573,0.4833127317676143,0,0.572560975609756
Joe Schobert,0.5290322580645161,0.8814252336448598,0.9698224852071006,0.9970184853905784,0.9982517482517482,0.9971247843588268,0,0.9719570405727924
Joe Staley,0.1620011911852293,0.3497596153846153,0.3642344497607656,0.3392226148409894,0.137409200968523,0.1340579710144927,0,0.1791491911324146
Joe Tafoya,0.1233243967828418,0.4850031908104658,0.5482076637824475,0.5384146341463415,0.6311970979443773,0.6397103198551599,0,0.6944609886837403
Joe Thomas,0.1042287075640262,0.2265625,0.3415071770334928,0.3586572438162544,0.3650121065375302,0.3568840579710144,0,0.3361294188136609
Joe Webb,0.1677651288196525,0.2206320810971973,0.4890207715133531,0.5085043988269795,0.5490654205607477,0.4733727810650887,0,0.4406678592725104
Joe Zelenka,0.3235294117647059,0.3632707774798928,0.3439693682195278,0.365265760197775,0.2451219512195122,0.3597339782345828,0,0.3077851538925769
Joel Bitonio,0.1806797853309481,0.2362017804154302,0.2797653958944281,0.3685747663551402,0.3781065088757396,0.3673225998807394,0,0.2243589743589743
Joel Dreessen,0.2212817412333736,0.2317441158720579,0.4371649791542585,0.4591346153846153,0.4940191387559808,0.4793875147232038,0,0.4606537530266343
Joel Smeenge,0.0910780669144981,0.1499051233396584,0.1550094517958412,0.5358361774744027,0.6454388984509466,0.7872696817420436,0,0.7833876221498371
Joel Steed,0.2485768500948766,0.4933837429111531,0.5733788395904437,0.4423407917383821,0.3366834170854271,0.4413680781758957,0,0.5725429017160687
Joel Williams,0.4059405940594059,0.3895705521472393,0.4655963302752293,0.2811881188118812,0.1949806949806949,0.0573012939001848,0,0.2371323529411764
Joey Browner,0.500990099009901,0.7027027027027027,0.9574861367837338,0.9908088235294118,0.9985119047619048,1.0,0,0.9887429643527204
Joey Galloway,0.1289087428206764,0.265142150803461,0.3414634146341463,0.3343409915356711,0.3922751961375981,0.3400833829660512,0,0.3161057692307692
Joey Porter,0.3962558502340094,0.8897058823529411,0.9792225201072386,0.9974473516273132,0.9944375772558716,0.9902439024390244,0,0.9824667472793228
John Abraham,0.6779411764705883,0.9490616621983914,0.98468410976388,0.9870210135970334,0.9603658536585366,0.9794437726723096,0,0.983705491852746
John Anderson,0.4926470588235294,0.445993031358885,0.4884488448844885,0.5705521472392638,0.9059633027522936,0.9762376237623762,0,0.9787644787644788
John Booty,0.3264150943396226,0.4371482176360225,0.4821763602251407,0.3602251407129456,0.516728624535316,0.7286527514231499,0,0.8204158790170132
John Browning,0.1944922547332186,0.3735343383584589,0.3843648208469055,0.2761310452418096,0.6801470588235294,0.735254691689008,0,0.8321633694958519
John Bunting,0.3793103448275862,0.371859296482412,0.5392156862745098,0.4080717488789238,0.4149377593360996,0.1181102362204724,0,0.1397058823529411
John Cannon,0.2356435643564356,0.4227799227799227,0.5767097966728281,0.6158088235294118,0.7574404761904762,0.6735849056603773,0,0.5722326454033771
John Carlson,0.5150240384615384,0.5245215311004785,0.5300353356890459,0.3032687651331719,0.1225845410628019,0.2240862792091072,1,
John Copeland,0.3225806451612903,0.4612476370510397,0.7389078498293515,0.7142857142857143,0.7738693467336684,0.5716612377850163,0,0.6599063962558502
John Denney,0.3446191051995163,0.5015087507543754,0.5080405002977963,0.5090144230769231,0.4383971291866029,0.4487632508833922,0,0.4364406779661017
John Dutton,0.4455445544554455,0.3282208588957055,0.6055045871559633,0.6178217821782178,0.6583011583011583,0.6284658040665434,0,0.5900735294117647
John Engelberger,0.6389705882352941,0.8237265415549598,0.8276962348436503,0.8529048207663782,0.8932926829268293,0.8996372430471584,0,0.8732649366324683
John Gilmore,0.1915945611866502,0.4378048780487805,0.4546553808948005,0.4550392275196138,0.3680762358546754,0.3521634615384615,0,0.3654306220095694
John Hall,0.3911764705882353,0.4142091152815013,0.4211869814932993,0.411619283065513,0.3762195121951219,0.4117291414752116,1,
John Harris,0.5073529411764706,0.6202090592334495,0.8745874587458746,0.950920245398773,0.9518348623853212,0.8534653465346534,0,0.6042471042471043
John Henderson,0.7230376515634971,0.8683559950556242,0.9408536585365852,0.9177750906892382,0.8630054315027158,0.8350208457415128,0,0.7932692307692307
John Holecek,0.3199329983249581,0.3273615635179153,0.592823712948518,0.8235294117647058,0.8357908847184986,0.7581365666879387,1,
John Holt,0.2300613496932515,0.1651376146788991,0.6257425742574257,0.581081081081081,0.756007393715342,0.7316176470588235,1,
John Hughes,0.6123188405797102,0.7147992810065907,0.7280858676207513,0.7388724035608308,0.6944281524926686,0.6769859813084113,1,
John Jerry,0.2192028985507246,0.188735769922109,0.3643410852713178,0.2747774480712166,0.3143695014662757,0.2248831775700934,0,0.2213017751479289
John Jurkovic,0.174721189591078,0.4383301707779886,0.4139886578449905,0.3156996587030716,0.2237521514629948,0.2077051926298157,0,0.2899022801302932
John Kuhn,0.3059746529873265,0.4264443120905301,0.4573317307692308,0.4700956937799043,0.469964664310954,0.4382566585956416,0,0.4148550724637681
John Lynch,0.3122866894197952,0.6901893287435457,0.8911222780569514,0.9446254071661238,0.9110764430577224,0.9536764705882352,0,0.9544235924932976
John Mangum,0.2964352720450281,0.275092936802974,0.3586337760910816,0.2948960302457467,0.4419795221843003,0.3975903614457831,0,0.6030150753768844
John McCargo,0.3566686783343392,0.6140559857057772,0.6135817307692307,0.6261961722488039,0.4575971731448763,0.4788135593220339,1,
John Mobley,0.2994836488812392,0.7403685092127303,0.8648208469055375,0.797191887675507,0.8455882352941176,0.8719839142091153,0,0.9355456285896616
John Offerdahl,0.5643382352941176,0.7395833333333334,0.8981132075471698,0.774859287054409,0.9718574108818012,0.926829268292683,0,0.9237918215613384
John Outlaw,0.7445255474452555,0.6379310344827587,0.8492462311557789,0.6813725490196079,0.8385650224215246,0.7800829875518672,0,0.7952755905511811
John Owens,0.0727504786215698,0.1279357231149567,0.1823170731707317,0.1469165659008464,0.156306578153289,0.2543180464562239,0,0.3335336538461538
John Parrella,0.079696394686907,0.1153119092627599,0.2013651877133105,0.3149741824440619,0.4455611390284757,0.498371335504886,0,0.6505460218408736
John Phillips,0.1429425837320574,0.1472320376914016,0.5411622276029056,0.591183574879227,0.6177351707609346,0.5241502683363148,0,0.4635014836795252
John Pitts,0.2222222222222222,0.4233576642335766,0.5,0.3919597989949748,0.2647058823529412,0.2197309417040358,1,
John Rade,0.4851485148514851,0.4343629343629344,0.6857670979667283,0.6544117647058824,0.8422619047619048,0.730188679245283,1,
John Randle,0.0562851782363977,0.3808630393996248,0.6951672862453532,0.857685009487666,0.9489603024574668,0.9675767918088736,0,0.9707401032702238
John Rowser,0.5353535353535354,0.927007299270073,0.9367816091954024,1.0,0.9852941176470588,0.9282511210762332,0,0.921161825726141
John Simon2,0.2756141402037148,0.5271317829457365,0.7175074183976261,0.832258064516129,0.905373831775701,0.8597633136094674,0,0.8676207513416816
John St. Clair,0.0727504786215698,0.1279357231149567,0.2359756097560975,0.2073760580411124,0.1617380808690404,0.0327575938058368,0,0.0372596153846153
John Sullivan,0.0873205741626794,0.1996466431095406,0.1773607748184019,0.2566425120772946,0.1252246854403834,0.1323792486583184,0,0.0409495548961424
John Swain,0.2607361963190184,0.6009174311926605,0.7049504950495049,0.7258687258687259,0.6524953789279113,0.5606617647058824,1,
John Tait,0.2588235294117647,0.2158176943699732,0.1646458200382897,0.145859085290482,0.2402439024390243,0.2575574365175332,0,0.2745926372963186
John Thierry,0.4675767918088737,0.5301204819277109,0.6733668341708543,0.6693811074918566,0.7956318252730109,0.9,0,0.8806970509383378
John Thornton,0.0525328330206379,0.0669144981412639,0.0759013282732447,0.0699432892249527,0.0631399317406143,0.06368330464716,0,0.0586264656616415
John Turner,0.1727941176470588,0.4529616724738676,0.759075907590759,0.5950920245398773,0.8623853211009175,0.902970297029703,0,0.9401544401544402
John Welbourn,0.175,0.0509383378016085,0.1001914486279515,0.0797280593325092,0.1310975609756097,0.1590084643288996,1,
John Wendling,0.4865991661703395,0.5462740384615384,0.6339712918660287,0.6431095406360424,0.6422518159806295,0.6280193236714976,0,0.6171360095865788
Johnathan Cyprien,0.774715398442181,0.8455575432319619,0.943026706231454,0.9407624633431084,0.9258177570093458,0.814792899408284,0,0.6267143709004174
Johnathan Ford,0.326518691588785,0.4562130177514792,0.4770423375074538,0.5,0.6653248993674525,0.8060859188544153,0,0.871859296482412
Johnathan Joseph,0.6065178032589016,0.813579511614056,0.900841346153846,0.9647129186602872,0.9528857479387516,0.9552058111380144,0,0.9269323671497584
Johnie Cooks,0.5756880733944955,0.7762376237623763,0.918918918918919,0.8687615526802218,0.8014705882352942,0.8511904761904762,0,0.7528301886792453
Johnnie Gray,0.1255605381165919,0.7634854771784232,0.8267716535433071,0.9227941176470588,0.8292682926829268,0.933993399339934,0,0.7085889570552147
Johnnie Johnson Jr.,0.6963696369636964,0.5644171779141104,0.658256880733945,0.6059405940594059,0.5772200772200772,0.7393715341959335,0,0.5367647058823529
Johnnie Morton,0.3102941176470588,0.2607238605898123,0.3261008296107211,0.2756489493201483,0.2676829268292683,0.2430471584038694,1,
Johnnie Poe,0.2760736196319018,0.2041284403669724,0.7207920792079208,0.6756756756756757,0.9001848428835489,0.8713235294117647,0,0.8720238095238095
Johnny Holland,0.5163690476190477,0.4018867924528302,0.6941838649155723,0.5553470919324578,0.624765478424015,0.7955390334572491,0,0.9127134724857684
Johnny Jolly,0.2564876282438141,0.5920190589636688,0.6814903846153846,0.8026315789473685,0.7703180212014135,0.6900726392251816,0,0.0440821256038647
Johnny Lynn,0.3275261324041811,0.4026402640264026,0.6687116564417178,0.6605504587155964,0.805940594059406,0.6621621621621622,0,0.7153419593345656
Johnny Meads,0.0905730129390018,0.3841911764705882,0.7693452380952381,0.9169811320754716,0.8911819887429644,0.8555347091932458,1,
Johnny Rembert,0.4871287128712871,0.4498069498069498,0.4343807763401109,0.6948529411764706,0.8973214285714286,0.960377358490566,0,0.8799249530956847
Johnson Bademosi,0.4963768115942029,0.5416417016177352,0.5670840787119857,0.6130563798219585,0.6744868035190615,0.6828271028037384,0,0.6609467455621302
Joique Bell,0.1012956419316843,0.059322033898305,0.3417874396135266,0.4343918514080288,0.4257602862254025,0.3934718100890207,0,0.2797653958944281
Jon Beason,0.7432995830851697,0.8978365384615384,0.9844497607655502,0.9858657243816256,0.9352300242130752,0.8164251207729468,0,0.7597363690832835
Jon Condo,0.4079809410363311,0.4230769230769231,0.4808612440191387,0.6124852767962309,0.5907990314769975,0.6207729468599034,0,0.5344517675254643
Jon Dorenbos,0.0797280593325092,0.401219512195122,0.4316807738814994,0.4405552202776101,0.3948779035139964,0.3317307692307692,0,0.3809808612440191
Jon Feliciano,0.1226635514018691,0.1816568047337278,0.2850327966607036,0.2733100233100233,0.2202415181138585,0.0972553699284009,0,0.079145728643216
Jon Hand,0.4632352941176471,0.7321428571428571,0.7924528301886793,0.8724202626641651,0.8799249530956847,0.8536585365853658,0,0.6189591078066915
Jon Jansen,0.2588235294117647,0.131367292225201,0.2208040842373963,0.265142150803461,0.2536585365853658,0.3047158403869408,1,
Jon Kitna,0.3102941176470588,0.306970509383378,0.3005743458838545,0.2558714462299135,0.1823170731707317,0.1469165659008464,0,0.296318648159324
Jon McGraw,0.583918315252074,0.6316440049443758,0.7158536585365853,0.6874244256348246,0.6940253470126735,0.6170339487790352,0,0.6784855769230769
Jon Runyan1,0.2588235294117647,0.2158176943699732,0.1646458200382897,0.145859085290482,0.1926829268292683,0.2865779927448609,0,0.264333132166566
Jon Ryan,0.1695835847917924,0.163787969029184,0.1610576923076923,0.1919856459330143,0.1996466431095406,0.3220338983050847,0,0.2421497584541062
Jonas Jennings,0.2969168900804289,0.3152520740268028,0.3553770086526576,0.3018292682926829,0.2847642079806529,0.2703681351840676,1,
Jonathan Babineaux,0.5773881499395405,0.7091128545564273,0.8201310303752234,0.8509615384615384,0.9055023923444976,0.9352179034157831,0,0.9013317191283292
Jonathan Bostic,0.664469742360695,0.7477638640429338,0.7418397626112759,0.6539589442815249,0.6945093457943925,0.7970414201183432,0,0.8962432915921288
Jonathan Casillas,0.5041866028708134,0.5053003533568905,0.6543583535108959,0.7083333333333334,0.7783103654883163,0.7650566487775791,0,0.8041543026706232
Jonathan Fanene,0.2666263603385732,0.3735666867833433,0.5562835020845741,0.6177884615384616,0.8205741626794258,0.8085983510011778,0,0.8613801452784504
Jonathan Freeny,0.4770531400966183,0.5284601557819053,0.5807990459153249,0.7329376854599406,0.7747800586510264,0.7616822429906542,1,
Jonathan Goodwin,0.0797280593325092,0.0512195121951219,0.0411124546553808,0.0325890162945081,0.0327575938058368,0.125,1,
Jonathan Ogden,0.175,0.0509383378016085,0.2284620293554563,0.2354758961681087,0.2176829268292683,0.1789600967351874,0,0.1092335546167773
Jonathan Scott,0.0941460470730235,0.0589636688505062,0.0865384615384615,0.0370813397129186,0.0400471142520612,0.1035108958837772,1,
Jonathan Stewart,0.180889423076923,0.291866028708134,0.3339222614840989,0.2354721549636803,0.1340579710144927,0.1180347513481126,0,0.1282051282051282
Jonathan Vilma,0.8030487804878049,0.9510278113663844,0.9800844900422452,0.9458010720667064,0.919471153846154,0.9198564593301436,0,0.9793875147232036
Jonathan Weeks,0.336866902237927,0.324455205811138,0.4208937198067632,0.4613541042540443,0.4460345855694693,0.4599406528189911,0,0.4434017595307918
Jonathan Williams,0.2510263929618768,0.2260514018691588,0.2319526627218935,0.0363744782349433,0.0256410256410256,0.1897642323174238,0,0.3371121718377088
Jordan Babineaux,0.3725609756097561,0.7448609431680774,0.8231744115872058,0.9148302561048244,0.9140625,0.9485645933014354,0,0.9469964664310954
Jordan Black,0.0918984280532043,0.048280024140012,0.0446694460988683,0.0372596153846153,0.0370813397129186,0.1472320376914016,1,
Jordan Gross,0.1915945611866502,0.1701219512195122,0.1717049576783555,0.0941460470730235,0.2048838594401429,0.2139423076923076,0,0.3301435406698564
Jordan Howard,0.2639296187683284,0.2575934579439252,0.2621301775147929,0.0363744782349433,0.0256410256410256,0.0862564692351926,1,
Jordan Jenkins,0.7002932551319648,0.8317757009345794,0.9307692307692308,0.9445438282647584,0.9289044289044288,0.8550891316848763,1,
Jordan Miller,0.0440821256038647,0.1677651288196525,0.1449016100178891,0.1394658753709199,0.039882697947214,0.0420560747663551,0,0.0343195266272189
Jordan Reed,0.2409063804412641,0.285459940652819,0.2838709677419355,0.1226635514018691,0.1159763313609467,0.1067382230172927,0,0.1695804195804195
Jordan Richards,0.5762611275964392,0.6269794721407624,0.695677570093458,0.6857988165680473,0.7113893858079905,0.6468531468531469,0,0.5882691201840138
Jordan Senn,0.4639423076923077,0.5424641148325359,0.5842167255594818,0.799636803874092,0.7934782608695652,0.7962852007189934,1,
Jordan Willis,0.5508177570093458,0.6147928994082841,0.6392367322599881,0.6462703962703963,0.682576193214491,0.6945107398568019,1,
Jordy Nelson,0.180889423076923,0.2559808612440191,0.2797408716136631,0.2941888619854721,0.3188405797101449,0.3606950269622528,0,0.2128801431127012
Joselio Hanson,0.5,0.5048367593712213,0.592033796016898,0.6676593210244193,0.7836538461538461,0.8522727272727273,0,0.8380447585394581
Joseph Addai,0.0941460470730235,0.1399642644431209,0.1550480769230769,0.1668660287081339,0.1012956419316843,0.2052058111380145,1,
Joseph Jones,0.2914719626168224,0.4804733727810651,0.505664877757901,0.4953379953379953,0.4508338125359402,0.4624105011933174,0,0.4654522613065326
Joseph Nash,0.0321100917431192,0.1069306930693069,0.2297297297297297,0.3585951940850277,0.3713235294117647,0.4717261904761904,0,0.2509433962264151
Josh Bellamy,0.1630434782608695,0.3031755542240862,0.3005366726296959,0.4902077151335312,0.6052785923753665,0.5969626168224299,0,0.5644970414201184
Josh Bidwell,0.1233243967828418,0.0887045309508615,0.145859085290482,0.1310975609756097,0.1469165659008464,0.156306578153289,1,
Josh Brown,0.292336217552534,0.3817073170731707,0.4268440145102781,0.4091732045866023,0.3960690887432996,0.3846153846153846,0,0.4037081339712918
Josh Bullocks,0.6777509068923822,0.8044659022329511,0.901131625967838,0.8894230769230769,0.8283492822966507,0.6978798586572438,1,
Josh Bynes,0.5428743961352657,0.6536848412222888,0.7322599880739415,0.7899109792284866,0.8,0.8586448598130841,0,0.8627218934911243
Josh Cooper,0.4785757392878696,0.6033353186420488,0.6033653846153846,0.562799043062201,0.0400471142520612,0.0405569007263922,0,0.1068840579710145
Josh Evans1,0.0988274706867671,0.2019543973941368,0.3291731669266771,0.6220588235294118,0.7111260053619303,0.7753669432035737,0,0.7954264524103832
Josh Gordon,0.1068840579710145,0.1378070701018574,0.2719141323792486,0.2201780415430267,0.1730205278592375,0.0420560747663551,0,0.1159763313609467
Josh Hill,0.1677651288196525,0.4424567680381633,0.4534124629080118,0.4721407624633431,0.4106308411214953,0.3408284023668639,0,0.1502683363148479
Josh Johnson,0.1429425837320574,0.1472320376914016,0.1186440677966101,0.0440821256038647,0.0437387657279808,0.0429338103756708,0,0.0409495548961424
Josh Jones,0.679322429906542,0.7562130177514793,0.7489564698867024,0.75,0.6929269695227142,0.7291169451073986,1,
Josh Lambo,0.2635014836795252,0.2604105571847507,0.2476635514018691,0.0343195266272189,0.1067382230172927,0.0571095571095571,0,0.0862564692351926
Josh Mallard,0.5775366943203574,0.5840543881334982,0.5841463414634146,0.0326481257557436,0.6741098370549186,0.7540202501488982,0,0.7475961538461539
Josh Martin,0.566806470940683,0.5992844364937389,0.5982195845697329,0.5724340175953079,0.6413551401869159,0.6455621301775148,1,
Josh Mauga,0.4440518256772673,0.6004842615012107,0.6219806763285024,0.6225284601557819,0.6595110316040549,0.8130563798219584,1,
Josh Mauro,0.3744782349433512,0.6658753709198814,0.7190615835777127,0.7517523364485982,0.676923076923077,0.654144305307096,0,0.6264568764568764
Josh McCown,0.0797280593325092,0.1926829268292683,0.2865779927448609,0.264333132166566,0.1113758189398451,0.0372596153846153,0,0.0370813397129186
Josh Morgan,0.3004807692307692,0.3863636363636363,0.4181389870435806,0.3280871670702179,0.251207729468599,0.0575194727381665,0,0.1520572450805009
Josh Norman2,0.6491545893719807,0.6680647094068305,0.8115682766845558,0.9560830860534124,0.9917888563049854,0.9853971962616822,0,0.9804733727810652
Josh Reed,0.1289087428206764,0.3930778739184178,0.373170731707317,0.3960096735187424,0.1738080869040434,0.2298987492555092,0,0.1442307692307692
Josh Robinson,0.7022946859903382,0.7837028160575195,0.8574836016696482,0.7554896142433234,0.7120234604105572,0.5730140186915887,0,0.5899408284023668
Josh Scobee,0.2024390243902439,0.3192261185006046,0.4176222088111044,0.384157236450268,0.3984375,0.4007177033492823,0,0.4228504122497055
Josh Shaw,0.4454371410338226,0.4555006180469715,0.4676829268292683,0.3083434099153567,0.312009656004828,0.2263251935675997,0,0.3479567307692308
Josh Stamer,0.4060568603213844,0.5817073170731707,0.6082224909310762,0.5986722993361496,0.51697438951757,0.4765625,0,0.4796650717703349
Josh Thomas,0.4786585365853658,0.6299879081015719,0.6716958358479179,0.7027992852888624,0.6604567307692307,0.6190191387559809,0,0.519434628975265
Josh Williams,0.6088235294117647,0.7305630026809652,0.7530312699425654,0.7058096415327565,0.6353658536585366,0.6148730350665055,1,
Josh Wilson,0.418106015485408,0.8756009615384616,0.9593301435406698,0.9823321554770318,0.9346246973365616,0.9492753623188406,0,0.9664469742360696
Joshua Cribbs,0.4474002418379685,0.4990947495473747,0.56223942823109,0.5787259615384616,0.5717703349282297,0.5147232037691402,0,0.4884987893462469
Jovan Haye,0.4731442365721183,0.7266229898749256,0.7469951923076923,0.7739234449760766,0.6690223792697291,0.6234866828087167,1,
Julian Edelman,0.1012956419316843,0.4691283292978208,0.6431159420289855,0.6572798082684242,0.6225402504472272,0.3216617210682492,0,0.3548387096774194
Julian Peterson,0.6985294117647058,0.8331099195710456,0.9208679004467136,0.9709517923362176,0.9621951219512196,0.9546553808948004,0,0.9155099577549788
Julian Stanford,0.4981884057971014,0.5176752546434991,0.5026833631484794,0.3335311572700297,0.4956011730205278,0.5636682242990654,0,0.6615384615384615
Julio Jones,0.1035108958837772,0.1739130434782608,0.231276213301378,0.3184257602862254,0.3181008902077151,0.3513196480938416,0,0.2634345794392523
Julius Peppers,0.8500319081046586,0.9400494437577256,0.996341463414634,0.9957678355501812,0.9981894990947496,0.980345443716498,0,0.9933894230769232
Jumpy Geathers,0.3629343629343629,0.5360443622920518,0.8198529411764706,0.71875,0.7150943396226415,0.5384615384615384,0,0.6566604127579737
Junior Bryant,0.1808873720136518,0.2598967297762478,0.3567839195979899,0.504885993485342,0.6973478939157566,0.8448529411764706,1,
Junior Galette,0.2597173144876325,0.62590799031477,0.7403381642512077,0.89035350509287,0.9534883720930232,0.9293768545994066,0,0.817008797653959
Junior Seau,0.0562851782363977,0.4090056285178236,0.8122676579925651,0.9165085388994308,0.9565217391304348,0.9795221843003412,0,0.9931153184165232
Junior Siavii,0.4859756097560975,0.5568319226118501,0.552202776101388,0.4818344252531268,0.0372596153846153,0.4282296650717703,0,0.5506478209658422
Juqua Parker,0.3558981233243968,0.4901084875558392,0.6742892459826947,0.7170731707317073,0.7327690447400241,0.7567893783946892,0,0.8528886241810602
Jurrell Casey,0.6822033898305084,0.8134057971014492,0.9161174355901738,0.9290399522957664,0.9275964391691396,0.8873900293255131,0,0.9077102803738316
Justin Bannan,0.5609444798978941,0.5995055624227441,0.6060975609756097,0.6336154776299879,0.6547978273989137,0.7438951756998213,0,0.7848557692307693
Justin Bethel,0.4516908212560386,0.5332534451767525,0.6511627906976745,0.8338278931750742,0.9296187683284456,0.9602803738317756,0,0.8863905325443787
Justin Coleman,0.5246290801186944,0.5577712609970674,0.8148364485981309,0.8911242603550296,0.964221824686941,0.9102564102564102,0,0.855664174813111
Justin Durant,0.631328171530673,0.6983173076923077,0.840311004784689,0.8280329799764429,0.8486682808716707,0.8109903381642513,0,0.823247453565009
Justin Ellis,0.4847942754919499,0.5412462908011869,0.604692082111437,0.665303738317757,0.6485207100591716,0.6237328562909958,0,0.5343822843822844
Justin Evans,0.731892523364486,0.8313609467455622,0.8294573643410853,0.6946386946386947,0.02242668200115,0.5769689737470167,0,0.6639447236180904
Justin Fargas,0.3776266996291718,0.4225609756097561,0.4594921402660217,0.4435727217863608,0.3972602739726027,0.2475961538461538,0,0.1955741626794258
Justin Forsett,0.3014354066985646,0.3539458186101296,0.3553268765133172,0.3882850241545894,0.3379269023367285,0.3559928443649374,1,
Justin Gage,0.1279357231149567,0.1115853658536585,0.5102781136638452,0.5093542546771274,0.521143537820131,0.3383413461538461,0,0.3827751196172249
Justin Griffith,0.0797280593325092,0.1310975609756097,0.1958887545344619,0.1508750754375377,0.0446694460988683,0.0372596153846153,0,0.3014354066985646
Justin Hamilton,0.4477972238986119,0.4419297200714711,0.4471153846153846,0.1788277511961722,0.1666666666666666,0.0405569007263922,0,0.0440821256038647
Justin Hartwig,0.0797280593325092,0.1310975609756097,0.1958887545344619,0.1508750754375377,0.0446694460988683,0.125,0,0.2033492822966507
Justin Houston,0.7161016949152542,0.8882850241545893,0.962852007189934,0.9958258795468098,0.9952522255192878,0.9894428152492668,0,0.9509345794392524
Justin McCareins,0.387364390555201,0.4598269468479604,0.4469512195121951,0.4220072551390568,0.3940856970428485,0.4044073853484217,0,0.3671875
Justin Peelle,0.3324824505424378,0.3689740420271941,0.4256097560975609,0.3948004836759371,0.3934821967410983,0.4288266825491364,0,0.4116586538461538
Justin Pugh,0.2240862792091072,0.2695289206917114,0.3370919881305638,0.3700879765395894,0.3586448598130841,0.3402366863905325,0,0.2367322599880739
Justin Rogers,0.4740917212626563,0.5528846153846154,0.5514354066985646,0.4676089517078916,0.562953995157385,0.7433574879227053,0,0.7896944278010785
Justin Smith,0.7721179624664879,0.8889597957881302,0.899876390605686,0.7948084054388134,0.8432926829268292,0.919588875453446,0,0.9674109837054918
Justin Snow,0.3875,0.3947721179624665,0.414167198468411,0.4326328800988875,0.5621951219512196,0.562273276904474,0,0.5552202776101388
Justin Trattou,0.2215496368038741,0.25,0.3912522468544038,0.3452593917710196,0.6029673590504451,0.6140762463343109,1,
Justin Tuck,0.6027811366384522,0.6179843089921545,0.8368076235854676,0.9603365384615384,0.993421052631579,0.9982332155477032,0,0.9921307506053268
Justin Watson2,0.3491124260355029,0.4376863446630888,0.5075757575757576,0.484186313973548,0.4439140811455847,0.1953517587939698,1,
Juston Burris,0.5436950146627566,0.75,0.7485207100591716,0.8306499701848539,0.8071095571095571,0.8320874065554916,0,0.727326968973747
K'Waun Williams,0.5718545020870602,0.6522255192878338,0.669208211143695,0.7377336448598131,0.7242603550295857,0.8431723315444246,0,0.8141025641025641
K.J. Wright,0.6277239709443099,0.7904589371980676,0.8520071899340923,0.8813357185450209,0.8712166172106824,0.918475073313783,0,0.9217289719626168
Kabeer Gbaja-Biamila,0.5014705882352941,0.7607238605898123,0.9246968730057434,0.9666254635352288,0.977439024390244,0.9371221281741232,0,0.9209414604707302
Kai Forbath,0.2124629080118694,0.2428152492668621,0.2745327102803738,0.1520710059171597,0.1192605843768634,0.1165501165501165,1,
Kailee Wong,0.1254071661237785,0.1216848673946957,0.7419117647058824,0.8599195710455764,0.9170389278876836,0.896168108776267,0,0.925
Kalif Raymond,0.2967289719626168,0.3011834319526627,0.4036970781156828,0.3881118881118881,0.3772282921219091,0.2362768496420047,0,0.079145728643216
Kalimba Edwards,0.7204850031908104,0.7509270704573547,0.8512195121951219,0.8766626360338573,0.9299939649969824,0.923764145324598,0,0.8942307692307693
Kaluka Maiava,0.68122009569378,0.6884570082449941,0.7409200968523002,0.7451690821256038,0.7705212702216896,0.7245080500894454,1,
Kalvin Pearson,0.360561582641991,0.3665018541409147,0.348780487804878,0.5538089480048367,0.6409173204586602,0.6730196545562835,0,0.8106971153846154
Kam Chancellor,0.607773851590106,0.8631961259079903,0.9221014492753624,0.9712402636309168,0.9463327370304114,0.9608308605341246,0,0.9425219941348972
Kamar Aiken,0.1035108958837772,0.1165458937198067,0.1180347513481126,0.3536076326774001,0.4160237388724035,0.4363636363636363,1,
Kamerion Wimbley,0.8062764031382016,0.9231685527099464,0.9591346153846154,0.944377990430622,0.9440518256772674,0.9588377723970944,0,0.9420289855072465
Kareem Martin,0.5790101371496721,0.6688427299703265,0.7460410557184751,0.7850467289719626,0.7946745562130177,0.7465712581991651,1,
Kareem McKenzie,0.1597560975609756,0.1698911729141475,0.3101991550995776,0.2495533055390113,0.2572115384615384,0.1160287081339712,0,0.1472320376914016
Karl Hankton,0.5602941176470588,0.631367292225201,0.6432673899170389,0.5982694684796045,0.4951219512195122,0.5114873035066505,0,0.56004828002414
Karl Joseph,0.6926686217008797,0.8779205607476636,0.9124260355029584,0.9016100178890876,0.8817016317016317,0.8113858539390454,1,
Karl Klug,0.7191283292978208,0.7705314009661836,0.8669862192929898,0.8038163387000596,0.8350148367952522,0.770674486803519,0,0.7657710280373832
Karl Mecklenburg,0.0732673267326732,0.5212355212355212,0.8650646950092421,0.9650735294117648,0.9776785714285714,0.9,0,0.9043151969981238
Karl Paymah,0.4419588875453446,0.5316837658418829,0.6462179868969625,0.7163461538461539,0.7398325358851675,0.693168433451119,1,
Karl Wilson,0.0833333333333333,0.230188679245283,0.2889305816135084,0.4915572232645403,0.551594746716698,0.4293680297397769,0,0.3036053130929791
Karlos Dansby,0.7573170731707317,0.944981862152358,0.9831019915509958,0.9946396664681358,0.994591346153846,0.9892344497607656,0,0.972909305064782
Kassim Osgood,0.4171817058096415,0.4682926829268293,0.594316807738815,0.5914302957151478,0.6605122096486004,0.6550480769230769,0,0.6578947368421053
Kavell Conner,0.6707891637220259,0.822639225181598,0.8568840579710145,0.8166566806470941,0.7728085867620751,0.7222551928783383,1,
Kavika Pittman,0.083752093802345,0.4429967426710097,0.5865834633385335,0.875,0.8471849865951743,0.8238672622846203,1,
Kawann Short,0.6614739364889155,0.8020274299344067,0.9578635014836796,0.9700879765395894,0.9813084112149532,0.934319526627219,0,0.8509242695289206
Kawika Mitchell,0.5444993819530284,0.7524390243902439,0.8567110036275696,0.9167169583584792,0.9559261465157832,0.9783653846153846,0,0.9569377990430622
Kayvon Webster,0.6632714200119832,0.6732259988073942,0.6789317507418398,0.5272727272727272,0.6209112149532711,0.6118343195266273,0,0.5968992248062015
Keanu Neal,0.8263929618768329,0.953855140186916,0.9579881656804734,0.836612999403697,0.7383449883449883,0.7981598619896493,0,0.8430787589498807
Kedric Golston,0.5950512975256488,0.6384752829064919,0.7007211538461539,0.7212918660287081,0.7550058892815077,0.7518159806295399,0,0.6932367149758454
Keena Turner,0.3036303630363036,0.5306748466257669,0.7958715596330275,0.8554455445544554,0.861003861003861,0.8927911275415896,0,0.8860294117647058
Keenan Allen,0.2240862792091072,0.3840190816935003,0.3952522255192878,0.3565982404692082,0.5829439252336449,0.5958579881656805,0,0.5849731663685152
Keenan Lewis,0.0873205741626794,0.5665488810365136,0.652542372881356,0.7584541062801933,0.8532055122828041,0.8664281454979129,0,0.8089020771513353
Keenan McCardell,0.3102941176470588,0.3505361930294906,0.3656668793873643,0.3887515451174289,0.2896341463414634,0.2267230955259976,0,0.1436330718165359
Keenan Robinson,0.4456521739130434,0.4523666866387058,0.7507453786523554,0.8468842729970326,0.9026392961876832,0.8276869158878505,1,
KeiVarae Russell,0.4973607038123167,0.5245327102803738,0.5715976331360947,0.4758497316636851,0.4312354312354312,0.0862564692351926,1,
Keion Carpenter,0.6764705882352942,0.7506702412868632,0.8940650925335035,0.8831891223733004,0.8420731707317073,0.749093107617896,1,
Keith Adams,0.1233243967828418,0.570516911295469,0.603831891223733,0.7189024390243902,0.7309552599758162,0.7453228726614364,0,0.642644431209053
Keith Bostic,0.3861386138613861,0.6447876447876448,0.8761552680221811,0.8676470588235294,0.9538690476190476,0.9283018867924528,1,
Keith Brooking,0.3355048859934853,0.5475819032761311,0.8382352941176471,0.9162198391420912,0.9585194639438416,0.969715698393078,0,0.9695121951219512
Keith Bulluck,0.6625,0.8083109919571045,0.9374601148691768,0.9913473423980222,0.9957317073170732,0.998186215235792,0,0.9945684972842488
Keith Burns,0.2508532423208191,0.253012048192771,0.2395309882747068,0.0684039087947882,0.1856474258970359,0.7125,0,0.8016085790884718
Keith Butler,0.1045296167247386,0.3762376237623762,0.8067484662576687,0.8761467889908257,0.904950495049505,0.7162162162162162,0,0.8964879852125693
Keith Davis,0.3229100191448628,0.3220024721878863,0.6286585365853659,0.718863361547763,0.7417018708509354,0.7129243597379392,0,0.6640625
Keith Ferguson,0.4380733944954128,0.6158415841584158,0.7837837837837838,0.7818853974121996,0.8823529411764706,0.8883928571428571,0,0.8547169811320755
Keith Hamilton,0.4460966542750929,0.7362428842504743,0.8412098298676749,0.8310580204778157,0.6884681583476764,0.7939698492462312,0,0.7947882736156352
Keith Kirkwood,0.1704142011834319,0.1699463327370304,0.1491841491841491,0.02242668200115,0.0178997613365155,0.1030150753768844,1,
Keith Lyle,0.2741020793950851,0.6296928327645052,0.9053356282271944,1.0,0.990228013029316,0.9017160686427456,0,0.8852941176470588
Keith McCants,0.0769230769230769,0.2176360225140713,0.3159851301115242,0.2523719165085389,0.3610586011342155,0.3139931740614334,1,
Keith McKenzie,0.0688468158347676,0.1055276381909547,0.4804560260586319,0.6037441497659907,0.8830882352941176,0.829088471849866,0,0.757498404594767
Keith Millard,0.4011090573012939,0.6893382352941176,0.8392857142857143,0.8301886792452831,0.9230769230769232,0.926829268292683,0,0.7898686679174484
Keith Mitchell,0.2144053601340033,0.7247557003257329,0.9266770670826832,0.998529411764706,0.9845844504021448,0.9451180599872367,0,0.7898640296662547
Keith Newman,0.7625,0.8867292225201072,0.9432035737077218,0.904202719406675,0.85,0.8597339782345829,1,
Keith Rivers,0.6754807692307693,0.7840909090909091,0.8474676089517079,0.7681598062953995,0.7131642512077294,0.7064110245656081,0,0.7155635062611807
Keith Simpson,0.5036764705882353,0.7630662020905923,0.8712871287128713,0.7822085889570553,0.5344036697247706,0.6217821782178218,0,0.833976833976834
Keith Smith,0.5957317073170731,0.6348246674727932,0.656004828002414,0.7891602144133413,0.7728365384615384,0.7667464114832536,0,0.472909305064782
Keith Tandy,0.2192028985507246,0.7519472738166567,0.7769827072152653,0.8047477744807122,0.8269794721407625,0.8335280373831776,0,0.7905325443786982
Keith Taylor~,0.6341463414634146,0.8067542213883677,0.8630393996247655,0.5817843866171004,0.6280834914611005,0.5482041587901701,0,0.5187713310580204
Keith Traylor,0.2100371747211896,0.2049335863377609,0.2022684310018903,0.2235494880546075,0.342512908777969,0.6013400335008375,0,0.6254071661237784
Keith Washington,0.236180904522613,0.3013029315960912,0.422776911076443,0.649264705882353,0.7620643431635389,0.786215698787492,0,0.8250927070457355
Keith Willis,0.0321100917431192,0.3346534653465347,0.3803088803088803,0.4158964879852125,0.3952205882352941,0.5104166666666666,0,0.320754716981132
Keiwan Ratliff,0.6268292682926829,0.7847642079806529,0.8105009052504526,0.7486599166170339,0.7127403846153846,0.7033492822966507,0,0.7243816254416962
Kelechi Osemele,0.1068840579710145,0.0575194727381665,0.0524746571258199,0.0409495548961424,0.1612903225806451,0.1308411214953271,0,0.1331360946745562
Kellen Davis,0.3004807692307692,0.340311004784689,0.4399293286219081,0.4098062953995157,0.4378019323671497,0.207309766327142,0,0.1991651759093619
Kellen Winslow,0.28002414001207,0.3299583085169744,0.3485576923076923,0.3325358851674641,0.2703180212014134,0.2905569007263922,0,0.1817632850241546
Kelly Gregg,0.4892761394101876,0.6419910657306956,0.7657601977750309,0.8341463414634146,0.8548972188633616,0.8817139408569704,0,0.8904109589041096
Kelly Herndon,0.5079770261646458,0.7737948084054388,0.9152439024390244,0.9419588875453446,0.9287869643934822,0.8034544371649791,1,
Kelly Jennings,0.6191913095956548,0.7188802858844551,0.7433894230769231,0.7009569377990431,0.673733804475854,0.6646489104116223,1,
Kelvin Hayden,0.5066505441354293,0.6578153289076645,0.8385944014294223,0.9362980769230768,0.9318181818181818,0.9393404004711424,0,0.8686440677966102
Kelvin Pritchett,0.1219512195121951,0.6171003717472119,0.6679316888045541,0.8279773156899811,0.7133105802047781,0.7108433734939759,0,0.5326633165829145
Kelvin Sheppard,0.6331719128329297,0.7560386473429952,0.8106650689035351,0.7853309481216458,0.7756676557863501,0.7835777126099707,0,0.8300233644859814
Kemal Ishmael,0.10964649490713,0.8306499701848539,0.8997032640949555,0.9348973607038124,0.8259345794392523,0.7355029585798817,0,0.7501490757304711
Ken Amato,0.3016069221260816,0.4567073170731707,0.4770253929866989,0.4900422450211225,0.4413341274568195,0.4326923076923077,0,0.4934210526315789
Ken Clarke,0.4266055045871559,0.6277227722772277,0.7355212355212355,0.711645101663586,0.7426470588235294,0.7053571428571429,0,0.5433962264150943
Ken Crawley,0.6451612903225806,0.7313084112149533,0.7550295857988165,0.6630888491353608,0.5979020979020979,0.5376653248993675,1,
Ken Ellis,0.8585858585858586,0.8905109489051095,0.9655172413793104,0.964824120603015,0.9754901960784312,0.8565022421524664,0,0.8091286307053942
Ken Greene,0.3728222996515679,0.6831683168316832,0.941717791411043,0.9220183486238532,0.7900990099009901,0.4266409266409266,1,
Ken Hamlin,0.7299134734239803,0.8871951219512195,0.9020556227327692,0.9185274592637296,0.9189994044073854,0.9537259615384616,0,0.8935406698564593
Ken Harvey,0.2452830188679245,0.6397748592870544,0.8292682926829268,0.9193245778611632,0.929368029739777,0.920303605313093,0,0.9621928166351608
Ken Houston,0.5252525252525253,1.0,0.9540229885057472,0.9798994974874372,0.7598039215686274,0.8699551569506726,0,0.8257261410788381
Ken Irvin,0.2065404475043029,0.3350083752093802,0.6123778501628665,0.594383775351014,0.8044117647058824,0.7138069705093834,0,0.7606892150606254
Ken Lucas,0.6119302949061662,0.797702616464582,0.8763906056860321,0.9536585365853658,0.9588875453446192,0.9480989740494872,0,0.9261465157832044
Ken Norton,0.1726078799249531,0.3433395872420263,0.3696060037523452,0.1505576208178438,0.4895635673624288,0.6332703213610587,0,0.9010238907849828
Ken Riley,0.696969696969697,0.8394160583941606,0.8448275862068966,0.7688442211055276,0.7745098039215687,0.8968609865470852,0,0.983402489626556
Ken Schroy,0.1045296167247386,0.8415841584158416,0.901840490797546,0.9770642201834864,0.9128712871287128,0.8436293436293436,1,
Ken Stone,0.1407035175879397,0.6911764705882353,0.7085201793721974,0.7925311203319502,0.3464566929133858,0.8860294117647058,0,0.9442508710801394
Ken Walter,0.175,0.0509383378016085,0.1001914486279515,0.0797280593325092,0.0512195121951219,0.0326481257557436,0,0.1695835847917924
Kenard Lang,0.2529313232830821,0.5830618892508144,0.781591263650546,0.8977941176470589,0.925603217158177,0.9546904913848118,0,0.9758961681087762
Kendall Gammon,0.175,0.1595174262734584,0.177409061901723,0.145859085290482,0.2060975609756097,0.1698911729141475,0,0.3512371756185878
Kendall Langford,0.5943509615384616,0.7141148325358851,0.8315665488810365,0.8238498789346247,0.788647342995169,0.7711204313960456,0,0.7513416815742398
Kendall Simmons,0.1914486279514997,0.2354758961681087,0.2176829268292683,0.0411124546553808,0.28002414001207,0.3299583085169744,0,0.3756009615384615
Kendall Wright,0.1068840579710145,0.2043139604553625,0.3691115086463923,0.3798219584569733,0.3741935483870968,0.2745327102803738,1,
Kendrell Bell,0.774798927613941,0.8487555839183153,0.946229913473424,0.8536585365853658,0.8409915356711004,0.6970428485214243,0,0.7016081000595593
Kendrick Bourne,0.5286214953271028,0.5331360946745562,0.5253428741800835,0.2733100233100233,0.2202415181138585,0.0972553699284009,0,0.079145728643216
Kendrick Clancy,0.4330882352941176,0.5563002680965148,0.5571155073388641,0.5426452410383189,0.4121951219512195,0.6934703748488513,0,0.7435123717561859
Kendrick Lewis,0.7131919905771495,0.8916464891041163,0.8973429951690821,0.8687837028160575,0.889087656529517,0.9169139465875372,0,0.913782991202346
Kenneth Sims,0.3509174311926605,0.3207920792079208,0.4864864864864865,0.476894639556377,0.5183823529411765,0.6160714285714286,0,0.3150943396226415
Kenny Britt,0.1472320376914016,0.1937046004842615,0.3665458937198068,0.3397243858597963,0.332737030411449,0.2902077151335311,0,0.2944281524926686
Kenny Davidson,0.148217636022514,0.1294559099437148,0.2453531598513011,0.4497153700189753,0.6162570888468809,0.7286689419795221,1,
Kenny Easley,0.8128834355828221,0.9678899082568808,0.994059405940594,0.998069498069498,0.9926062846580408,0.9761029411764706,0,0.9136904761904762
Kenny Hill,0.1119691119691119,0.3826247689463956,0.6599264705882353,0.7782738095238095,0.5471698113207547,0.3264540337711069,1,
Kenny Holmes,0.3953098827470687,0.5195439739413681,0.672386895475819,0.9073529411764706,0.953083109919571,0.9744735162731334,0,0.96168108776267
Kenny Johnson,0.4983498349834983,0.7975460122699386,0.9380733944954128,0.9623762376237625,0.9613899613899614,0.8151571164510166,0,0.4761029411764705
Kenny Ladler,0.3273703041144901,0.3186943620178041,0.3272727272727272,0.0420560747663551,0.4479289940828402,0.4531902206320811,1,
Kenny Mixon,0.2149837133550488,0.2184087363494539,0.7227941176470588,0.8096514745308311,0.8991703892788768,0.9369592088998764,0,0.9207317073170732
Kenny Peterson,0.4221260815822003,0.475,0.6989117291414753,0.687990343995172,0.710541989279333,0.6772836538461539,0,0.7577751196172249
Kenny Phillips,0.6346153846153846,0.7123205741626795,0.8292108362779741,0.904358353510896,0.8780193236714976,0.8136608747753146,0,0.4949314251639833
Kenny Smith,0.3920911528150134,0.6119974473516273,0.6990111248454882,0.6908536585365853,0.6094316807738815,0.0325890162945081,0,0.0327575938058368
Kenny Stills,0.10964649490713,0.1621943947525342,0.1489614243323442,0.3102639296187683,0.3598130841121495,0.3994082840236686,0,0.3494335122242099
Kenny Vaccaro,0.7351707609346915,0.8545020870602266,0.9412462908011868,0.9612903225806452,0.9725467289719626,0.9544378698224852,0,0.9159212880143112
Kenny Watson,0.3765156349712827,0.4270704573547589,0.5951219512195122,0.5785973397823458,0.587809293904647,0.4383561643835616,0,0.4567307692307692
Kenny Wright,0.3494539781591264,0.6926470588235294,0.7701072386058981,0.7370772176132737,0.8263288009888752,0.8054878048780488,0,0.814993954050786
Kenoy Kennedy,0.5036764705882353,0.703083109919571,0.767070835992342,0.818912237330037,0.8713414634146341,0.9504232164449818,0,0.9541339770669884
Kenyatta Wright,0.4977941176470588,0.6668900804289544,0.6675175494575623,0.6668726823238567,0.5603658536585366,0.585247883917775,1,
Kenyon Coleman,0.0727504786215698,0.5,0.5548780487804879,0.6058041112454655,0.695835847917924,0.7832042882668255,0,0.8046875
Kerry Collins,0.175,0.0509383378016085,0.1001914486279515,0.0797280593325092,0.1310975609756097,0.1590084643288996,0,0.1508750754375377
Kerry Glenn,0.4658040665434381,0.4577205882352941,0.6443452380952381,0.1188679245283018,0.3883677298311445,0.6904315196998124,1,
Kerry Hyder,0.7343108504398826,0.7283878504672897,0.7455621301775148,0.6022659511031604,0.8088578088578089,0.8366877515813687,0,0.831145584725537
Kerry Justin,0.0592334494773519,0.2277227722772277,0.1533742331288343,0.036697247706422,0.2752475247524752,0.2413127413127413,0,0.2421441774491682
Kerry Rhodes,0.7079806529625151,0.9293904646952325,0.98868374032162,0.9939903846153846,0.97188995215311,0.9799764428739692,0,0.9546004842615012
Kerry Wynn,0.6290995825879547,0.7115727002967359,0.7648093841642228,0.7108644859813084,0.7615384615384615,0.7191413237924866,1,
Kevin Bentley,0.601148691767709,0.745982694684796,0.8213414634146341,0.8004836759371221,0.7404948702474351,0.6742108397855867,0,0.7397836538461539
Kevin Boothe,0.0941460470730235,0.0589636688505062,0.0865384615384615,0.0370813397129186,0.0400471142520612,0.0405569007263922,0,0.3623188405797101
Kevin Brooks,0.0369685767097966,0.1433823529411764,0.5386904761904762,0.5283018867924528,0.6378986866791745,0.4971857410881801,1,
Kevin Burnett,0.5054413542926239,0.75980687990344,0.8088147706968434,0.8491586538461539,0.8110047846889952,0.9358068315665488,0,0.9612590799031476
Kevin Carter,0.3924914675767918,0.7951807228915663,0.9346733668341708,0.9543973941368078,0.9656786271450858,0.9713235294117648,0,0.9497319034852548
Kevin Curtis,0.5225609756097561,0.5931076178960096,0.5908267954133977,0.5139964264443121,0.2073317307692307,0.277511961722488,1,
Kevin Fagan,0.2604166666666667,0.3547169811320754,0.6641651031894934,0.7654784240150094,0.7298311444652908,0.4553903345724907,0,0.3453510436432637
Kevin Faulk,0.3639705882352941,0.3297587131367292,0.3190810465858328,0.2058096415327565,0.5298780487804878,0.5332527206771464,0,0.5347012673506337
Kevin Greene,0.1580882352941176,0.5699404761904762,0.7396226415094339,0.8442776735459663,0.8667917448405253,0.7166979362101313,0,0.5631970260223048
Kevin Hardy,0.3080895008605852,0.3484087102177554,0.496742671009772,0.5429017160686428,0.8426470588235294,0.8699731903485255,0,0.8583280153158902
Kevin Henry,0.1385199240986717,0.1417769376181474,0.2406143344709897,0.3287435456110155,0.609715242881072,0.6954397394136808,0,0.6209048361934477
Kevin Houser,0.3235294117647059,0.2982573726541555,0.3567326100829611,0.349814585908529,0.3701219512195122,0.4068923821039903,0,0.412190706095353
Kevin Huber,0.1429425837320574,0.1472320376914016,0.1186440677966101,0.0440821256038647,0.0437387657279808,0.0429338103756708,0,0.1329376854599406
Kevin Johnson1,0.2116040955631399,0.2392426850258175,0.2244556113902847,0.0798045602605863,0.0717628705148206,0.175,0,0.1595174262734584
Kevin Johnson2,0.6456973293768546,0.7055718475073314,0.7535046728971962,0.6431952662721894,0.6499701848539058,0.7051282051282052,1,
Kevin Kaesviharn,0.6521447721179625,0.774728781110402,0.8294190358467244,0.8304878048780487,0.8875453446191052,0.9474954737477368,0,0.9315068493150684
Kevin Lewis,0.1894934333958724,0.3339587242026266,0.3364312267657992,0.1897533206831119,0.0699432892249527,0.0631399317406143,0,0.06368330464716
Kevin Mathis,0.4299674267100977,0.4492979719188767,0.8323529411764706,0.8706434316353887,0.9132099553286536,0.92336217552534,0,0.9243902439024392
Kevin Mawae,0.2588235294117647,0.131367292225201,0.158264199106573,0.0797280593325092,0.0512195121951219,0.0326481257557436,0,0.0325890162945081
Kevin Minter,0.2756141402037148,0.5766249254621347,0.7376854599406528,0.844574780058651,0.844626168224299,0.7597633136094675,0,0.6708407871198568
Kevin Mitchell,0.2099827882960413,0.1926298157453936,0.495114006514658,0.407176287051482,0.7279411764705882,0.7218498659517426,0,0.7734524569240587
Kevin Ogletree,0.0873205741626794,0.1012956419316843,0.137409200968523,0.2469806763285024,0.2983822648292391,0.2963625521765056,1,
Kevin Pierre-Louis,0.4478234943351222,0.5175074183976262,0.5747800586510264,0.6279205607476636,0.6153846153846154,0.6768038163387,0,0.7115384615384616
Kevin Ross,0.584942084942085,0.8391866913123844,0.9816176470588236,0.9657738095238096,0.9056603773584906,0.8198874296435272,0,0.8724202626641651
Kevin Shaffer,0.0797280593325092,0.1926829268292683,0.2073760580411124,0.299939649969825,0.2882668254913639,0.3155048076923077,1,
Kevin Smith1,0.1356877323420074,0.5218216318785579,0.5652173913043478,0.5255972696245734,0.414802065404475,0.3869346733668342,0,0.4902280130293159
Kevin Thomas,0.5756222080408424,0.6273176761433868,0.6945121951219512,0.6426844014510278,0.5884127942063971,0.0327575938058368,0,0.0372596153846153
Kevin Vickerson,0.3311494937462775,0.5955528846153846,0.6399521531100478,0.7656065959952886,0.7009685230024213,0.7632850241545893,0,0.6944278010784901
Kevin Walter,0.399876390605686,0.4573170731707317,0.5308343409915357,0.5268557634278818,0.6247766527695057,0.6003605769230769,0,0.5897129186602871
Kevin Williams,0.1563517915309446,0.157566302652106,0.5838235294117647,0.4671581769436997,0.5666879387364391,0.7935723114956736,0,0.9597560975609756
Kevin Zeitler,0.1068840579710145,0.1378070701018574,0.1419200954084675,0.0528189910979228,0.1008797653958944,0.1536214953271028,0,0.1520710059171597
Keyaron Fox,0.3585365853658536,0.4032648125755743,0.6312613156306578,0.658129839189994,0.6929086538461539,0.7799043062200957,0,0.8327444051825678
Keyshawn Johnson,0.3419117647058823,0.3666219839142091,0.364390555201021,0.2886279357231149,0.3304878048780488,0.3240628778718258,0,0.4031382015691008
Keyunta Dawson,0.6474091721262656,0.7199519230769231,0.7547846889952153,0.7290930506478209,0.6313559322033898,0.5845410628019324,0,0.5751947273816657
Khalif Barnes,0.0941460470730235,0.0589636688505062,0.1844951923076923,0.2033492822966507,0.2208480565371024,0.059322033898305,0,0.1630434782608695
Khary Campbell,0.360561582641991,0.4072929542645241,0.473170731707317,0.4921402660217654,0.6590223295111648,0.687909469922573,0,0.6923076923076923
Kiko Alonso,0.8711803475134812,0.8801431127012522,0.9044510385756676,0.9096774193548388,0.9684579439252337,0.9946745562130176,0,0.9493142516398332
Kim Bokamper,0.0808823529411764,0.1986062717770035,0.3663366336633663,0.1901840490797546,0.5252293577981652,0.7346534653465346,0,0.7297297297297297
Kim Herring,0.304857621440536,0.3143322475570032,0.3322932917316692,0.7411764705882353,0.8378016085790885,0.9138481174218251,0,0.8022249690976514
Kimo von Oelhoffen,0.0705679862306368,0.0653266331658291,0.0716612377850162,0.1794071762870515,0.6485294117647059,0.7372654155495979,0,0.7447351627313338
Kindal Moorehead,0.4431396786155748,0.7024390243902439,0.8192261185006046,0.8370549185274593,0.7635497319833234,0.6953125,1,
King Dunlap,0.1472320376914016,0.1937046004842615,0.2578502415458937,0.170760934691432,0.0524746571258199,0.1329376854599406,1,
Kirk Cousins,0.1068840579710145,0.0575194727381665,0.0524746571258199,0.0409495548961424,0.039882697947214,0.1226635514018691,0,0.129585798816568
Kirk Morrison,0.6977025392986699,0.8811104405552203,0.9696247766527696,0.9837740384615384,0.9796650717703348,0.939929328621908,0,0.8504842615012107
Kiwaukee Thomas,0.5301470588235294,0.6642091152815014,0.6962348436502872,0.7181705809641533,0.6457317073170732,0.6215235792019347,0,0.6059143029571514
Koa Misi,0.7249705535924618,0.7542372881355932,0.8538647342995169,0.8160575194727382,0.8300536672629696,0.7768545994065282,0,0.7560117302052786
Koren Robinson,0.3650287172941927,0.4208899876390605,0.4091463414634146,0.2769044740024183,0.100181050090525,0.1620011911852293,0,0.2439903846153846
Kory Lichtensteiger,0.2597173144876325,0.2808716707021791,0.3019323671497584,0.1791491911324146,0.0649970184853905,0.0528189910979228,0,0.1008797653958944
Kris Brown,0.3102941176470588,0.2607238605898123,0.2195277600510529,0.276885043263288,0.3274390243902439,0.3561064087061669,0,0.2739891369945685
Kris Dielman,0.1436330718165359,0.1995235259082787,0.2103365384615384,0.1668660287081339,0.1996466431095406,0.236682808716707,1,
Kris Wilson,0.0975609756097561,0.2998790810157195,0.3379601689800844,0.3674806432400238,0.3257211538461538,0.5400717703349283,0,0.5559481743227326
Kroy Biermann,0.5739182692307693,0.7972488038277512,0.8851590106007067,0.9315980629539952,0.8852657004830918,0.8256440982624326,0,0.8133571854502087
Kurt Coleman,0.5918727915194346,0.8323244552058111,0.905193236714976,0.8915518274415818,0.8539057841383423,0.9382789317507418,0,0.9935483870967742
Kurt Gouveia,0.2026266416510319,0.3714821763602251,0.5347091932457786,0.8085501858736059,0.9146110056925996,0.8979206049149339,0,0.825938566552901
Kurt Schulz,0.6279863481228669,0.7882960413080895,0.9061976549413736,0.8452768729641694,0.8268330733229329,0.9382352941176472,0,0.9115281501340484
Kurt Warner,0.1890080428954423,0.144862795149968,0.2107540173053152,0.0512195121951219,0.1185006045949214,0.1188895594447797,0,0.2430017867778439
Kwamie Lassiter,0.1686746987951807,0.4355108877721943,0.8241042345276873,0.9422776911076444,0.9830882352941176,0.9865951742627346,0,0.9757498404594768
Kyle Arrington,0.4629186602870813,0.7332155477031802,0.9152542372881356,0.9438405797101448,0.9472738166566806,0.902206320810972,0,0.8765578635014837
Kyle Boller,0.2608158220024721,0.3140243902439024,0.3675937122128174,0.264333132166566,0.1762954139368671,0.1033653846153846,0,0.1668660287081339
Kyle Brady,0.3102941176470588,0.3867292225201072,0.3975749840459476,0.4023485784919653,0.2676829268292683,0.2394195888754534,0,0.208207604103802
Kyle Clifton,0.2972972972972973,0.7282809611829945,0.9411764705882352,0.8898809523809523,0.5018867924528302,0.6041275797373359,0,0.8255159474671669
Kyle Emanuel,0.6065281899109792,0.7595307917888563,0.8376168224299065,0.8431952662721893,0.751937984496124,0.6386946386946387,1,
Kyle Fuller,0.8294573643410853,0.886053412462908,0.9020527859237536,0.7938084112149533,0.8798816568047337,0.9421586165772212,0,0.9516317016317016
Kyle Juszczyk,0.3768723786698622,0.4138342277877161,0.4237388724035608,0.4269794721407625,0.4094626168224299,0.4076923076923077,0,0.2903995229576624
Kyle Kosier,0.0727504786215698,0.1279357231149567,0.3390243902439024,0.3839177750906892,0.3747736873868437,0.2715902322811197,0,0.1604567307692307
Kyle Love,0.4664310954063604,0.6464891041162227,0.7125603864734299,0.7142001198322349,0.5760286225402504,0.6326409495548961,0,0.743108504398827
Kyle Nelson,0.2409063804412641,0.4029673590504451,0.4480938416422287,0.5198598130841121,0.5047337278106508,0.4710793082886106,0,0.1165501165501165
Kyle Richardson,0.175,0.0509383378016085,0.1001914486279515,0.0797280593325092,0.0512195121951219,0.4969770253929867,1,
Kyle Rudolph,0.1630434782608695,0.3031755542240862,0.3005366726296959,0.2688427299703264,0.1888563049853372,0.3171728971962617,0,0.3775147928994082
Kyle Turley,0.1233243967828418,0.2482450542437779,0.5370828182941904,0.5323170731707317,0.528415961305925,0.0325890162945081,0,0.1042287075640262
Kyle Vanden Bosch,0.5998659517426274,0.7185705169112955,0.7175525339925835,0.6658536585365854,0.8555018137847642,0.9402534701267352,0,0.9868969624776652
Kyle Wilber,0.3508454106280193,0.7106051527860995,0.7644603458556947,0.769139465875371,0.7419354838709677,0.7143691588785047,0,0.6952662721893491
Kyle Williams,0.5853952926976463,0.684931506849315,0.6893028846153846,0.6219951923076923,0.6949760765550239,0.8197879858657244,0,0.8202179176755447
Kyle Wilson,0.4652532391048292,0.6561743341404358,0.7421497584541062,0.7543439185140803,0.6803816338700059,0.6724035608308605,0,0.6686217008797654
Kyler Fackrell,0.6316715542521995,0.7242990654205608,0.8461538461538461,0.815742397137746,0.9044289044289044,0.8809660724554341,1,
L.J. Fort,0.5935990338164251,0.6147393648891551,0.5957066189624329,0.0409495548961424,0.3266862170087976,0.5105140186915887,0,0.6408284023668639
L.J. Shelton,0.3235294117647059,0.2459785522788203,0.2080408423739629,0.0210135970333745,0.0274390243902439,0.1390568319226118,0,0.1804465902232951
L.J. Smith,0.3411619283065513,0.4280487804878048,0.4570737605804111,0.4302957151478576,0.3025610482430018,0.125,1,
L.P. Ladouceur,0.20036210018105,0.2882668254913639,0.3569711538461538,0.3068181818181818,0.3227326266195524,0.2675544794188862,0,0.2989130434782608
La'Roi Glover,0.219430485762144,0.4934853420195439,0.6193447737909517,0.9198529411764704,0.9215817694369972,0.9444798978940652,0,0.8838071693448702
La'el Collins,0.3305637982195846,0.3466275659824047,0.3452102803738318,0.1816568047337278,0.2367322599880739,0.1404428904428904,0,0.1385853939045428
LaAdrian Waddle,0.10964649490713,0.0649970184853905,0.0528189910979228,0.039882697947214,0.0420560747663551,0.1159763313609467,1,
LaDainian Tomlinson,0.1233243967828418,0.0887045309508615,0.145859085290482,0.1310975609756097,0.1958887545344619,0.1508750754375377,0,0.1882072662298987
LaMarr Woodley,0.6075044669446099,0.8425480769230769,0.9455741626794258,0.983510011778563,0.9727602905569008,0.9371980676328504,0,0.877771120431396
LaMont Jordan,0.0797280593325092,0.0512195121951219,0.1789600967351874,0.1092335546167773,0.1762954139368671,0.1033653846153846,0,0.2117224880382775
LaRon Landry,0.6902918403811793,0.796875,0.8827751196172249,0.8710247349823321,0.8329297820823245,0.8695652173913043,0,0.8568004793289394
LaRoy Reynolds,0.4715398442180947,0.543231961836613,0.5804154302670623,0.6299120234604105,0.5852803738317757,0.5757396449704142,0,0.4704830053667262
LaVar Arrington,0.6198529411764706,0.8404825737265416,0.9368219527760052,0.9629171817058096,0.8823170731707317,0.7617896009673518,0,0.6372963186481593
Ladell Betts,0.374390243902439,0.4105199516324063,0.4357272178636089,0.2733770101250744,0.2475961538461538,0.1537081339712918,0,0.2703180212014134
Laken Tomlinson,0.1329376854599406,0.1401759530791788,0.1664719626168224,0.129585798816568,0.2403100775193798,0.1491841491841491,0,0.1581368602645198
Lamar Lathon,0.8574108818011257,0.9386617100371748,0.9392789373814042,0.8260869565217391,0.8822525597269625,0.9586919104991394,0,0.916247906197655
Lamarcus Joyner,0.5688729874776386,0.6967359050445104,0.7853372434017595,0.8954439252336449,0.8970414201183432,0.8795468097793679,0,0.7948717948717948
Lamarr Houston,0.7302709069493521,0.8256658595641646,0.8955314009661836,0.920311563810665,0.8938580799045915,0.8884272997032641,0,0.7736070381231671
Lamont Thompson,0.5194639438417358,0.5791100123609394,0.8121951219512196,0.875453446191052,0.936632468316234,0.824895771292436,1,
Lance Briggs,0.7008652657601978,0.849390243902439,0.9655380894800484,0.9824984912492456,0.9827278141751042,0.9807692307692308,0,0.9605263157894736
Lance Johnstone,0.2753872633390705,0.52428810720268,0.8289902280130294,0.9578783151326054,0.976470588235294,0.960455764075067,0,0.9055520102105936
Lance Kendricks,0.1035108958837772,0.2741545893719807,0.2588376273217495,0.306499701848539,0.1548961424332344,0.2668621700879765,0,0.3656542056074766
Lance Mehl,0.7116564417177914,0.9655963302752294,0.998019801980198,1.0,0.9944547134935304,0.9558823529411764,1,
Lance Moore,0.46039309112567,0.4699519230769231,0.4683014354066985,0.3698468786808009,0.2705811138014528,0.3013285024154589,0,0.2043139604553625
Lance Schulters,0.5787831513260531,0.9022058823529412,0.9524128686327078,0.95788130185067,0.9134734239802224,0.8573170731707317,0,0.8591293833131801
Landon Cohen,0.34375,0.5167464114832536,0.5371024734982333,0.5060532687651331,0.3798309178743961,0.4853205512282804,1,
Landon Collins,0.7246290801186943,0.9542521994134896,0.9883177570093458,0.985207100591716,0.9463327370304114,0.9178321678321678,0,0.9522714203565268
Landon Johnson,0.749390243902439,0.8270858524788391,0.9342184671092336,0.9368671828469328,0.9110576923076924,0.8086124401913876,0,0.7491166077738516
Laquon Treadwell,0.1008797653958944,0.5356308411214953,0.5360946745562131,0.5229576624925462,0.0571095571095571,0.1897642323174238,0,0.1873508353221957
Lardarius Webb,0.55622009569378,0.7220259128386337,0.9146489104116224,0.929951690821256,0.9346914319952068,0.8217054263565892,0,0.801780415430267
Larry Allen,0.2588235294117647,0.2158176943699732,0.1646458200382897,0.0871446229913473,0.0274390243902439,0.1390568319226118,0,0.1804465902232951
Larry Asante,0.4882214369846879,0.5926150121065376,0.605072463768116,0.5739964050329539,0.5837805605247466,0.6344213649851632,1,
Larry Braziel,0.554006968641115,0.7986798679867987,0.8773006134969326,0.713302752293578,0.4257425742574257,0.0154440154440154,0,0.2698706099815157
Larry Brown,0.2138836772983114,0.328996282527881,0.2960151802656546,0.3478260869565217,0.6774744027303754,0.6746987951807228,1,
Larry Chester,0.2687296416938111,0.4087363494539781,0.7389705882352942,0.7365951742627346,0.7313337587747287,0.7367119901112484,0,0.7146341463414634
Larry English,0.6590909090909091,0.7314487632508834,0.7451573849878934,0.6986714975845411,0.6980227681246255,0.7227191413237924,1,
Larry Fitzgerald,0.0918984280532043,0.1188895594447797,0.3787969029184038,0.3870192307692308,0.4300239234449761,0.4157832744405182,0,0.4231234866828087
Larry Foote,0.5213784301212508,0.5494437577255872,0.7585365853658537,0.839782345828295,0.943874471937236,0.9606908874329958,0,0.9549278846153846
Larry Gordon,0.2283464566929134,0.5367647058823529,0.6794425087108014,0.6765676567656765,0.3496932515337423,0.5596330275229358,1,
Larry Grant,0.2722355769230769,0.6214114832535885,0.7644287396937574,0.8196125907990315,0.7729468599033816,0.6638705811863391,1,
Larry Griffin,0.3110119047619047,0.4339622641509434,0.5834896810506567,0.7467166979362101,0.6960600375234521,0.775092936802974,1,
Larry Izzo,0.4661764705882353,0.6306970509383378,0.6522016592214422,0.6841779975278122,0.6231707317073171,0.6203143893591294,0,0.5811707905853953
Larry Johnson,0.0797280593325092,0.1310975609756097,0.2430471584038694,0.3216656608328304,0.2733770101250744,0.2475961538461538,1,
Larry McGrew,0.0573394495412844,0.1702970297029703,0.1486486486486486,0.1349353049907578,0.2683823529411764,0.3988095238095238,0,0.3188679245283018
Larry Roberts,0.2922794117647059,0.5059523809523809,0.6811320754716981,0.6585365853658537,0.6735459662288931,0.5365853658536586,0,0.3661710037174721
Larry Smith,0.1716068642745709,0.6727941176470589,0.732573726541555,0.7077217613273772,0.6637824474660075,0.6109756097560975,1,
Larry Tripplett,0.4690491384811742,0.6625463535228677,0.7213414634146341,0.8331318016928658,0.8442969221484611,0.8761167361524718,1,
Larry Warford,0.2696225284601558,0.3094812164579606,0.3086053412462908,0.1196480938416422,0.0420560747663551,0.0343195266272189,0,0.1067382230172927
Larry Webster1,0.0687732342007435,0.0815939278937381,0.0775047258979206,0.0631399317406143,0.06368330464716,0.0586264656616415,0,0.0684039087947882
Larry Whigham,0.2362948960302457,0.2559726962457337,0.2547332185886403,0.4807370184254606,0.5700325732899023,0.6458658346333853,0,0.7073529411764706
Latavius Murray,0.2903995229576624,0.3614243323442137,0.3765395894428152,0.2272196261682243,0.0343195266272189,0.0363744782349433,0,0.0256410256410256
Laveranues Coles,0.3875,0.3612600536193029,0.3560944479897894,0.5519159456118665,0.550609756097561,0.558645707376058,0,0.4019312009656005
Lawrence Johnson,0.1221122112211221,0.0950920245398773,0.6261467889908257,0.6039603960396039,0.5598455598455598,0.3918669131238447,1,
Lawrence Sidbury,0.6076555023923444,0.6042402826855123,0.664043583535109,0.5875603864734299,0.6075494307968844,0.2474657125819916,1,
Lawrence Taylor,0.6042944785276073,0.9472477064220184,0.986138613861386,0.9942084942084942,0.988909426987061,0.9926470588235294,0,0.9925595238095238
Lawrence Timmons,0.5687909469922573,0.8353365384615384,0.9557416267942584,0.991166077738516,0.986682808716707,0.9933574879227052,0,0.9916117435590174
Lawrence Tynes,0.0975609756097561,0.1590084643288996,0.2607121303560651,0.240023823704586,0.2103365384615384,0.2117224880382775,0,0.1996466431095406
Lawrence Vickers,0.3566686783343392,0.395473496128648,0.4176682692307692,0.3648325358851674,0.2832744405182568,0.2052058111380145,0,0.3562801932367149
Lawyer Milloy,0.487091222030981,0.8174204355108877,0.969055374592834,0.9812792511700468,0.9911764705882352,0.9731903485254692,0,0.95022335673261
LeRoy Butler,0.2889305816135084,0.4709193245778612,0.4795539033457249,0.5958254269449715,0.6389413988657845,0.8122866894197952,0,0.8777969018932874
LeRoy Irvin,0.5214521452145214,0.549079754601227,0.5298165137614679,0.398019801980198,0.6196911196911197,0.833641404805915,0,0.9356617647058824
LeSean McCoy,0.0873205741626794,0.1472320376914016,0.2487893462469733,0.2717391304347826,0.2917914919113241,0.2128801431127012,0,0.1489614243323442
LeVar Woods,0.4731903485254691,0.593490746649649,0.6514215080346106,0.6573170731707317,0.6656590084643289,0.6234158117079058,0,0.5961882072662299
Lee Evans,0.2024390243902439,0.3385731559854897,0.3916716958358479,0.5300774270399047,0.5318509615384616,0.5257177033492823,0,0.4081272084805654
Lee Nelson,0.452755905511811,0.5220588235294118,0.4773519163763066,0.1023102310231023,0.0552147239263803,0.3027522935779816,0,0.6792079207920793
Lee Smith,0.1658595641646489,0.2391304347826087,0.2917914919113241,0.1419200954084675,0.0528189910979228,0.039882697947214,0,0.2476635514018691
Lee Williams,0.276061776061776,0.6506469500924215,0.8694852941176471,0.9598214285714286,0.9433962264150944,0.9437148217636022,0,0.9193245778611632
Lee Woodall,0.4461247637051039,0.7662116040955631,0.8278829604130808,0.8676716917922948,0.7345276872964169,0.7628705148205929,0,0.8654411764705883
Legedu Naanee,0.3019654556283502,0.4320913461538461,0.4647129186602871,0.4634864546525324,0.4315980629539951,0.41243961352657,1,
Leger Douzable,0.4013157894736842,0.4617196702002356,0.601089588377724,0.6002415458937198,0.6872378669862192,0.6768038163387,0,0.6884272997032641
Leigh Bodden,0.5098887515451175,0.626219512195122,0.7799274486094316,0.8473144236572119,0.946396664681358,0.950721153846154,0,0.9784688995215312
Leigh Torrence,0.3270858524788392,0.3343391671695835,0.5979749851101847,0.6316105769230769,0.652511961722488,0.6749116607773852,0,0.7675544794188862
Leighton Vander Esch,0.7976331360946746,0.8592725104353012,0.9155011655011654,0.8591144335825187,0.8687350835322196,0.8335427135678392,1,
Lemanski Hall,0.1289782244556113,0.1368078175895765,0.1388455538221528,0.5705882352941176,0.7781501340482574,0.8047223994894703,1,
Lemar Marshall,0.4020421186981493,0.5037082818294191,0.6707317073170732,0.8929866989117291,0.9408569704284852,0.9273377010125076,1,
Lemar Parrish,0.8181818181818182,0.978102189781022,1.0,0.9949748743718592,0.8284313725490197,0.4349775784753363,0,0.3817427385892116
Lenny Walls,0.5111678366305041,0.6718170580964153,0.6896341463414634,0.7025392986698912,0.6155703077851539,0.604526503871352,1,
Lenoy Jones,0.2261306532663316,0.2312703583061889,0.3400936037441497,0.674264705882353,0.7024128686327078,0.6515634971282706,1,
Leo Barker,0.150735294117647,0.2633928571428571,0.439622641509434,0.3283302063789868,0.3771106941838649,0.24953095684803,1,
Leodis McKelvin,0.7133413461538461,0.72188995215311,0.8144876325088339,0.7463680387409201,0.7771739130434783,0.7795086878370282,0,0.8199165175909362
Leon Hall,0.7552114353782013,0.8996394230769231,0.973086124401914,0.9723203769140164,0.9418886198547216,0.9039855072463768,0,0.8400239664469742
Leon Lett,0.2026022304832713,0.2011385199240986,0.4120982986767486,0.5204778156996587,0.729776247848537,0.6130653266331658,0,0.6107491856677525
Leon Washington,0.28002414001207,0.2608695652173913,0.3629807692307692,0.319377990430622,0.3716136631330977,0.3480629539951574,0,0.323671497584541
Leonard Davis,0.1914486279514997,0.2354758961681087,0.3018292682926829,0.2515114873035066,0.2981291490645745,0.1804645622394282,0,0.1502403846153846
Leonard Fournette,0.1226635514018691,0.129585798816568,0.2647584973166368,0.2039627039627039,0.2777458309373203,0.1855608591885441,1,
Leonard Griffin,0.0625,0.1175595238095238,0.4641509433962264,0.6791744840525328,0.7729831144465291,0.5590994371482176,0,0.3327137546468401
Leonard Johnson,0.7995169082125604,0.8933493109646495,0.9672033392963626,0.8931750741839762,0.829325513196481,0.7289719626168224,0,0.7266272189349112
Leonard Little,0.0846905537459283,0.0858034321372854,0.6661764705882353,0.871313672922252,0.9840459476707084,0.9981458590852904,0,0.997560975609756
Leonard Marshall,0.0475247524752475,0.3996138996138996,0.6746765249537893,0.9154411764705882,0.9345238095238096,0.8679245283018868,0,0.8405253283302064
Leonard Pope,0.1436330718165359,0.289458010720667,0.2950721153846153,0.2805023923444976,0.1012956419316843,0.137409200968523,1,
Leonard Smith,0.3532818532818533,0.7208872458410351,0.9025735294117648,0.9613095238095238,0.8830188679245283,0.8761726078799249,0,0.9849906191369606
Leonard Wheeler,0.191449814126394,0.4098671726755218,0.3818525519848771,0.2832764505119454,0.06368330464716,0.2043551088777219,1,
Lerentee McCray,0.4883720930232558,0.5531157270029674,0.6087976539589443,0.6179906542056075,0.6195266272189349,0.5843768634466309,0,0.4912587412587412
Leroy Hill,0.7515114873035067,0.8611949305974653,0.9553305539011316,0.9284855769230768,0.8911483253588517,0.7267373380447585,0,0.7838983050847458
Leroy Jones,0.1659751037344398,0.4566929133858268,0.4632352941176471,0.3101045296167247,0.0462046204620462,0.3220858895705521,0,0.6032110091743119
Les Miller,0.5520833333333334,0.4415094339622641,0.5572232645403377,0.474671669793621,0.6210131332082551,0.6486988847583643,0,0.5426944971537002
Leslie O'Neal,0.4117647058823529,0.5431547619047619,0.4981132075471698,0.3545966228893058,0.6341463414634146,0.7467166979362101,0,0.758364312267658
Lester Archambeau,0.3151969981238274,0.4275092936802974,0.4117647058823529,0.4177693761814744,0.4897610921501706,0.5748709122203098,0,0.8525963149078727
Lester Hayes,0.2283464566929134,0.6691176470588235,0.975609756097561,1.0,1.0,0.9495412844036696,0,0.6237623762376238
Lester Lyles,0.1275415896487985,0.7224264705882353,0.7931547619047619,0.7433962264150943,0.5103189493433395,0.6660412757973734,1,
Lester Towns,0.6713235294117647,0.8297587131367292,0.8385449904275686,0.7558714462299134,0.5274390243902439,0.5816203143893591,1,
Lester Williams,0.5504587155963303,0.499009900990099,0.527027027027027,0.288354898336414,0.2408088235294117,0.2351190476190476,1,
Letroy Guion,0.0873205741626794,0.6224970553592462,0.6531476997578692,0.7306763285024155,0.74415817855003,0.802623732856291,0,0.7626112759643917
Levine Toilolo,0.1677651288196525,0.3220035778175313,0.3566765578635015,0.4017595307917888,0.4322429906542056,0.429585798816568,0,0.3822301729278473
Levon Kirkland,0.5483870967741935,0.7542533081285444,0.8856655290102389,0.9087779690189328,0.9430485762144054,0.97557003257329,0,0.968798751950078
Lewis Billups,0.0772058823529411,0.1875,0.5169811320754717,0.626641651031895,0.8105065666041276,0.6060037523452158,1,
Lewis Bush,0.4266211604095563,0.5542168674698795,0.542713567839196,0.4201954397394137,0.3572542901716068,0.7639705882352941,0,0.7513404825737265
Lewis Sanders,0.5338235294117647,0.5315013404825737,0.6917677089980855,0.669344870210136,0.7634146341463415,0.7406287787182587,0,0.7748943874471937
Liffort Hobley,0.4836309523809524,0.3584905660377358,0.5966228893058161,0.6604127579737336,0.7129455909943715,0.7620817843866171,0,0.5445920303605313
Linden King,0.0955882352941176,0.0766550522648083,0.1287128712871287,0.588957055214724,0.8188073394495413,0.9326732673267328,0,0.9652509652509652
Lional Dalton,0.1669266770670827,0.575735294117647,0.6099195710455764,0.6279514996809189,0.6545117428924598,0.7219512195121951,0,0.6970979443772672
Lionel Washington,0.5584158415841585,0.7046332046332047,0.8317929759704251,0.7095588235294118,0.5833333333333334,0.3792452830188679,0,0.651031894934334
Lito Sheppard,0.4365028717294192,0.6823238566131026,0.9048780487804878,0.9552599758162033,0.9794809897404948,0.9422275163787968,0,0.9092548076923076
Lloyd Burruss,0.6656441717791411,0.8509174311926605,0.9346534653465348,0.8494208494208494,0.7430683918669131,0.9209558823529412,0,0.8571428571428571
Lloyd Mumphord,0.9494949494949496,0.7591240875912408,0.9080459770114944,0.6482412060301508,0.6274509803921569,0.484304932735426,0,0.6058091286307054
Lofa Tatupu,0.8143893591293833,0.9354254677127338,0.9892793329362716,0.9765625,0.9366028708133972,0.8969375736160189,1,
Logan Mankins,0.0918984280532043,0.1852745926372963,0.1804645622394282,0.2746394230769231,0.2559808612440191,0.2797408716136631,0,0.059322033898305
Logan Paulsen,0.3517076093469143,0.396541443053071,0.3922848664688427,0.3126099706744868,0.1308411214953271,0.2071005917159763,1,
Logan Ryan,0.8364289994008388,0.8974358974358975,0.9661721068249258,0.947800586510264,0.9398364485981308,0.9088757396449704,0,0.9630292188431724
Logan Thomas,0.5372781065088758,0.5491949910554562,0.5594405594405595,0.3990799309948246,0.2911694510739857,0.2160804020100502,1,
London Fletcher,0.3790951638065523,0.8816176470588235,0.979892761394102,0.994256541161455,0.9851668726823238,0.9798780487804878,0,0.9770253929866988
Lonie Paxton,0.175,0.1595174262734584,0.177409061901723,0.3386897404202719,0.4603658536585366,0.4740024183796856,0,0.4725407362703681
Lonnie Marts,0.298311444652908,0.5669144981412639,0.8481973434535104,0.725897920604915,0.7303754266211604,0.6919104991394148,0,0.8257956448911222
Lonnie Young,0.3567467652495379,0.5753676470588235,0.8824404761904762,0.7981132075471699,0.7898686679174484,0.5647279549718575,0,0.5966228893058161
Loren Toews,0.2864321608040201,0.2401960784313725,0.2690582959641255,0.0165975103734439,0.0275590551181102,0.1580882352941176,0,0.1463414634146341
Lorenzo Alexander,0.3496128648004765,0.5847355769230769,0.7093301435406698,0.8368669022379269,0.8123486682808717,0.8121980676328503,0,0.6794487717195926
Lorenzo Bromell,0.4283387622149837,0.5616224648985959,0.8073529411764706,0.8384718498659517,0.8410976388002552,0.8405438813349815,0,0.6823170731707318
Lorenzo Lynch,0.3302063789868668,0.3827392120075047,0.8086303939962477,0.6282527881040892,0.8766603415559773,0.8090737240075614,0,0.9658703071672357
Lorenzo Neal,0.1890080428954423,0.3363114231014678,0.3312731767614338,0.2554878048780488,0.0918984280532043,0.1188895594447797,1,
Louis Breeden,0.3639705882352941,0.3310104529616725,0.801980198019802,0.8803680981595092,0.9128440366972476,0.8574257425742574,0,0.7104247104247104
Louis Delmas,0.8528708133971292,0.9322732626619552,0.9473365617433414,0.8345410628019324,0.8436189334931097,0.9224806201550388,1,
Louis Murphy,0.1919856459330143,0.290341578327444,0.3093220338983051,0.1968599033816425,0.1180347513481126,0.1282051282051282,0,0.0694362017804154
Louis Oliver,0.4221388367729831,0.8874296435272045,0.9681050656660412,0.9869888475836432,0.9582542694497154,0.947069943289225,0,0.7337883959044369
Louis Wright,0.2286995515695067,0.4024896265560166,0.8228346456692913,0.7867647058823529,0.7979094076655052,0.4422442244224422,0,0.2239263803680981
Lousaka Polite,0.0975609756097561,0.2460701330108827,0.2414001207000603,0.3317450863609291,0.3269230769230769,0.3666267942583732,0,0.3091872791519434
Lucius Sanford,0.2941176470588235,0.494773519163763,0.5478547854785478,0.254601226993865,0.018348623853211,0.5267326732673268,0,0.4517374517374517
Luis Castillo,0.6662636033857315,0.8086904043452021,0.8505062537224538,0.8455528846153846,0.7787081339712919,0.7891637220259128,0,0.6688861985472155
Luke Kuechly,0.8266908212560387,0.950868783702816,0.9940369707811568,0.9970326409495548,0.9929618768328444,0.9964953271028038,0,0.9893491124260356
Luke Stocker,0.1035108958837772,0.2288647342995169,0.207309766327142,0.5414430530709601,0.5210682492581602,0.5372434017595308,0,0.2821261682242991
Luther Elliss,0.370051635111876,0.6482412060301508,0.7638436482084691,0.8221528861154446,0.8786764705882353,0.868632707774799,0,0.7836630504148053
Lyle Blackwood,0.3497757847533632,0.3609958506224066,0.905511811023622,0.9779411764705882,0.9930313588850174,0.9273927392739274,0,0.7638036809815951
Lyle Sendlein,0.1042287075640262,0.1905048076923076,0.3235645933014354,0.4782096584216725,0.4854721549636804,0.5042270531400966,0,0.4254044337926902
Ma'ake Kemoeatu,0.5411614550095725,0.595797280593325,0.6317073170731707,0.652962515114873,0.6626433313216656,0.6789755807027993,0,0.6658653846153846
Maa Tanuvasa,0.2736660929432014,0.4757118927973199,0.747557003257329,0.8018720748829953,0.9125,0.8197050938337802,1,
Mack Strong,0.175,0.3545576407506702,0.4058710912571793,0.4493201483312731,0.4530487804878049,0.4322853688029021,0,0.4182257091128545
Mackensie Alexander,0.3788856304985337,0.584696261682243,0.7076923076923077,0.7817531305903399,0.8216783216783217,0.7843588269120184,0,0.711217183770883
Mackenzy Bernadeau,0.1996466431095406,0.1773607748184019,0.3146135265700483,0.1851408028759736,0.1854502087060226,0.1329376854599406,1,
Madieu Williams,0.800609756097561,0.8252720677146312,0.9336149668074832,0.915425848719476,0.9441105769230768,0.902511961722488,0,0.8775029446407538
Madison Hedgecock,0.4498186215235792,0.4906457453228726,0.4907683144729005,0.4302884615384615,0.3409090909090909,0.2285041224970553,1,
Major Wright,0.4770318021201413,0.7772397094430993,0.9239130434782608,0.9826243259436788,0.9564698867024448,0.8599406528189911,1,
Malcolm Brown,0.1612903225806451,0.1308411214953271,0.2662721893491124,0.3619558735837805,0.3927738927738928,0.3559516963772283,0,0.269689737470167
Malcolm Butler,0.4472271914132379,0.686053412462908,0.8826979472140762,0.97196261682243,0.9905325443786982,0.9821109123434704,0,0.9813519813519812
Malcolm Jenkins,0.7015550239234449,0.901060070671378,0.9515738498789348,0.966183574879227,0.9484721390053924,0.9779367918902804,0,0.9946587537091988
Malcolm Smith,0.5829297820823245,0.6992753623188406,0.859796285200719,0.8855098389982111,0.9620178041543028,0.9565982404692082,0,0.9228971962616822
Malcolm Taylor,0.1881188118811881,0.1602316602316602,0.1367837338262477,0.03125,0.3586309523809524,0.2867924528301886,0,0.2908067542213883
Malcom Brown,0.6729970326409496,0.8082111436950147,0.8720794392523364,0.8301775147928994,0.7889087656529516,0.7546620046620046,0,0.7648073605520413
Malcom Floyd,0.0941460470730235,0.0589636688505062,0.2331730769230769,0.3181818181818182,0.3498233215547703,0.2294188861985472,0,0.1998792270531401
Malik Jackson,0.3792270531400966,0.7237866986219293,0.8085867620751341,0.8724035608308606,0.8686217008797654,0.9415887850467288,0,0.921301775147929
Malik Jefferson,0.4532544378698225,0.4448419797257006,0.4627039627039627,0.3502012650948821,0.328162291169451,0.2160804020100502,1,
Manny Lawson,0.6855763427881714,0.7087552114353782,0.8022836538461539,0.8809808612440191,0.9434628975265018,0.9225181598062954,0,0.8514492753623188
Manti Te'o,0.6123427201917315,0.7251043530113298,0.8094955489614243,0.7976539589442815,0.7774532710280374,0.6662721893491125,0,0.6446034585569469
Manuel Ramirez,0.0873205741626794,0.1012956419316843,0.059322033898305,0.1630434782608695,0.1977231875374475,0.344066785927251,0,0.3181008902077151
Marc Boutte,0.3234200743494423,0.4364326375711575,0.4102079395085066,0.4061433447098976,0.3717728055077453,0.5795644891122278,0,0.5667752442996743
Marc Bulger,0.0797280593325092,0.0512195121951219,0.0411124546553808,0.0941460470730235,0.0589636688505062,0.2331730769230769,1,
Marc Colombo,0.0975609756097561,0.1045949214026602,0.100181050090525,0.0327575938058368,0.0757211538461538,0.104066985645933,0,0.2114252061248527
Marc Edwards,0.2588235294117647,0.3512064343163539,0.377791959157626,0.3454882571075401,0.1597560975609756,0.0918984280532043,1,
Marc Mariani,0.1996466431095406,0.3498789346246973,0.376207729468599,0.2989814260035949,0.0429338103756708,0.2124629080118694,1,
Marc Spindler,0.0562851782363977,0.3020637898686679,0.5483271375464684,0.6148007590132827,0.4820415879017013,0.2610921501706484,0,0.225473321858864
Marcedes Lewis,0.1042287075640262,0.4975961538461538,0.5005980861244019,0.5100117785630153,0.2808716707021791,0.3345410628019323,0,0.3079688436189335
Marcel Reece,0.1012956419316843,0.059322033898305,0.1998792270531401,0.1977231875374475,0.3971377459749552,0.3982195845697329,0,0.3994134897360704
Marcel Shipp,0.4121983914209115,0.4326738991703893,0.472805933250927,0.399390243902439,0.5290205562273277,0.5262522631261316,0,0.5533055390113163
Marcell Dareus,0.6743341404358354,0.7946859903381642,0.896345116836429,0.9320214669051878,0.9121661721068248,0.8674486803519061,0,0.7762850467289719
Marcellus Wiley,0.2736156351791531,0.5335413416536662,0.9301470588235294,0.9879356568364612,0.9910657306955968,0.9734239802224968,0,0.9073170731707316
Marco Coleman,0.4702602230483271,0.6641366223908919,0.8657844990548205,0.8430034129692833,0.8209982788296041,0.7370184254606366,0,0.742671009771987
Marcus Bell,0.5661764705882353,0.6233243967828418,0.6541554959785523,0.6656030631780472,0.6930440331844289,0.6971569839307787,0,0.7262195121951219
Marcus Benard,0.611244019138756,0.7502944640753828,0.7433414043583535,0.6865942028985508,0.6476932294787298,0.6463923673225999,1,
Marcus Cannon,0.10964649490713,0.0649970184853905,0.0528189910979228,0.1612903225806451,0.1308411214953271,0.2071005917159763,1,
Marcus Coleman,0.2891566265060241,0.4221105527638191,0.4267100977198697,0.7098283931357254,0.8838235294117647,0.9510723860589811,0,0.90427568602425
Marcus Cooper,0.7735170760934691,0.7847346451997614,0.771513353115727,0.8234604105571848,0.8288551401869159,0.8449704142011835,1,
Marcus Gilchrist,0.6410411622276029,0.7294685990338164,0.8675853804673457,0.9093619558735838,0.9531157270029672,0.93841642228739,0,0.9269859813084113
Marcus Johnson,0.0941460470730235,0.0589636688505062,0.0865384615384615,0.0370813397129186,0.0400471142520612,0.0405569007263922,0,0.0440821256038647
Marcus Jones~,0.1256454388984509,0.1256281407035175,0.1351791530944625,0.3775351014040561,0.8375,0.8941018766756033,1,
Marcus Mariota,0.1921728971962616,0.3023668639053254,0.2981514609421586,0.243006993006993,0.0983323749281196,0.1616945107398568,1,
Marcus Peters,0.9246290801186944,0.990615835777126,1.0,0.9964497041420118,0.998211091234347,0.997086247086247,0,0.9781483611270846
Marcus Pollard,0.175,0.3150134048257372,0.352903637523931,0.3553770086526576,0.2176829268292683,0.1789600967351874,0,0.2389861194930597
Marcus Robertson,0.0806754221388367,0.4646840148698885,0.905123339658444,0.9716446124763704,0.940273037542662,0.8158347676419966,0,0.8609715242881072
Marcus Sherels,0.5205811138014528,0.5597826086956522,0.6740563211503895,0.6642814549791294,0.6617210682492581,0.6105571847507332,0,0.5227803738317757
Marcus Smith,0.3052884615384615,0.3217703349282296,0.414605418138987,0.2960048426150121,0.3272946859903382,0.0437387657279808,0,0.0429338103756708
Marcus Spears,0.6106408706166868,0.684369342184671,0.7855866587254318,0.7830528846153846,0.7960526315789473,0.7367491166077739,0,0.6610169491525424
Marcus Stroud,0.4879356568364611,0.7760051052967454,0.8572311495673671,0.9402439024390244,0.8742442563482467,0.8412794206397103,0,0.7575938058368076
Marcus Trufant,0.6779975278121138,0.8682926829268293,0.9226118500604596,0.9251659625829812,0.9475878499106613,0.9423076923076924,0,0.9288277511961722
Marcus Washington,0.5794117647058824,0.8264075067024129,0.9240587109125716,0.977132262051916,0.971341463414634,0.9848851269649336,0,0.971635485817743
Marcus Wilkins,0.4103382259093809,0.600123609394314,0.725,0.7484885126964933,0.7193723596861799,0.600357355568791,1,
Margus Hunt,0.4559616536848412,0.5181872391174717,0.5068249258160238,0.555425219941349,0.6051401869158879,0.7656804733727811,0,0.753726893261777
Mario Addison,0.397094430992736,0.5742753623188406,0.7261833433193529,0.8491353607632678,0.8753709198813057,0.9325513196480938,0,0.9503504672897196
Mario Clark,0.3236514522821577,0.84251968503937,0.9411764705882352,0.9790940766550522,0.8382838283828383,0.9141104294478528,0,0.7614678899082569
Mario Haggan,0.0797280593325092,0.5780487804878048,0.619105199516324,0.6674713337356669,0.6521739130434783,0.6544471153846154,0,0.7595693779904307
Mario Williams,0.6928183464091732,0.9213817748659916,0.9849759615384616,0.9904306220095692,0.9740871613663132,0.9164648910411622,0,0.913647342995169
Marion Barber,0.3482466747279323,0.3946891973445987,0.3942823108993448,0.3533653846153846,0.2942583732057416,0.3115429917550059,0,0.1658595641646489
Mark Anderson,0.8346409173204586,0.8921977367480644,0.9176682692307692,0.7948564593301436,0.7726737338044759,0.8771186440677966,0,0.8496376811594203
Mark Barron,0.7010869565217391,0.8382264829239066,0.8968395945140131,0.9329376854599406,0.9483870967741936,0.9649532710280374,0,0.9289940828402368
Mark Brown1,0.0792079207920792,0.081081081081081,0.1460258780036968,0.2040441176470588,0.3467261904761904,0.269811320754717,0,0.1519699812382739
Mark Bruener,0.175,0.0509383378016085,0.169751116783663,0.1279357231149567,0.1823170731707317,0.1590084643288996,0,0.2607121303560651
Mark Brunell,0.2588235294117647,0.2707774798927614,0.2310146777281429,0.1501854140914709,0.0274390243902439,0.0918984280532043,1,
Mark Campbell,0.175,0.0509383378016085,0.1001914486279515,0.0797280593325092,0.1310975609756097,0.1045949214026602,0,0.156306578153289
Mark Carrier,0.5384615384615384,0.797373358348968,0.8066914498141264,0.7685009487666035,0.7013232514177694,0.7047781569965871,0,0.5903614457831325
Mark Collins,0.1985294117647058,0.6011904761904762,0.6094339622641509,0.7392120075046904,0.6378986866791745,0.8386491557223265,0,0.7973977695167286
Mark Cotney,0.4107883817427386,0.4606299212598425,0.6286764705882353,0.4285714285714285,0.6303630363036303,0.3404907975460122,0,0.2155963302752293
Mark Fields1,0.0767918088737201,0.1101549053356282,0.3517587939698492,0.4625407166123778,0.5647425897035881,0.7816176470588235,0,0.8190348525469169
Mark Gastineau,0.5779816513761468,0.8693069306930693,0.9903474903474904,0.99815157116451,0.9797794117647058,0.8497023809523809,0,0.6018867924528302
Mark Haynes,0.1584158415841584,0.4846625766871165,0.6330275229357798,0.7069306930693069,0.7876447876447876,0.7005545286506469,0,0.5110294117647058
Mark Herzlich,0.4388619854721549,0.5507246376811594,0.6440982624325944,0.691711389385808,0.7252225519287834,0.7143695014662756,1,
Mark Ingram,0.1282051282051282,0.1845697329376854,0.2293255131964809,0.1536214953271028,0.0449704142011834,0.1067382230172927,0,0.0571095571095571
Mark Kelso,0.6547619047619048,0.909433962264151,0.975609756097561,0.9437148217636022,0.8067542213883677,0.7472118959107806,1,
Mark Lee,0.5429447852760736,0.7178899082568807,0.801980198019802,0.6698841698841699,0.7504621072088724,0.8639705882352942,0,0.8526785714285714
Mark Maddox,0.4328922495274102,0.4436860068259385,0.4165232358003442,0.185929648241206,0.3990228013029316,0.4274570982839313,0,0.6970588235294117
Mark McMillian,0.0799256505576208,0.2296015180265654,0.3194706994328922,0.4505119453924914,0.3993115318416523,0.7822445561139029,0,0.7882736156351792
Mark Murphy,0.3449477351916376,0.7425742574257426,0.8926380368098159,0.97239263803681,0.9105504587155964,0.9108910891089108,0,0.7972972972972973
Mark Nzeocha,0.2105571847507331,0.3633177570093458,0.6201183431952663,0.6595110316040549,0.6491841491841492,0.5250143760782059,1,
Mark Robinson~,0.2569316081330868,0.2536764705882353,0.5997023809523809,0.6150943396226415,0.9287054409005628,0.9549718574108818,1,
Mark Roman,0.5529411764705883,0.6823056300268097,0.7319719208679004,0.7991347342398022,0.8195121951219512,0.8899637243047158,0,0.8955944477972239
Mark Sanchez,0.1012956419316843,0.2052058111380145,0.394927536231884,0.3864589574595566,0.3178294573643411,0.0409495548961424,0,0.1008797653958944
Mark Simoneau,0.5669117647058823,0.7198391420911529,0.7683471601786854,0.8665018541409147,0.8640243902439024,0.8748488512696493,0,0.8183464091732046
Mark Smith,0.3634840871021775,0.7035830618892508,0.6770670826833073,0.8220588235294117,0.7044235924932976,0.7038927887683472,1,
Mark Tauscher,0.3522058823529412,0.3277479892761394,0.2878111040204212,0.145859085290482,0.1926829268292683,0.2515114873035066,0,0.2190706095353047
Mark Thomas,0.0664136622390891,0.0907372400756143,0.1416382252559727,0.270223752151463,0.3283082077051926,0.4087947882736156,0,0.4180967238689547
Mark Washington~,0.0909090909090909,0.0656934306569343,0.0114942528735632,0.0653266331658291,0.1813725490196078,0.5964125560538116,0,0.7593360995850622
Mark Wheeler,0.3011152416356877,0.349146110056926,0.4631379962192816,0.4129692832764505,0.4853700516351119,0.5711892797319933,1,
Markus Golden,0.7020771513353116,0.9337243401759532,0.9392523364485982,0.8994082840236687,0.8437686344663089,0.925990675990676,0,0.9792984473835538
Marlon McCree,0.6300268096514745,0.8544990427568603,0.9295426452410384,0.9304878048780488,0.8978234582829504,0.8461074230537116,0,0.8886241810601548
Marquand Manuel,0.5985960433950224,0.6236093943139679,0.6481707317073171,0.6995163240628779,0.8147254073627037,0.848719475878499,0,0.8287259615384616
Marques Colston,0.0941460470730235,0.0589636688505062,0.134014423076923,0.1537081339712918,0.2114252061248527,0.2487893462469733,0,0.2717391304347826
Marques Douglas,0.175,0.4624664879356568,0.5564773452456924,0.7608158220024722,0.8670731707317073,0.9183796856106408,0,0.911888955944478
Marquez Pope,0.4003795066413662,0.7315689981096408,0.8225255972696246,0.9036144578313252,0.7437185929648241,0.7052117263843648,0,0.5413416536661466
Marqui Christian,0.2510263929618768,0.4573598130841121,0.5810650887573965,0.6285032796660703,0.6066433566433567,0.5572167912593444,1,
Marquise Goodwin,0.1677651288196525,0.2206320810971973,0.2189910979228486,0.2134897360703812,0.5362149532710281,0.5467455621301776,0,0.530113297555158
Marshal Yanda,0.1042287075640262,0.1442307692307692,0.2960526315789473,0.2703180212014134,0.2354721549636803,0.1165458937198067,0,0.2828040742959856
Marshawn Lynch,0.0873205741626794,0.1996466431095406,0.2905569007263922,0.3689613526570048,0.5542240862792092,0.5408467501490757,0,0.5186943620178042
Martellus Bennett,0.125,0.1590909090909091,0.2208480565371024,0.2941888619854721,0.392512077294686,0.4056321150389455,0,0.3011329755515802
Martin Bayless,0.2199630314232902,0.4246323529411764,0.7425595238095238,0.6962264150943396,0.7410881801125704,0.6585365853658537,0,0.724202626641651
Martin Chase,0.3102941176470588,0.5402144772117963,0.5813656668793874,0.607540173053152,0.5085365853658537,0.4371221281741233,1,
Martin Mayhew,0.4127579737335834,0.7542213883677298,0.879182156133829,0.6432637571157496,0.5519848771266541,0.7610921501706485,0,0.8726333907056799
Marty Booker,0.3102941176470588,0.2607238605898123,0.3726866624122527,0.3677379480840544,0.3329268292682927,0.2291414752116082,0,0.1092335546167773
Marty Carter,0.2795497185741088,0.7676579925650557,0.872865275142315,0.8752362948960303,0.8447098976109215,0.8364888123924269,0,0.8576214405360134
Marty Lyons,0.518348623853211,0.693069306930693,0.7374517374517374,0.6247689463955638,0.6305147058823529,0.7619047619047619,0,0.8509433962264151
Marvcus Patton,0.2007504690431519,0.1951219512195122,0.3104089219330855,0.6318785578747628,0.7863894139886578,0.9180887372013652,0,0.8881239242685026
Marvel Smith,0.0727504786215698,0.1279357231149567,0.1823170731707317,0.1469165659008464,0.2154496077248038,0.1995235259082787,1,
Marvin Jones1,0.0718336483931947,0.098976109215017,0.1032702237521514,0.1976549413735343,0.1677524429967426,0.2683307332293291,0,0.7154411764705882
Marvin Jones2,0.1630434782608695,0.396045536249251,0.3756708407871199,0.4130563798219585,0.3466275659824047,0.3189252336448598,0,0.1159763313609467
Marvin Mitchell,0.3656938653960691,0.4489182692307692,0.5526315789473685,0.7508833922261484,0.8407990314769975,0.8393719806763285,0,0.8004793289394847
Marvin Washington,0.1106941838649155,0.2551594746716698,0.525328330206379,0.6524163568773235,0.7191650853889943,0.7485822306238186,0,0.8873720136518771
Mason Cole,0.1704142011834319,0.2164579606440071,0.2138694638694638,0.0862564692351926,0.0178997613365155,0.079145728643216,1,
Mason Crosby,0.2930315664085765,0.3713942307692308,0.4252392344497607,0.3957597173144876,0.4836561743341404,0.4993961352657005,0,0.5134811264230078
Mason Foster,0.736682808716707,0.8520531400966184,0.975434391851408,0.9505068574836016,0.9347181008902076,0.8486803519061583,0,0.8709112149532711
Mat McBriar,0.1506097560975609,0.1644498186215235,0.1617380808690404,0.0327575938058368,0.0372596153846153,0.1429425837320574,0,0.1472320376914016
Mathias Kiwanuka,0.7585998792999397,0.8308516974389517,0.935096153846154,0.9120813397129188,0.9169611307420494,0.900726392251816,0,0.8659420289855072
Matt Birk,0.1518825781748564,0.2954264524103832,0.2847560975609756,0.1717049576783555,0.2564876282438141,0.3204288266825491,0,0.3707932692307692
Matt Blair,0.0784313725490196,0.2914798206278027,0.5311203319502075,0.547244094488189,0.6507352941176471,0.6515679442508711,0,0.7491749174917491
Matt Bosher,0.4037530266343825,0.4679951690821256,0.481725584182145,0.4418604651162791,0.4112759643916914,0.4346041055718475,0,0.4375
Matt Bowen,0.4897058823529411,0.5,0.6796426292278238,0.8541409147095179,0.8951219512195122,0.843409915356711,0,0.6336753168376584
Matt Breida,0.1159763313609467,0.1502683363148479,0.2948717948717949,0.3323749281196089,0.3585918854415274,0.3530150753768844,1,
Matt Brock,0.1557223264540337,0.3714821763602251,0.7174721189591078,0.6888045540796964,0.5406427221172023,0.5750853242320819,0,0.612736660929432
Matt Bryant,0.0727504786215698,0.2707045735475896,0.2963414634146341,0.307738814993954,0.3065781532890766,0.2954139368671828,0,0.2974759615384615
Matt Cassel,0.125,0.3175837320574162,0.3315665488810365,0.2294188861985472,0.1068840579710145,0.1378070701018574,0,0.1419200954084675
Matt Chatham,0.2588235294117647,0.4369973190348525,0.5054243777919591,0.7274412855377008,0.723170731707317,0.7370012091898428,0,0.6053108026554014
Matt Dickerson,0.2994082840236686,0.3625521765056649,0.4545454545454545,0.4232317423806785,0.4582338902147971,0.4717336683417085,1,
Matt Forte,0.180889423076923,0.3899521531100478,0.4075382803297998,0.3976997578692494,0.3460144927536231,0.420611144397843,0,0.3941562313655337
Matt Giordano,0.4262394195888754,0.5739287869643935,0.7665276950565812,0.7680288461538461,0.7392344497607656,0.4923439340400471,0,0.8414043583535109
Matt Haack,0.1226635514018691,0.1816568047337278,0.2647584973166368,0.2039627039627039,0.1236342725704427,0.1378281622911694,1,
Matt Hasselbeck,0.1890080428954423,0.204211869814933,0.3090234857849196,0.3018292682926829,0.3162031438935913,0.2703681351840676,0,0.1155449672424061
Matt Ioannidis,0.4134897360703812,0.657126168224299,0.7769230769230769,0.8706022659511031,0.8461538461538461,0.8062104657849338,0,0.704653937947494
Matt Jones,0.1390568319226118,0.1804465902232951,0.1715306730196545,0.134014423076923,0.104066985645933,0.1065959952885747,0,0.0405569007263922
Matt Kalil,0.1068840579710145,0.0575194727381665,0.1520572450805009,0.0694362017804154,0.1196480938416422,0.201518691588785,1,
Matt Katula,0.3821039903264812,0.4164152082076041,0.4478856462179869,0.3786057692307692,0.3809808612440191,0.1996466431095406,0,0.2905569007263922
Matt LaBounty,0.1262798634812286,0.1170395869191049,0.2093802345058626,0.2850162866449511,0.358814352574103,0.6514705882352941,0,0.5730563002680965
Matt Lehr,0.1279357231149567,0.1115853658536585,0.2956469165659008,0.2317441158720579,0.2620607504466944,0.1442307692307692,1,
Matt Light,0.1914486279514997,0.2354758961681087,0.2176829268292683,0.1185006045949214,0.1852745926372963,0.1804645622394282,0,0.1502403846153846
Matt McCoy,0.2666263603385732,0.6294508147254073,0.6533650982727814,0.6568509615384616,0.5023923444976076,0.5288574793875147,0,0.5520581113801453
Matt Millen,0.3003300330033003,0.2024539877300613,0.8669724770642202,0.8752475247524752,0.9324324324324323,0.7024029574861368,0,0.7738970588235294
Matt Overton,0.3985507246376811,0.4535650089874176,0.4454382826475849,0.4243323442136498,0.4187683284457478,0.3726635514018692,0,0.3029585798816568
Matt Paradis,0.1329376854599406,0.1401759530791788,0.2348130841121495,0.2863905325443787,0.2903995229576624,0.1491841491841491,0,0.1207590569292696
Matt Roth,0.5671100362756953,0.7549788774894387,0.8320428826682549,0.8954326923076923,0.8803827751196173,0.8928150765606596,0,0.8444309927360775
Matt Ryan,0.1035108958837772,0.2288647342995169,0.207309766327142,0.1323792486583184,0.1329376854599406,0.1401759530791788,0,0.1226635514018691
Matt Shaughnessy,0.645933014354067,0.8268551236749117,0.8365617433414043,0.8218599033816425,0.8148591971240263,0.8121645796064401,1,
Matt Slater,0.4146634615384615,0.4479665071770335,0.5082449941107184,0.5399515738498789,0.5827294685990339,0.5979628520071899,0,0.5629099582587954
Matt Spaeth,0.1042287075640262,0.2680288461538461,0.284688995215311,0.2832744405182568,0.2052058111380145,0.2717391304347826,0,0.2917914919113241
Matt Stevens,0.2564543889845094,0.3400335008375209,0.3485342019543974,0.5819032761310452,0.8514705882352941,0.8894101876675603,0,0.8270580727504786
Matt Stewart,0.5435656836461126,0.7045309508615188,0.8782447466007417,0.9067073170731708,0.8948004836759371,0.7525648762824382,1,
Matt Stover,0.2588235294117647,0.2707774798927614,0.3024888321633694,0.2818294190358467,0.1701219512195122,0.1185006045949214,0,0.1188895594447797
Matt Toeaina,0.3561643835616438,0.3575721153846153,0.374401913875598,0.6089517078916372,0.6210653753026635,0.6376811594202898,1,
Matt Ware,0.4847560975609756,0.6239419588875453,0.6710923355461678,0.6646813579511615,0.6466346153846154,0.6860047846889952,0,0.6866902237926973
Matt Wilhelm,0.1279357231149567,0.5237804878048781,0.6825876662636033,0.7054918527459264,0.8326384752829065,0.8191105769230769,0,0.8217703349282297
Matt Willis,0.1042287075640262,0.1033653846153846,0.1668660287081339,0.2373380447585394,0.4830508474576271,0.5181159420289855,1,
Matthew Slauson,0.1472320376914016,0.1186440677966101,0.2753623188405797,0.1851408028759736,0.2474657125819916,0.1845697329376854,0,0.2727272727272727
Matthew Stafford,0.0873205741626794,0.1012956419316843,0.059322033898305,0.1630434782608695,0.3043738765727981,0.3786523553965414,0,0.3507418397626112
Matthias Farley,0.4416422287390029,0.794392523364486,0.8485207100591716,0.8378056052474657,0.6724941724941725,0.648073605520414,0,0.649164677804296
Maurice Alexander,0.2903995229576624,0.6367952522255192,0.7812316715542522,0.8014018691588785,0.7325443786982249,0.5474060822898033,1,
Maurice Canady,0.1612903225806451,0.514018691588785,0.5224852071005918,0.691711389385808,0.6544289044289044,0.6658999424956872,1,
Maurice Douglass,0.2708333333333333,0.4226415094339623,0.5121951219512195,0.4784240150093808,0.2101313320825516,0.0594795539033457,0,0.064516129032258
Maurice Hurst~,0.324577861163227,0.6153846153846154,0.7692307692307693,0.6784386617100372,0.5844402277039848,0.7126654064272212,0,0.6689419795221843
Maurice Jones-Drew,0.0941460470730235,0.2543180464562239,0.2596153846153846,0.3809808612440191,0.3798586572438162,0.3813559322033898,0,0.304951690821256
Maurice Morris,0.1914486279514997,0.361557478368356,0.4274390243902439,0.4631197097944377,0.4556427278213639,0.4300178677784395,0,0.3335336538461538
Maurice Smith,0.4058823529411764,0.4021447721179624,0.3994894703254626,0.2583436341161928,0.0512195121951219,0.0326481257557436,0,0.0325890162945081
Maurice Stovall,0.4395473496128648,0.4525240384615384,0.479066985645933,0.4587750294464075,0.463680387409201,0.4692028985507246,1,
Maurice Williams,0.2446380697050938,0.2067645181876196,0.2583436341161928,0.1310975609756097,0.1958887545344619,0.208207604103802,0,0.2430017867778439
Maurkice Pouncey,0.1012956419316843,0.137409200968523,0.2077294685990338,0.170760934691432,0.1520572450805009,0.0694362017804154,0,0.1695014662756598
Max Garcia,0.2635014836795252,0.3718475073313783,0.3814252336448598,0.3065088757396449,0.1192605843768634,0.0256410256410256,0,0.02242668200115
Max Starks,0.1390568319226118,0.3192516596258298,0.3114949374627754,0.2818509615384615,0.3283492822966507,0.3345111896348645,0,0.311138014527845
Max Unger,0.1429425837320574,0.1472320376914016,0.1937046004842615,0.1739130434782608,0.231276213301378,0.1419200954084675,0,0.1643916913946587
Maxx Williams,0.1329376854599406,0.1888563049853372,0.1536214953271028,0.314792899408284,0.4150268336314848,0.398018648018648,0,0.3617021276595745
Mel Blount,0.1616161616161616,0.4160583941605839,0.7068965517241379,0.8743718592964824,0.9264705882352942,0.9865470852017936,0,0.979253112033195
Mel Kaufman,0.3067484662576687,0.6811926605504587,0.8910891089108911,0.9266409266409268,0.9390018484288356,0.7297794117647058,0,0.7336309523809523
Mel Mitchell,0.4231014677728143,0.4375772558714462,0.5170731707317073,0.5060459492140266,0.508147254073627,0.456223942823109,1,
Mel Owens,0.4574257425742574,0.6351351351351351,0.8059149722735675,0.7720588235294118,0.7797619047619048,0.7245283018867924,0,0.6416510318949343
Melvin Fowler,0.1279357231149567,0.1115853658536585,0.2750906892382104,0.476161738080869,0.4699225729600953,0.4615384615384615,1,
Melvin Gordon,0.2635014836795252,0.2604105571847507,0.2476635514018691,0.0343195266272189,0.2319618366129994,0.3135198135198135,1,
Melvin Ingram,0.6213768115942029,0.6986219292989815,0.8151460942158617,0.9270029673590504,0.9865102639296188,0.9947429906542056,0,0.9881656804733728
Melvin Jenkins,0.4776785714285714,0.7377358490566037,0.7560975609756098,0.624765478424015,0.3771106941838649,0.7434944237918215,1,
Merton Hanks,0.3178438661710037,0.6755218216318786,0.8827977315689981,0.947098976109215,0.9156626506024096,0.9363484087102176,0,0.9201954397394136
Mewelde Moore,0.2024390243902439,0.3022974607013301,0.3089921544960772,0.300774270399047,0.2566105769230769,0.3104066985645933,0,0.2114252061248527
Micah Hyde,0.6602756141402037,0.7823494335122242,0.887240356083086,0.9225806451612903,0.9585280373831776,0.944378698224852,0,0.9439475253428742
Michael Adams,0.3930911256700417,0.5216346153846154,0.6471291866028708,0.8062426383981154,0.8280871670702179,0.8146135265700483,0,0.7082085080886759
Michael Bankston,0.1654275092936803,0.5692599620493358,0.7882797731568998,0.8771331058020477,0.8485370051635112,0.7973199329983249,0,0.7768729641693811
Michael Bennett,0.1233243967828418,0.1991065730695596,0.2058096415327565,0.1115853658536585,0.0326481257557436,0.0941460470730235,0,0.1399642644431209
Michael Boley,0.6420798065296252,0.8515389257694629,0.957712924359738,0.9627403846153846,0.9222488038277512,0.8492343934040048,0,0.8934624697336562
Michael Brockers,0.6527777777777778,0.7950868783702816,0.8312462731067383,0.8172106824925816,0.7495601173020527,0.7815420560747663,0,0.7692307692307693
Michael Brooks,0.0461309523809523,0.0358490566037735,0.0600375234521576,0.1332082551594746,0.2457786116322701,0.2955390334572491,0,0.2618595825426945
Michael Carter~,0.0637065637065637,0.2070240295748613,0.2628676470588235,0.3482142857142857,0.2792452830188679,0.2326454033771107,0,0.298311444652908
Michael Clayton,0.2024390243902439,0.2908101571946795,0.3494266747133374,0.2310899344848123,0.2379807692307692,0.5035885167464115,0,0.5047114252061249
Michael Coe,0.4973198332340679,0.5006009615384616,0.5029904306220095,0.3992932862190813,0.4558111380145278,0.5543478260869565,1,
Michael Crabtree,0.1919856459330143,0.3274440518256772,0.3032687651331719,0.1902173913043478,0.0437387657279808,0.0429338103756708,0,0.1329376854599406
Michael Dean Perry,0.4207547169811321,0.801125703564728,0.9230769230769232,0.9380863039399624,0.8661710037174721,0.8633776091081594,0,0.7032136105860114
Michael Downs,0.7177914110429447,0.9403669724770642,0.9702970297029704,0.9922779922779924,0.9759704251386322,0.9779411764705882,0,0.9375
Michael Green,0.3801470588235294,0.725201072386059,0.8557753669432036,0.8825710754017305,0.9329268292682928,0.907496977025393,0,0.872057936028968
Michael Griffin,0.699225729600953,0.9417067307692308,0.985645933014354,0.9923439340400472,0.9606537530266344,0.9782608695652174,0,0.9490713001797484
Michael Hawthorne,0.4845588235294117,0.5449061662198391,0.629865985960434,0.7051915945611866,0.8189024390243902,0.8288996372430472,1,
Michael Huff,0.6071213035606517,0.7587849910661107,0.7722355769230769,0.8307416267942583,0.917550058892815,0.9364406779661016,0,0.9214975845410628
Michael Jackson~,0.2838283828382838,0.3834355828220859,0.573394495412844,0.4554455445544554,0.2702702702702703,0.0961182994454713,1,
Michael Jenkins,0.3835365853658536,0.4062877871825877,0.4103802051901026,0.2644431209053007,0.2319711538461538,0.3444976076555024,0,0.3274440518256772
Michael Johnson,0.478856462179869,0.7307692307692307,0.7906698564593302,0.8223684210526315,0.7232037691401649,0.6625441696113075,0,0.7826876513317191
Michael Koenen,0.0918984280532043,0.343995171997586,0.3907087552114354,0.4044471153846153,0.3815789473684211,0.4163722025912839,0,0.3686440677966102
Michael Lehan,0.534610630407911,0.5878048780487805,0.5985489721886336,0.555823777911889,0.7135199523525908,0.7151442307692307,1,
Michael Lewis,0.2969168900804289,0.6873005743458839,0.8079132099553287,0.8559950556242274,0.8213844252163165,0.7920731707317074,0,0.7896341463414634
Michael McCrary,0.1157495256166983,0.1795841209829867,0.1996587030716723,0.4285714285714285,0.5494137353433836,0.754071661237785,0,0.7519500780031201
Michael Mitchell,0.5610047846889952,0.6654888103651354,0.7221549636803875,0.7409420289855072,0.8591971240263631,0.8652355396541443,0,0.9157270029673592
Michael Myers,0.1775244299674267,0.1825273010920436,0.6669117647058823,0.7727882037533512,0.8136566687938737,0.8207663782447466,0,0.7859756097560976
Michael Robinson,0.4429692214846107,0.4871947587849911,0.5360576923076923,0.5263157894736842,0.4899882214369846,0.5768765133171913,0,0.6304347826086957
Michael Roos,0.2287266143633071,0.2960095294818344,0.2980769230769231,0.3726076555023923,0.3539458186101296,0.4140435835351089,0,0.4003623188405797
Michael Schofield,0.511572700296736,0.5249266862170088,0.5356308411214953,0.0449704142011834,0.1699463327370304,0.1491841491841491,0,0.1581368602645198
Michael Sinclair,0.0836431226765799,0.3282732447817836,0.4499054820415879,0.6877133105802048,0.8330464716006885,0.9782244556113904,0,1.0
Michael Stewart,0.5245283018867924,0.8555347091932458,0.8949343339587242,0.8217636022514071,0.5724907063197026,0.7647058823529411,0,0.7429111531190926
Michael Stone,0.1233243967828418,0.4282067645181876,0.4412855377008652,0.5030487804878049,0.5822249093107618,0.5829812914906457,1,
Michael Strahan,0.0872865275142315,0.3686200378071834,0.7696245733788396,0.8554216867469879,0.9262981574539364,0.9560260586319218,0,0.982839313572543
Michael Thomas,0.5278609946075494,0.5557543231961837,0.6795252225519288,0.6733137829912024,0.6580645161290323,0.447429906542056,0,0.4480140186915888
Michael Turner,0.1506097560975609,0.3180169286577993,0.3783946891973446,0.406789755807028,0.3563701923076923,0.3301435406698564,1,
Michael Vick,0.0975609756097561,0.2460701330108827,0.2414001207000603,0.1667659321024419,0.0372596153846153,0.0370813397129186,0,0.0400471142520612
Michael Walter,0.0984555984555984,0.4380776340110905,0.6415441176470589,0.8154761904761905,0.7773584905660378,0.8030018761726079,0,0.6885553470919324
Michael Wilhoite,0.4082125603864734,0.5470341521869383,0.7608825283243887,0.829080118694362,0.8809384164222874,0.8241822429906542,1,
Michael Zordich,0.0461309523809523,0.2490566037735849,0.4033771106941838,0.5196998123827392,0.4896810506566604,0.449814126394052,0,0.3738140417457306
Micheal Barrow,0.2125237191650854,0.4914933837429111,0.7764505119453925,0.919104991394148,0.9748743718592964,0.980456026058632,0,0.9547581903276132
Micheal Spurlock,0.1620011911852293,0.1604567307692307,0.3373205741626794,0.3138987043580683,0.3420096852300242,0.3538647342995169,0,0.3876572798082684
Mickey Washington,0.2926829268292683,0.2713754646840148,0.5370018975332068,0.6597353497164461,0.8583617747440273,0.8055077452667814,0,0.7353433835845896
Mike Adams,0.5493902439024391,0.8246674727932285,0.859987929993965,0.8665872543180465,0.7566105769230769,0.791267942583732,0,0.8392226148409894
Mike Alstott,0.175,0.1595174262734584,0.2342054881940012,0.2058096415327565,0.1823170731707317,0.1045949214026602,0,0.156306578153289
Mike Anderson,0.3102941176470588,0.1963806970509383,0.2169751116783663,0.3275648949320148,0.3170731707317073,0.3645707376058041,0,0.2830416415208208
Mike Bartrum,0.4676470588235294,0.4973190348525469,0.5067007019783025,0.4579728059332509,0.3158536585365853,0.3047158403869408,0,0.3856366928183464
Mike Bell1,0.2257425742574257,0.4324324324324324,0.4898336414048059,0.3529411764705882,0.4136904761904761,0.2396226415094339,0,0.2363977485928705
Mike Brisiel,0.1042287075640262,0.2367788461538461,0.2691387559808612,0.2243816254416961,0.2215496368038741,0.3828502415458937,1,
Mike Caldwell,0.3005671077504726,0.590443686006826,0.8089500860585198,0.8107202680067002,0.7931596091205212,0.6614664586583463,0,0.8676470588235294
Mike Cloud,0.3102941176470588,0.1963806970509383,0.2169751116783663,0.0797280593325092,0.2402439024390243,0.2599758162031439,1,
Mike Cofer,0.100990099009901,0.222007722007722,0.232902033271719,0.3106617647058823,0.494047619047619,0.5641509433962264,0,0.5984990619136961
Mike Croel,0.651031894934334,0.8271375464684015,0.9240986717267552,0.6862003780718336,0.6621160409556314,0.5869191049913941,1,
Mike Daniels,0.6473429951690821,0.7615338526063511,0.8342277877161598,0.8747774480712166,0.8850439882697947,0.9065420560747663,0,0.836094674556213
Mike Davis,0.1329376854599406,0.1888563049853372,0.1536214953271028,0.144378698224852,0.1502683363148479,0.3251748251748251,0,0.315698677400805
Mike Davis~,0.0625,0.2996515679442508,0.6897689768976898,0.5521472392638037,0.7568807339449541,0.5485148514851486,0,0.5540540540540541
Mike DeVito,0.3692674210839785,0.5618990384615384,0.6196172248803827,0.7002355712603062,0.6955205811138014,0.7445652173913043,0,0.7183942480527262
Mike Doss,0.765142150803461,0.9,0.9437726723095526,0.8913699456849729,0.7724836212030971,0.6622596153846154,1,
Mike Douglass,0.4564459930313589,0.5016501650165016,0.99079754601227,1.0,1.0,0.9864864864864864,0,0.9852125693160814
Mike Dumas,0.4521575984990619,0.5743494423791822,0.5161290322580645,0.2098298676748582,0.378839590443686,0.3580034423407917,0,0.5996649916247906
Mike Flynn,0.1890080428954423,0.144862795149968,0.1501854140914709,0.0274390243902439,0.0326481257557436,0.0941460470730235,1,
Mike Fox,0.0600375234521576,0.0637898686679174,0.1988847583643122,0.3567362428842505,0.4896030245746692,0.6109215017064846,0,0.5197934595524957
Mike Fuller,0.0582959641255605,0.1991701244813278,0.6417322834645669,0.8602941176470589,0.940766550522648,0.7722772277227723,0,0.5030674846625767
Mike Furrey,0.2428924598269468,0.3670731707317073,0.7738814993954051,0.7827398913699457,0.7820131030375224,0.2932692307692308,0,0.4389952153110047
Mike Gandy,0.0727504786215698,0.2200247218788628,0.2030487804878049,0.1686819830713422,0.0325890162945081,0.1042287075640262,0,0.2367788461538461
Mike Gann,0.2865064695009242,0.5772058823529411,0.7261904761904762,0.8075471698113208,0.7467166979362101,0.7936210131332082,0,0.5234521575984991
Mike Gesicki,0.1159763313609467,0.2164579606440071,0.2138694638694638,0.2518688901667625,0.1557279236276849,0.4924623115577889,1,
Mike Gillislee,0.1677651288196525,0.1449016100178891,0.1394658753709199,0.2639296187683284,0.2575934579439252,0.3686390532544378,1,
Mike Glennon,0.1806797853309481,0.1548961424332344,0.1730205278592375,0.0420560747663551,0.0343195266272189,0.0363744782349433,0,0.0256410256410256
Mike Goff,0.175,0.225201072386059,0.192724952137843,0.2107540173053152,0.1926829268292683,0.2515114873035066,0,0.2190706095353047
Mike Golic,0.0294117647058823,0.0238095238095238,0.0509433962264151,0.1782363977485928,0.3527204502814259,0.5103189493433395,0,0.3531598513011152
Mike Harden,0.352760736196319,0.5940366972477065,0.7940594059405941,0.9092664092664092,0.966728280961183,0.9889705882352942,0,0.9866071428571428
Mike Hartenstine,0.2780082987551867,0.2637795275590551,0.2647058823529412,0.0278745644599303,0.0462046204620462,0.0552147239263803,0,0.2339449541284403
Mike Haynes,0.7136929460580913,0.889763779527559,0.9852941176470588,0.9651567944250872,0.9207920792079208,0.558282208588957,0,0.7155963302752294
Mike Hegman,0.0944881889763779,0.0625,0.0592334494773519,0.2574257425742574,0.1687116564417178,0.4770642201834862,0,0.5663366336633663
Mike Iupati,0.1035108958837772,0.1739130434782608,0.2792091072498502,0.3136553369111509,0.2682492581602373,0.1730205278592375,0,0.0420560747663551
Mike Jenkins,0.6364182692307693,0.7703349282296651,0.8857479387514723,0.860774818401937,0.7868357487922706,0.7753145596165368,0,0.7328562909958258
Mike Jones,0.1468401486988847,0.2106261859582542,0.3761814744801512,0.3771331058020478,0.3959044368600682,0.2805507745266781,0,0.2461273666092943
Mike Karney,0.0975609756097561,0.1590084643288996,0.1508750754375377,0.0446694460988683,0.0372596153846153,0.0873205741626794,1,
Mike Kozlowski,0.4785276073619632,0.7981651376146789,0.8851485148514852,0.7606177606177607,0.5046210720887245,0.2665441176470588,1,
Mike Leach,0.175,0.0509383378016085,0.2552648372686662,0.3597033374536464,0.3847560975609756,0.4111245465538089,0,0.436330718165359
Mike Lodish,0.1125703564727955,0.2814258911819887,0.2639405204460966,0.2428842504743833,0.0945179584120983,0.0938566552901023,0,0.1273666092943201
Mike Logan,0.6823529411764706,0.8136729222520107,0.8972559029993619,0.8930778739184178,0.8310975609756097,0.74546553808948,0,0.6216053108026554
Mike Mamula,0.3993174061433447,0.7504302925989673,0.8559463986599665,0.7231270358306189,0.7909516380655226,0.8794117647058823,1,
Mike McCoy,0.1225490196078431,0.1434977578475336,0.1410788381742738,0.3425196850393701,0.6029411764705882,0.7909407665505227,0,0.7062706270627063
Mike McGlinchey,0.1159763313609467,0.1067382230172927,0.1695804195804195,0.1765382403680276,0.1682577565632458,0.1689698492462311,1,
Mike McKenzie,0.3385335413416536,0.7102941176470589,0.8371313672922251,0.8391831525207403,0.9103831891223731,0.9146341463414634,0,0.8887545344619106
Mike Merriweather,0.4217821782178217,0.8185328185328186,0.9593345656192236,0.9742647058823528,0.9747023809523808,0.8924528301886793,0,0.9455909943714822
Mike Minter,0.4556113902847571,0.5439739413680782,0.8330733229329174,0.961764705882353,0.9912868632707776,0.9891512444160816,0,0.976514215080346
Mike Morton,0.3235800344234079,0.3082077051926298,0.3175895765472312,0.0717628705148206,0.4808823529411765,0.5596514745308311,1,
Mike Neal,0.5712603062426383,0.5605326876513317,0.6769323671497585,0.7890952666267226,0.8407871198568873,0.8688427299703264,1,
Mike Nugent,0.2357920193470374,0.4115872057936029,0.4198927933293627,0.3774038461538461,0.1668660287081339,0.2856301531213192,0,0.2657384987893462
Mike Patterson,0.654776299879081,0.7954133977066988,0.8874329958308517,0.9044471153846154,0.8761961722488039,0.8227326266195524,0,0.8141646489104116
Mike Peterson,0.3931357254290171,0.8632352941176471,0.9276139410187668,0.9649010848755584,0.9672435105067984,0.9817073170731708,0,0.9903264812575574
Mike Pitts,0.4475247524752475,0.6003861003861004,0.7966728280961183,0.7996323529411765,0.8050595238095238,0.6622641509433962,0,0.6135084427767354
Mike Pouncey,0.299636803874092,0.3611111111111111,0.3918514080287597,0.1419200954084675,0.2397626112759644,0.1988269794721407,0,0.2348130841121495
Mike Prior,0.7708333333333334,0.9075471698113208,0.9924953095684804,0.9587242026266416,0.9305816135084428,0.8847583643122676,0,0.8045540796963947
Mike Purcell,0.1282051282051282,0.4955489614243323,0.6516129032258065,0.634929906542056,0.6029585798816568,0.5706618962432916,0,0.6247086247086248
Mike Reichenbach,0.2402957486136783,0.2463235294117647,0.4761904761904761,0.2830188679245283,0.275797373358349,0.2082551594746716,0,0.1894934333958724
Mike Reinfeldt,0.2199170124481327,0.6614173228346457,0.7058823529411765,0.9825783972125436,0.9603960396039604,0.9785276073619632,0,0.7087155963302753
Mike Richardson1,0.2277227722772277,0.2683397683397683,0.6192236598890942,0.7334558823529411,0.7633928571428571,0.4735849056603773,0,0.123827392120075
Mike Rosenthal,0.175,0.0509383378016085,0.0197830248883216,0.0797280593325092,0.0512195121951219,0.2146311970979443,1,
Mike Rucker,0.204368174726989,0.7051470588235295,0.896112600536193,0.9700063816209316,0.9864029666254636,0.9664634146341464,0,0.9619105199516323
Mike Schneck,0.175,0.225201072386059,0.2948308870453095,0.3603213844252163,0.3567073170731707,0.3627569528415961,0,0.3590826795413397
Mike Scifres,0.0797280593325092,0.1310975609756097,0.2430471584038694,0.188292094146047,0.1113758189398451,0.0757211538461538,0,0.104066985645933
Mike Sellers,0.4419117647058823,0.4524128686327078,0.4562858966177409,0.3745364647713226,0.4213414634146341,0.5368802902055623,0,0.572118286059143
Mike Sensibaugh,0.764367816091954,0.8844221105527639,0.965686274509804,0.9237668161434978,0.95850622406639,0.9803149606299212,1,
Mike Singletary,0.2484662576687116,0.75,0.8950495049504951,0.9536679536679536,0.9242144177449167,0.8529411764705882,0,0.9211309523809524
Mike Stensrud,0.3119266055045872,0.3841584158415841,0.5057915057915058,0.5268022181146026,0.4816176470588235,0.4419642857142857,0,0.2735849056603773
Mike Thomas,0.1429425837320574,0.290341578327444,0.3650121065375302,0.3550724637681159,0.2540443379269023,0.0429338103756708,0,0.0409495548961424
Mike Tolbert,0.5741626794258373,0.5936395759717314,0.5962469733656174,0.5048309178743962,0.4799281006590773,0.2695289206917114,0,0.3370919881305638
Mike Vrabel,0.2948073701842546,0.3925081433224756,0.5023400936037441,0.6772058823529412,0.7942359249329759,0.8717294192724953,0,0.9740420271940669
Mike Wagner,0.3941605839416058,0.8390804597701149,0.984924623115578,0.9705882352941176,0.9461883408071748,0.7842323651452282,0,0.6889763779527559
Mike Wahle,0.2588235294117647,0.2707774798927614,0.3292916400765794,0.3090234857849196,0.2676829268292683,0.1958887545344619,0,0.2607121303560651
Mike Wallace,0.1919856459330143,0.2597173144876325,0.3177966101694915,0.3435990338164251,0.4284002396644697,0.3911747167561121,0,0.3970326409495548
Mike Washington,0.6732283464566929,0.8676470588235294,0.9686411149825784,0.9141914191419142,0.9325153374233128,0.8876146788990825,0,0.8356435643564356
Mike Wells,0.0802047781569965,0.0826161790017211,0.3417085427135678,0.4918566775244299,0.6333853354134166,0.8294117647058824,0,0.7841823056300268
Mike Wilcher,0.11003861003861,0.5804066543438078,0.7591911764705882,0.9226190476190476,0.8566037735849057,0.8649155722326454,0,0.7917448405253283
Mike Windt,0.1472320376914016,0.1937046004842615,0.341183574879227,0.3427201917315758,0.2987477638640429,0.4718100890207715,0,0.4750733137829912
Mike Wright,0.4449818621523579,0.6692818346409173,0.6920786182251341,0.7758413461538461,0.8211722488038278,0.8633686690223793,0,0.7923728813559322
Miles Austin,0.2926976463488231,0.4312090530077427,0.4308894230769231,0.4300239234449761,0.4063604240282685,0.3686440677966102,0,0.4100241545893719
Milt McColl,0.156441717791411,0.1146788990825688,0.1445544554455445,0.1158301158301158,0.0794824399260628,0.1176470588235294,0,0.2321428571428571
Milton Mack,0.4508928571428571,0.5,0.701688555347092,0.5478424015009381,0.4052532833020638,0.2936802973977695,0,0.476280834914611
Mitch Berger,0.5294117647058824,0.5382037533512064,0.5462667517549458,0.3572311495673671,0.3048780487804878,0.3186215235792019,0,0.2739891369945685
Mitch Morse,0.1329376854599406,0.3366568914956012,0.3382009345794392,0.3479289940828402,0.182468694096601,0.0571095571095571,0,0.02242668200115
Mitch Unrein,0.4037530266343825,0.5591787439613527,0.6189334931096465,0.5873583780560525,0.572106824925816,0.632258064516129,0,0.6991822429906542
Mo Lewis,0.3977485928705441,0.8587360594795539,0.9449715370018976,0.996219281663516,1.0,0.9879518072289156,0,0.9380234505862648
Moe Williams,0.4985294117647059,0.5033512064343163,0.5315890236119974,0.4604449938195303,0.4670731707317073,0.439540507859734,1,
Mohamed Sanu,0.2463768115942029,0.3337327741162372,0.370304114490161,0.31513353115727,0.2797653958944281,0.2184579439252336,0,0.2189349112426035
Moise Fokou,0.625,0.7414605418138988,0.7457627118644068,0.7536231884057971,0.8088675853804673,0.7942754919499105,1,
Montae Reagor,0.5375,0.589142091152815,0.7153797064454371,0.7447466007416563,0.8329268292682926,0.8869407496977025,0,0.8762824381412191
Monte Coleman,0.1533101045296167,0.6006600660066007,0.8374233128834356,0.7729357798165137,0.7148514851485148,0.7741312741312741,0,0.8428835489833642
Monte Jackson,0.242152466367713,0.9377593360995852,0.9881889763779528,0.9889705882352942,0.7526132404181185,0.5346534653465347,0,0.2361963190184049
Monte Johnson,0.1764705882352941,0.5067264573991032,0.7468879668049793,0.7637795275590551,0.6617647058823529,0.4146341463414634,1,
Montell Owens,0.324079662039831,0.5556879094699225,0.65625,0.6656698564593302,0.6537102473498233,0.6549636803874092,0,0.660024154589372
Monty Beisel,0.57171581769437,0.589661774090619,0.6291718170580964,0.7737804878048781,0.8234582829504232,0.8418829209414604,0,0.7319833234067897
Monty Montgomery,0.2227805695142378,0.5570032573289903,0.5585023400936038,0.85,0.7379356568364611,0.7332482450542438,0,0.0210135970333745
Moran Norris,0.1233243967828418,0.1991065730695596,0.349814585908529,0.4152439024390243,0.5501813784764208,0.547978273989137,0,0.5539011316259679
Morgan Burnett,0.5241460541813898,0.8401937046004843,0.9486714975845412,0.9772318753744758,0.9731663685152058,0.9566765578635016,0,0.9624633431085045
Morgan Moses,0.1282051282051282,0.0694362017804154,0.1695014662756598,0.2821261682242991,0.3284023668639053,0.2975551580202743,0,0.5198135198135199
Morlon Greenwood,0.6400804289544236,0.7217613273771538,0.7911001236093943,0.8103658536585366,0.8530834340991535,0.92033796016898,0,0.9410363311494936
Morris Claiborne,0.7264492753623188,0.7855002995805872,0.8431723315444246,0.7459940652818992,0.7841642228739003,0.7862149532710281,0,0.8585798816568048
Muhammad Wilkerson,0.6664648910411622,0.8653381642512077,0.9598562013181546,0.9761478831246272,0.9827893175074184,0.9642228739002932,0,0.9521028037383178
Muhsin Muhammad,0.4551470588235294,0.453083109919571,0.4798978940650925,0.4313967861557478,0.3859756097560975,0.3905683192261185,0,0.4055522027761014
Mychal Kendricks,0.6268115942028986,0.895745955662073,0.9666070363744782,0.9821958456973294,0.9085043988269794,0.8516355140186916,0,0.7627218934911243
Myles Jack,0.5067448680351906,0.7669392523364486,0.9236686390532544,0.9427549194991056,0.965034965034965,0.917193789534215,0,0.9039379474940334
Myron Bell,0.3822525597269625,0.6316695352839932,0.7587939698492462,0.6872964169381107,0.6053042121684867,0.7139705882352941,0,0.7432975871313673
Myron Guyton,0.4634146341463415,0.549718574108818,0.6153846153846154,0.0892193308550185,0.3908918406072106,0.6351606805293005,0,0.8549488054607508
Na'il Diggs,0.5205882352941177,0.6675603217158177,0.8315252074026803,0.8819530284301607,0.8853658536585366,0.782950423216445,0,0.7326493663246831
NaVorro Bowman,0.558303886925795,0.7566585956416465,0.8786231884057971,0.974835230677052,0.9391771019677996,0.9376854599406528,0,0.8123167155425219
Najee Goode,0.6434991012582385,0.6273106738223018,0.6427299703264095,0.4791788856304985,0.5560747663551402,0.6461538461538462,0,0.6797853309481217
Najee Mustafaa,0.3754716981132076,0.6472795497185742,0.7804878048780488,0.8405253283302064,0.6505576208178439,0.7495256166982922,1,
Najeh Davenport,0.1914486279514997,0.4573547589616811,0.4518292682926829,0.4461910519951632,0.3777911888955944,0.4609886837403216,0,0.4729567307692308
Napoleon Harris,0.6234843650287173,0.8288009888751545,0.8652439024390244,0.847037484885127,0.8225709112854557,0.8916021441334128,0,0.9182692307692308
Nate Allen,0.7449941107184923,0.8371670702179177,0.8665458937198067,0.871779508687837,0.9355992844364938,0.9287833827893176,0,0.896774193548387
Nate Allen~,0.0977011494252873,0.2914572864321608,0.5490196078431373,0.7040358744394619,0.8174273858921162,0.7165354330708661,0,0.5110294117647058
Nate Burleson,0.0797280593325092,0.2402439024390243,0.3355501813784764,0.3651176825588413,0.357355568790947,0.2950721153846153,0,0.3086124401913875
Nate Clements,0.806970509383378,0.9278876834716018,0.9715698393077874,0.9896341463414634,0.9866989117291416,0.9933614966807484,0,0.984514592019059
Nate Ebner,0.4625603864734299,0.6009586578789694,0.6034585569469291,0.6083086053412463,0.6351906158357771,0.616822429906542,0,0.6307692307692307
Nate Hairston,0.6530373831775701,0.6899408284023668,0.7340488968395945,0.6188811188811189,0.5830937320299022,0.4170644391408115,1,
Nate Kaeding,0.1506097560975609,0.2877871825876663,0.3904646952323476,0.3740321620011911,0.3587740384615384,0.2966507177033493,1,
Nate Odomes,0.2037735849056604,0.5628517823639775,0.8968105065666041,0.9774859287054408,0.9758364312267658,0.9715370018975332,1,
Nate Orchard,0.7293768545994065,0.7542521994134898,0.8195093457943925,0.6538461538461539,0.6964818127608825,0.5681818181818182,1,
Nate Solder,0.1035108958837772,0.1165458937198067,0.2354703415218693,0.2206320810971973,0.2189910979228486,0.1196480938416422,0,0.0420560747663551
Nate Washington,0.20036210018105,0.5116140559857058,0.5174278846153846,0.5113636363636364,0.3292108362779741,0.3093220338983051,0,0.3345410628019323
Nate Wayne,0.2059282371294852,0.7602941176470588,0.9329758713136728,0.9865985960433952,0.9938195302843016,0.9780487804878047,0,0.903869407496977
Nate Webster,0.4852941176470588,0.599195710455764,0.641352903637524,0.7218788627935723,0.7579268292682927,0.7261185006045949,0,0.6300543150271575
Nathan Hodel,0.347160178685386,0.4079110012360939,0.4439024390243902,0.4389359129383313,0.4490042245021122,0.3823704586063133,0,0.2818509615384615
Nathan Jones,0.5481707317073171,0.5876662636033857,0.6035003017501509,0.5902322811197142,0.6862980769230769,0.770933014354067,0,0.7962308598351001
Nathan Stupar,0.4505692031156381,0.4764460345855694,0.6047477744807122,0.7255131964809384,0.7126168224299065,0.670414201183432,0,0.479427549194991
Nathan Vasher,0.7908536585365854,0.9461910519951632,0.9613759806879904,0.926742108397856,0.7602163461538461,0.7075358851674641,0,0.6743227326266196
Ndamukong Suh,0.8297997644287397,0.8716707021791767,0.9233091787439612,0.865787896944278,0.9033989266547406,0.8979228486646884,0,0.9208211143695014
Ndukwe Kalu,0.1319218241042345,0.2589703588143526,0.6404411764705882,0.6548257372654156,0.7523931078493937,0.853522867737948,0,0.8201219512195121
Neal Colzie,0.4932735426008968,0.5020746887966805,0.6535433070866141,0.6102941176470589,0.8641114982578397,0.8778877887788779,0,0.9539877300613496
Neal Craig,0.0656934306569343,0.6781609195402298,0.8190954773869347,0.9068627450980392,0.7533632286995515,0.6431535269709544,1,
Neal Olkewicz,0.1045296167247386,0.1353135313531353,0.696319018404908,0.8394495412844036,0.9168316831683168,0.806949806949807,0,0.7800369685767098
Neiko Thorpe,0.3134057971014493,0.2995805871779509,0.4364937388193202,0.7002967359050445,0.7454545454545455,0.7628504672897196,0,0.6165680473372781
Neil Rackers,0.2588235294117647,0.2158176943699732,0.3580089342693044,0.3238566131025958,0.3676829268292683,0.3210399032648126,0,0.4025347012673506
Neil Smith,0.3452830188679245,0.724202626641651,0.8836772983114447,0.9174484052532832,0.9739776951672864,0.9886148007590132,0,1.0
Nelson Agholor,0.2124629080118694,0.3196480938416422,0.3615654205607476,0.3704142011834319,0.3202146690518783,0.2138694638694638,0,0.1385853939045428
Nesby Glasgow,0.0592334494773519,0.5577557755775577,0.7607361963190185,0.6995412844036697,0.7267326732673267,0.7277992277992278,0,0.88909426987061
Nevin Lawson,0.1282051282051282,0.5495548961424332,0.6639296187683285,0.7897196261682243,0.8023668639053254,0.7728085867620751,0,0.7983682983682984
Nicholas Eason,0.2115853658536585,0.5640870616686819,0.6101388050694025,0.6366885050625373,0.6292067307692307,0.6154306220095693,0,0.6460541813898705
Nicholas Williams,0.4267062314540059,0.4674486803519062,0.477803738317757,0.4248520710059171,0.6791890280262374,0.7272727272727273,0,0.7584818861414606
Nick Barnett,0.7453646477132262,0.8865853658536585,0.9812575574365175,0.9806879903439952,0.9857057772483622,0.9356971153846154,0,0.9228468899521532
Nick Boyle,0.1612903225806451,0.5332943925233645,0.5402366863905326,0.5295169946332737,0.2651515151515151,0.1581368602645198,0,0.1151551312649164
Nick Collins,0.7037484885126964,0.8823174411587206,0.9082787373436568,0.978966346153846,0.9778708133971292,0.9929328621908128,0,0.9261501210653752
Nick Dzubnar,0.4445103857566765,0.4885630498533724,0.5660046728971962,0.5633136094674556,0.5593321407274896,0.5326340326340326,0,0.5393904542840713
Nick Fairley,0.4975786924939467,0.7469806763285024,0.8729778310365488,0.8944543828264758,0.827299703264095,0.787683284457478,1,
Nick Ferguson,0.5558823529411765,0.6588471849865952,0.6949585194639438,0.7830655129789864,0.7640243902439025,0.898428053204353,0,0.856366928183464
Nick Foles,0.1068840579710145,0.1378070701018574,0.2128801431127012,0.1489614243323442,0.1196480938416422,0.0420560747663551,0,0.1159763313609467
Nick Goings,0.1233243967828418,0.2961072112316528,0.380716934487021,0.4475609756097561,0.4600967351874244,0.4876282438141219,0,0.44907683144729
Nick Greisen,0.574345883854499,0.6032138442521632,0.7646341463414634,0.8681983071342201,0.8931804465902233,0.8344252531268612,0,0.6670673076923077
Nick Hardwick,0.2024390243902439,0.2908101571946795,0.3277006638503319,0.1715306730196545,0.3275240384615384,0.3217703349282296,0,0.3515901060070671
Nick Harper,0.6796246648793566,0.7192086790044672,0.8881334981458591,0.9030487804878048,0.9425634824667471,0.9022329511164756,0,0.9249553305539012
Nick Harris,0.1506097560975609,0.211608222490931,0.2190706095353047,0.0446694460988683,0.2253605769230769,0.3779904306220095,0,0.4140164899882214
Nick Hayden,0.2668269230769231,0.5161483253588517,0.6260306242638398,0.6059322033898306,0.5730676328502415,0.6992210904733374,0,0.7376267143709004
Nick Kwiatkoski,0.6463343108504399,0.7663551401869159,0.8011834319526627,0.8461538461538461,0.8881118881118881,0.8890166762507188,0,0.7768496420047732
Nick Mangold,0.1436330718165359,0.4997022036926742,0.5072115384615384,0.4988038277511962,0.1996466431095406,0.2354721549636803,0,0.2077294685990338
Nick Novak,0.1390568319226118,0.1804465902232951,0.1715306730196545,0.0865384615384615,0.0370813397129186,0.0400471142520612,0,0.0405569007263922
Nick Perry,0.5652173913043478,0.7813061713600958,0.8485390578413834,0.8807121661721068,0.9131964809384164,0.9345794392523364,0,0.9248520710059172
Nick Roach,0.2167957117331745,0.5901442307692307,0.8020334928229665,0.8333333333333334,0.8171912832929782,0.7608695652173914,0,0.9071300179748352
Nick Sorensen,0.2969168900804289,0.4384173580089343,0.4975278121137206,0.6054878048780488,0.599758162031439,0.5835847917923959,0,0.5783204288266826
Nick Sundberg,0.2373380447585394,0.3619854721549637,0.3888888888888889,0.3367285799880167,0.0649970184853905,0.3258160237388724,0,0.3002932551319648
Nick Williams,0.1677651288196525,0.1449016100178891,0.2225519287833827,0.1401759530791788,0.1226635514018691,0.1159763313609467,1,
Nickell Robey,0.7189934092270821,0.7656529516994633,0.7916913946587537,0.8111436950146628,0.8674065420560748,0.8644970414201183,0,0.7883124627310674
Nigel Bradham,0.6153381642512077,0.7004194128220491,0.862850327966607,0.8617210682492582,0.9513196480938416,0.9421728971962616,0,0.9603550295857988
Niko Koutouvides,0.6121951219512195,0.6287787182587666,0.6385033192516596,0.6188207266229899,0.6123798076923077,0.6046650717703349,0,0.4917550058892815
Niles Paul,0.3414043583535109,0.4752415458937198,0.5254643499101258,0.554561717352415,0.5086053412462908,0.493841642228739,0,0.389018691588785
Nnamdi Asomugha,0.5086526576019778,0.6280487804878049,0.68863361547763,0.8756789378394689,0.8779035139964264,0.8984375,0,0.7416267942583732
Noah Brown,0.3195266272189349,0.3130590339892665,0.3636363636363636,0.3243243243243243,0.3836515513126491,0.364321608040201,1,
Noah Spence,0.7607038123167156,0.8060747663551402,0.808284023668639,0.6153846153846154,0.451048951048951,0.452558941920644,1,
Nolan Carroll,0.4799764428739694,0.6016949152542372,0.716183574879227,0.8268424206111444,0.8181276088252832,0.8605341246290801,0,0.8428152492668621
Nolan Cromwell,0.2610294117647059,0.686411149825784,0.9702970297029704,0.9877300613496932,0.9908256880733946,0.984158415841584,0,0.9768339768339768
Nolan Harrison,0.1031894934333958,0.2769516728624535,0.493358633776091,0.6767485822306238,0.6245733788395904,0.4664371772805508,0,0.4187604690117253
Norm Thompson,0.5401459854014599,0.5459770114942529,0.5577889447236181,0.8578431372549019,0.9820627802690582,0.9875518672199172,0,0.9606299212598424
Norman Hand,0.0981067125645439,0.1591289782244556,0.6188925081433225,0.6817472698907956,0.8955882352941177,0.8250670241286864,0,0.7970644543714104
Norris Thomas,0.358267716535433,0.7279411764705882,0.8048780487804879,0.7161716171617162,0.294478527607362,0.5481651376146789,1,
O'Brien Schofield,0.5353356890459364,0.6713075060532687,0.7669082125603864,0.7603355302576393,0.717948717948718,0.6741839762611276,1,
Obafemi Ayanbadejo,0.2588235294117647,0.3907506702412868,0.383535417996171,0.4678615574783683,0.4835365853658536,0.5272067714631197,0,0.5153892576946288
Oday Aboushi,0.1282051282051282,0.0694362017804154,0.1695014662756598,0.0566588785046729,0.0449704142011834,0.0363744782349433,0,0.1165501165501165
Odell Beckham Jr.,0.2409063804412641,0.285459940652819,0.3214076246334311,0.1536214953271028,0.2130177514792899,0.2731067382230173,0,0.31002331002331
Odie Harris,0.3471698113207547,0.4409005628517823,0.4934333958724202,0.1669793621013133,0.0594795539033457,0.064516129032258,0,0.0699432892249527
Odis McKinney,0.150735294117647,0.3205574912891986,0.6072607260726073,0.6073619631901841,0.4977064220183486,0.295049504950495,0,0.1312741312741312
Olin Kreutz,0.175,0.0509383378016085,0.2910019144862795,0.3442521631644005,0.3902439024390244,0.3403869407496977,0,0.3023536511768256
Olindo Mare,0.2588235294117647,0.131367292225201,0.3733248245054243,0.4147095179233622,0.4140243902439024,0.4848851269649335,0,0.484007242003621
Oliver Gibson,0.1480206540447504,0.2479061976549413,0.3322475570032573,0.4711388455538221,0.7713235294117647,0.8270777479892761,0,0.7868538608806637
Oliver Ross,0.1233243967828418,0.0887045309508615,0.145859085290482,0.1926829268292683,0.2073760580411124,0.2208811104405552,1,
Olivier Vernon,0.642512077294686,0.8184541641701618,0.9165175909361956,0.9370919881305638,0.9560117302052786,0.9591121495327104,0,0.957396449704142
Omar Gaither,0.6566083283041642,0.8314472900536033,0.9080528846153846,0.8899521531100478,0.7921083627797408,0.687046004842615,0,0.6328502415458938
Omar Stoutmire,0.3098827470686767,0.5358306188925082,0.7238689547581904,0.825,0.7560321715817694,0.7007019783024888,0,0.8516687268232386
Omare Lowe,0.0797280593325092,0.0512195121951219,0.4613059250302297,0.5847917923958962,0.593210244192972,0.5667067307692307,1,
Orlando Franklin,0.1035108958837772,0.2741545893719807,0.3427201917315758,0.2987477638640429,0.5145400593471811,0.5237536656891496,1,
Orlando Huff,0.5335120643431636,0.7115507338864071,0.7775030902348579,0.8109756097560976,0.8186215235792019,0.831623415811708,1,
Orlando Pace,0.2588235294117647,0.2158176943699732,0.2252712188895979,0.2058096415327565,0.2774390243902439,0.2575574365175332,0,0.2226916113458056
Orlando Ruff,0.6426470588235295,0.75,0.7638800255264837,0.7533992583436341,0.7658536585365854,0.7932285368802902,1,
Orlando Scandrick,0.5631009615384616,0.7356459330143541,0.850412249705536,0.8734866828087167,0.8097826086956522,0.8124625524266027,0,0.855098389982111
Orlando Thomas,0.7713310580204779,0.93631669535284,0.9899497487437184,0.8745928338762216,0.84399375975039,0.8875,0,0.8733243967828418
Orpheus Roye,0.1775544388609715,0.4576547231270358,0.6692667706708268,0.8669117647058824,0.8304289544235925,0.784301212507977,0,0.7799752781211372
Orson Charles,0.402636309167166,0.3768634466308885,0.373293768545994,0.039882697947214,0.1226635514018691,0.3946745562130177,1,
Oshiomogho Atogwe,0.6142684401451027,0.8545564272782137,0.9672424061941632,0.9981971153846154,0.9970095693779903,0.994110718492344,0,0.9648910411622276
Osi Umenyiora,0.6168108776266996,0.8658536585365854,0.9806529625151148,0.9867229933614968,0.9958308516974388,0.9375,0,0.9814593301435408
Otis Sistrunk,0.057471264367816,0.0653266331658291,0.3970588235294117,0.3632286995515695,0.3775933609958506,0.0944881889763779,1,
Otis Smith,0.7429643527204502,0.8475836431226765,0.8140417457305503,0.4347826086956521,0.6416382252559727,0.7039586919104991,0,0.9296482412060302
Otis Wilson,0.264026402640264,0.1748466257668711,0.731651376146789,0.7584158415841584,0.832046332046332,0.8706099815157117,0,0.9246323529411764
Ovie Mughelli,0.2428924598269468,0.2701219512195122,0.4383313180169286,0.4966807483403742,0.5050625372245384,0.4891826923076923,0,0.4413875598086124
Owen Daniels,0.1436330718165359,0.1995235259082787,0.2518028846153846,0.2188995215311004,0.2114252061248527,0.2572639225181598,0,0.3768115942028985
P.J. Williams,0.3988269794721407,0.6746495327102804,0.8224852071005917,0.8568872987477638,0.8706293706293706,0.894767107533065,0,0.866945107398568
Paris Lenon,0.4824505424377792,0.5667490729295427,0.6134146341463415,0.722490931076179,0.8098974049487024,0.940440738534842,0,0.9615384615384616
Parry Nickerson,0.4857988165680473,0.4955277280858676,0.4871794871794871,0.3663024726854514,0.087708830548926,0.2989949748743719,1,
Parys Haralson,0.2564876282438141,0.6331149493746278,0.7920673076923077,0.8833732057416268,0.9034157832744404,0.885593220338983,0,0.8152173913043478
Pat Hughes,0.2126436781609195,0.5326633165829145,0.6372549019607843,0.5560538116591929,0.3485477178423236,0.2204724409448819,0,0.4264705882352941
Pat McAfee,0.3014354066985646,0.378680800942285,0.4322033898305085,0.4559178743961353,0.4655482324745356,0.419200954084675,0,0.3946587537091988
Pat O'Donnell,0.1806797853309481,0.2362017804154302,0.2346041055718475,0.2348130841121495,0.1893491124260355,0.2468694096601073,0,0.0571095571095571
Pat Sims,0.5817307692307693,0.6752392344497608,0.7561837455830389,0.7203389830508474,0.7065217391304348,0.7267825044937088,0,0.7066189624329159
Pat Swilling,0.1286764705882352,0.8169642857142857,0.9509433962264152,0.99812382739212,0.9887429643527204,0.99812382739212,0,0.9851301115241636
Pat Terrell,0.1144465290806754,0.2420262664165103,0.2267657992565055,0.3206831119544592,0.2117202268431001,0.5460750853242321,0,0.5800344234079173
Pat Thomas~,0.562992125984252,0.9375,0.9616724738675958,0.9174917491749176,0.7055214723926381,0.7110091743119266,1,
Pat Williams,0.1612377850162866,0.3728549141965678,0.7985294117647059,0.8284182305630027,0.8742820676451819,0.8646477132262052,0,0.9121951219512195
Patrick Allen,0.0772200772200772,0.0720887245841035,0.3511029411764705,0.5714285714285714,0.5943396226415094,0.4146341463414634,0,0.3677298311444653
Patrick Bailey,0.4561298076923077,0.4976076555023923,0.5630153121319199,0.5169491525423728,0.532608695652174,0.5218693828639904,1,
Patrick Chukwurah,0.6970509383378016,0.7089980855137205,0.711372064276885,0.5420731707317074,0.5259975816203144,0.6891973445986723,0,0.711733174508636
Patrick Chung,0.6441387559808612,0.8486454652532391,0.8958837772397095,0.9009661835748792,0.8334331935290593,0.8360166964818128,0,0.8451038575667655
Patrick DiMarco,0.1068840579710145,0.2043139604553625,0.3846153846153846,0.4255192878338279,0.4398826979472141,0.4258177570093458,0,0.4100591715976331
Patrick Hunter,0.238095238095238,0.1283018867924528,0.2607879924953096,0.2532833020637898,0.600375234521576,0.7397769516728625,0,0.8462998102466793
Patrick Kerney,0.187207488299532,0.6897058823529412,0.8760053619302949,0.9553286534779836,0.9789864029666254,0.9847560975609756,0,0.9860943168077388
Patrick Mannelly,0.3838235294117647,0.4423592493297587,0.4575622208040842,0.5142150803461063,0.498170731707317,0.5084643288996372,0,0.4218467109233554
Patrick Pass,0.3235294117647059,0.5046916890080428,0.5283982131461391,0.5710754017305315,0.501219512195122,0.4993954050785973,0,0.4538322269161134
Patrick Peterson,0.6567796610169492,0.8677536231884058,0.9251048532055124,0.9499105545617174,0.916320474777448,0.9243401759530792,0,0.8901869158878505
Patrick Robinson,0.4787985865724382,0.7403147699757869,0.9027777777777778,0.8981426003594967,0.8688133571854502,0.7584569732937686,0,0.819941348973607
Patrick Scales,0.1008797653958944,0.0566588785046729,0.2130177514792899,0.2731067382230173,0.31002331002331,0.3605520414031052,0,0.3818615751789976
Patrick Willis,0.8106015485407981,0.9489182692307692,0.9964114832535884,0.9946996466431096,0.99455205811138,0.9867149758454108,0,0.981426003594967
Paul Edinger,0.3102941176470588,0.306970509383378,0.3746011486917677,0.3244746600741656,0.3189024390243902,0.2563482466747279,1,
Paul Frase,0.1735849056603773,0.2814258911819887,0.3414634146341463,0.1838649155722326,0.4052044609665427,0.4781783681214421,0,0.5179584120982986
Paul Grasmanis,0.1222780569514237,0.1970684039087948,0.2028081123244929,0.6345588235294117,0.6501340482573726,0.7811104020421187,0,0.7354758961681088
Paul Kruger,0.5980861244019139,0.6213191990577149,0.7421307506053268,0.8448067632850241,0.9089275014979028,0.9767441860465116,0,0.9525222551928784
Paul Lankford,0.2198019801980198,0.4401544401544401,0.722735674676525,0.6636029411764706,0.8065476190476191,0.6471698113207547,0,0.7692307692307693
Paul McQuistan,0.1042287075640262,0.1033653846153846,0.1160287081339712,0.0400471142520612,0.1658595641646489,0.2814009661835748,1,
Paul Moyer,0.3425742574257426,0.3590733590733591,0.5249537892791127,0.5661764705882353,0.78125,0.879245283018868,1,
Paul Posluszny,0.5247170935080405,0.7512019230769231,0.9114832535885168,0.9628975265017669,0.976997578692494,0.9758454106280192,0,0.9928100659077292
Paul Richardson,0.1282051282051282,0.0694362017804154,0.2651026392961876,0.259929906542056,0.2650887573964497,0.2862254025044722,1,
Paul Smith1,0.1299212598425196,0.1213235294117647,0.1219512195121951,0.1782178217821782,0.1226993865030674,0.0619266055045871,1,
Paul Smith2,0.3522058823529412,0.4041554959785522,0.4473516273133376,0.4511742892459827,0.3878048780487805,0.3651753325272068,0,0.3952926976463488
Paul Soliai,0.2572960095294818,0.3353365384615384,0.5795454545454546,0.6819787985865724,0.698547215496368,0.7288647342995169,0,0.7405632115038946
Paul Spicer,0.5617647058823529,0.6561662198391421,0.7677089980855137,0.76946847960445,0.7195121951219512,0.7708585247883918,0,0.7905853952926977
Peerless Price,0.1233243967828418,0.1391193363114231,0.2058096415327565,0.3463414634146341,0.3464328899637243,0.3530476765238383,1,
Pepper Johnson,0.1654411764705882,0.6815476190476191,0.8886792452830189,0.9606003752345216,0.9324577861163228,0.8761726078799249,0,0.9070631970260224
Peppi Zellner,0.1029641185647426,0.5830882352941177,0.7473190348525469,0.7543075941289088,0.7330037082818294,0.7030487804878048,1,
Percy Ellsworth,0.3889845094664372,0.6247906197654941,0.8778501628664495,0.9329173166926678,0.961029411764706,0.9175603217158176,1,
Percy Harvin,0.0873205741626794,0.2597173144876325,0.3177966101694915,0.338768115942029,0.2396644697423607,0.2242098986285032,0,0.2362017804154302
Pernell McPhee,0.6349878934624698,0.6938405797101449,0.7459556620730977,0.7704233750745378,0.8516320474777448,0.8680351906158358,0,0.8434579439252337
Perrish Cox,0.7014134275618374,0.6894673123486683,0.7179951690821256,0.5044937088076693,0.7859272510435301,0.8160237388724035,0,0.8868035190615836
Perry Riley,0.3445229681978798,0.6828087167070218,0.8580917874396136,0.9316956261234272,0.9439475253428742,0.9038575667655786,0,0.8762463343108504
Perry Smith,0.6681614349775785,0.7012448132780082,0.7047244094488189,0.4007352941176471,0.4355400696864111,0.5973597359735974,1,
Perry Williams,0.1332046332046332,0.3253234750462107,0.4705882352941176,0.6235119047619048,0.6190476190476191,0.4150943396226415,0,0.4127579737335834
Pete Athas,0.5766423357664233,0.7471264367816092,0.9195979899497488,0.8186274509803921,0.7354260089686099,0.5435684647302904,1,
Pete Barnes,0.5555555555555556,0.8102189781021898,0.7586206896551724,0.6532663316582915,0.2450980392156862,0.3721973094170404,0,0.3153526970954357
Pete Kendall,0.175,0.0509383378016085,0.1001914486279515,0.0797280593325092,0.1310975609756097,0.1045949214026602,0,0.100181050090525
Pete Kugler,0.2591743119266055,0.3742574257425742,0.3243243243243243,0.1293900184842883,0.0183823529411764,0.337797619047619,0,0.2150943396226415
Pete Shaw,0.1838235294117647,0.4982578397212543,0.7623762376237624,0.8834355828220859,0.7775229357798165,0.6752475247524753,1,
Peter Boulware,0.5008375209380235,0.741042345276873,0.8876755070202809,0.9397058823529412,0.9805630026809652,0.9795788130185068,0,0.992583436341162
Peter Sirmon,0.3102941176470588,0.4048257372654155,0.7894065092533503,0.8590852904820766,0.850609756097561,0.7714631197097944,0,0.7887748943874472
Peter Warrick,0.3639705882352941,0.3646112600536193,0.4747925973197192,0.4746600741656366,0.4548780487804878,0.2702539298669891,1,
Peyton Hillis,0.180889423076923,0.4198564593301435,0.4358068315665488,0.4079903147699757,0.0513285024154589,0.2240862792091072,0,0.4156231365533691
Peyton Manning,0.175,0.4658176943699731,0.4741544352265475,0.4734239802224969,0.0512195121951219,0.0918984280532043,0,0.048280024140012
Pharoh Cooper,0.2914956011730205,0.2686915887850467,0.2710059171597633,0.2015503875968992,0.2039627039627039,0.3271995399654974,1,
Phil Dawson,0.3102941176470588,0.2607238605898123,0.2641991065730695,0.3189122373300371,0.3091463414634146,0.4014510278113664,0,0.3814121907060953
Phil Hansen,0.2607879924953096,0.5929368029739777,0.6869070208728653,0.7920604914933838,0.8498293515358362,0.9139414802065404,0,0.917922948073702
Phil Villapiano,0.3430656934306569,0.8275862068965517,0.8442211055276382,0.7450980392156863,0.4125560538116592,0.3651452282157676,0,0.3543307086614173
Philip Rivers,0.0918984280532043,0.048280024140012,0.0446694460988683,0.0757211538461538,0.104066985645933,0.2703180212014134,0,0.2354721549636803
Philip Wheeler,0.4272836538461538,0.6734449760765551,0.7532391048292109,0.8389830508474576,0.8816425120772947,0.9125224685440384,0,0.8819320214669052
Phillip Adams,0.4528857479387514,0.5484261501210653,0.6612318840579711,0.7070101857399641,0.7125819916517591,0.7359050445103857,1,
Phillip Buchanon,0.6968730057434588,0.919035846724351,0.973780487804878,0.9492140266021766,0.835847917923959,0.7945205479452054,0,0.8822115384615384
Phillip Daniels,0.1669535283993115,0.4053601340033501,0.745928338762215,0.8408736349453978,0.9330882352941176,0.9416890080428956,0,0.9234205488194002
Phillip Dorsett,0.1329376854599406,0.1401759530791788,0.2348130841121495,0.2437869822485207,0.2468694096601073,0.0571095571095571,0,0.1207590569292696
Phillip Gaines,0.4597495527728086,0.4753709198813056,0.718475073313783,0.7330607476635514,0.7633136094674556,0.6249254621347644,0,0.6101398601398601
Phillip Merling,0.6868990384615384,0.7685406698564593,0.78150765606596,0.6361985472154964,0.429951690821256,0.4403834631515878,1,
Phillip Wise,0.3284671532846715,0.2413793103448276,0.2562814070351759,0.0245098039215686,0.2511210762331838,0.2697095435684647,0,0.326771653543307
Phillippi Sparks,0.1877323420074349,0.1859582542694497,0.3988657844990548,0.5836177474402731,0.7555938037865749,0.8726968174204355,0,0.8501628664495114
Pierce Holt,0.2226415094339622,0.4859287054409005,0.6848030018761726,0.6791744840525328,0.5947955390334573,0.6451612903225806,0,0.555765595463138
Pierre Desir,0.4001192605843768,0.5477744807121662,0.5648093841642229,0.6524532710280374,0.8076923076923077,0.8688133571854502,0,0.9487179487179488
Pierre Garcon,0.4032451923076923,0.423444976076555,0.4422850412249705,0.3401937046004842,0.3876811594202898,0.4433792690233673,0,0.4132379248658318
Pierre Thomas,0.6259678379988088,0.6304086538461539,0.632177033492823,0.3604240282685512,0.2052058111380145,0.1817632850241546,0,0.3295386458957459
Pierson Prioleau,0.6786764705882353,0.7654155495978552,0.8328015315890236,0.7978986402966626,0.7817073170731708,0.7992744860943168,0,0.7374773687386844
Pio Sagapolutele,0.1444652908067542,0.120817843866171,0.1176470588235294,0.0699432892249527,0.1279863481228668,0.2943201376936317,0,0.3902847571189279
Pisa Tinoisamoa,0.8485784919653894,0.9140243902439024,0.9631197097944376,0.8581774290887145,0.8558665872543181,0.8629807692307693,0,0.8504784688995215
Plaxico Burress,0.2969168900804289,0.2871729419272495,0.3133498145859085,0.1115853658536585,0.2303506650544135,0.3168376584188292,0,0.3359142346634902
Prentice McCray,0.4509803921568627,0.5112107623318386,0.9294605809128632,0.9448818897637796,0.9485294117647058,0.6968641114982579,1,
Preston Brown,0.7257006559332141,0.910385756676558,0.9794721407624634,0.980140186915888,0.9402366863905326,0.8878950506857484,1,
Priest Holmes,0.175,0.2794906166219839,0.2495213784301212,0.2126081582200247,0.0274390243902439,0.0326481257557436,0,0.0325890162945081
Prince Amukamara,0.5199757869249395,0.6618357487922706,0.8585979628520072,0.9200954084675016,0.941839762611276,0.8545454545454545,0,0.8002336448598131
Quentin Coryatt,0.4144981412639405,0.6963946869070209,0.8223062381852552,0.8907849829351536,0.7435456110154905,0.7571189279731994,1,
Quentin Groves,0.6262019230769231,0.7350478468899522,0.8510011778563016,0.8383777239709443,0.8357487922705314,0.7843019772318753,0,0.7602862254025045
Quentin Jammer,0.582003828972559,0.7428924598269468,0.8091463414634147,0.8536880290205562,0.8672299336149668,0.8814770696843359,0,0.9308894230769232
Quenton Nelson,0.1704142011834319,0.1699463327370304,0.2301864801864802,0.1765382403680276,0.2285202863961813,0.225502512562814,1,
Quincy Black,0.6092912447885647,0.6454326923076923,0.7625598086124402,0.8286219081272085,0.8704600484261501,0.8303140096618358,1,
Quintin Demps,0.5883413461538461,0.6519138755980861,0.6513545347467609,0.7052058111380145,0.7270531400966184,0.8472139005392451,0,0.8926654740608229
Quintin Mikell,0.5580964153275649,0.677439024390244,0.7007255139056832,0.71997585998793,0.798094103633115,0.9326923076923076,0,0.9599282296650716
Quinton Dunbar,0.5234421364985163,0.6780058651026393,0.740070093457944,0.7988165680473372,0.8324388789505068,0.8426573426573427,1,
Quinton Spain,0.1329376854599406,0.1401759530791788,0.1664719626168224,0.129585798816568,0.2862254025044722,0.2768065268065268,0,0.2978723404255319
R.W. McQuarters,0.1294851794071763,0.7110294117647059,0.8572386058981233,0.8825781748564135,0.865265760197775,0.8609756097560975,0,0.8821039903264812
Rafael Bush,0.2136803874092009,0.6968599033816425,0.7573397243858598,0.7960644007155635,0.6635014836795252,0.8035190615835777,0,0.7996495327102804
Raheem Brock,0.6062539885130823,0.7268232385661311,0.8542682926829268,0.9347037484885128,0.952323476161738,0.938058368076236,0,0.903846153846154
Raheem Mostert,0.1329376854599406,0.1401759530791788,0.4024532710280374,0.4449704142011834,0.5384615384615384,0.5046620046620046,0,0.4824611845888442
Ralph Brown,0.4101876675603217,0.6196553924696873,0.784301606922126,0.7939024390243903,0.7539298669891172,0.6113458056729029,0,0.7498511018463371
Ralph McGill,0.6323529411764706,0.7488789237668162,0.7344398340248963,0.4133858267716535,0.25,0.313588850174216,1,
Ramon Foster,0.1035108958837772,0.1739130434782608,0.231276213301378,0.2128801431127012,0.2902077151335311,0.2944281524926686,0,0.3171728971962617
Ramon Humber,0.5867224880382775,0.5924617196702002,0.6325665859564165,0.572463768115942,0.6452965847813061,0.6607036374478235,0,0.714540059347181
Randal Williams,0.3706434316353887,0.4256541161455009,0.4672435105067985,0.4219512195121951,0.4588875453446191,0.4586602293301147,1,
Randall Cobb,0.1035108958837772,0.1739130434782608,0.5512282804074295,0.530113297555158,0.5145400593471811,0.5794721407624633,0,0.5782710280373832
Randall Gay,0.6859756097560976,0.7019347037484885,0.7036813518406759,0.7611673615247171,0.7902644230769231,0.8588516746411483,0,0.7167255594817432
Randall Godfrey,0.3450586264656616,0.6840390879478827,0.8096723868954758,0.975735294117647,0.9658176943699732,0.9508615188257816,0,0.8399258343634116
Randy Gradishar,0.600896860986547,0.8298755186721992,0.9251968503937008,0.8897058823529411,0.6132404181184669,0.7821782178217822,0,0.9631901840490796
Randy Gregory,0.4344213649851632,0.5190615835777126,0.5297897196261683,0.757396449704142,0.7251043530113298,0.8618881118881119,0,0.8941920644048303
Randy Hilliard,0.399624765478424,0.5539033457249071,0.650853889943074,0.6805293005671077,0.60580204778157,0.5370051635111877,1,
Randy Logan,0.592964824120603,0.6666666666666666,0.7399103139013453,0.5601659751037344,0.7913385826771654,0.8088235294117647,0,0.8571428571428571
Randy McMichael,0.2399489470325462,0.3257107540173053,0.4152439024390243,0.4099153567110036,0.4140012070006035,0.3597379392495533,0,0.3191105769230769
Randy Moss,0.175,0.3150134048257372,0.3924696873005743,0.4122373300370828,0.3542682926829268,0.2394195888754534,0,0.208207604103802
Randy Robbins,0.3745173745173745,0.4177449168207024,0.6691176470588235,0.6994047619047619,0.7943396226415095,0.7804878048780488,0,0.6866791744840526
Randy Starks,0.6957317073170731,0.772067714631197,0.8509354254677127,0.7718880285884455,0.7734375,0.8175837320574163,0,0.8574793875147232
Randy Thomas,0.175,0.0509383378016085,0.1001914486279515,0.4721878862793572,0.4628048780487805,0.467956469165659,1,
Randy White,0.4334862385321101,0.7405940594059406,0.974903474903475,0.977818853974122,0.96875,0.875,0,0.6547169811320754
Rashaan Evans,0.6035502958579881,0.8032200357781754,0.8834498834498834,0.9252443933294996,0.925417661097852,0.8699748743718593,1,
Rashaan Melvin,0.5706618962432916,0.5893175074183976,0.7483870967741936,0.8125,0.8568047337278106,0.8169350029815146,0,0.7103729603729604
Rashad Jennings,0.0400471142520612,0.0405569007263922,0.1068840579710145,0.3690832834032355,0.3953488372093023,0.3744807121661721,0,0.2217008797653959
Rashad Johnson,0.4485645933014354,0.6772673733804476,0.7306295399515739,0.8369565217391305,0.8615937687237867,0.970184853905784,0,0.9792284866468842
Rashard Robinson,0.5741935483870968,0.719626168224299,0.7461538461538462,0.6833631484794276,0.5553613053613053,0.4749856239217941,1,
Rashean Mathis,0.6600741656365884,0.8286585365853658,0.9474002418379686,0.9746529873264936,0.9594997022036926,0.9735576923076924,0,0.9539473684210528
Rasheem Green,0.4881656804733728,0.7734048896839595,0.817016317016317,0.8786658999424957,0.8001193317422435,0.7751256281407035,1,
Rashied Davis,0.4310761789600967,0.4870247435123717,0.5122096486003573,0.4849759615384615,0.4832535885167464,0.4888103651354534,0,0.4878934624697336
Ray Agnew,0.1069418386491557,0.1575984990619137,0.1579925650557621,0.1309297912713472,0.1020793950850661,0.114334470989761,0,0.2977624784853701
Ray Buchanan,0.4516129032258064,0.9149338374291116,0.984641638225256,0.9690189328743546,0.8358458961474037,0.8485342019543974,0,0.8939157566302652
Ray Childress,0.3530499075785582,0.5551470588235294,0.8586309523809523,0.939622641509434,0.9568480300187616,0.9399624765478424,0,0.8836772983114447
Ray Crockett,0.1819887429643527,0.5328330206378987,0.9118198874296436,0.9721189591078068,0.9563567362428842,0.8431001890359168,0,0.8071672354948806
Ray Edwards,0.5684972842486421,0.8153662894580107,0.9014423076923076,0.9497607655502392,0.9246171967020024,0.898910411622276,0,0.8188405797101449
Ray Griffin,0.7386759581881533,0.9471947194719472,0.8619631901840491,0.6834862385321101,0.4376237623762376,0.4768339768339768,1,
Ray Horton,0.5306930693069307,0.6718146718146718,0.7467652495378928,0.5863970588235294,0.4211309523809524,0.3566037735849056,0,0.5084427767354597
Ray Lewis,0.3803786574870912,0.7286432160804021,0.9071661237785016,0.9719188767550702,0.9816176470588236,0.9959785522788204,0,0.9783024888321634
Ray McDonald,0.4532459797498511,0.5895432692307693,0.6632775119617225,0.7591283863368669,0.801452784503632,0.8115942028985508,0,0.8028759736369083
Ray Mickens,0.4288107202680067,0.6009771986970684,0.7691107644305772,0.8154411764705882,0.8210455764075067,0.7645181876196554,0,0.8139678615574784
Ray Oldham,0.2663316582914573,0.3529411764705882,0.5695067264573991,0.6099585062240664,0.531496062992126,0.3970588235294117,0,0.1916376306620209
Ray Phillips,0.0766871165644171,0.036697247706422,0.0316831683168316,0.0154440154440154,0.011090573012939,0.0183823529411764,0,0.1964285714285714
Ray Seals,0.0281425891181988,0.0581613508442776,0.1782363977485928,0.3271375464684015,0.5768500948766604,0.7051039697542533,0,0.8668941979522184
Ray-Ray Armstrong,0.4589574595566207,0.5152057245080501,0.597626112759644,0.6533724340175953,0.7908878504672897,0.7881656804733728,0,0.7477638640429338
Raylee Johnson,0.10586011342155,0.2935153583617747,0.3855421686746988,0.4120603015075377,0.5179153094462541,0.7706708268330733,0,0.8698529411764706
Raymond Clayborn,0.5441176470588235,0.7839721254355401,0.943894389438944,0.911042944785276,0.8807339449541285,0.6772277227722773,0,0.5656370656370656
Raymond Jackson,0.0946643717728055,0.0971524288107202,0.2866449511400651,0.2480499219968798,0.6191176470588236,0.6655495978552279,1,
Raymond Ventrone,0.3665865384615384,0.4599282296650718,0.6283863368669023,0.6053268765133172,0.6080917874396136,0.5500299580587178,0,0.5366726296958855
Red Bryant,0.3972355769230769,0.4533492822966507,0.6607773851590106,0.7929782082324455,0.8073671497584541,0.7849011384062313,0,0.7054263565891473
Reed Doughty,0.4502112251056125,0.6390708755211435,0.6634615384615384,0.7942583732057417,0.8445229681978799,0.9158595641646488,0,0.8834541062801933
Regan Upshaw,0.3046471600688468,0.5510887772194305,0.762214983713355,0.6443057722308893,0.8360294117647059,0.7975871313672922,0,0.8142948308870454
Reggie Brown,0.4422110552763819,0.4495114006514658,0.4586583463338533,0.0235294117647058,0.0201072386058981,0.0153158902361199,0,0.0210135970333745
Reggie Bush,0.1436330718165359,0.3240023823704586,0.3197115384615384,0.3127990430622009,0.1012956419316843,0.137409200968523,0,0.1739130434782608
Reggie Hayward,0.5817694369973191,0.5966815571155073,0.796044499381953,0.9323170731707318,0.9709794437726724,0.9221484610742304,0,0.8100059559261465
Reggie Hodges,0.0918984280532043,0.048280024140012,0.0446694460988683,0.0372596153846153,0.0370813397129186,0.0400471142520612,0,0.0405569007263922
Reggie Howard,0.3235294117647059,0.6065683646112601,0.7696234843650287,0.8417799752781211,0.8457317073170731,0.8446191051995163,0,0.7676523838261919
Reggie Jones,0.3639774859287054,0.5910780669144982,0.5920303605313093,0.391304347826087,0.1331058020477815,0.06368330464716,0,0.0586264656616415
Reggie Kelly,0.175,0.0509383378016085,0.1001914486279515,0.0797280593325092,0.1310975609756097,0.2031438935912938,0,0.2914906457453228
Reggie Nelson,0.7754615842763549,0.8323317307692307,0.8851674641148325,0.8780918727915195,0.9697336561743342,0.9909420289855072,0,0.987417615338526
Reggie Ragland,0.572429906542056,0.8112426035502959,0.8610614192009541,0.8956876456876457,0.81943645773433,0.7511933174224343,1,
Reggie Tongue,0.490787269681742,0.7198697068403909,0.9625585023400935,0.9573529411764706,0.9772117962466488,0.9623484365028716,0,0.9820766378244746
Reggie Torbor,0.7042682926829268,0.8101571946795647,0.8503319251659626,0.795116140559857,0.7055288461538461,0.715311004784689,0,0.7161366313309776
Reggie Walker,0.4706937799043062,0.5200235571260307,0.5538740920096852,0.5422705314009661,0.701617735170761,0.6970781156827669,0,0.6765578635014837
Reggie Wayne,0.1233243967828418,0.1991065730695596,0.5370828182941904,0.5371951219512195,0.5350665054413543,0.2208811104405552,0,0.3448481238832638
Reggie White,0.2587800369685767,0.5422794117647058,0.8601190476190477,0.8773584905660378,0.8574108818011257,0.8686679174484052,0,0.8555347091932458
Reggie Wilkes,0.1742160278745644,0.3366336633663366,0.4355828220858895,0.4128440366972477,0.3306930693069307,0.3687258687258687,0,0.454713493530499
Reggie Williams1,0.2116182572614107,0.6850393700787402,0.7389705882352942,0.7003484320557491,0.5181518151815182,0.50920245398773,0,0.6903669724770642
Reinard Wilson,0.2562814070351759,0.6091205211726385,0.6879875195007801,0.8801470588235294,0.886058981233244,0.8576898532227186,1,
Renaldo Hill,0.5107238605898123,0.7019783024888322,0.8980222496909765,0.9365853658536586,0.9207980652962516,0.8768859384429692,0,0.8725431804645623
Renaldo Turnbull,0.2851782363977486,0.4540337711069418,0.466542750929368,0.7912713472485768,0.8487712665406427,0.9163822525597268,0,0.7762478485370051
Renaldo Wynn,0.2127303182579564,0.3745928338762215,0.5085803432137286,0.7757352941176471,0.8310991957104558,0.8666241225271218,0,0.8300370828182941
Reshad Jones,0.6113074204946997,0.7360774818401937,0.9070048309178744,0.9496704613541044,0.9797257006559332,0.9893175074183976,0,0.987683284457478
Reuben Davis,0.3245283018867924,0.6060037523452158,0.7129455909943715,0.6866791744840526,0.3680297397769517,0.4990512333965844,0,0.4480151228733459
Reuben Droughns,0.2969168900804289,0.5692405871091257,0.5988875154511742,0.6073170731707317,0.5133010882708585,0.4846107423053711,0,0.5646217986896962
Rex Burkhead,0.4036970781156828,0.4712166172106825,0.6129032258064516,0.5963785046728972,0.591715976331361,0.4358974358974359,0,0.3933566433566433
Rex Hadnot,0.0918984280532043,0.2770066385033192,0.2596783799880881,0.21875,0.0370813397129186,0.0400471142520612,0,0.0405569007263922
Rey Maualuga,0.7188995215311005,0.8627797408716137,0.948547215496368,0.9510869565217392,0.9245056920311564,0.8747763864042933,0,0.8611275964391691
Rhett Ellison,0.4166666666666667,0.4427801078490114,0.4406678592725104,0.3566765578635015,0.3348973607038123,0.393107476635514,0,0.5508875739644971
Rhett Hall,0.1031894934333958,0.1022304832713754,0.1043643263757115,0.2268431001890359,0.2986348122866894,0.5438898450946644,0,0.7202680067001676
Rian Lindell,0.175,0.3123324396782841,0.5118059987236758,0.511742892459827,0.5195121951219512,0.4286577992744861,0,0.4459867229933615
Ricardo Allen,0.7287833827893175,0.8480938416422288,0.8995327102803738,0.8372781065088757,0.8443649373881932,0.8752913752913752,0,0.8234617596319724
Ricardo Colclough,0.6548780487804878,0.7267230955259976,0.7314423657211828,0.6194163192376414,0.4188701923076923,0.4246411483253589,1,
Ricardo Mathews,0.1760895170789163,0.5236077481840193,0.5791062801932367,0.6333133612941881,0.7131782945736435,0.7228486646884273,0,0.7489736070381232
Ricardo McDonald,0.0799256505576208,0.1024667931688804,0.1285444234404537,0.2303754266211604,0.3270223752151463,0.3182579564489112,0,0.257328990228013
Rich Coady,0.1404056162246489,0.6242647058823529,0.6722520107238605,0.746011486917677,0.738566131025958,0.7847560975609756,1,
Rich Miano,0.2735674676524954,0.2720588235294117,0.6755952380952381,0.6792452830188679,0.6866791744840526,0.4671669793621013,0,0.2889305816135084
Rich Milot,0.396039603960396,0.2668711656441718,0.591743119266055,0.6455445544554456,0.7760617760617761,0.7911275415896488,0,0.8253676470588235
Rich Owens,0.2474402730375426,0.6419965576592083,0.7654941373534339,0.6986970684039088,0.6287051482059283,0.7683823529411765,0,0.82171581769437
Rich Seubert,0.2399489470325462,0.3016069221260816,0.2896341463414634,0.1729141475211608,0.048280024140012,0.2864800476474092,0,0.2914663461538461
Richard Dent,0.0891089108910891,0.7065637065637066,0.9870609981515712,1.0,1.0,0.9830188679245284,0,0.9868667917448404
Richard Harvey,0.4590443686006826,0.5886402753872634,0.7554438860971524,0.749185667752443,0.7035881435257411,0.7794117647058824,1,
Richard Marshall,0.8213639106819554,0.9481834425253128,0.9705528846153846,0.957535885167464,0.9587750294464076,0.9745762711864406,0,0.9263285024154588
Richard Rodgers,0.1282051282051282,0.1845697329376854,0.2727272727272727,0.2634345794392523,0.2680473372781065,0.182468694096601,0,0.2878787878787879
Richard Seymour,0.6487935656836461,0.811104020421187,0.9140914709517924,0.946341463414634,0.9316807738814994,0.9028364514182255,0,0.836212030970816
Richard Sherman,0.7651331719128329,0.960144927536232,0.9958058717795086,0.998211091234347,0.9768545994065282,0.9571847507331378,0,0.911214953271028
Richie Incognito,0.0941460470730235,0.0589636688505062,0.1844951923076923,0.1590909090909091,0.2208480565371024,0.2052058111380145,0,0.3152173913043478
Richie James,0.1704142011834319,0.3548002385211687,0.3624708624708624,0.3133985048878666,0.1616945107398568,0.1394472361809045,1,
Rick Ackerman,0.3348623853211009,0.4495049504950495,0.4826254826254826,0.3068391866913124,0.1452205882352941,0.1309523809523809,1,
Rick Bryan,0.2606177606177606,0.4861367837338262,0.7665441176470589,0.8645833333333334,0.8584905660377359,0.6604127579737336,0,0.4953095684803001
Rick DeMulling,0.1233243967828418,0.1391193363114231,0.2756489493201483,0.2176829268292683,0.2726723095525997,0.1804465902232951,1,
Rick Dennison,0.3571428571428571,0.3659889094269871,0.5,0.5758928571428571,0.7584905660377359,0.8273921200750469,0,0.7636022514071295
Rick Graf,0.2485119047619047,0.3943396226415094,0.4390243902439024,0.3883677298311445,0.0712945590994371,0.1765799256505576,1,
Rick Lovato,0.2476635514018691,0.3627218934911242,0.417412045319022,0.4382284382284382,0.4203565267395054,0.4069212410501193,0,0.507537688442211
Rick Lyle,0.0843373493975903,0.3115577889447236,0.4885993485342019,0.5600624024960998,0.7676470588235295,0.7882037533512064,0,0.7594128908742821
Rick Sanford,0.2264808362369338,0.3861386138613861,0.6717791411042945,0.8738532110091743,0.9366336633663368,0.8455598455598455,1,
Rick Woods,0.1169724770642201,0.5762376237623762,0.5752895752895753,0.5730129390018485,0.4411764705882353,0.6622023809523809,1,
Rickey Jackson,0.7660550458715596,0.897029702970297,0.9884169884169884,0.9741219963031424,0.9944852941176472,0.9821428571428572,0,0.9943396226415094
Ricky Jean-Francois,0.4829210836277974,0.5223970944309927,0.6358695652173914,0.6854403834631516,0.7334525939177102,0.7281899109792285,0,0.7554252199413489
Ricky Manning,0.7688504326328801,0.873780487804878,0.95223700120919,0.9571514785757392,0.9416319237641452,0.8671875,1,
Ricky Proehl,0.2588235294117647,0.3109919571045576,0.3337587747287811,0.2861557478368356,0.1115853658536585,0.0918984280532043,1,
Ricky Reynolds,0.4490566037735849,0.851782363977486,0.9418386491557224,0.9043151969981238,0.8364312267657993,0.7419354838709677,0,0.8166351606805293
Ricky Williams,0.3102941176470588,0.5462466487935657,0.5513720485003191,0.5618046971569839,0.3838071693448702,0.3365853658536585,0,0.2267230955259976
Riddick Parker,0.1628664495114006,0.3525741029641185,0.7058823529411765,0.7117962466487936,0.6630504148053605,0.6211372064276885,1,
Riki Ellison,0.3146718146718146,0.5600739371534196,0.5827205882352942,0.4642857142857143,0.290566037735849,0.2833020637898686,0,0.3958724202626641
Riley Cooper,0.1996466431095406,0.5369249394673123,0.5561594202898551,0.5674056321150389,0.3935599284436494,0.4148367952522255,1,
Riley Reiff,0.1068840579710145,0.1378070701018574,0.1419200954084675,0.1643916913946587,0.1888563049853372,0.1536214953271028,0,0.0449704142011834
Rishard Matthews,0.1630434782608695,0.396045536249251,0.4287418008348241,0.4178041543026706,0.3571847507331378,0.2348130841121495,1,
Rob Bironas,0.20036210018105,0.3222156045265039,0.3731971153846153,0.3558612440191387,0.3639575971731448,0.3329297820823244,0,0.3297101449275362
Rob Burnett,0.0769230769230769,0.225140712945591,0.5650557620817844,0.7096774193548387,0.8601134215500945,0.878839590443686,0,0.8227194492254734
Rob Fredrickson,0.3969754253308128,0.6791808873720137,0.6506024096385542,0.5728643216080402,0.5879478827361564,0.8673946957878315,0,0.9522058823529412
Rob Gronkowski,0.1658595641646489,0.2391304347826087,0.2917914919113241,0.1419200954084675,0.1643916913946587,0.1401759530791788,0,0.1226635514018691
Rob Havenstein,0.1612903225806451,0.2663551401869158,0.3449704142011834,0.3202146690518783,0.2138694638694638,0.5054629097182288,0,0.5
Rob Holmberg,0.136518771331058,0.1876075731497418,0.1725293132328308,0.1026058631921824,0.0717628705148206,0.5007352941176471,0,0.603887399463807
Rob Jackson,0.0757211538461538,0.1537081339712918,0.5818610129564193,0.576271186440678,0.8556763285024155,0.8663870581186339,1,
Rob Meier,0.4860294117647059,0.5542895442359249,0.6496490108487556,0.7237330037082819,0.7390243902439024,0.7944377267230955,0,0.815932407966204
Rob Morris,0.4536764705882353,0.693029490616622,0.824505424377792,0.8634116192830655,0.8945121951219512,0.8282950423216445,0,0.8165359082679541
Rob Ninkovich,0.3421846710923355,0.3966646813579512,0.3918269230769231,0.562200956937799,0.7944640753828033,0.950363196125908,0,0.9951690821256038
Rob Sims,0.1042287075640262,0.1033653846153846,0.2595693779904306,0.290341578327444,0.3093220338983051,0.1968599033816425,0,0.1791491911324146
Robaire Smith,0.5404411764705882,0.6025469168900804,0.6802807913209955,0.7880098887515451,0.822560975609756,0.8458282950423216,0,0.7779118889559444
Robbie Gould,0.1390568319226118,0.3035606517803259,0.2936271590232281,0.2626201923076923,0.2464114832535885,0.3021201413427561,0,0.2294188861985472
Robbie Tobeck,0.1233243967828418,0.1391193363114231,0.2756489493201483,0.2676829268292683,0.2370012091898428,0.2154496077248038,1,
Robert Alford,0.689035350509287,0.7948717948717948,0.8973293768545995,0.930791788856305,0.917640186915888,0.8384615384615385,0,0.6923076923076923
Robert Ayers,0.6363636363636364,0.7402826855123675,0.8250605326876513,0.8013285024154589,0.8298382264829239,0.8223017292784734,0,0.9091988130563798
Robert Bailey,0.4312267657992565,0.5540796963946869,0.5368620037807184,0.2764505119453925,0.0929432013769363,0.440536013400335,0,0.4462540716612377
Robert Blackmon,0.5290806754221389,0.8327137546468402,0.8842504743833017,0.8676748582230623,0.8924914675767918,0.953528399311532,0,0.9447236180904522
Robert Blanton,0.4643719806763285,0.6321150389454764,0.7835420393559929,0.7845697329376855,0.7806451612903226,0.6074766355140186,1,
Robert Brazile,0.1576763485477178,0.468503937007874,0.5919117647058824,0.6759581881533101,0.693069306930693,0.8404907975460123,0,0.9564220183486238
Robert Brown,0.2509652509652509,0.4824399260628466,0.625,0.75,0.5509433962264151,0.49906191369606,0,0.3602251407129456
Robert Davis1,0.3522058823529412,0.3840482573726541,0.4352265475430759,0.465389369592089,0.4725609756097561,0.4576783555018138,0,0.4592637296318648
Robert Ferguson,0.4773452456924059,0.5216316440049443,0.5408536585365854,0.4806529625151148,0.4296922148461074,0.3513996426444312,0,0.3106971153846153
Robert Gallery,0.0975609756097561,0.1045949214026602,0.156306578153289,0.1399642644431209,0.2001201923076923,0.1722488038277512,0,0.2114252061248527
Robert Geathers,0.7286585365853658,0.8029020556227328,0.899818949909475,0.9160214413341274,0.9260817307692308,0.9264354066985646,0,0.8904593639575972
Robert Goff,0.1754716981132075,0.3114446529080675,0.3621013133208255,0.3902439024390244,0.2007434944237918,0.4193548387096774,0,0.2816635160680529
Robert Golden,0.4196859903381642,0.5997603355302576,0.6684555754323196,0.7483679525222552,0.7695014662756599,0.8142523364485982,1,
Robert Griffith,0.2098976109215017,0.6523235800344234,0.847571189279732,0.9397394136807816,0.9297971918876756,0.9647058823529412,0,0.950402144772118
Robert Harris,0.1005692599620493,0.1814744801512287,0.5341296928327645,0.6540447504302926,0.8626465661641541,0.7996742671009772,0,0.6801872074882995
Robert Jackson~,0.2937293729372937,0.1993865030674846,0.1238532110091743,0.1168316831683168,0.3976833976833976,0.6728280961182994,0,0.6341911764705882
Robert Jones,0.2899628252788104,0.2713472485768501,0.2797731568998109,0.3395904436860068,0.4974182444061962,0.6214405360134003,0,0.750814332247557
Robert Massey,0.4540337711069418,0.5178236397748592,0.5872420262664165,0.7360594795539034,0.6394686907020873,0.7958412098298677,1,
Robert Mathis,0.7243510506798516,0.949390243902439,0.994558645707376,0.9993964996982498,0.9976176295413935,0.9957932692307692,0,0.9952153110047848
Robert McClain,0.4511189634864546,0.4412832929782082,0.6763285024154589,0.7387657279808268,0.8228980322003577,0.7816023738872404,0,0.7870967741935484
Robert Meachem,0.0757211538461538,0.6232057416267942,0.6236749116607774,0.6077481840193705,0.3707729468599033,0.3277411623726782,0,0.3166368515205724
Robert Nkemdiche,0.2046920821114369,0.6512850467289719,0.7775147928994083,0.7698270721526536,0.6637529137529138,0.4335825186889017,1,
Robert Porcher,0.1226765799256505,0.4573055028462998,0.6956521739130435,0.8174061433447098,0.910499139414802,0.9765494137353434,0,0.986970684039088
Robert Quinn,0.6198547215496368,0.7989130434782609,0.9904134212103056,1.0,0.9994065281899108,0.9695014662756598,0,0.9375
Robert Royal,0.0274390243902439,0.0326481257557436,0.5485817742908872,0.5658129839189994,0.5679086538461539,0.3104066985645933,1,
Robert Tate,0.1622464898595944,0.7514705882352941,0.8029490616621984,0.7715379706445438,0.5784919653893696,0.5859756097560975,0,0.7097944377267231
Robert Thomas,0.3419117647058823,0.2513404825737265,0.2916400765794512,0.2348436502871729,0.6372064276885043,0.7036585365853658,0,0.7654171704957679
Robert Tonyan,0.1159763313609467,0.1067382230172927,0.0571095571095571,0.02242668200115,0.1378281622911694,0.2562814070351759,1,
Robert Turbin,0.1068840579710145,0.1378070701018574,0.3482409063804412,0.3602373887240356,0.4299120234604106,0.3983644859813084,1,
Robert Williams,0.1358490566037735,0.1219512195121951,0.2345215759849906,0.2439024390243902,0.2286245353159851,0.1688804554079696,0,0.0699432892249527
Robert Woods,0.3151587777112043,0.4090638044126416,0.428486646884273,0.4046920821114369,0.2914719626168224,0.1704142011834319,0,0.3321407274895647
Robert Young,0.2307692307692307,0.3773234200743494,0.5313092979127134,0.5633270321361059,0.4880546075085324,0.4406196213425129,1,
Roberto Garza,0.0727504786215698,0.1915945611866502,0.2298780487804878,0.281136638452237,0.188292094146047,0.1113758189398451,0,0.0372596153846153
Robin Cole,0.3267326732673267,0.6226993865030674,0.823394495412844,0.8613861386138614,0.8146718146718147,0.8835489833641405,0,0.8088235294117647
Rock Cartwright,0.2935545628589662,0.3442521631644005,0.4402439024390244,0.5574365175332527,0.579963789981895,0.5914234663490173,0,0.5420673076923077
Rocky Bernard,0.6738991703892788,0.7169344870210136,0.801219512195122,0.8367593712212817,0.8901629450814725,0.9058963668850506,0,0.8846153846153846
Rocky Boiman,0.5405232929164008,0.7583436341161929,0.7902439024390244,0.7805320435308344,0.6747133373566687,0.7867778439547349,0,0.8233173076923077
Rod Jones,0.0459558823529411,0.2976190476190476,0.2283018867924528,0.1538461538461538,0.0900562851782364,0.0431519699812382,0,0.1449814126394052
Rod Martin,0.3201320132013201,0.656441717791411,0.9151376146788992,0.9782178217821782,0.996138996138996,0.9963031423290204,0,0.9834558823529412
Rod McSwain,0.0295748613678373,0.0845588235294117,0.3258928571428571,0.3377358490566037,0.3696060037523452,0.373358348968105,1,
Rod Perry,0.7261410788381742,0.7677165354330708,0.9816176470588236,0.8606271777003485,0.9834983498349836,0.7852760736196319,0,0.9288990825688074
Rod Smith1,0.0799256505576208,0.0910815939278937,0.2155009451795841,0.167235494880546,0.2134251290877797,0.0737018425460636,0,0.260586319218241
Rod Streater,0.1630434782608695,0.1977231875374475,0.2599880739415623,0.1489614243323442,0.4287390029325513,0.4176401869158878,0,0.4355029585798816
Rod Woodson,0.4285714285714285,0.7018867924528301,0.9324577861163228,0.9643527204502814,0.9587242026266416,0.966542750929368,0,0.986717267552182
Roddy White,0.3270858524788392,0.3572721786360893,0.5276950565812983,0.5300480769230769,0.5962918660287081,0.6071849234393404,0,0.5799031476997578
Roderick Coleman,0.6323529411764706,0.7567024128686327,0.8723675813656668,0.88442521631644,0.948170731707317,0.9443772672309552,0,0.9390464695232348
Roderick Hood,0.5772558714462299,0.7353658536585366,0.8125755743651754,0.8195534097767049,0.912447885646218,0.8990384615384616,0,0.9342105263157896
Rodger Saffold,0.1035108958837772,0.1165458937198067,0.1791491911324146,0.2277877161598092,0.2789317507418398,0.2797653958944281,1,
Rodney Bailey,0.5509383378016086,0.6994256541161455,0.7317676143386898,0.6969512195121951,0.6414752116082225,0.5962582981291491,0,0.6277546158427636
Rodney Harrison,0.3873720136518771,0.7710843373493976,0.9631490787269682,0.99185667752443,0.9485179407176288,0.9823529411764704,0,0.982573726541555
Rodney Hudson,0.1035108958837772,0.2288647342995169,0.2648292390653086,0.2599880739415623,0.228486646884273,0.1941348973607038,0,0.1664719626168224
Rodney Leisle,0.0975609756097561,0.1045949214026602,0.5371152685576343,0.5402025014889815,0.5456730769230769,0.0873205741626794,1,
Rodney Smith,0.1677651288196525,0.2206320810971973,0.2189910979228486,0.1196480938416422,0.0420560747663551,0.0343195266272189,0,0.0363744782349433
Rodney Thomas~,0.1716981132075471,0.2626641651031895,0.3320825515947467,0.1688555347091932,0.0594795539033457,0.064516129032258,0,0.0699432892249527
Roger McIntosh,0.4984912492456246,0.8695652173913043,0.9338942307692308,0.9659090909090908,0.9128386336866904,0.8765133171912833,0,0.8454106280193237
Roland James,0.4554455445544554,0.7024539877300614,0.841743119266055,0.9227722772277228,0.8783783783783784,0.9353049907578558,0,0.8658088235294118
Roland Mitchell,0.0735849056603773,0.0787992495309568,0.2720450281425891,0.300187617260788,0.6319702602230484,0.6413662239089184,1,
Roland Williams,0.2588235294117647,0.2707774798927614,0.2680280791320995,0.2107540173053152,0.0512195121951219,0.0918984280532043,1,
Rolando McClain,0.6872791519434629,0.8159806295399515,0.8605072463768116,0.7980826842420611,0.7740011926058438,0.8385756676557864,1,
Rolland Lawrence,0.4472361809045226,0.4852941176470588,0.937219730941704,0.966804979253112,0.9960629921259844,0.9742647058823528,0,0.989547038327526
Roman Harper,0.5872057936028968,0.863013698630137,0.9134615384615384,0.9431818181818182,0.9634864546525324,0.9878934624697336,0,0.9891304347826086
Roman Phifer,0.2026266416510319,0.5353159851301115,0.4952561669829222,0.6465028355387523,0.7935153583617748,0.882960413080895,0,0.8291457286432161
Romeo Okwara,0.5595307917888563,0.5695093457943925,0.7668639053254438,0.7901013714967203,0.93997668997669,0.8907418056354227,0,0.8633651551312649
Ron Bolton,0.6834170854271356,0.8970588235294118,0.9641255605381166,0.950207468879668,0.9212598425196852,0.7977941176470589,0,0.5993031358885017
Ron Cox,0.1332082551594746,0.2326454033771107,0.5130111524163569,0.5996204933586338,0.5122873345935728,0.4641638225255973,0,0.2426850258175559
Ron Edwards,0.4316353887399464,0.7243139757498405,0.7595797280593325,0.8073170731707318,0.6819830713422007,0.6807483403741702,0,0.6855270994639666
Ron Fellows,0.5623762376237624,0.637065637065637,0.7837338262476895,0.7977941176470589,0.7351190476190477,0.7264150943396226,1,
Ron George,0.1518026565464895,0.1568998109640831,0.1501706484641638,0.3528399311531842,0.3433835845896147,0.3517915309446254,0,0.0717628705148206
Ron Holmes,0.4528650646950092,0.6470588235294118,0.8869047619047619,0.7641509433962265,0.8348968105065666,0.7185741088180112,0,0.7185741088180112
Ron Johnson1,0.4375,0.5156794425087108,0.6501650165016502,0.3987730061349693,0.3899082568807339,0.5524752475247525,0,0.4131274131274131
Ron McDole,0.5547445255474452,0.4885057471264368,0.4824120603015075,0.0245098039215686,0.0179372197309417,0.0165975103734439,0,0.2677165354330709
Ron Parker,0.2192028985507246,0.7297783103654883,0.8413834227787717,0.942433234421365,0.9460410557184752,0.9404205607476636,0,0.9284023668639052
Ron Pritchard,0.4646464646464646,0.3722627737226277,0.3160919540229885,0.0100502512562814,0.0245098039215686,0.0179372197309417,0,0.0705394190871369
Ron Rivera,0.2033271719038817,0.2959558823529412,0.5803571428571429,0.5528301886792453,0.7373358348968105,0.7373358348968105,0,0.5647279549718575
Ron Stone,0.2588235294117647,0.2158176943699732,0.1646458200382897,0.145859085290482,0.0512195121951219,0.1185006045949214,1,
Ronald Bartell,0.5090689238210399,0.724200362100181,0.817748659916617,0.8852163461538461,0.8421052631578947,0.803886925795053,0,0.6428571428571429
Ronald Blair,0.5870967741935483,0.6886682242990654,0.7899408284023669,0.7984496124031008,0.743006993006993,0.6963772282921219,1,
Ronald Curry,0.4592088998763906,0.5109756097560976,0.5169286577992744,0.4683162341581171,0.1310303752233472,0.1941105769230769,1,
Ronald Fields,0.4008464328899637,0.5389257694628847,0.6557474687313878,0.6706730769230769,0.687200956937799,0.6442873969375736,0,0.6119854721549637
Ronald McKinnon,0.2596314907872696,0.5244299674267101,0.5663026521060842,0.8558823529411764,0.9048257372654156,0.9400127632418634,0,0.9159456118665018
Ronde Barber,0.5684039087947883,0.734789391575663,0.9705882352941176,0.992627345844504,0.9917038927887684,0.9901112484548824,0,0.9865853658536584
Ronnie Bradford,0.1214421252371916,0.2589792060491493,0.2593856655290102,0.387263339070568,0.5393634840871022,0.7280130293159609,0,0.6021840873634945
Ronnie Brown,0.1856106408706166,0.2872661436330718,0.2698034544371649,0.1502403846153846,0.0370813397129186,0.2597173144876325,0,0.3177966101694915
Ronnie Heard,0.5477941176470589,0.7406166219839142,0.8493937460114869,0.8479604449938195,0.8207317073170731,0.7424425634824667,1,
Ronnie Lippett,0.3011583011583011,0.6432532347504621,0.8878676470588235,0.9627976190476192,0.8622641509433963,0.6191369606003753,0,0.5628517823639775
Ronnie Lott,0.9079754601226994,0.993119266055046,0.996039603960396,0.9633204633204632,0.9371534195933456,0.9852941176470588,0,0.9910714285714286
Ropati Pitoitua,0.3014354066985646,0.3138987043580683,0.5254237288135594,0.6956521739130435,0.786698621929299,0.8079904591532499,0,0.7489614243323442
Roscoe Parrish,0.1390568319226118,0.1804465902232951,0.1715306730196545,0.134014423076923,0.1955741626794258,0.3433451118963486,0,0.3299031476997578
Rosevelt Colvin,0.1653666146645865,0.7588235294117647,0.9423592493297588,0.9834077855775368,0.9678615574783684,0.9042682926829269,0,0.8784764207980653
Ross Browner,0.6100917431192661,0.697029702970297,0.8281853281853282,0.7652495378927912,0.7757352941176471,0.7008928571428571,1,
Ross Brupbacher,0.3737373737373737,0.5985401459854015,0.6206896551724138,0.4623115577889447,0.142156862745098,0.0179372197309417,0,0.6473029045643154
Ross Cockrell,0.1282051282051282,0.7394658753709199,0.8105571847507331,0.8913551401869159,0.7715976331360946,0.8276684555754323,0,0.7336829836829837
Ross Kolodziej,0.3411528150134048,0.3139757498404594,0.3127317676143387,0.4701219512195121,0.711608222490931,0.7133373566686784,1,
Roy Barker,0.4554079696394686,0.6143667296786389,0.7098976109215017,0.8571428571428571,0.8710217755443886,0.9120521172638436,0,0.6957878315132605
Roy Miller,0.59688995215311,0.6802120141342756,0.7148910411622276,0.6926328502415459,0.6560814859197124,0.6404293381037567,0,0.744807121661721
Roy Williams,0.8423739629865986,0.9208899876390606,0.9310975609756098,0.7268292682926829,0.2521160822249093,0.2823458282950423,0,0.3156306578153289
Roynell Young,0.4719471947194719,0.6380368098159509,0.7752293577981652,0.6495049504950495,0.4092664092664093,0.3123844731977819,0,0.4926470588235294
Ruben Brown,0.2588235294117647,0.2158176943699732,0.2252712188895979,0.145859085290482,0.0512195121951219,0.0326481257557436,0,0.1436330718165359
Rudi Johnson,0.0797280593325092,0.0512195121951219,0.0411124546553808,0.0325890162945081,0.0327575938058368,0.0757211538461538,1,
Rufus Bess,0.0592334494773519,0.1023102310231023,0.2822085889570552,0.3165137614678899,0.5386138613861386,0.694980694980695,0,0.8613678373382625
Rufus Porter,0.6228893058161351,0.799249530956848,0.9643527204502814,0.949814126394052,0.8804554079696395,0.7618147448015122,0,0.6672354948805461
Rulon Jones,0.4197247706422018,0.6712871287128713,0.8841698841698842,0.911275415896488,0.9227941176470588,0.9122023809523808,0,0.8037735849056604
Russell Davis,0.1326053042121684,0.6551470588235294,0.7479892761394102,0.7702616464582004,0.7818294190358467,0.7945121951219513,0,0.7400241837968561
Russell Gary,0.2914110429447852,0.7454128440366973,0.8772277227722772,0.7393822393822393,0.4454713493530499,0.2022058823529411,1,
Russell Maryland,0.4615384615384615,0.7137546468401487,0.7628083491461101,0.6068052930056711,0.5563139931740614,0.5025817555938038,0,0.6381909547738693
Russell Okung,0.1012956419316843,0.059322033898305,0.0513285024154589,0.0437387657279808,0.1282051282051282,0.0694362017804154,0,0.2134897360703812
Russell Shepard,0.5530257639304973,0.5682766845557543,0.5910979228486647,0.5401759530791789,0.5987149532710281,0.6082840236686391,1,
Russell Wilson,0.1068840579710145,0.4931096464949071,0.4770423375074538,0.4783382789317507,0.3818181818181818,0.5549065420560748,0,0.5366863905325444
Ruvell Martin,0.20036210018105,0.190589636688505,0.3503605769230769,0.3151913875598086,0.3162544169611307,0.5447941888619855,0,0.5700483091787439
Ryan Allen,0.10964649490713,0.0649970184853905,0.1643916913946587,0.1401759530791788,0.1226635514018691,0.2011834319526627,1,
Ryan Anderson,0.4661214953271028,0.5976331360946746,0.853309481216458,0.8630536130536131,0.824036802760207,0.389618138424821,1,
Ryan Clady,0.0757211538461538,0.104066985645933,0.163133097762073,0.137409200968523,0.1340579710144927,0.1180347513481126,0,0.1282051282051282
Ryan Clark,0.2156987874920229,0.5247218788627935,0.6585365853658537,0.8119709794437727,0.9052504526252264,0.905300774270399,0,0.8774038461538461
Ryan Cook,0.0941460470730235,0.0589636688505062,0.134014423076923,0.104066985645933,0.1065959952885747,0.0405569007263922,0,0.1068840579710145
Ryan Denney,0.4135290363752393,0.6903584672435105,0.7957317073170732,0.8542926239419589,0.8883524441762221,0.8594401429422275,0,0.8810096153846154
Ryan Diem,0.1890080428954423,0.204211869814933,0.2558714462299135,0.248780487804878,0.2672309552599758,0.232347616173808,0,0.2209648600357355
Ryan Fitzpatrick,0.0757211538461538,0.104066985645933,0.2114252061248527,0.1937046004842615,0.3079710144927536,0.207309766327142,0,0.1323792486583184
Ryan Fowler,0.5225609756097561,0.6475211608222491,0.6704888352444176,0.7045860631328171,0.6682692307692307,0.6435406698564593,1,
Ryan Grant,0.3097081596188207,0.3088942307692308,0.3349282296650718,0.0400471142520612,0.0405569007263922,0.0440821256038647,0,0.0437387657279808
Ryan Griffin,0.3499101258238466,0.3798449612403101,0.373887240356083,0.2668621700879765,0.1308411214953271,0.1331360946745562,0,0.3619558735837805
Ryan Harris,0.180889423076923,0.208133971291866,0.2797408716136631,0.059322033898305,0.0513285024154589,0.0437387657279808,0,0.2409063804412641
Ryan Jensen,0.2105571847507331,0.2026869158878504,0.3071005917159763,0.1699463327370304,0.1491841491841491,0.1581368602645198,1,
Ryan Kelly,0.1612903225806451,0.1308411214953271,0.2071005917159763,0.2164579606440071,0.2138694638694638,0.1581368602645198,0,0.0178997613365155
Ryan Kerrigan,0.8565375302663438,0.964975845410628,0.9952067106051528,0.9976147883124628,0.9964391691394658,0.9941348973607038,0,0.9924065420560748
Ryan Kuehl,0.3838235294117647,0.4329758713136729,0.4345883854499043,0.403584672435105,0.2902439024390243,0.3035066505441354,0,0.3602896801448401
Ryan Longwell,0.1233243967828418,0.0887045309508615,0.2058096415327565,0.1823170731707317,0.2394195888754534,0.208207604103802,0,0.3031566408576533
Ryan Mathews,0.1658595641646489,0.1817632850241546,0.2456560814859197,0.0649970184853905,0.0528189910979228,0.1008797653958944,1,
Ryan McNeil,0.1726755218216318,0.2476370510396975,0.3856655290102389,0.4492254733218588,0.7621440536013401,0.7850162866449512,0,0.6755070202808112
Ryan Mundy,0.5119617224880383,0.5906949352179034,0.6797820823244553,0.7119565217391305,0.8466147393648892,0.939773404889684,1,
Ryan Nece,0.419910657306956,0.6285537700865266,0.6810975609756098,0.7629987908101572,0.7809293904646952,0.7564026206075045,0,0.7650240384615384
Ryan Pickett,0.5053619302949062,0.6477345245692406,0.7138442521631644,0.7725609756097561,0.7762998790810157,0.8171394085697042,0,0.7861822513400833
Ryan Pontbriand,0.1915945611866502,0.2298780487804878,0.3488512696493349,0.4037417018708509,0.4276354973198332,0.3942307692307692,0,0.3594497607655502
Ryan Sims,0.347160178685386,0.6946847960444994,0.7341463414634146,0.7315598548972189,0.5660832830416416,0.5628350208457416,0,0.6280048076923077
Ryan Smith,0.1008797653958944,0.7137850467289719,0.8094674556213017,0.8288610614192009,0.7173659673659674,0.5618171362852213,1,
Ryan Succop,0.0873205741626794,0.2597173144876325,0.2808716707021791,0.3345410628019323,0.2648292390653086,0.2599880739415623,0,0.1489614243323442
Ryan Tannehill,0.1068840579710145,0.2043139604553625,0.345855694692904,0.3994065281899109,0.3812316715542522,0.2914719626168224,0,0.1159763313609467
Ryan Taylor,0.3102941176470588,0.1963806970509383,0.1550733886407147,0.0210135970333745,0.0274390243902439,0.0326481257557436,0,0.0325890162945081
Ryan Tucker,0.175,0.2794906166219839,0.3101467772814295,0.2861557478368356,0.1115853658536585,0.1856106408706166,0,0.2872661436330718
Sam Acho,0.8081113801452785,0.8985507246376812,0.9167165967645295,0.8336314847942755,0.7560830860534125,0.7929618768328446,0,0.8311915887850467
Sam Adams,0.2381852551984877,0.431740614334471,0.657487091222031,0.7453936348408711,0.7980456026058632,0.6521060842433697,0,0.7669117647058824
Sam Aiken,0.1279357231149567,0.3554878048780487,0.567714631197098,0.5733252866626434,0.5818939845145921,0.4555288461538461,0,0.56877990430622
Sam Bradford,0.1472320376914016,0.1186440677966101,0.1225845410628019,0.0437387657279808,0.0429338103756708,0.1329376854599406,1,
Sam Clancy,0.0258780036968576,0.3180147058823529,0.6666666666666666,0.6867924528301886,0.6022514071294559,0.5440900562851783,0,0.4859287054409005
Sam Cowart,0.4820846905537459,0.6926677067082684,0.9588235294117649,0.9088471849865952,0.9036375239310784,0.8566131025957973,0,0.8835365853658537
Sam Garnes,0.4824120603015075,0.6074918566775245,0.7737909516380655,0.8529411764705882,0.8659517426273459,0.8851308232291002,0,0.9196538936959208
Sam Hurd,0.6348823174411587,0.6873138773079214,0.6917067307692307,0.5927033492822966,0.549469964664311,0.5714285714285714,1,
Sam Koch,0.1436330718165359,0.2525312686122692,0.3131009615384615,0.2793062200956938,0.2208480565371024,0.137409200968523,0,0.3496376811594203
Sam Madison,0.3249581239530988,0.7149837133550488,0.9095163806552262,0.9926470588235294,0.957774798927614,0.9087428206764518,0,0.8609394313967862
Sam Martin,0.10964649490713,0.0649970184853905,0.2925816023738872,0.2563049853372434,0.2272196261682243,0.1159763313609467,0,0.1502683363148479
Sam Mills,0.3527204502814259,0.4427767354596623,0.7917448405253283,0.9628252788104088,0.9772296015180264,0.9792060491493384,0,0.9931740614334472
Sam Rogers,0.0870307167235494,0.1738382099827883,0.2931323283082077,0.3680781758957654,0.4508580343213728,0.7867647058823529,0,0.7768096514745308
Sam Seale,0.2791127541589648,0.4797794117647059,0.5982142857142857,0.2924528301886792,0.348968105065666,0.5121951219512195,1,
Sam Shade,0.541038525963149,0.8143322475570033,0.9157566302652106,0.9470588235294116,0.9289544235924933,0.9017230376515636,1,
Sam Shields,0.6030624263839811,0.8184019370460048,0.8822463768115942,0.9215098861593768,0.9016100178890876,0.8925816023738873,0,0.8240469208211144
Sam Williams1,0.4963414634146341,0.5012091898428053,0.6753168376584189,0.6968433591423466,0.7427884615384616,0.6704545454545454,0,0.6307420494699647
Samari Rolle,0.254071661237785,0.6396255850234009,0.9485294117647058,0.9671581769436998,0.9253350350989152,0.9171817058096416,0,0.8689024390243902
Sammie Lee Hill,0.6124401913875598,0.7108362779740872,0.7869249394673123,0.7457729468599034,0.7219892150988616,0.678592725104353,0,0.6712166172106825
Sammy Knight,0.525963149078727,0.8925081433224755,0.9469578783151326,0.9919117647058824,0.9932975871313672,0.9968091895341415,0,0.9969097651421508
Sammy Morris,0.4455882352941177,0.4631367292225201,0.5322271857051691,0.5024721878862793,0.5810975609756097,0.6227327690447401,0,0.6572118286059143
Sammy Watkins,0.2409063804412641,0.2255192878338278,0.2680351906158357,0.0566588785046729,0.144378698224852,0.1502683363148479,0,0.5186480186480187
Samson Ebukam,0.6396028037383178,0.8928994082840237,0.9522957662492546,0.9638694638694638,0.902242668200115,0.8866348448687351,0,0.9340452261306532
Samson Satele,0.2167957117331745,0.2163461538461538,0.3534688995215311,0.2979976442873969,0.2705811138014528,0.0513285024154589,0,0.0437387657279808
Sanders Shiver,0.5365853658536586,0.7458745874587459,0.6533742331288344,0.2477064220183486,0.0217821782178217,0.0289575289575289,0,0.1719038817005545
Santana Dotson,0.6096654275092936,0.7400379506641366,0.7637051039697542,0.6604095563139932,0.6402753872633391,0.8073701842546064,0,0.8078175895765473
Santana Moss,0.1233243967828418,0.1391193363114231,0.2484548825710754,0.275,0.2847642079806529,0.2703681351840676,0,0.2430017867778439
Santonio Holmes,0.0941460470730235,0.2048838594401429,0.2139423076923076,0.2314593301435406,0.1996466431095406,0.2905569007263922,0,0.2626811594202898
Saverio Rocca,0.1620011911852293,0.2073317307692307,0.2362440191387559,0.3221436984687868,0.3329297820823244,0.4015700483091787,0,0.3223487118034751
Scot Brantley,0.1584158415841584,0.2453987730061349,0.5665137614678899,0.7227722772277227,0.8108108108108109,0.66728280961183,0,0.7040441176470589
Scott Case,0.4491682070240296,0.7058823529411765,0.8556547619047619,0.8849056603773585,0.8367729831144465,0.9212007504690432,0,0.7954971857410882
Scott Fujita,0.6151882578174857,0.8046971569839307,0.8914634146341464,0.9135429262394196,0.9191309595654796,0.9446098868374032,0,0.9519230769230768
Scott Galyon,0.3768844221105528,0.5765472312703583,0.6427457098283932,0.7301470588235294,0.7057640750670241,0.6502871729419273,1,
Scott Gragg,0.175,0.1595174262734584,0.177409061901723,0.2058096415327565,0.2774390243902439,0.2896009673518742,1,
Scott McGarrahan,0.5044117647058823,0.5408847184986595,0.6005105296745373,0.6433868974042027,0.7109756097560975,0.6958887545344619,1,
Scott Mersereau,0.3452380952380952,0.4547169811320755,0.5778611632270169,0.5816135084427767,0.6435272045028143,0.7453531598513011,0,0.6546489563567363
Scott Mruczkowski,0.0941460470730235,0.0589636688505062,0.0865384615384615,0.0873205741626794,0.1012956419316843,0.137409200968523,1,
Scott Player,0.175,0.1595174262734584,0.177409061901723,0.2058096415327565,0.1115853658536585,0.1185006045949214,0,0.1188895594447797
Scott Radecic,0.332046332046332,0.6229205175600739,0.78125,0.9092261904761904,0.809433962264151,0.8461538461538461,0,0.575984990619137
Scott Shanle,0.1915945611866502,0.5280487804878049,0.6432889963724304,0.8014484007242003,0.8701608100059559,0.9122596153846154,0,0.9001196172248804
Scott Simonson,0.1282051282051282,0.0694362017804154,0.1196480938416422,0.0420560747663551,0.2579881656804734,0.2939773404889684,1,
Scott Studwell,0.1141732283464567,0.1029411764705882,0.2682926829268293,0.3498349834983498,0.2331288343558282,0.7018348623853211,0,0.7960396039603961
Scott Turner,0.2662116040955631,0.4698795180722891,0.4790619765494137,0.4641693811074918,0.2293291731669266,0.725,0,0.6702412868632708
Scott Wells,0.0918984280532043,0.1852745926372963,0.240023823704586,0.2782451923076923,0.2673444976076555,0.2756183745583039,0,0.1186440677966101
Sealver Siliga,0.1068840579710145,0.6656680647094069,0.7340488968395945,0.7507418397626113,0.6979472140762464,0.6086448598130841,1,
Sean Chandler,0.5585798816568047,0.5974955277280859,0.5990675990675991,0.6612995974698103,0.64618138424821,0.6293969849246231,1,
Sean Considine,0.3446191051995163,0.7483403741701871,0.7963073257891602,0.8088942307692307,0.7308612440191388,0.8374558303886925,0,0.8335351089588378
Sean Gilbert,0.3866171003717472,0.6907020872865275,0.782608695652174,0.7918088737201365,0.693631669535284,0.5309882747068677,0,0.6058631921824105
Sean Jones1,0.0231660231660231,0.1792975970425138,0.4466911764705882,0.6517857142857143,0.5490566037735849,0.4427767354596623,0,0.5703564727954972
Sean Jones2,0.4909310761789601,0.8092939046469523,0.9356759976176297,0.9693509615384616,0.9533492822966508,0.9269729093050648,0,0.912227602905569
Sean Lee,0.7326266195524146,0.9001210653753027,0.9408212560386472,0.9808268424206112,0.9117471675611212,0.93946587537092,0,0.8756598240469208
Sean Lissemore,0.4375736160188457,0.5871670702179177,0.6829710144927537,0.7765128819652487,0.7799642218246869,0.7406528189910979,1,
Sean Locklear,0.2357920193470374,0.2860591430295715,0.2650387135199523,0.0865384615384615,0.0370813397129186,0.0400471142520612,0,0.1035108958837772
Sean Moran,0.3986599664991624,0.4022801302931596,0.500780031201248,0.6183823529411765,0.6802949061662198,0.6362476068921507,0,0.6563658838071693
Sean Morey,0.4938195302843016,0.5341463414634147,0.5749697702539298,0.5509957754978877,0.5491363907087552,0.5498798076923077,0,0.5448564593301436
Sean Smith2,0.5861244019138756,0.6972909305064782,0.7917675544794189,0.8713768115942029,0.9191132414619532,0.9242695289206916,0,0.8801186943620178
Sean Weatherspoon,0.5830388692579506,0.7899515738498789,0.8864734299516909,0.927501497902936,0.8568872987477638,0.7181008902077152,0,0.5343108504398827
Sebastian Janikowski,0.175,0.2794906166219839,0.3356732610082961,0.3331273176761434,0.3018292682926829,0.2073760580411124,0,0.299939649969825
Sen'Derrick Marks,0.5191387559808612,0.699057714958775,0.7185230024213075,0.7572463768115942,0.7399640503295386,0.8240906380441264,0,0.7798219584569733
Senorise Perry,0.6153846153846154,0.6183976261127596,0.6304985337243402,0.4339953271028037,0.5491124260355029,0.554561717352415,0,0.532051282051282
Sergio Brown,0.4994110718492344,0.6295399515738499,0.6545893719806763,0.6650689035350509,0.6505664877757901,0.6943620178041543,0,0.6956011730205278
Seth Joyner,0.21875,0.7723214285714286,0.9358490566037736,0.9681050656660412,0.9343339587242028,0.9849906191369606,0,0.9962825278810408
Seth Payne,0.1528861154446177,0.6375,0.7667560321715817,0.7830248883216337,0.7496909765142151,0.724390243902439,0,0.7690447400241838
Seyi Ajirotutu,0.2856301531213192,0.2657384987893462,0.3840579710144927,0.579388855602157,0.5963029218843172,0.6071216617210683,1,
Shamar Stephen,0.5032796660703638,0.5572700296735905,0.6803519061583577,0.7067757009345794,0.7473372781065089,0.7531305903398927,0,0.7465034965034965
Shamarko Thomas,0.5296584781306172,0.5968992248062015,0.6415430267062314,0.6193548387096774,0.5572429906542056,0.4917159763313609,1,
Shane Burton,0.2151462994836488,0.4623115577889447,0.5928338762214984,0.609984399375975,0.7889705882352941,0.7989276139410187,0,0.7440970006381621
Shane Conlan,0.431547619047619,0.539622641509434,0.6960600375234521,0.8236397748592871,0.699812382739212,0.741635687732342,0,0.5635673624288425
Shane Dronett,0.3345724907063197,0.5787476280834914,0.724007561436673,0.6638225255972696,0.4216867469879518,0.2797319932998325,0,0.5944625407166124
Shane Lechler,0.1890080428954423,0.2782386726228462,0.3300370828182942,0.2536585365853658,0.1082224909310761,0.20036210018105,0,0.2495533055390113
Shane Vereen,0.1707021791767554,0.2481884057971014,0.2492510485320551,0.1520572450805009,0.1845697329376854,0.2293255131964809,0,0.2184579439252336
Shantee Orr,0.5512978986402967,0.5445121951219513,0.7998790810157195,0.8273989136994568,0.8278737343656939,0.6310096153846154,1,
Shaq Lawson,0.6334310850439883,0.7634345794392523,0.8550295857988166,0.8908765652951699,0.9114219114219114,0.8861414606095457,0,0.860381861575179
Shaquille Leonard,0.929585798816568,0.9976147883124628,1.0,1.0,0.9952267303102624,0.9723618090452262,1,
Shareece Wright,0.2560532687651332,0.5464975845410628,0.7165967645296585,0.7531305903398927,0.7454005934718101,0.7272727272727273,0,0.8066588785046729
Sharrod Neasman,0.2914956011730205,0.3393691588785046,0.5881656804733728,0.6040548598688134,0.6585081585081585,0.6687751581368603,1,
Shaun Alexander,0.175,0.1595174262734584,0.177409061901723,0.145859085290482,0.1310975609756097,0.1045949214026602,0,0.100181050090525
Shaun Cody,0.6438935912938332,0.6535908267954134,0.7599761762954139,0.7115384615384616,0.7284688995215312,0.6760895170789164,0,0.6840193704600485
Shaun Ellis,0.7426470588235294,0.8532171581769437,0.9068283343969368,0.9202719406674909,0.9634146341463414,0.9576783555018138,0,0.9269764634882316
Shaun Gayle,0.0733590733590733,0.0628465804066543,0.2224264705882352,0.4389880952380952,0.3735849056603773,0.6810506566604128,0,0.7317073170731707
Shaun Hill,0.1042287075640262,0.1442307692307692,0.1722488038277512,0.163133097762073,0.059322033898305,0.0513285024154589,0,0.0437387657279808
Shaun O'Hara,0.175,0.0509383378016085,0.2552648372686662,0.3800988875154512,0.375,0.3524788391777509,0,0.208207604103802
Shaun Phillips,0.6615853658536586,0.8337363966142685,0.955944477972239,0.9898749255509232,0.9921875,0.9910287081339711,0,0.988221436984688
Shaun Rogers,0.7017426273458445,0.7983407785577536,0.880716934487021,0.8676829268292683,0.9171704957678356,0.8847314423657212,0,0.9499702203692674
Shaun Smith,0.4298780487804878,0.5447400241837969,0.5666867833433916,0.7170935080405003,0.7409855769230769,0.7440191387559809,0,0.7214369846878681
Shaun Suisham,0.1695835847917924,0.3799880881477069,0.4152644230769231,0.4222488038277512,0.4045936395759717,0.4328087167070218,0,0.4613526570048309
Shaun Williams,0.2296416938110749,0.2386895475819032,0.7845588235294118,0.8565683646112601,0.9438417358008936,0.9320148331273176,0,0.876219512195122
Shawn Barber,0.263843648208469,0.6989079563182528,0.913970588235294,0.8880697050938338,0.8985322271857051,0.9524103831891224,0,0.9707317073170731
Shawn Lauvao,0.1035108958837772,0.1739130434782608,0.170760934691432,0.1520572450805009,0.0694362017804154,0.1695014662756598,1,
Shawn Lee,0.1584905660377358,0.2045028142589118,0.7073170731707317,0.7223264540337712,0.7509293680297398,0.444022770398482,0,0.5954631379962193
Shawn Patterson,0.1924528301886792,0.2307692307692307,0.4840525328330206,0.4465290806754221,0.362453531598513,0.1878557874762808,1,
Shawn Price,0.1442125237191651,0.1474480151228733,0.2320819112627986,0.1049913941480206,0.1088777219430485,0.3110749185667752,0,0.4321372854914196
Shawn Springs,0.2445561139028475,0.8110749185667753,0.9344773790951638,0.9786764705882351,0.8780160857908847,0.828334396936822,0,0.7793572311495673
Shawn Williams,0.4679448771719592,0.5491949910554562,0.685459940652819,0.8381231671554252,0.8925233644859814,0.9781065088757396,0,0.9713774597495528
Shawn Wooden,0.3493975903614458,0.6080402010050251,0.6237785016286646,0.4446177847113884,0.5764705882352941,0.6052278820375335,0,0.6719846841097639
Shawne Merriman,0.7642079806529625,0.9529269764634882,0.9964264443120904,0.9747596153846154,0.895933014354067,0.6796230859835101,0,0.6888619854721549
Shawntae Spencer,0.6018292682926829,0.8204353083434099,0.9082679541339772,0.90946992257296,0.7626201923076923,0.6842105263157895,0,0.7850412249705536
Shayne Graham,0.3217158176943699,0.2807913209955329,0.4184177997527812,0.4073170731707317,0.4824667472793228,0.4689197344598672,0,0.4443120905300774
Sheldon Brown,0.6636885768985322,0.7620519159456118,0.9060975609756098,0.9607013301088272,0.9619794809897404,0.951756998213222,0,0.8972355769230769
Sheldon Richardson,0.7333732774116237,0.8753726893261777,0.9400593471810088,0.9448680351906158,0.921144859813084,0.8982248520710059,0,0.9165175909361956
Sheldon White,0.4283018867924528,0.5684803001876173,0.6472795497185742,0.5628517823639775,0.4739776951672863,0.5521821631878557,1,
Shelton Quarles,0.1514657980456026,0.1513260530421216,0.6933823529411764,0.8485254691689008,0.9470325462667516,0.9431396786155748,0,0.926829268292683
Sherman White,0.1244813278008298,0.1338582677165354,0.125,0.0278745644599303,0.1023102310231023,0.0766871165644171,0,0.4403669724770642
Sherrick McManis,0.5347467608951708,0.5284503631961259,0.5609903381642513,0.5068903535050928,0.5110316040548599,0.5679525222551929,0,0.5865102639296188
Sherrod Martin,0.6830143540669856,0.8568904593639576,0.9200968523002422,0.8792270531400966,0.7639304973037747,0.6696481812760883,0,0.6178041543026707
Shiloh Keo,0.2560532687651332,0.5555555555555556,0.6956261234272019,0.6797853309481217,0.68486646884273,0.6504398826979472,1,
Sidney Jones,0.1921728971962616,0.5076923076923077,0.6505664877757901,0.782051282051282,0.8021851638872916,0.7494033412887828,0,0.582286432160804
Simeon Rice,0.4819277108433735,0.6850921273031826,0.8859934853420195,0.9594383775351014,0.9808823529411764,0.9812332439678284,0,0.9878749202297384
Simon Fletcher,0.0480591497227356,0.2849264705882353,0.5818452380952381,0.8,0.9212007504690432,0.951219512195122,0,0.9399624765478424
Sione Pouha,0.405683192261185,0.4085697042848521,0.5693865396069089,0.6081730769230769,0.6722488038277512,0.7355712603062426,0,0.7621065375302664
Skip McClendon,0.0547169811320754,0.0975609756097561,0.1932457786116322,0.1257035647279549,0.1003717472118959,0.0967741935483871,1,
Skip Vanderbundt,0.5656565656565656,0.5182481751824818,0.8505747126436781,0.7638190954773869,0.7990196078431373,0.6322869955156951,0,0.6639004149377593
Spencer Johnson,0.5871951219512195,0.6324062877871826,0.6463488231744116,0.7194758784991067,0.7421875,0.8080143540669856,0,0.8209658421672555
Spencer Larsen,0.4735576923076923,0.5011961722488039,0.5141342756183745,0.4424939467312349,0.4064009661835748,0.426602756141402,1,
Spencer Long,0.1282051282051282,0.2403560830860534,0.2439882697947214,0.1542056074766355,0.1159763313609467,0.257602862254025,1,
Spencer Paysinger,0.4927360774818402,0.6606280193236715,0.7585380467345716,0.7429934406678592,0.6830860534124629,0.6885630498533725,1,
Stacy McGee,0.5260635110844817,0.5205724508050089,0.5863501483679525,0.6340175953079179,0.6904205607476636,0.6840236686390533,0,0.627906976744186
Stan White,0.6080402010050251,0.7107843137254902,0.9506726457399104,0.925311203319502,0.9763779527559056,0.8161764705882353,0,0.7282229965156795
Stanford Routt,0.5193470374848851,0.6089318044659022,0.7522334723049434,0.7319711538461539,0.742822966507177,0.7862190812720848,0,0.8589588377723971
Stanley Richard,0.3283302063789868,0.6895910780669146,0.7552182163187856,0.9357277882797732,0.9334470989761092,0.9776247848537004,0,0.9195979899497488
Star Lotulelei,0.6345116836428999,0.6827668455575432,0.7578635014836795,0.8023460410557185,0.8200934579439252,0.7710059171597633,0,0.7155635062611807
Stefen Wisniewski,0.1871980676328502,0.2486518873576992,0.3279666070363745,0.2789317507418398,0.3407624633431085,0.2488317757009346,0,0.2491124260355029
Stephen Alexander,0.175,0.0509383378016085,0.1001914486279515,0.1279357231149567,0.1823170731707317,0.1958887545344619,0,0.208207604103802
Stephen Anderson,0.2914956011730205,0.3393691588785046,0.3497041420118343,0.1878354203935599,0.3432400932400932,0.4002300172512938,0,0.4266109785202864
Stephen Bowen,0.452021726010863,0.5199523525908278,0.5871394230769231,0.680622009569378,0.71849234393404,0.7947941888619855,0,0.7644927536231884
Stephen Boyd,0.1075085324232082,0.1015490533562822,0.5778894472361809,0.8420195439739414,0.939157566302652,0.9720588235294118,0,0.9235924932975872
Stephen Cooper,0.6013597033374537,0.6652439024390244,0.7249093107617895,0.7761013880506941,0.9017272185824896,0.9543269230769232,0,0.9748803827751196
Stephen Gostkowski,0.2287266143633071,0.3793924955330554,0.4212740384615384,0.5083732057416268,0.4876325088339223,0.4842615012106537,0,0.4027777777777778
Stephen Hauschka,0.0873205741626794,0.1012956419316843,0.259685230024213,0.3828502415458937,0.3942480527261833,0.4824090638044126,0,0.4617210682492582
Stephen Neal,0.2439024390243902,0.3458282950423216,0.3808086904043452,0.2698034544371649,0.1502403846153846,0.0370813397129186,0,0.1012956419316843
Stephen Nicholas,0.5872543180464562,0.6418269230769231,0.7996411483253588,0.8250883392226148,0.8680387409200968,0.873792270531401,0,0.8735769922109047
Stephen Paea,0.5332929782082324,0.6461352657004831,0.7153984421809467,0.8127608825283243,0.8178041543026706,0.8158357771260997,0,0.655373831775701
Stephen Spach,0.1390568319226118,0.1092335546167773,0.1113758189398451,0.1658653846153846,0.2380382775119617,0.2285041224970553,0,0.137409200968523
Stephen Tulloch,0.6354858177429089,0.7022036926742108,0.8040865384615384,0.8642344497607656,0.93698468786808,0.9703389830508474,0,0.9716183574879228
Stephen Weatherly,0.1008797653958944,0.3878504672897196,0.6739644970414201,0.7704233750745378,0.7855477855477856,0.7395054629097182,1,
Stephon Tuitt,0.59391771019678,0.7697329376854599,0.8797653958944281,0.9018691588785048,0.8727810650887574,0.8151460942158617,0,0.903846153846154
Sterling Moore,0.6495157384987893,0.7318840579710145,0.7777112043139605,0.7757901013714967,0.8492581602373888,0.8885630498533724,0,0.8603971962616822
Sterling Shepard,0.1612903225806451,0.2663551401869158,0.3449704142011834,0.3476446034585569,0.3455710955710955,0.3530764807360552,0,0.3072792362768496
Steve Atwater,0.4108818011257035,0.600375234521576,0.9061913696060038,0.9405204460966544,0.9620493358633776,0.9187145557655956,0,0.9129692832764504
Steve Brown,0.2316831683168317,0.5115830115830116,0.7412199630314233,0.8290441176470589,0.8363095238095238,0.8226415094339623,0,0.8893058161350844
Steve Bush,0.3102941176470588,0.2607238605898123,0.3261008296107211,0.3022249690976514,0.349390243902439,0.3941958887545345,1,
Steve Foley1,0.5643153526970954,0.7362204724409449,0.9301470588235294,0.9059233449477352,0.9504950495049505,0.8496932515337423,0,0.6926605504587156
Steve Foley2,0.2166123778501628,0.4758190327613104,0.8544117647058823,0.8746648793565683,0.8123803446075303,0.7014833127317676,0,0.902439024390244
Steve Freeman,0.4753363228699551,0.4896265560165975,0.5275590551181102,0.1029411764705882,0.5958188153310104,0.924092409240924,0,0.843558282208589
Steve Gleason,0.3522058823529412,0.4812332439678284,0.5232929164007658,0.5797280593325093,0.551829268292683,0.5550181378476421,0,0.5322872661436331
Steve Gregory,0.4465902232951116,0.4836212030970816,0.5853365384615384,0.7517942583732058,0.833922261484099,0.8849878934624698,0,0.9178743961352656
Steve Heiden,0.4698529411764706,0.4591152815013404,0.5794511805998723,0.5642768850432633,0.551219512195122,0.3162031438935913,1,
Steve Hutchinson,0.0975609756097561,0.2031438935912938,0.2914906457453228,0.2757593805836807,0.2518028846153846,0.2188995215311004,0,0.2114252061248527
Steve Israel,0.1824440619621342,0.2964824120603015,0.5423452768729642,0.6115444617784711,0.7904411764705882,0.6896782841823056,1,
Steve Kiner,0.3636363636363636,0.656934306569343,0.5689655172413793,0.4120603015075377,0.2794117647058823,0.4618834080717489,0,0.4771784232365145
Steve Martin,0.2589285714285714,0.1377358490566037,0.1257035647279549,0.0375234521575985,0.0431519699812382,0.0594795539033457,0,0.064516129032258
Steve McKinney,0.2588235294117647,0.2707774798927614,0.389278876834716,0.3819530284301607,0.3506097560975609,0.1469165659008464,0,0.156306578153289
Steve McLendon,0.1472320376914016,0.4969733656174334,0.5851449275362319,0.6542840023966447,0.6493738819320215,0.6498516320474778,0,0.7096774193548387
Steve McMichael,0.1077981651376146,0.2891089108910891,0.4285714285714285,0.4473197781885397,0.4871323529411764,0.5967261904761905,0,0.5716981132075472
Steve McNair,0.175,0.1595174262734584,0.2342054881940012,0.2929542645241038,0.2457317073170731,0.2666263603385732,0,0.1092335546167773
Steve Nelson,0.210762331838565,0.5269709543568465,0.5078740157480315,0.7573529411764706,0.6411149825783972,0.8547854785478548,0,0.4693251533742331
Steve Smith,0.1233243967828418,0.3075941289087428,0.3980222496909765,0.3896341463414634,0.3724304715840387,0.2957151478575739,0,0.3156640857653365
Steve Tovar,0.3358633776091081,0.775047258979206,0.9044368600682594,0.9500860585197934,0.7319932998324958,0.5846905537459284,0,0.1700468018720748
Steve Weatherford,0.1436330718165359,0.1995235259082787,0.3287259615384615,0.3684210526315789,0.3510011778563015,0.3456416464891041,0,0.3484299516908212
Steve Wilson,0.5379537953795379,0.6165644171779141,0.8096330275229358,0.7841584158415842,0.8262548262548263,0.744916820702403,0,0.6580882352941176
Steve Zabel,0.0802919708029197,0.0632183908045977,0.3768844221105528,0.4166666666666667,0.4798206278026906,0.2987551867219917,0,0.0275590551181102
Steven Jackson,0.0975609756097561,0.2031438935912938,0.2486421243210621,0.2346634901727218,0.2001201923076923,0.2188995215311004,0,0.2114252061248527
Steven Johnson,0.5307971014492754,0.5578190533253445,0.6446034585569469,0.6551928783382789,0.7067448680351907,0.6296728971962616,1,
Steven Means,0.3768723786698622,0.3959451401311866,0.3916913946587537,0.575366568914956,0.5957943925233645,0.6437869822485207,0,0.5533691115086464
Steven Nelson,0.3905044510385757,0.6592375366568914,0.7394859813084113,0.8715976331360947,0.8938580799045915,0.9137529137529138,0,0.8476135710178263
Stevie Johnson,0.180889423076923,0.208133971291866,0.3639575971731448,0.3541162227602905,0.4094202898550724,0.3828639904134212,0,0.3041144901610018
Stevon Moore,0.4684014869888476,0.4478178368121442,0.4215500945179584,0.5290102389078498,0.6712564543889845,0.8492462311557789,1,
Stewart Bradley,0.5985705777248362,0.7896634615384616,0.7984449760765551,0.8191990577149588,0.6616222760290557,0.6890096618357487,1,
Sylvester Williams,0.6069502696225285,0.6207513416815742,0.6896142433234421,0.6932551319648094,0.6921728971962616,0.636094674556213,0,0.5617173524150268
T.J. Carrie,0.6386404293381037,0.7192878338278932,0.7882697947214077,0.7856308411214953,0.8088757396449704,0.813953488372093,0,0.8822843822843823
T.J. Green,0.5560117302052786,0.6425233644859814,0.6449704142011834,0.569469290399523,0.1491841491841491,0.4266820011500862,1,
T.J. Houshmandzadeh,0.1233243967828418,0.2756860242501595,0.276885043263288,0.3274390243902439,0.3385731559854897,0.363910681955341,0,0.4187016081000596
T.J. Lang,0.0873205741626794,0.2373380447585394,0.3008474576271186,0.2989130434782608,0.3295386458957459,0.2027429934406678,0,0.3169139465875371
T.J. McDonald,0.7231875374475734,0.8354203935599285,0.8813056379821959,0.873900293255132,0.834696261682243,0.8899408284023669,1,
T.J. Slaughter,0.5816176470588236,0.685656836461126,0.7472878111040204,0.7163164400494437,0.65,0.6221281741233373,0,0.5974652987326494
T.J. Turner,0.0477941176470588,0.275297619047619,0.2754716981132075,0.225140712945591,0.2138836772983114,0.1707317073170731,0,0.1561338289962825
T.J. Ward,0.751472320376914,0.7851089588377724,0.8635265700483091,0.8945476333133613,0.9445438282647584,0.9341246290801188,0,0.9008797653958944
T.J. Yates,0.1035108958837772,0.1165458937198067,0.1791491911324146,0.0649970184853905,0.0528189910979228,0.039882697947214,0,0.1226635514018691
T.Y. Hilton,0.1068840579710145,0.2043139604553625,0.2641621943947525,0.2724035608308605,0.2727272727272727,0.2634345794392523,0,0.3130177514792899
Taco Charlton,0.6320093457943925,0.7183431952662722,0.8318425760286225,0.8251748251748252,0.7872340425531915,0.636038186157518,1,
Tae Davis,0.5928994082840237,0.5998807394156231,0.6089743589743589,0.4502587694077056,0.3973747016706443,0.4051507537688442,1,
Tahir Whitehead,0.5332125603864735,0.6327142001198323,0.7716159809183065,0.8379821958456973,0.8903225806451613,0.9304906542056076,0,0.9491124260355028
Taitusi Lutui,0.1042287075640262,0.2367788461538461,0.2691387559808612,0.2797408716136631,0.059322033898305,0.1280193236714976,1,
Taiwan Jones,0.4824455205811138,0.5295893719806763,0.6381066506890354,0.5831842576028623,0.5792284866468843,0.4967741935483871,0,0.5589442815249267
Takeo Spikes,0.3631921824104234,0.7675507020280812,0.9544117647058824,0.9886058981233244,0.97702616464582,0.988257107540173,0,0.9932926829268292
Tamba Hali,0.8328304164152082,0.930911256700417,0.9699519230769232,0.965311004784689,0.9899882214369848,0.9957627118644068,0,0.9963768115942028
Tank Johnson,0.4713414634146341,0.6608222490931076,0.7423053711526856,0.7742703990470519,0.7493990384615384,0.7332535885167464,0,0.7055359246171967
Tank Williams,0.7166560306317805,0.80778739184178,0.8920731707317073,0.8621523579201935,0.7966203983101992,0.6819535437760572,1,
Tanner Vallejo,0.3773364485981308,0.6124260355029586,0.6714370900417412,0.7068764568764568,0.6572742955721679,0.6748210023866349,1,
Tanzel Smart,0.4713785046728972,0.4680473372781065,0.4931425163983303,0.4277389277389277,0.41345600920069,0.3723150357995227,0,0.3523869346733668
Tarell Basham,0.6063084112149533,0.6266272189349112,0.7412045319022064,0.8362470862470862,0.8964922369177688,0.8371121718377088,1,
Tarell Brown,0.2263251935675997,0.625,0.7494019138755981,0.8439340400471143,0.87590799031477,0.8701690821256038,0,0.8286399041342121
Tarik Glenn,0.175,0.1595174262734584,0.177409061901723,0.145859085290482,0.0512195121951219,0.0326481257557436,0,0.20036210018105
Tashard Choice,0.4723557692307692,0.4766746411483253,0.4764428739693757,0.1773607748184019,0.1068840579710145,0.3445176752546435,1,
Tashawn Bower,0.455607476635514,0.4893491124260355,0.4764460345855694,0.4516317016317016,0.4813110983323749,0.4689737470167064,1,
Tavares Gooden,0.3605769230769231,0.5783492822966507,0.6136631330977621,0.6434624697336562,0.6026570048309179,0.5877771120431396,1,
Tavon Austin,0.10964649490713,0.1621943947525342,0.228486646884273,0.3131964809384164,0.3019859813084112,0.2650887573964497,0,0.1192605843768634
Tavon Wilson,0.7723429951690821,0.8526063511084482,0.8670244484197973,0.7091988130563798,0.775366568914956,0.8755841121495327,0,0.8816568047337278
Tavon Young,0.706158357771261,0.6985981308411215,0.8396449704142012,0.7316636851520573,0.7365967365967366,0.633122484186314,1,
Taylor Mays,0.6101295641931684,0.6071428571428571,0.6745169082125604,0.6506890353505093,0.6457960644007156,0.6332344213649852,1,
Tebucky Jones,0.6507352941176471,0.767426273458445,0.8296107211231653,0.8108776266996292,0.8408536585365853,0.8361547762998791,1,
Ted Ginn Jr.,0.3269803454437165,0.3227163461538461,0.3845693779904306,0.3274440518256772,0.3371670702179177,0.304951690821256,0,0.231276213301378
Ted Hendricks,0.3838383838383838,0.8248175182481752,0.8160919540229885,0.8542713567839196,0.8823529411764706,0.8789237668161435,0,0.8464730290456431
Ted Johnson,0.39419795221843,0.6179001721170396,0.8425460636515912,0.8192182410423453,0.7379095163806553,0.8397058823529412,0,0.8176943699731903
Ted Larsen,0.1068840579710145,0.1378070701018574,0.2719141323792486,0.2201780415430267,0.2158357771260997,0.1536214953271028,0,0.2189349112426035
Ted Washington1,0.358744394618834,0.3734439834024896,0.5984251968503937,0.3676470588235294,0.337979094076655,0.0462046204620462,0,0.1411042944785276
Ted Washington2,0.0525328330206379,0.1840148698884758,0.3396584440227704,0.5803402646502835,0.6569965870307167,0.7314974182444062,0,0.7068676716917923
Teddy Bridgewater,0.1282051282051282,0.0694362017804154,0.1196480938416422,0.0420560747663551,0.0343195266272189,0.0363744782349433,0,0.1165501165501165
Tedy Bruschi,0.2908777969018933,0.5561139028475712,0.7703583061889251,0.8377535101404057,0.925,0.9463806970509384,0,0.9738353541799616
Terdell Sands,0.292336217552534,0.4975609756097561,0.5991535671100363,0.6861798430899215,0.6938653960690887,0.7325721153846154,0,0.6626794258373205
Terence Garvin,0.4373876572798083,0.5014907573047108,0.5103857566765578,0.5771260997067449,0.6670560747663551,0.6562130177514793,1,
Terence Newman,0.7070457354758962,0.8560975609756097,0.93409915356711,0.9058539529269763,0.9303156640857654,0.921875,0,0.958732057416268
Terrance Copper,0.4213414634146341,0.4842805320435308,0.5467712733856367,0.5425848719475879,0.5018028846153846,0.4760765550239234,0,0.5235571260306242
Terrance Knighton,0.6429425837320574,0.7797408716136631,0.7966101694915254,0.8085748792270532,0.8022768124625524,0.8145497912939773,0,0.7667655786350148
Terrance Mitchell,0.6913946587537092,0.7354838709677419,0.8639018691588785,0.857396449704142,0.8855098389982111,0.87995337995338,0,0.9005175388154112
Terrance Shaw,0.2901023890784983,0.5938037865748709,0.6917922948073701,0.6970684039087948,0.438377535101404,0.6588235294117647,0,0.5864611260053619
Terrell Buckley,0.4256505576208178,0.5673624288425048,0.8525519848771267,0.7679180887372014,0.9208261617900172,0.9112227805695142,0,0.993485342019544
Terrell McClain,0.5054479418886199,0.5247584541062802,0.5566207309766327,0.5617173524150268,0.5602373887240356,0.6862170087976539,0,0.6927570093457944
Terrell Owens,0.175,0.5348525469168901,0.5424377791959157,0.5488257107540173,0.1823170731707317,0.281136638452237,0,0.3216656608328304
Terrell Suggs,0.911619283065513,0.9804878048780488,0.9987908101571948,0.9909474954737476,0.9874925550923168,0.9909855769230768,0,0.9832535885167464
Terrell Thomas,0.6520432692307693,0.881578947368421,0.9817432273262662,0.9685230024213076,0.8689613526570048,0.7495506291192331,1,
Terrence Brooks,0.5265354800238521,0.540652818991098,0.7155425219941349,0.7564252336448598,0.7520710059171598,0.6887298747763864,0,0.6212121212121212
Terrence Holt,0.6606922126081582,0.723780487804878,0.841596130592503,0.8829209414604707,0.9088743299583084,0.8203125,1,
Terrence McGee,0.6174289245982695,0.7951219512195122,0.9159613059250302,0.9136994568497284,0.9029184038117928,0.859375,0,0.8744019138755981
Terrence Wilkins,0.2676470588235294,0.3853887399463807,0.4033184428844926,0.38442521631644,0.1597560975609756,0.0326481257557436,0,0.0941460470730235
Terron Armstead,0.1329376854599406,0.1401759530791788,0.1664719626168224,0.129585798816568,0.1192605843768634,0.0256410256410256,0,0.0862564692351926
Terry Cousin,0.3827361563517915,0.5834633385335414,0.8080882352941177,0.8257372654155496,0.818761965539247,0.8553770086526576,0,0.7932926829268293
Terry Fair,0.2410423452768729,0.5975039001560063,0.8639705882352942,0.8847184986595175,0.7568602425015954,0.6613102595797281,0,0.0274390243902439
Terry Glenn,0.2588235294117647,0.131367292225201,0.2527121888959796,0.3590852904820766,0.3597560975609756,0.4093107617896009,0,0.3983101991550996
Terry Hoage,0.5656192236598891,0.7830882352941176,0.956845238095238,0.9377358490566038,0.849906191369606,0.7091932457786116,0,0.1163227016885553
Terry Jackson1,0.7683823529411765,0.8466898954703833,0.8877887788778878,0.6288343558282209,0.7821100917431193,0.8,0,0.7586872586872587
Terry Jackson2,0.4639705882352941,0.5971849865951743,0.5998723675813656,0.6118665018541409,0.5079268292682927,0.5562273276904474,1,
Terry Kinard,0.3722772277227723,0.5868725868725869,0.8373382624768947,0.8915441176470589,0.9672619047619048,0.9735849056603774,0,0.9831144465290806
Terry McDaniel,0.1857410881801125,0.4540337711069418,0.5121951219512195,0.6133828996282528,0.683111954459203,0.8714555765595463,0,0.8976109215017065
Terry Schmidt,0.6029411764705882,0.7174887892376681,0.7178423236514523,0.2716535433070866,0.2904411764705882,0.7456445993031359,0,0.7953795379537953
Terry Taylor,0.2625482625482625,0.6617375231053605,0.7886029411764706,0.8139880952380952,0.7113207547169811,0.7504690431519699,0,0.701688555347092
Terry Wooden,0.4577861163227016,0.6802973977695167,0.8406072106261859,0.941398865784499,0.9573378839590444,0.9122203098106711,0,0.7001675041876047
Tevin Coleman,0.3080118694362018,0.3020527859237537,0.3212616822429907,0.129585798816568,0.182468694096601,0.1695804195804195,0,0.2800460034502587
Theo Riddick,0.3786698621929299,0.4066785927251043,0.4362017804154303,0.407624633431085,0.3901869158878505,0.1893491124260355,0,0.1878354203935599
Thom Darden,0.4770114942528735,0.6432160804020101,0.931372549019608,0.8295964125560538,0.941908713692946,0.937007874015748,0,1.0
Thomas Benson,0.1640926640926641,0.243992606284658,0.6194852941176471,0.7157738095238095,0.5773584905660377,0.7448405253283302,0,0.6960600375234521
Thomas Davis,0.656590084643289,0.7978273989136995,0.9136390708755212,0.9447115384615384,0.9413875598086124,0.8674911660777385,0,0.7215496368038741
Thomas DeCoud,0.3473557692307692,0.7272727272727273,0.8138987043580683,0.9188861985472156,0.947463768115942,0.9334931096464948,0,0.8932617769827073
Thomas Everett,0.4747023809523809,0.6509433962264151,0.8592870544090057,0.8386491557223265,0.8724202626641651,0.8234200743494424,0,0.8178368121442126
Thomas Gafford,0.3271531100478468,0.5,0.5006053268765133,0.5102657004830918,0.4068304373876573,0.3404889683959451,0,0.3513353115727003
Thomas Howard,0.6457453228726614,0.9201905896366884,0.9723557692307692,0.9802631578947368,0.8898704358068316,0.8553268765133172,0,0.785024154589372
Thomas Jones,0.3102941176470588,0.2607238605898123,0.2641991065730695,0.2058096415327565,0.1115853658536585,0.1789600967351874,0,0.2389861194930597
Thomas Morstead,0.0873205741626794,0.1472320376914016,0.1186440677966101,0.2602657004830918,0.3019772318753744,0.3601669648181276,0,0.31513353115727
Thomas Randolph,0.1833648393194707,0.4539249146757679,0.4251290877796901,0.4673366834170854,0.3208469055374592,0.4243369734789392,1,
Thomas Smith,0.0964083175803402,0.2354948805460751,0.2874354561101549,0.2110552763819095,0.1270358306188925,0.1950078003120124,0,0.65
Thomas Strauthers,0.0405405405405405,0.1959334565619223,0.2095588235294117,0.28125,0.0679245283018867,0.1013133208255159,0,0.2664165103189493
Tiki Barber,0.175,0.1595174262734584,0.2712188895979578,0.349814585908529,0.3701219512195122,0.4026602176541717,0,0.4381412190706095
Tim Bowens,0.4234404536862003,0.6467576791808873,0.7796901893287436,0.7855946398659966,0.6530944625407166,0.5553822152886115,0,0.6852941176470588
Tim Bulman,0.3313180169286578,0.3403741701870851,0.3698630136986301,0.6472355769230769,0.6710526315789473,0.6666666666666666,0,0.5175544794188862
Tim Collier,0.2614107883817427,0.7755905511811023,0.9007352941176472,0.8954703832752613,0.7326732673267327,0.5858895705521472,0,0.3325688073394495
Tim Dobbins,0.5992757996378998,0.6777843954734961,0.8058894230769231,0.861244019138756,0.8545347467608951,0.7808716707021792,0,0.7856280193236715
Tim Foley,0.4525547445255474,0.6724137931034483,0.7839195979899497,0.6764705882352942,0.4708520179372197,0.2323651452282157,0,0.3188976377952756
Tim Fox,0.4813278008298755,0.6929133858267716,0.7941176470588235,0.6933797909407665,0.7524752475247525,0.8312883435582822,0,0.944954128440367
Tim Goad,0.1339622641509434,0.3452157598499062,0.4652908067542214,0.4015009380863039,0.5223048327137546,0.6015180265654649,0,0.780718336483932
Tim Green,0.3497023809523809,0.4264150943396226,0.6172607879924953,0.6716697936210131,0.7673545966228893,0.7230483271375465,1,
Tim Harris~,0.1764705882352941,0.4583333333333333,0.5679245283018868,0.7429643527204502,0.7673545966228893,0.6829268292682927,0,0.5557620817843866
Tim Hightower,0.3004807692307692,0.3761961722488038,0.4004711425206125,0.3577481840193705,0.3140096618357488,0.2474535650089874,0,0.0429338103756708
Tim Jamison,0.1429425837320574,0.4982332155477031,0.6628329297820823,0.6980676328502415,0.6818454164170161,0.618366129994037,1,
Tim Jennings,0.3452021726010863,0.5836807623585467,0.7854567307692307,0.8690191387559809,0.9151943462897526,0.8880145278450363,0,0.9692028985507246
Tim Johnson,0.1132075471698113,0.1932457786116322,0.3264540337711069,0.4071294559099437,0.3847583643122677,0.3889943074003795,0,0.2665406427221172
Tim Krumrie,0.2118811881188118,0.3918918918918919,0.5508317929759704,0.5735294117647058,0.6770833333333334,0.7660377358490567,0,0.8086303939962477
Tim Masthay,0.1012956419316843,0.137409200968523,0.2077294685990338,0.3541042540443379,0.3023255813953488,0.3792284866468843,1,
Tim McDonald,0.1849056603773584,0.6322701688555347,0.8480300187617261,0.8818011257035647,0.7286245353159851,0.5597722960151803,0,0.5614366729678639
Tim McKyer,0.3621323529411764,0.5505952380952381,0.6641509433962264,0.4671669793621013,0.6622889305816135,0.7110694183864915,0,0.6765799256505576
Tim Newton,0.4362292051756007,0.6875,0.7514880952380952,0.4358490566037736,0.1031894934333958,0.2157598499061913,0,0.3883677298311445
Tim Shaw,0.4437164979154258,0.4477163461538461,0.6244019138755981,0.7043580683156655,0.7015738498789347,0.7234299516908212,1,
Timmy Jernigan,0.6255217650566488,0.7347181008902077,0.8498533724340176,0.8522196261682243,0.7798816568047338,0.6607036374478235,0,0.5466200466200466
Toby Gerhart,0.1472320376914016,0.4679176755447942,0.4957729468599033,0.4961054523666866,0.3697078115682767,0.3548961424332344,1,
Todd Bell,0.745398773006135,0.7637614678899083,0.8396039603960396,0.7895752895752896,0.7319778188539742,0.6066176470588235,0,0.46875
Todd Bowles,0.2316176470588235,0.7529761904761905,0.8490566037735849,0.8930581613508443,0.851782363977486,0.799249530956848,0,0.7267657992565055
Todd Collins,0.1195445920303605,0.1266540642722117,0.1245733788395904,0.0963855421686747,0.135678391959799,0.1433224755700325,0,0.0920436817472698
Todd Davis,0.4961240310077519,0.5964391691394659,0.7818181818181819,0.8457943925233645,0.919526627218935,0.9141323792486584,0,0.8921911421911422
Todd Fordham,0.2969168900804289,0.2871729419272495,0.3362175525339926,0.1701219512195122,0.1082224909310761,0.0941460470730235,1,
Todd Franz,0.3419117647058823,0.2513404825737265,0.4862795149968092,0.584672435105068,0.6554878048780488,0.6451027811366384,1,
Todd Heap,0.1233243967828418,0.1991065730695596,0.5370828182941904,0.5323170731707317,0.5374848851269649,0.2371756185878093,1,
Todd Herremans,0.0918984280532043,0.1852745926372963,0.240023823704586,0.2518028846153846,0.2188995215311004,0.2114252061248527,0,0.1937046004842615
Todd Johnson,0.624390243902439,0.6680773881499396,0.716354858177429,0.6706372840976772,0.6850961538461539,0.6273923444976076,1,
Todd Lyght,0.123827392120075,0.5,0.5977229601518027,0.720226843100189,0.8020477815699659,0.8967297762478486,0,0.9413735343383584
Todd McClure,0.175,0.2794906166219839,0.3248245054243778,0.3250927070457354,0.2524390243902439,0.1958887545344619,0,0.2806276403138201
Todd Steussie,0.1890080428954423,0.2782386726228462,0.3090234857849196,0.2676829268292683,0.1469165659008464,0.2154496077248038,1,
Todd Wade,0.2588235294117647,0.2158176943699732,0.2252712188895979,0.145859085290482,0.0512195121951219,0.0918984280532043,0,0.048280024140012
Todd Weiner,0.5183823529411765,0.5167560321715817,0.5252074026802808,0.2354758961681087,0.2676829268292683,0.1874244256348246,0,0.2818346409173204
Todd Yoder,0.4058823529411764,0.4403485254691689,0.4945756222080408,0.5030902348578492,0.5152439024390244,0.4752116082224909,0,0.4622812311406156
Toi Cook,0.0886792452830188,0.5272045028142589,0.7542213883677298,0.8461538461538461,0.8921933085501859,0.8652751423149905,0,0.7977315689981096
Tom Brady,0.2446380697050938,0.2520740268028079,0.2583436341161928,0.1926829268292683,0.1644498186215235,0.1617380808690404,0,0.0327575938058368
Tom Carter,0.4592030360531309,0.6200378071833649,0.8737201365187713,0.846815834767642,0.8408710217755444,0.6628664495114006,0,0.5772230889235569
Tom Compton,0.1282051282051282,0.0694362017804154,0.1196480938416422,0.0420560747663551,0.2011834319526627,0.1926058437686344,0,0.1858974358974359
Tom Cousineau,0.5986238532110092,0.900990099009901,0.9826254826254828,0.9815157116451017,0.8805147058823529,0.7113095238095238,1,
Tom Dinkel,0.0661764705882353,0.0627177700348432,0.1056105610561056,0.0552147239263803,0.018348623853211,0.1564356435643564,1,
Tom Hannon,0.1838235294117647,0.6167247386759582,0.8976897689768977,0.9478527607361964,0.8027522935779816,0.7782178217821782,0,0.6833976833976834
Tom Hayes,0.437956204379562,0.7241379310344828,0.9597989949748744,0.9215686274509804,0.8878923766816144,0.7551867219917012,1,
Tom Howard,0.0944881889763779,0.1764705882352941,0.3240418118466899,0.3432343234323432,0.1625766871165644,0.6307339449541285,0,0.6
Tom Jackson,0.3186274509803921,0.4573991031390134,0.9128630705394192,0.9724409448818898,0.9926470588235294,0.9128919860627178,0,0.6567656765676567
Tom Johnson,0.5744552058111381,0.6727053140096618,0.7273816656680647,0.7906976744186046,0.8219584569732937,0.8504398826979472,0,0.8078271028037384
Tom Knight,0.2247557003257329,0.4602184087363494,0.7705882352941177,0.7915549597855228,0.6879387364390556,0.6650185414091471,1,
Tom Myers,0.3390804597701149,0.6180904522613065,0.7794117647058824,0.8609865470852018,0.8008298755186722,0.6456692913385826,0,0.8786764705882353
Tom Nalen,0.175,0.2794906166219839,0.3101467772814295,0.2861557478368356,0.3067073170731707,0.2932285368802902,0,0.3289076644538322
Tom Pridemore,0.0625,0.3344947735191638,0.5115511551155115,0.9601226993865032,0.9610091743119266,0.9742574257425742,0,0.8359073359073359
Tommie Harris,0.6365853658536585,0.7103990326481258,0.7893783946891973,0.8123883263847528,0.8365384615384616,0.8450956937799043,0,0.7785630153121319
Tommy Casanova,0.6666666666666666,0.8391959798994975,0.9019607843137256,0.6771300448430493,0.8755186721991701,0.8070866141732284,1,
Tommy Kelly,0.7347560975609756,0.8561064087061668,0.9161134580567292,0.8540798094103633,0.8251201923076923,0.7990430622009569,0,0.866902237926973
Tony Beckham,0.4135290363752393,0.5716934487021014,0.5701219512195121,0.5755743651753326,0.4646952323476161,0.4693269803454437,1,
Tony Bennett,0.1632270168855534,0.6566604127579737,0.9591078066914498,0.9468690702087288,0.9584120982986768,0.9436860068259386,0,0.965576592082616
Tony Brackens,0.6265060240963856,0.8860971524288107,0.9511400651465798,0.998439937597504,0.9977941176470588,1.0,0,0.9604339502233568
Tony Bryant,0.297971918876755,0.7970588235294118,0.8914209115281502,0.8978940650925336,0.7929542645241038,0.6804878048780488,0,0.6759371221281741
Tony Carter,0.3985294117647059,0.3753351206434316,0.4722399489470325,0.4524103831891223,0.4341463414634146,0.0326481257557436,0,0.0325890162945081
Tony Casillas,0.2389705882352941,0.5863095238095238,0.6679245283018868,0.7485928705440901,0.6416510318949343,0.6303939962476548,0,0.5241635687732342
Tony Elliott,0.1108910891089108,0.0945945945945946,0.1072088724584103,0.0863970588235294,0.2738095238095238,0.1641509433962264,1,
Tony Gilbert,0.1915945611866502,0.3451219512195121,0.5253929866989118,0.5890162945081473,0.589041095890411,0.5222355769230769,0,0.5173444976076556
Tony Gonzalez,0.3102941176470588,0.3331099195710456,0.3286534779834077,0.2583436341161928,0.1310975609756097,0.2031438935912938,0,0.2914906457453228
Tony Greene,0.5919540229885057,0.6582914572864321,0.9558823529411764,0.9596412556053812,0.995850622406639,1.0,0,0.9963235294117648
Tony Hargrove,0.5713414634146341,0.720677146311971,0.7616173808086905,0.764145324597975,0.6508413461538461,0.7159090909090909,0,0.7173144876325088
Tony McCoy,0.0631970260223048,0.0683111954459203,0.2646502835538752,0.3174061433447099,0.4130808950086058,0.3132328308207705,0,0.3892508143322475
Tony McDaniel,0.5165962582981292,0.5348421679571174,0.5991586538461539,0.6166267942583732,0.6914016489988222,0.700363196125908,0,0.6896135265700483
Tony Parrish,0.5895765472312704,0.7613104524180967,0.9676470588235294,0.9584450402144772,0.9859604339502234,0.991965389369592,0,0.9926829268292684
Tony Pashos,0.0918984280532043,0.048280024140012,0.0446694460988683,0.180889423076923,0.208133971291866,0.2243816254416961,0,0.0405569007263922
Tony Peters,0.0493273542600896,0.0705394190871369,0.3661417322834646,0.4816176470588235,0.4878048780487805,0.6666666666666666,0,0.8098159509202454
Tony Richardson,0.3102941176470588,0.1963806970509383,0.1550733886407147,0.1279357231149567,0.1115853658536585,0.1082224909310761,0,0.0325890162945081
Tony Romo,0.0941460470730235,0.0589636688505062,0.1844951923076923,0.2511961722488038,0.2756183745583039,0.1186440677966101,0,0.0440821256038647
Tony Scheffler,0.1436330718165359,0.3240023823704586,0.3413461538461538,0.5143540669856459,0.5106007067137809,0.5466101694915254,0,0.4957729468599033
Tony Simmons,0.0461309523809523,0.0358490566037735,0.0318949343339587,0.0375234521575985,0.0431519699812382,0.0594795539033457,0,0.064516129032258
Tony Siragusa,0.1013133208255159,0.4277673545966229,0.6617100371747212,0.7324478178368121,0.8034026465028355,0.7781569965870307,0,0.7521514629948365
Tony Stargell,0.1726078799249531,0.1519699812382739,0.4219330855018587,0.4724857685009487,0.5293005671077504,0.3617747440273037,0,0.3373493975903614
Tony Stewart,0.1915945611866502,0.5634146341463414,0.5834340991535671,0.648159324079662,0.6027397260273972,0.5949519230769231,0,0.5436602870813397
Tony Tolbert,0.174484052532833,0.3583489681050656,0.6679174484052532,0.7936802973977695,0.7988614800759013,0.8449905482041588,0,0.8378839590443686
Tony Williams,0.2198697068403908,0.4789391575663027,0.7948529411764705,0.8505361930294906,0.8417358008934269,0.84610630407911,0,0.7676829268292683
Tony Woods,0.130188679245283,0.1613508442776735,0.2195121951219512,0.223264540337711,0.223264540337711,0.2156133828996282,0,0.1555977229601518
Tony Wragge,0.0941460470730235,0.0589636688505062,0.134014423076923,0.104066985645933,0.1065959952885747,0.1658595641646489,1,
Too Tall Jones,0.0672645739910313,0.0788381742738589,0.0984251968503937,0.0183823529411764,0.0278745644599303,0.0462046204620462,0,0.0552147239263803
Torrey Smith,0.1658595641646489,0.2391304347826087,0.2917914919113241,0.2128801431127012,0.228486646884273,0.2293255131964809,0,0.2184579439252336
Torrie Cox,0.6628048780487805,0.7031438935912938,0.7410983705491853,0.6283502084574152,0.5745192307692307,0.4784688995215311,1,
Torry Holt,0.3639705882352941,0.3860589812332439,0.396936821952776,0.4029666254635352,0.3213414634146341,0.3307134220072551,0,0.3216656608328304
Tory James,0.3201376936316695,0.2981574539363484,0.3094462540716612,0.4664586583463339,0.7933823529411764,0.903485254691689,0,0.8844926611359285
Trace Armstrong,0.3170731707317073,0.5534709193245778,0.6772983114446529,0.6598513011152416,0.8083491461100569,0.8468809073724007,0,0.8532423208191127
Tracy Hayworth,0.1819887429643527,0.5215759849906192,0.4869888475836431,0.428842504743833,0.162570888468809,0.4334470989761092,1,
Tracy Porter,0.6256009615384616,0.8576555023923444,0.9057714958775028,0.9491525423728814,0.892512077294686,0.9304973037747154,0,0.8378056052474657
Tracy Scroggins,0.2546468401486988,0.5578747628083491,0.6635160680529301,0.8327645051194539,0.7228915662650602,0.8274706867671692,0,0.6791530944625407
Tracy Simien,0.3977485928705441,0.6728624535315985,0.5863377609108159,0.3667296786389414,0.3600682593856655,0.5008605851979346,0,0.507537688442211
Tracy Walker,0.5692307692307692,0.7590936195587359,0.8368298368298368,0.887291546866015,0.8078758949880668,0.7996231155778895,1,
Tracy White,0.3949320148331273,0.5963414634146341,0.6003627569528416,0.5980687990343995,0.6349017272185825,0.6514423076923077,0,0.7183014354066986
Trae Waynes,0.4943620178041543,0.7237536656891496,0.8358644859813084,0.863905325443787,0.8783542039355993,0.8047785547785548,0,0.7268545140885566
Trai Turner,0.1329376854599406,0.1888563049853372,0.2184579439252336,0.1520710059171597,0.1192605843768634,0.0256410256410256,0,0.0862564692351926
Tramaine Brock,0.3209658421672556,0.5992736077481841,0.6666666666666666,0.8484122228879568,0.8163387000596303,0.8741839762611276,0,0.8392961876832845
Tramon Williams,0.5807027992852889,0.8347355769230769,0.9324162679425836,0.9840989399293286,0.9854721549636803,0.9734299516908212,0,0.9658478130617136
Travares Tillman,0.4919117647058823,0.6729222520107239,0.6732610082961072,0.6526576019777504,0.4018292682926829,0.7230955259975816,0,0.7851538925769463
Travaris Cadet,0.2669082125603865,0.4415817855002996,0.4400715563506261,0.4356083086053412,0.4475073313782991,0.4410046728971962,1,
Travelle Wharton,0.0975609756097561,0.1590084643288996,0.1508750754375377,0.1274568195354377,0.1033653846153846,0.1668660287081339,0,0.1996466431095406
Travis Benjamin,0.1630434782608695,0.2576393049730378,0.5784138342277877,0.5810089020771514,0.5917888563049853,0.3814252336448598,0,0.3402366863905325
Travis Daniels,0.6487303506650545,0.7694628847314424,0.820726622989875,0.7506009615384616,0.6566985645933014,0.5901060070671378,0,0.6876513317191283
Travis Fisher,0.6668793873643906,0.8850432632880099,0.9359756097560976,0.8954050785973398,0.7066988533494267,0.741512805241215,0,0.7415865384615384
Travis Hall,0.4113597246127367,0.6867671691792295,0.8631921824104235,0.8424336973478939,0.8919117647058824,0.8585790884718498,0,0.8002552648372687
Travis Henry,0.2156987874920229,0.2224969097651421,0.2524390243902439,0.1045949214026602,0.2154496077248038,0.2525312686122692,1,
Travis Johnson,0.5278113663845224,0.5546167773083887,0.6682549136390709,0.6989182692307693,0.7081339712918661,0.6578327444051826,1,
Travis Kirschke,0.188767550702028,0.6279411764705882,0.6581769436997319,0.6132737715379707,0.6501854140914709,0.651829268292683,0,0.6922611850060459
Travis LaBoy,0.6079268292682927,0.7363966142684402,0.8068799034399518,0.8302561048243002,0.7992788461538461,0.743421052631579,0,0.7420494699646644
Travis Minor,0.4336461126005362,0.4671346522016592,0.5889987639060569,0.575,0.5725513905683193,0.5654797827398914,0,0.5848719475878499
Travis Taylor,0.175,0.3150134048257372,0.3120612635609445,0.3739184177997527,0.2554878048780488,0.2702539298669891,0,0.1188895594447797
Tre Boston,0.727489564698867,0.7442136498516321,0.8586510263929619,0.9047897196261684,0.9621301775147928,0.9534883720930232,0,0.9504662004662005
Tre Herndon,0.4568047337278106,0.6976744186046512,0.7867132867132867,0.7786083956296722,0.7356801909307876,0.7185929648241206,1,
Trent Cole,0.6813784764207981,0.8780929390464696,0.9815366289458012,0.9927884615384616,0.992822966507177,0.9811542991755006,0,0.9800242130750604
Trent Dilfer,0.175,0.0509383378016085,0.0197830248883216,0.0797280593325092,0.0512195121951219,0.1789600967351874,0,0.1092335546167773
Trent Green,0.1233243967828418,0.0887045309508615,0.145859085290482,0.1310975609756097,0.1958887545344619,0.2607121303560651,1,
Trent Murphy,0.7096004770423375,0.8243323442136499,0.955425219941349,0.9088785046728972,0.9,0.8700059630292188,0,0.8980186480186481
Trent Williams,0.1012956419316843,0.2052058111380145,0.2228260869565217,0.4062312762133013,0.3619558735837805,0.3940652818991098,0,0.2439882697947214
Tress Way,0.1806797853309481,0.2362017804154302,0.2346041055718475,0.1226635514018691,0.1159763313609467,0.2164579606440071,0,0.2733100233100233
Trevor Pryce,0.1490787269681742,0.5,0.8065522620904836,0.9727941176470588,0.9758713136729222,0.9661774090619016,0,0.938195302843016
Trevor Scott,0.6766826923076923,0.8002392344497608,0.8309776207302709,0.738498789346247,0.678743961352657,0.6411024565608149,0,0.6171735241502684
Trey Burton,0.2903995229576624,0.4427299703264095,0.6205278592375366,0.6384345794392523,0.6319526627218935,0.4985092426952892,0,0.324009324009324
Trey Flowers,0.7395894428152493,0.8808411214953271,0.9650887573964496,0.9689922480620154,0.9615384615384616,0.9091431857389304,0,0.7804295942720764
Troy Brown,0.175,0.2794906166219839,0.3101467772814295,0.2861557478368356,0.6323170731707317,0.6360338573155986,0,0.6324683162341581
Troy Evans,0.5015954052329291,0.5562422744128553,0.5682926829268292,0.6070133010882709,0.6047073023536512,0.6217986896962477,0,0.5564903846153846
Troy Polamalu,0.638442521631644,0.8768292682926829,0.969770253929867,0.984308992154496,0.9600952948183442,0.955528846153846,0,0.9258373205741628
Troy Vincent,0.3475836431226766,0.5502846299810247,0.8109640831758034,0.9027303754266212,0.963855421686747,0.931323283082077,0,0.8680781758957655
Troy Walters,0.0727504786215698,0.1279357231149567,0.1115853658536585,0.0411124546553808,0.1436330718165359,0.1995235259082787,1,
Troy Wilson,0.09375,0.0528301886792452,0.0581613508442776,0.0375234521575985,0.0431519699812382,0.0594795539033457,0,0.1840607210626186
Trumaine Johnson,0.6183574879227053,0.811264230077891,0.9087656529516994,0.9810089020771512,0.9689149560117302,0.973714953271028,0,0.9526627218934912
Trumaine McBride,0.5485407980941036,0.6195913461538461,0.617822966507177,0.571849234393404,0.4491525423728814,0.4776570048309179,0,0.6578789694427801
Tully Banta-Cain,0.496291718170581,0.6402439024390244,0.6644498186215235,0.7477368738684369,0.7647409172126266,0.7668269230769231,0,0.8498803827751196
Turk McBride,0.4889815366289458,0.6183894230769231,0.6776315789473685,0.7697290930506479,0.7342615012106537,0.7004830917874396,1,
Ty Law,0.409556313993174,0.6333907056798623,0.8241206030150754,0.9299674267100976,0.9438377535101404,0.9602941176470589,0,0.9309651474530832
Ty Montgomery,0.1008797653958944,0.0566588785046729,0.244378698224852,0.5271317829457365,0.5221445221445221,0.5457159286946521,0,0.383054892601432
Ty Warren,0.5760197775030902,0.7548780487804878,0.8307134220072552,0.9173204586602294,0.927933293627159,0.9188701923076924,0,0.8462918660287081
Tye Smith,0.1916913946587537,0.1947214076246334,0.5899532710280374,0.5988165680473373,0.7060226595110316,0.6608391608391608,0,0.6728004600345026
Tyeler Davison,0.5335311572700296,0.6211143695014663,0.7429906542056075,0.7810650887573964,0.8115682766845558,0.7896270396270396,0,0.738355376653249
Tyler Brayton,0.6341161928306551,0.7518292682926829,0.7835550181378477,0.7754978877489439,0.7057772483621203,0.7710336538461539,0,0.8618421052631579
Tyler Eifert,0.316956261234272,0.3059033989266547,0.3774480712166172,0.2961876832844575,0.2692757009345794,0.0449704142011834,0,0.2319618366129994
Tyler Higbee,0.1612903225806451,0.2663551401869158,0.2692307692307692,0.2903995229576624,0.2301864801864802,0.2202415181138585,0,0.2028639618138424
Tyler Kroft,0.4367952522255193,0.4856304985337243,0.5052570093457944,0.4491124260355029,0.3225998807394156,0.1695804195804195,0,0.2604945370902817
Tyler Lancaster,0.51301775147929,0.6839594514013119,0.717948717948718,0.7222541690626797,0.5787589498806682,0.4943467336683417,1,
Tyler Larsen,0.1008797653958944,0.1536214953271028,0.1520710059171597,0.1192605843768634,0.0256410256410256,0.02242668200115,0,0.0178997613365155
Tyler Lockett,0.2635014836795252,0.2604105571847507,0.2914719626168224,0.2609467455621301,0.2528324388789505,0.243006993006993,0,0.1765382403680276
Tyler Ott,0.2476635514018691,0.3355029585798816,0.3267740011926058,0.1858974358974359,0.02242668200115,0.0178997613365155,0,0.2543969849246231
Tyler Polumbus,0.0873205741626794,0.1472320376914016,0.1186440677966101,0.1280193236714976,0.2043139604553625,0.2641621943947525,1,
Tyler Shatley,0.1226635514018691,0.129585798816568,0.1192605843768634,0.1829836829836829,0.1782633697527314,0.211217183770883,1,
Tyoka Jackson,0.2160804020100502,0.4348534201954397,0.485179407176287,0.6919117647058823,0.7084450402144772,0.7498404594767071,0,0.8627935723114957
Tyron Smith,0.1658595641646489,0.2814009661835748,0.3223487118034751,0.1890280262373285,0.0528189910979228,0.2105571847507331,0,0.2026869158878504
Tyrone Braxton,0.2188679245283019,0.7786116322701688,0.8536585365853658,0.9418386491557224,0.8382899628252788,0.918406072106262,0,0.7466918714555766
Tyrone Carter,0.5919117647058824,0.7231903485254692,0.790044671346522,0.8281829419035847,0.7713414634146342,0.8016928657799275,0,0.771876885938443
Tyrone Crawford,0.4897342995169082,0.4925104853205512,0.6821705426356589,0.7548961424332344,0.852199413489736,0.8738317757009346,0,0.8804733727810651
Tyrone Culver,0.407966203983102,0.4085765336509827,0.6099759615384616,0.6848086124401914,0.7149587750294464,0.7717917675544794,1,
Tyrone Keys,0.0277227722772277,0.1254826254826254,0.177449168207024,0.15625,0.1651785714285714,0.1886792452830188,1,
Tyrone Poole,0.4948805460750853,0.6368330464716007,0.7805695142378559,0.6661237785016286,0.6661466458658346,0.8345588235294118,0,0.7861930294906166
Tyrone Williams,0.3668341708542713,0.6547231270358306,0.7644305772230889,0.7269890795631825,0.7941176470588235,0.7095588235294118,0,0.6528150134048257
Tyronne Drakeford,0.1323251417769376,0.5716723549488054,0.7280550774526678,0.8140703517587939,0.8061889250814332,0.6630265210608425,0,0.7558823529411764
Tyson Alualu,0.6301531213191991,0.7560532687651331,0.8272946859903382,0.8226482923906531,0.7751937984496124,0.741246290801187,0,0.7888563049853372
Tyson Jackson,0.5568181818181818,0.6395759717314488,0.7112590799031477,0.7530193236714976,0.7872977831036548,0.7423971377459749,0,0.6955489614243323
Tyvon Branch,0.5973557692307693,0.7924641148325359,0.9375736160188456,0.9576271186440678,0.9414251207729468,0.8346315158777711,0,0.7459749552772809
Uche Nwaneri,0.0757211538461538,0.1955741626794258,0.2703180212014134,0.2354721549636803,0.1340579710144927,0.2354703415218693,1,
Usama Young,0.478856462179869,0.6748798076923077,0.7320574162679426,0.7555948174322733,0.7663438256658596,0.8508454106280193,0,0.8873576992210904
Vance McDonald,0.10964649490713,0.1621943947525342,0.3679525222551928,0.395307917888563,0.3913551401869158,0.329585798816568,0,0.2850327966607036
Vance Walker,0.4521531100478468,0.5312131919905771,0.6670702179176755,0.7578502415458938,0.8064709406830437,0.7710196779964222,0,0.7335311572700297
Vann McElroy,0.0642201834862385,0.4693069306930693,0.5366795366795367,0.5785582255083179,0.6378676470588235,0.7678571428571429,0,0.7283018867924528
Vaughan Johnson,0.213235294117647,0.625,0.7566037735849057,0.7617260787992496,0.6285178236397748,0.5046904315196998,0,0.654275092936803
Vaughn Booker,0.2747440273037542,0.4457831325301205,0.5527638190954773,0.5781758957654723,0.5912636505460218,0.7507352941176471,0,0.7660857908847185
Vencie Glenn,0.3088235294117647,0.9285714285714286,0.9622641509433962,0.9793621013133208,0.8330206378986866,0.8142589118198874,0,0.7527881040892194
Vernon Butler,0.5888563049853373,0.6057242990654206,0.6822485207100591,0.8097793679189028,0.8455710955710956,0.8073605520414031,0,0.5954653937947494
Vernon Carey,0.5513905683192262,0.5497887748943875,0.5652173913043478,0.2578125,0.1770334928229665,0.0400471142520612,0,0.1035108958837772
Vernon Davis,0.0941460470730235,0.2048838594401429,0.3299278846153846,0.3337320574162679,0.2803297997644287,0.0405569007263922,0,0.1068840579710145
Vernon Dean,0.5091743119266054,0.7702970297029703,0.945945945945946,0.9279112754158964,0.8033088235294118,0.5148809523809523,0,0.4320754716981132
Vernon Fox,0.5947670708359923,0.6254635352286774,0.6310975609756098,0.5435308343409916,0.7139408569704285,0.7278141751042287,0,0.7674278846153846
Vernon Hargreaves III,0.6545454545454545,0.6933411214953271,0.6994082840236686,0.7346451997614788,0.7972027972027972,0.8257619321449109,1,
Verron Haynes,0.4052329291640076,0.4443757725587144,0.4798780487804878,0.4492140266021765,0.4677127338563669,0.4115544967242406,1,
Vestee Jackson,0.2003676470588235,0.5297619047619048,0.7886792452830189,0.8255159474671669,0.8780487804878049,0.5909943714821764,0,0.6821561338289963
Vic Beasley,0.7234421364985163,0.967741935483871,0.9824766355140186,0.9822485207100592,0.9177101967799642,0.8828671328671329,1,
Victor Butler,0.5950956937799043,0.6548881036513545,0.711864406779661,0.7276570048309179,0.6896345116836429,0.5945140131186643,1,
Victor Cruz,0.1658595641646489,0.2814009661835748,0.4032354703415218,0.334525939177102,0.2652818991097923,0.1612903225806451,1,
Victor Green,0.2079395085066162,0.6075085324232082,0.8898450946643718,0.9715242881072028,0.988599348534202,0.9875195007800311,0,0.9992647058823528
Victor Hobson,0.7095179233621756,0.774390243902439,0.8482466747279322,0.9010259505129752,0.9297200714711138,0.8762019230769231,1,
Vince Albritton,0.0598455598455598,0.055452865064695,0.0698529411764705,0.0163690476190476,0.1622641509433962,0.3583489681050656,1,
Vince Newsome,0.2471042471042471,0.4787430683918669,0.7941176470588235,0.7470238095238095,0.6320754716981132,0.6735459662288931,0,0.8649155722326454
Vince Wilfork,0.6396341463414634,0.7218863361547763,0.7875678937839469,0.7897558070279929,0.8016826923076923,0.8104066985645934,0,0.8127208480565371
Vince Williams,0.5865787896944278,0.6636851520572451,0.7477744807121661,0.7765395894428152,0.8878504672897196,0.9319526627218936,0,0.9355992844364938
Vincent Brown1,0.0412757973733583,0.1669793621013133,0.2270168855534709,0.4014869888475836,0.4421252371916508,0.5085066162570888,0,0.5699658703071673
Vincent Jackson,0.1390568319226118,0.2751961375980688,0.2578916021441334,0.2169471153846154,0.1537081339712918,0.163133097762073,0,0.2941888619854721
Vincent Manuwai,0.0797280593325092,0.0512195121951219,0.1185006045949214,0.048280024140012,0.2209648600357355,0.1676682692307692,0,0.2446172248803828
Vincent Rey,0.2856301531213192,0.3983050847457627,0.5483091787439613,0.8316357100059916,0.9010137149672034,0.9388724035608308,0,0.9055718475073312
Vinnie Clark,0.3545966228893058,0.6226765799256505,0.7836812144212524,0.8960302457466919,0.8617747440273038,0.7779690189328744,1,
Vinny Ciurciu,0.3411619283065513,0.5554878048780488,0.5882708585247884,0.6107423053711527,0.5699821322215605,0.5558894230769231,0,0.4868421052631579
Vinny Curry,0.4166666666666667,0.6458957459556621,0.8622540250447227,0.88486646884273,0.884457478005865,0.8019859813084113,0,0.7923076923076923
Vinny Testaverde,0.175,0.1595174262734584,0.1033822590938098,0.0871446229913473,0.0274390243902439,0.0918984280532043,1,
Vinson Smith,0.2397769516728624,0.2352941176470588,0.3856332703213611,0.5511945392491467,0.6230636833046471,0.6164154103852596,1,
Virgil Green,0.299636803874092,0.4009661835748792,0.4475733972438586,0.4347048300536673,0.4397626112759644,0.4428152492668621,0,0.3878504672897196
Visanthe Shiancoe,0.0975609756097561,0.1045949214026602,0.2154496077248038,0.1995235259082787,0.3287259615384615,0.3020334928229665,0,0.3103651354534746
Vonnie Holliday,0.4592833876221498,0.6739469578783152,0.9029411764705882,0.92828418230563,0.9342693044033183,0.9493201483312732,0,0.8475609756097561
Vonta Leach,0.2591463414634146,0.4177750906892382,0.4411587205793603,0.4508636092912448,0.4284855769230769,0.4216507177033493,0,0.444640753828033
Vontae Davis,0.7380382775119617,0.8215547703180212,0.9061743341404358,0.8840579710144928,0.8747753145596165,0.9123434704830052,0,0.9050445103857568
Vontaze Burfict,0.7143719806763285,0.8765727980826843,0.8980322003577818,0.8890207715133531,0.893841642228739,0.9188084112149532,0,0.8698224852071006
Wali Rainer,0.4430577223088923,0.8661764705882353,0.9517426273458444,0.9380982769623484,0.8522867737948084,0.7067073170731707,0,0.6408706166868199
Wallace Gilberry,0.125,0.6381578947368421,0.8256772673733804,0.87409200968523,0.9202898550724636,0.9011384062312762,0,0.9105545617173524
Wally Hilgenberg,0.4747474747474747,0.5328467153284672,0.6839080459770115,0.5979899497487438,0.5,0.3139013452914798,1,
Walt Aikens,0.6219439475253429,0.658753709198813,0.6856304985337244,0.570677570093458,0.593491124260355,0.5992844364937389,1,
Walt Bowyer,0.1188118811881188,0.3262548262548262,0.3456561922365989,0.2481617647058823,0.1666666666666666,0.430188679245283,1,
Walt Harris,0.4836488812392427,0.8442211055276382,0.9527687296416938,0.8892355694227769,0.9088235294117648,0.8840482573726541,0,0.9061901723037652
Walter Thurmond,0.5229681978798587,0.6023002421307506,0.6201690821256038,0.768723786698622,0.731067382230173,0.9198813056379822,1,
Warren Sapp,0.4044368600682594,0.6351118760757315,0.8777219430485762,0.9055374592833876,0.9609984399375976,0.9904411764705884,0,0.9819034852546916
Warrick Dunn,0.175,0.2794906166219839,0.3101467772814295,0.311495673671199,0.3451219512195121,0.3228536880290205,0,0.3301146650573325
Warrick Holdman,0.4024960998439937,0.7536764705882353,0.8994638069705094,0.8532227185705169,0.8603213844252163,0.7798780487804878,0,0.7726723095525998
Wayne Gandy,0.1233243967828418,0.0887045309508615,0.145859085290482,0.0512195121951219,0.1185006045949214,0.1188895594447797,1,
Wayne Martin,0.148217636022514,0.3189493433395872,0.4390243902439024,0.8159851301115242,0.855787476280835,0.9319470699432892,0,0.9232081911262798
Wayne Simmons,0.2979127134724857,0.2986767485822306,0.6348122866894198,0.6695352839931153,0.7688442211055276,0.6563517915309446,1,
Wayne Smith,0.2739273927392739,0.1809815950920245,0.5160550458715596,0.5504950495049505,0.6737451737451737,0.5083179297597042,0,0.5275735294117647
Wes Hopkins,0.396039603960396,0.7799227799227799,0.9722735674676524,0.9301470588235294,0.7217261904761905,0.6490566037735849,0,0.8311444652908068
Wes Horton,0.5356500898741762,0.6887298747763864,0.7026706231454006,0.8117302052785924,0.8703271028037384,0.8721893491124261,0,0.7871198568872988
Wes Welker,0.3524390243902439,0.3681983071342201,0.3989136994568497,0.2977963073257891,0.3780048076923077,0.4820574162679426,0,0.4758539458186101
Wesley Woodyard,0.5727163461538461,0.6973684210526315,0.7526501766784452,0.8292978208232445,0.932367149758454,0.9688436189334932,0,0.9803220035778176
Whitney Mercilus,0.7059178743961353,0.8142600359496704,0.9111508646392368,0.944213649851632,0.9765395894428152,0.9485981308411215,0,0.916568047337278
Whitney Paul,0.1299212598425196,0.4338235294117647,0.5400696864111498,0.5643564356435643,0.6595092024539877,0.8004587155963303,0,0.8316831683168316
Wilber Marshall,0.5304990757855823,0.9669117647058824,0.9940476190476192,0.9924528301886792,0.926829268292683,0.902439024390244,0,0.9549718574108818
Wilbur Young,0.072992700729927,0.0172413793103448,0.0150753768844221,0.4607843137254901,0.515695067264574,0.5228215767634855,0,0.0275590551181102
Will Allen,0.6809651474530831,0.7402680280791321,0.8053152039555006,0.7621951219512195,0.7609756097560976,0.8228536880290206,0,0.8881499395405078
Will Blackmon,0.0941460470730235,0.5812983918999405,0.7043269230769231,0.7057416267942583,0.6501766784452296,0.412227602905569,0,0.4263285024154589
Will Compton,0.10964649490713,0.5998807394156231,0.7887240356083086,0.9190615835777126,0.9141355140186916,0.8467455621301775,0,0.6994633273703041
Will Demps,0.6509253350350989,0.792336217552534,0.9213414634146342,0.9044740024183796,0.9348219674109836,0.8975580702799285,0,0.8786057692307693
Will Heller,0.3331321665660833,0.3281715306730196,0.3641826923076923,0.1590909090909091,0.2208480565371024,0.059322033898305,0,0.2602657004830918
Will Herring,0.4395473496128648,0.4921875,0.6650717703349283,0.7620730270906949,0.7639225181598063,0.730072463768116,0,0.6764529658478131
Will Shields,0.3102941176470588,0.3780160857908847,0.3809827696234844,0.3726823238566131,0.1701219512195122,0.2291414752116082,1,
Will Smith,0.8280487804878048,0.9334945586457074,0.9855159927579964,0.97736748064324,0.9621394230769232,0.972488038277512,0,0.9599528857479388
Will Svitek,0.1042287075640262,0.1033653846153846,0.1160287081339712,0.0400471142520612,0.0405569007263922,0.0440821256038647,0,0.0437387657279808
Will Tukuafu,0.4630750605326876,0.5078502415458938,0.5200718993409227,0.4144305307096004,0.2415430267062314,0.3436950146627566,1,
Will Witherspoon,0.6694320357370772,0.7892459826946848,0.9432926829268292,0.9594921402660218,0.968014484007242,0.9642644431209052,0,0.9471153846153846
William Bartee,0.5397058823529411,0.618632707774799,0.7179323548181238,0.7187886279357231,0.7420731707317073,0.6590084643288996,1,
William Beatty,0.2272727272727272,0.2273262661955241,0.2378934624697336,0.2916666666666667,0.4230077890952666,0.4203935599284436,1,
William Frizzell,0.0536044362292051,0.0661764705882353,0.4404761904761904,0.4660377358490566,0.7523452157598499,0.8592870544090057,1,
William Fuller,0.0551470588235294,0.3139880952380952,0.5452830188679245,0.7223264540337712,0.8198874296435272,0.8592870544090057,0,0.8996282527881041
William Gay1,0.3371559633027522,0.5405940594059406,0.5637065637065637,0.5378927911275416,0.4595588235294117,0.4821428571428571,0,0.2132075471698113
William Gay2,0.5485407980941036,0.6694711538461539,0.7631578947368421,0.817432273262662,0.8468523002421308,0.8894927536231884,0,0.9310964649490712
William Hayes,0.6069711538461539,0.7876794258373205,0.8433451118963486,0.8274818401937046,0.7862318840579711,0.8340323547034152,0,0.8908765652951699
William Henderson,0.5419117647058823,0.561662198391421,0.5781748564135291,0.5105067985166872,0.5231707317073171,0.5399032648125756,0,0.5087507543753772
William Jackson,0.7348130841121495,0.772189349112426,0.8246869409660107,0.7925407925407926,0.8079355951696378,0.7523866348448688,1,
William James,0.5985254691689008,0.6809189534141672,0.7119901112484549,0.7780487804878049,0.7255139056831923,0.7060953530476766,0,0.6015485407980941
William Joseph,0.5815822002472187,0.6469512195121951,0.7140266021765417,0.7302353651176826,0.6891006551518761,0.6286057692307693,0,0.4671052631578947
William Judson,0.5564356435643565,0.8378378378378378,0.9685767097966728,0.9540441176470588,0.9270833333333334,0.8433962264150944,0,0.8386491557223265
William Moore,0.2739234449760765,0.8156654888103652,0.9116222760290555,0.9806763285024156,0.988016776512882,0.9749552772808586,0,0.9519287833827892
William Parks,0.5683284457478006,0.6910046728971962,0.7763313609467456,0.7954680977936792,0.7750582750582751,0.6975273145485912,0,0.6002386634844868
William Perry,0.310536044362292,0.5257352941176471,0.7068452380952381,0.4452830188679245,0.474671669793621,0.49906191369606,0,0.7392120075046904
William Thomas,0.1594746716697936,0.4721189591078067,0.8197343453510436,0.9168241965973536,0.9880546075085324,0.9793459552495696,0,0.9798994974874372
William White,0.3977485928705441,0.7711069418386491,0.8855534709193246,0.912639405204461,0.8235294117647058,0.7655954631379962,0,0.7013651877133106
William Whitehead,0.2745709828393136,0.7147058823529412,0.7734584450402144,0.7651563497128271,0.7626699629171817,0.750609756097561,0,0.7182587666263603
Willie Alexander,0.6131386861313869,0.6436781609195402,0.7788944723618091,0.6862745098039216,0.7847533632286996,0.6680497925311203,0,0.8661417322834646
Willie Anderson,0.175,0.0509383378016085,0.1001914486279515,0.0797280593325092,0.2524390243902439,0.3029020556227327,0,0.3391671695835848
Willie Broughton,0.0314232902033271,0.1360294117647058,0.2559523809523809,0.0924528301886792,0.198874296435272,0.2626641651031895,0,0.275797373358349
Willie Brown,0.4242424242424242,0.4744525547445255,0.7126436781609196,0.7437185929648241,0.7401960784313726,0.695067264573991,0,0.7302904564315352
Willie Buchanon,0.5287356321839081,0.5376884422110553,0.7352941176470589,0.4394618834080717,0.6348547717842323,0.6299212598425197,0,0.9669117647058824
Willie Clay,0.3946869070208729,0.7674858223062382,0.953924914675768,0.974182444061962,0.9916247906197656,0.9609120521172638,0,0.9235569422776913
Willie Colon,0.1042287075640262,0.1033653846153846,0.1160287081339712,0.0400471142520612,0.0405569007263922,0.0440821256038647,0,0.10964649490713
Willie Harper,0.1299212598425196,0.1213235294117647,0.1219512195121951,0.0462046204620462,0.0552147239263803,0.1811926605504587,0,0.5702970297029702
Willie Lanier,0.2828282828282828,0.5109489051094891,0.5862068965517241,0.7939698492462312,0.8137254901960784,0.9192825112107624,0,0.9004149377593361
Willie McGinest,0.1682419659735349,0.4778156996587031,0.7091222030981067,0.6666666666666666,0.5586319218241043,0.4539781591263651,0,0.8117647058823529
Willie Tullis,0.4712871287128712,0.640926640926641,0.7134935304990758,0.4742647058823529,0.6726190476190477,0.7905660377358491,1,
Willie Williams,0.5426621160409556,0.5559380378657487,0.5812395309882747,0.3778501628664495,0.5741029641185648,0.8970588235294118,0,0.9269436997319036
Willie Young,0.5611380145278451,0.5978260869565217,0.7489514679448772,0.8473464519976148,0.9204747774480712,0.9466275659824048,0,0.8872663551401869
Willis McGahee,0.1856106408706166,0.2371756185878093,0.2703990470518165,0.1550480769230769,0.1160287081339712,0.0400471142520612,0,0.1035108958837772
Winfred Tubbs,0.2608695652173913,0.5409556313993175,0.7624784853700516,0.9229480737018424,0.9462540716612378,0.9188767550702028,0,0.9095588235294118
Winston Moss,0.3839285714285714,0.2528301886792453,0.4878048780487805,0.5459662288930581,0.7410881801125704,0.7546468401486989,0,0.5256166982922201
Woodrow Hamilton,0.3448680351906158,0.3177570093457944,0.3278106508875739,0.0363744782349433,0.465034965034965,0.4663599769982748,1,
Woodrow Lowe,0.1576763485477178,0.3346456692913386,0.4889705882352941,0.8989547038327527,0.9636963696369636,0.9693251533742332,0,0.8922018348623854
Wyatt Teller,0.1159763313609467,0.2164579606440071,0.2138694638694638,0.1581368602645198,0.0739856801909307,0.2562814070351759,1,
Wymon Henderson,0.4955357142857143,0.6264150943396226,0.799249530956848,0.8123827392120075,0.8030018761726079,0.8810408921933085,0,0.7571157495256167
Xavien Howard,0.6275659824046921,0.8469626168224299,0.9562130177514792,0.937984496124031,0.9831002331002332,0.9936745255894192,0,0.9982100238663484
Xavier Rhodes,0.6309167165967645,0.7042337507453786,0.7596439169139466,0.9278592375366568,0.947429906542056,0.946153846153846,0,0.8240906380441264
Xavier Williams,0.2124629080118694,0.4158357771260997,0.6010514018691588,0.7532544378698225,0.7799642218246869,0.7733100233100233,0,0.6486486486486487
Yeremiah Bell,0.4115853658536585,0.7291414752116082,0.867833433916717,0.8689696247766527,0.8876201923076923,0.8983253588516746,0,0.967020023557126
Zac Diles,0.4329958308516974,0.6995192307692307,0.8133971291866029,0.8580683156654888,0.7687651331719129,0.6509661835748792,0,0.4781306171360096
Zach Brown,0.8888888888888888,0.957459556620731,0.9612403100775194,0.8729970326409495,0.9219941348973608,0.9690420560747663,0,0.9692307692307692
Zach Kerr,0.627906976744186,0.6664688427299703,0.758357771260997,0.7021028037383178,0.7284023668639054,0.6618962432915921,0,0.7389277389277389
Zach Miller,0.3269803454437165,0.3743990384615384,0.4043062200956938,0.3433014354066985,0.3657243816254417,0.3934040047114252,0,0.3716707021791767
Zach Strief,0.0941460470730235,0.0589636688505062,0.0865384615384615,0.0873205741626794,0.1012956419316843,0.059322033898305,0,0.0440821256038647
Zach Thomas,0.6987951807228916,0.8961474036850922,0.998371335504886,0.9859594383775352,0.9838235294117648,0.977882037533512,0,0.9776643267389916
Zach Wiegert,0.175,0.1595174262734584,0.177409061901723,0.145859085290482,0.0512195121951219,0.0326481257557436,0,0.0941460470730235
Zack Bowman,0.6237980769230769,0.8391148325358851,0.8804475853945819,0.8480629539951574,0.7361111111111112,0.8280407429598562,0,0.8682170542635659
Zack Bronson,0.3015075376884422,0.5325732899022801,0.5304212168486739,0.8264705882352941,0.9242627345844504,0.9668155711550734,0,0.9258343634116192
Zack Crockett,0.4698529411764706,0.4745308310991957,0.5022335673261008,0.4567367119901112,0.4195121951219512,0.3542926239419589,0,0.2486421243210621
Zak DeOssie,0.3269803454437165,0.4483173076923077,0.4814593301435406,0.4740871613663133,0.4703389830508475,0.4921497584541063,0,0.5206710605152786
Zeke Moore,0.9595959595959596,0.9051094890510948,0.8045977011494253,0.3869346733668342,0.4313725490196078,0.8251121076233184,0,0.908713692946058
Zeron Flemister,0.2588235294117647,0.4054959785522788,0.4626675175494575,0.5222496909765142,0.4957317073170731,0.4733978234582829,1,
