Player,Year1,Year2,Year3,Year4,Year5,Year6,Year7,Year8,Year9,Year10,Retire,NextPercentile
A.J. Green,0.1658595641646489,0.2814009661835748,0.3798681845416417,0.3381037567084078,0.3370919881305638,0.2545454545454545,0.2978971962616822,0.2011834319526627,0.1926058437686344,0.0256410256410256,0,0.0862564692351926
A.J. Hawk,0.7797223898611949,0.8737343656938654,0.9314903846153846,0.903708133971292,0.928150765606596,0.9194915254237288,0.9082125603864736,0.908328340323547,0.9159212880143112,0.856973293768546,1,
A.J. Klein,0.5781905332534452,0.6368515205724508,0.743620178041543,0.7624633431085044,0.8008177570093458,0.8165680473372781,0.8843172331544424,0.9085081585081584,0.8815411155836688,0.7750596658711217,1,
Aaron Brewer,0.2192028985507246,0.3019772318753744,0.3780560524746571,0.3103857566765579,0.3126099706744868,0.3119158878504673,0.3520710059171598,0.3637447823494335,0.256993006993007,0.2903967797584819,0,0.198090692124105
Aaron Donald,0.7865235539654144,0.9008902077151336,0.9730205278592376,0.9871495327102804,0.9994082840236688,0.9994036970781156,0.9988344988344988,0.9988499137435308,0.997016706443914,0.9798994974874372,1,
Aaron Glenn,0.3225255972696246,0.7349397590361446,0.7906197654941374,0.8355048859934854,0.6786271450858035,0.8779411764705882,0.9142091152815014,0.9719208679004468,0.9592088998763906,0.951219512195122,0,0.8585247883917775
Aaron Smith,0.6227941176470588,0.782171581769437,0.8793873643905552,0.8813349814585909,0.9384146341463414,0.9153567110036276,0.9378394689197344,0.8648004764740918,0.8768028846153846,0.8157894736842105,0,0.7691401648998822
Aaron Stecker,0.3985294117647059,0.3827077747989276,0.5698787492022974,0.580964153275649,0.5823170731707317,0.4365175332527207,0.4484007242003621,0.4359737939249553,0.4290865384615384,0.3510765550239234,1,
Adam Jones,0.5634824667472793,0.8455039227519614,0.8469326980345444,0.8539663461538461,0.6118421052631579,0.7714958775029447,0.7124697336561744,0.7807971014492754,0.8621929298981426,0.9266547406082288,0,0.9637982195845696
Adewale Ogunleye,0.4276139410187667,0.8021697511167837,0.9548825710754018,0.9835365853658536,0.9746070133010882,0.9450814725407364,0.9767718880285884,0.974158653846154,0.9754784688995216,0.8686690223792697,1,
Adrian Clayborn,0.7802663438256658,0.7832125603864735,0.8909526662672259,0.7614788312462731,0.7964391691394659,0.7642228739002933,0.9158878504672896,0.9183431952662722,0.9212880143112702,0.8496503496503497,1,
Adrian Peterson,0.1914486279514997,0.2354758961681087,0.4908536585365853,0.5151148730350665,0.5594447797223898,0.5086360929124479,0.4877903513996426,0.40625,0.4014423076923077,0.4419856459330143,0,0.4452296819787986
Adrian Phillips,0.1848539057841383,0.6320474777448071,0.7466275659824047,0.8592289719626168,0.8887573964497042,0.8562909958258795,0.8857808857808858,0.9407705577918344,0.941527446300716,0.8624371859296482,1,
Adrian Wilson,0.7064343163538874,0.8800255264837269,0.9276885043263288,0.9670731707317072,0.975211608222491,0.9975859987929994,0.9928528886241812,0.9873798076923076,0.9563397129186604,0.9664310954063604,0,0.9394673123486684
Aeneas Williams,0.6097560975609756,0.828996282527881,0.922201138519924,0.9224952741020794,0.969283276450512,0.982788296041308,0.9932998324958124,0.9364820846905536,0.8486739469578783,0.9286764705882352,0,0.975201072386059
Ahmad Brooks,0.5481812380344607,0.5543881334981459,0.5432926829268293,0.0326481257557436,0.5570307785153893,0.6402620607504467,0.6412259615384616,0.80622009569378,0.8616018845700825,0.9243341404358354,0,0.946256038647343
Ahtyba Rubin,0.4314903846153846,0.6357655502392344,0.7767962308598351,0.8559322033898306,0.8743961352657005,0.8544038346315159,0.7972570065593322,0.7637982195845697,0.8287390029325513,0.8189252336448598,1,
Akeem Spence,0.6051527860994608,0.7304710793082886,0.7382789317507419,0.7348973607038123,0.7464953271028038,0.7857988165680473,0.7710196779964222,0.6456876456876457,0.4887866589994249,0.4498806682577566,1,
Akiem Hicks,0.5658212560386473,0.7345715997603355,0.7877161598091831,0.826112759643917,0.8950146627565982,0.9433411214953272,0.9715976331360948,0.9200954084675016,0.8898601398601399,0.7757331799884991,0,0.7673031026252983
Al Baker,0.1023102310231023,0.3773006134969325,0.8532110091743119,0.9524752475247524,0.9498069498069498,0.844731977818854,0.7647058823529411,0.7886904761904762,0.6415094339622641,0.7035647279549718,0,0.7223264540337712
Al Harris1,0.3312883435582822,0.4220183486238532,0.4811881188118811,0.3725868725868725,0.266173752310536,0.1948529411764706,0.1741071428571428,0.1792452830188679,0.2795497185741088,0.3151969981238274,0,0.2213883677298311
Al Harris2,0.5366614664586583,0.7852941176470588,0.839142091152815,0.6770899808551372,0.8226205191594561,0.8353658536585366,0.9244256348246674,0.891973445986723,0.8933889219773675,0.7692307692307693,0,0.7733253588516746
Al Woods,0.4858657243816254,0.4915254237288136,0.5241545893719807,0.5775913720790893,0.6362552176505665,0.6593471810089021,0.6486803519061584,0.6740654205607477,0.6846153846153846,0.7441860465116279,0,0.664918414918415
Alan Branch,0.4020250148898153,0.4387019230769231,0.5998803827751196,0.7432273262661955,0.7887409200968523,0.8007246376811594,0.7447573397243858,0.6714370900417412,0.7258160237388724,0.7935483870967742,0,0.7955607476635514
Alan Faneca,0.1233243967828418,0.1991065730695596,0.2484548825710754,0.1701219512195122,0.1185006045949214,0.2770066385033192,0.2596783799880881,0.2626201923076923,0.104066985645933,0.2703180212014134,1,
Albert Haynesworth,0.5583918315252074,0.6983930778739185,0.8,0.8422007255139057,0.823777911888956,0.8129839189994044,0.8966346153846154,0.9156698564593302,0.8963486454652533,0.7288135593220338,1,
Albert Lewis,0.4316831683168317,0.6312741312741312,0.9408502772643254,0.9613970588235294,0.9419642857142856,0.7075471698113207,0.6923076923076923,0.726078799249531,0.7598499061913696,0.4944237918215613,0,0.74573055028463
Aldon Smith,0.826271186440678,0.9722222222222222,0.988615937687238,0.9415623136553368,0.7839762611275964,0.6879765395894428,0.615070093457944,0.0343195266272189,0.0363744782349433,0.7371794871794872,1,
Alex Brown,0.6751754945756222,0.8436341161928307,0.9445121951219512,0.9582829504232164,0.9643934821967411,0.9708159618820726,0.9681490384615384,0.937200956937799,0.9104829210836278,0.8044794188861986,0,0.6630434782608695
Alex Lewis,0.6792682926829269,0.6831922611850061,0.7223898611949306,0.620011911852293,0.6712740384615384,0.6100478468899522,0.552414605418139,0.0405569007263922,0.0440821256038647,0.0437387657279808,0,0.0429338103756708
Alex Mack,0.0873205741626794,0.2979976442873969,0.3093220338983051,0.3641304347826087,0.2648292390653086,0.1890280262373285,0.1643916913946587,0.1888563049853372,0.1536214953271028,0.2130177514792899,0,0.2164579606440071
Alex Smith,0.2357920193470374,0.3156306578153289,0.3633071816535908,0.2840976771888028,0.3509615384615384,0.3427033492822967,0.3386336866902238,0.1937046004842615,0.2052058111380145,0.1817632850241546,0,0.1791491911324146
Allen Bailey,0.5326876513317191,0.5917874396135265,0.6662672258837627,0.7346451997614788,0.8415430267062315,0.827565982404692,0.8095794392523364,0.8591715976331361,0.8729874776386404,0.8688811188811189,1,
Allen Robinson,0.1806797853309481,0.2362017804154302,0.2797653958944281,0.1536214953271028,0.144378698224852,0.1502683363148479,0.2243589743589743,0.2593444508338125,0.2106205250596658,0.2462311557788944,1,
Allen Rossum,0.1726384364820846,0.1747269890795632,0.5933823529411765,0.4939678284182305,0.5328653477983408,0.4820766378244747,0.6408536585365854,0.6457073760580411,0.6686783343391671,0.5634306134603931,0,0.5390625
Alonzo Spellman,0.1431226765799256,0.3130929791271347,0.6294896030245747,0.8600682593856656,0.9173838209982788,0.8157453936348409,0.511400651465798,0.3712948517940718,0.7397058823529412,0.7714477211796247,1,
Andra Davis,0.559029993618379,0.7824474660074165,0.8804878048780488,0.9534461910519952,0.9432709716354858,0.9178082191780822,0.8569711538461539,0.8594497607655502,0.8639575971731449,0.7953995157384988,1,
Andre Gurode,0.1914486279514997,0.1915945611866502,0.1701219512195122,0.0326481257557436,0.0325890162945081,0.1620011911852293,0.2439903846153846,0.305622009569378,0.2756183745583039,0.1186440677966101,0,0.0513285024154589
Andre Johnson,0.3182941903584672,0.3841463414634146,0.4081015719467956,0.4073627036813518,0.3907087552114354,0.4044471153846153,0.3947368421052631,0.3828032979976443,0.3371670702179177,0.3079710144927536,0,0.414619532654284
Andre Smith,0.1472320376914016,0.2433414043583535,0.4975845410628019,0.5050928699820252,0.4865831842576029,0.2189910979228486,0.1196480938416422,0.1226635514018691,0.1816568047337278,0.2331360946745562,0,0.2033392963625521
Andre Tippett,0.5188118811881188,0.803088803088803,0.9796672828096118,0.9871323529411764,0.9836309523809524,0.9245283018867924,0.7654784240150094,0.50093808630394,0.7073170731707317,0.8866171003717472,0,0.935483870967742
Andre' Goodman,0.591576260370134,0.6124845488257108,0.6621951219512195,0.7194679564691656,0.7513578756789379,0.7808219178082192,0.8293269230769231,0.9043062200956936,0.8816254416961131,0.8516949152542372,1,
Andrew Sendejo,0.1760895170789163,0.3468523002421307,0.4420289855072464,0.6902336728579987,0.738819320214669,0.8267062314540059,0.8709677419354839,0.927570093457944,0.8846153846153846,0.8682170542635659,0,0.8275058275058275
Andrew Whitworth,0.180889423076923,0.208133971291866,0.2797408716136631,0.137409200968523,0.2077294685990338,0.2792091072498502,0.1926058437686344,0.1394658753709199,0.1612903225806451,0.2079439252336448,0,0.2680473372781065
Andy Dalton,0.1658595641646489,0.1817632850241546,0.3283403235470341,0.3172331544424567,0.3786350148367952,0.3595307917888563,0.3405373831775701,0.3165680473372781,0.3476446034585569,0.2651515151515151,0,0.2788959171937895
Andy Lee,0.1506097560975609,0.211608222490931,0.3355461677730839,0.2596783799880881,0.21875,0.2272727272727272,0.3138987043580683,0.2717917675544794,0.1225845410628019,0.0437387657279808,0,0.0429338103756708
Anquan Boldin,0.1915945611866502,0.275,0.3742442563482466,0.40012070006035,0.372840976771888,0.3816105769230769,0.3618421052631579,0.411660777385159,0.3728813559322034,0.3647342995169082,0,0.3265428400239664
Anthony Barr,0.8067978533094812,0.9311572700296736,0.9747800586510263,0.9351635514018692,0.8792899408284024,0.8872987477638641,0.8444055944055944,0.8895917193789534,0.8400954653937948,0.8442211055276382,1,
Anthony Becht,0.3235294117647059,0.363941018766756,0.4154435226547543,0.3967861557478368,0.3536585365853658,0.1644498186215235,0.2715751357875678,0.1310303752233472,0.1502403846153846,0.1919856459330143,0,0.1996466431095406
Anthony Davis,0.1689419795221843,0.3734939759036144,0.4522613065326633,0.5488599348534202,0.4118564742589704,0.6691176470588235,0.4450402144772118,0.4460753031269943,0.0210135970333745,0.0274390243902439,0,0.0918984280532043
Anthony Fasano,0.2263251935675997,0.2319711538461538,0.3444976076555024,0.290341578327444,0.3577481840193705,0.3900966183574879,0.3559017375674056,0.2540250447227191,0.1845697329376854,0.1941348973607038,0,0.1664719626168224
Anthony Levine,0.1068840579710145,0.4487717195925704,0.5480023852116875,0.6219584569732938,0.6375366568914956,0.735981308411215,0.7733727810650888,0.7656529516994633,0.6882284382284383,0.5928694652098907,1,
Anthony Newman,0.2962264150943396,0.298311444652908,0.4315196998123827,0.5309568480300187,0.8011152416356877,0.6944971537001897,0.6691871455576559,0.4112627986348123,0.6815834767641996,0.6700167504187605,0,0.7671009771986971
Anthony Parker,0.2118959107806691,0.2637571157495256,0.5784499054820416,0.5614334470989761,0.7900172117039587,0.5963149078726968,0.5732899022801303,0.1591263650546021,0.5088235294117647,0.4986595174262734,1,
Anthony Pleasant,0.148217636022514,0.24765478424015,0.4981412639405204,0.6299810246679317,0.6843100189035917,0.856655290102389,0.802065404475043,0.6884422110552764,0.5912052117263844,0.5709828393135725,0,0.8389705882352941
Anthony Sherman,0.4037530266343825,0.5446859903381642,0.5847813061713601,0.689922480620155,0.657566765578635,0.7442815249266862,0.647196261682243,0.6497041420118344,0.5116279069767442,0.4388111888111888,1,
Antoine Bethea,0.6952323476161738,0.8356164383561644,0.9206730769230768,0.9509569377990432,0.96113074204947,0.9721549636803876,0.9347826086956522,0.9436788496105452,0.960644007155635,0.9584569732937686,0,0.9436950146627566
Antonio Brown,0.1996466431095406,0.3220338983050847,0.4039855072463768,0.4038346315158778,0.3601669648181276,0.4,0.4029325513196481,0.3656542056074766,0.3106508875739645,0.2319618366129994,0,0.2768065268065268
Antonio Cromartie,0.4888352444176222,0.8957712924359738,0.953125,0.9688995215311004,0.9028268551236748,0.9182808716707022,0.945048309178744,0.9370880766926304,0.9344066785927252,0.8836795252225519,0,0.8140762463343109
Antonio Garay,0.3380716934487021,0.3286585365853658,0.339782345828295,0.20036210018105,0.3639070875521143,0.3623798076923077,0.4258373205741627,0.6784452296819788,0.761501210653753,0.783816425120773,1,
Antonio Gates,0.2707045735475896,0.2963414634146341,0.3833131801692865,0.3174411587205794,0.3341274568195354,0.2530048076923077,0.277511961722488,0.163133097762073,0.25,0.3182367149758454,0,0.3828639904134212
Antonio Smith,0.56590084643289,0.7175618587809294,0.8546754020250149,0.9254807692307692,0.9383971291866028,0.9240282685512368,0.8946731234866828,0.8900966183574879,0.8927501497902935,0.875968992248062,0,0.7851632047477745
Antrel Rolle,0.6045949214026602,0.7706698853349426,0.9386539606908876,0.9579326923076924,0.9742822966507176,0.9428739693757362,0.9624697336561744,0.9637681159420288,0.9856201318154584,0.9874776386404294,0,0.9632047477744808
Aqib Talib,0.6959134615384616,0.8570574162679426,0.944640753828033,0.9533898305084746,0.9468599033816424,0.9101258238466148,0.9469290399522956,0.972106824925816,0.9859237536656892,0.9707943925233644,0,0.9224852071005916
Ashley Ambrose,0.3402646502835538,0.5273037542662116,0.8296041308089501,0.8693467336683417,0.8371335504885994,0.7784711388455539,0.9066176470588236,0.9470509383378016,0.92724952137843,0.930160692212608,0,0.927439024390244
Aubrayo Franklin,0.0797280593325092,0.1926829268292683,0.5120918984280532,0.5515992757996379,0.6497915425848719,0.7289663461538461,0.805622009569378,0.8044758539458187,0.7088377723970944,0.6256038647342995,0,0.6237267825044938
Aundray Bruce,0.5113207547169811,0.7917448405253283,0.8818011257035647,0.6172607879924953,0.2881040892193308,0.2732447817836812,0.2835538752362949,0.5068259385665529,0.5473321858864028,0.5544388609715243,1,
Barry Wilburn,0.1238447319778188,0.4338235294117647,0.9300595238095238,0.9264150943396228,0.8874296435272045,0.5065666041275797,0.2401500938086304,0.0594795539033457,0.064516129032258,0.0699432892249527,0,0.1604095563139931
Bart Scott,0.5437141033822591,0.61557478368356,0.6426829268292683,0.813180169286578,0.9372359686179844,0.9565217391304348,0.9411057692307692,0.8839712918660287,0.8951707891637221,0.887409200968523,0,0.8979468599033816
Ben Leber,0.7364390555201021,0.8133498145859085,0.8664634146341463,0.7920193470374849,0.8750754375377188,0.935080405002978,0.9729567307692308,0.9425837320574164,0.9287396937573617,0.8268765133171913,1,
Ben Roethlisberger,0.0975609756097561,0.1590084643288996,0.208207604103802,0.1852293031566408,0.2409855769230769,0.2200956937799043,0.1654888103651354,0.1658595641646489,0.1817632850241546,0.1839424805272618,0,0.0429338103756708
Benjamin Watson,0.1390568319226118,0.2884731442365721,0.2733770101250744,0.2770432692307692,0.2033492822966507,0.306831566548881,0.2905569007263922,0.2626811594202898,0.1839424805272618,0.1806797853309481,0,0.2955489614243323
Bennie Blades,0.5584905660377358,0.5647279549718575,0.7560975609756098,0.7035647279549718,0.9182156133828996,0.8102466793168881,0.6994328922495274,0.6262798634812287,0.8502581755593803,0.8509212730318257,1,
Benny Barnes,0.0804020100502512,0.088235294117647,0.1031390134529148,0.2489626556016597,0.2401574803149606,0.6764705882352942,0.662020905923345,0.768976897689769,0.7515337423312883,0.8142201834862385,1,
Benny Sapp1,0.6036585365853658,0.7085852478839177,0.7169583584791792,0.7421083978558666,0.7217548076923077,0.7834928229665071,0.7991755005889282,0.7481840193704601,0.6702898550724637,0.5350509286998203,1,
Bertrand Berry,0.4120521172638436,0.5195007800312013,0.75,0.6776139410187667,0.7351627313337588,0.9048207663782448,0.9829268292682928,0.9836759371221282,0.9686179843089922,0.8820726622989875,0,0.8870192307692307
Bill Bates,0.5247524752475248,0.7007722007722008,0.8243992606284658,0.7904411764705882,0.8348214285714286,0.8018867924528302,0.7073170731707317,0.5290806754221389,0.2945590994371482,0.0985130111524163,0,0.2808349146110057
Bill Bergey,0.6565656565656566,0.6058394160583942,0.5172413793103449,0.5477386934673367,0.7696078431372549,0.8654708520179372,0.8921161825726142,0.7244094488188977,0.8014705882352942,0.6445993031358885,0,0.6600660066006601
Bill Pickel,0.2534653465346534,0.5984555984555985,0.8280961182994455,0.9080882352941176,0.8764880952380952,0.8716981132075472,0.8217636022514071,0.7692307692307693,0.4915572232645403,0.4479553903345725,1,
Bill Romanowski,0.3621013133208255,0.4352720450281426,0.6923076923076923,0.5762081784386617,0.7343453510436433,0.7372400756143668,0.7798634812286689,0.8175559380378657,0.8006700167504187,0.9153094462540716,0,0.906396255850234
Billy Cundiff,0.0727504786215698,0.0797280593325092,0.1926829268292683,0.1644498186215235,0.1617380808690404,0.0327575938058368,0.0372596153846153,0.0370813397129186,0.1012956419316843,0.059322033898305,0,0.0513285024154589
Billy Thompson,0.6262626262626263,0.8832116788321168,0.8333333333333334,0.8994974874371859,0.9362745098039216,0.9730941704035876,0.8796680497925311,0.8110236220472441,0.7463235294117647,0.8815331010452961,0,0.8085808580858086
Blaine Bishop,0.4022770398481973,0.6710775047258979,0.9419795221843004,0.9483648881239244,0.9463986599664992,0.8550488599348535,0.8237129485179407,0.8911764705882353,0.8445040214477212,0.8174856413529037,1,
Blaise Winter,0.2335907335907336,0.2255083179297597,0.2352941176470588,0.2529761904761904,0.4037735849056604,0.549718574108818,0.5309568480300187,0.2908067542213883,0.2472118959107806,0.4345351043643263,1,
Bob Brudzinski,0.2992125984251969,0.5808823529411765,0.6585365853658537,0.5544554455445545,0.7392638036809815,0.8967889908256881,0.9425742574257424,0.88996138996139,0.8502772643253235,0.8455882352941176,0,0.7961309523809523
Bob Golic,0.3394495412844037,0.6851485148514852,0.696911196911197,0.7597042513863216,0.5330882352941176,0.6309523809523809,0.2169811320754717,0.4765478424015009,0.5272045028142589,0.6754221388367729,1,
Bob Howard,0.4545454545454545,0.7664233576642335,0.6494252873563219,0.7889447236180904,0.7549019607843137,0.9013452914798208,0.8879668049792531,0.8740157480314961,0.7536764705882353,0.759581881533101,1,
Bob Nelson,0.1023102310231023,0.0766871165644171,0.091743119266055,0.0851485148514851,0.0965250965250965,0.0517560073937153,0.1966911764705882,0.3020833333333333,0.1698113207547169,0.1651031894934334,0,0.2589118198874296
Bobby Bell,0.9090909090909092,0.8759124087591241,0.9482758620689656,0.8592964824120602,0.8431372549019608,0.57847533632287,0.4273858921161825,0.0275590551181102,0.0183823529411764,0.0278745644599303,0,0.0462046204620462
Bobby Butler,0.5245398773006135,0.7798165137614679,0.8732673267326733,0.7451737451737451,0.7079482439926063,0.6709558823529411,0.7976190476190477,0.7056603773584905,0.5440900562851783,0.4409005628517823,1,
Bobby Hamilton,0.3752151462994836,0.4438860971524288,0.4511400651465798,0.1372854914196568,0.6654411764705882,0.8130026809651475,0.8768347160178686,0.8244746600741656,0.7774390243902439,0.7871825876662636,0,0.7972238986119493
Bobby Taylor,0.3447098976109215,0.5335628227194492,0.6649916247906198,0.5309446254071661,0.62402496099844,0.8625,0.935656836461126,0.9534141671984684,0.9011124845488258,0.8298780487804878,1,
Bracy Walker,0.5802047781569966,0.7607573149741824,0.7303182579564489,0.3973941368078176,0.0717628705148206,0.45,0.5127345844504021,0.6911295469049138,0.7484548825710754,0.8335365853658536,0,0.8162031438935913
Brad Hoover,0.4830882352941176,0.492627345844504,0.5105296745373324,0.4660074165636588,0.4932926829268292,0.4866989117291415,0.4942667471333735,0.444907683144729,0.4417067307692308,0.3971291866028708,1,
Brad Maynard,0.2588235294117647,0.2707774798927614,0.2310146777281429,0.2558714462299135,0.2871951219512195,0.3639661426844015,0.3832226916113458,0.2995830851697439,0.2475961538461538,0.1537081339712918,0,0.2114252061248527
Brad Meester,0.175,0.0509383378016085,0.0197830248883216,0.1915945611866502,0.2298780487804878,0.2370012091898428,0.156306578153289,0.0589636688505062,0.1844951923076923,0.1590909090909091,0,0.2756183745583039
Brad St. Louis,0.3419117647058823,0.331769436997319,0.4339502233567326,0.4561186650185414,0.4554878048780488,0.4171704957678355,0.3397706698853349,0.1113758189398451,0.3972355769230769,0.409688995215311,1,
Brad Van Pelt,0.2941176470588235,0.5381165919282511,0.6597510373443983,0.5866141732283464,0.6397058823529411,0.4912891986062718,0.5775577557755776,0.4601226993865031,0.7706422018348624,0.7920792079207921,0,0.6891891891891891
Bradie James,0.5679851668726823,0.6359756097560976,0.7478839177750907,0.8865419432709717,0.949374627754616,0.986778846153846,0.9820574162679426,0.9852767962308598,0.9328087167070218,0.9003623188405797,1,
Bradley Roby,0.7543231961836613,0.8587537091988131,0.9595307917888564,0.9468457943925234,0.9390532544378698,0.9129397734048896,0.8968531468531469,0.8527889591719379,0.7547732696897375,0.7211055276381909,1,
Brady Smith,0.1411359724612736,0.3467336683417085,0.3550488599348534,0.5382215288611545,0.8102941176470588,0.8766756032171582,0.8864071474154436,0.8448702101359703,0.922560975609756,0.8827085852478839,1,
Brandon Bolden,0.3134057971014493,0.3672857998801677,0.5611210494931426,0.6207715133531158,0.6791788856304986,0.6267523364485982,0.5816568047337278,0.571258199165176,0.5565268065268065,0.5606670500287522,0,0.4331742243436754
Brandon Carr,0.7235576923076923,0.8355263157894737,0.8833922261484098,0.8656174334140436,0.894927536231884,0.944877171959257,0.9254621347644604,0.8700296735905044,0.7906158357771261,0.8767523364485982,0,0.8834319526627219
Brandon King,0.1012956419316843,0.259685230024213,0.2940821256038647,0.2540443379269023,0.0429338103756708,0.5507418397626113,0.5900293255131965,0.5934579439252337,0.5266272189349113,0.4859868813357185,0,0.4370629370629371
Brandon Lloyd,0.0975609756097561,0.2460701330108827,0.2414001207000603,0.1667659321024419,0.0757211538461538,0.104066985645933,0.2114252061248527,0.3238498789346247,0.3448067632850241,0.2965847813061714,0,0.1282051282051282
Brandon Manumaleuna,0.1890080428954423,0.204211869814933,0.2818294190358467,0.2298780487804878,0.281136638452237,0.188292094146047,0.1762954139368671,0.1033653846153846,0.1160287081339712,0.1012956419316843,1,
Brandon Marshall,0.5117682558841279,0.5330553901131626,0.5426682692307693,0.3977272727272727,0.3480565371024735,0.3093220338983051,0.3713768115942029,0.3804347826086957,0.408627920910725,0.5497912939773405,0,0.6112104949314252
Brandon Mebane,0.6146515783204288,0.7740384615384616,0.8259569377990431,0.8186101295641932,0.7209443099273608,0.7717391304347826,0.7986818454164171,0.778175313059034,0.7068249258160237,0.7214076246334311,0,0.717873831775701
Brandon Moore,0.4601148691767709,0.5018541409147095,0.5042682926829268,0.4408536585365853,0.3633615477629988,0.3385731559854897,0.3156306578153289,0.3186481593240796,0.6021441334127456,0.6021634615384616,0,0.6016746411483254
Brandon Stokley,0.2969168900804289,0.2871729419272495,0.2886279357231149,0.1926829268292683,0.2563482466747279,0.264333132166566,0.2370458606313281,0.5108173076923077,0.5107655502392344,0.5135453474676089,0,0.1773607748184019
Brandon Williams,0.1042287075640262,0.1033653846153846,0.1160287081339712,0.2597173144876325,0.2294188861985472,0.2524154589371981,0.10964649490713,0.1396045536249251,0.2731067382230173,0.3231961836612999,0,0.3210682492581602
Brendon Ayanbadejo,0.4808405438813349,0.6329268292682927,0.6964933494558646,0.7459263729631865,0.7468731387730793,0.7283653846153846,0.7105263157894737,0.6831566548881036,0.6882566585956417,0.7210144927536232,1,
Brent Alexander,0.4692832764505119,0.6953528399311532,0.678391959798995,0.4543973941368078,0.3650546021840873,0.8338235294117647,0.9349865951742627,0.9617102744097,0.9622991347342398,0.9579268292682926,0,0.954050785973398
Brent Celek,0.3097081596188207,0.3088942307692308,0.3534688995215311,0.1012956419316843,0.2052058111380145,0.1817632850241546,0.2456560814859197,0.2277877161598092,0.4747774480712166,0.4862170087976539,1,
Brent Grimes,0.4252531268612269,0.6274038461538461,0.812799043062201,0.9199057714958776,0.9340193704600483,0.856280193236715,0.8813660874775314,0.937984496124031,0.9750741839762612,0.9771260997067448,0,0.9550233644859814
Brent Williams,0.4613970588235294,0.7142857142857143,0.8603773584905661,0.8667917448405253,0.9118198874296436,0.8930581613508443,0.8029739776951673,0.681214421252372,0.5141776937618148,0.5085324232081911,1,
Brentson Buckner,0.1890359168241966,0.5324232081911263,0.621342512908778,0.5360134003350083,0.3436482084690553,0.3166926677067083,0.7727941176470589,0.8605898123324397,0.8838544990427568,0.8337453646477132,0,0.824390243902439
Brett Favre,0.175,0.0509383378016085,0.2910019144862795,0.2954264524103832,0.2847560975609756,0.1789600967351874,0.1092335546167773,0.1113758189398451,0.0372596153846153,0.0873205741626794,1,
Brett Keisel,0.4492661135928525,0.4585908529048207,0.4969512195121951,0.6789600967351874,0.8026554013277006,0.840381179273377,0.8064903846153846,0.8319377990430622,0.9234393404004712,0.9509685230024212,0,0.9341787439613528
Brett Maxie,0.3272058823529412,0.7291666666666666,0.6584905660377358,0.6716697936210131,0.6697936210131332,0.8705440900562852,0.8698884758364313,0.6375711574952562,0.3534971644612476,0.6535836177474402,0,0.7538726333907056
Brian Dawkins,0.5094664371772806,0.7721943048576214,0.9006514657980456,0.9750390015600624,0.9933823529411764,0.9946380697050938,0.990427568602425,0.9684796044499382,0.9701219512195122,0.9625151148730352,0,0.991550995775498
Brian Finneran,0.3102941176470588,0.5529490616621984,0.5558391831525208,0.5661310259579728,0.4024390243902439,0.4292623941958887,0.4254677127338563,0.2638475282906491,0.125,0.5155502392344498,0,0.6012956419316844
Brian Jennings,0.4080882352941176,0.420911528150134,0.4288449266113593,0.3875154511742892,0.3359756097560976,0.5683192261185006,0.6203983101991551,0.6289458010720667,0.5552884615384616,0.4557416267942584,0,0.4416961130742049
Brian Jones,0.0733788395904436,0.0740103270223752,0.0720268006700167,0.0684039087947882,0.0717628705148206,0.0235294117647058,0.0201072386058981,0.0153158902361199,0.0210135970333745,0.3347560975609756,0,0.435912938331318
Brian Kelley,0.2009803921568627,0.5650224215246636,0.5518672199170125,0.4960629921259842,0.3529411764705882,0.5714285714285714,0.528052805280528,0.7760736196319018,0.8256880733944955,0.9247524752475248,1,
Brian Kelly,0.2003257328990228,0.3806552262090483,0.7808823529411765,0.8022788203753352,0.9081046585832802,0.8671199011124846,0.9335365853658536,0.8796856106408706,0.8702474351237176,0.7814175104228708,0,0.6388221153846154
Brian Mitchell,0.2851782363977486,0.3810408921933085,0.3643263757115749,0.1701323251417769,0.0631399317406143,0.06368330464716,0.0586264656616415,0.0684039087947882,0.0717628705148206,0.4375,0,0.4296246648793566
Brian Moorman,0.2446380697050938,0.2827058072750478,0.3331273176761434,0.2676829268292683,0.1874244256348246,0.100181050090525,0.0327575938058368,0.0372596153846153,0.0370813397129186,0.0400471142520612,0,0.1035108958837772
Brian Orakpo,0.7870813397129187,0.9016489988221436,0.9812348668280872,0.9245169082125604,0.9526662672258838,0.8658318425760286,0.9222551928783382,0.901466275659824,0.9672897196261684,0.9485207100591716,1,
Brian Robison,0.6622989874925551,0.7367788461538461,0.8181818181818182,0.8027090694935218,0.8983050847457628,0.9402173913043478,0.9682444577591371,0.9212880143112702,0.8896142433234422,0.9143695014662756,0,0.9129672897196262
Brian Simmons,0.4723127035830619,0.656786271450858,0.8727941176470588,0.9189008042895442,0.93873643905552,0.9839307787391842,0.9884146341463416,0.99093107617896,0.9788774894387448,0.919594997022037,1,
Brian Sochia,0.1841584158415841,0.2915057915057915,0.5175600739371534,0.4375,0.5773809523809523,0.5377358490566038,0.726078799249531,0.8217636022514071,0.6697936210131332,0.4516728624535316,1,
Brian Urlacher,0.7911764705882353,0.9617962466487936,0.99617102744097,0.9888751545117428,0.972560975609756,0.9570737605804112,0.9770669885334944,0.9952352590827874,0.9903846153846154,0.9461722488038278,0,0.911660777385159
Brian Williams,0.0654044750430292,0.2428810720268006,0.2915309446254072,0.4960998439937597,0.7,0.7037533512064343,0.6285896617740906,0.6464582003828973,0.9097651421508036,0.9591463414634146,0,0.9830713422007256
Brock Marion,0.2409867172675522,0.4064272211720227,0.7901023890784983,0.7056798623063684,0.5912897822445561,0.0684039087947882,0.4680187207488299,0.8705882352941177,0.9859249329758714,0.99234205488194,0,0.9907292954264524
Brooks Reed,0.7021791767554479,0.7795893719806763,0.8406231276213302,0.815742397137746,0.7632047477744807,0.7794721407624633,0.7768691588785047,0.8130177514792899,0.75551580202743,0.6532634032634033,1,
Bruce Irvin,0.7155797101449275,0.8190533253445177,0.9528920691711388,0.9643916913946587,0.992375366568915,0.9842289719626168,0.983431952662722,0.9540846750149076,0.8537296037296037,0.7636572742955722,0,0.6193317422434368
Bruce Laird,0.2988505747126437,0.3115577889447236,0.3872549019607843,0.6233183856502242,0.6016597510373444,0.7086614173228346,0.4227941176470588,0.7177700348432056,0.8217821782178217,0.8895705521472392,1,
Bruce Miller,0.3765133171912833,0.483695652173913,0.5080886758538047,0.4633273703041144,0.4385756676557863,0.419941348973607,0.4036214953271028,0.0343195266272189,0.0363744782349433,0.513986013986014,1,
Bruce Smith,0.4140480591497227,0.7775735294117647,0.988095238095238,0.9886792452830188,0.9774859287054408,1.0,0.9943714821763602,0.9944237918215614,0.9411764705882352,0.9924385633270322,0,0.9948805460750854
Bryan Bulaga,0.1472320376914016,0.1186440677966101,0.1225845410628019,0.0437387657279808,0.0429338103756708,0.0409495548961424,0.1612903225806451,0.1308411214953271,0.1331360946745562,0.1699463327370304,1,
Bryan Cox1,0.0806754221388367,0.3828996282527881,0.5199240986717267,0.5311909262759924,0.5477815699658704,0.4440619621342513,0.4840871021775544,0.4104234527687296,0.4976599063962558,0.8191176470588235,0,0.8089812332439679
Bryan Hinkle,0.1330275229357798,0.3564356435643564,0.6988416988416989,0.7726432532347505,0.9485294117647058,0.9241071428571428,0.8867924528301887,0.6697936210131332,0.6116322701688556,0.7804878048780488,1,
Bryan Robinson,0.0854271356783919,0.1661237785016286,0.3884555382215288,0.7463235294117647,0.8619302949061662,0.8659859604339503,0.823238566131026,0.7396341463414634,0.6668681983071342,0.7254073627036813,0,0.7510422870756402
Bryan Scott,0.7416563658838071,0.8707317073170732,0.9292623941958889,0.8557634278817139,0.7653365098272782,0.7373798076923077,0.8510765550239234,0.8810365135453475,0.9279661016949152,0.9679951690821256,1,
Bryan Thomas,0.4588385449904276,0.6186650185414091,0.699390243902439,0.7521160822249093,0.8624019312009656,0.8790946992257296,0.939903846153846,0.9084928229665072,0.9334511189634864,0.8317191283292978,0,0.768719806763285
Bryant Young,0.3345935727788279,0.5392491467576792,0.7986230636833046,0.7839195979899497,0.8729641693811075,0.8299531981279251,0.9477941176470588,0.9148793565683646,0.8710912571793236,0.8065512978986403,0,0.8176829268292682
Bryce Paup,0.5028142589118199,0.7713754646840149,0.8994307400379506,0.9640831758034026,0.9965870307167236,0.9965576592082616,0.983249581239531,0.8615635179153095,0.7847113884555382,0.7522058823529412,1,
Burgess Owens,0.236180904522613,0.7058823529411765,0.8071748878923767,0.7427385892116183,0.5196850393700787,0.8272058823529411,0.9581881533101044,0.976897689768977,0.9386503067484664,0.9587155963302753,1,
C.J. Wilson,0.3382966051220964,0.3695913461538461,0.4318181818181818,0.4681978798586572,0.5206124852767963,0.5587167070217918,0.6382850241545893,0.639904134212103,0.5961653684841223,0.3476446034585569,0,0.3977340488968396
Calvin Pace,0.5896168108776267,0.7402439024390244,0.7666263603385731,0.79963789981895,0.8767123287671232,0.9795673076923076,0.9922248803827752,0.9864546525323912,0.9642857142857144,0.928743961352657,0,0.9478729778310364
Cam Newton,0.1856106408706166,0.2371756185878093,0.228707564026206,0.0865384615384615,0.0370813397129186,0.0400471142520612,0.1035108958837772,0.1165458937198067,0.2354703415218693,0.2778771615980918,0,0.3590504451038576
Cameron Wake,0.6770334928229665,0.9051825677267372,0.943099273607748,0.980072463768116,0.9586578789694428,0.988670244484198,0.9780415430267062,0.9953079178885632,0.9830607476635514,0.9775147928994082,0,0.8574836016696482
Captain Munnerlyn,0.6267942583732058,0.7897526501766784,0.8619854721549637,0.927536231884058,0.9718394248052726,0.9743589743589745,0.9727002967359052,0.9126099706744868,0.889018691588785,0.8100591715976332,1,
Carl Banks,0.2258687258687258,0.354898336414048,0.71875,0.9553571428571428,0.958490566037736,0.9587242026266416,0.8311444652908068,0.8480300187617261,0.6672862453531598,0.6603415559772297,0,0.5595463137996219
Carl Hairston,0.1023102310231023,0.0766871165644171,0.4701834862385321,0.6356435643564357,0.6158301158301158,0.5841035120147874,0.7132352941176471,0.9642857142857144,0.9452830188679244,0.8818011257035647,0,0.551594746716698
Carl Lee,0.4910891089108911,0.583011583011583,0.7707948243992606,0.7242647058823529,0.8377976190476191,0.9415094339622642,0.9136960600375236,0.9080675422138836,0.6022514071294559,0.6988847583643123,0,0.7229601518026565
Carlos Dunlap,0.7308598351001178,0.8286924939467313,0.957729468599034,0.982025164769323,0.992248062015504,0.9899109792284868,0.9912023460410556,0.9865654205607476,0.9792899408284024,0.975551580202743,0,0.9493006993006992
Carlos Emmons,0.2013769363166953,0.1892797319932998,0.5749185667752443,0.7472698907956318,0.9352941176470588,0.8987935656836461,0.8691767708998086,0.861557478368356,0.8798780487804878,0.8373639661426844,0,0.8111044055522028
Carlos Rogers,0.694074969770254,0.7911888955944478,0.8653960690887433,0.8647836538461539,0.8385167464114832,0.8498233215547704,0.9085956416464892,0.961352657004831,0.9442780107849011,0.877757901013715,1,
Carnell Lake,0.4690431519699812,0.6135084427767354,0.7279549718574109,0.5966542750929368,0.8273244781783681,0.9092627599243857,0.9215017064846416,0.9259896729776248,0.9581239530988276,0.9592833876221498,0,0.8767550702028081
Carson Palmer,0.0975609756097561,0.1590084643288996,0.2933011466505733,0.2817153067301965,0.2854567307692308,0.263755980861244,0.3292108362779741,0.3093220338983051,0.3345410628019323,0.3457159976033553,0,0.3613595706618962
Carson Tinker,0.2696225284601558,0.4150268336314848,0.4397626112759644,0.4486803519061583,0.401285046728972,0.2319526627218935,0.0363744782349433,0.0256410256410256,0.1207590569292696,0.1855608591885441,1,
Casey Hampton,0.5951742627345844,0.7409061901723037,0.7787391841779975,0.7536585365853659,0.6729141475211609,0.6904043452021726,0.7290053603335319,0.71875,0.7452153110047847,0.7720848056537103,0,0.7554479418886199
Casey Hayward,0.803743961352657,0.8118633912522468,0.9409660107334524,0.8652818991097923,0.9736070381231672,0.9532710280373832,0.9514792899408284,0.8670244484197973,0.8001165501165501,0.8027602070155262,0,0.736873508353222
Casey Wiegmann,0.175,0.1595174262734584,0.177409061901723,0.2058096415327565,0.2359756097560975,0.2073760580411124,0.2208811104405552,0.2048838594401429,0.3118990384615384,0.3068181818181818,0,0.3091872791519434
Chad Brown,0.1062618595825427,0.440453686200378,0.5870307167235495,0.7831325301204819,0.6767169179229481,0.7166123778501629,0.5538221528861155,0.8441176470588235,0.8981233243967829,0.91959157626037,0,0.9165636588380716
Chad Greenway,0.8421679571173317,0.947716346153846,0.9880382775119616,0.9770318021201412,0.9691283292978208,0.967391304347826,0.97663271420012,0.962432915921288,0.96973293768546,0.9214076246334312,1,
Chad Johnson,0.2969168900804289,0.3152520740268028,0.3362175525339926,0.275,0.2073760580411124,0.1617380808690404,0.0327575938058368,0.0372596153846153,0.0873205741626794,0.1996466431095406,1,
Chad Scott,0.2311557788944723,0.2328990228013029,0.3993759750390016,0.775,0.9262734584450402,0.9636247606892152,0.965389369592089,0.8902439024390244,0.788391777509069,0.7211828605914303,1,
Chad Williams,0.7511167836630505,0.8362175525339925,0.952439024390244,0.9111245465538088,0.904043452021726,0.7605717689100655,0.6760817307692307,0.0370813397129186,0.0400471142520612,0.0405569007263922,0,0.0440821256038647
Champ Bailey,0.6006240249609984,0.8985294117647059,0.9550938337801608,0.9004467134652202,0.8856613102595797,0.8695121951219512,0.966142684401451,0.9903439951719976,0.9934484812388328,0.9645432692307692,0,0.8941387559808612
Chandler Jones,0.7506038647342995,0.914919113241462,0.975551580202743,0.9910979228486648,0.9964809384164224,0.9982476635514018,0.9976331360946744,1.0,0.9953379953379954,0.9976998274870617,0,0.9659904534606204
Charles Dimry,0.3151969981238274,0.5140712945590994,0.774859287054409,0.6914498141263941,0.5939278937381404,0.4839319470699433,0.6143344709897611,0.6092943201376936,0.6683417085427136,0.6905537459283387,0,0.6349453978159126
Charles Haley,0.6231617647058824,0.8005952380952381,0.9339622641509434,0.9380863039399624,0.9812382739212008,0.9606003752345216,0.79182156133829,0.7020872865275142,0.831758034026465,0.9061433447098975,0,0.8588640275387264
Charles Johnson2,0.3102941176470588,0.2607238605898123,0.4116145500957243,0.3980222496909765,0.3658536585365853,0.0326481257557436,0.0325890162945081,0.2263251935675997,0.7175480769230769,0.833732057416268,0,0.9381625441696112
Charles Mann,0.2138613861386138,0.5231660231660231,0.789279112754159,0.9191176470588236,0.9464285714285714,0.8339622641509434,0.8686679174484052,0.7879924953095685,0.9287054409005628,0.8550185873605948,0,0.7855787476280834
Charles Tillman,0.7669962917181706,0.8164634146341463,0.9740024183796856,0.976463488231744,0.9940440738534844,0.9855769230769232,0.9898325358851676,0.9958775029446408,0.9987893462469734,1.0,0,1.0
Charles Woodson,0.6221498371335505,0.7425897035881436,0.9595588235294118,0.9343163538873994,0.9495851946394384,0.927070457354759,0.9506097560975608,0.9189842805320436,0.95956547978274,0.973198332340679,0,0.9987980769230768
Charlie Hall,0.1379310344827586,0.1809045226130653,0.4068627450980392,0.5245098039215687,0.6860986547085202,0.6182572614107884,0.4921259842519685,0.3860294117647059,0.4111498257839721,0.504950495049505,1,
Charlie Waters,0.8484848484848485,0.8175182481751825,0.9770114942528736,0.9899497487437184,0.9803921568627452,0.9103139013452914,0.8132780082987552,0.8149606299212598,0.7610294117647058,0.6027874564459931,0,0.7788778877887789
Charlie West,0.0909090909090909,0.948905109489051,0.9252873563218392,0.8944723618090452,0.3823529411764705,0.0941704035874439,0.2157676348547718,0.2125984251968504,0.213235294117647,0.3031358885017421,1,
Chase Blackburn,0.6807738814993954,0.6934218467109233,0.7343656938653961,0.7139423076923077,0.8098086124401914,0.8032979976442874,0.7512106537530266,0.8435990338164251,0.8496105452366687,0.8467501490757304,1,
Chester McGlockton,0.0929368029739776,0.3263757115749525,0.5255198487712666,0.636518771331058,0.5851979345955249,0.5025125628140703,0.3859934853420195,0.3556942277691107,0.6875,0.7801608579088471,0,0.7772814294830888
Chidi Ahanotu,0.206831119544592,0.3440453686200378,0.5017064846416383,0.5628227194492255,0.7152428810720268,0.6465798045602605,0.641185647425897,0.8227941176470588,0.8666219839142091,0.8596043395022336,0,0.8096415327564895
Chike Okeafor,0.0967238689547582,0.6529411764705882,0.7573726541554959,0.8564135290363752,0.9215080346106304,0.976219512195122,0.9764207980652962,0.9722389861194932,0.9041095890410958,0.8960336538461539,0,0.8343301435406698
Chip Banks,0.8119266055045872,0.9465346534653464,0.9806949806949808,0.9297597042513864,0.8731617647058824,0.9583333333333334,0.8150943396226416,0.7335834896810507,0.4277673545966229,0.5984990619136961,0,0.6394052044609665
Chris Baker,0.0797280593325092,0.1926829268292683,0.2515114873035066,0.3470126735063367,0.3424657534246575,0.3185096153846153,0.1770334928229665,0.0400471142520612,0.0405569007263922,0.4885265700483092,0,0.6063511084481725
Chris Banjo,0.4811264230077891,0.466308884913536,0.5026706231454006,0.4844574780058651,0.6623831775700935,0.714792899408284,0.714370900417412,0.675990675990676,0.60149511213341,0.6676610978520287,1,
Chris Canty,0.1021775544388609,0.2068403908794788,0.3822152886115444,0.6808823529411765,0.6394101876675603,0.4913848117421825,0.0210135970333745,0.0274390243902439,0.6463119709794438,0.692214846107423,0,0.7927337701012508
Chris Chambers,0.3739946380697051,0.3860880663688577,0.4338689740420272,0.3701219512195122,0.3935912938331318,0.3458056729028364,0.3579511614055986,0.3179086538461538,0.3821770334928229,0.3297997644287397,1,
Chris Chester,0.1042287075640262,0.1033653846153846,0.1668660287081339,0.1472320376914016,0.2487893462469733,0.2717391304347826,0.3265428400239664,0.1926058437686344,0.2818991097922849,0.2428152492668621,1,
Chris Clemons,0.5439024390243903,0.6166868198307134,0.6173808086904043,0.7218582489577129,0.7445913461538461,0.7966507177033493,0.7386363636363636,0.8763250883392226,0.9546525323910484,0.9334140435835352,0,0.8208232445520581
Chris Crocker,0.522867737948084,0.7317073170731707,0.8960096735187424,0.9179239589619796,0.9285288862418106,0.8683894230769231,0.8929425837320574,0.8828032979976443,0.8795399515738499,0.8828502415458938,0,0.902336728579988
Chris Davis,0.1620011911852293,0.2073317307692307,0.2362440191387559,0.1065959952885747,0.0405569007263922,0.0440821256038647,0.0437387657279808,0.5646988670244484,0.5620178041543027,0.5964809384164222,1,
Chris Doleman,0.299445471349353,0.6746323529411765,0.9761904761904762,0.9867924528301888,1.0,0.9868667917448404,0.9831144465290806,0.9907063197026024,0.98292220113852,0.9659735349716446,0,0.863481228668942
Chris Draft,0.5852941176470589,0.6923592493297587,0.8551372048500319,0.9122373300370828,0.945121951219512,0.9062877871825876,0.928183464091732,0.8981536628945801,0.8563701923076923,0.7404306220095693,1,
Chris Harris,0.7110036275695284,0.7990343995171998,0.8802858844550328,0.8449519230769231,0.8708133971291866,0.8987043580683156,0.8801452784503632,0.8523002421307506,0.7041062801932367,0.6129227053140096,0,0.7040143798681845
Chris Hope,0.5149968091895342,0.5865265760197775,0.7823170731707317,0.9068923821039904,0.9782739891369946,0.9726027397260274,0.9657451923076924,0.9360047846889952,0.9605418138987044,0.9128329297820824,0,0.8351449275362319
Chris Hovan,0.5808823529411765,0.8036193029490617,0.8895979578813018,0.8800988875154512,0.7975609756097561,0.7321644498186215,0.7712733856366928,0.7974985110184634,0.7770432692307693,0.736244019138756,1,
Chris Johnson,0.4685610640870616,0.4749547374773687,0.5235259082787374,0.4375,0.4411057692307692,0.3690191387559808,0.4132775119617224,0.4305064782096584,0.3945818610129564,0.4527845036319612,0,0.4794685990338164
Chris Kelsay,0.4864029666254635,0.7542682926829268,0.8500604594921403,0.9233554616777307,0.9106611078022632,0.8882211538461539,0.8977272727272727,0.908716136631331,0.923728813559322,0.8647342995169082,1,
Chris Long,0.6592548076923077,0.7673444976076556,0.8533568904593639,0.8928571428571429,0.908816425120773,0.9137207908927502,0.8395945140131187,0.7566765578635015,0.7436950146627566,0.7978971962616822,0,0.8183431952662722
Chris Massey,0.0727504786215698,0.1279357231149567,0.3463414634146341,0.4159613059250302,0.5099577549788775,0.4901727218582489,0.4897836538461538,0.3516746411483253,0.3733804475853945,0.3220338983050847,1,
Chris McAlister,0.3338533541341654,0.8463235294117647,0.8820375335120644,0.8653477983407786,0.8355995055624228,0.8591463414634146,0.8639661426844014,0.9064574532287266,0.8683740321620012,0.8948317307692307,0,0.6997607655502392
Chris Oldham,0.1894934333958724,0.1819887429643527,0.1617100371747211,0.3301707779886148,0.3213610586011342,0.5034129692832765,0.3820998278829604,0.6365159128978225,0.6856677524429967,0.7394695787831513,0,0.8411764705882353
Chris Thompson,0.4238210399032648,0.4272782136391068,0.4282310899344848,0.0372596153846153,0.0370813397129186,0.0400471142520612,0.0405569007263922,0.0440821256038647,0.0437387657279808,0.0429338103756708,0,0.0409495548961424
Clarence Scott,0.2727272727272727,0.6715328467153284,0.5747126436781609,0.864321608040201,0.8627450980392157,0.8923766816143498,0.7883817427385892,0.8503937007874016,0.8566176470588235,0.8536585365853658,0,0.7095709570957096
Clark Haggans,0.5924932975871313,0.7791959157626037,0.8220024721878862,0.8896341463414634,0.9238210399032648,0.96016898008449,0.9583085169743896,0.8918269230769231,0.8767942583732058,0.8733804475853946,0,0.9031476997578692
Clark Harris,0.0873205741626794,0.2597173144876325,0.3819612590799031,0.4371980676328502,0.4331935290593169,0.332737030411449,0.3851632047477745,0.449266862170088,0.4760514018691589,0.4710059171597633,0,0.4215861657722123
Clay Matthews1,0.1139705882352941,0.3170731707317073,0.4653465346534653,0.3957055214723926,0.1972477064220183,0.2475247524752475,0.3204633204633205,0.4121996303142329,0.4154411764705882,0.6532738095238095,0,0.5622641509433962
Clay Matthews2,0.8331339712918661,0.969964664310954,0.99636803874092,0.9969806763285024,0.98681845416417,0.985092426952892,0.9845697329376856,0.9718475073313784,0.9445093457943924,0.9035502958579882,0,0.9296362552176506
Cliff Avril,0.7530048076923077,0.8893540669856459,0.9570082449941107,0.9909200968523002,0.9939613526570048,0.9970041941282204,0.954680977936792,0.9703264094955488,0.9835777126099706,0.9620327102803738,1,
Cliff Harris,0.7777777777777778,0.6642335766423357,0.7873563218390804,0.6733668341708543,0.7254901960784313,0.7937219730941704,0.8589211618257261,0.8779527559055118,0.8382352941176471,0.7874564459930313,1,
Clinton McDonald,0.3580683156654888,0.549636803874092,0.607487922705314,0.7657279808268425,0.8282647584973166,0.8314540059347181,0.8058651026392962,0.7733644859813084,0.7928994082840237,0.7221228384019082,1,
Clyde Simmons,0.0496323529411764,0.5654761904761905,0.7339622641509433,0.9624765478424016,0.9681050656660412,0.9887429643527204,0.9684014869888476,0.9601518026565464,0.8771266540642723,0.9453924914675768,0,0.9518072289156626
Cody Davis,0.316956261234272,0.5158020274299344,0.5323442136498516,0.6727272727272727,0.6939252336448598,0.6940828402366864,0.616577221228384,0.5303030303030303,0.5313398504887866,0.4791169451073985,0,0.5791457286432161
Colin Cole,0.3585365853658536,0.6130592503022975,0.7012673506336753,0.7182846932698035,0.6887019230769231,0.6913875598086124,0.7391048292108363,0.6731234866828087,0.5718599033816425,0.524266027561414,0,0.6177698270721527
Colt McCoy,0.1658595641646489,0.1817632850241546,0.1839424805272618,0.0429338103756708,0.0409495548961424,0.039882697947214,0.0420560747663551,0.0343195266272189,0.0363744782349433,0.1165501165501165,0,0.1765382403680276
Connor Barwin,0.6644736842105263,0.6619552414605419,0.8456416464891041,0.8327294685990339,0.9227082085080888,0.9558735837805604,0.9738872403560832,0.965982404692082,0.9059579439252337,0.8242603550295858,1,
Cooper Carlisle,0.175,0.0509383378016085,0.0197830248883216,0.0210135970333745,0.0274390243902439,0.0326481257557436,0.0941460470730235,0.2048838594401429,0.2806490384615384,0.305622009569378,0,0.2208480565371024
Corey Chavous,0.2100977198697068,0.4056162246489859,0.736764705882353,0.7754691689008043,0.8640714741544352,0.954264524103832,0.9658536585365852,0.9389359129383312,0.8786964393482197,0.8856462179868969,0,0.8575721153846154
Corey Fuller1,0.1058020477815699,0.2685025817555938,0.3601340033500838,0.5228013029315961,0.4414976599063963,0.7235294117647059,0.8123324396782842,0.845564773452457,0.8059332509270705,0.6371951219512195,0,0.5610640870616687
Corey Graham,0.4502680166765932,0.7181490384615384,0.7446172248803827,0.7626619552414605,0.7239709443099274,0.8254830917874396,0.9179149191132414,0.9451401311866428,0.9774480712166173,0.9665689149560116,0,0.9544392523364486
Corey Harris,0.1825938566552901,0.3029259896729776,0.288107202680067,0.1872964169381107,0.296411856474259,0.6338235294117647,0.6154411764705883,0.1970509383378016,0.2164879356568364,0.5201021059349075,0,0.5960433950223357
Corey Liuget,0.612590799031477,0.802536231884058,0.8753744757339724,0.9385807990459152,0.8961424332344213,0.8656891495601173,0.764018691588785,0.7408284023668639,0.7030411449016101,0.6363636363636364,1,
Corey Moore,0.4970588235294118,0.4912868632707775,0.4920229738353542,0.0210135970333745,0.0274390243902439,0.0326481257557436,0.0325890162945081,0.0327575938058368,0.0372596153846153,0.0370813397129186,0,0.0400471142520612
Corey Peters,0.5647820965842167,0.7312348668280871,0.7711352657004831,0.8274415817855003,0.7680381633870006,0.7204747774480712,0.6392961876832844,0.5870327102803738,0.7236686390532544,0.7674418604651163,0,0.7814685314685315
Cornelius Bennett,0.7648809523809523,0.9716981132075472,0.9906191369606004,0.99812382739212,0.9962476547842402,0.9925650557620818,0.9487666034155596,0.9017013232514176,0.9505119453924916,0.9311531841652324,0,0.9396984924623116
Cornelius Griffin,0.6058823529411764,0.7419571045576407,0.834077855775367,0.8331273176761433,0.8548780487804878,0.8603385731559855,0.8617984308992155,0.8225134008338296,0.7794471153846154,0.7954545454545454,1,
Cornelius Lucas,0.1282051282051282,0.0694362017804154,0.1196480938416422,0.0420560747663551,0.0343195266272189,0.0363744782349433,0.0256410256410256,0.0862564692351926,0.1801909307875895,0.246859296482412,1,
Cortez Kennedy,0.1013133208255159,0.350844277673546,0.8736059479553904,0.9108159392789372,0.9300567107750471,0.8191126279863481,0.8261617900172117,0.6984924623115578,0.6758957654723127,0.719188767550702,0,0.8926470588235295
Cortland Finnegan,0.7272178636089318,0.8493150684931506,0.9573317307692308,0.979066985645933,0.9876325088339224,0.961864406779661,0.9643719806763285,0.8987417615338527,0.9051878354203936,0.742433234421365,1,
Cory Redding,0.3640296662546353,0.6847560975609757,0.7563482466747279,0.8859384429692215,0.8636092912447886,0.8599759615384616,0.7828947368421053,0.8050647820965842,0.8220338983050848,0.822463768115942,0,0.8310365488316357
Courtney Roby,0.2666263603385732,0.3886541943270972,0.3871351995235259,0.3635817307692308,0.4312200956937799,0.5765606595995288,0.5677966101694916,0.5821256038647343,0.4835230677052127,0.4341085271317829,1,
Cris Dishman,0.3058161350844278,0.5966228893058161,0.9155722326454032,0.9368029739776952,0.9753320683111956,0.9508506616257087,0.9761092150170648,0.8433734939759037,0.8844221105527639,0.8517915309446255,0,0.953198127925117
Cullen Jenkins,0.6670731707317074,0.7430471584038694,0.8533494266747134,0.8284693269803455,0.8227163461538461,0.8660287081339713,0.8769140164899882,0.8861985472154964,0.839975845410628,0.8831635710005992,0,0.8521168753726893
Cullen Loeffler,0.0975609756097561,0.3216444981862152,0.3820156910078455,0.3924955330553901,0.3990384615384615,0.4001196172248804,0.4010600706713781,0.2808716707021791,0.341183574879227,0.5026962252846016,0,0.4955277280858676
Curtis Jordan,0.2614107883817427,0.3070866141732283,0.5772058823529411,0.4216027874564459,0.4125412541254125,0.0552147239263803,0.018348623853211,0.3128712871287128,0.6023166023166023,0.8909426987060998,0,0.9283088235294118
D'Qwell Jackson,0.6445383222691611,0.7879690291840381,0.9344951923076924,0.9180622009569378,0.8604240282685512,0.835956416464891,0.92512077294686,0.9742360695026964,0.9683959451401312,0.971513353115727,0,0.95366568914956
D.D. Lewis~,0.0656934306569343,0.293103448275862,0.3065326633165829,0.4705882352941176,0.3766816143497757,0.3858921161825726,0.2440944881889764,0.2426470588235294,0.3902439024390244,0.2805280528052805,0,0.2392638036809816
D.J. Williams,0.725609756097561,0.7684401451027811,0.8406759203379601,0.8427635497319833,0.8792067307692307,0.9132775119617224,0.9187279151943464,0.8492736077481841,0.725181598062954,0.4214975845410628,0,0.4577294685990338
Dale Carter,0.6840148698884758,0.7305502846299811,0.8582230623818525,0.7747440273037542,0.8244406196213425,0.7219430485762144,0.7068403908794788,0.6677067082683308,0.8,0.7332439678284183,0,0.6388002552648373
Dallas Clark,0.0797280593325092,0.2402439024390243,0.5157194679564692,0.515992757996379,0.509827278141751,0.2409855769230769,0.3462918660287081,0.3780918727915194,0.3674334140435835,0.3846618357487922,0,0.372079089275015
Damione Lewis,0.4946380697050938,0.6311423101467772,0.700247218788628,0.7969512195121952,0.7696493349455864,0.8117079058539529,0.7843954734961287,0.8383413461538461,0.8253588516746412,0.7832744405182568,1,
Dan Owens,0.1332082551594746,0.549718574108818,0.6078066914498141,0.7039848197343453,0.6446124763705104,0.5989761092150171,0.540447504302926,0.6197654941373534,0.7084690553745928,0.5990639625585024,1,
Dan Saleaumua,0.1726190476190476,0.1679245283018867,0.5196998123827392,0.776735459662289,0.8367729831144465,0.8178438661710037,0.7760910815939279,0.7145557655954632,0.7832764505119454,0.5662650602409639,0,0.6566164154103853
Dan Wilkinson,0.3137996219281663,0.5938566552901023,0.7590361445783133,0.7520938023450586,0.755700325732899,0.859594383775351,0.9169117647058824,0.900804289544236,0.7396298659859605,0.7663782447466008,0,0.7670731707317073
Dan Williams1,0.0721062618595825,0.107750472589792,0.1706484641638225,0.1600688468158347,0.3835845896147403,0.3452768729641693,0.4555382215288611,0.7066176470588236,0.7245308310991957,0.6579451180599872,1,
Dana Stubblefield,0.4800759013282732,0.7580340264650284,0.8515358361774744,0.7934595524956971,0.864321608040201,0.8013029315960912,0.7925117004680188,0.7433823529411765,0.792225201072386,0.7817485641352904,0,0.7323856613102596
Daniel Stubbs,0.160377358490566,0.2439024390243902,0.4465290806754221,0.425891181988743,0.4628252788104089,0.3927893738140417,0.3043478260869565,0.3003412969283277,0.4079173838209983,0.4103852596314908,1,
Danny Amendola,0.1919856459330143,0.2597173144876325,0.2294188861985472,0.1280193236714976,0.0575194727381665,0.0524746571258199,0.0409495548961424,0.1008797653958944,0.2248831775700934,0.2775147928994083,0,0.2468694096601073
Danny Clark,0.5911764705882353,0.707774798927614,0.8200382897255903,0.8195302843016069,0.8780487804878049,0.8706166868198307,0.8491249245624622,0.7915425848719476,0.7842548076923077,0.8427033492822966,0,0.8345111896348646
Danny Trevathan,0.5519323671497585,0.8825644098262433,0.8920691711389386,0.9614243323442137,0.8469208211143695,0.9322429906542056,0.9384615384615383,0.9403697078115684,0.9335664335664337,0.8269120184013801,1,
Darian Stewart,0.5600706713780919,0.8311138014527845,0.8333333333333334,0.8556021569802277,0.7590936195587359,0.8545994065281899,0.9237536656891496,0.9410046728971962,0.9372781065088758,0.8348240906380441,1,
Darius Holland,0.1399317406143344,0.1308089500860585,0.1306532663316583,0.0684039087947882,0.2886115444617784,0.7345588235294118,0.7526809651474531,0.6598596043395022,0.5173053152039555,0.5182926829268293,1,
Darnell Dockett,0.7006097560975609,0.7781136638452237,0.8949909474954737,0.9434187016081,0.966346153846154,0.9635167464114832,0.9405182567726738,0.9092009685230024,0.855072463768116,0.8208508088675854,1,
Darrell Green,0.4673267326732673,0.7181467181467182,0.7985212569316081,0.8235294117647058,0.8541666666666666,0.8113207547169812,0.6566604127579737,0.6041275797373359,0.7485928705440901,0.7769516728624535,0,0.7817836812144212
Darrelle Revis,0.7385348421679571,0.9200721153846154,0.9826555023923444,0.964075382803298,0.9570217917675544,0.8907004830917874,0.939484721390054,0.8849135360763267,0.9543026706231454,0.9372434017595308,0,0.8960280373831776
Darren Howard,0.8095588235294118,0.9390080428954424,0.9814932992980216,0.9530284301606922,0.9676829268292684,0.9498186215235792,0.9547374773687388,0.8433591423466349,0.8840144230769231,0.8881578947368421,1,
Darren Sharper,0.5276381909547738,0.5472312703583062,0.765990639625585,0.913235294117647,0.987265415549598,0.9948947032546268,0.9950556242274412,0.9939024390243902,1.0,0.996378998189499,0,0.9910661107802264
Darren Sproles,0.0873205741626794,0.1472320376914016,0.1937046004842615,0.1340579710144927,0.1791491911324146,0.1621943947525342,0.2902077151335311,0.3284457478005865,0.3417056074766355,0.321301775147929,1,
Darren Woodson,0.2565055762081784,0.2504743833017078,0.776937618147448,0.8839590443686007,0.9845094664371772,0.95142378559464,0.9576547231270358,0.8923556942277691,0.924264705882353,0.9054959785522788,0,0.9029993618379069
Darrien Gordon,0.2087286527514231,0.5822306238185255,0.6126279863481229,0.7160068846815835,0.7537688442211056,0.9315960912052116,0.9173166926677068,0.9044117647058824,0.7908847184986595,0.6407147415443523,1,
Darrin Smith,0.2371916508538899,0.6219281663516069,0.735494880546075,0.774526678141136,0.5226130653266332,0.8387622149837134,0.8455538221528861,0.9683823529411764,0.9021447721179624,0.9317166560306318,0,0.8887515451174289
Darryl Skrine,0.5532687651331719,0.6805555555555556,0.7771120431396046,0.8604651162790697,0.8670623145400593,0.8932551319648094,0.8580607476635514,0.8289940828402367,0.7608825283243887,0.7278554778554779,0,0.7303047728579644
Darryl Talley,0.3108910891089109,0.6274131274131274,0.7171903881700554,0.7444852941176471,0.7202380952380952,0.7547169811320755,0.8123827392120075,0.9943714821763602,1.0,1.0,0,0.9943074003795066
Darryl Tapp,0.7181653590826795,0.8951756998213222,0.9639423076923076,0.9491626794258372,0.9069493521790342,0.8232445520581114,0.7789855072463768,0.7207908927501497,0.6469886702444841,0.7275964391691395,0,0.7653958944281525
Darryl Williams,0.6635687732342007,0.9297912713472486,0.9829867674858224,0.9829351535836176,0.9604130808950088,0.9882747068676716,0.996742671009772,0.9906396255850234,0.9779411764705882,0.9477211796246648,1,
Darryll Lewis,0.4409005628517823,0.5892193308550185,0.698292220113852,0.6918714555765595,0.89419795221843,0.9569707401032702,0.9865996649916248,0.970684039087948,0.9453978159126364,0.9279411764705884,1,
Daryl Smith2,0.6475609756097561,0.7908101571946796,0.8871454435727217,0.9219773674806432,0.9026442307692308,0.9336124401913876,0.950530035335689,0.9818401937046004,0.9057971014492754,0.9670461354104254,0,0.9695885509838998
Dashon Goldson,0.4544371649791542,0.5366586538461539,0.8630382775119617,0.9263839811542992,0.9848668280871672,0.9685990338164252,0.9544637507489516,0.9045915324985092,0.9264094955489616,0.8733137829912023,1,
Dave Brown,0.5477178423236515,0.8622047244094488,0.9338235294117648,0.9303135888501742,0.9108910891089108,0.7668711656441718,0.5642201834862385,0.502970297029703,0.7818532818532818,0.9057301293900184,0,0.9172794117647058
Dave Butz,0.0955882352941176,0.0766550522648083,0.1287128712871287,0.4662576687116564,0.7844036697247706,0.9287128712871288,0.8803088803088803,0.7781885397412199,0.6121323529411765,0.6354166666666666,0,0.4528301886792453
Dave Waymer,0.5122699386503068,0.4839449541284403,0.4118811881188118,0.388030888030888,0.634011090573013,0.8933823529411765,0.9523809523809524,0.9150943396226416,0.9099437148217636,0.9287054409005628,0,0.9699812382739212
Dave Zastudil,0.0727504786215698,0.1279357231149567,0.1115853658536585,0.1185006045949214,0.048280024140012,0.0446694460988683,0.0372596153846153,0.0873205741626794,0.1012956419316843,0.059322033898305,0,0.2192028985507246
David Akers,0.3911764705882353,0.4088471849865951,0.4333120612635609,0.4289245982694685,0.3640243902439024,0.2769044740024183,0.2154496077248038,0.1995235259082787,0.2518028846153846,0.263755980861244,0,0.3433451118963486
David Binn,0.3102941176470588,0.3331099195710456,0.400765794511806,0.4530284301606922,0.4310975609756097,0.3978234582829504,0.4930597465298733,0.4812388326384753,0.4867788461538461,0.4055023923444976,1,
David Bowens,0.095163806552262,0.6477941176470589,0.7124664879356568,0.7389917038927888,0.6644004944375772,0.8158536585365853,0.8633615477629988,0.9088714544357273,0.8183442525312686,0.8695913461538461,0,0.9234449760765552
David Harris,0.8070279928528886,0.8725961538461539,0.9760765550239234,0.9646643109540636,0.9891041162227604,0.9746376811594204,0.9700419412822048,0.9654144305307096,0.9744807121661722,0.9618768328445748,0,0.8919392523364486
David Martin2,0.3411528150134048,0.3803446075303127,0.5686032138442522,0.6158536585365854,0.6118500604594922,0.5353047676523838,0.1274568195354377,0.5186298076923077,0.5149521531100478,0.5188457008244994,1,
DeAngelo Hall,0.7018292682926829,0.880894800483676,0.9535304767652384,0.969029184038118,0.958533653846154,0.9503588516746412,0.978798586572438,0.9788135593220338,0.9830917874396136,0.969442780107849,0,0.9308288610614192
DeAngelo Williams,0.0941460470730235,0.1399642644431209,0.2409855769230769,0.2673444976076555,0.2208480565371024,0.137409200968523,0.1739130434782608,0.231276213301378,0.1419200954084675,0.2397626112759644,0,0.2428152492668621
DeMeco Ryans,0.7730838865419433,0.8826682549136391,0.9332932692307692,0.901913875598086,0.8557126030624264,0.8177966101694916,0.8200483091787439,0.9035350509286998,0.9129397734048896,0.8789317507418397,1,
DeSean Jackson,0.125,0.2511961722488038,0.306831566548881,0.3777239709443099,0.3943236714975845,0.4074295985620131,0.2719141323792486,0.2789317507418398,0.2797653958944281,0.1536214953271028,0,0.2704142011834319
Deion Branch,0.0727504786215698,0.2354758961681087,0.2176829268292683,0.3518742442563482,0.5588412794206397,0.5759380583680762,0.5691105769230769,0.3546650717703349,0.3021201413427561,0.3177966101694915,0,0.2717391304347826
Deion Sanders,0.3752345215759849,0.7842401500938087,0.9737335834896812,0.9795539033457248,0.969639468690702,0.9678638941398866,0.9368600682593856,0.8760757314974182,0.6968174204355109,0.8338762214983714,0,0.8003120124804992
Delanie Walker,0.2930315664085765,0.4675480769230769,0.5316985645933014,0.5500588928150766,0.5526634382566586,0.5410628019323671,0.536249251048532,0.4054859868813357,0.3412462908011869,0.33841642228739,0,0.3878504672897196
Demarcus Ware,0.7605804111245466,0.9662039831019916,0.9982132221560452,1.0,0.999401913875598,0.9988221436984688,0.9975786924939468,0.998792270531401,0.9910125823846616,0.9809183064997018,0,0.9548961424332344
Demetric Evans,0.5134048257372654,0.5373324824505424,0.5389369592088998,0.6012195121951219,0.6765417170495768,0.7097163548581774,0.6998213222156046,0.7169471153846154,0.7177033492822966,0.6996466431095406,1,
Dennis Harrison,0.1580882352941176,0.1463414634146341,0.2013201320132013,0.0552147239263803,0.7477064220183486,0.8673267326732673,0.9671814671814672,0.7874306839186691,0.6139705882352942,0.4300595238095238,1,
Dennis Johnson1,0.3273542600896861,0.4481327800829875,0.4173228346456692,0.0845588235294117,0.0278745644599303,0.0462046204620462,0.0552147239263803,0.018348623853211,0.0158415841584158,0.0173745173745173,0,0.0147874306839186
Dennis Northcutt,0.3102941176470588,0.5274798927613941,0.5366943203573707,0.5383189122373301,0.3426829268292683,0.3851269649334946,0.3663246831623415,0.3108993448481238,0.2139423076923076,0.3726076555023923,1,
Dennis Smith,0.2730061349693251,0.4862385321100917,0.6415841584158416,0.5463320463320464,0.5933456561922366,0.4503676470588235,0.5610119047619048,0.2415094339622641,0.3902439024390244,0.3808630393996248,0,0.6979362101313321
Deon Grant,0.7774798927613941,0.8774728781110402,0.9363411619283064,0.9103658536585366,0.9087061668681984,0.884127942063971,0.9118522930315665,0.9050480769230768,0.9252392344497608,0.9517078916372202,0,0.9376513317191284
Derek Carr,0.1282051282051282,0.1845697329376854,0.1941348973607038,0.1664719626168224,0.129585798816568,0.1192605843768634,0.1165501165501165,0.0983323749281196,0.0972553699284009,0.1030150753768844,1,
Derek Smith,0.1038525963149078,0.1205211726384364,0.1965678627145085,0.6698529411764705,0.8156836461126006,0.8736439055520102,0.9004944375772559,0.8890243902439025,0.9008464328899636,0.8479179239589619,0,0.8409767718880286
Derland Moore,0.0653266331658291,0.0784313725490196,0.0941704035874439,0.0165975103734439,0.0275590551181102,0.0183823529411764,0.0278745644599303,0.0462046204620462,0.0552147239263803,0.3211009174311927,0,0.601980198019802
Deron Cherry,0.1380368098159509,0.0779816513761468,0.7168316831683168,0.9208494208494208,0.9907578558225508,0.9963235294117648,0.9851190476190476,0.9905660377358492,0.9549718574108818,0.953095684803002,0,0.8255159474671669
Derrick Brooks,0.4180887372013652,0.6660929432013769,0.897822445561139,0.9381107491856676,0.984399375975039,1.0,0.9973190348525468,0.9993618379068284,0.9975278121137208,0.9945121951219512,0,0.9758162031438936
Derrick Johnson,0.5761789600967352,0.6523579201934704,0.6487628243814122,0.5769462884731442,0.7474687313877308,0.8359375,0.944976076555024,0.9540636042402828,0.9661016949152542,0.9293478260869564,0,0.9400838825644098
Derrick Mason,0.1890080428954423,0.144862795149968,0.1501854140914709,0.2439024390243902,0.3458282950423216,0.3500301750150875,0.3585467540202501,0.3395432692307692,0.4102870813397129,0.395170789163722,1,
Derrick Thomas,0.525328330206379,0.8574108818011257,0.9906191369606004,0.9981412639405204,1.0,0.994328922495274,0.9744027303754266,0.9896729776247848,0.9547738693467336,0.977198697068404,0,0.9563182527301092
Deshea Townsend,0.6,0.7164879356568364,0.7989789406509253,0.8411619283065513,0.926219512195122,0.939540507859734,0.9263729631864815,0.8624181060154854,0.8419471153846154,0.8624401913875598,0,0.7950530035335689
Desmond Clark,0.3419117647058823,0.3029490616621983,0.3611997447351627,0.3702101359703337,0.3804878048780488,0.5223700120918985,0.5147857573928787,0.50565812983919,0.2001201923076923,0.1722488038277512,0,0.163133097762073
Devin Hester,0.3789981894990947,0.391304347826087,0.4056490384615384,0.2200956937799043,0.2208480565371024,0.059322033898305,0.1998792270531401,0.1252246854403834,0.5754323196183662,0.5691394658753709,0,0.5788856304985337
Devin McCourty,0.8221436984687868,0.8995157384987893,0.9704106280193237,0.9131216297183944,0.924865831842576,0.8783382789317508,0.8909090909090909,0.8802570093457944,0.9189349112426036,0.9499105545617174,0,0.9708624708624708
Dewayne Washington,0.6238185255198487,0.7474402730375427,0.8605851979345955,0.7470686767169179,0.9267100977198696,0.8970358814352574,0.9551470588235296,0.9001340482573726,0.9227823867262284,0.8745364647713226,0,0.8603658536585366
Dexter Coakley,0.5041876046901173,0.7182410423452769,0.9001560062402496,0.9257352941176472,0.9571045576407506,0.9476707083599234,0.969097651421508,0.9170731707317074,0.8518742442563483,0.7833433916716959,1,
Dexter Davis,0.1728624535315985,0.1707779886148007,0.1776937618147448,0.0784982935153583,0.0774526678141136,0.0770519262981574,0.0684039087947882,0.0717628705148206,0.0235294117647058,0.0201072386058981,0,0.0153158902361199
Dexter Jackson,0.5345588235294118,0.8203753351206434,0.9151244416081684,0.9728059332509272,0.928658536585366,0.8802902055622733,0.8219674109837055,0.8993448481238833,0.8467548076923077,0.7463942307692307,1,
Dexter Manley,0.3990825688073394,0.700990099009901,0.8957528957528957,0.9316081330868762,0.9522058823529412,0.90625,0.8245283018867925,0.7204502814258912,0.6060037523452158,0.7560975609756098,1,
Dexter McCleon,0.1139028475711892,0.265472312703583,0.4726989079563182,0.8602941176470589,0.9168900804289544,0.8947032546266752,0.8949320148331273,0.848780487804878,0.8615477629987908,0.756185878092939,1,
Dhani Jones,0.5898123324396782,0.7306955966815571,0.8677379480840544,0.8981707317073171,0.8760580411124547,0.8177429088714544,0.8445503275759381,0.9074519230769232,0.9521531100478468,0.9617196702002356,1,
Dion Lewis,0.1035108958837772,0.1165458937198067,0.1180347513481126,0.0429338103756708,0.0409495548961424,0.039882697947214,0.0420560747663551,0.0343195266272189,0.0363744782349433,0.1165501165501165,1,
Domata Peko,0.6288473144236573,0.7248362120309708,0.7944711538461539,0.7559808612440191,0.7538280329799765,0.7530266343825666,0.8031400966183575,0.8322348711803476,0.7984496124031008,0.7940652818991097,0,0.7777126099706745
Dominic Raiola,0.1289087428206764,0.1915945611866502,0.2298780487804878,0.1469165659008464,0.3258901629450815,0.3186420488385944,0.3167067307692308,0.2117224880382775,0.1472320376914016,0.1186440677966101,0,0.0440821256038647
Dominique Rodgers-Cromartie,0.7878605769230769,0.916267942583732,0.9705535924617196,0.9073849878934624,0.8623188405797102,0.8603954463750749,0.8956469886702445,0.9281899109792284,0.9472140762463344,0.9334112149532712,0,0.8355029585798817
Don Griffin,0.3069852941176471,0.6473214285714286,0.5792452830188679,0.5816135084427767,0.5684803001876173,0.776735459662289,0.8308550185873605,0.7703984819734345,0.8071833648393195,0.757679180887372,0,0.7383820998278829
Don McNeal,0.4785478547854785,0.3680981595092024,0.7270642201834863,0.4514851485148515,0.5482625482625483,0.2809611829944547,0.3860294117647059,0.3095238095238095,0.2716981132075471,0.2157598499061913,1,
Don Muhlbach,0.0975609756097561,0.2031438935912938,0.2486421243210621,0.2787373436569386,0.3118990384615384,0.5340909090909091,0.5471142520612485,0.5193704600484261,0.4070048309178743,0.1839424805272618,0,0.0429338103756708
Donald Driver,0.3102941176470588,0.4242627345844504,0.5398851308232291,0.5395550061804697,0.5176829268292683,0.4147521160822249,0.4188292094146047,0.3704586063132817,0.3106971153846153,0.3247607655502392,0,0.3698468786808009
Donald Penn,0.1042287075640262,0.1905048076923076,0.2673444976076555,0.2208480565371024,0.259685230024213,0.25,0.2540443379269023,0.1806797853309481,0.2362017804154302,0.2346041055718475,0,0.1664719626168224
Donnell Thompson,0.2614678899082568,0.403960396039604,0.4845559845559845,0.5637707948243993,0.6397058823529411,0.8095238095238095,0.779245283018868,0.8780487804878049,0.8030018761726079,0.7786116322701688,1,
Donnie Edwards,0.1755593803786574,0.6532663316582915,0.8892508143322475,0.9953198127925116,0.9955882352941176,0.9919571045576407,0.9853222718570516,0.9876390605686032,0.9951219512195122,0.9939540507859734,0,0.9969824984912492
Donnie Jones,0.0975609756097561,0.2460701330108827,0.2896801448400724,0.228707564026206,0.1844951923076923,0.2033492822966507,0.2756183745583039,0.2487893462469733,0.3538647342995169,0.3648891551827442,1,
Donnie Shell,0.0784313725490196,0.3094170403587444,0.4356846473029045,0.5433070866141733,0.6176470588235294,0.7560975609756098,0.9405940594059404,0.9355828220858896,0.981651376146789,0.9445544554455444,0,0.971042471042471
Dont'a Hightower,0.6582125603864735,0.7825044937088077,0.8884913536076327,0.8824925816023739,0.8897360703812317,0.8160046728971962,0.823076923076923,0.8372093023255814,0.8193473193473193,0.7791834387579069,1,
Donte Whitner,0.6982498491249246,0.8260869565217391,0.8804086538461539,0.9066985645933014,0.941696113074205,0.971549636803874,0.9770531400966184,0.9580587177950868,0.966010733452594,0.9507418397626112,0,0.9255131964809384
Donte' Stallworth,0.1914486279514997,0.2354758961681087,0.3530487804878048,0.3911729141475211,0.4061557030778515,0.3722453841572364,0.2878605769230769,0.2362440191387559,0.163133097762073,0.137409200968523,1,
Doug Evans,0.2770398481973434,0.5879017013232514,0.8054607508532423,0.955249569707401,0.949748743718593,0.9104234527687296,0.750390015600624,0.8691176470588236,0.9611260053619304,0.9514996809189534,0,0.9066749072929544
Drayton Florence,0.453646477132262,0.7073170731707317,0.7678355501813785,0.852142426071213,0.8379988088147707,0.8311298076923077,0.8074162679425837,0.892226148409894,0.9449152542372882,0.9390096618357489,0,0.8951467944877172
Dre Kirkpatrick,0.2669082125603865,0.7339724385859796,0.83840190816935,0.8694362017804155,0.8633431085043989,0.901285046728972,0.8840236686390532,0.8354203935599285,0.8135198135198135,0.7780333525014376,1,
Dre' Bly,0.3666146645865835,0.7823529411764706,0.922922252010724,0.9144862795149968,0.9555006180469716,0.9457317073170732,0.9613059250302296,0.9245624622812312,0.9291244788564622,0.8936298076923077,0,0.9007177033492823
Drew Brees,0.0727504786215698,0.1279357231149567,0.1115853658536585,0.1789600967351874,0.1092335546167773,0.2805241215008934,0.2836538461538461,0.3116028708133971,0.2208480565371024,0.2052058111380145,0,0.2717391304347826
Duane Bickett,0.4639556377079482,0.8272058823529411,0.980654761904762,0.979245283018868,0.9737335834896812,0.9174484052532832,0.8799249530956847,0.8643122676579925,0.8595825426944972,0.6824196597353497,0,0.4846416382252559
Duane Brown,0.2253605769230769,0.3397129186602871,0.35924617196702,0.2294188861985472,0.0513285024154589,0.1677651288196525,0.1449016100178891,0.2225519287833827,0.1401759530791788,0.1226635514018691,0,0.0343195266272189
Dunta Robinson,0.8792682926829268,0.9353083434099152,0.9698249849124924,0.874329958308517,0.8395432692307693,0.7864832535885168,0.7932862190812721,0.809322033898305,0.8405797101449275,0.8178550029958058,1,
Duron Harmon,0.6842420611144397,0.7692307692307693,0.8498516320474777,0.849266862170088,0.8796728971962616,0.8810650887573964,0.8753726893261777,0.8945221445221445,0.8711903392754456,0.951670644391408,0,0.908291457286432
Dustin Colquitt,0.1390568319226118,0.1804465902232951,0.1715306730196545,0.0865384615384615,0.0873205741626794,0.2373380447585394,0.3190072639225181,0.3085748792270531,0.2516476932294787,0.1621943947525342,0,0.1489614243323442
Dwan Edwards,0.0975609756097561,0.5707376058041113,0.5781532890766445,0.6896962477665277,0.6328125,0.756578947368421,0.8168433451118964,0.8577481840193705,0.8707729468599034,0.8460155781905333,0,0.8783542039355993
Dwayne Harper,0.1528301886792452,0.399624765478424,0.6529080675422139,0.8442776735459663,0.933085501858736,0.8690702087286527,0.7901701323251418,0.726962457337884,0.6592082616179001,0.6499162479061976,0,0.4755700325732899
Dwayne Woodruff,0.2229965156794425,0.3795379537953795,0.6319018404907976,0.8944954128440367,0.9386138613861386,0.972972972972973,0.9205175600739371,0.7702205882352942,0.8020833333333334,0.839622641509434,0,0.9643527204502814
Dwight Freeney,0.8915124441608169,0.984548825710754,0.998780487804878,0.9975816203143894,0.987929993964997,0.963073257891602,0.9561298076923076,0.9706937799043064,0.9893992932862192,0.9830508474576272,0,0.9516908212560388
E.J. Junior,0.1012269938650306,0.128440366972477,0.4297029702970297,0.5096525096525096,0.6987060998151571,0.5716911764705882,0.6041666666666666,0.2679245283018868,0.2851782363977486,0.324577861163227,0,0.3395872420262664
Earl Holmes,0.0895008605851979,0.4589614740368509,0.6742671009771987,0.6318252730109204,0.8610294117647059,0.8974530831099196,0.9591576260370134,0.9252163164400494,0.8817073170731707,0.8669891172914147,1,
Earl Thomas,0.7915194346289752,0.9055690072639224,0.9794685990338164,0.9850209706411024,0.9898628503279666,0.9869436201780416,0.9777126099706744,0.9789719626168224,0.955621301775148,0.9600477042337509,1,
Earnest Rhone,0.2017937219730941,0.2074688796680498,0.2007874015748031,0.2022058823529411,0.3937282229965156,0.6336633663366337,0.8558282208588958,0.8990825688073395,0.9188118811881189,0.6505791505791506,1,
Ebenezer Ekuban,0.1606864274570983,0.7573529411764706,0.7835120643431636,0.7849393746011487,0.7527812113720643,0.8634146341463415,0.8911729141475212,0.8937839468919735,0.7998808814770697,0.8221153846153846,1,
Ed Reed,0.795788130185067,0.945611866501854,1.0,0.996372430471584,0.9939649969824984,0.9452054794520548,0.9969951923076924,0.9982057416267942,0.9976442873969376,0.9860774818401936,0,0.982487922705314
Eddie Edwards,0.0808823529411764,0.0662020905923344,0.1122112211221122,0.0552147239263803,0.3807339449541284,0.6316831683168317,0.7934362934362934,0.822550831792976,0.8345588235294118,0.7544642857142857,0,0.4830188679245283
Eddie Robinson,0.3197026022304832,0.4667931688804554,0.44234404536862,0.6825938566552902,0.7246127366609294,0.8542713567839196,0.760586319218241,0.8471138845553822,0.9272058823529412,0.9457104557640752,0,0.9119336311423102
Eli Manning,0.1620011911852293,0.1604567307692307,0.1770334928229665,0.0400471142520612,0.0405569007263922,0.0440821256038647,0.0437387657279808,0.0429338103756708,0.0409495548961424,0.039882697947214,0,0.0420560747663551
Ellis Johnson,0.2337883959044368,0.2306368330464716,0.661641541038526,0.7752442996742671,0.8720748829953198,0.9102941176470588,0.8920911528150134,0.8927887683471601,0.9017305315203956,0.9109756097560976,1,
Elvis Dumervil,0.7447193723596862,0.9469922572960096,0.9717548076923076,0.9916267942583732,0.9363957597173144,0.9388619854721548,0.9190821256038648,0.976033553025764,0.9952295766249256,0.9816023738872404,0,0.972434017595308
Emmanuel Sanders,0.565959952885748,0.5811138014527845,0.5948067632850241,0.5074895146794488,0.3076923076923077,0.3810089020771513,0.363049853372434,0.3685747663551402,0.2213017751479289,0.2468694096601073,0,0.2348484848484848
Eric Allen,0.4169811320754717,0.7185741088180112,0.8930581613508443,0.8649155722326454,0.8420074349442379,0.952561669829222,0.9527410207939508,0.9488054607508531,0.7074010327022375,0.6231155778894473,0,0.6677524429967426
Eric Barton,0.2090483619344773,0.5977941176470588,0.6957104557640751,0.8730057434588385,0.9326328800988876,0.9786585365853658,0.8990326481257558,0.9016294508147256,0.8534842167957117,0.924278846153846,0,0.8845693779904307
Eric Davis,0.1519699812382739,0.1407129455909943,0.4907063197026022,0.7969639468690702,0.8638941398865785,0.9266211604095564,0.9001721170395869,0.9128978224455612,0.9169381107491856,0.9141965678627144,0,0.9852941176470588
Eric Hill,0.0262664165103189,0.1069418386491557,0.1350844277673546,0.0947955390334572,0.0929791271347248,0.1172022684310018,0.1723549488054607,0.144578313253012,0.0938023450586264,0.1123778501628664,1,
Eric Swann,0.1726078799249531,0.6301115241635687,0.7172675521821632,0.8563327032136105,0.8276450511945392,0.8709122203098106,0.8458961474036851,0.8208469055374593,0.7987519500780031,0.825735294117647,1,
Eric Weddle,0.6354973198332341,0.8131009615384616,0.9138755980861244,0.9593639575971732,0.9763922518159808,0.9855072463768116,0.9892150988615938,0.9815146094215862,0.9477744807121662,0.9648093841642228,0,0.9877336448598132
Eric Weems,0.180889423076923,0.4108851674641148,0.4805653710247349,0.5072639225181598,0.5694444444444444,0.6375074895146795,0.7036374478234944,0.6759643916913947,0.6668621700879765,0.5292056074766355,1,
Eric Williams,0.2095588235294117,0.3832752613240418,0.6039603960396039,0.4478527607361963,0.2660550458715596,0.0811881188118811,0.2567567567567567,0.5415896487985212,0.7356746765249538,0.7959558823529411,0,0.7794117647058824
Eric Wright1,0.2852760736196319,0.4082568807339449,0.7801980198019802,0.6467181467181468,0.5822550831792976,0.119485294117647,0.0758928571428571,0.1037735849056603,0.2420262664165103,0.3170731707317073,0,0.2120075046904315
Erik Howard,0.0827205882352941,0.4657738095238095,0.5264150943396226,0.6904315196998124,0.6360225140712945,0.5722326454033771,0.20817843866171,0.3415559772296015,0.502835538752363,0.658703071672355,1,
Erik Walden,0.4362980769230769,0.4688995215311005,0.6342756183745583,0.7941888619854721,0.8719806763285024,0.9017375674056322,0.8950506857483602,0.8777448071216617,0.943108504398827,0.9281542056074766,1,
Ernie Logan,0.150093808630394,0.1784386617100371,0.2163187855787476,0.1209829867674858,0.2150170648464164,0.1549053356282272,0.152428810720268,0.3371335504885993,0.4804992199687987,0.8110294117647059,1,
Ethan Albright,0.4632352941176471,0.4819034852546917,0.4958519463943842,0.4468479604449938,0.3603658536585366,0.3887545344619105,0.5178032589016295,0.5187611673615247,0.5048076923076923,0.1537081339712918,1,
Eugene Daniel,0.3861003861003861,0.7615526802218114,0.9117647058823528,0.925595238095238,0.8264150943396227,0.8292682926829268,0.7410881801125704,0.6904315196998124,0.5260223048327137,0.6565464895635673,0,0.6502835538752363
Eugene Marve,0.5412844036697247,0.8158415841584158,0.7316602316602316,0.5009242144177449,0.4025735294117647,0.5267857142857143,0.6943396226415094,0.4296435272045028,0.5103189493433395,0.273921200750469,1,
Eugene Robinson,0.2920517560073937,0.6268382352941176,0.918154761904762,0.9113207547169812,0.9193245778611632,0.900562851782364,0.9362101313320824,0.9646840148698884,0.9905123339658444,0.9810964083175804,0,0.9641638225255972
Evander Hood,0.4778708133971291,0.6277974087161367,0.6852300242130751,0.7427536231884058,0.7663271420011983,0.7447823494335122,0.6629080118694362,0.6551319648093842,0.639018691588785,0.6603550295857988,1,
Everson Griffen,0.4057714958775029,0.6803874092009685,0.8725845410628019,0.9221090473337328,0.9576624925462136,0.9501483679525222,0.9853372434017597,0.9889018691588785,0.9798816568047336,0.9481216457960644,0,0.8851981351981352
Everson Walls,0.7914110429447853,0.9793577981651376,0.988118811881188,0.9517374517374516,0.8484288354898336,0.8161764705882353,0.9434523809523808,0.8188679245283019,0.6660412757973734,0.6979362101313321,0,0.7617260787992496
Fernando Bryant,0.374414976599064,0.7264705882352941,0.7855227882037533,0.7587747287811104,0.7571075401730532,0.7701219512195122,0.7067714631197098,0.6916113458056729,0.7659321024419298,0.7379807692307693,1,
Fletcher Cox,0.6817632850241546,0.7759137207908927,0.9028026237328562,0.968545994065282,0.9841642228739004,0.977803738317757,0.959171597633136,0.958855098389982,0.951048951048951,0.9493962047153536,0,0.934964200477327
Flozell Adams,0.2588235294117647,0.131367292225201,0.0899808551372048,0.0797280593325092,0.4432926829268293,0.4516324062877871,0.4544357272178636,0.0446694460988683,0.180889423076923,0.208133971291866,0,0.2797408716136631
Frank Gore,0.0918984280532043,0.2444176222088111,0.3436569386539607,0.3599759615384615,0.3116028708133971,0.2756183745583039,0.1937046004842615,0.1968599033816425,0.1180347513481126,0.0429338103756708,0,0.0409495548961424
Frank Warren,0.0321100917431192,0.1465346534653465,0.2027027027027027,0.2846580406654344,0.3253676470588235,0.5074404761904762,0.3339622641509434,0.3808630393996248,0.2945590994371482,0.4446529080675422,0,0.2918215613382899
Fred McNeill,0.0493273542600896,0.0705394190871369,0.1811023622047244,0.2720588235294117,0.2613240418118467,0.2409240924092409,0.2147239263803681,0.1513761467889908,0.1544554455445544,0.0579150579150579,1,
Fred Robbins,0.4735294117647058,0.6112600536193029,0.6566687938736439,0.7249690976514215,0.825,0.8464328899637243,0.9070609535304768,0.8731387730792138,0.9002403846153846,0.8235645933014354,0,0.8515901060070671
Fred Stokes,0.0684523809523809,0.0981132075471698,0.3771106941838649,0.5947467166979362,0.7861163227016885,0.7992565055762082,0.825426944971537,0.722117202268431,0.6979522184300341,0.4716006884681583,1,
Fred Strickland,0.2566037735849056,0.5553470919324578,0.6303939962476548,0.6041275797373359,0.1821561338289963,0.1764705882352941,0.3553875236294896,0.3720136518771331,0.6024096385542169,0.6113902847571189,1,
Fred Taylor,0.3102941176470588,0.1963806970509383,0.1550733886407147,0.1279357231149567,0.1823170731707317,0.1874244256348246,0.100181050090525,0.0327575938058368,0.0372596153846153,0.0873205741626794,1,
Fred Weary,0.3306188925081433,0.469578783151326,0.8242647058823529,0.7533512064343163,0.7358008934269304,0.6161928306551298,0.5890243902439024,0.407496977025393,0.048280024140012,0.1274568195354377,1,
Freddie Joe Nunn,0.3733826247689464,0.5790441176470589,0.8675595238095238,0.9528301886792452,0.9305816135084428,0.9136960600375236,0.8968105065666041,0.9219330855018588,0.9089184060721064,0.6313799621928167,1,
Frostee Rucker,0.5729600952948184,0.7097355769230769,0.7727272727272727,0.7750294464075382,0.7548426150121066,0.7964975845410628,0.7968843618933493,0.8258795468097794,0.8189910979228486,0.8463343108504399,0,0.7797897196261683
Garrison Sanborn,0.0873205741626794,0.4870435806831567,0.5012106537530266,0.5229468599033816,0.4871180347513481,0.4579606440071556,0.4551928783382789,0.4439882697947214,0.4141355140186916,0.4402366863905325,1,
Gary Fencik,0.4488188976377952,0.7720588235294118,0.9233449477351916,0.858085808580858,0.9233128834355828,0.9174311926605504,0.9148514851485148,0.8127413127413128,0.8576709796672828,0.9099264705882352,1,
Gary Plummer,0.3547794117647059,0.6904761904761905,0.6,0.3377110694183864,0.0375234521575985,0.3377110694183864,0.6263940520446096,0.8064516129032258,0.7448015122873346,0.7030716723549488,1,
Gary Walker,0.1160409556313993,0.2771084337349397,0.4271356783919598,0.3908794788273615,0.5101404056162246,0.7477941176470588,0.8498659517426274,0.8621569878749202,0.8071693448702101,0.7408536585365854,0,0.6517533252720678
Geno Atkins,0.5783274440518257,0.8432203389830508,0.9565217391304348,0.964050329538646,0.9296362552176506,0.8919881305637982,0.9266862170087976,0.9439252336448598,0.9260355029585798,0.9063804412641622,0,0.8205128205128205
George Jamison,0.119047619047619,0.7188679245283018,0.8180112570356473,0.8705440900562852,0.7729831144465291,0.91635687732342,0.9506641366223908,0.9054820415879016,0.7201365187713311,0.4354561101549053,0,0.2780569514237856
George Martin,0.389763779527559,0.4154411764705882,0.3797909407665505,0.0462046204620462,0.0552147239263803,0.5114678899082569,0.6297029702970297,0.6293436293436293,0.7060998151571165,0.8988970588235294,0,0.9404761904761904
George Wilson,0.1390568319226118,0.1092335546167773,0.737343656938654,0.7884615384615384,0.9294258373205742,0.9204946996466432,0.9782082324455206,0.9305555555555556,0.902935889754344,0.8091830649970185,1,
Gerald McCoy,0.6036513545347467,0.6253026634382567,0.7342995169082126,0.81725584182145,0.8861061419200954,0.9014836795252226,0.8973607038123167,0.8948598130841121,0.8615384615384616,0.8455575432319619,1,
Gerald Williams,0.2150735294117647,0.4255952380952381,0.4509433962264151,0.4840525328330206,0.5834896810506567,0.5891181988742964,0.4888475836431227,0.4269449715370019,0.500945179584121,0.3805460750853242,0,0.4647160068846815
Gerard Warren,0.6648793565683646,0.7906828334396937,0.869592088998764,0.8731707317073171,0.8524788391777509,0.8141219070609536,0.7921381774865992,0.8179086538461539,0.8241626794258373,0.8133097762073027,0,0.7282082324455206
Gilbert Brown,0.2060491493383743,0.2133105802047781,0.3941480206540447,0.3852596314907873,0.3941368078175896,0.2152886115444617,0.0235294117647058,0.5013404825737265,0.5851946394384173,0.6242274412855378,1,
Gill Byrd,0.2415841584158415,0.6776061776061776,0.8853974121996303,0.9503676470588236,0.7857142857142857,0.8415094339622642,0.8836772983114447,0.9793621013133208,0.9568480300187616,0.9442379182156134,1,
Giovani Bernard,0.10964649490713,0.5313059033989267,0.5133531157270029,0.5319648093841642,0.259929906542056,0.3094674556213018,0.2367322599880739,0.2243589743589743,0.2144910868315123,0.2446300715990453,1,
Glen Edwards,0.2481751824817518,0.3850574712643678,0.9246231155778896,0.9950980392156864,0.9955156950672646,0.975103734439834,0.952755905511811,0.9448529411764706,0.9094076655052264,0.966996699669967,0,0.9171779141104296
Glover Quin,0.6070574162679426,0.8162544169611308,0.8601694915254238,0.9142512077294686,0.9298981426003596,0.9844961240310076,0.9863501483679524,0.98475073313783,0.985981308411215,0.9644970414201184,1,
Golden Tate,0.1035108958837772,0.1739130434782608,0.170760934691432,0.2242098986285032,0.1548961424332344,0.1730205278592375,0.1921728971962616,0.2863905325443787,0.3202146690518783,0.3117715617715618,1,
Grady Jackson,0.3403908794788273,0.5522620904836193,0.9058823529411764,0.9182305630026808,0.9298021697511168,0.907292954264524,0.8554878048780488,0.8198307134220073,0.7296318648159325,0.7409172126265634,0,0.7037259615384616
Greg Biekert,0.5066162570888468,0.6962457337883959,0.6643717728055077,0.5577889447236181,0.757328990228013,0.9126365054602184,0.9654411764705882,0.9436997319034852,0.9291640076579452,0.9128553770086528,1,
Greg Ellis,0.3338762214983713,0.7862714508580343,0.9375,0.967828418230563,0.9489470325462668,0.9802224969097652,0.9792682926829268,0.973397823458283,0.9499094749547374,0.9678379988088148,0,0.963341346153846
Greg Jackson,0.3789868667917448,0.5328330206378987,0.8903345724907064,0.888045540796964,0.9735349716446124,0.9812286689419796,0.9672977624784854,0.9045226130653268,0.8583061889250815,0.6645865834633385,0,0.7382352941176471
Greg Jones,0.1273031825795645,0.2394136807817589,0.2652106084243369,0.5845588235294118,0.5475871313672922,0.5430759412890874,0.4622991347342398,0.3664634146341463,0.3694074969770254,0.3741701870850935,0,0.3984514592019059
Greg Kragen,0.044362292051756,0.0606617647058823,0.375,0.3849056603773585,0.6285178236397748,0.651031894934334,0.6529080675422139,0.7695167286245354,0.7514231499051234,0.6086956521739131,0,0.6006825938566553
Greg Little,0.1035108958837772,0.3164251207729469,0.4128220491312163,0.3750745378652355,0.2652818991097923,0.039882697947214,0.0420560747663551,0.0343195266272189,0.0363744782349433,0.0256410256410256,0,0.02242668200115
Greg Lloyd,0.020754716981132,0.3714821763602251,0.5422138836772983,0.7448405253283302,0.637546468401487,0.5351043643263758,0.5935727788279773,0.7150170648464164,0.6557659208261618,0.5142378559463987,0,0.249185667752443
Greg Olsen,0.1042287075640262,0.5036057692307693,0.5047846889952153,0.5129564193168433,0.3177966101694915,0.3659420289855072,0.2822049131216297,0.1991651759093619,0.3008902077151335,0.3589442815249267,1,
Greg Spires,0.1986970684039088,0.2620904836193448,0.8022058823529412,0.863941018766756,0.9100191448627952,0.8739184177997528,0.9378048780487804,0.930471584038694,0.9312009656004828,0.8117927337701013,1,
Greg Townsend,0.2376237623762376,0.3127413127413127,0.4584103512014787,0.4889705882352941,0.6592261904761905,0.7867924528301887,0.7936210131332082,0.8855534709193246,0.8161350844277674,0.7657992565055762,0,0.5882352941176471
Greg Warren,0.2992744860943168,0.3729631864815932,0.4133412745681953,0.3894230769230769,0.3630382775119617,0.3563015312131919,0.3190072639225181,0.4051932367149758,0.3936488915518274,0.4108527131782946,1,
Greg Zuerlein,0.1630434782608695,0.1977231875374475,0.2599880739415623,0.2902077151335311,0.3472140762463343,0.2932242990654206,0.2491124260355029,0.1067382230172927,0.0571095571095571,0.02242668200115,0,0.0739856801909307
Gregg Bingham,0.3316582914572864,0.6519607843137255,0.820627802690583,0.8381742738589212,0.7716535433070866,0.5294117647058824,0.6341463414634146,0.5313531353135313,0.8957055214723927,0.9426605504587156,0,0.9683168316831684
Haloti Ngata,0.6729028364514182,0.7939249553305538,0.8641826923076923,0.8702153110047847,0.8722025912838633,0.925544794188862,0.9335748792270532,0.9065308568004792,0.8825283243887895,0.8486646884272997,0,0.8363636363636363
Hank Poteat,0.4397058823529411,0.4463806970509383,0.5539246968730057,0.5302843016069221,0.5073170731707317,0.5912938331318017,0.6584188292094146,0.7516378796902918,0.84375,0.8564593301435407,1,
Hardy Nickerson1,0.1415094339622641,0.1388367729831144,0.2607879924953096,0.1463414634146341,0.1412639405204461,0.1821631878557874,0.3062381852551984,0.3191126279863481,0.4096385542168674,0.3149078726968174,0,0.3029315960912052
Harry Carson,0.5,0.6306620209059234,0.6798679867986799,0.2699386503067484,0.4747706422018348,0.6079207920792079,0.749034749034749,0.6469500924214417,0.7371323529411765,0.7767857142857143,0,0.8905660377358491
Heath Miller,0.0918984280532043,0.2444176222088111,0.3776057176891007,0.4122596153846153,0.4455741626794258,0.4464075382803298,0.4443099273607748,0.4347826086956521,0.4224086279209107,0.3643410852713178,0,0.3649851632047478
Henry Jones,0.8717472118959108,0.9544592030360532,0.9886578449905482,0.9078498293515358,0.6678141135972461,0.5376884422110553,0.5960912052117264,0.5850234009360374,0.8470588235294118,0.7640750670241286,0,0.7951499680918953
Henry Thomas,0.4553571428571428,0.769811320754717,0.951219512195122,0.9568480300187616,0.902439024390244,0.7639405204460966,0.7893738140417458,0.8298676748582231,0.938566552901024,0.9328743545611016,0,0.9279731993299832
Hines Ward,0.4080882352941176,0.4028150134048257,0.408423739629866,0.3529048207663782,0.3414634146341463,0.3343409915356711,0.3283041641520821,0.2829064919594997,0.2878605769230769,0.2362440191387559,0,0.3021201413427561
Hollis Thomas,0.1703958691910499,0.5125628140703518,0.6775244299674267,0.7020280811232449,0.8904411764705882,0.8887399463806971,0.8474792597319719,0.6631644004944376,0.5768292682926829,0.6305925030229746,0,0.7145443572721787
Howie Long,0.5619266055045872,0.8811881188118812,0.9594594594594594,0.944547134935305,0.8841911764705882,0.9017857142857144,0.869811320754717,0.8161350844277674,0.7579737335834896,0.7579737335834896,0,0.7806691449814126
Hugh Douglas,0.4249146757679181,0.7263339070567987,0.8659966499162479,0.9087947882736156,0.7893915756630265,0.9448529411764706,0.941018766756032,0.9821314613911932,0.9604449938195304,0.899390243902439,1,
Hugh Green,0.5613496932515337,0.8486238532110092,0.9643564356435644,0.9305019305019304,0.9149722735674676,0.7077205882352942,0.6919642857142857,0.5037735849056604,0.6303939962476548,0.8424015009380863,0,0.726078799249531
Hunter Smith,0.175,0.3364611260053619,0.3350350989151244,0.3108776266996291,0.449390243902439,0.4540507859733978,0.4610742305371152,0.1882072662298987,0.1604567307692307,0.1770334928229665,0,0.1012956419316843
Ike Taylor,0.5111248454882571,0.6067073170731707,0.7412333736396615,0.8292094146047073,0.9338892197736748,0.916466346153846,0.9090909090909092,0.8680800942285041,0.8753026634382567,0.841183574879227,0,0.7908927501497903
Isaac Bruce,0.2588235294117647,0.2158176943699732,0.3509891512444161,0.3850432632880098,0.4810975609756097,0.5544135429262395,0.5461677730838865,0.4979154258487194,0.134014423076923,0.1537081339712918,1,
Isiah Robertson,0.4890510948905109,0.4425287356321839,0.7989949748743719,0.7009803921568627,0.9147982062780268,0.9045643153526972,0.8937007874015748,0.5588235294117647,0.5331010452961672,0.6633663366336634,0,0.7576687116564417
Israel Idonije,0.5091463414634146,0.596130592503023,0.6650573325286663,0.6861226920786182,0.7265625,0.7541866028708134,0.8881036513545347,0.9303874092009684,0.9595410628019324,0.8783702816057519,1,
J.B. Brown,0.0562851782363977,0.1163227016885553,0.4925650557620817,0.635673624288425,0.7107750472589792,0.6177474402730375,0.4578313253012048,0.271356783919598,0.1465798045602606,0.0717628705148206,0,0.3742647058823529
J.J. Jansen,0.3014354066985646,0.3998822143698469,0.4043583535108959,0.3514492753623188,0.3565008987417615,0.3422778771615981,0.3756676557863501,0.3431085043988269,0.3271028037383177,0.2928994082840236,0,0.330948121645796
J.J. Watt,0.6682808716707022,0.8870772946859904,0.9538645895745956,0.9970184853905784,0.997626112759644,0.9900293255131964,0.8714953271028038,0.827810650887574,0.8491353607632678,0.9393939393939394,0,0.8378378378378378
J.R. Reed,0.473780487804878,0.4703748488512696,0.496077248038624,0.5360333531864205,0.546875,0.5227272727272727,0.2243816254416961,0.0405569007263922,0.0440821256038647,0.0437387657279808,0,0.0429338103756708
J.T. Thomas~,0.1457286432160804,0.6127450980392157,0.7892376681614349,0.8713692946058091,0.7480314960629921,0.5551470588235294,0.2090592334494773,0.2376237623762376,0.4049079754601227,0.4174311926605504,1,
Jabaal Sheard,0.8498789346246973,0.917270531400966,0.9610545236668664,0.8771615980918307,0.9234421364985164,0.9167155425219942,0.9526869158878504,0.8923076923076924,0.8801431127012522,0.8187645687645687,0,0.718803910293272
Jabar Gaffney,0.1914486279514997,0.2354758961681087,0.2176829268292683,0.1789600967351874,0.1092335546167773,0.1113758189398451,0.0372596153846153,0.0873205741626794,0.2979976442873969,0.3401937046004842,1,
Jabari Greer,0.5048780487804878,0.6197097944377267,0.6421243210621606,0.7331745086360929,0.8431490384615384,0.9072966507177034,0.9346289752650176,0.8813559322033898,0.8756038647342995,0.8388256440982624,1,
Jack Del Rio,0.600739371534196,0.6213235294117647,0.8303571428571429,0.5547169811320755,0.5590994371482176,0.4108818011257035,0.0637898686679174,0.8252788104089219,0.9070208728652752,0.9773156899810964,0,0.9112627986348124
Jack Ham,0.2627737226277372,0.867816091954023,0.914572864321608,0.9411764705882352,0.7443946188340808,0.6970954356846473,0.610236220472441,0.7132352941176471,0.6480836236933798,0.6204620462046204,0,0.6809815950920245
Jack Lambert,0.2892156862745098,0.5426008968609866,0.6846473029045643,0.5826771653543307,0.6911764705882353,0.794425087108014,0.8283828382838284,0.8742331288343558,0.93348623853211,0.9584158415841584,1,
Jack Reynolds,0.4221105527638191,0.3725490196078431,0.5605381165919282,0.1742738589211618,0.1574803149606299,0.0183823529411764,0.0278745644599303,0.2475247524752475,0.7699386503067485,0.8646788990825688,0,0.8594059405940594
Jack Tatum,0.7518248175182481,0.913793103448276,0.9296482412060302,0.9166666666666666,0.8475336322869955,0.8672199170124482,0.9015748031496064,0.8933823529411765,0.8745644599303136,0.8943894389438944,1,
Jacob Green,0.5206422018348624,0.906930693069307,0.9845559845559846,1.0,0.9981617647058824,0.9970238095238096,0.969811320754717,0.924953095684803,0.874296435272045,0.7317073170731707,1,
Jahri Evans,0.1620011911852293,0.2073317307692307,0.3325358851674641,0.2703180212014134,0.1773607748184019,0.1630434782608695,0.1252246854403834,0.1323792486583184,0.0409495548961424,0.1612903225806451,0,0.2663551401869158
Jake McQuaide,0.1658595641646489,0.2391304347826087,0.2396644697423607,0.2242098986285032,0.2913946587537092,0.3302052785923753,0.2085280373831775,0.2875739644970414,0.2516398330351819,0.2406759906759907,0,0.1207590569292696
Jamaal Charles,0.180889423076923,0.3899521531100478,0.4075382803297998,0.3716707021791767,0.2077294685990338,0.3541042540443379,0.3410852713178294,0.3347181008902077,0.1941348973607038,0.1664719626168224,1,
Jamal Williams,0.2133550488599348,0.3104524180967238,0.7213235294117647,0.6890080428954424,0.7249521378430122,0.715698393077874,0.7695121951219512,0.7575574365175333,0.783946891973446,0.7849910661107802,0,0.7806490384615384
James Anderson,0.6306578153289076,0.6628945801072067,0.6688701923076923,0.7045454545454546,0.8992932862190812,0.975181598062954,0.9667874396135264,0.920910724985021,0.7978533094812165,0.7323442136498516,1,
James Carpenter,0.1035108958837772,0.1165458937198067,0.1180347513481126,0.0429338103756708,0.0409495548961424,0.1008797653958944,0.0566588785046729,0.144378698224852,0.1067382230172927,0.1695804195804195,1,
James Farrior,0.3936348408710218,0.3957654723127036,0.5491419656786272,0.7323529411764705,0.9296246648793566,0.9323548181238036,0.9567367119901112,0.975609756097561,0.987303506650544,0.9927579963789982,0,0.9809410363311496
James Francis,0.3846153846153846,0.6322701688555347,0.9460966542750928,0.8861480075901328,0.9130434782608696,0.7559726962457338,0.8795180722891566,0.88107202680067,0.7866449511400652,0.4898595943837753,1,
James Hall,0.5588235294117647,0.7446380697050938,0.8359923420548819,0.907911001236094,0.975,0.9776299879081016,0.9607724803862402,0.8749255509231686,0.8485576923076923,0.8438995215311005,0,0.9575971731448764
James Harrison,0.6432926829268293,0.7569528415961306,0.7821363910681955,0.9529481834425252,0.997596153846154,1.0,1.0,0.99818401937046,0.9957729468599034,0.9197124026363092,0,0.8867024448419797
James Hasty,0.4679245283018868,0.8424015009380863,0.9099437148217636,0.8911819887429644,0.8215613382899628,0.8614800759013282,0.9338374291115312,0.955631399317406,0.9294320137693632,0.8375209380234506,0,0.7785016286644951
James Hurst,0.1282051282051282,0.0694362017804154,0.1196480938416422,0.0420560747663551,0.0343195266272189,0.0363744782349433,0.0256410256410256,0.02242668200115,0.0739856801909307,0.1394472361809045,1,
James Jones,0.2720450281425891,0.3438661710037174,0.4174573055028463,0.3156899810964083,0.2883959044368601,0.1841652323580034,0.2747068676716918,0.3876221498371335,0.5273010920436817,0.7580882352941176,0,0.7171581769436998
James Trapp,0.1423149905123339,0.275992438563327,0.273037542662116,0.306368330464716,0.5108877721943048,0.5276872964169381,0.4867394695787831,0.6419117647058824,0.7359249329758714,0.816847479259732,0,0.7867737948084055
James Williams~,0.1726078799249531,0.2082551594746716,0.2589118198874296,0.2082551594746716,0.2620817843866171,0.3092979127134725,0.3681214421252372,0.4744801512287334,0.553875236294896,0.5767918088737202,0,0.4010327022375215
Jamie Collins,0.6141402037147993,0.9063804412641622,0.9934718100890207,1.0,0.991822429906542,0.9656804733727812,0.985092426952892,0.9965034965034965,0.9867740080506038,0.8657517899761337,1,
Jamie Winborn,0.6936997319034852,0.7300574345883855,0.8164400494437577,0.8719512195121951,0.8663845223700121,0.832226916113458,0.6509827278141751,0.7355769230769231,0.708732057416268,0.6778563015312132,1,
Janoris Jenkins,0.8490338164251208,0.8975434391851408,0.986881335718545,0.9596439169139466,0.9741935483870968,0.9661214953271028,0.9674556213017752,0.9761478831246272,0.9685314685314684,0.9557216791259344,0,0.8514319809069213
Jared Allen,0.6829268292682927,0.9262394195888756,0.9891369945684972,0.9988088147706968,0.9963942307692308,0.9976076555023924,0.9964664310954064,1.0,0.9993961352657004,0.999400838825644,0,0.97376267143709
Jared Cook,0.0873205741626794,0.3775029446407538,0.4225181598062954,0.447463768115942,0.3846614739364889,0.2128801431127012,0.228486646884273,0.2293255131964809,0.2745327102803738,0.3165680473372781,0,0.3202146690518783
Jarret Johnson,0.4388133498145859,0.6445121951219512,0.7285368802902056,0.7646348823174411,0.7992852888624181,0.8653846153846154,0.9354066985645934,0.9487632508833922,0.937046004842615,0.8804347826086957,0,0.8424206111443978
Jason Babin,0.6798780487804879,0.7956469165659008,0.8551599275799638,0.779630732578916,0.7067307692307693,0.6692583732057417,0.8751472320376914,0.9679176755447942,0.9915458937198068,0.9862192929898144,0,0.9272510435301132
Jason Baker,0.3217158176943699,0.2807913209955329,0.3868974042027194,0.3231707317073171,0.3724304715840387,0.2957151478575739,0.2787373436569386,0.2530048076923077,0.3738038277511962,0.3869257950530035,0,0.4049636803874092
Jason Belser,0.3996282527881041,0.7381404174573055,0.8241965973534972,0.8293515358361775,0.9018932874354562,0.9681742043551088,0.973941368078176,0.8814352574102964,0.9147058823529411,0.8317694369973191,0,0.8538608806636886
Jason Ferguson,0.2278056951423785,0.5260586319218241,0.6177847113884556,0.8139705882352941,0.6903485254691689,0.7128270580727505,0.8090234857849197,0.9115853658536586,0.8917775090689238,0.8255884127942064,0,0.6700416914830256
Jason Fisk,0.2358003442340791,0.4857621440536013,0.5993485342019544,0.6895475819032761,0.8595588235294118,0.8827077747989276,0.8347160178685387,0.8009888751545118,0.7469512195121951,0.7212817412333736,0,0.6614363307181653
Jason Gildon,0.1304347826086956,0.4283276450511945,0.6609294320137694,0.7504187604690117,0.8534201954397395,0.8502340093603744,0.9948529411764706,0.9986595174262736,0.998085513720485,0.9857849196538936,0,0.9231707317073172
Jason Hanson,0.3522058823529412,0.3760053619302949,0.372048500319081,0.3504326328800989,0.325,0.3591293833131802,0.3494266747133374,0.3138773079213818,0.3768028846153846,0.3755980861244019,0,0.3839811542991755
Jason Hatcher,0.5691007845503923,0.7391304347826086,0.7572115384615384,0.7589712918660287,0.6855123674911661,0.7911622276029056,0.8544685990338164,0.932893948472139,0.928443649373882,0.8908011869436202,1,
Jason Kelce,0.1035108958837772,0.1165458937198067,0.1180347513481126,0.1806797853309481,0.2362017804154302,0.2346041055718475,0.1226635514018691,0.2011834319526627,0.2945736434108527,0.3181818181818182,1,
Jason Kyle,0.2588235294117647,0.4752010723860589,0.5360561582641991,0.5327564894932015,0.4615853658536585,0.366384522370012,0.395896197948099,0.4145324597974985,0.3731971153846153,0.3959330143540669,0,0.5859835100117785
Jason McCourty,0.5077751196172249,0.6813898704358068,0.839588377723971,0.9106280193236715,0.8999400838825644,0.8896839594514013,0.7614243323442137,0.8217008797653959,0.8744158878504673,0.901775147928994,0,0.8861061419200954
Jason Peters,0.4536585365853658,0.4836759371221282,0.4912492456246228,0.3609291244788564,0.125,0.2906698564593301,0.3480565371024735,0.3093220338983051,0.1968599033816425,0.2846015578190533,0,0.2027429934406678
Jason Pierre-Paul,0.6366313309776207,0.8662227602905569,0.9547101449275364,0.9592570401437986,0.951103160405486,0.884272997032641,0.9038123167155424,0.8785046728971962,0.936094674556213,0.9266547406082288,0,0.9574592074592074
Jason Taylor,0.474036850921273,0.7654723127035831,0.8736349453978159,0.9875,0.9979892761394102,1.0,1.0,0.999390243902439,0.9969770253929868,1.0,0,1.0
Jason Witten,0.2428924598269468,0.3939024390243902,0.4347037484885127,0.4345202172601086,0.3722453841572364,0.2878605769230769,0.3038277511961722,0.2703180212014134,0.3220338983050847,0.2747584541062802,0,0.3307369682444577
Jay Bellamy,0.3958691910499139,0.5443886097152428,0.8469055374592834,0.858034321372855,0.9845588235294118,0.9684986595174264,0.978940650925335,0.9573547589616812,0.9560975609756096,0.8700120918984281,0,0.7610138805069403
Jay Cutler,0.0941460470730235,0.1399642644431209,0.2001201923076923,0.2960526315789473,0.3021201413427561,0.2808716707021791,0.2638888888888889,0.207309766327142,0.1991651759093619,0.1845697329376854,1,
Jay Feely,0.2969168900804289,0.3375877472878111,0.4017305315203955,0.3384146341463415,0.3712212817412333,0.3427881713940857,0.4175104228707564,0.4206730769230769,0.4377990430622009,0.4322732626619552,0,0.3523002421307506
Jay Ratliff,0.4582829504232164,0.7103198551599276,0.790946992257296,0.8888221153846154,0.930023923444976,0.9452296819787986,0.9019370460048426,0.7801932367149759,0.6884361893349311,0.7286821705426356,0,0.7062314540059347
Jeff Backus,0.3217158176943699,0.2807913209955329,0.3108776266996291,0.1310975609756097,0.1469165659008464,0.2154496077248038,0.1995235259082787,0.2518028846153846,0.3696172248803828,0.3869257950530035,0,0.3547215496368038
Jeff Bryant,0.4013761467889908,0.7108910891089109,0.9015444015444016,0.955637707948244,0.9007352941176472,0.8690476190476191,0.7735849056603774,0.8536585365853658,0.7823639774859287,0.7335834896810507,0,0.6468401486988847
Jeff Burris,0.2325141776937618,0.4078498293515358,0.5645438898450946,0.5745393634840871,0.6156351791530945,0.7051482059282371,0.9338235294117648,0.9537533512064345,0.9304403318442884,0.8757725587144622,1,
Jeff Faine,0.0797280593325092,0.2060975609756097,0.2218863361547763,0.1713940856970428,0.0327575938058368,0.0372596153846153,0.0873205741626794,0.1012956419316843,0.059322033898305,0.1068840579710145,1,
Jeff Feagles,0.175,0.0509383378016085,0.2086790044671346,0.2954264524103832,0.3371951219512195,0.3162031438935913,0.2190706095353047,0.0446694460988683,0.0757211538461538,0.1537081339712918,1,
Jeff Robinson,0.239089184060721,0.2911153119092627,0.3686006825938566,0.2117039586919105,0.2696817420435511,0.1840390879478827,0.1638065522620904,0.2588235294117647,0.3109919571045576,0.2737715379706445,0,0.3788627935723115
Jeff Saturday,0.2588235294117647,0.2707774798927614,0.3024888321633694,0.4857849196538937,0.4878048780487805,0.5411124546553809,0.4894387447193724,0.467540202501489,0.1502403846153846,0.0370813397129186,0,0.0400471142520612
Jeff Ulbrich,0.2676470588235294,0.7131367292225201,0.8117421825143587,0.8936959208899876,0.901219512195122,0.8712212817412334,0.8304164152082076,0.730196545562835,0.6808894230769231,0.6010765550239234,1,
Jeff Zgonina,0.1204819277108433,0.2328308207705192,0.2345276872964169,0.3510140405616224,0.6838235294117647,0.7587131367292225,0.8213146139119336,0.8386897404202719,0.8847560975609756,0.8428053204353083,0,0.8261919130959565
Jeremy Cain,0.2810975609756098,0.4226118500604595,0.4266747133373567,0.3895175699821322,0.1033653846153846,0.2595693779904306,0.290341578327444,0.4085956416464891,0.4396135265700483,0.4337926902336728,0,0.3983303518187239
Jerricho Cotchery,0.4317073170731707,0.4667472793228537,0.4858177429088715,0.4204883859440143,0.3936298076923077,0.3881578947368421,0.3892815076560659,0.2354721549636803,0.1340579710144927,0.2354703415218693,0,0.2778771615980918
Jerry Ball,0.2693452380952381,0.3415094339622641,0.6529080675422139,0.6679174484052532,0.6941838649155723,0.5687732342007435,0.7077798861480076,0.7069943289224953,0.689419795221843,0.7022375215146299,0,0.5628140703517588
Jerry Holmes,0.5368098159509203,0.768348623853211,0.8891089108910891,0.6486486486486487,0.4695009242144177,0.4908088235294117,0.7023809523809523,0.7415094339622641,0.8142589118198874,0.8986866791744841,0,0.874296435272045
Jerry Robinson,0.3102310231023102,0.6779141104294478,0.8371559633027523,0.8930693069306931,0.7644787644787645,0.5434380776340111,0.7481617647058824,0.9032738095238096,0.9547169811320756,0.8705440900562852,0,0.8086303939962477
Jessie Armstead,0.2561669829222011,0.4952741020793951,0.7218430034129693,0.8674698795180723,0.9530988274706867,0.98371335504886,0.9968798751950078,0.9882352941176472,0.9664879356568364,0.94256541161455,0,0.957972805933251
Jessie Tuggle,0.3125,0.1830188679245283,0.4559099437148217,0.5590994371482176,0.8236397748592871,0.9256505576208178,0.937381404174573,0.9262759924385632,0.9607508532423208,0.9225473321858864,0,0.8877721943048577
Jevon Kearse,0.717628705148206,0.963970588235294,0.9966487935656836,0.95405232929164,0.9505562422744128,0.9371951219512196,0.9691656590084644,0.8986119493059747,0.8481238832638476,0.8209134615384616,0,0.8032296650717703
Jim Jeffcoat,0.0594059405940594,0.4903474903474903,0.8817005545286506,0.9705882352941176,0.96875,0.9132075471698112,0.902439024390244,0.8761726078799249,0.8180112570356473,0.7899628252788105,0,0.777988614800759
Jim Kleinsasser,0.2588235294117647,0.2158176943699732,0.1646458200382897,0.2484548825710754,0.1701219512195122,0.2726723095525997,0.1804465902232951,0.2346634901727218,0.2001201923076923,0.2188995215311004,0,0.163133097762073
Jim Leonhard,0.3966142684401451,0.4791792395896198,0.7111375818939845,0.8215144230769231,0.9204545454545454,0.9045936395759716,0.8746973365617433,0.7983091787439613,0.8633912522468544,0.8789505068574835,1,
Jim Wilks,0.3440366972477064,0.594059405940594,0.6872586872586872,0.6210720887245841,0.59375,0.6458333333333334,0.6566037735849056,0.7598499061913696,0.7448405253283302,0.6810506566604128,0,0.5111524163568774
Jimmy Graham,0.1472320376914016,0.1186440677966101,0.1225845410628019,0.2240862792091072,0.5342874180083482,0.5204747774480712,0.5243401759530791,0.2184579439252336,0.1520710059171597,0.1192605843768634,0,0.1165501165501165
Jimmy Smith,0.3102941176470588,0.1963806970509383,0.1550733886407147,0.1915945611866502,0.3048780487804878,0.3760580411124546,0.3246831623415812,0.1667659321024419,0.0372596153846153,0.0370813397129186,0,0.0400471142520612
Jimmy Spencer,0.4858223062381852,0.6996587030716723,0.8743545611015491,0.7252931323283082,0.6482084690553745,0.5132605304212169,0.8845588235294117,0.920911528150134,0.8761965539246969,0.6829419035846724,1,
Jimmy Williams1,0.0825688073394495,0.1049504950495049,0.1274131274131274,0.1977818853974122,0.3216911764705882,0.6369047619047619,0.5094339622641509,0.6097560975609756,0.5084427767354597,0.4634146341463415,0,0.241635687732342
Joe Haden,0.8203769140164899,0.8789346246973365,0.9504830917874396,0.9233073696824444,0.9522957662492546,0.9002967359050446,0.8750733137829912,0.7879672897196262,0.8520710059171598,0.9075730471079309,0,0.948135198135198
Joe Johnson,0.3572778827977316,0.621160409556314,0.8072289156626506,0.8592964824120602,0.8973941368078175,0.7316692667706708,0.9316176470588236,0.943029490616622,0.9680918953414168,0.8349814585908529,1,
Joe Kelly,0.1323529411764706,0.4523809523809524,0.3283018867924528,0.5853658536585366,0.5215759849906192,0.7354596622889306,0.3066914498141264,0.50853889943074,0.5916824196597353,0.6552901023890785,1,
Joe Nedney,0.2969168900804289,0.393107849393746,0.4264524103831891,0.3615853658536585,0.2212817412333736,0.1852745926372963,0.2829064919594997,0.3323317307692308,0.3510765550239234,0.3339222614840989,1,
Joe Phillips,0.5029761904761905,0.5566037735849056,0.649155722326454,0.4371482176360225,0.4596622889305816,0.4591078066914498,0.5123339658444023,0.4650283553875236,0.5631399317406144,0.5456110154905336,0,0.4773869346733668
Joe Staley,0.1620011911852293,0.3497596153846153,0.3642344497607656,0.3392226148409894,0.137409200968523,0.1340579710144927,0.1791491911324146,0.1621943947525342,0.228486646884273,0.2727272727272727,0,0.308411214953271
Joe Thomas,0.1042287075640262,0.2265625,0.3415071770334928,0.3586572438162544,0.3650121065375302,0.3568840579710144,0.3361294188136609,0.2128801431127012,0.51513353115727,0.6041543026706232,0,0.6480938416422287
Joe Zelenka,0.3235294117647059,0.3632707774798928,0.3439693682195278,0.365265760197775,0.2451219512195122,0.3597339782345828,0.3077851538925769,0.3811792733770101,0.3064903846153846,0.2577751196172249,0,0.1012956419316843
Joel Bitonio,0.1806797853309481,0.2362017804154302,0.2797653958944281,0.3685747663551402,0.3781065088757396,0.3673225998807394,0.2243589743589743,0.1765382403680276,0.2255369928400954,0.2587939698492462,1,
Joey Porter,0.3962558502340094,0.8897058823529411,0.9792225201072386,0.9974473516273132,0.9944375772558716,0.9902439024390244,0.9824667472793228,0.9885334942667472,0.9851101846337106,0.989783653846154,0,0.986842105263158
John Abraham,0.6779411764705883,0.9490616621983914,0.98468410976388,0.9870210135970334,0.9603658536585366,0.9794437726723096,0.983705491852746,0.9833234067897558,0.984375,0.9808612440191388,0,0.9829210836277974
John Anderson,0.4926470588235294,0.445993031358885,0.4884488448844885,0.5705521472392638,0.9059633027522936,0.9762376237623762,0.9787644787644788,0.9463955637707948,0.7261029411764706,0.8125,0,0.6283018867924528
John Browning,0.1944922547332186,0.3735343383584589,0.3843648208469055,0.2761310452418096,0.6801470588235294,0.735254691689008,0.8321633694958519,0.7682323856613102,0.823170731707317,0.7889963724304716,1,
John Bunting,0.3793103448275862,0.371859296482412,0.5392156862745098,0.4080717488789238,0.4149377593360996,0.1181102362204724,0.1397058823529411,0.3519163763066202,0.4092409240924092,0.2085889570552147,0,0.3302752293577982
John Denney,0.3446191051995163,0.5015087507543754,0.5080405002977963,0.5090144230769231,0.4383971291866029,0.4487632508833922,0.4364406779661017,0.5277777777777778,0.5841821449970042,0.5951103160405486,0,0.542433234421365
John Harris,0.5073529411764706,0.6202090592334495,0.8745874587458746,0.950920245398773,0.9518348623853212,0.8534653465346534,0.6042471042471043,0.6025878003696857,0.7003676470588235,0.6934523809523809,0,0.5358490566037736
John Henderson,0.7230376515634971,0.8683559950556242,0.9408536585365852,0.9177750906892382,0.8630054315027158,0.8350208457415128,0.7932692307692307,0.8361244019138756,0.797997644287397,0.7608958837772397,1,
John Kuhn,0.3059746529873265,0.4264443120905301,0.4573317307692308,0.4700956937799043,0.469964664310954,0.4382566585956416,0.4148550724637681,0.3079688436189335,0.3041144901610018,0.3821958456973294,0,0.3806451612903225
John Lynch,0.3122866894197952,0.6901893287435457,0.8911222780569514,0.9446254071661238,0.9110764430577224,0.9536764705882352,0.9544235924932976,0.9336311423101468,0.9091470951792336,0.9134146341463416,0,0.9528415961305924
John Parrella,0.079696394686907,0.1153119092627599,0.2013651877133105,0.3149741824440619,0.4455611390284757,0.498371335504886,0.6505460218408736,0.8941176470588236,0.9121983914209116,0.8685386088066369,0,0.7311495673671199
John Randle,0.0562851782363977,0.3808630393996248,0.6951672862453532,0.857685009487666,0.9489603024574668,0.9675767918088736,0.9707401032702238,0.964824120603015,0.982084690553746,0.9890795631825272,0,0.975
John Sullivan,0.0873205741626794,0.1996466431095406,0.1773607748184019,0.2566425120772946,0.1252246854403834,0.1323792486583184,0.0409495548961424,0.039882697947214,0.0420560747663551,0.1159763313609467,1,
John Thornton,0.0525328330206379,0.0669144981412639,0.0759013282732447,0.0699432892249527,0.0631399317406143,0.06368330464716,0.0586264656616415,0.0684039087947882,0.31201248049922,0.725735294117647,0,0.7459785522788204
Johnathan Joseph,0.6065178032589016,0.813579511614056,0.900841346153846,0.9647129186602872,0.9528857479387516,0.9552058111380144,0.9269323671497584,0.926303175554224,0.958855098389982,0.9572700296735904,0,0.9331378299120234
Johnnie Johnson Jr.,0.6963696369636964,0.5644171779141104,0.658256880733945,0.6059405940594059,0.5772200772200772,0.7393715341959335,0.5367647058823529,0.59375,0.3396226415094339,0.3358348968105065,1,
Johnny Rembert,0.4871287128712871,0.4498069498069498,0.4343807763401109,0.6948529411764706,0.8973214285714286,0.960377358490566,0.8799249530956847,0.849906191369606,0.6378986866791745,0.3884758364312267,1,
Jon Condo,0.4079809410363311,0.4230769230769231,0.4808612440191387,0.6124852767962309,0.5907990314769975,0.6207729468599034,0.5344517675254643,0.56768038163387,0.5543026706231454,0.5454545454545454,0,0.4877336448598131
Jon Dorenbos,0.0797280593325092,0.401219512195122,0.4316807738814994,0.4405552202776101,0.3948779035139964,0.3317307692307692,0.3809808612440191,0.3627797408716137,0.4073849878934624,0.4317632850241545,0,0.4218094667465548
Jon Kitna,0.3102941176470588,0.306970509383378,0.3005743458838545,0.2558714462299135,0.1823170731707317,0.1469165659008464,0.296318648159324,0.3204288266825491,0.3389423076923077,0.2362440191387559,0,0.163133097762073
Jon McGraw,0.583918315252074,0.6316440049443758,0.7158536585365853,0.6874244256348246,0.6940253470126735,0.6170339487790352,0.6784855769230769,0.7248803827751196,0.7974087161366313,0.837772397094431,1,
Jon Runyan1,0.2588235294117647,0.2158176943699732,0.1646458200382897,0.145859085290482,0.1926829268292683,0.2865779927448609,0.264333132166566,0.1762954139368671,0.2367788461538461,0.2691387559808612,0,0.2243816254416961
Jon Ryan,0.1695835847917924,0.163787969029184,0.1610576923076923,0.1919856459330143,0.1996466431095406,0.3220338983050847,0.2421497584541062,0.2474535650089874,0.0429338103756708,0.2124629080118694,0,0.3038123167155425
Jonathan Babineaux,0.5773881499395405,0.7091128545564273,0.8201310303752234,0.8509615384615384,0.9055023923444976,0.9352179034157831,0.9013317191283292,0.893719806763285,0.8579988016776513,0.8765652951699463,0,0.8540059347181009
Jonathan Bostic,0.664469742360695,0.7477638640429338,0.7418397626112759,0.6539589442815249,0.6945093457943925,0.7970414201183432,0.8962432915921288,0.9230769230769232,0.8913168487636572,0.7863961813842482,1,
Jonathan Stewart,0.180889423076923,0.291866028708134,0.3339222614840989,0.2354721549636803,0.1340579710144927,0.1180347513481126,0.1282051282051282,0.1845697329376854,0.1941348973607038,0.2348130841121495,1,
Jonathan Vilma,0.8030487804878049,0.9510278113663844,0.9800844900422452,0.9458010720667064,0.919471153846154,0.9198564593301436,0.9793875147232036,0.9709443099273608,0.9541062801932368,0.8328340323547034,1,
Jonathan Weeks,0.336866902237927,0.324455205811138,0.4208937198067632,0.4613541042540443,0.4460345855694693,0.4599406528189911,0.4434017595307918,0.4690420560747663,0.4224852071005917,0.4335122242098986,0,0.3484848484848485
Jordan Gross,0.1915945611866502,0.1701219512195122,0.1717049576783555,0.0941460470730235,0.2048838594401429,0.2139423076923076,0.3301435406698564,0.2597173144876325,0.2808716707021791,0.1739130434782608,0,0.2792091072498502
Jordy Nelson,0.180889423076923,0.2559808612440191,0.2797408716136631,0.2941888619854721,0.3188405797101449,0.3606950269622528,0.2128801431127012,0.1489614243323442,0.1196480938416422,0.1921728971962616,0,0.2437869822485207
Joseph Nash,0.0321100917431192,0.1069306930693069,0.2297297297297297,0.3585951940850277,0.3713235294117647,0.4717261904761904,0.2509433962264151,0.3095684803001876,0.3133208255159475,0.2664165103189493,0,0.1394052044609665
Josh Brown,0.292336217552534,0.3817073170731707,0.4268440145102781,0.4091732045866023,0.3960690887432996,0.3846153846153846,0.4037081339712918,0.3875147232037691,0.3105326876513317,0.1968599033816425,0,0.1180347513481126
Josh Bynes,0.5428743961352657,0.6536848412222888,0.7322599880739415,0.7899109792284866,0.8,0.8586448598130841,0.8627218934911243,0.9028026237328562,0.8951048951048951,0.8562392179413456,0,0.8192124105011933
Josh Evans1,0.0988274706867671,0.2019543973941368,0.3291731669266771,0.6220588235294118,0.7111260053619303,0.7753669432035737,0.7954264524103832,0.7012195121951219,0.5175332527206772,0.1713940856970428,1,
Josh Johnson,0.1429425837320574,0.1472320376914016,0.1186440677966101,0.0440821256038647,0.0437387657279808,0.0429338103756708,0.0409495548961424,0.4703812316715542,0.4795560747663551,0.4792899408284023,0,0.1067382230172927
Josh McCown,0.0797280593325092,0.1926829268292683,0.2865779927448609,0.264333132166566,0.1113758189398451,0.0372596153846153,0.0370813397129186,0.0400471142520612,0.0405569007263922,0.0440821256038647,0,0.0437387657279808
Josh Norman2,0.6491545893719807,0.6680647094068305,0.8115682766845558,0.9560830860534124,0.9917888563049854,0.9853971962616822,0.9804733727810652,0.9457364341085271,0.9562937062937062,0.9614721104082806,0,0.928400954653938
Josh Scobee,0.2024390243902439,0.3192261185006046,0.4176222088111044,0.384157236450268,0.3984375,0.4007177033492823,0.4228504122497055,0.3734866828087167,0.3079710144927536,0.2648292390653086,1,
Josh Shaw,0.4454371410338226,0.4555006180469715,0.4676829268292683,0.3083434099153567,0.312009656004828,0.2263251935675997,0.3479567307692308,0.3630382775119617,0.2296819787985865,0.0405569007263922,0,0.0440821256038647
Josh Thomas,0.4786585365853658,0.6299879081015719,0.6716958358479179,0.7027992852888624,0.6604567307692307,0.6190191387559809,0.519434628975265,0.4782082324455206,0.5984299516908212,0.6866387058118634,0,0.6535480023852117
Joshua Cribbs,0.4474002418379685,0.4990947495473747,0.56223942823109,0.5787259615384616,0.5717703349282297,0.5147232037691402,0.4884987893462469,0.5084541062801933,0.5380467345715998,0.4573643410852713,1,
Julian Edelman,0.1012956419316843,0.4691283292978208,0.6431159420289855,0.6572798082684242,0.6225402504472272,0.3216617210682492,0.3548387096774194,0.1536214953271028,0.3254437869822485,0.3237924865831842,0,0.3665501165501165
Julian Peterson,0.6985294117647058,0.8331099195710456,0.9208679004467136,0.9709517923362176,0.9621951219512196,0.9546553808948004,0.9155099577549788,0.9821322215604528,0.9915865384615384,0.9940191387559808,0,0.9693757361601884
Julian Stanford,0.4981884057971014,0.5176752546434991,0.5026833631484794,0.3335311572700297,0.4956011730205278,0.5636682242990654,0.6615384615384615,0.6577221228384019,0.6404428904428905,0.6279470960322024,1,
Julio Jones,0.1035108958837772,0.1739130434782608,0.231276213301378,0.3184257602862254,0.3181008902077151,0.3513196480938416,0.2634345794392523,0.3710059171597633,0.3774597495527728,0.3525641025641026,0,0.2944220816561242
Julius Peppers,0.8500319081046586,0.9400494437577256,0.996341463414634,0.9957678355501812,0.9981894990947496,0.980345443716498,0.9933894230769232,0.9958133971291866,0.997055359246172,0.9939467312348668,0,0.9897342995169082
Jumpy Geathers,0.3629343629343629,0.5360443622920518,0.8198529411764706,0.71875,0.7150943396226415,0.5384615384615384,0.6566604127579737,0.5703564727954972,0.4163568773234201,0.4743833017077798,0,0.6030245746691871
Junior Seau,0.0562851782363977,0.4090056285178236,0.8122676579925651,0.9165085388994308,0.9565217391304348,0.9795221843003412,0.9931153184165232,0.9949748743718592,0.972312703583062,0.921996879875195,0,0.9463235294117648
Juqua Parker,0.3558981233243968,0.4901084875558392,0.6742892459826947,0.7170731707317073,0.7327690447400241,0.7567893783946892,0.8528886241810602,0.9393028846153846,0.9545454545454546,0.9511189634864546,0,0.9049636803874092
Jurrell Casey,0.6822033898305084,0.8134057971014492,0.9161174355901738,0.9290399522957664,0.9275964391691396,0.8873900293255131,0.9077102803738316,0.9378698224852072,0.951103160405486,0.8991841491841492,1,
Justin Bannan,0.5609444798978941,0.5995055624227441,0.6060975609756097,0.6336154776299879,0.6547978273989137,0.7438951756998213,0.7848557692307693,0.7888755980861244,0.8015312131919906,0.7227602905569007,0,0.7747584541062802
Justin Bethel,0.4516908212560386,0.5332534451767525,0.6511627906976745,0.8338278931750742,0.9296187683284456,0.9602803738317756,0.8863905325443787,0.7972570065593322,0.6282051282051282,0.6716503737780334,0,0.668854415274463
Justin Durant,0.631328171530673,0.6983173076923077,0.840311004784689,0.8280329799764429,0.8486682808716707,0.8109903381642513,0.823247453565009,0.8503279666070364,0.857566765578635,0.8510263929618769,0,0.7575934579439252
Justin Hamilton,0.4477972238986119,0.4419297200714711,0.4471153846153846,0.1788277511961722,0.1666666666666666,0.0405569007263922,0.0440821256038647,0.0437387657279808,0.0429338103756708,0.0409495548961424,0,0.039882697947214
Justin Houston,0.7161016949152542,0.8882850241545893,0.962852007189934,0.9958258795468098,0.9952522255192878,0.9894428152492668,0.9509345794392524,0.9769230769230768,0.9910554561717352,0.9912587412587412,0,0.9654974123059228
Justin Pugh,0.2240862792091072,0.2695289206917114,0.3370919881305638,0.3700879765395894,0.3586448598130841,0.3402366863905325,0.2367322599880739,0.2243589743589743,0.2144910868315123,0.1682577565632458,0,0.1507537688442211
Justin Smith,0.7721179624664879,0.8889597957881302,0.899876390605686,0.7948084054388134,0.8432926829268292,0.919588875453446,0.9674109837054918,0.9374627754615844,0.9483173076923076,0.9467703349282296,0,0.9681978798586572
Justin Snow,0.3875,0.3947721179624665,0.414167198468411,0.4326328800988875,0.5621951219512196,0.562273276904474,0.5552202776101388,0.5270994639666469,0.5138221153846154,0.5269138755980861,0,0.3881036513545347
Justin Tuck,0.6027811366384522,0.6179843089921545,0.8368076235854676,0.9603365384615384,0.993421052631579,0.9982332155477032,0.9921307506053268,0.9788647342995168,0.9047333732774115,0.9350029815146096,0,0.9097922848664688
K.J. Wright,0.6277239709443099,0.7904589371980676,0.8520071899340923,0.8813357185450209,0.8712166172106824,0.918475073313783,0.9217289719626168,0.8668639053254438,0.8914728682170543,0.8962703962703963,0,0.9045428407130536
Karl Mecklenburg,0.0732673267326732,0.5212355212355212,0.8650646950092421,0.9650735294117648,0.9776785714285714,0.9,0.9043151969981238,0.8348968105065666,0.900562851782364,0.8884758364312267,0,0.8918406072106262
Karlos Dansby,0.7573170731707317,0.944981862152358,0.9831019915509958,0.9946396664681358,0.994591346153846,0.9892344497607656,0.972909305064782,0.9322033898305084,0.9184782608695652,0.9796285200718994,0,0.979129397734049
Kassim Osgood,0.4171817058096415,0.4682926829268293,0.594316807738815,0.5914302957151478,0.6605122096486004,0.6550480769230769,0.6578947368421053,0.6878680800942285,0.635593220338983,0.658816425120773,0,0.6518873576992211
Kedric Golston,0.5950512975256488,0.6384752829064919,0.7007211538461539,0.7212918660287081,0.7550058892815077,0.7518159806295399,0.6932367149758454,0.683043738765728,0.569469290399523,0.5596439169139465,0,0.4932551319648093
Keena Turner,0.3036303630363036,0.5306748466257669,0.7958715596330275,0.8554455445544554,0.861003861003861,0.8927911275415896,0.8860294117647058,0.9002976190476191,0.7603773584905661,0.6622889305816135,0,0.4878048780487805
Keenan Allen,0.2240862792091072,0.3840190816935003,0.3952522255192878,0.3565982404692082,0.5829439252336449,0.5958579881656805,0.5849731663685152,0.3537296037296037,0.3231742380678551,0.2458233890214797,1,
Keith Brooking,0.3355048859934853,0.5475819032761311,0.8382352941176471,0.9162198391420912,0.9585194639438416,0.969715698393078,0.9695121951219512,0.9727932285368804,0.975859987929994,0.9541393686718284,0,0.9068509615384616
Keith Bulluck,0.6625,0.8083109919571045,0.9374601148691768,0.9913473423980222,0.9957317073170732,0.998186215235792,0.9945684972842488,0.9863013698630136,0.9675480769230768,0.9515550239234448,0,0.9093050647820966
Keith Burns,0.2508532423208191,0.253012048192771,0.2395309882747068,0.0684039087947882,0.1856474258970359,0.7125,0.8016085790884718,0.7823867262284621,0.6977750309023486,0.6560975609756098,0,0.6396614268440145
Keith Hamilton,0.4460966542750929,0.7362428842504743,0.8412098298676749,0.8310580204778157,0.6884681583476764,0.7939698492462312,0.7947882736156352,0.8517940717628705,0.8963235294117647,0.8900804289544236,0,0.8251435864709636
Keith Smith,0.5957317073170731,0.6348246674727932,0.656004828002414,0.7891602144133413,0.7728365384615384,0.7667464114832536,0.472909305064782,0.2705811138014528,0.0440821256038647,0.0437387657279808,0,0.5462134764460346
Keith Traylor,0.2100371747211896,0.2049335863377609,0.2022684310018903,0.2235494880546075,0.342512908777969,0.6013400335008375,0.6254071661237784,0.6162246489859594,0.7875,0.8458445040214477,0,0.8449266113592853
Keith Willis,0.0321100917431192,0.3346534653465347,0.3803088803088803,0.4158964879852125,0.3952205882352941,0.5104166666666666,0.320754716981132,0.2138836772983114,0.350844277673546,0.5534709193245778,1,
Kelly Gregg,0.4892761394101876,0.6419910657306956,0.7657601977750309,0.8341463414634146,0.8548972188633616,0.8817139408569704,0.8904109589041096,0.8299278846153846,0.7822966507177034,0.715547703180212,0,0.7572639225181598
Kelvin Pritchett,0.1219512195121951,0.6171003717472119,0.6679316888045541,0.8279773156899811,0.7133105802047781,0.7108433734939759,0.5326633165829145,0.5146579804560261,0.4742589703588143,0.7566176470588235,0,0.7613941018766756
Ken Harvey,0.2452830188679245,0.6397748592870544,0.8292682926829268,0.9193245778611632,0.929368029739777,0.920303605313093,0.9621928166351608,0.9897610921501706,0.9948364888123924,0.9731993299832497,0,0.8908794788273615
Ken Houston,0.5252525252525253,1.0,0.9540229885057472,0.9798994974874372,0.7598039215686274,0.8699551569506726,0.8257261410788381,0.8858267716535433,0.8529411764705882,0.7491289198606271,1,
Ken Irvin,0.2065404475043029,0.3350083752093802,0.6123778501628665,0.594383775351014,0.8044117647058824,0.7138069705093834,0.7606892150606254,0.7873918417799752,0.7560975609756098,0.662031438935913,1,
Ken Norton,0.1726078799249531,0.3433395872420263,0.3696060037523452,0.1505576208178438,0.4895635673624288,0.6332703213610587,0.9010238907849828,0.76592082616179,0.830820770519263,0.7736156351791531,0,0.8705148205928237
Ken Riley,0.696969696969697,0.8394160583941606,0.8448275862068966,0.7688442211055276,0.7745098039215687,0.8968609865470852,0.983402489626556,0.984251968503937,0.9522058823529412,0.5470383275261324,0,0.6270627062706271
Kenard Lang,0.2529313232830821,0.5830618892508144,0.781591263650546,0.8977941176470589,0.925603217158177,0.9546904913848118,0.9758961681087762,0.9719512195121952,0.9250302297460702,0.8835244417622209,1,
Kendrick Clancy,0.4330882352941176,0.5563002680965148,0.5571155073388641,0.5426452410383189,0.4121951219512195,0.6934703748488513,0.7435123717561859,0.7629541393686718,0.7025240384615384,0.6375598086124402,1,
Kenyon Coleman,0.0727504786215698,0.5,0.5548780487804879,0.6058041112454655,0.695835847917924,0.7832042882668255,0.8046875,0.7745215311004785,0.8103651354534747,0.7978208232445521,0,0.782608695652174
Kerry Collins,0.175,0.0509383378016085,0.1001914486279515,0.0797280593325092,0.1310975609756097,0.1590084643288996,0.1508750754375377,0.0446694460988683,0.125,0.2033492822966507,0,0.2756183745583039
Kevin Bentley,0.601148691767709,0.745982694684796,0.8213414634146341,0.8004836759371221,0.7404948702474351,0.6742108397855867,0.7397836538461539,0.7117224880382775,0.7956419316843345,0.6991525423728814,1,
Kevin Carter,0.3924914675767918,0.7951807228915663,0.9346733668341708,0.9543973941368078,0.9656786271450858,0.9713235294117648,0.9497319034852548,0.8934269304403318,0.8751545117428925,0.9390243902439024,0,0.926844014510278
Kevin Faulk,0.3639705882352941,0.3297587131367292,0.3190810465858328,0.2058096415327565,0.5298780487804878,0.5332527206771464,0.5347012673506337,0.5026801667659321,0.5096153846153846,0.5005980861244019,1,
Kevin Greene,0.1580882352941176,0.5699404761904762,0.7396226415094339,0.8442776735459663,0.8667917448405253,0.7166979362101313,0.5631970260223048,0.5047438330170778,0.6748582230623819,0.7320819112627986,0,0.7917383820998278
Kevin Houser,0.3235294117647059,0.2982573726541555,0.3567326100829611,0.349814585908529,0.3701219512195122,0.4068923821039903,0.412190706095353,0.4032162001191185,0.2932692307692308,0.2314593301435406,1,
Kevin Johnson1,0.2116040955631399,0.2392426850258175,0.2244556113902847,0.0798045602605863,0.0717628705148206,0.175,0.1595174262734584,0.3044033184428845,0.3034610630407911,0.2963414634146341,0,0.1958887545344619
Kevin Lewis,0.1894934333958724,0.3339587242026266,0.3364312267657992,0.1897533206831119,0.0699432892249527,0.0631399317406143,0.06368330464716,0.0586264656616415,0.0684039087947882,0.0717628705148206,0,0.3522058823529412
Kevin Mawae,0.2588235294117647,0.131367292225201,0.158264199106573,0.0797280593325092,0.0512195121951219,0.0326481257557436,0.0325890162945081,0.1620011911852293,0.2073317307692307,0.3038277511961722,1,
Kevin Ross,0.584942084942085,0.8391866913123844,0.9816176470588236,0.9657738095238096,0.9056603773584906,0.8198874296435272,0.8724202626641651,0.8424015009380863,0.8940520446096655,0.8747628083491461,0,0.943289224952741
Kevin Smith1,0.1356877323420074,0.5218216318785579,0.5652173913043478,0.5255972696245734,0.414802065404475,0.3869346733668342,0.4902280130293159,0.3619344773790952,0.625,0.5154155495978552,1,
Kevin Thomas,0.5756222080408424,0.6273176761433868,0.6945121951219512,0.6426844014510278,0.5884127942063971,0.0327575938058368,0.0372596153846153,0.0370813397129186,0.0400471142520612,0.5242130750605327,1,
Kevin Walter,0.399876390605686,0.4573170731707317,0.5308343409915357,0.5268557634278818,0.6247766527695057,0.6003605769230769,0.5897129186602871,0.3510011778563015,0.2905569007263922,0.3103864734299517,1,
Kevin Williams,0.1563517915309446,0.157566302652106,0.5838235294117647,0.4671581769436997,0.5666879387364391,0.7935723114956736,0.9597560975609756,0.971584038694075,0.9553409776704888,0.9428231089934485,0,0.9609375
Kevin Zeitler,0.1068840579710145,0.1378070701018574,0.1419200954084675,0.0528189910979228,0.1008797653958944,0.1536214953271028,0.1520710059171597,0.345855694692904,0.3315850815850816,0.3760782058654399,0,0.2947494033412888
Kimo von Oelhoffen,0.0705679862306368,0.0653266331658291,0.0716612377850162,0.1794071762870515,0.6485294117647059,0.7372654155495979,0.7447351627313338,0.804079110012361,0.7804878048780488,0.7859733978234583,0,0.712130356065178
Kirk Cousins,0.1068840579710145,0.0575194727381665,0.0524746571258199,0.0409495548961424,0.039882697947214,0.1226635514018691,0.129585798816568,0.1192605843768634,0.2558275058275058,0.2880966072455434,0,0.3233890214797136
Kris Brown,0.3102941176470588,0.2607238605898123,0.2195277600510529,0.276885043263288,0.3274390243902439,0.3561064087061669,0.2739891369945685,0.1274568195354377,0.1442307692307692,0.2188995215311004,0,0.2114252061248527
Kurt Coleman,0.5918727915194346,0.8323244552058111,0.905193236714976,0.8915518274415818,0.8539057841383423,0.9382789317507418,0.9935483870967742,0.9848130841121496,0.927810650887574,0.72927847346452,1,
Kurt Gouveia,0.2026266416510319,0.3714821763602251,0.5347091932457786,0.8085501858736059,0.9146110056925996,0.8979206049149339,0.825938566552901,0.7418244406196214,0.7018425460636516,0.5798045602605864,1,
Kyle Clifton,0.2972972972972973,0.7282809611829945,0.9411764705882352,0.8898809523809523,0.5018867924528302,0.6041275797373359,0.8255159474671669,0.9437148217636022,0.8977695167286245,0.9259962049335864,1,
Kyle Juszczyk,0.3768723786698622,0.4138342277877161,0.4237388724035608,0.4269794721407625,0.4094626168224299,0.4076923076923077,0.2903995229576624,0.1491841491841491,0.2765957446808511,0.5035799522673031,0,0.503140703517588
Kyle Love,0.4664310954063604,0.6464891041162227,0.7125603864734299,0.7142001198322349,0.5760286225402504,0.6326409495548961,0.743108504398827,0.7949766355140186,0.8497041420118343,0.791293977340489,1,
Kyle Vanden Bosch,0.5998659517426274,0.7185705169112955,0.7175525339925835,0.6658536585365854,0.8555018137847642,0.9402534701267352,0.9868969624776652,0.9669471153846154,0.958133971291866,0.9228504122497057,0,0.946731234866828
Kyle Williams,0.5853952926976463,0.684931506849315,0.6893028846153846,0.6219951923076923,0.6949760765550239,0.8197879858657244,0.8202179176755447,0.7167874396135265,0.4782608695652174,0.7693229478729778,0,0.853309481216458
L.P. Ladouceur,0.20036210018105,0.2882668254913639,0.3569711538461538,0.3068181818181818,0.3227326266195524,0.2675544794188862,0.2989130434782608,0.2941881366087477,0.2790697674418604,0.3578635014836795,0,0.3736070381231671
La'Roi Glover,0.219430485762144,0.4934853420195439,0.6193447737909517,0.9198529411764704,0.9215817694369972,0.9444798978940652,0.8838071693448702,0.8725609756097561,0.8240628778718259,0.8310199155099578,0,0.8165574746873139
LaDainian Tomlinson,0.1233243967828418,0.0887045309508615,0.145859085290482,0.1310975609756097,0.1958887545344619,0.1508750754375377,0.1882072662298987,0.2073317307692307,0.2362440191387559,0.1065959952885747,0,0.1035108958837772
Lance Briggs,0.7008652657601978,0.849390243902439,0.9655380894800484,0.9824984912492456,0.9827278141751042,0.9807692307692308,0.9605263157894736,0.9687868080094229,0.9455205811138014,0.9818840579710144,0,0.9724385859796284
Lance Johnstone,0.2753872633390705,0.52428810720268,0.8289902280130294,0.9578783151326054,0.976470588235294,0.960455764075067,0.9055520102105936,0.9647713226205192,0.9853658536585366,0.9800483675937122,0,0.9094749547374774
Larry Fitzgerald,0.0918984280532043,0.1188895594447797,0.3787969029184038,0.3870192307692308,0.4300239234449761,0.4157832744405182,0.4231234866828087,0.4136473429951691,0.4307968843618933,0.334525939177102,0,0.3988130563798219
Larry Foote,0.5213784301212508,0.5494437577255872,0.7585365853658537,0.839782345828295,0.943874471937236,0.9606908874329958,0.9549278846153846,0.9389952153110048,0.8468786808009423,0.812953995157385,0,0.8526570048309179
Larry Izzo,0.4661764705882353,0.6306970509383378,0.6522016592214422,0.6841779975278122,0.6231707317073171,0.6203143893591294,0.5811707905853953,0.5824895771292437,0.5606971153846154,0.6453349282296651,1,
Larry Webster1,0.0687732342007435,0.0815939278937381,0.0775047258979206,0.0631399317406143,0.06368330464716,0.0586264656616415,0.0684039087947882,0.0982839313572542,0.5022058823529412,0.5723860589812333,0,0.5296745373324825
Latavius Murray,0.2903995229576624,0.3614243323442137,0.3765395894428152,0.2272196261682243,0.0343195266272189,0.0363744782349433,0.0256410256410256,0.1207590569292696,0.1193317422434367,0.1783919597989949,1,
Laveranues Coles,0.3875,0.3612600536193029,0.3560944479897894,0.5519159456118665,0.550609756097561,0.558645707376058,0.4019312009656005,0.3335318642048838,0.3539663461538461,0.3917464114832535,1,
Lawrence Taylor,0.6042944785276073,0.9472477064220184,0.986138613861386,0.9942084942084942,0.988909426987061,0.9926470588235294,0.9925595238095238,0.9981132075471698,0.9962476547842402,0.9962476547842402,0,0.953095684803002
Lawrence Timmons,0.5687909469922573,0.8353365384615384,0.9557416267942584,0.991166077738516,0.986682808716707,0.9933574879227052,0.9916117435590174,0.9904591532498508,0.973293768545994,0.9824046920821116,0,0.969626168224299
Lawyer Milloy,0.487091222030981,0.8174204355108877,0.969055374592834,0.9812792511700468,0.9911764705882352,0.9731903485254692,0.95022335673261,0.9419035846724352,0.9347560975609756,0.941354292623942,0,0.8974049487024743
LeRoy Butler,0.2889305816135084,0.4709193245778612,0.4795539033457249,0.5958254269449715,0.6389413988657845,0.8122866894197952,0.8777969018932874,0.8827470686767169,0.8273615635179153,0.5881435257410297,0,0.836764705882353
LeRoy Irvin,0.5214521452145214,0.549079754601227,0.5298165137614679,0.398019801980198,0.6196911196911197,0.833641404805915,0.9356617647058824,0.8928571428571429,0.7754716981132076,0.575984990619137,0,0.5234521575984991
Lee Smith,0.1658595641646489,0.2391304347826087,0.2917914919113241,0.1419200954084675,0.0528189910979228,0.039882697947214,0.2476635514018691,0.3266272189349112,0.3655336911150865,0.2651515151515151,0,0.2052903967797585
Lee Williams,0.276061776061776,0.6506469500924215,0.8694852941176471,0.9598214285714286,0.9433962264150944,0.9437148217636022,0.9193245778611632,0.7842401500938087,0.6152416356877324,0.523719165085389,1,
Lemar Parrish,0.8181818181818182,0.978102189781022,1.0,0.9949748743718592,0.8284313725490197,0.4349775784753363,0.3817427385892116,0.7795275590551181,0.8308823529411765,0.9721254355400696,0,0.9570957095709572
Leon Hall,0.7552114353782013,0.8996394230769231,0.973086124401914,0.9723203769140164,0.9418886198547216,0.9039855072463768,0.8400239664469742,0.8706022659511031,0.8635014836795252,0.9196480938416424,0,0.8551401869158879
Leon Lett,0.2026022304832713,0.2011385199240986,0.4120982986767486,0.5204778156996587,0.729776247848537,0.6130653266331658,0.6107491856677525,0.4836193447737909,0.788235294117647,0.7071045576407506,1,
Leonard Little,0.0846905537459283,0.0858034321372854,0.6661764705882353,0.871313672922252,0.9840459476707084,0.9981458590852904,0.997560975609756,0.9951632406287788,0.9897404948702474,0.9702203692674212,0,0.9453125
Leonard Marshall,0.0475247524752475,0.3996138996138996,0.6746765249537893,0.9154411764705882,0.9345238095238096,0.8679245283018868,0.8405253283302064,0.8142589118198874,0.8311444652908068,0.70817843866171,0,0.6489563567362429
Les Miller,0.5520833333333334,0.4415094339622641,0.5572232645403377,0.474671669793621,0.6210131332082551,0.6486988847583643,0.5426944971537002,0.497164461247637,0.3276450511945392,0.3442340791738382,0,0.4958123953098827
Leslie O'Neal,0.4117647058823529,0.5431547619047619,0.4981132075471698,0.3545966228893058,0.6341463414634146,0.7467166979362101,0.758364312267658,0.6470588235294118,0.6937618147448015,0.7184300341296929,0,0.6781411359724613
Lester Archambeau,0.3151969981238274,0.4275092936802974,0.4117647058823529,0.4177693761814744,0.4897610921501706,0.5748709122203098,0.8525963149078727,0.9657980456026058,0.9781591263650546,0.9036764705882352,1,
Lester Hayes,0.2283464566929134,0.6691176470588235,0.975609756097561,1.0,1.0,0.9495412844036696,0.6237623762376238,0.4884169884169884,0.6118299445471349,0.6672794117647058,1,
Levon Kirkland,0.5483870967741935,0.7542533081285444,0.8856655290102389,0.9087779690189328,0.9430485762144054,0.97557003257329,0.968798751950078,0.9566176470588236,0.9363270777479892,0.8870453095086152,1,
Linden King,0.0955882352941176,0.0766550522648083,0.1287128712871287,0.588957055214724,0.8188073394495413,0.9326732673267328,0.9652509652509652,0.9833641404805916,0.9448529411764706,0.9330357142857144,0,0.7037735849056603
Lionel Washington,0.5584158415841585,0.7046332046332047,0.8317929759704251,0.7095588235294118,0.5833333333333334,0.3792452830188679,0.651031894934334,0.7485928705440901,0.851782363977486,0.6970260223048327,0,0.7248576850094877
Lito Sheppard,0.4365028717294192,0.6823238566131026,0.9048780487804878,0.9552599758162033,0.9794809897404948,0.9422275163787968,0.9092548076923076,0.7649521531100478,0.6949352179034158,0.6537530266343826,1,
Lloyd Burruss,0.6656441717791411,0.8509174311926605,0.9346534653465348,0.8494208494208494,0.7430683918669131,0.9209558823529412,0.8571428571428571,0.8452830188679246,0.4202626641651032,0.5347091932457786,0,0.5553470919324578
Logan Mankins,0.0918984280532043,0.1852745926372963,0.1804645622394282,0.2746394230769231,0.2559808612440191,0.2797408716136631,0.059322033898305,0.0440821256038647,0.10964649490713,0.1621943947525342,1,
Logan Ryan,0.8364289994008388,0.8974358974358975,0.9661721068249258,0.947800586510264,0.9398364485981308,0.9088757396449704,0.9630292188431724,0.9877622377622378,0.9942495687176538,0.9588305489260144,0,0.832286432160804
London Fletcher,0.3790951638065523,0.8816176470588235,0.979892761394102,0.994256541161455,0.9851668726823238,0.9798780487804878,0.9770253929866988,0.992154496077248,0.991661703394878,0.9813701923076924,0,0.9623205741626796
Lonie Paxton,0.175,0.1595174262734584,0.177409061901723,0.3386897404202719,0.4603658536585366,0.4740024183796856,0.4725407362703681,0.3734365693865396,0.3365384615384615,0.2840909090909091,0,0.3374558303886926
Lonnie Marts,0.298311444652908,0.5669144981412639,0.8481973434535104,0.725897920604915,0.7303754266211604,0.6919104991394148,0.8257956448911222,0.8990228013029316,0.8627145085803433,0.8889705882352941,1,
Lonnie Young,0.3567467652495379,0.5753676470588235,0.8824404761904762,0.7981132075471699,0.7898686679174484,0.5647279549718575,0.5966228893058161,0.345724907063197,0.413662239089184,0.3232514177693761,0,0.3361774744027304
Loren Toews,0.2864321608040201,0.2401960784313725,0.2690582959641255,0.0165975103734439,0.0275590551181102,0.1580882352941176,0.1463414634146341,0.2013201320132013,0.0552147239263803,0.5711009174311926,1,
Lorenzo Alexander,0.3496128648004765,0.5847355769230769,0.7093301435406698,0.8368669022379269,0.8123486682808717,0.8121980676328503,0.6794487717195926,0.6702444841979726,0.5305637982195845,0.8997067448680351,0,0.9608644859813084
Louis Breeden,0.3639705882352941,0.3310104529616725,0.801980198019802,0.8803680981595092,0.9128440366972476,0.8574257425742574,0.7104247104247104,0.7097966728280961,0.8125,0.8035714285714286,1,
Louis Wright,0.2286995515695067,0.4024896265560166,0.8228346456692913,0.7867647058823529,0.7979094076655052,0.4422442244224422,0.2239263803680981,0.4954128440366973,0.7623762376237624,0.8648648648648649,0,0.8539741219963032
Luke Stocker,0.1035108958837772,0.2288647342995169,0.207309766327142,0.5414430530709601,0.5210682492581602,0.5372434017595308,0.2821261682242991,0.3615384615384615,0.3935599284436494,0.4003496503496503,0,0.3783783783783784
Lyle Blackwood,0.3497757847533632,0.3609958506224066,0.905511811023622,0.9779411764705882,0.9930313588850174,0.9273927392739274,0.7638036809815951,0.7935779816513762,0.8653465346534653,0.8223938223938224,0,0.6691312384473198
Ma'ake Kemoeatu,0.5411614550095725,0.595797280593325,0.6317073170731707,0.652962515114873,0.6626433313216656,0.6789755807027993,0.6658653846153846,0.6208133971291866,0.6018845700824499,0.5090799031476998,0,0.6147342995169082
Malcolm Jenkins,0.7015550239234449,0.901060070671378,0.9515738498789348,0.966183574879227,0.9484721390053924,0.9779367918902804,0.9946587537091988,0.9982404692082112,0.9953271028037384,0.9857988165680474,0,0.977340488968396
Malcolm Smith,0.5829297820823245,0.6992753623188406,0.859796285200719,0.8855098389982111,0.9620178041543028,0.9565982404692082,0.9228971962616822,0.7994082840236686,0.618366129994037,0.7937062937062938,0,0.821161587119034
Malcom Floyd,0.0941460470730235,0.0589636688505062,0.2331730769230769,0.3181818181818182,0.3498233215547703,0.2294188861985472,0.1998792270531401,0.1252246854403834,0.1991651759093619,0.3008902077151335,1,
Malik Jackson,0.3792270531400966,0.7237866986219293,0.8085867620751341,0.8724035608308606,0.8686217008797654,0.9415887850467288,0.921301775147929,0.8527131782945736,0.7162004662004662,0.675100632547441,1,
Manny Lawson,0.6855763427881714,0.7087552114353782,0.8022836538461539,0.8809808612440191,0.9434628975265018,0.9225181598062954,0.8514492753623188,0.8562013181545836,0.836612999403697,0.8391691394658753,1,
Marcedes Lewis,0.1042287075640262,0.4975961538461538,0.5005980861244019,0.5100117785630153,0.2808716707021791,0.3345410628019323,0.3079688436189335,0.2510435301132975,0.1394658753709199,0.039882697947214,0,0.0420560747663551
Marco Coleman,0.4702602230483271,0.6641366223908919,0.8657844990548205,0.8430034129692833,0.8209982788296041,0.7370184254606366,0.742671009771987,0.8252730109204368,0.9441176470588236,0.9638069705093834,0,0.9412890874282068
Marcus Coleman,0.2891566265060241,0.4221105527638191,0.4267100977198697,0.7098283931357254,0.8838235294117647,0.9510723860589811,0.90427568602425,0.9474660074165636,0.9585365853658536,0.9407496977025392,0,0.8364514182257091
Marcus Gilchrist,0.6410411622276029,0.7294685990338164,0.8675853804673457,0.9093619558735838,0.9531157270029672,0.93841642228739,0.9269859813084113,0.906508875739645,0.8181276088252832,0.701048951048951,1,
Marcus Johnson,0.0941460470730235,0.0589636688505062,0.0865384615384615,0.0370813397129186,0.0400471142520612,0.0405569007263922,0.0440821256038647,0.0437387657279808,0.0429338103756708,0.0409495548961424,0,0.039882697947214
Marcus Robertson,0.0806754221388367,0.4646840148698885,0.905123339658444,0.9716446124763704,0.940273037542662,0.8158347676419966,0.8609715242881072,0.8811074918566775,0.8315132605304212,0.8536764705882353,0,0.8853887399463807
Marcus Smith,0.3052884615384615,0.3217703349282296,0.414605418138987,0.2960048426150121,0.3272946859903382,0.0437387657279808,0.0429338103756708,0.4908011869436202,0.617008797653959,0.7546728971962616,0,0.7195266272189349
Marcus Stroud,0.4879356568364611,0.7760051052967454,0.8572311495673671,0.9402439024390244,0.8742442563482467,0.8412794206397103,0.7575938058368076,0.7998798076923077,0.8444976076555024,0.872791519434629,1,
Marcus Trufant,0.6779975278121138,0.8682926829268293,0.9226118500604596,0.9251659625829812,0.9475878499106613,0.9423076923076924,0.9288277511961722,0.889281507656066,0.8571428571428571,0.8532608695652174,1,
Mario Addison,0.397094430992736,0.5742753623188406,0.7261833433193529,0.8491353607632678,0.8753709198813057,0.9325513196480938,0.9503504672897196,0.972189349112426,0.9695885509838998,0.9324009324009324,0,0.933870040253019
Mario Haggan,0.0797280593325092,0.5780487804878048,0.619105199516324,0.6674713337356669,0.6521739130434783,0.6544471153846154,0.7595693779904307,0.8839811542991755,0.9067796610169492,0.8629227053140096,1,
Mario Williams,0.6928183464091732,0.9213817748659916,0.9849759615384616,0.9904306220095692,0.9740871613663132,0.9164648910411622,0.913647342995169,0.9376872378669864,0.9821109123434704,0.9554896142433236,0,0.8838709677419355
Mark Carrier,0.5384615384615384,0.797373358348968,0.8066914498141264,0.7685009487666035,0.7013232514177694,0.7047781569965871,0.5903614457831325,0.6934673366834171,0.8664495114006515,0.8954758190327613,0,0.9345588235294118
Mark Collins,0.1985294117647058,0.6011904761904762,0.6094339622641509,0.7392120075046904,0.6378986866791745,0.8386491557223265,0.7973977695167286,0.8937381404174574,0.888468809073724,0.9283276450511946,0,0.9466437177280552
Mark Fields1,0.0767918088737201,0.1101549053356282,0.3517587939698492,0.4625407166123778,0.5647425897035881,0.7816176470588235,0.8190348525469169,0.9049138481174218,0.8504326328800988,0.8621951219512195,0,0.6983071342200725
Mark Lee,0.5429447852760736,0.7178899082568807,0.801980198019802,0.6698841698841699,0.7504621072088724,0.8639705882352942,0.8526785714285714,0.8169811320754717,0.6116322701688556,0.5984990619136961,0,0.3358348968105065
Mark Murphy,0.3449477351916376,0.7425742574257426,0.8926380368098159,0.97239263803681,0.9105504587155964,0.9108910891089108,0.7972972972972973,0.953789279112754,0.7279411764705882,0.8273809523809523,0,0.7169811320754716
Mark Roman,0.5529411764705883,0.6823056300268097,0.7319719208679004,0.7991347342398022,0.8195121951219512,0.8899637243047158,0.8955944477972239,0.8963668850506253,0.8407451923076923,0.8720095693779905,1,
Mark Simoneau,0.5669117647058823,0.7198391420911529,0.7683471601786854,0.8665018541409147,0.8640243902439024,0.8748488512696493,0.8183464091732046,0.8010720667063729,0.7542067307692307,0.6584928229665071,0,0.1012956419316843
Marques Colston,0.0941460470730235,0.0589636688505062,0.134014423076923,0.1537081339712918,0.2114252061248527,0.2487893462469733,0.2717391304347826,0.3265428400239664,0.3136553369111509,0.31513353115727,1,
Marques Douglas,0.175,0.4624664879356568,0.5564773452456924,0.7608158220024722,0.8670731707317073,0.9183796856106408,0.911888955944478,0.8844550327575939,0.8317307692307693,0.8666267942583732,0,0.8056537102473498
Marshal Yanda,0.1042287075640262,0.1442307692307692,0.2960526315789473,0.2703180212014134,0.2354721549636803,0.1165458937198067,0.2828040742959856,0.2003577817531306,0.316320474777448,0.2428152492668621,0,0.2248831775700934
Marshawn Lynch,0.0873205741626794,0.1996466431095406,0.2905569007263922,0.3689613526570048,0.5542240862792092,0.5408467501490757,0.5186943620178042,0.1401759530791788,0.1664719626168224,0.1816568047337278,1,
Martin Bayless,0.2199630314232902,0.4246323529411764,0.7425595238095238,0.6962264150943396,0.7410881801125704,0.6585365853658537,0.724202626641651,0.671003717472119,0.7476280834914611,0.7844990548204159,0,0.7815699658703071
Marty Carter,0.2795497185741088,0.7676579925650557,0.872865275142315,0.8752362948960303,0.8447098976109215,0.8364888123924269,0.8576214405360134,0.6644951140065146,0.5397815912636506,0.8132352941176471,0,0.8632707774798928
Marvcus Patton,0.2007504690431519,0.1951219512195122,0.3104089219330855,0.6318785578747628,0.7863894139886578,0.9180887372013652,0.8881239242685026,0.9597989949748744,0.9332247557003256,0.9516380655226208,0,0.9529411764705882
Marvin Jones1,0.0718336483931947,0.098976109215017,0.1032702237521514,0.1976549413735343,0.1677524429967426,0.2683307332293291,0.7154411764705882,0.878686327077748,0.9221442246330568,0.9184177997527811,0,0.7987804878048781
Marvin Jones2,0.1630434782608695,0.396045536249251,0.3756708407871199,0.4130563798219585,0.3466275659824047,0.3189252336448598,0.1159763313609467,0.2731067382230173,0.31002331002331,0.2978723404255319,0,0.2082338902147971
Marvin Washington,0.1106941838649155,0.2551594746716698,0.525328330206379,0.6524163568773235,0.7191650853889943,0.7485822306238186,0.8873720136518771,0.8657487091222031,0.7604690117252931,0.4853420195439739,1,
Mason Crosby,0.2930315664085765,0.3713942307692308,0.4252392344497607,0.3957597173144876,0.4836561743341404,0.4993961352657005,0.5134811264230078,0.3709004174120453,0.5258160237388724,0.5278592375366569,0,0.5356308411214953
Matt Birk,0.1518825781748564,0.2954264524103832,0.2847560975609756,0.1717049576783555,0.2564876282438141,0.3204288266825491,0.3707932692307692,0.3510765550239234,0.3698468786808009,0.3401937046004842,0,0.3659420289855072
Matt Blair,0.0784313725490196,0.2914798206278027,0.5311203319502075,0.547244094488189,0.6507352941176471,0.6515679442508711,0.7491749174917491,0.8190184049079755,0.9311926605504588,0.9564356435643564,0,0.9073359073359072
Matt Cassel,0.125,0.3175837320574162,0.3315665488810365,0.2294188861985472,0.1068840579710145,0.1378070701018574,0.1419200954084675,0.0528189910979228,0.039882697947214,0.1226635514018691,1,
Matt Forte,0.180889423076923,0.3899521531100478,0.4075382803297998,0.3976997578692494,0.3460144927536231,0.420611144397843,0.3941562313655337,0.3964391691394658,0.3348973607038123,0.326518691588785,1,
Matt Hasselbeck,0.1890080428954423,0.204211869814933,0.3090234857849196,0.3018292682926829,0.3162031438935913,0.2703681351840676,0.1155449672424061,0.0865384615384615,0.1919856459330143,0.2597173144876325,0,0.2808716707021791
Matt Jones,0.1390568319226118,0.1804465902232951,0.1715306730196545,0.134014423076923,0.104066985645933,0.1065959952885747,0.0405569007263922,0.0440821256038647,0.0437387657279808,0.0429338103756708,0,0.1329376854599406
Matt Light,0.1914486279514997,0.2354758961681087,0.2176829268292683,0.1185006045949214,0.1852745926372963,0.1804645622394282,0.1502403846153846,0.0370813397129186,0.0400471142520612,0.2215496368038741,1,
Matt Millen,0.3003300330033003,0.2024539877300613,0.8669724770642202,0.8752475247524752,0.9324324324324323,0.7024029574861368,0.7738970588235294,0.8110119047619048,0.7830188679245284,0.7091932457786116,0,0.6228893058161351
Matt Overton,0.3985507246376811,0.4535650089874176,0.4454382826475849,0.4243323442136498,0.4187683284457478,0.3726635514018692,0.3029585798816568,0.1926058437686344,0.1858974358974359,0.1581368602645198,0,0.3532219570405728
Matt Ryan,0.1035108958837772,0.2288647342995169,0.207309766327142,0.1323792486583184,0.1329376854599406,0.1401759530791788,0.1226635514018691,0.1159763313609467,0.1502683363148479,0.1404428904428904,0,0.0862564692351926
Matt Slater,0.4146634615384615,0.4479665071770335,0.5082449941107184,0.5399515738498789,0.5827294685990339,0.5979628520071899,0.5629099582587954,0.5448071216617211,0.5395894428152492,0.5204439252336449,0,0.5088757396449705
Matthew Stafford,0.0873205741626794,0.1012956419316843,0.059322033898305,0.1630434782608695,0.3043738765727981,0.3786523553965414,0.3507418397626112,0.3214076246334311,0.2184579439252336,0.1520710059171597,0,0.182468694096601
Maurice Douglass,0.2708333333333333,0.4226415094339623,0.5121951219512195,0.4784240150093808,0.2101313320825516,0.0594795539033457,0.064516129032258,0.4272211720226843,0.5221843003412969,0.6626506024096386,1,
Maurice Morris,0.1914486279514997,0.361557478368356,0.4274390243902439,0.4631197097944377,0.4556427278213639,0.4300178677784395,0.3335336538461538,0.3839712918660287,0.392226148409894,0.4001210653753027,1,
Maurice Smith,0.4058823529411764,0.4021447721179624,0.3994894703254626,0.2583436341161928,0.0512195121951219,0.0326481257557436,0.0325890162945081,0.0327575938058368,0.0372596153846153,0.0370813397129186,0,0.0400471142520612
Maurkice Pouncey,0.1012956419316843,0.137409200968523,0.2077294685990338,0.170760934691432,0.1520572450805009,0.0694362017804154,0.1695014662756598,0.0566588785046729,0.144378698224852,0.1502683363148479,1,
Max Unger,0.1429425837320574,0.1472320376914016,0.1937046004842615,0.1739130434782608,0.231276213301378,0.1419200954084675,0.1643916913946587,0.1401759530791788,0.1226635514018691,0.2307692307692307,1,
Mel Blount,0.1616161616161616,0.4160583941605839,0.7068965517241379,0.8743718592964824,0.9264705882352942,0.9865470852017936,0.979253112033195,0.9921259842519684,0.9558823529411764,0.8710801393728222,0,0.8184818481848185
Melvin Ingram,0.6213768115942029,0.6986219292989815,0.8151460942158617,0.9270029673590504,0.9865102639296188,0.9947429906542056,0.9881656804733728,0.9719737626714372,0.9015151515151516,0.8292121909143185,0,0.8365155131264916
Micah Hyde,0.6602756141402037,0.7823494335122242,0.887240356083086,0.9225806451612903,0.9585280373831776,0.944378698224852,0.9439475253428742,0.9125874125874126,0.968372627947096,0.9206443914081146,0,0.907035175879397
Michael Bennett,0.1233243967828418,0.1991065730695596,0.2058096415327565,0.1115853658536585,0.0326481257557436,0.0941460470730235,0.1399642644431209,0.1550480769230769,0.2117224880382775,0.2446172248803828,0,0.4240282685512367
Michael Brockers,0.6527777777777778,0.7950868783702816,0.8312462731067383,0.8172106824925816,0.7495601173020527,0.7815420560747663,0.7692307692307693,0.8282647584973166,0.8467365967365967,0.828637147786084,0,0.7577565632458234
Michael Crabtree,0.1919856459330143,0.3274440518256772,0.3032687651331719,0.1902173913043478,0.0437387657279808,0.0429338103756708,0.1329376854599406,0.1401759530791788,0.2348130841121495,0.2437869822485207,1,
Michael Griffin,0.699225729600953,0.9417067307692308,0.985645933014354,0.9923439340400472,0.9606537530266344,0.9782608695652174,0.9490713001797484,0.9636255217650568,0.9471810089020772,0.9032258064516128,1,
Michael Johnson,0.478856462179869,0.7307692307692307,0.7906698564593302,0.8223684210526315,0.7232037691401649,0.6625441696113075,0.7826876513317191,0.8913043478260869,0.951467944877172,0.9403697078115684,0,0.94540059347181
Michael Lewis,0.2969168900804289,0.6873005743458839,0.8079132099553287,0.8559950556242274,0.8213844252163165,0.7920731707317074,0.7896341463414634,0.747279322853688,0.7158403869407497,0.6608328304164152,0,0.6427278213639107
Michael McCrary,0.1157495256166983,0.1795841209829867,0.1996587030716723,0.4285714285714285,0.5494137353433836,0.754071661237785,0.7519500780031201,0.8860294117647058,0.8833780160857909,0.8264199106573069,1,
Michael Mitchell,0.5610047846889952,0.6654888103651354,0.7221549636803875,0.7409420289855072,0.8591971240263631,0.8652355396541443,0.9157270029673592,0.8697947214076246,0.8773364485981309,0.829585798816568,1,
Michael Myers,0.1775244299674267,0.1825273010920436,0.6669117647058823,0.7727882037533512,0.8136566687938737,0.8207663782447466,0.7859756097560976,0.7769044740024184,0.824381412190706,0.8016676593210245,1,
Michael Sinclair,0.0836431226765799,0.3282732447817836,0.4499054820415879,0.6877133105802048,0.8330464716006885,0.9782244556113904,1.0,1.0,0.9970588235294118,0.938337801608579,0,0.8813018506700702
Michael Strahan,0.0872865275142315,0.3686200378071834,0.7696245733788396,0.8554216867469879,0.9262981574539364,0.9560260586319218,0.982839313572543,0.9897058823529412,0.9993297587131368,0.9987236758136566,0,0.99938195302843
Michael Thomas,0.5278609946075494,0.5557543231961837,0.6795252225519288,0.6733137829912024,0.6580645161290323,0.447429906542056,0.4480140186915888,0.4195266272189349,0.3804733727810651,0.5670840787119857,0,0.5961538461538461
Michael Vick,0.0975609756097561,0.2460701330108827,0.2414001207000603,0.1667659321024419,0.0372596153846153,0.0370813397129186,0.0400471142520612,0.1035108958837772,0.3230676328502415,0.3636908328340323,0,0.3470483005366726
Michael Zordich,0.0461309523809523,0.2490566037735849,0.4033771106941838,0.5196998123827392,0.4896810506566604,0.449814126394052,0.3738140417457306,0.5217391304347826,0.4914675767918088,0.5834767641996558,0,0.4891122278056951
Micheal Barrow,0.2125237191650854,0.4914933837429111,0.7764505119453925,0.919104991394148,0.9748743718592964,0.980456026058632,0.9547581903276132,0.950735294117647,0.9745308310991956,0.9763880025526483,0,0.9894932014833128
Mike Adams,0.5493902439024391,0.8246674727932285,0.859987929993965,0.8665872543180465,0.7566105769230769,0.791267942583732,0.8392226148409894,0.8910411622276029,0.8810386473429952,0.8671497584541062,0,0.7465548232474536
Mike Bell1,0.2257425742574257,0.4324324324324324,0.4898336414048059,0.3529411764705882,0.4136904761904761,0.2396226415094339,0.2363977485928705,0.1651031894934334,0.075046904315197,0.0650557620817843,1,
Mike Caldwell,0.3005671077504726,0.590443686006826,0.8089500860585198,0.8107202680067002,0.7931596091205212,0.6614664586583463,0.8676470588235294,0.9095174262734584,0.9189534141671984,0.8584672435105068,1,
Mike Cofer,0.100990099009901,0.222007722007722,0.232902033271719,0.3106617647058823,0.494047619047619,0.5641509433962264,0.5984990619136961,0.699812382739212,0.5684803001876173,0.3717472118959107,1,
Mike Daniels,0.6473429951690821,0.7615338526063511,0.8342277877161598,0.8747774480712166,0.8850439882697947,0.9065420560747663,0.836094674556213,0.7787716159809183,0.6235431235431236,0.547441058079356,1,
Mike Dumas,0.4521575984990619,0.5743494423791822,0.5161290322580645,0.2098298676748582,0.378839590443686,0.3580034423407917,0.5996649916247906,0.4560260586319218,0.7082683307332294,0.8720588235294118,1,
Mike Harden,0.352760736196319,0.5940366972477065,0.7940594059405941,0.9092664092664092,0.966728280961183,0.9889705882352942,0.9866071428571428,0.9754716981132076,0.9418386491557224,0.9043151969981238,1,
Mike Hartenstine,0.2780082987551867,0.2637795275590551,0.2647058823529412,0.0278745644599303,0.0462046204620462,0.0552147239263803,0.2339449541284403,0.7465346534653465,0.8667953667953668,0.8188539741219963,0,0.46875
Mike Haynes,0.7136929460580913,0.889763779527559,0.9852941176470588,0.9651567944250872,0.9207920792079208,0.558282208588957,0.7155963302752294,0.5900990099009901,0.8204633204633205,0.7855822550831792,0,0.8786764705882353
Mike Hegman,0.0944881889763779,0.0625,0.0592334494773519,0.2574257425742574,0.1687116564417178,0.4770642201834862,0.5663366336633663,0.6640926640926641,0.6709796672828097,0.6617647058823529,0,0.6830357142857143
Mike Jones,0.1468401486988847,0.2106261859582542,0.3761814744801512,0.3771331058020478,0.3959044368600682,0.2805507745266781,0.2461273666092943,0.2730318257956449,0.3299832495812395,0.3534201954397394,0,0.3192182410423452
Mike Leach,0.175,0.0509383378016085,0.2552648372686662,0.3597033374536464,0.3847560975609756,0.4111245465538089,0.436330718165359,0.4526503871351995,0.4429086538461538,0.4437799043062201,0,0.4599528857479387
Mike Lodish,0.1125703564727955,0.2814258911819887,0.2639405204460966,0.2428842504743833,0.0945179584120983,0.0938566552901023,0.1273666092943201,0.2462311557788944,0.3078175895765472,0.2215288611544461,0,0.5352941176470588
Mike McKenzie,0.3385335413416536,0.7102941176470589,0.8371313672922251,0.8391831525207403,0.9103831891223731,0.9146341463414634,0.8887545344619106,0.8394689197344599,0.8987492555092317,0.8924278846153846,0,0.8672248803827751
Mike Merriweather,0.4217821782178217,0.8185328185328186,0.9593345656192236,0.9742647058823528,0.9747023809523808,0.8924528301886793,0.9455909943714822,0.947467166979362,0.9868667917448404,0.9349442379182156,1,
Mike Minter,0.4556113902847571,0.5439739413680782,0.8330733229329174,0.961764705882353,0.9912868632707776,0.9891512444160816,0.976514215080346,0.9823170731707316,0.9649334945586456,0.9324079662039833,1,
Mike Nugent,0.2357920193470374,0.4115872057936029,0.4198927933293627,0.3774038461538461,0.1668660287081339,0.2856301531213192,0.2657384987893462,0.2977053140096618,0.2612342720191731,0.3673225998807394,0,0.3537091988130564
Mike Patterson,0.654776299879081,0.7954133977066988,0.8874329958308517,0.9044471153846154,0.8761961722488039,0.8227326266195524,0.8141646489104116,0.7777777777777778,0.7435590173756741,0.616577221228384,1,
Mike Peterson,0.3931357254290171,0.8632352941176471,0.9276139410187668,0.9649010848755584,0.9672435105067984,0.9817073170731708,0.9903264812575574,0.9668074834037416,0.9523525908278736,0.8161057692307693,0,0.90311004784689
Mike Pitts,0.4475247524752475,0.6003861003861004,0.7966728280961183,0.7996323529411765,0.8050595238095238,0.6622641509433962,0.6135084427767354,0.5797373358348968,0.7054409005628518,0.5204460966542751,0,0.6527514231499051
Mike Prior,0.7708333333333334,0.9075471698113208,0.9924953095684804,0.9587242026266416,0.9305816135084428,0.8847583643122676,0.8045540796963947,0.5973534971644613,0.4965870307167235,0.495697074010327,0,0.7035175879396985
Mike Purcell,0.1282051282051282,0.4955489614243323,0.6516129032258065,0.634929906542056,0.6029585798816568,0.5706618962432916,0.6247086247086248,0.6935020126509488,0.714200477326969,0.714824120603015,1,
Mike Schneck,0.175,0.225201072386059,0.2948308870453095,0.3603213844252163,0.3567073170731707,0.3627569528415961,0.3590826795413397,0.3710541989279333,0.3545673076923077,0.3450956937799043,1,
Mike Scifres,0.0797280593325092,0.1310975609756097,0.2430471584038694,0.188292094146047,0.1113758189398451,0.0757211538461538,0.104066985645933,0.2114252061248527,0.1937046004842615,0.1968599033816425,0,0.1791491911324146
Mike Sellers,0.4419117647058823,0.4524128686327078,0.4562858966177409,0.3745364647713226,0.4213414634146341,0.5368802902055623,0.572118286059143,0.5604526503871352,0.515625,0.4844497607655502,0,0.6083627797408716
Mike Singletary,0.2484662576687116,0.75,0.8950495049504951,0.9536679536679536,0.9242144177449167,0.8529411764705882,0.9211309523809524,0.8811320754716981,0.900562851782364,0.7598499061913696,0,0.5478424015009381
Mike Thomas,0.1429425837320574,0.290341578327444,0.3650121065375302,0.3550724637681159,0.2540443379269023,0.0429338103756708,0.0409495548961424,0.3495601173020528,0.3580607476635514,0.3680473372781065,0,0.2403100775193798
Mike Vrabel,0.2948073701842546,0.3925081433224756,0.5023400936037441,0.6772058823529412,0.7942359249329759,0.8717294192724953,0.9740420271940669,0.9768292682926828,0.9842805320435308,0.9740494870247436,0,0.997022036926742
Mike Wagner,0.3941605839416058,0.8390804597701149,0.984924623115578,0.9705882352941176,0.9461883408071748,0.7842323651452282,0.6889763779527559,0.4448529411764705,0.5749128919860628,0.834983498349835,1,
Miles Austin,0.2926976463488231,0.4312090530077427,0.4308894230769231,0.4300239234449761,0.4063604240282685,0.3686440677966102,0.4100241545893719,0.3001797483523067,0.3577817531305903,0.2789317507418398,1,
Mo Lewis,0.3977485928705441,0.8587360594795539,0.9449715370018976,0.996219281663516,1.0,0.9879518072289156,0.9380234505862648,0.9022801302931596,0.967238689547582,0.986029411764706,0,0.9939678284182306
Mohamed Sanu,0.2463768115942029,0.3337327741162372,0.370304114490161,0.31513353115727,0.2797653958944281,0.2184579439252336,0.2189349112426035,0.2850327966607036,0.2733100233100233,0.257044278320874,1,
Monte Coleman,0.1533101045296167,0.6006600660066007,0.8374233128834356,0.7729357798165137,0.7148514851485148,0.7741312741312741,0.8428835489833642,0.7555147058823529,0.7842261904761905,0.7962264150943397,0,0.9155722326454032
Morgan Burnett,0.5241460541813898,0.8401937046004843,0.9486714975845412,0.9772318753744758,0.9731663685152058,0.9566765578635016,0.9624633431085045,0.9199766355140186,0.8680473372781065,0.8211091234347049,1,
Muhsin Muhammad,0.4551470588235294,0.453083109919571,0.4798978940650925,0.4313967861557478,0.3859756097560975,0.3905683192261185,0.4055522027761014,0.4008338296605122,0.3155048076923077,0.3325358851674641,1,
Na'il Diggs,0.5205882352941177,0.6675603217158177,0.8315252074026803,0.8819530284301607,0.8853658536585366,0.782950423216445,0.7326493663246831,0.7534246575342466,0.7950721153846154,0.7793062200956937,0,0.7285041224970553
Nate Burleson,0.0797280593325092,0.2402439024390243,0.3355501813784764,0.3651176825588413,0.357355568790947,0.2950721153846153,0.3086124401913875,0.2597173144876325,0.3613801452784503,0.3448067632850241,0,0.3618933493109647
Nate Clements,0.806970509383378,0.9278876834716018,0.9715698393077874,0.9896341463414634,0.9866989117291416,0.9933614966807484,0.984514592019059,0.9771634615384616,0.9216507177033492,0.914605418138987,0,0.9297820823244553
Nate Ebner,0.4625603864734299,0.6009586578789694,0.6034585569469291,0.6083086053412463,0.6351906158357771,0.616822429906542,0.6307692307692307,0.5223613595706619,0.5104895104895105,0.4358826912018401,1,
Nate Solder,0.1035108958837772,0.1165458937198067,0.2354703415218693,0.2206320810971973,0.2189910979228486,0.1196480938416422,0.0420560747663551,0.0343195266272189,0.2319618366129994,0.2162004662004662,0,0.2944220816561242
Nate Washington,0.20036210018105,0.5116140559857058,0.5174278846153846,0.5113636363636364,0.3292108362779741,0.3093220338983051,0.3345410628019323,0.396644697423607,0.392963625521765,0.3762611275964391,1,
Ndamukong Suh,0.8297997644287397,0.8716707021791767,0.9233091787439612,0.865787896944278,0.9033989266547406,0.8979228486646884,0.9208211143695014,0.9240654205607476,0.9272189349112426,0.9332140727489564,0,0.934149184149184
Ndukwe Kalu,0.1319218241042345,0.2589703588143526,0.6404411764705882,0.6548257372654156,0.7523931078493937,0.853522867737948,0.8201219512195121,0.7623941958887546,0.6469523234761617,0.7153067301965456,0,0.6676682692307693
Neal Olkewicz,0.1045296167247386,0.1353135313531353,0.696319018404908,0.8394495412844036,0.9168316831683168,0.806949806949807,0.7800369685767098,0.8216911764705882,0.8258928571428571,0.7811320754716982,1,
Neil Rackers,0.2588235294117647,0.2158176943699732,0.3580089342693044,0.3238566131025958,0.3676829268292683,0.3210399032648126,0.4025347012673506,0.4026206075044669,0.4453125,0.4497607655502392,0,0.483510011778563
Neil Smith,0.3452830188679245,0.724202626641651,0.8836772983114447,0.9174484052532832,0.9739776951672864,0.9886148007590132,1.0,0.9982935153583616,0.9810671256454389,0.8793969849246231,0,0.737785016286645
Nesby Glasgow,0.0592334494773519,0.5577557755775577,0.7607361963190185,0.6995412844036697,0.7267326732673267,0.7277992277992278,0.88909426987061,0.6819852941176471,0.7738095238095238,0.6698113207547169,0,0.6772983114446529
Nick Barnett,0.7453646477132262,0.8865853658536585,0.9812575574365175,0.9806879903439952,0.9857057772483622,0.9356971153846154,0.9228468899521532,0.8109540636042403,0.9400726392251816,0.9528985507246376,0,0.9460754943079688
Nick Ferguson,0.5558823529411765,0.6588471849865952,0.6949585194639438,0.7830655129789864,0.7640243902439025,0.898428053204353,0.856366928183464,0.8892197736748064,0.8010817307692307,0.7535885167464115,1,
Nick Hardwick,0.2024390243902439,0.2908101571946795,0.3277006638503319,0.1715306730196545,0.3275240384615384,0.3217703349282296,0.3515901060070671,0.059322033898305,0.1280193236714976,0.1378070701018574,1,
Nick Harris,0.1506097560975609,0.211608222490931,0.2190706095353047,0.0446694460988683,0.2253605769230769,0.3779904306220095,0.4140164899882214,0.3855932203389831,0.338768115942029,0.2396644697423607,0,0.0524746571258199
Nick Mangold,0.1436330718165359,0.4997022036926742,0.5072115384615384,0.4988038277511962,0.1996466431095406,0.2354721549636803,0.2077294685990338,0.3523067705212702,0.3625521765056649,0.3976261127596439,1,
Nick Novak,0.1390568319226118,0.1804465902232951,0.1715306730196545,0.0865384615384615,0.0370813397129186,0.0400471142520612,0.0405569007263922,0.1068840579710145,0.3451168364289994,0.3375074537865236,0,0.3341246290801187
Nick Sorensen,0.2969168900804289,0.4384173580089343,0.4975278121137206,0.6054878048780488,0.599758162031439,0.5835847917923959,0.5783204288266826,0.6243990384615384,0.6369617224880383,0.6024734982332155,1,
Nick Sundberg,0.2373380447585394,0.3619854721549637,0.3888888888888889,0.3367285799880167,0.0649970184853905,0.3258160237388724,0.3002932551319648,0.4047897196261682,0.3627218934911242,0.3911747167561121,0,0.3024475524475524
Nnamdi Asomugha,0.5086526576019778,0.6280487804878049,0.68863361547763,0.8756789378394689,0.8779035139964264,0.8984375,0.7416267942583732,0.7137809187279152,0.7257869249394673,0.7602657004830918,0,0.7555422408627921
Nolan Cromwell,0.2610294117647059,0.686411149825784,0.9702970297029704,0.9877300613496932,0.9908256880733946,0.984158415841584,0.9768339768339768,0.9500924214417744,0.9632352941176472,0.9702380952380952,1,
Nolan Harrison,0.1031894934333958,0.2769516728624535,0.493358633776091,0.6767485822306238,0.6245733788395904,0.4664371772805508,0.4187604690117253,0.5374592833876222,0.4992199687987519,0.6110294117647059,1,
Odell Beckham Jr.,0.2409063804412641,0.285459940652819,0.3214076246334311,0.1536214953271028,0.2130177514792899,0.2731067382230173,0.31002331002331,0.2978723404255319,0.2106205250596658,0.2211055276381909,1,
Olin Kreutz,0.175,0.0509383378016085,0.2910019144862795,0.3442521631644005,0.3902439024390244,0.3403869407496977,0.3023536511768256,0.2543180464562239,0.2596153846153846,0.3534688995215311,0,0.2979976442873969
Olindo Mare,0.2588235294117647,0.131367292225201,0.3733248245054243,0.4147095179233622,0.4140243902439024,0.4848851269649335,0.484007242003621,0.4705181655747468,0.2379807692307692,0.2033492822966507,0,0.3439340400471142
Omar Stoutmire,0.3098827470686767,0.5358306188925082,0.7238689547581904,0.825,0.7560321715817694,0.7007019783024888,0.8516687268232386,0.8402439024390244,0.7853688029020556,0.6994568497284248,0,0.7004169148302561
Orlando Scandrick,0.5631009615384616,0.7356459330143541,0.850412249705536,0.8734866828087167,0.8097826086956522,0.8124625524266027,0.855098389982111,0.8445103857566766,0.8621700879765396,0.7867990654205608,0,0.8479289940828403
Orpheus Roye,0.1775544388609715,0.4576547231270358,0.6692667706708268,0.8669117647058824,0.8304289544235925,0.784301212507977,0.7799752781211372,0.7926829268292683,0.8065296251511487,0.7767048883524442,0,0.7736748064324003
Osi Umenyiora,0.6168108776266996,0.8658536585365854,0.9806529625151148,0.9867229933614968,0.9958308516974388,0.9375,0.9814593301435408,0.9905771495877504,0.9969733656174334,0.9945652173913044,0,0.9736369083283404
Otis Smith,0.7429643527204502,0.8475836431226765,0.8140417457305503,0.4347826086956521,0.6416382252559727,0.7039586919104991,0.9296482412060302,0.8843648208469055,0.8190327613104524,0.8205882352941176,0,0.9068364611260054
Owen Daniels,0.1436330718165359,0.1995235259082787,0.2518028846153846,0.2188995215311004,0.2114252061248527,0.2572639225181598,0.3768115942028985,0.3888556021569802,0.3577817531305903,0.3228486646884273,1,
Paris Lenon,0.4824505424377792,0.5667490729295427,0.6134146341463415,0.722490931076179,0.8098974049487024,0.940440738534842,0.9615384615384616,0.9629186602870812,0.9481743227326266,0.9176755447941888,0,0.9432367149758454
Pat Sims,0.5817307692307693,0.6752392344497608,0.7561837455830389,0.7203389830508474,0.7065217391304348,0.7267825044937088,0.7066189624329159,0.6747774480712166,0.6838709677419355,0.6962616822429907,1,
Pat Swilling,0.1286764705882352,0.8169642857142857,0.9509433962264152,0.99812382739212,0.9887429643527204,0.99812382739212,0.9851301115241636,0.9924098671726757,0.8941398865784499,0.9300341296928328,0,0.8640275387263339
Pat Williams,0.1612377850162866,0.3728549141965678,0.7985294117647059,0.8284182305630027,0.8742820676451819,0.8646477132262052,0.9121951219512195,0.8905683192261185,0.8587809293904647,0.8415723645026801,0,0.8112980769230769
Patrick Chung,0.6441387559808612,0.8486454652532391,0.8958837772397095,0.9009661835748792,0.8334331935290593,0.8360166964818128,0.8451038575667655,0.8891495601173021,0.9106308411214952,0.91301775147929,0,0.862850327966607
Patrick Kerney,0.187207488299532,0.6897058823529412,0.8760053619302949,0.9553286534779836,0.9789864029666254,0.9847560975609756,0.9860943168077388,0.963789981894991,0.9797498511018464,0.9597355769230768,0,0.9736842105263158
Patrick Mannelly,0.3838235294117647,0.4423592493297587,0.4575622208040842,0.5142150803461063,0.498170731707317,0.5084643288996372,0.4218467109233554,0.3829660512209649,0.2914663461538461,0.4156698564593301,0,0.4234393404004711
Patrick Peterson,0.6567796610169492,0.8677536231884058,0.9251048532055124,0.9499105545617174,0.916320474777448,0.9243401759530792,0.8901869158878505,0.8686390532544379,0.8640429338103757,0.8997668997668997,0,0.9246693502012652
Patrick Robinson,0.4787985865724382,0.7403147699757869,0.9027777777777778,0.8981426003594967,0.8688133571854502,0.7584569732937686,0.819941348973607,0.8790887850467289,0.8,0.7579010137149672,0,0.6439393939393939
Paul Posluszny,0.5247170935080405,0.7512019230769231,0.9114832535885168,0.9628975265017669,0.976997578692494,0.9758454106280192,0.9928100659077292,0.9833035181872392,0.9762611275964392,0.9419354838709676,0,0.9310747663551402
Paul Soliai,0.2572960095294818,0.3353365384615384,0.5795454545454546,0.6819787985865724,0.698547215496368,0.7288647342995169,0.7405632115038946,0.7525342874180083,0.716913946587537,0.6774193548387096,1,
Pepper Johnson,0.1654411764705882,0.6815476190476191,0.8886792452830189,0.9606003752345216,0.9324577861163228,0.8761726078799249,0.9070631970260224,0.8709677419354839,0.8355387523629489,0.8395904436860068,0,0.7848537005163512
Pernell McPhee,0.6349878934624698,0.6938405797101449,0.7459556620730977,0.7704233750745378,0.8516320474777448,0.8680351906158358,0.8434579439252337,0.7124260355029586,0.6863446630888491,0.6998834498834499,0,0.7193789534215066
Perry Williams,0.1332046332046332,0.3253234750462107,0.4705882352941176,0.6235119047619048,0.6190476190476191,0.4150943396226415,0.4127579737335834,0.4390243902439024,0.3939962476547842,0.2509293680297397,1,
Peyton Manning,0.175,0.4658176943699731,0.4741544352265475,0.4734239802224969,0.0512195121951219,0.0918984280532043,0.048280024140012,0.1274568195354377,0.1033653846153846,0.1160287081339712,0,0.0400471142520612
Phil Dawson,0.3102941176470588,0.2607238605898123,0.2641991065730695,0.3189122373300371,0.3091463414634146,0.4014510278113664,0.3814121907060953,0.3621203097081596,0.1502403846153846,0.0370813397129186,0,0.1012956419316843
Phil Hansen,0.2607879924953096,0.5929368029739777,0.6869070208728653,0.7920604914933838,0.8498293515358362,0.9139414802065404,0.917922948073702,0.9136807817589576,0.8829953198127926,0.9051470588235294,0,0.853887399463807
Philip Rivers,0.0918984280532043,0.048280024140012,0.0446694460988683,0.0757211538461538,0.104066985645933,0.2703180212014134,0.2354721549636803,0.3345410628019323,0.3079688436189335,0.2510435301132975,0,0.1394658753709199
Phillip Daniels,0.1669535283993115,0.4053601340033501,0.745928338762215,0.8408736349453978,0.9330882352941176,0.9416890080428956,0.9234205488194002,0.92274412855377,0.7981707317073171,0.8494558645707376,0,0.8485214242607121
Pierre Garcon,0.4032451923076923,0.423444976076555,0.4422850412249705,0.3401937046004842,0.3876811594202898,0.4433792690233673,0.4132379248658318,0.3928783382789317,0.1941348973607038,0.1226635514018691,0,0.2307692307692307
Pierson Prioleau,0.6786764705882353,0.7654155495978552,0.8328015315890236,0.7978986402966626,0.7817073170731708,0.7992744860943168,0.7374773687386844,0.7427039904705182,0.6153846153846154,0.6686602870813397,0,0.6360424028268551
Quentin Jammer,0.582003828972559,0.7428924598269468,0.8091463414634147,0.8536880290205562,0.8672299336149668,0.8814770696843359,0.9308894230769232,0.917464114832536,0.9257950530035336,0.8450363196125908,0,0.9160628019323672
Quintin Demps,0.5883413461538461,0.6519138755980861,0.6513545347467609,0.7052058111380145,0.7270531400966184,0.8472139005392451,0.8926654740608229,0.9513353115727003,0.9712609970674488,0.923481308411215,1,
Quintin Mikell,0.5580964153275649,0.677439024390244,0.7007255139056832,0.71997585998793,0.798094103633115,0.9326923076923076,0.9599282296650716,0.9758539458186102,0.9836561743341404,0.9885265700483092,0,0.9784301977231876
R.W. McQuarters,0.1294851794071763,0.7110294117647059,0.8572386058981233,0.8825781748564135,0.865265760197775,0.8609756097560975,0.8821039903264812,0.9034399517199758,0.8111971411554497,0.734375,1,
Raheem Brock,0.6062539885130823,0.7268232385661311,0.8542682926829268,0.9347037484885128,0.952323476161738,0.938058368076236,0.903846153846154,0.8726076555023924,0.9098939929328622,0.8825665859564165,1,
Ramon Humber,0.5867224880382775,0.5924617196702002,0.6325665859564165,0.572463768115942,0.6452965847813061,0.6607036374478235,0.714540059347181,0.7167155425219941,0.790303738317757,0.7343195266272189,1,
Randall Cobb,0.1035108958837772,0.1739130434782608,0.5512282804074295,0.530113297555158,0.5145400593471811,0.5794721407624633,0.5782710280373832,0.5863905325443787,0.5295169946332737,0.5314685314685315,0,0.5163887291546866
Randall Godfrey,0.3450586264656616,0.6840390879478827,0.8096723868954758,0.975735294117647,0.9658176943699732,0.9508615188257816,0.8399258343634116,0.8859756097560976,0.9383313180169288,0.9426674713337356,0,0.8880285884455033
Randy Logan,0.592964824120603,0.6666666666666666,0.7399103139013453,0.5601659751037344,0.7913385826771654,0.8088235294117647,0.8571428571428571,0.6732673267326733,0.6134969325153374,0.3073394495412844,0,0.3465346534653465
Randy McMichael,0.2399489470325462,0.3257107540173053,0.4152439024390243,0.4099153567110036,0.4140012070006035,0.3597379392495533,0.3191105769230769,0.3086124401913875,0.3421672555948174,0.435230024213075,0,0.4867149758454106
Randy Moss,0.175,0.3150134048257372,0.3924696873005743,0.4122373300370828,0.3542682926829268,0.2394195888754534,0.208207604103802,0.1852293031566408,0.3058894230769231,0.492822966507177,0,0.5011778563015312
Randy Starks,0.6957317073170731,0.772067714631197,0.8509354254677127,0.7718880285884455,0.7734375,0.8175837320574163,0.8574793875147232,0.8783292978208233,0.8429951690821256,0.8789694427801078,0,0.8556946929039952
Rashean Mathis,0.6600741656365884,0.8286585365853658,0.9474002418379686,0.9746529873264936,0.9594997022036926,0.9735576923076924,0.9539473684210528,0.9623085983510012,0.8650121065375302,0.7657004830917874,0,0.6932294787297784
Ray Agnew,0.1069418386491557,0.1575984990619137,0.1579925650557621,0.1309297912713472,0.1020793950850661,0.114334470989761,0.2977624784853701,0.3266331658291457,0.4657980456026058,0.3853354134165366,0,0.7191176470588235
Ray Buchanan,0.4516129032258064,0.9149338374291116,0.984641638225256,0.9690189328743546,0.8358458961474037,0.8485342019543974,0.8939157566302652,0.9698529411764706,0.970509383378016,0.9572431397574984,0,0.8726823238566132
Ray Childress,0.3530499075785582,0.5551470588235294,0.8586309523809523,0.939622641509434,0.9568480300187616,0.9399624765478424,0.8836772983114447,0.9535315985130112,0.9658444022770398,0.9546313799621928,0,0.841296928327645
Ray Crockett,0.1819887429643527,0.5328330206378987,0.9118198874296436,0.9721189591078068,0.9563567362428842,0.8431001890359168,0.8071672354948806,0.8347676419965576,0.8760469011725294,0.8876221498371335,0,0.8658346333853354
Ray Horton,0.5306930693069307,0.6718146718146718,0.7467652495378928,0.5863970588235294,0.4211309523809524,0.3566037735849056,0.5084427767354597,0.6322701688555347,0.849906191369606,0.8197026022304833,1,
Ray Lewis,0.3803786574870912,0.7286432160804021,0.9071661237785016,0.9719188767550702,0.9816176470588236,0.9959785522788204,0.9783024888321634,0.9962917181705808,0.9859756097560975,0.9788391777509068,0,0.9462884731442366
Ray Mickens,0.4288107202680067,0.6009771986970684,0.7691107644305772,0.8154411764705882,0.8210455764075067,0.7645181876196554,0.8139678615574784,0.7280487804878049,0.7013301088270859,0.5678937839468919,1,
Ray Oldham,0.2663316582914573,0.3529411764705882,0.5695067264573991,0.6099585062240664,0.531496062992126,0.3970588235294117,0.1916376306620209,0.636963696369637,0.6901840490797546,0.786697247706422,1,
Raylee Johnson,0.10586011342155,0.2935153583617747,0.3855421686746988,0.4120603015075377,0.5179153094462541,0.7706708268330733,0.8698529411764706,0.9323056300268096,0.8959795788130185,0.938813349814586,0,0.8469512195121951
Raymond Clayborn,0.5441176470588235,0.7839721254355401,0.943894389438944,0.911042944785276,0.8807339449541285,0.6772277227722773,0.5656370656370656,0.7042513863216266,0.84375,0.8229166666666666,0,0.6886792452830188
Reggie Brown,0.4422110552763819,0.4495114006514658,0.4586583463338533,0.0235294117647058,0.0201072386058981,0.0153158902361199,0.0210135970333745,0.0274390243902439,0.1390568319226118,0.1092335546167773,0,0.3430613460393091
Reggie Jones,0.3639774859287054,0.5910780669144982,0.5920303605313093,0.391304347826087,0.1331058020477815,0.06368330464716,0.0586264656616415,0.0684039087947882,0.0717628705148206,0.3779411764705882,1,
Reggie Kelly,0.175,0.0509383378016085,0.1001914486279515,0.0797280593325092,0.1310975609756097,0.2031438935912938,0.2914906457453228,0.2310899344848123,0.1941105769230769,0.104066985645933,0,0.163133097762073
Reggie Nelson,0.7754615842763549,0.8323317307692307,0.8851674641148325,0.8780918727915195,0.9697336561743342,0.9909420289855072,0.987417615338526,0.9648181276088252,0.9857566765578636,0.9947214076246336,0,0.9906542056074766
Reggie Walker,0.4706937799043062,0.5200235571260307,0.5538740920096852,0.5422705314009661,0.701617735170761,0.6970781156827669,0.6765578635014837,0.4909090909090909,0.0420560747663551,0.0343195266272189,0,0.0363744782349433
Reggie Wayne,0.1233243967828418,0.1991065730695596,0.5370828182941904,0.5371951219512195,0.5350665054413543,0.2208811104405552,0.3448481238832638,0.3864182692307692,0.4228468899521531,0.3828032979976443,0,0.3868038740920096
Reggie White,0.2587800369685767,0.5422794117647058,0.8601190476190477,0.8773584905660378,0.8574108818011257,0.8686679174484052,0.8555347091932458,0.7732342007434945,0.4776951672862453,0.3377609108159393,0,0.3648393194706994
Reggie Williams1,0.2116182572614107,0.6850393700787402,0.7389705882352942,0.7003484320557491,0.5181518151815182,0.50920245398773,0.6903669724770642,0.6198019801980198,0.5926640926640927,0.4621072088724584,0,0.4227941176470588
Renaldo Hill,0.5107238605898123,0.7019783024888322,0.8980222496909765,0.9365853658536586,0.9207980652962516,0.8768859384429692,0.8725431804645623,0.90625,0.8947368421052632,0.9305064782096584,1,
Renaldo Wynn,0.2127303182579564,0.3745928338762215,0.5085803432137286,0.7757352941176471,0.8310991957104558,0.8666241225271218,0.8300370828182941,0.7963414634146342,0.7436517533252721,0.7073023536511768,0,0.7010125074449077
Reshad Jones,0.6113074204946997,0.7360774818401937,0.9070048309178744,0.9496704613541044,0.9797257006559332,0.9893175074183976,0.987683284457478,0.9912383177570092,0.97396449704142,0.954680977936792,1,
Rian Lindell,0.175,0.3123324396782841,0.5118059987236758,0.511742892459827,0.5195121951219512,0.4286577992744861,0.4459867229933615,0.4306134603930911,0.4915865384615384,0.4892344497607656,0,0.591283863368669
Richard Dent,0.0891089108910891,0.7065637065637066,0.9870609981515712,1.0,1.0,0.9830188679245284,0.9868667917448404,0.9699812382739212,0.9624765478424016,0.9553903345724908,0,0.9032258064516128
Richard Seymour,0.6487935656836461,0.811104020421187,0.9140914709517924,0.946341463414634,0.9316807738814994,0.9028364514182255,0.836212030970816,0.8527644230769231,0.8714114832535885,0.9063604240282686,0,0.8595641646489104
Richard Sherman,0.7651331719128329,0.960144927536232,0.9958058717795086,0.998211091234347,0.9768545994065282,0.9571847507331378,0.911214953271028,0.8769230769230769,0.874180083482409,0.8653846153846154,0,0.8441633122484187
Richie Incognito,0.0941460470730235,0.0589636688505062,0.1844951923076923,0.1590909090909091,0.2208480565371024,0.2052058111380145,0.3152173913043478,0.3223487118034751,0.1890280262373285,0.2397626112759644,1,
Rickey Jackson,0.7660550458715596,0.897029702970297,0.9884169884169884,0.9741219963031424,0.9944852941176472,0.9821428571428572,0.9943396226415094,0.9699812382739212,0.949343339587242,0.947467166979362,0,0.9888475836431226
Ricky Williams,0.3102941176470588,0.5462466487935657,0.5513720485003191,0.5618046971569839,0.3838071693448702,0.3365853658536585,0.2267230955259976,0.0325890162945081,0.0327575938058368,0.125,0,0.2033492822966507
Riley Reiff,0.1068840579710145,0.1378070701018574,0.1419200954084675,0.1643916913946587,0.1888563049853372,0.1536214953271028,0.0449704142011834,0.1067382230172927,0.0571095571095571,0.2311673375503162,0,0.2291169451073985
Rob Burnett,0.0769230769230769,0.225140712945591,0.5650557620817844,0.7096774193548387,0.8601134215500945,0.878839590443686,0.8227194492254734,0.6901172529313233,0.6400651465798045,0.7550702028081123,0,0.951470588235294
Rob Gronkowski,0.1658595641646489,0.2391304347826087,0.2917914919113241,0.1419200954084675,0.1643916913946587,0.1401759530791788,0.1226635514018691,0.2011834319526627,0.1926058437686344,0.243006993006993,1,
Rob Ninkovich,0.3421846710923355,0.3966646813579512,0.3918269230769231,0.562200956937799,0.7944640753828033,0.950363196125908,0.9951690821256038,0.9964050329538646,0.9934406678592724,0.9786350148367952,0,0.9501466275659824
Robaire Smith,0.5404411764705882,0.6025469168900804,0.6802807913209955,0.7880098887515451,0.822560975609756,0.8458282950423216,0.7779118889559444,0.7986896962477665,0.7259615384615384,0.7613636363636364,0,0.6890459363957597
Robbie Gould,0.1390568319226118,0.3035606517803259,0.2936271590232281,0.2626201923076923,0.2464114832535885,0.3021201413427561,0.2294188861985472,0.0513285024154589,0.0437387657279808,0.0429338103756708,0,0.1329376854599406
Robert Bailey,0.4312267657992565,0.5540796963946869,0.5368620037807184,0.2764505119453925,0.0929432013769363,0.440536013400335,0.4462540716612377,0.6552262090483619,0.7455882352941177,0.8552278820375335,1,
Robert Geathers,0.7286585365853658,0.8029020556227328,0.899818949909475,0.9160214413341274,0.9260817307692308,0.9264354066985646,0.8904593639575972,0.8535108958837773,0.7844202898550725,0.7118034751348112,0,0.6958855098389982
Robert Griffith,0.2098976109215017,0.6523235800344234,0.847571189279732,0.9397394136807816,0.9297971918876756,0.9647058823529412,0.950402144772118,0.9112954690491384,0.8868974042027195,0.8963414634146342,0,0.9050785973397824
Robert Jones,0.2899628252788104,0.2713472485768501,0.2797731568998109,0.3395904436860068,0.4974182444061962,0.6214405360134003,0.750814332247557,0.625585023400936,0.8125,0.6749329758713136,1,
Robert Mathis,0.7243510506798516,0.949390243902439,0.994558645707376,0.9993964996982498,0.9976176295413935,0.9957932692307692,0.9952153110047848,0.9935217903415784,0.9897094430992736,0.977657004830918,0,0.9988016776512882
Robert Porcher,0.1226765799256505,0.4573055028462998,0.6956521739130435,0.8174061433447098,0.910499139414802,0.9765494137353434,0.986970684039088,0.9921996879875196,0.9794117647058824,0.9718498659517426,0,0.967453733248245
Robert Quinn,0.6198547215496368,0.7989130434782609,0.9904134212103056,1.0,0.9994065281899108,0.9695014662756598,0.9375,0.9396449704142013,0.962432915921288,0.9545454545454546,0,0.9856239217941346
Robert Thomas,0.3419117647058823,0.2513404825737265,0.2916400765794512,0.2348436502871729,0.6372064276885043,0.7036585365853658,0.7654171704957679,0.7235968617984309,0.7355568790946992,0.6538461538461539,0,0.604066985645933
Robert Williams,0.1358490566037735,0.1219512195121951,0.2345215759849906,0.2439024390243902,0.2286245353159851,0.1688804554079696,0.0699432892249527,0.0631399317406143,0.06368330464716,0.0586264656616415,0,0.1107491856677524
Robert Woods,0.3151587777112043,0.4090638044126416,0.428486646884273,0.4046920821114369,0.2914719626168224,0.1704142011834319,0.3321407274895647,0.3659673659673659,0.3375503162737205,0.2159904534606205,0,0.2192211055276381
Roberto Garza,0.0727504786215698,0.1915945611866502,0.2298780487804878,0.281136638452237,0.188292094146047,0.1113758189398451,0.0372596153846153,0.1429425837320574,0.2597173144876325,0.2808716707021791,0,0.2578502415458937
Rock Cartwright,0.2935545628589662,0.3442521631644005,0.4402439024390244,0.5574365175332527,0.579963789981895,0.5914234663490173,0.5420673076923077,0.5376794258373205,0.6160188457008245,0.5932203389830508,1,
Rocky Bernard,0.6738991703892788,0.7169344870210136,0.801219512195122,0.8367593712212817,0.8901629450814725,0.9058963668850506,0.8846153846153846,0.8373205741626795,0.7838633686690224,0.7142857142857143,0,0.731280193236715
Rod Jones,0.0459558823529411,0.2976190476190476,0.2283018867924528,0.1538461538461538,0.0900562851782364,0.0431519699812382,0.1449814126394052,0.1992409867172675,0.2003780718336484,0.1843003412969283,0,0.2839931153184165
Rod Smith1,0.0799256505576208,0.0910815939278937,0.2155009451795841,0.167235494880546,0.2134251290877797,0.0737018425460636,0.260586319218241,0.2277691107644305,0.5985294117647059,0.3371313672922252,0,0.3982131461391193
Rod Woodson,0.4285714285714285,0.7018867924528301,0.9324577861163228,0.9643527204502814,0.9587242026266416,0.966542750929368,0.986717267552182,0.998109640831758,0.9726962457337884,0.9449225473321858,0,0.8391959798994975
Roddy White,0.3270858524788392,0.3572721786360893,0.5276950565812983,0.5300480769230769,0.5962918660287081,0.6071849234393404,0.5799031476997578,0.5380434782608695,0.2396644697423607,0.1520572450805009,0,0.1845697329376854
Rodney Harrison,0.3873720136518771,0.7710843373493976,0.9631490787269682,0.99185667752443,0.9485179407176288,0.9823529411764704,0.982573726541555,0.9929802169751116,0.9783683559950556,0.9841463414634146,0,0.9600967351874244
Rodney Hudson,0.1035108958837772,0.2288647342995169,0.2648292390653086,0.2599880739415623,0.228486646884273,0.1941348973607038,0.1664719626168224,0.1816568047337278,0.3136553369111509,0.31002331002331,0,0.2978723404255319
Rodney Thomas~,0.1716981132075471,0.2626641651031895,0.3320825515947467,0.1688555347091932,0.0594795539033457,0.064516129032258,0.0699432892249527,0.0631399317406143,0.06368330464716,0.0586264656616415,0,0.0684039087947882
Roland James,0.4554455445544554,0.7024539877300614,0.841743119266055,0.9227722772277228,0.8783783783783784,0.9353049907578558,0.8658088235294118,0.9389880952380952,0.9320754716981132,0.9362101313320824,1,
Roman Harper,0.5872057936028968,0.863013698630137,0.9134615384615384,0.9431818181818182,0.9634864546525324,0.9878934624697336,0.9891304347826086,0.9292989814260036,0.9367918902802624,0.9068249258160236,0,0.8926686217008798
Roman Phifer,0.2026266416510319,0.5353159851301115,0.4952561669829222,0.6465028355387523,0.7935153583617748,0.882960413080895,0.8291457286432161,0.7817589576547231,0.8533541341653667,0.9419117647058824,0,0.9483914209115282
Ron Bolton,0.6834170854271356,0.8970588235294118,0.9641255605381166,0.950207468879668,0.9212598425196852,0.7977941176470589,0.5993031358885017,0.7293729372937293,0.8006134969325154,0.7362385321100917,1,
Ron Edwards,0.4316353887399464,0.7243139757498405,0.7595797280593325,0.8073170731707318,0.6819830713422007,0.6807483403741702,0.6855270994639666,0.7019230769230769,0.6961722488038278,0.6843345111896348,0,0.6416464891041163
Ronde Barber,0.5684039087947883,0.734789391575663,0.9705882352941176,0.992627345844504,0.9917038927887684,0.9901112484548824,0.9865853658536584,0.992744860943168,0.9951719975859988,0.9880881477069684,0,0.9885817307692308
Ronnie Bradford,0.1214421252371916,0.2589792060491493,0.2593856655290102,0.387263339070568,0.5393634840871022,0.7280130293159609,0.6021840873634945,0.8147058823529412,0.7707774798927614,0.8372686662412253,1,
Ronnie Lott,0.9079754601226994,0.993119266055046,0.996039603960396,0.9633204633204632,0.9371534195933456,0.9852941176470588,0.9910714285714286,0.9962264150943396,0.9662288930581614,0.924953095684803,0,0.8949343339587242
Rosevelt Colvin,0.1653666146645865,0.7588235294117647,0.9423592493297588,0.9834077855775368,0.9678615574783684,0.9042682926829269,0.8784764207980653,0.9420639710319856,0.9648600357355568,0.908653846153846,1,
Roy Williams,0.8423739629865986,0.9208899876390606,0.9310975609756098,0.7268292682926829,0.2521160822249093,0.2823458282950423,0.3156306578153289,0.3186481593240796,0.5062537224538416,0.5789160214413341,0,0.5805288461538461
Russell Maryland,0.4615384615384615,0.7137546468401487,0.7628083491461101,0.6068052930056711,0.5563139931740614,0.5025817555938038,0.6381909547738693,0.6612377850162866,0.6911076443057722,0.7830882352941176,1,
Russell Okung,0.1012956419316843,0.059322033898305,0.0513285024154589,0.0437387657279808,0.1282051282051282,0.0694362017804154,0.2134897360703812,0.1308411214953271,0.1331360946745562,0.1293977340488968,1,
Russell Wilson,0.1068840579710145,0.4931096464949071,0.4770423375074538,0.4783382789317507,0.3818181818181818,0.5549065420560748,0.5366863905325444,0.5259391771019678,0.1695804195804195,0.1765382403680276,0,0.0972553699284009
Ryan Clark,0.2156987874920229,0.5247218788627935,0.6585365853658537,0.8119709794437727,0.9052504526252264,0.905300774270399,0.8774038461538461,0.8582535885167464,0.9122497055359248,0.9110169491525424,0,0.9396135265700484
Ryan Diem,0.1890080428954423,0.204211869814933,0.2558714462299135,0.248780487804878,0.2672309552599758,0.232347616173808,0.2209648600357355,0.1676682692307692,0.1919856459330143,0.1012956419316843,1,
Ryan Fitzpatrick,0.0757211538461538,0.104066985645933,0.2114252061248527,0.1937046004842615,0.3079710144927536,0.207309766327142,0.1323792486583184,0.1329376854599406,0.1401759530791788,0.1226635514018691,0,0.0343195266272189
Ryan Grant,0.3097081596188207,0.3088942307692308,0.3349282296650718,0.0400471142520612,0.0405569007263922,0.0440821256038647,0.0437387657279808,0.1282051282051282,0.3270029673590504,0.3618768328445748,0,0.3405373831775701
Ryan Griffin,0.3499101258238466,0.3798449612403101,0.373887240356083,0.2668621700879765,0.1308411214953271,0.1331360946745562,0.3619558735837805,0.4224941724941725,0.4261069580218516,0.4063245823389022,1,
Ryan Kerrigan,0.8565375302663438,0.964975845410628,0.9952067106051528,0.9976147883124628,0.9964391691394658,0.9941348973607038,0.9924065420560748,0.9952662721893492,0.9856887298747764,0.9434731934731936,0,0.7918343875790684
Ryan Longwell,0.1233243967828418,0.0887045309508615,0.2058096415327565,0.1823170731707317,0.2394195888754534,0.208207604103802,0.3031566408576533,0.2734375,0.2577751196172249,0.0400471142520612,0,0.2136803874092009
Ryan McNeil,0.1726755218216318,0.2476370510396975,0.3856655290102389,0.4492254733218588,0.7621440536013401,0.7850162866449512,0.6755070202808112,0.7205882352941176,0.8579088471849866,0.9023611997447352,0,0.8491965389369592
Ryan Pickett,0.5053619302949062,0.6477345245692406,0.7138442521631644,0.7725609756097561,0.7762998790810157,0.8171394085697042,0.7861822513400833,0.7716346153846154,0.7278708133971292,0.7455830388692579,0,0.6791767554479419
Ryan Succop,0.0873205741626794,0.2597173144876325,0.2808716707021791,0.3345410628019323,0.2648292390653086,0.2599880739415623,0.1489614243323442,0.1196480938416422,0.2564252336448598,0.2609467455621301,0,0.3094812164579606
Ryan Tannehill,0.1068840579710145,0.2043139604553625,0.345855694692904,0.3994065281899109,0.3812316715542522,0.2914719626168224,0.1159763313609467,0.2164579606440071,0.2138694638694638,0.3093732029902242,0,0.2995226730310262
Ryan Taylor,0.3102941176470588,0.1963806970509383,0.1550733886407147,0.0210135970333745,0.0274390243902439,0.0326481257557436,0.0325890162945081,0.0327575938058368,0.0372596153846153,0.0370813397129186,0,0.0400471142520612
Sam Adams,0.2381852551984877,0.431740614334471,0.657487091222031,0.7453936348408711,0.7980456026058632,0.6521060842433697,0.7669117647058824,0.739946380697051,0.7287811104020421,0.8238566131025958,0,0.8774390243902439
Sam Koch,0.1436330718165359,0.2525312686122692,0.3131009615384615,0.2793062200956938,0.2208480565371024,0.137409200968523,0.3496376811594203,0.3636908328340323,0.319618366129994,0.1643916913946587,0,0.1888563049853372
Sam Madison,0.3249581239530988,0.7149837133550488,0.9095163806552262,0.9926470588235294,0.957774798927614,0.9087428206764518,0.8609394313967862,0.903658536585366,0.9032648125755744,0.8660229330114665,0,0.9112567004169148
Samari Rolle,0.254071661237785,0.6396255850234009,0.9485294117647058,0.9671581769436998,0.9253350350989152,0.9171817058096416,0.8689024390243902,0.8893591293833132,0.8388654194327098,0.8213222156045265,0,0.8269230769230769
Sammy Knight,0.525963149078727,0.8925081433224755,0.9469578783151326,0.9919117647058824,0.9932975871313672,0.9968091895341415,0.9969097651421508,0.9914634146341464,0.9885126964933496,0.9752564876282438,0,0.958904109589041
Sammy Morris,0.4455882352941177,0.4631367292225201,0.5322271857051691,0.5024721878862793,0.5810975609756097,0.6227327690447401,0.6572118286059143,0.6241810601548541,0.5348557692307693,0.1919856459330143,0,0.4110718492343934
Santana Dotson,0.6096654275092936,0.7400379506641366,0.7637051039697542,0.6604095563139932,0.6402753872633391,0.8073701842546064,0.8078175895765473,0.7597503900156006,0.8433823529411765,0.8277479892761395,1,
Santana Moss,0.1233243967828418,0.1391193363114231,0.2484548825710754,0.275,0.2847642079806529,0.2703681351840676,0.2430017867778439,0.2806490384615384,0.333133971291866,0.3480565371024735,0,0.3746973365617433
Scott Case,0.4491682070240296,0.7058823529411765,0.8556547619047619,0.8849056603773585,0.8367729831144465,0.9212007504690432,0.7954971857410882,0.845724907063197,0.6925996204933587,0.6124763705103969,1,
Scott Fujita,0.6151882578174857,0.8046971569839307,0.8914634146341464,0.9135429262394196,0.9191309595654796,0.9446098868374032,0.9519230769230768,0.9246411483253588,0.9216725559481744,0.8807506053268765,0,0.8260869565217391
Scott Shanle,0.1915945611866502,0.5280487804878049,0.6432889963724304,0.8014484007242003,0.8701608100059559,0.9122596153846154,0.9001196172248804,0.8957597173144877,0.8886198547215496,0.8309178743961353,1,
Scott Studwell,0.1141732283464567,0.1029411764705882,0.2682926829268293,0.3498349834983498,0.2331288343558282,0.7018348623853211,0.7960396039603961,0.947876447876448,0.9260628465804066,0.9393382352941176,0,0.9107142857142856
Scott Wells,0.0918984280532043,0.1852745926372963,0.240023823704586,0.2782451923076923,0.2673444976076555,0.2756183745583039,0.1186440677966101,0.0513285024154589,0.2240862792091072,0.3190220632081097,1,
Sean Gilbert,0.3866171003717472,0.6907020872865275,0.782608695652174,0.7918088737201365,0.693631669535284,0.5309882747068677,0.6058631921824105,0.6380655226209049,0.911029411764706,0.8679624664879356,0,0.7887683471601787
Sean Jones1,0.0231660231660231,0.1792975970425138,0.4466911764705882,0.6517857142857143,0.5490566037735849,0.4427767354596623,0.5703564727954972,0.6622889305816135,0.6933085501858736,0.6072106261859582,0,0.6275992438563327
Sean Lee,0.7326266195524146,0.9001210653753027,0.9408212560386472,0.9808268424206112,0.9117471675611212,0.93946587537092,0.8756598240469208,0.9369158878504672,0.8763313609467456,0.8622540250447227,0,0.8006993006993007
Sebastian Janikowski,0.175,0.2794906166219839,0.3356732610082961,0.3331273176761434,0.3018292682926829,0.2073760580411124,0.299939649969825,0.2882668254913639,0.3359375,0.305622009569378,0,0.2208480565371024
Seth Joyner,0.21875,0.7723214285714286,0.9358490566037736,0.9681050656660412,0.9343339587242028,0.9849906191369606,0.9962825278810408,0.9981024667931688,0.9848771266540642,0.9146757679180888,0,0.9380378657487092
Shane Dronett,0.3345724907063197,0.5787476280834914,0.724007561436673,0.6638225255972696,0.4216867469879518,0.2797319932998325,0.5944625407166124,0.7285491419656787,0.8573529411764705,0.846514745308311,1,
Shane Lechler,0.1890080428954423,0.2782386726228462,0.3300370828182942,0.2536585365853658,0.1082224909310761,0.20036210018105,0.2495533055390113,0.2854567307692308,0.1722488038277512,0.163133097762073,0,0.137409200968523
Shaun Ellis,0.7426470588235294,0.8532171581769437,0.9068283343969368,0.9202719406674909,0.9634146341463414,0.9576783555018138,0.9269764634882316,0.8796902918403812,0.9465144230769232,0.9551435406698564,0,0.952296819787986
Shaun Gayle,0.0733590733590733,0.0628465804066543,0.2224264705882352,0.4389880952380952,0.3735849056603773,0.6810506566604128,0.7317073170731707,0.801125703564728,0.7118959107806692,0.6736242884250474,0,0.7939508506616257
Shaun O'Hara,0.175,0.0509383378016085,0.2552648372686662,0.3800988875154512,0.375,0.3524788391777509,0.208207604103802,0.1852293031566408,0.1550480769230769,0.2595693779904306,0,0.2597173144876325
Shaun Phillips,0.6615853658536586,0.8337363966142685,0.955944477972239,0.9898749255509232,0.9921875,0.9910287081339711,0.988221436984688,0.9824455205811138,0.9740338164251208,0.9646494907130018,0,0.94752534287418
Shaun Rogers,0.7017426273458445,0.7983407785577536,0.880716934487021,0.8676829268292683,0.9171704957678356,0.8847314423657212,0.9499702203692674,0.9278846153846154,0.9192583732057416,0.7938751472320377,0,0.6767554479418886
Shawn Barber,0.263843648208469,0.6989079563182528,0.913970588235294,0.8880697050938338,0.8985322271857051,0.9524103831891224,0.9707317073170731,0.8627569528415961,0.7429088714544357,0.6551518761167362,1,
Shawn Lee,0.1584905660377358,0.2045028142589118,0.7073170731707317,0.7223264540337712,0.7509293680297398,0.444022770398482,0.5954631379962193,0.7406143344709898,0.685025817555938,0.5460636515912898,0,0.5504885993485342
Shawn Springs,0.2445561139028475,0.8110749185667753,0.9344773790951638,0.9786764705882351,0.8780160857908847,0.828334396936822,0.7793572311495673,0.9317073170731708,0.9081015719467956,0.8907664453832227,0,0.8338296605122096
Shayne Graham,0.3217158176943699,0.2807913209955329,0.4184177997527812,0.4073170731707317,0.4824667472793228,0.4689197344598672,0.4443120905300774,0.2674278846153846,0.3145933014354067,0.3150765606595995,0,0.1186440677966101
Sheldon Brown,0.6636885768985322,0.7620519159456118,0.9060975609756098,0.9607013301088272,0.9619794809897404,0.951756998213222,0.8972355769230769,0.9527511961722488,0.9422850412249706,0.9437046004842616,0,0.9064009661835748
Sherrick McManis,0.5347467608951708,0.5284503631961259,0.5609903381642513,0.5068903535050928,0.5110316040548599,0.5679525222551929,0.5865102639296188,0.5858644859813084,0.6414201183431952,0.6320810971973763,0,0.6602564102564102
Simeon Rice,0.4819277108433735,0.6850921273031826,0.8859934853420195,0.9594383775351014,0.9808823529411764,0.9812332439678284,0.9878749202297384,0.9987639060568604,0.9981707317073172,0.9993954050785974,0,0.9734459867229932
Simon Fletcher,0.0480591497227356,0.2849264705882353,0.5818452380952381,0.8,0.9212007504690432,0.951219512195122,0.9399624765478424,0.9702602230483272,0.9791271347248576,0.9697542533081286,0,0.909556313993174
Stan White,0.6080402010050251,0.7107843137254902,0.9506726457399104,0.925311203319502,0.9763779527559056,0.8161764705882353,0.7282229965156795,0.5148514851485149,0.5153374233128835,0.6788990825688074,1,
Stephen Bowen,0.452021726010863,0.5199523525908278,0.5871394230769231,0.680622009569378,0.71849234393404,0.7947941888619855,0.7644927536231884,0.7525464349910126,0.6088252832438878,0.5347181008902078,1,
Stephen Gostkowski,0.2287266143633071,0.3793924955330554,0.4212740384615384,0.5083732057416268,0.4876325088339223,0.4842615012106537,0.4027777777777778,0.4319952067106051,0.3488372093023256,0.2189910979228486,0,0.1196480938416422
Stephen Tulloch,0.6354858177429089,0.7022036926742108,0.8040865384615384,0.8642344497607656,0.93698468786808,0.9703389830508474,0.9716183574879228,0.9604553624925104,0.8962432915921288,0.8943620178041543,0,0.8017595307917889
Steve Atwater,0.4108818011257035,0.600375234521576,0.9061913696060038,0.9405204460966544,0.9620493358633776,0.9187145557655956,0.9129692832764504,0.8932874354561101,0.9095477386934674,0.7964169381107492,1,
Steve Foley1,0.5643153526970954,0.7362204724409449,0.9301470588235294,0.9059233449477352,0.9504950495049505,0.8496932515337423,0.6926605504587156,0.5326732673267327,0.5308880308880309,0.6561922365988909,0,0.6433823529411765
Steve Freeman,0.4753363228699551,0.4896265560165975,0.5275590551181102,0.1029411764705882,0.5958188153310104,0.924092409240924,0.843558282208589,0.8440366972477065,0.8277227722772277,0.9382239382239382,0,0.7744916820702403
Steve Martin,0.2589285714285714,0.1377358490566037,0.1257035647279549,0.0375234521575985,0.0431519699812382,0.0594795539033457,0.064516129032258,0.0699432892249527,0.0631399317406143,0.1979345955249569,0,0.1825795644891122
Steve McLendon,0.1472320376914016,0.4969733656174334,0.5851449275362319,0.6542840023966447,0.6493738819320215,0.6498516320474778,0.7096774193548387,0.7424065420560748,0.7502958579881657,0.7423971377459749,0,0.7074592074592074
Steve McMichael,0.1077981651376146,0.2891089108910891,0.4285714285714285,0.4473197781885397,0.4871323529411764,0.5967261904761905,0.5716981132075472,0.5422138836772983,0.5403377110694184,0.5384615384615384,0,0.5148698884758365
Steve Nelson,0.210762331838565,0.5269709543568465,0.5078740157480315,0.7573529411764706,0.6411149825783972,0.8547854785478548,0.4693251533742331,0.3096330275229357,0.299009900990099,0.6081081081081081,0,0.7948243992606284
Steve Smith,0.1233243967828418,0.3075941289087428,0.3980222496909765,0.3896341463414634,0.3724304715840387,0.2957151478575739,0.3156640857653365,0.2890625,0.2836538461538461,0.1961722488038277,0,0.1955741626794258
Steven Jackson,0.0975609756097561,0.2031438935912938,0.2486421243210621,0.2346634901727218,0.2001201923076923,0.2188995215311004,0.2114252061248527,0.1937046004842615,0.1340579710144927,0.1791491911324146,1,
Steven Means,0.3768723786698622,0.3959451401311866,0.3916913946587537,0.575366568914956,0.5957943925233645,0.6437869822485207,0.5533691115086464,0.7418414918414918,0.7671075330649799,0.7601431980906921,1,
T.J. Houshmandzadeh,0.1233243967828418,0.2756860242501595,0.276885043263288,0.3274390243902439,0.3385731559854897,0.363910681955341,0.4187016081000596,0.4074519230769231,0.416267942583732,0.3339222614840989,1,
T.J. Turner,0.0477941176470588,0.275297619047619,0.2754716981132075,0.225140712945591,0.2138836772983114,0.1707317073170731,0.1561338289962825,0.1252371916508539,0.0699432892249527,0.0631399317406143,0,0.06368330464716
Tahir Whitehead,0.5332125603864735,0.6327142001198323,0.7716159809183065,0.8379821958456973,0.8903225806451613,0.9304906542056076,0.9491124260355028,0.9350029815146096,0.8916083916083916,0.7676825761932144,1,
Taiwan Jones,0.4824455205811138,0.5295893719806763,0.6381066506890354,0.5831842576028623,0.5792284866468843,0.4967741935483871,0.5589442815249267,0.5473130841121495,0.5029585798816568,0.4609421586165772,0,0.4667832167832167
Takeo Spikes,0.3631921824104234,0.7675507020280812,0.9544117647058824,0.9886058981233244,0.97702616464582,0.988257107540173,0.9932926829268292,0.985489721886336,0.9589619794809896,0.8052412150089339,0,0.9236778846153846
Tamba Hali,0.8328304164152082,0.930911256700417,0.9699519230769232,0.965311004784689,0.9899882214369848,0.9957627118644068,0.9963768115942028,0.9946075494307968,0.9916517590936196,0.9916913946587536,0,0.9454545454545454
Tavon Wilson,0.7723429951690821,0.8526063511084482,0.8670244484197973,0.7091988130563798,0.775366568914956,0.8755841121495327,0.8816568047337278,0.8545020870602266,0.7872960372960373,0.7544565842438183,1,
Ted Ginn Jr.,0.3269803454437165,0.3227163461538461,0.3845693779904306,0.3274440518256772,0.3371670702179177,0.304951690821256,0.231276213301378,0.2128801431127012,0.3252225519287834,0.3730205278592375,0,0.3615654205607476
Ted Hendricks,0.3838383838383838,0.8248175182481752,0.8160919540229885,0.8542713567839196,0.8823529411764706,0.8789237668161435,0.8464730290456431,0.4448818897637795,0.4705882352941176,0.5644599303135889,0,0.8514851485148515
Ted Johnson,0.39419795221843,0.6179001721170396,0.8425460636515912,0.8192182410423453,0.7379095163806553,0.8397058823529412,0.8176943699731903,0.8634333120612636,0.799752781211372,0.8182926829268292,1,
Ted Washington1,0.358744394618834,0.3734439834024896,0.5984251968503937,0.3676470588235294,0.337979094076655,0.0462046204620462,0.1411042944785276,0.1490825688073394,0.1326732673267326,0.0308880308880308,1,
Ted Washington2,0.0525328330206379,0.1840148698884758,0.3396584440227704,0.5803402646502835,0.6569965870307167,0.7314974182444062,0.7068676716917923,0.8094462540716613,0.7457098283931357,0.8485294117647059,0,0.7788203753351206
Tedy Bruschi,0.2908777969018933,0.5561139028475712,0.7703583061889251,0.8377535101404057,0.925,0.9463806970509384,0.9738353541799616,0.9956736711990112,0.9969512195121952,0.9915356711003628,0,0.9710319855159928
Terence Newman,0.7070457354758962,0.8560975609756097,0.93409915356711,0.9058539529269763,0.9303156640857654,0.921875,0.958732057416268,0.945818610129564,0.9667070217917676,0.9553140096618358,0,0.9239065308568004
Terrance Shaw,0.2901023890784983,0.5938037865748709,0.6917922948073701,0.6970684039087948,0.438377535101404,0.6588235294117647,0.5864611260053619,0.7619655392469687,0.7700865265760197,0.8036585365853659,1,
Terrell Buckley,0.4256505576208178,0.5673624288425048,0.8525519848771267,0.7679180887372014,0.9208261617900172,0.9112227805695142,0.993485342019544,0.9500780031201248,0.9632352941176472,0.908176943699732,0,0.9164007657945118
Terrell Owens,0.175,0.5348525469168901,0.5424377791959157,0.5488257107540173,0.1823170731707317,0.281136638452237,0.3216656608328304,0.3597379392495533,0.3731971153846153,0.3708133971291866,0,0.3828032979976443
Terrell Suggs,0.911619283065513,0.9804878048780488,0.9987908101571948,0.9909474954737476,0.9874925550923168,0.9909855769230768,0.9832535885167464,0.9888103651354536,0.9933414043583536,0.9903381642512076,0,0.9844218094667464
Terrence McGee,0.6174289245982695,0.7951219512195122,0.9159613059250302,0.9136994568497284,0.9029184038117928,0.859375,0.8744019138755981,0.7873969375736161,0.648910411622276,0.5706521739130435,1,
Terry Cousin,0.3827361563517915,0.5834633385335414,0.8080882352941177,0.8257372654155496,0.818761965539247,0.8553770086526576,0.7932926829268293,0.7950423216444982,0.8020519010259505,0.8290649195949971,0,0.7644230769230769
Terry Hoage,0.5656192236598891,0.7830882352941176,0.956845238095238,0.9377358490566038,0.849906191369606,0.7091932457786116,0.1163227016885553,0.1078066914498141,0.064516129032258,0.55765595463138,0,0.7081911262798635
Terry Jackson1,0.7683823529411765,0.8466898954703833,0.8877887788778878,0.6288343558282209,0.7821100917431193,0.8,0.7586872586872587,0.5619223659889094,0.3915441176470588,0.1607142857142857,1,
Terry McDaniel,0.1857410881801125,0.4540337711069418,0.5121951219512195,0.6133828996282528,0.683111954459203,0.8714555765595463,0.8976109215017065,0.8984509466437177,0.7169179229480737,0.6498371335504886,1,
Terry Schmidt,0.6029411764705882,0.7174887892376681,0.7178423236514523,0.2716535433070866,0.2904411764705882,0.7456445993031359,0.7953795379537953,0.7361963190184049,0.7339449541284404,0.8198019801980198,0,0.6563706563706564
Terry Taylor,0.2625482625482625,0.6617375231053605,0.7886029411764706,0.8139880952380952,0.7113207547169811,0.7504690431519699,0.701688555347092,0.6228893058161351,0.5464684014869888,0.5066413662239089,0,0.332703213610586
Thom Darden,0.4770114942528735,0.6432160804020101,0.931372549019608,0.8295964125560538,0.941908713692946,0.937007874015748,1.0,1.0,0.99009900990099,0.9447852760736196,1,
Thomas Davis,0.656590084643289,0.7978273989136995,0.9136390708755212,0.9447115384615384,0.9413875598086124,0.8674911660777385,0.7215496368038741,0.767512077294686,0.9113241461953264,0.9689922480620154,0,0.9958456973293768
Thomas Jones,0.3102941176470588,0.2607238605898123,0.2641991065730695,0.2058096415327565,0.1115853658536585,0.1789600967351874,0.2389861194930597,0.2757593805836807,0.2782451923076923,0.2673444976076555,0,0.2208480565371024
Thomas Morstead,0.0873205741626794,0.1472320376914016,0.1186440677966101,0.2602657004830918,0.3019772318753744,0.3601669648181276,0.31513353115727,0.2797653958944281,0.1536214953271028,0.0449704142011834,0,0.0363744782349433
Tim Bowens,0.4234404536862003,0.6467576791808873,0.7796901893287436,0.7855946398659966,0.6530944625407166,0.5553822152886115,0.6852941176470588,0.7794906166219839,0.7626037013401404,0.7849196538936959,0,0.7152439024390244
Tim Fox,0.4813278008298755,0.6929133858267716,0.7941176470588235,0.6933797909407665,0.7524752475247525,0.8312883435582822,0.944954128440367,0.899009900990099,0.805019305019305,0.5452865064695009,1,
Tim Harris~,0.1764705882352941,0.4583333333333333,0.5679245283018868,0.7429643527204502,0.7673545966228893,0.6829268292682927,0.5557620817843866,0.4041745730550284,0.3780718336483932,0.2252559726962457,1,
Tim Jennings,0.3452021726010863,0.5836807623585467,0.7854567307692307,0.8690191387559809,0.9151943462897526,0.8880145278450363,0.9692028985507246,0.9934092270820852,0.9892665474060824,0.9323442136498516,1,
Tim Johnson,0.1132075471698113,0.1932457786116322,0.3264540337711069,0.4071294559099437,0.3847583643122677,0.3889943074003795,0.2665406427221172,0.2389078498293515,0.2289156626506024,0.1708542713567839,0,0.1156351791530944
Tim Krumrie,0.2118811881188118,0.3918918918918919,0.5508317929759704,0.5735294117647058,0.6770833333333334,0.7660377358490567,0.8086303939962477,0.7786116322701688,0.6341463414634146,0.7862453531598513,0,0.8330170777988615
Tim McDonald,0.1849056603773584,0.6322701688555347,0.8480300187617261,0.8818011257035647,0.7286245353159851,0.5597722960151803,0.5614366729678639,0.7508532423208191,0.7401032702237521,0.6515912897822446,0,0.5814332247557004
Tim McKyer,0.3621323529411764,0.5505952380952381,0.6641509433962264,0.4671669793621013,0.6622889305816135,0.7110694183864915,0.6765799256505576,0.5142314990512334,0.217391304347826,0.5,0,0.4371772805507745
Todd Herremans,0.0918984280532043,0.1852745926372963,0.240023823704586,0.2518028846153846,0.2188995215311004,0.2114252061248527,0.1937046004842615,0.2077294685990338,0.231276213301378,0.1419200954084675,0,0.1643916913946587
Todd Lyght,0.123827392120075,0.5,0.5977229601518027,0.720226843100189,0.8020477815699659,0.8967297762478486,0.9413735343383584,0.9429967426710096,0.970358814352574,0.9625,0,0.96313672922252
Todd McClure,0.175,0.2794906166219839,0.3248245054243778,0.3250927070457354,0.2524390243902439,0.1958887545344619,0.2806276403138201,0.2602739726027397,0.2193509615384615,0.1668660287081339,0,0.1472320376914016
Todd Yoder,0.4058823529411764,0.4403485254691689,0.4945756222080408,0.5030902348578492,0.5152439024390244,0.4752116082224909,0.4622812311406156,0.3662894580107206,0.4110576923076923,0.416866028708134,1,
Toi Cook,0.0886792452830188,0.5272045028142589,0.7542213883677298,0.8461538461538461,0.8921933085501859,0.8652751423149905,0.7977315689981096,0.4761092150170648,0.5972461273666093,0.5611390284757118,1,
Tom Brady,0.2446380697050938,0.2520740268028079,0.2583436341161928,0.1926829268292683,0.1644498186215235,0.1617380808690404,0.0327575938058368,0.0372596153846153,0.0370813397129186,0.0400471142520612,0,0.0405569007263922
Tom Jackson,0.3186274509803921,0.4573991031390134,0.9128630705394192,0.9724409448818898,0.9926470588235294,0.9128919860627178,0.6567656765676567,0.2208588957055214,0.3853211009174312,0.807920792079208,0,0.8474903474903475
Tom Myers,0.3390804597701149,0.6180904522613065,0.7794117647058824,0.8609865470852018,0.8008298755186722,0.6456692913385826,0.8786764705882353,0.9860627177700348,0.9966996699669968,0.9846625766871164,1,
Tommy Kelly,0.7347560975609756,0.8561064087061668,0.9161134580567292,0.8540798094103633,0.8251201923076923,0.7990430622009569,0.866902237926973,0.9037530266343826,0.8997584541062802,0.8699820251647693,0,0.7567084078711985
Tony Carter,0.3985294117647059,0.3753351206434316,0.4722399489470325,0.4524103831891223,0.4341463414634146,0.0326481257557436,0.0325890162945081,0.0327575938058368,0.0372596153846153,0.4611244019138756,0,0.4687868080094228
Tony Casillas,0.2389705882352941,0.5863095238095238,0.6679245283018868,0.7485928705440901,0.6416510318949343,0.6303939962476548,0.5241635687732342,0.6204933586337761,0.5500945179584121,0.5307167235494881,0,0.3511187607573149
Tony Gonzalez,0.3102941176470588,0.3331099195710456,0.3286534779834077,0.2583436341161928,0.1310975609756097,0.2031438935912938,0.2914906457453228,0.3603335318642048,0.3413461538461538,0.3576555023923445,0,0.2703180212014134
Tony McDaniel,0.5165962582981292,0.5348421679571174,0.5991586538461539,0.6166267942583732,0.6914016489988222,0.700363196125908,0.6896135265700483,0.7285799880167765,0.7012522361359571,0.715727002967359,0,0.7008797653958945
Tony Peters,0.0493273542600896,0.0705394190871369,0.3661417322834646,0.4816176470588235,0.4878048780487805,0.6666666666666666,0.8098159509202454,0.8577981651376146,0.6831683168316832,0.2664092664092664,0,0.1478743068391867
Tony Richardson,0.3102941176470588,0.1963806970509383,0.1550733886407147,0.1279357231149567,0.1115853658536585,0.1082224909310761,0.0325890162945081,0.1042287075640262,0.1442307692307692,0.2188995215311004,1,
Tony Simmons,0.0461309523809523,0.0358490566037735,0.0318949343339587,0.0375234521575985,0.0431519699812382,0.0594795539033457,0.064516129032258,0.0699432892249527,0.0631399317406143,0.06368330464716,0,0.0586264656616415
Tony Siragusa,0.1013133208255159,0.4277673545966229,0.6617100371747212,0.7324478178368121,0.8034026465028355,0.7781569965870307,0.7521514629948365,0.423785594639866,0.247557003257329,0.2449297971918876,0,0.6580882352941176
Tony Woods,0.130188679245283,0.1613508442776735,0.2195121951219512,0.223264540337711,0.223264540337711,0.2156133828996282,0.1555977229601518,0.2684310018903592,0.2798634812286689,0.2857142857142857,1,
Too Tall Jones,0.0672645739910313,0.0788381742738589,0.0984251968503937,0.0183823529411764,0.0278745644599303,0.0462046204620462,0.0552147239263803,0.5825688073394495,0.7643564356435644,0.9247104247104247,0,0.8946395563770795
Tory James,0.3201376936316695,0.2981574539363484,0.3094462540716612,0.4664586583463339,0.7933823529411764,0.903485254691689,0.8844926611359285,0.9147095179233622,0.9567073170731708,0.967956469165659,0,0.9577549788774894
Trace Armstrong,0.3170731707317073,0.5534709193245778,0.6772983114446529,0.6598513011152416,0.8083491461100569,0.8468809073724007,0.8532423208191127,0.8382099827882961,0.9078726968174204,0.9185667752442996,0,0.8393135725429017
Tracy Scroggins,0.2546468401486988,0.5578747628083491,0.6635160680529301,0.8327645051194539,0.7228915662650602,0.8274706867671692,0.6791530944625407,0.8159126365054602,0.8948529411764706,0.881367292225201,1,
Tracy White,0.3949320148331273,0.5963414634146341,0.6003627569528416,0.5980687990343995,0.6349017272185825,0.6514423076923077,0.7183014354066986,0.6631330977620731,0.6846246973365617,0.6020531400966184,1,
Tramaine Brock,0.3209658421672556,0.5992736077481841,0.6666666666666666,0.8484122228879568,0.8163387000596303,0.8741839762611276,0.8392961876832845,0.8498831775700935,0.7514792899408284,0.6141920095408467,0,0.6037296037296037
Tramon Williams,0.5807027992852889,0.8347355769230769,0.9324162679425836,0.9840989399293286,0.9854721549636803,0.9734299516908212,0.9658478130617136,0.9421586165772212,0.9359050445103858,0.8410557184750733,0,0.8171728971962616
Travelle Wharton,0.0975609756097561,0.1590084643288996,0.1508750754375377,0.1274568195354377,0.1033653846153846,0.1668660287081339,0.1996466431095406,0.1773607748184019,0.1225845410628019,0.10964649490713,1,
Travis Benjamin,0.1630434782608695,0.2576393049730378,0.5784138342277877,0.5810089020771514,0.5917888563049853,0.3814252336448598,0.3402366863905325,0.2367322599880739,0.1404428904428904,0.1385853939045428,1,
Travis Hall,0.4113597246127367,0.6867671691792295,0.8631921824104235,0.8424336973478939,0.8919117647058824,0.8585790884718498,0.8002552648372687,0.7756489493201484,0.7890243902439025,0.8089480048367593,1,
Travis Kirschke,0.188767550702028,0.6279411764705882,0.6581769436997319,0.6132737715379707,0.6501854140914709,0.651829268292683,0.6922611850060459,0.6831623415811708,0.7236450268016676,0.7548076923076923,0,0.7505980861244019
Trent Cole,0.6813784764207981,0.8780929390464696,0.9815366289458012,0.9927884615384616,0.992822966507177,0.9811542991755006,0.9800242130750604,0.9317632850241546,0.9412822049131216,0.9540846750149076,0,0.9667655786350148
Trent Williams,0.1012956419316843,0.2052058111380145,0.2228260869565217,0.4062312762133013,0.3619558735837805,0.3940652818991098,0.2439882697947214,0.2803738317757009,0.1893491124260355,0.1878354203935599,0,0.1165501165501165
Trevor Pryce,0.1490787269681742,0.5,0.8065522620904836,0.9727941176470588,0.9758713136729222,0.9661774090619016,0.938195302843016,0.8810975609756098,0.8301088270858524,0.8648159324079662,0,0.8868374032162001
Troy Polamalu,0.638442521631644,0.8768292682926829,0.969770253929867,0.984308992154496,0.9600952948183442,0.955528846153846,0.9258373205741628,0.9734982332155476,0.9673123486682808,0.9631642512077294,0,0.962252846015578
Troy Vincent,0.3475836431226766,0.5502846299810247,0.8109640831758034,0.9027303754266212,0.963855421686747,0.931323283082077,0.8680781758957655,0.8783151326053042,0.9691176470588236,0.9839142091152816,0,0.9566049776643268
Troy Wilson,0.09375,0.0528301886792452,0.0581613508442776,0.0375234521575985,0.0431519699812382,0.0594795539033457,0.1840607210626186,0.277882797731569,0.295221843003413,0.1428571428571428,0,0.067001675041876
Ty Law,0.409556313993174,0.6333907056798623,0.8241206030150754,0.9299674267100976,0.9438377535101404,0.9602941176470589,0.9309651474530832,0.9393746011486918,0.9703337453646476,0.9396341463414634,0,0.9703748488512696
Ty Warren,0.5760197775030902,0.7548780487804878,0.8307134220072552,0.9173204586602294,0.927933293627159,0.9188701923076924,0.8462918660287081,0.7296819787985865,0.5889830508474576,0.1068840579710145,1,
Tyoka Jackson,0.2160804020100502,0.4348534201954397,0.485179407176287,0.6919117647058823,0.7084450402144772,0.7498404594767071,0.8627935723114957,0.8365853658536585,0.848851269649335,0.7217863608931805,1,
Tyron Smith,0.1658595641646489,0.2814009661835748,0.3223487118034751,0.1890280262373285,0.0528189910979228,0.2105571847507331,0.2026869158878504,0.2023668639053254,0.1067382230172927,0.0571095571095571,0,0.1385853939045428
Tyrone Braxton,0.2188679245283019,0.7786116322701688,0.8536585365853658,0.9418386491557224,0.8382899628252788,0.918406072106262,0.7466918714555766,0.8037542662116041,0.927710843373494,0.998324958123953,0,0.985342019543974
Tyrone Carter,0.5919117647058824,0.7231903485254692,0.790044671346522,0.8281829419035847,0.7713414634146342,0.8016928657799275,0.771876885938443,0.8570577724836212,0.8719951923076923,0.9282296650717704,0,0.8798586572438163
Tyrone Poole,0.4948805460750853,0.6368330464716007,0.7805695142378559,0.6661237785016286,0.6661466458658346,0.8345588235294118,0.7861930294906166,0.7262284620293554,0.8640296662546354,0.9085365853658536,0,0.8645707376058042
Tyrone Williams,0.3668341708542713,0.6547231270358306,0.7644305772230889,0.7269890795631825,0.7941176470588235,0.7095588235294118,0.6528150134048257,0.688337801608579,0.801531589023612,0.7676143386897404,0,0.7439024390243902
Tyson Alualu,0.6301531213191991,0.7560532687651331,0.8272946859903382,0.8226482923906531,0.7751937984496124,0.741246290801187,0.7888563049853372,0.8177570093457944,0.785207100591716,0.7751937984496124,0,0.789044289044289
Tyvon Branch,0.5973557692307693,0.7924641148325359,0.9375736160188456,0.9576271186440678,0.9414251207729468,0.8346315158777711,0.7459749552772809,0.7905044510385757,0.8146627565982405,0.8574766355140186,1,
Vencie Glenn,0.3088235294117647,0.9285714285714286,0.9622641509433962,0.9793621013133208,0.8330206378986866,0.8142589118198874,0.7527881040892194,0.8519924098671727,0.8790170132325141,0.9778156996587032,1,
Vernon Davis,0.0941460470730235,0.2048838594401429,0.3299278846153846,0.3337320574162679,0.2803297997644287,0.0405569007263922,0.1068840579710145,0.0575194727381665,0.2242098986285032,0.1548961424332344,0,0.2158357771260997
Victor Green,0.2079395085066162,0.6075085324232082,0.8898450946643718,0.9715242881072028,0.988599348534202,0.9875195007800311,0.9992647058823528,0.9953083109919572,0.9955328653477984,0.9746600741656366,1,
Vince Wilfork,0.6396341463414634,0.7218863361547763,0.7875678937839469,0.7897558070279929,0.8016826923076923,0.8104066985645934,0.8127208480565371,0.8964891041162227,0.9480676328502416,0.914319952067106,0,0.8264758497316637
Vincent Jackson,0.1390568319226118,0.2751961375980688,0.2578916021441334,0.2169471153846154,0.1537081339712918,0.163133097762073,0.2941888619854721,0.3931159420289855,0.451168364289994,0.4275491949910555,1,
Vinny Curry,0.4166666666666667,0.6458957459556621,0.8622540250447227,0.88486646884273,0.884457478005865,0.8019859813084113,0.7923076923076923,0.8050089445438283,0.777972027972028,0.7297297297297297,0,0.6342482100238663
Virgil Green,0.299636803874092,0.4009661835748792,0.4475733972438586,0.4347048300536673,0.4397626112759644,0.4428152492668621,0.3878504672897196,0.1520710059171597,0.1192605843768634,0.1165501165501165,1,
Vonnie Holliday,0.4592833876221498,0.6739469578783152,0.9029411764705882,0.92828418230563,0.9342693044033183,0.9493201483312732,0.8475609756097561,0.8276904474002419,0.8467109233554617,0.8927933293627159,0,0.8713942307692307
Vonta Leach,0.2591463414634146,0.4177750906892382,0.4411587205793603,0.4508636092912448,0.4284855769230769,0.4216507177033493,0.444640753828033,0.4188861985472155,0.4402173913043478,0.2456560814859197,1,
Vontae Davis,0.7380382775119617,0.8215547703180212,0.9061743341404358,0.8840579710144928,0.8747753145596165,0.9123434704830052,0.9050445103857568,0.9161290322580644,0.7914719626168224,0.6278106508875739,1,
Walt Harris,0.4836488812392427,0.8442211055276382,0.9527687296416938,0.8892355694227769,0.9088235294117648,0.8840482573726541,0.9061901723037652,0.8733003708281829,0.8390243902439024,0.8107617896009673,0,0.9493059746529872
Warren Sapp,0.4044368600682594,0.6351118760757315,0.8777219430485762,0.9055374592833876,0.9609984399375976,0.9904411764705884,0.9819034852546916,0.971282705807275,0.9357231149567368,0.9182926829268292,0,0.8778718258766627
Wayne Martin,0.148217636022514,0.3189493433395872,0.4390243902439024,0.8159851301115242,0.855787476280835,0.9319470699432892,0.9232081911262798,0.9724612736660928,0.966499162479062,0.8827361563517915,0,0.7410296411856474
Wes Hopkins,0.396039603960396,0.7799227799227799,0.9722735674676524,0.9301470588235294,0.7217261904761905,0.6490566037735849,0.8311444652908068,0.9455909943714822,0.924953095684803,0.9144981412639404,0,0.8311195445920304
Wes Welker,0.3524390243902439,0.3681983071342201,0.3989136994568497,0.2977963073257891,0.3780048076923077,0.4820574162679426,0.4758539458186101,0.4763922518159806,0.3266908212560386,0.390053924505692,0,0.3041144901610018
Wesley Woodyard,0.5727163461538461,0.6973684210526315,0.7526501766784452,0.8292978208232445,0.932367149758454,0.9688436189334932,0.9803220035778176,0.9679525222551928,0.9524926686217008,0.967873831775701,0,0.9568047337278106
Whitney Mercilus,0.7059178743961353,0.8142600359496704,0.9111508646392368,0.944213649851632,0.9765395894428152,0.9485981308411215,0.916568047337278,0.9618366129994036,0.972027972027972,0.9545715928694652,1,
Whitney Paul,0.1299212598425196,0.4338235294117647,0.5400696864111498,0.5643564356435643,0.6595092024539877,0.8004587155963303,0.8316831683168316,0.777992277992278,0.6451016635859519,0.5919117647058824,1,
Wilber Marshall,0.5304990757855823,0.9669117647058824,0.9940476190476192,0.9924528301886792,0.926829268292683,0.902439024390244,0.9549718574108818,0.9814126394052044,0.9639468690702088,0.8506616257088847,0,0.6928327645051194
Wilbur Young,0.072992700729927,0.0172413793103448,0.0150753768844221,0.4607843137254901,0.515695067264574,0.5228215767634855,0.0275590551181102,0.0183823529411764,0.0278745644599303,0.0462046204620462,0,0.0552147239263803
Will Allen,0.6809651474530831,0.7402680280791321,0.8053152039555006,0.7621951219512195,0.7609756097560976,0.8228536880290206,0.8881499395405078,0.8992154496077248,0.8593844296922148,0.7689100655151876,0,0.7200714711137582
Will Blackmon,0.0941460470730235,0.5812983918999405,0.7043269230769231,0.7057416267942583,0.6501766784452296,0.412227602905569,0.4263285024154589,0.7609346914319952,0.8062015503875969,0.9240356083086052,0,0.9319648093841644
Will Witherspoon,0.6694320357370772,0.7892459826946848,0.9432926829268292,0.9594921402660218,0.968014484007242,0.9642644431209052,0.9471153846153846,0.9348086124401914,0.9316843345111896,0.940677966101695,0,0.942632850241546
William Fuller,0.0551470588235294,0.3139880952380952,0.5452830188679245,0.7223264540337712,0.8198874296435272,0.8592870544090057,0.8996282527881041,0.9013282732447818,0.8998109640831758,0.9709897610921502,0,0.9862306368330463
William Gay2,0.5485407980941036,0.6694711538461539,0.7631578947368421,0.817432273262662,0.8468523002421308,0.8894927536231884,0.9310964649490712,0.9719737626714372,0.9691394658753708,0.9548387096774194,0,0.9223130841121496
William Hayes,0.6069711538461539,0.7876794258373205,0.8433451118963486,0.8274818401937046,0.7862318840579711,0.8340323547034152,0.8908765652951699,0.913946587537092,0.9090909090909092,0.8621495327102804,0,0.7319526627218935
William James,0.5985254691689008,0.6809189534141672,0.7119901112484549,0.7780487804878049,0.7255139056831923,0.7060953530476766,0.6015485407980941,0.6105769230769231,0.7805023923444976,0.7597173144876325,1,
William Thomas,0.1594746716697936,0.4721189591078067,0.8197343453510436,0.9168241965973536,0.9880546075085324,0.9793459552495696,0.9798994974874372,0.9250814332247556,0.8689547581903276,0.9580882352941176,0,0.9738605898123324
William White,0.3977485928705441,0.7711069418386491,0.8855534709193246,0.912639405204461,0.8235294117647058,0.7655954631379962,0.7013651877133106,0.4802065404475043,0.4941373534338358,0.6449511400651465,1,
Willie Broughton,0.0314232902033271,0.1360294117647058,0.2559523809523809,0.0924528301886792,0.198874296435272,0.2626641651031895,0.275797373358349,0.2044609665427509,0.2466793168880455,0.2306238185255198,0,0.2440273037542662
Willie Buchanon,0.5287356321839081,0.5376884422110553,0.7352941176470589,0.4394618834080717,0.6348547717842323,0.6299212598425197,0.9669117647058824,0.9477351916376306,0.8910891089108911,0.754601226993865,1,
Willie McGinest,0.1682419659735349,0.4778156996587031,0.7091222030981067,0.6666666666666666,0.5586319218241043,0.4539781591263651,0.8117647058823529,0.8545576407506702,0.8806636885768986,0.9054388133498146,0,0.95
Willie Williams,0.5426621160409556,0.5559380378657487,0.5812395309882747,0.3778501628664495,0.5741029641185648,0.8970588235294118,0.9269436997319036,0.9010848755583918,0.7781211372064277,0.7164634146341463,0,0.6723095525997581
Winston Moss,0.3839285714285714,0.2528301886792453,0.4878048780487805,0.5459662288930581,0.7410881801125704,0.7546468401486989,0.5256166982922201,0.5425330812854442,0.6313993174061433,0.7814113597246127,1,
Woodrow Lowe,0.1576763485477178,0.3346456692913386,0.4889705882352941,0.8989547038327527,0.9636963696369636,0.9693251533742332,0.8922018348623854,0.8495049504950495,0.8764478764478765,0.8798521256931608,1,
Xavier Rhodes,0.6309167165967645,0.7042337507453786,0.7596439169139466,0.9278592375366568,0.947429906542056,0.946153846153846,0.8240906380441264,0.8671328671328671,0.8619896492236918,0.8031026252983293,1,
Yeremiah Bell,0.4115853658536585,0.7291414752116082,0.867833433916717,0.8689696247766527,0.8876201923076923,0.8983253588516746,0.967020023557126,0.9582324455205812,0.9384057971014492,0.9059316956261234,1,
Zach Miller,0.3269803454437165,0.3743990384615384,0.4043062200956938,0.3433014354066985,0.3657243816254417,0.3934040047114252,0.3716707021791767,0.3177966101694915,0.2397342995169082,0.3175554224086279,0,0.2552176505664877
Zach Thomas,0.6987951807228916,0.8961474036850922,0.998371335504886,0.9859594383775352,0.9838235294117648,0.977882037533512,0.9776643267389916,0.9932014833127316,0.9810975609756096,0.989117291414752,0,0.9873264936632468
Zak DeOssie,0.3269803454437165,0.4483173076923077,0.4814593301435406,0.4740871613663133,0.4703389830508475,0.4921497584541063,0.5206710605152786,0.4967203339296362,0.4771513353115727,0.4850439882697947,0,0.4848130841121495
