Player,Year1,Year2,Year3,Year4,Year5,Year6,Year7,Year8,Year9,Retire,NextPercentile
A J Green,0.621031746031746,0.9120458891013384,0.9940711462450592,0.9880478087649402,0.9941176470588236,0.9789674952198852,0.9864077669902912,0.947565543071161,0.8268876611418048,0,0.7081081081081081
Aaron Craver,0.0671834625322997,0.0428954423592493,0.059299191374663,0.1640625,0.5084745762711864,0.7057416267942583,0.6374695863746959,0.6274038461538461,0.5421412300683371,1,
Aaron Stecker,0.058411214953271,0.3583138173302108,0.4900662251655629,0.518595041322314,0.5112016293279023,0.6319018404907976,0.6937901498929336,0.7282157676348547,0.6618556701030928,0,0.5392561983471075
Adrian Murrell,0.0377358490566037,0.2578125,0.5399515738498789,0.5574162679425837,0.4841849148418491,0.4206730769230769,0.4806378132118451,0.4696261682242991,0.1920374707259953,0,0.086092715231788
Adrian Peterson,0.3755186721991701,0.5402061855670103,0.7665289256198347,0.7572614107883817,0.7678571428571429,0.6826003824091779,0.5395256916996047,0.4621513944223107,0.4549019607843137,0,0.4168260038240918
Ahmad Bradshaw,0.1265560165975103,0.3010309278350515,0.5723140495867769,0.7053941908713693,0.7321428571428571,0.7361376673040153,0.6600790513833992,0.7270916334661355,0.6431372549019608,1,
Ahmad Rashad,0.514018691588785,0.7617021276595745,0.9176029962546816,0.7762237762237763,0.846875,0.8616352201257862,0.9673590504451038,0.9918256130790192,0.994459833795014,0,0.989100817438692
Ahman Green,0.0192307692307692,0.0113895216400911,0.3738317757009345,0.702576112412178,0.8300220750551877,0.8533057851239669,0.8024439918533605,0.7934560327198364,0.6702355460385439,0,0.6514522821576764
Alex Smith 2,0.3394683026584867,0.5610278372591007,0.7863070539419087,0.7731958762886598,0.743801652892562,0.533195020746888,0.4563492063492063,0.4646271510516252,0.4110671936758893,0,0.1513944223107569
Alfred Jenkins,0.6713286713286714,0.903125,0.9716981132075472,0.8961424332344213,0.8937329700272479,0.889196675900277,0.9754768392370572,0.9570200573065902,0.934959349593496,1,
Alfred Morris,0.1395793499043977,0.3063241106719367,0.5239043824701195,0.496078431372549,0.4187380497131931,0.283495145631068,0.3670411985018726,0.3204419889502762,0.3513513513513513,1,
Alge Crumpler,0.3021077283372365,0.6909492273730684,0.8553719008264463,0.8961303462321792,0.918200408997955,0.9379014989293362,0.933609958506224,0.8639175257731959,0.7252066115702479,0,0.5684647302904564
Alshon Jeffery,0.401529636711281,0.7885375494071146,0.9601593625498008,0.976470588235294,0.9674952198852772,0.9592233009708738,0.9606741573033708,0.9465930018416208,0.8882882882882883,1,
Alvis Whitted,0.25,0.3006833712984054,0.4929906542056075,0.351288056206089,0.2737306843267108,0.371900826446281,0.5478615071283096,0.7239263803680982,0.7366167023554604,1,
Amani Toomer,0.2177033492822966,0.5474452554744526,0.7908653846153846,0.8997722095671982,0.9532710280373832,0.981264637002342,0.9867549668874172,0.9896694214876032,0.979633401221996,0,0.9468302658486708
Amp Lee,0.1367292225201072,0.3665768194070081,0.6458333333333334,0.738498789346247,0.7416267942583732,0.8248175182481752,0.8269230769230769,0.8018223234624146,0.6728971962616822,1,
Andre Johnson,0.6921487603305785,0.8940936863543788,0.9693251533742332,0.9635974304068522,0.95850622406639,0.9917525773195875,1.0,1.0,0.988095238095238,0,0.9904397705544932
Andre Reed,0.4533333333333333,0.8217821782178217,0.966722129783694,0.9573333333333334,0.9637305699481864,0.9514824797843666,0.9870801033591732,0.9597855227882036,0.967654986522911,0,0.9479166666666666
Andre Rison,0.4844559585492228,0.8733153638814016,0.979328165374677,0.9919571045576407,0.9892183288409704,0.9895833333333334,0.9782082324455206,0.937799043062201,0.924574209245742,0,0.90625
Andre Roberts,0.2821576763485477,0.6051587301587301,0.8451242829827916,0.8754940711462451,0.8585657370517928,0.7607843137254902,0.7533460803059273,0.6155339805825243,0.6067415730337079,0,0.4640883977900552
Andrew Glover,0.2351421188630491,0.4396782841823056,0.5929919137466307,0.6744791666666666,0.7215496368038741,0.7177033492822966,0.7128953771289538,0.7980769230769231,0.8314350797266514,0,0.7990654205607477
Anquan Boldin,0.7417355371900827,0.8472505091649695,0.9754601226993864,0.9657387580299786,0.9813278008298756,0.9711340206185568,0.9380165289256198,0.946058091286307,0.9384920634920636,0,0.948374760994264
Anthony Becht,0.25,0.6768149882903981,0.8101545253863135,0.8471074380165289,0.7413441955193483,0.6625766871165644,0.45610278372591,0.4190871369294606,0.3731958762886598,0,0.3698347107438016
Anthony Carter,0.5573333333333333,0.8415841584158416,0.9850249584026622,0.992,0.9948186528497408,0.9946091644204852,0.9767441860465116,0.9544235924932976,0.9326145552560648,0,0.8802083333333334
Anthony Edwards,0.3031088082901554,0.3288409703504043,0.3255813953488372,0.2949061662198391,0.660377358490566,0.6770833333333334,0.7360774818401937,0.5933014354066986,0.7274939172749392,1,
Anthony Fasano,0.15203426124197,0.4066390041493776,0.7319587628865979,0.7582644628099173,0.8236514522821576,0.8134920634920635,0.8604206500956023,0.8063241106719368,0.7569721115537849,0,0.7313725490196078
Anthony Johnson 3,0.0970350404312668,0.3462532299741602,0.6380697050938338,0.7466307277628033,0.6640625,0.5641646489104116,0.5095693779904307,0.5206812652068127,0.5120192307692307,0,0.4578587699316628
Anthony Miller 3,0.4453333333333333,0.8886010362694301,0.9703504043126684,0.9844961240310076,0.9812332439678284,0.9865229110512128,0.9921875,0.9927360774818402,0.9736842105263158,0,0.929440389294404
Anthony Sherman,0.1666666666666666,0.3326959847036329,0.4960474308300395,0.4780876494023904,0.4784313725490196,0.3862332695984704,0.3475728155339805,0.4625468164794007,0.6169429097605893,0,0.618018018018018
Antonio Brown,0.2738589211618257,0.7757936507936508,0.9101338432122372,0.9802371541501976,0.99402390438247,1.0,1.0,1.0,1.0,0,0.9797421731123388
Antonio Freeman,0.3220338983050847,0.6985645933014354,0.9148418491484184,0.9927884615384616,1.0,0.985981308411215,0.9672131147540984,0.955849889624724,0.8863636363636364,1,
Antonio Gates,0.402892561983471,0.824847250509165,0.9631901840490796,0.9914346895074948,0.9854771784232366,0.9670103092783504,0.96900826446281,0.970954356846473,0.9761904761904762,0,0.9407265774378584
Antowain Smith,0.1313868613138686,0.1899038461538461,0.4920273348519362,0.4275700934579439,0.6182669789227166,0.6445916114790287,0.6466942148760331,0.6435845213849287,0.4846625766871165,1,
Antwaan Randle El,0.4216335540838852,0.6818181818181818,0.7718940936863544,0.7955010224948875,0.7644539614561028,0.8236514522821576,0.8556701030927835,0.8884297520661157,0.8298755186721992,1,
Arnaz Battle,0.0495867768595041,0.2892057026476578,0.5603271983640081,0.8115631691648822,0.8319502074688797,0.8412371134020619,0.756198347107438,0.483402489626556,0.2023809523809523,1,
Art Monk,0.5595567867036011,0.8801089918256131,0.9169054441260746,0.940379403794038,0.9546599496221664,0.976,0.9826732673267328,0.9717138103161398,0.9653333333333334,0,0.966321243523316
Arthur Cox,0.086720867208672,0.3526448362720403,0.672,0.7599009900990099,0.7953410981697171,0.4693333333333333,0.4870466321243523,0.5956873315363881,0.6098191214470284,1,
Aubrey Matthews,0.3217821782178218,0.7603993344425957,0.8106666666666666,0.7590673575129534,0.6981132075471698,0.6020671834625323,0.6085790884718498,0.6145552560646901,0.734375,0,0.6876513317191283
Az Zahir Hakim,0.2980769230769231,0.7471526195899773,0.8738317757009346,0.8477751756440282,0.8543046357615894,0.7933884297520661,0.8655804480651731,0.8486707566462167,0.8244111349036403,1,
Barry Sanders,0.1839378238341968,0.5309973045822103,0.7416020671834626,0.7265415549597856,0.6118598382749326,0.5885416666666666,0.6174334140435835,0.6483253588516746,0.6301703163017032,0,0.6610576923076923
Ben Coates,0.1937984496124031,0.3994638069705093,0.7735849056603774,0.90625,0.9346246973365616,0.916267942583732,0.8880778588807786,0.9230769230769232,0.8952164009111617,0,0.7873831775700935
Ben Hartsock,0.1140529531568228,0.2556237218813906,0.4475374732334047,0.6058091286307054,0.5608247422680412,0.5165289256198347,0.4356846473029045,0.3392857142857143,0.3862332695984704,1,
Benjamin Watson,0.1242362525458248,0.4907975460122699,0.7259100642398287,0.7966804979253111,0.7298969072164948,0.7789256198347108,0.8360995850622407,0.871031746031746,0.8738049713193117,0,0.8003952569169961
Bennie Cunningham,0.171875,0.5220125786163522,0.7359050445103857,0.8337874659400545,0.8005540166204986,0.8419618528610354,0.8452722063037249,0.8021680216802168,0.6801007556675063,0,0.4853333333333333
Bilal Powell,0.1011904761904761,0.3365200764818356,0.5968379446640316,0.6553784860557769,0.703921568627451,0.7323135755258127,0.6854368932038835,0.6329588014981273,0.4493554327808471,1,
Bill Brooks,0.7103960396039604,0.9351081530782028,0.984,0.961139896373057,0.9568733153638814,0.9560723514211886,0.938337801608579,0.954177897574124,0.8645833333333334,0,0.927360774818402
Billy Bajema,0.1533742331288343,0.1413276231263383,0.1659751037344398,0.1505154639175257,0.3863636363636363,0.529045643153527,0.5079365079365079,0.3499043977055449,0.3201581027667984,1,
Billy Joe Dupree,0.5531914893617021,0.8127340823970037,0.8636363636363636,0.878125,0.8459119496855346,0.9109792284866468,0.8637602179836512,0.8670360110803325,0.771117166212534,0,0.6962750716332379
Billy Johnson,0.5243445692883895,0.7272727272727273,0.9,0.8962264150943396,0.8219584569732937,0.6975476839237057,0.590027700831025,0.4768392370572207,0.2492836676217765,0,0.4498644986449864
Billy Miller,0.1913439635535307,0.2453271028037383,0.2365339578454332,0.6004415011037527,0.7665289256198347,0.7983706720977597,0.5398773006134969,0.3233404710920771,0.5560165975103735,0,0.797938144329897
Blake Bell,0.2215686274509803,0.4569789674952199,0.570873786407767,0.4887640449438202,0.4511970534069981,0.5135135135135135,0.5161870503597122,0.5423728813559322,0.3980392156862745,1,
Bob Chandler,0.1947368421052631,0.6682242990654206,0.851063829787234,0.8614232209737828,0.902097902097902,0.946875,0.9905660377358492,0.9821958456973294,0.8501362397820164,0,0.8476454293628809
Bob Christian,0.1994609164420485,0.4609375,0.6222760290556901,0.4401913875598086,0.1411192214111922,0.1971153846153846,0.4783599088838269,0.6518691588785047,0.7306791569086651,0,0.7108167770419426
Bob Tucker,0.91875,0.9736842105263158,0.9813084112149532,0.9872340425531916,0.9850187265917604,0.9475524475524476,0.91875,0.8522012578616353,0.8456973293768546,0,0.7901907356948229
Bobby Engram,0.284688995215311,0.5182481751824818,0.8317307692307693,0.8747152619589977,0.8551401869158879,0.7822014051522248,0.7660044150110376,0.8739669421487604,0.879837067209776,0,0.8875255623721882
Brad Hoover,0.0514018691588785,0.2529274004683841,0.4613686534216336,0.5268595041322314,0.5621181262729125,0.523517382413088,0.5224839400428265,0.462655601659751,0.4123711340206185,0,0.4111570247933884
Brad Smith,0.1691648822269807,0.5186721991701245,0.6061855670103092,0.6012396694214877,0.4481327800829875,0.5555555555555556,0.627151051625239,0.7015810276679841,0.6434262948207171,1,
Brandon Bolden,0.135755258126195,0.3656126482213438,0.3884462151394422,0.5,0.4493307839388145,0.566990291262136,0.4419475655430712,0.567219152854512,0.3819819819819819,0,0.579136690647482
Brandon Lafell,0.3838174273858921,0.75,0.8986615678776291,0.9110671936758892,0.9203187250996016,0.9176470588235294,0.9426386233269598,0.9242718446601942,0.8932584269662921,1,
Brandon Lloyd,0.3677685950413223,0.6863543788187373,0.8752556237218814,0.8736616702355461,0.7572614107883817,0.6639175257731958,0.6177685950413223,0.9273858921161826,0.9543650793650794,0,0.988527724665392
Brandon Manumaleuna,0.1733021077283372,0.4591611479028697,0.6714876033057852,0.7087576374745418,0.6421267893660532,0.569593147751606,0.5373443983402489,0.6247422680412371,0.5144628099173554,0,0.4937759336099585
Brandon Marshall,0.3019271948608137,0.7800829875518672,0.9278350515463918,0.981404958677686,0.9813278008298756,0.984126984126984,0.982791586998088,0.9881422924901184,0.9820717131474104,0,0.9901960784313726
Brandon Stokley,0.3690205011389522,0.6378504672897196,0.8056206088992974,0.8167770419426048,0.7975206611570248,0.8859470468431772,0.9141104294478528,0.8907922912205567,0.8568464730290456,0,0.843298969072165
Brandon Tate,0.0495867768595041,0.3589211618257261,0.365079365079365,0.5946462715105163,0.3379446640316205,0.5936254980079682,0.5784313725490197,0.7208413001912046,0.6640776699029126,1,
Brent Celek,0.2842323651452282,0.6103092783505155,0.8925619834710744,0.921161825726141,0.9583333333333334,0.9216061185468452,0.9071146245059288,0.8167330677290837,0.792156862745098,0,0.7017208413001912
Brent Jones,0.4126455906821963,0.3573333333333333,0.6994818652849741,0.7897574123989218,0.8397932816537468,0.8498659517426274,0.7951482479784366,0.875,0.8111380145278451,0,0.8301435406698564
Brett Perriman,0.2986666666666667,0.616580310880829,0.816711590296496,0.8708010335917312,0.8900804289544236,0.8706199460916442,0.890625,0.9491525423728814,0.9641148325358851,0,0.9635036496350364
Brian Baschnagel,0.628125,0.660377358490566,0.7299703264094956,0.6403269754768393,0.7313019390581718,0.8092643051771117,0.8194842406876791,0.7804878048780488,0.6952141057934509,1,
Brian Blades,0.5653333333333334,0.8290155440414507,0.908355795148248,0.9043927648578812,0.8525469168900804,0.8814016172506739,0.9166666666666666,0.9757869249394672,0.9497607655502392,0,0.8661800486618005
Brian Brennan,0.3576826196473551,0.6906666666666667,0.8985148514851485,0.9550748752079868,0.936,0.8601036269430051,0.7870619946091644,0.7674418604651163,0.7479892761394102,1,
Brian Finneran,0.1161731207289293,0.3177570093457944,0.7072599531615925,0.869757174392936,0.9028925619834712,0.845213849287169,0.8343558282208589,0.6552462526766595,0.487551867219917,0,0.1608247422680412
Brian Kinchen,0.0293333333333333,0.2020725388601036,0.2479784366576819,0.2093023255813953,0.0134048257372654,0.3099730458221024,0.4921875,0.6464891041162227,0.7105263157894737,0,0.6788321167883211
Brian Kozlowski,0.03125,0.0799031476997578,0.2799043062200957,0.4695863746958637,0.6322115384615384,0.621867881548975,0.6425233644859814,0.7236533957845434,0.7152317880794702,0,0.6900826446280992
Brian Mitchell 2,0.0161725067385444,0.0232558139534883,0.099195710455764,0.2991913746630728,0.4869791666666667,0.6198547215496368,0.6578947368421053,0.754257907542579,0.7740384615384616,0,0.7425968109339408
Brian Westbrook,0.130242825607064,0.5619834710743802,0.8105906313645621,0.916155419222904,0.9293361884368307,0.9439834024896264,0.9195876288659792,0.8698347107438017,0.7531120331950207,1,
Bruce Hardy,0.1097922848664688,0.4741144414168937,0.6177285318559557,0.670299727520436,0.5530085959885387,0.5609756097560976,0.6322418136020151,0.7093333333333334,0.75,0,0.8402662229617305
Bruce Miller,0.1686507936507936,0.3881453154875717,0.5909090909090909,0.6374501992031872,0.6784313725490196,0.5219885277246654,0.2213592233009708,0.0093632958801498,0.005524861878453,0,0.1045045045045045
Bryant Johnson,0.3863636363636363,0.6374745417515275,0.8220858895705522,0.8843683083511777,0.8983402489626556,0.91340206185567,0.871900826446281,0.8091286307053942,0.7440476190476191,1,
Bubba Franks,0.2313084112149532,0.6370023419203747,0.8344370860927153,0.8512396694214877,0.8289205702647657,0.7852760736196319,0.6809421841541756,0.6161825726141079,0.490721649484536,1,
Buford Mcgee,0.2317380352644836,0.224,0.4826732673267326,0.5074875207986689,0.472,0.4740932642487047,0.6226415094339622,0.6175710594315246,0.6032171581769437,1,
Butch Johnson,0.271875,0.4622641509433962,0.5816023738872403,0.5722070844686649,0.628808864265928,0.8147138964577657,0.8796561604584527,0.926829268292683,0.9193954659949622,0,0.904
Byron Chamberlain,0.234866828087167,0.485645933014354,0.5401459854014599,0.5865384615384616,0.7198177676537585,0.7593457943925234,0.8313817330210773,0.8145695364238411,0.75,1,
C J Uzomah,0.1647058823529411,0.5047801147227533,0.6466019417475728,0.7565543071161048,0.7421731123388582,0.7603603603603604,0.8003597122302158,0.7984934086629002,0.8019607843137255,1,
Calvin Johnson,0.491701244813278,0.865979381443299,0.9524793388429752,0.9875518672199172,0.992063492063492,1.0,1.0,0.99800796812749,0.996078431372549,1,
Cameron Brate,0.249003984063745,0.5568627450980392,0.8298279158699808,0.8737864077669902,0.8670411985018727,0.85451197053407,0.7801801801801802,0.7715827338129496,0.687382297551789,1,
Carl Pickens,0.1206434316353887,0.6064690026954178,0.9036458333333334,0.980629539951574,0.9952153110047848,0.9805352798053528,0.9567307692307692,0.9043280182232346,0.9042056074766356,1,
Carlos Carson,0.1468144044321329,0.4332425068119891,0.7679083094555874,0.924119241192412,0.9773299748110832,0.9813333333333332,0.9554455445544554,0.978369384359401,0.96,0,0.9404145077720208
Cedric Jones 2,0.0343839541547277,0.2791327913279133,0.5012594458438288,0.704,0.7004950495049505,0.8652246256239601,0.7946666666666666,0.8730569948186528,0.8032345013477089,1,
Chad Johnson,0.414519906323185,0.8631346578366446,0.981404958677686,0.9938900203665988,1.0,1.0,0.9979253112033196,0.979381443298969,0.956611570247934,0,0.9377593360995852
Chad Lewis,0.1727493917274939,0.1850961538461538,0.5034168564920274,0.7102803738317757,0.8220140515222483,0.8189845474613686,0.7582644628099173,0.7331975560081466,0.7321063394683026,1,
Charle Young,0.7021276595744681,0.9325842696629212,0.986013986013986,0.940625,0.8081761006289309,0.6112759643916914,0.5395095367847411,0.6759002770083102,0.7438692098092643,0,0.7220630372492837
Charles Clay,0.3432539682539682,0.5602294455066922,0.857707509881423,0.8804780876494024,0.9137254901960784,0.8814531548757171,0.8446601941747572,0.795880149812734,0.7569060773480663,1,
Charles Johnson 2,0.4895833333333333,0.7336561743341404,0.9186602870813396,0.8953771289537713,0.9302884615384616,0.8701594533029613,0.9252336448598132,0.8337236533957846,0.8035320088300221,1,
Charles White,0.2160664819944598,0.0790190735694822,0.4297994269340974,0.2574525745257452,0.4156171284634761,0.3173333333333333,0.400990099009901,0.6189683860232945,0.2773333333333333,1,
Charlie Garner,0.1458333333333333,0.2639225181598063,0.2990430622009569,0.3454987834549878,0.4086538461538461,0.7129840546697038,0.780373831775701,0.8735362997658079,0.9470198675496688,0,0.9235537190082644
Charlie Joiner,0.8625,0.9526315789473684,0.9532710280373832,0.9106382978723404,0.8314606741573034,0.8986013986013986,0.975,0.981132075471698,0.9614243323442137,0,0.9482288828337876
Chester Taylor,0.282560706401766,0.5165289256198347,0.6659877800407332,0.6728016359918201,0.6788008565310493,0.7406639004149378,0.7381443298969073,0.7995867768595041,0.7427385892116183,0,0.6488095238095238
Chris Baker,0.1501103752759381,0.4483471074380165,0.5845213849287169,0.7177914110429447,0.7623126338329764,0.7925311203319502,0.7649484536082474,0.7066115702479339,0.6390041493775933,1,
Chris Burkett,0.344,0.7821782178217822,0.9450915141430948,0.92,0.8756476683937824,0.7654986522911051,0.8268733850129198,0.8579088471849866,0.8652291105121294,1,
Chris Calloway,0.2668463611859838,0.5943152454780362,0.7506702412868632,0.8247978436657682,0.8776041666666666,0.937046004842615,0.9330143540669856,0.9343065693430656,0.9254807692307692,0,0.9134396355353076
Chris Chambers,0.6604215456674473,0.8653421633554084,0.9586776859504132,0.9633401221995926,0.9775051124744376,0.9550321199143468,0.9481327800829876,0.9175257731958762,0.9297520661157024,0,0.8630705394190872
Chris Cooley,0.3747454175152749,0.7157464212678937,0.9057815845824412,0.9315352697095436,0.9237113402061856,0.8512396694214877,0.7987551867219918,0.7063492063492064,0.6577437858508605,1,
Chris Dressel,0.3089430894308943,0.5440806045340051,0.6213333333333333,0.396039603960396,0.4725457570715474,0.1413333333333333,0.3860103626943005,0.3423180592991914,0.5348837209302325,1,
Chris Hogan,0.1205533596837944,0.3944223107569721,0.6882352941176471,0.8413001912045889,0.8679611650485437,0.898876404494382,0.8287292817679558,0.7027027027027027,0.4406474820143884,1,
Chris Ivory,0.2614107883817427,0.2718253968253968,0.4282982791586998,0.2628458498023715,0.446215139442231,0.4941176470588235,0.6233269598470363,0.6446601941747573,0.7078651685393258,1,
Chris Johnson,0.2948453608247423,0.6921487603305785,0.7946058091286307,0.7976190476190477,0.6347992351816444,0.717391304347826,0.6175298804780877,0.6235294117647059,0.378585086042065,0,0.2854368932038835
Chris Warren 2,0.1188630490956072,0.2091152815013404,0.353099730458221,0.5260416666666666,0.6029055690072639,0.6770334928229665,0.6228710462287105,0.6298076923076923,0.5968109339407744,0,0.6658878504672897
Christian Fauria,0.2929782082324455,0.5454545454545454,0.6618004866180048,0.6802884615384616,0.6332574031890661,0.6238317757009346,0.594847775175644,0.6799116997792495,0.737603305785124,0,0.7596741344195519
Chuck Muncie,0.340625,0.5723270440251572,0.7329376854599406,0.7465940054495913,0.7063711911357341,0.6648501362397821,0.5386819484240688,0.5040650406504065,0.4408060453400503,1,
Clarence Kay,0.1435768261964735,0.4986666666666666,0.7376237623762376,0.8302828618968386,0.672,0.6450777202072538,0.7088948787061995,0.7028423772609819,0.5710455764075067,1,
Clarence Weathers,0.4092140921409214,0.6246851385390428,0.8346666666666667,0.7846534653465347,0.8585690515806988,0.68,0.6476683937823834,0.6415094339622641,0.5891472868217055,1,
Cleo Miller,0.2958801498127341,0.3461538461538461,0.540625,0.6226415094339622,0.6913946587537092,0.7329700272479565,0.4709141274238227,0.4168937329700272,0.3037249283667622,1,
Cliff Branch,0.1355140186915887,0.5404255319148936,0.951310861423221,0.993006993006993,1.0,0.9968553459119496,0.9881305637982196,0.9591280653950952,0.969529085872576,0,0.9564032697547684
Clinton Portis,0.5099337748344371,0.71900826446281,0.7963340122199593,0.7566462167689162,0.7173447537473233,0.7821576763485477,0.7896907216494845,0.71900826446281,0.578838174273859,1,
Cole Beasley,0.2275334608030592,0.4940711462450592,0.703187250996016,0.7745098039215687,0.8948374760994264,0.9029126213592232,0.9232209737827716,0.9189686924493554,0.9477477477477476,0,0.9406474820143884
Corey Bradford,0.0697115384615384,0.5353075170842825,0.5700934579439252,0.7587822014051522,0.8057395143487859,0.9152892561983472,0.9083503054989815,0.8732106339468303,0.7858672376873662,1,
Corey Dillon,0.2043795620437956,0.4230769230769231,0.6492027334851936,0.6261682242990654,0.6651053864168618,0.6931567328918322,0.6776859504132231,0.570264765784114,0.5501022494887525,0,0.6145610278372591
Correll Buckhalter,0.1826697892271662,0.1479028697571744,0.4690082644628099,0.285132382892057,0.2597137014314928,0.2698072805139186,0.4813278008298755,0.7463917525773196,0.7479338842975206,0,0.7800829875518672
Cory Schlesinger,0.0242130750605326,0.0143540669856459,0.2068126520681265,0.3629807692307692,0.4851936218678815,0.397196261682243,0.5035128805620609,0.6423841059602649,0.731404958677686,0,0.7270875763747454
Courtney Hawkins,0.4289544235924933,0.7897574123989218,0.9140625,0.8983050847457628,0.854066985645933,0.8345498783454988,0.8677884615384616,0.8496583143507973,0.8014018691588785,1,
Courtney Roby,0.2760736196319018,0.4154175588865096,0.466804979253112,0.1237113402061855,0.1115702479338843,0.0871369294605809,0.0992063492063492,0.0630975143403441,0.0632411067193675,0,0.2589641434262948
Craig Heyward,0.1173333333333333,0.2564766839378238,0.3962264150943396,0.359173126614987,0.3780160857908847,0.4258760107816711,0.515625,0.6779661016949152,0.7129186602870813,0,0.6593673965936739
Cris Carter,0.4742096505823627,0.7813333333333333,0.9145077720207254,0.9164420485175202,0.9069767441860463,0.9115281501340484,0.9784366576819408,0.9713541666666666,0.9903147699757868,0,0.9832535885167464
Cullen Bryant,0.048689138576779,0.4265734265734265,0.50625,0.4811320754716981,0.3916913946587537,0.4850136239782016,0.6980609418282548,0.6267029972752044,0.3810888252148997,0,0.089430894308943
Curtis Conway,0.3018867924528302,0.6979166666666666,0.9394673123486684,0.9617224880382776,0.948905109489051,0.8966346153846154,0.835990888382688,0.8598130841121495,0.8992974238875878,0,0.9514348785871964
Curtis Martin,0.2832929782082324,0.5119617224880383,0.6715328467153284,0.7379807692307693,0.6788154897494305,0.7266355140186916,0.7142857142857143,0.8013245033112583,0.7747933884297521,0,0.780040733197556
Daimon Shelton,0.09375,0.3075170842824601,0.5233644859813084,0.360655737704918,0.3818984547461369,0.1590909090909091,0.3788187372708758,0.3149284253578732,0.4625267665952891,1,
Dallas Clark,0.4194214876033058,0.6619144602851323,0.8568507157464212,0.860813704496788,0.9004149377593361,0.9030927835051548,0.950413223140496,0.9398340248962656,0.9047619047619048,0,0.8049713193116634
Damien Williams,0.2788844621513944,0.4627450980392157,0.6845124282982792,0.6524271844660194,0.6966292134831461,0.7182320441988951,0.5153153153153153,0.4046762589928057,0.1205273069679849,0,0.2352941176470588
Dan Campbell,0.0934579439252336,0.4426229508196721,0.6225165562913907,0.6962809917355371,0.6272912423625254,0.5848670756646217,0.6531049250535332,0.6224066390041494,0.6742268041237114,1,
Dan Kreider,0.116822429906542,0.1428571428571428,0.3377483443708609,0.4504132231404958,0.5234215885947047,0.4683026584867075,0.3875802997858672,0.483402489626556,0.3711340206185567,0,0.2913223140495867
Daniel Graham,0.2781456953642384,0.6570247933884298,0.8126272912423625,0.83640081799591,0.7708779443254818,0.7178423236514523,0.7608247422680412,0.8016528925619835,0.7136929460580913,0,0.5972222222222222
Danny Amendola,0.2644628099173554,0.6576763485477178,0.7599206349206349,0.8145315487571702,0.8241106719367589,0.8366533864541833,0.8529411764705882,0.7877629063097514,0.8310679611650486,0,0.8333333333333334
Danny Woodhead,0.1797520661157025,0.5269709543568465,0.6964285714285714,0.7590822179732314,0.7924901185770751,0.7888446215139442,0.8803921568627451,0.7896749521988528,0.7805825242718447,1,
Darnay Scott,0.6119791666666666,0.8668280871670703,0.9593301435406698,0.9683698296836984,0.9591346153846154,0.9749430523917996,0.8878504672897196,0.8688524590163934,0.7196467991169978,1,
Darrell Jackson,0.4462616822429907,0.8360655737704918,0.9403973509933776,0.9772727272727272,0.9694501018329938,0.9611451942740288,0.9421841541755888,0.9149377593360996,0.8845360824742268,1,
Darren Mcfadden,0.3134020618556701,0.5413223140495868,0.7925311203319502,0.7559523809523809,0.7380497131931166,0.6126482213438735,0.5796812749003984,0.6215686274509804,0.609942638623327,1,
Darren Sproles,0.0797546012269938,0.0770877944325481,0.2302904564315352,0.5175257731958763,0.8099173553719008,0.8941908713692946,0.9444444444444444,0.9426386233269598,0.9387351778656128,0,0.9123505976095616
Darren Waller,0.092156862745098,0.3632887189292543,0.3223300970873786,0.4569288389513108,0.7697974217311234,0.9387387387387388,0.9676258992805756,0.9322033898305084,0.8764705882352941,1,
Darrin Nelson,0.157593123209169,0.4688346883468834,0.6221662468513854,0.6293333333333333,0.745049504950495,0.8036605657237936,0.624,0.5025906735751295,0.5363881401617251,0,0.5839793281653747
Darrius Heyward Bey,0.2520661157024793,0.5746887966804979,0.8373015873015873,0.9177820267686424,0.8932806324110671,0.7410358565737052,0.6333333333333333,0.6367112810707457,0.6990291262135923,0,0.5280898876404494
Daryl Johnston,0.194300518134715,0.431266846361186,0.6718346253229974,0.6675603217158177,0.7223719676549866,0.6953125,0.6924939467312349,0.5813397129186603,0.5669099756690997,0,0.4615384615384615
Dave Casper,0.2022471910112359,0.3881118881118881,0.821875,0.9213836477987422,0.9851632047477744,0.9700272479564032,0.96398891966759,0.9318801089918256,0.9455587392550144,0,0.913279132791328
Dave Logan,0.275,0.5471698113207547,0.8100890207715133,0.9237057220708448,0.9501385041551248,0.9427792915531336,0.9083094555873924,0.902439024390244,0.7984886649874056,1,
Dave Meggett,0.3316062176165803,0.5633423180592992,0.7596899224806202,0.6514745308310992,0.6846361185983828,0.671875,0.6852300242130751,0.5909090909090909,0.6034063260340633,0,0.6538461538461539
Dave Moore,0.1662198391420911,0.4150943396226415,0.59375,0.5907990314769975,0.631578947368421,0.6885644768856448,0.7524038461538461,0.7517084282460137,0.7453271028037384,0,0.7845433255269321
David Hill,0.40625,0.7138364779874213,0.887240356083086,0.9155313351498636,0.8781163434903048,0.8310626702997275,0.828080229226361,0.7831978319783198,0.6675062972292192,0,0.448
David Martin,0.2412177985948477,0.4150110375275938,0.5764462809917356,0.560081466395112,0.6748466257668712,0.702355460385439,0.7593360995850622,0.777319587628866,0.628099173553719,0,0.4813278008298755
David Patten,0.3333333333333333,0.5889423076923077,0.7266514806378133,0.677570093457944,0.7892271662763466,0.9006622516556292,0.8925619834710744,0.9063136456211812,0.8302658486707567,0,0.8265524625267666
Deangelo Williams,0.3254817987152034,0.533195020746888,0.688659793814433,0.6673553719008265,0.6078838174273858,0.5992063492063492,0.6118546845124283,0.6877470355731226,0.6573705179282868,0,0.6764705882352942
Deion Branch,0.5298013245033113,0.8347107438016529,0.9144602851323828,0.9386503067484664,0.9207708779443254,0.950207468879668,0.9154639175257732,0.8842975206611571,0.8879668049792531,0,0.9186507936507936
Deion Sanders,0.0025906735751295,0.0,0.2041343669250646,0.4262734584450402,0.633423180592992,0.4713541666666667,0.4915254237288136,0.4282296650717703,0.389294403892944,0,0.5048076923076923
Delanie Walker,0.171306209850107,0.4211618257261411,0.6474226804123712,0.6508264462809917,0.6369294605809128,0.6388888888888888,0.7036328871892925,0.7628458498023716,0.8386454183266933,0,0.9274509803921568
Demaryius Thomas,0.2717842323651452,0.6428571428571429,0.9139579349904398,0.9782608695652174,1.0,0.9980392156862744,0.994263862332696,0.970873786407767,0.9531835205992508,0,0.9318600368324124
Dennis Gentry,0.0458452722063037,0.040650406504065,0.0957178841309823,0.2533333333333333,0.5767326732673267,0.7903494176372712,0.7573333333333333,0.7746113989637305,0.7789757412398922,0,0.7312661498708011
Dennis Northcutt,0.3691588785046729,0.5433255269320844,0.8322295805739515,0.890495867768595,0.9490835030549898,0.9222903885480572,0.8586723768736617,0.8464730290456431,0.8329896907216495,0,0.859504132231405
Derek Hagan,0.2676659528907923,0.6203319502074689,0.7422680412371134,0.7107438016528925,0.6659751037344398,0.6884920634920635,0.7170172084130019,0.5790513833992095,0.5298804780876494,1,
Derrick Alexander,0.4739583333333333,0.6440677966101694,0.9210526315789472,0.927007299270073,0.9879807692307692,0.9658314350797268,0.9789719626168224,0.9765807962529274,0.9249448123620309,1,
Derrick Fenner 2,0.0751295336787564,0.2398921832884097,0.2945736434108527,0.3190348525469169,0.4501347708894879,0.5989583333333334,0.6755447941888619,0.6794258373205742,0.5571776155717761,1,
Derrick Gaffney,0.5341246290801187,0.773841961852861,0.8614958448753463,0.7901907356948229,0.7936962750716332,0.8075880758807588,0.8312342569269522,0.5706666666666667,0.3762376237623762,0,0.3178036605657238
Derrick Mason,0.1143552311435523,0.5600961538461539,0.7107061503416856,0.8411214953271028,0.9203747072599532,0.9735099337748344,0.987603305785124,0.9857433808553973,0.985685071574642,0,0.9464668094218416
Derrick Walker,0.2210242587601078,0.3901808785529715,0.6916890080428955,0.7115902964959568,0.7760416666666666,0.7094430992736077,0.6172248803827751,0.4914841849148418,0.2932692307692308,0,0.316628701594533
Desean Jackson,0.5443298969072164,0.8636363636363636,0.966804979253112,0.9742063492063492,0.9464627151051626,0.9624505928853756,0.9780876494023903,0.9882352941176472,0.97131931166348,0,0.945631067961165
Desmond Clark,0.0273348519362186,0.4485981308411215,0.6463700234192038,0.7527593818984547,0.7066115702479339,0.6965376782077393,0.7116564417177914,0.8094218415417559,0.8630705394190872,0,0.8474226804123711
Desmond Howard,0.064343163538874,0.4177897574123989,0.7864583333333334,0.8401937046004843,0.7727272727272727,0.3722627737226277,0.3052884615384615,0.2710706150341685,0.2686915887850467,0,0.3044496487119438
Devante Parker,0.3980392156862745,0.7934990439770554,0.9067961165048544,0.8801498127340824,0.9300184162062616,0.9351351351351352,0.9550359712230216,0.9058380414312618,0.8745098039215686,1,
Devin Hester,0.032119914346895,0.3651452282157676,0.7175257731958763,0.8863636363636364,0.8858921161825726,0.8412698412698413,0.780114722753346,0.575098814229249,0.5697211155378487,1,
Dexter Bussey,0.0674157303370786,0.486013986013986,0.634375,0.6729559748427673,0.6617210682492581,0.6376021798365122,0.6786703601108033,0.5177111716621253,0.5358166189111748,0,0.4119241192411924
Dez Bryant,0.4564315352697095,0.8095238095238095,0.965583173996176,0.9762845849802372,0.9920318725099602,0.9705882352941176,0.959847036328872,0.9223300970873788,0.8277153558052435,0,0.56353591160221
Dion Lewis,0.0634920634920634,0.2791586998087954,0.2470355731225296,0.1752988047808765,0.2196078431372549,0.3919694072657744,0.6174757281553398,0.7134831460674157,0.7605893186003683,0,0.7153153153153153
Dominic Rhodes,0.1311475409836065,0.1169977924944812,0.3884297520661157,0.384928716904277,0.5337423312883436,0.5010706638115632,0.5124481327800829,0.6494845360824743,0.4545454545454545,0,0.3630705394190871
Don Beebe,0.4145077720207253,0.6549865229110512,0.8372093023255814,0.839142091152815,0.8490566037735849,0.8854166666666666,0.8184019370460048,0.8803827751196173,0.7712895377128953,1,
Don Hasselbeck,0.2861635220125786,0.4183976261127596,0.5912806539509536,0.5844875346260388,0.7683923705722071,0.8051575931232091,0.8102981029810298,0.6397984886649875,0.544,1,
Don Mccauley,0.031578947368421,0.4439252336448598,0.6042553191489362,0.7303370786516854,0.6293706293706294,0.696875,0.839622641509434,0.8605341246290801,0.8664850136239782,0,0.814404432132964
Don Warren,0.3106267029972752,0.5263157894736842,0.6975476839237057,0.7564469914040115,0.7913279132791328,0.783375314861461,0.6666666666666666,0.5816831683168316,0.6206322795341098,0,0.2426666666666666
Donald Driver,0.1731207289293849,0.5747663551401869,0.7330210772833724,0.9050772626931568,0.9173553719008264,0.9714867617107944,0.9795501022494888,0.9957173447537472,0.9896265560165975,0,0.9896907216494846
Donald Lee,0.3037190082644628,0.3380855397148676,0.6278118609406953,0.6188436830835118,0.8091286307053942,0.8185567010309278,0.8119834710743802,0.6701244813278008,0.5753968253968254,1,
Donte Stallworth,0.6247240618101545,0.8119834710743802,0.9307535641547862,0.934560327198364,0.9571734475374732,0.9605809128630706,0.8948453608247423,0.6776859504132231,0.5435684647302904,0,0.628968253968254
Dorsey Levens,0.0572916666666666,0.4648910411622276,0.6913875598086124,0.8223844282238443,0.7716346153846154,0.7904328018223234,0.7336448598130841,0.7400468384074942,0.6136865342163356,0,0.5454545454545454
Doug Cosbie,0.0980926430517711,0.1329639889196676,0.4359673024523161,0.7994269340974212,0.9159891598915988,0.947103274559194,0.928,0.8613861386138614,0.9018302828618968,0,0.752
Drew Hill,0.2779291553133515,0.6011080332409973,0.8010899182561307,0.7765042979942693,0.5582655826558266,0.6272040302267002,0.8826666666666667,0.9851485148514852,0.9983361064891848,0,0.9946666666666668
Drew Pearson,0.4893617021276595,0.8913857677902621,0.9790209790209792,0.996875,0.9874213836477987,0.9703264094955488,0.9809264305177112,0.9445983379501384,0.8910081743869209,0,0.8595988538681948
Duce Staley,0.0900243309002433,0.40625,0.6719817767653758,0.6308411214953271,0.6861826697892272,0.7704194260485652,0.8615702479338843,0.7881873727087576,0.6175869120654397,1,
Duriel Harris,0.44375,0.7767295597484277,0.9198813056379822,0.9509536784741144,0.9085872576177284,0.9373297002724796,0.9140401146131804,0.91869918699187,0.8967254408060453,0,0.7146666666666667
Dwayne Bowe,0.6493775933609959,0.8969072164948454,0.9462809917355371,0.9771784232365144,0.9682539682539684,0.9732313575525812,0.9367588932806324,0.8904382470119522,0.7941176470588235,1,
Dwayne Carswell,0.1380145278450363,0.2727272727272727,0.4160583941605839,0.4879807692307692,0.5945330296127562,0.735981308411215,0.7939110070257611,0.7880794701986755,0.6632231404958677,0,0.6028513238289206
Dwight Clark,0.2670299727520436,0.7922437673130194,0.9591280653950952,0.997134670487106,0.994579945799458,0.9949622166246852,0.9733333333333334,0.9678217821782178,0.9500831946755408,1,
Dwight Scales,0.428125,0.5534591194968553,0.6884272997032641,0.667574931880109,0.4487534626038781,0.5967302452316077,0.6418338108882522,0.7154471544715447,0.5491183879093199,1,
Dwight Stone,0.4209650582362729,0.4373333333333333,0.5854922279792746,0.6819407008086253,0.8630490956072352,0.906166219839142,0.9299191374663072,0.8229166666666666,0.639225181598063,0,0.4521531100478468
Earnest Byner,0.2090680100755667,0.5146666666666667,0.7128712871287128,0.8635607321131448,0.84,0.8419689119170984,0.7601078167115903,0.7338501291989664,0.7158176943699732,0,0.7142857142857143
Ed Dickson,0.2551867219917012,0.6170634920634921,0.7648183556405354,0.7984189723320159,0.7051792828685259,0.6725490196078432,0.6405353728489483,0.7475728155339806,0.7883895131086143,1,
Ed Mccaffrey,0.2377260981912144,0.5951742627345844,0.7654986522911051,0.796875,0.7796610169491526,0.8325358851674641,0.8759124087591241,0.9278846153846154,0.9681093394077448,0,0.9906542056074766
Ed West,0.2644836272040302,0.3866666666666666,0.6732673267326733,0.8119800332778702,0.72,0.7564766839378239,0.7628032345013477,0.8087855297157622,0.6434316353887399,0,0.5660377358490566
Eddie George,0.2105263157894736,0.3479318734793187,0.6442307692307693,0.7380410022779044,0.8387850467289719,0.8243559718969555,0.7924944812362031,0.6384297520661157,0.5132382892057027,1,
Eddie Kennison,0.5430622009569378,0.7639902676399026,0.8389423076923077,0.8610478359908884,0.866822429906542,0.8875878220140515,0.911699779249448,0.9318181818181818,0.9674134419551936,0,0.967280163599182
Eddie Royal,0.6041237113402061,0.7851239669421488,0.8962655601659751,0.7837301587301587,0.768642447418738,0.8122529644268774,0.8944223107569721,0.8980392156862745,0.847036328871893,1,
Edgerrin James,0.3553530751708428,0.7009345794392523,0.7704918032786885,0.7284768211920529,0.6549586776859504,0.7820773930753564,0.8384458077709611,0.8137044967880086,0.7116182572614108,0,0.5216494845360825
Emery Moorehead,0.270440251572327,0.3827893175074184,0.4577656675749318,0.2576177285318559,0.0463215258855585,0.6017191977077364,0.8265582655826558,0.929471032745592,0.872,0,0.849009900990099
Emmanuel Sanders,0.3402489626556016,0.6190476190476191,0.7915869980879541,0.8517786561264822,0.9362549800796812,0.9803921568627452,0.9847036328871892,0.9631067961165048,0.9419475655430712,0,0.9429097605893186
Emmitt Smith,0.0026954177897574,0.0025839793281653,0.1849865951742627,0.5768194070080862,0.7604166666666666,0.7869249394673123,0.6291866028708134,0.5109489051094891,0.3557692307692308,0,0.4464692482915717
Eric Dickerson,0.2493224932249322,0.3501259445843829,0.464,0.344059405940594,0.6056572379367721,0.464,0.582901554404145,0.5929919137466307,0.6408268733850129,0,0.5415549597855228
Eric Green 2,0.3126684636118598,0.6640826873385013,0.7640750670241286,0.8221024258760108,0.8177083333333334,0.8547215496368039,0.7918660287081339,0.8029197080291971,0.6826923076923077,0,0.6104783599088838
Eric Martin 2,0.4426666666666666,0.7722772277227723,0.9633943427620631,0.9546666666666668,0.9792746113989638,0.9595687331536388,0.9276485788113696,0.9436997319034852,0.9649595687331536,0,0.9635416666666666
Eric Metcalf,0.4041450777202072,0.6630727762803235,0.7932816537467701,0.7533512064343163,0.7681940700808625,0.78125,0.900726392251816,0.930622009569378,0.9318734793187348,0,0.84375
Eric Moulds,0.3349282296650718,0.5255474452554745,0.8870192307692307,0.9544419134396356,0.9929906542056076,0.97423887587822,0.9823399558498896,0.975206611570248,0.9775967413441956,0,0.948875255623722
Eric Sievers,0.3596730245231607,0.6361031518624641,0.8157181571815718,0.8387909319899244,0.8293333333333334,0.754950495049505,0.6921797004991681,0.08,0.3549222797927461,0,0.5040431266846361
Eric Weems,0.068041237113402,0.3016528925619834,0.4605809128630705,0.5575396825396826,0.5640535372848948,0.6027667984189723,0.6115537848605578,0.611764705882353,0.4703632887189292,0,0.2621359223300971
Ernest Givins,0.6707920792079208,0.9201331114808652,0.9813333333333332,0.9766839378238342,0.967654986522911,0.9534883720930232,0.941018766756032,0.935309973045822,0.9088541666666666,0,0.8619854721549637
Ernie Conwell,0.2440191387559808,0.6131386861313869,0.7331730769230769,0.7175398633257403,0.5630841121495327,0.6323185011709602,0.7350993377483444,0.7706611570247934,0.725050916496945,0,0.6339468302658486
Ernie Mills,0.3540051679586563,0.5576407506702413,0.7574123989218329,0.8020833333333334,0.8789346246973365,0.8421052631578947,0.7737226277372263,0.78125,0.7972665148063781,1,
Ethan Horton,0.088,0.1237623762376237,0.4958402662229617,0.112,0.4015544041450777,0.5822102425876011,0.8320413436692506,0.8337801608579088,0.816711590296496,0,0.7552083333333334
Floyd Turner,0.2616580310880829,0.6064690026954178,0.8888888888888888,0.8257372654155496,0.784366576819407,0.7135416666666666,0.8232445520581114,0.861244019138756,0.708029197080292,0,0.7764423076923077
Franco Harris,0.3364485981308411,0.4297872340425532,0.6479400749063671,0.6573426573426573,0.715625,0.610062893081761,0.5222551928783383,0.5776566757493188,0.6648199445983379,0,0.659400544959128
Frank Gore,0.1574642126789366,0.5032119914346895,0.7551867219917012,0.8103092783505155,0.8285123966942148,0.8153526970954357,0.7619047619047619,0.6978967495219885,0.6343873517786561,0,0.6195219123505976
Frank Lewis,0.2052631578947368,0.602803738317757,0.8170212765957446,0.902621722846442,0.8846153846153846,0.8625,0.8270440251572327,0.8991097922848664,0.9455040871934604,0,0.9584487534626038
Frank Sanders,0.5835351089588378,0.8253588516746412,0.9197080291970804,0.908653846153846,0.9157175398633256,0.9345794392523364,0.9063231850117096,0.9072847682119204,0.8326446280991735,1,
Frank Wycheck,0.0781671159029649,0.2786458333333333,0.585956416464891,0.7033492822966507,0.8442822384428224,0.8341346153846154,0.8724373576309795,0.8107476635514018,0.8641686182669789,0,0.8233995584988962
Fred Banks,0.2266666666666666,0.3094059405940594,0.6422628951747088,0.5973333333333334,0.7979274611398963,0.7924528301886793,0.7622739018087855,0.7345844504021448,0.7628032345013477,1,
Fred Baxter,0.2722371967654987,0.4088541666666667,0.6368038740920097,0.569377990430622,0.7031630170316302,0.71875,0.715261958997722,0.6191588785046729,0.6018735362997658,0,0.5739514348785872
Fred Biletnikoff,0.975,0.9894736842105264,0.9906542056074766,1.0,0.99250936329588,0.9545454545454546,0.95,0.9371069182389936,0.9020771513353116,1,
Fred Jackson,0.2904564315352697,0.5587628865979382,0.75,0.7365145228215768,0.7718253968253969,0.7323135755258127,0.741106719367589,0.6872509960159362,0.692156862745098,1,
Fred Mccrary,0.0944309927360774,0.0669856459330143,0.121654501216545,0.0625,0.3416856492027335,0.4789719626168224,0.5784543325526932,0.4944812362030905,0.396694214876033,0,0.4256619144602851
Fred Taylor,0.3942307692307692,0.5808656036446469,0.647196261682243,0.4496487119437939,0.5849889624724062,0.7252066115702479,0.8044806517311609,0.7525562372188139,0.6873661670235546,0,0.553941908713693
Freddie Scott,0.4269662921348314,0.3811188811188811,0.48125,0.4654088050314465,0.7477744807121661,0.9100817438692098,0.9362880886426592,0.9727520435967304,0.9426934097421203,0,0.8753387533875339
Freddie Solomon 2,0.5104895104895105,0.75,0.8427672955974843,0.8427299703264095,0.885558583106267,0.9390581717451524,0.9782016348773842,0.9541547277936964,0.951219512195122,0,0.9395465994962215
Freeman Mcneil,0.1934604904632152,0.5157593123209169,0.5880758807588076,0.6700251889168766,0.6106666666666667,0.7648514851485149,0.8452579034941764,0.7893333333333333,0.689119170984456,0,0.6388140161725068
Garrison Hearst,0.0673854447439353,0.2369791666666666,0.4939467312348668,0.6124401913875598,0.6982968369829684,0.7884615384615384,0.6856492027334852,0.5,0.2576112412177986,0,0.543046357615894
Gary Anderson 3,0.304,0.7178217821782178,0.903494176372712,0.816,0.466321243523316,0.4097035040431266,0.5038759689922481,0.6541554959785523,0.5525606469002695,1,
Gary Barnidge,0.0288659793814433,0.268595041322314,0.2800829875518672,0.2837301587301587,0.2466539196940726,0.4782608695652174,0.6593625498007968,0.8333333333333334,0.9063097514340344,1,
Gary Brown 2,0.082687338501292,0.0804289544235924,0.4097035040431266,0.5390625,0.5205811138014528,0.1698564593301435,0.0875912408759124,0.2427884615384615,0.3120728929384966,1,
Gary Clark,0.6,0.9108910891089108,0.9933444259567388,0.9893333333333332,0.9844559585492229,0.9919137466307276,0.9974160206718348,0.9973190348525468,0.9838274932614556,0,0.9505208333333334
Gene Washington 2,1.0,1.0,1.0,0.9914893617021276,0.9887640449438202,0.972027972027972,0.978125,0.9622641509433962,0.8367952522255193,0,0.7384196185286104
Gerald Riggs,0.2320916905444126,0.3468834688346883,0.3828715365239294,0.3626666666666667,0.4331683168316831,0.7537437603993344,0.5226666666666666,0.5051813471502591,0.3638814016172507,0,0.1782945736434108
Giovani Bernard,0.4565217391304347,0.7171314741035857,0.8254901960784313,0.7915869980879541,0.7902912621359224,0.7621722846441947,0.6998158379373849,0.6774774774774774,0.6187050359712231,0,0.551789077212806
Glyn Milburn,0.1698113207547169,0.5703125,0.7263922518159807,0.6052631578947368,0.3844282238442822,0.3413461538461538,0.4624145785876993,0.3247663551401869,0.1686182669789227,1,
Golden Tate,0.2780082987551867,0.5158730158730159,0.8126195028680688,0.8913043478260869,0.9661354581673308,0.9725490196078432,0.982791586998088,0.974757281553398,0.9644194756554308,0,0.9447513812154696
Greg Baty,0.3415841584158416,0.7004991680532446,0.5253333333333333,0.2642487046632124,0.0107816711590296,0.2790697674418604,0.4182305630026809,0.5849056603773585,0.5625,1,
Greg Hawthorne,0.1171662125340599,0.3019390581717451,0.3760217983651226,0.66189111747851,0.7425474254742548,0.836272040302267,0.7226666666666667,0.6410891089108911,0.7121464226289518,1,
Greg Jennings,0.4239828693790149,0.8381742738589212,0.9752577319587628,0.9917355371900828,0.991701244813278,0.9900793650793652,0.9636711281070746,0.932806324110672,0.900398406374502,0,0.8725490196078431
Greg Jones,0.1018329938900203,0.2310838445807771,0.2334047109207709,0.412863070539419,0.4783505154639175,0.5247933884297521,0.4045643153526971,0.3333333333333333,0.4110898661567878,0,0.3675889328063241
Greg Olsen,0.3485477178423236,0.6783505154639176,0.8739669421487604,0.8402489626556017,0.8333333333333334,0.869980879541109,0.924901185770751,0.950199203187251,0.9588235294117649,0,0.9732313575525812
Greg Pruitt 2,0.2638297872340425,0.5730337078651685,0.7587412587412588,0.840625,0.8710691823899371,0.8545994065281899,0.8038147138964578,0.775623268698061,0.7656675749318801,0,0.7822349570200573
Guy Mcintyre,0.1973333333333333,0.2305699481865284,0.2641509433962264,0.0180878552971576,0.0134048257372654,0.013477088948787,0.0104166666666666,0.0193704600484261,0.0191387559808612,1,
Harold Carmichael,0.4894736842105263,0.6542056074766355,0.9617021276595744,1.0,1.0,0.98125,0.9654088050314464,0.9762611275964392,0.994550408719346,0,0.9889196675900276
Harold Green,0.1725067385444744,0.3927648578811369,0.5040214477211796,0.4851752021563342,0.5442708333333334,0.6077481840193705,0.6866028708133971,0.6909975669099757,0.7043269230769231,1,
Harry Douglas,0.3690721649484536,0.3574380165289256,0.6203319502074689,0.6626984126984127,0.7973231357552581,0.8735177865612648,0.8685258964143426,0.9019607843137256,0.8336520076481836,0,0.6213592233009708
Haven Moses,0.925,0.9210526315789472,0.9345794392523364,0.948936170212766,0.9250936329588016,0.9405594405594404,0.9375,0.9276729559748428,0.940652818991098,0,0.9618528610354224
Haywood Jeffires,0.3211314475873544,0.4666666666666667,0.7875647668393783,0.8975741239892183,0.9328165374677002,0.9758713136729222,0.921832884097035,0.9244791666666666,0.8934624697336562,0,0.8851674641148325
Heath Evans,0.1567328918322295,0.4772727272727273,0.4684317718940937,0.5010224948875256,0.3554603854389722,0.5228215767634855,0.5979381443298969,0.6384297520661157,0.6016597510373444,1,
Heath Miller,0.4539877300613497,0.7687366167023555,0.9024896265560166,0.8907216494845361,0.9008264462809916,0.8464730290456431,0.8531746031746031,0.9063097514340344,0.9051383399209486,0,0.9143426294820716
Henry Childs,0.3286713286713286,0.64375,0.8805031446540881,0.9465875370919882,0.9727520435967304,0.92797783933518,0.8283378746594006,0.484240687679083,0.1653116531165311,0,0.105793450881612
Henry Ellard,0.2222222222222222,0.6624685138539043,0.888,0.9207920792079208,0.956738768718802,0.9706666666666668,0.9974093264248703,0.9973045822102424,0.9948320413436692,0,0.9839142091152816
Henry Marshall,0.496875,0.7421383647798742,0.8753709198813057,0.8392370572207084,0.8753462603878116,0.8692098092643051,0.9369627507163324,0.948509485094851,0.9521410579345088,0,0.9146666666666666
Herman Moore,0.2196382428940568,0.774798927613941,0.9407008086253368,0.9791666666666666,0.9878934624697336,0.9976076555023924,1.0,1.0,0.958997722095672,0,0.8785046728971962
Herschel Walker,0.556930693069307,0.8935108153078203,0.9333333333333332,0.8860103626943006,0.7574123989218329,0.6537467700258398,0.613941018766756,0.7358490566037735,0.8411458333333334,0,0.8208232445520581
Hines Ward,0.3293269230769231,0.7015945330296127,0.8855140186915887,0.9133489461358314,0.977924944812362,0.9917355371900828,0.989816700610998,0.9918200408997956,0.9721627408993576,0,0.966804979253112
Hoby Brenner,0.1743869209809264,0.4412607449856733,0.7317073170731707,0.8765743073047859,0.9066666666666666,0.8688118811881188,0.8868552412645591,0.7253333333333334,0.7253886010362695,0,0.6792452830188679
Horace King,0.1853146853146853,0.425,0.6257861635220126,0.7685459940652819,0.776566757493188,0.7174515235457064,0.6130790190735694,0.6217765042979942,0.5853658536585366,1,
Howard Cross,0.1528497409326424,0.3261455525606469,0.5762273901808785,0.5817694369973191,0.7008086253369272,0.7630208333333334,0.784503631961259,0.715311004784689,0.5060827250608273,0,0.2908653846153846
Ike Hilliard,0.2506082725060827,0.6370192307692307,0.8542141230068337,0.9392523364485982,0.9508196721311476,0.9271523178807948,0.8760330578512396,0.7780040733197556,0.7648261758691206,0,0.7537473233404711
Irving Fryar,0.216624685138539,0.696,0.8762376237623762,0.961730449251248,0.9306666666666666,0.9196891191709844,0.921832884097035,0.937984496124031,0.967828418230563,0,0.981132075471698
Isaac Bruce,0.3854166666666667,0.847457627118644,0.971291866028708,0.9829683698296836,0.935096153846154,0.9567198177676538,0.9766355140186916,0.9859484777517564,0.9668874172185432,0,0.950413223140496
Isaac Curtis,0.723404255319149,0.947565543071161,0.9965034965034965,0.990625,0.959119496855346,0.9436201780415432,0.9318801089918256,0.922437673130194,0.9100817438692098,0,0.8710601719197708
Itula Mili,0.2307692307692307,0.2984054669703872,0.5560747663551402,0.5737704918032787,0.7549668874172185,0.8491735537190083,0.8309572301425662,0.6809815950920245,0.4111349036402569,1,
J J Stokes,0.4891041162227603,0.7081339712918661,0.8540145985401459,0.875,0.8815489749430524,0.9018691588785048,0.8782201405152225,0.8896247240618101,0.8202479338842975,1,
J T Smith,0.4059945504087193,0.7479224376731302,0.9128065395095368,0.8882521489971347,0.8563685636856369,0.6372795969773299,0.72,0.8564356435643564,0.9750415973377704,0,0.9413333333333334
Jabar Gaffney,0.4657836644591611,0.7128099173553719,0.8818737270875764,0.8834355828220859,0.8565310492505354,0.8340248962655602,0.8288659793814434,0.9070247933884298,0.908713692946058,0,0.9404761904761904
Jack Doyle,0.067193675889328,0.2888446215139442,0.4647058823529412,0.722753346080306,0.7825242718446602,0.8052434456928839,0.7974217311233885,0.7135135135135136,0.7643884892086331,1,
Jackie Harris,0.1509433962264151,0.4573643410852713,0.7024128686327078,0.8355795148247979,0.8697916666666666,0.8498789346246973,0.7703349282296651,0.7201946472019465,0.7668269230769231,0,0.7744874715261959
Jacob Tamme,0.0948453608247422,0.2768595041322314,0.6929460580912863,0.7638888888888888,0.8546845124282982,0.7687747035573123,0.7151394422310757,0.7176470588235294,0.7418738049713193,1,
Jake Reed 2,0.3753351206434316,0.5471698113207547,0.8072916666666666,0.910411622276029,0.9760765550239234,0.9975669099756692,0.9855769230769232,0.9453302961275628,0.8457943925233645,0,0.8149882903981265
Jamaal Charles,0.2762886597938144,0.5929752066115702,0.7821576763485477,0.7182539682539683,0.6883365200764818,0.7845849802371542,0.8406374501992032,0.803921568627451,0.5850860420650096,0,0.541747572815534
Jamal Lewis,0.1004672897196261,0.1077283372365339,0.5540838852097131,0.6487603305785123,0.7433808553971487,0.7034764826175869,0.6402569593147751,0.6721991701244814,0.6309278350515464,0,0.6466942148760331
James Brooks,0.3705722070844686,0.4527220630372492,0.5121951219512195,0.4584382871536523,0.664,0.844059405940594,0.9168053244592346,0.8773333333333333,0.8031088082901554,0,0.7547169811320755
James Jett,0.5822102425876011,0.7682291666666666,0.8280871670702179,0.8157894736842105,0.8686131386861314,0.9375,0.938496583143508,0.9228971962616822,0.7868852459016393,1,
James Jones,0.3340248962655601,0.6577319587628866,0.8367768595041323,0.8381742738589212,0.8650793650793651,0.9273422562141492,0.9268774703557312,0.9063745019920318,0.8921568627450981,1,
James Jones 4,0.3008130081300813,0.707808564231738,0.7946666666666666,0.7301980198019802,0.7254575707154742,0.616,0.6398963730569949,0.6091644204851752,0.5167958656330749,0,0.4959785522788204
James Lofton,0.6083086053412463,0.8692098092643051,0.9833795013850416,0.997275204359673,0.994269340974212,1.0,1.0,0.9946666666666668,0.9504950495049505,0,0.9650582362728786
James Mcknight,0.3489583333333333,0.5617433414043583,0.8373205741626795,0.8710462287104623,0.8846153846153846,0.7630979498861048,0.75,0.711943793911007,0.8498896247240618,0,0.762396694214876
James Thrash,0.2019464720194647,0.5,0.6947608200455581,0.7733644859813084,0.8711943793911007,0.913907284768212,0.9008264462809916,0.8391038696537678,0.8098159509202454,0,0.7237687366167024
James Wilder,0.3542234332425068,0.6876790830945558,0.8238482384823849,0.8564231738035264,0.744,0.6658415841584159,0.6788685524126455,0.4533333333333333,0.4689119170984456,0,0.3369272237196765
Jamie Williams,0.2997481108312342,0.536,0.7351485148514851,0.8286189683860233,0.584,0.538860103626943,0.4420485175202156,0.627906976744186,0.5442359249329759,0,0.5498652291105122
Jared Cook,0.1694214876033057,0.4979253112033195,0.7777777777777778,0.8508604206500956,0.8794466403162056,0.8824701195219123,0.8392156862745098,0.8202676864244742,0.7728155339805826,0,0.897003745318352
Jarvis Landry,0.4900398406374502,0.8686274509803922,0.9751434034416826,0.9844660194174756,0.9737827715355806,0.9742173112338858,0.9657657657657658,0.9442446043165468,0.8455743879472694,1,
Jason Avant,0.1156316916488222,0.470954356846473,0.7195876288659794,0.8305785123966942,0.8589211618257261,0.8432539682539683,0.8413001912045889,0.7944664031620553,0.8027888446215139,0,0.7098039215686275
Jason Dunn,0.4473684210526316,0.5936739659367397,0.6850961538461539,0.3507972665148063,0.2827102803738318,0.4637002341920375,0.5629139072847682,0.6136363636363636,0.5906313645621182,0,0.6114519427402862
Jason Witten,0.390495867768595,0.7169042769857433,0.901840490797546,0.9229122055674518,0.9564315352697096,0.9608247422680412,0.9772727272727272,0.9854771784232366,0.9722222222222222,0,0.9694072657743786
Jay Novacek,0.0186666666666666,0.0396039603960396,0.4858569051580699,0.6746666666666666,0.7953367875647669,0.8355795148247979,0.7855297157622739,0.868632707774799,0.7816711590296496,0,0.8203125
Jay Saldi,0.040625,0.3270440251572327,0.3560830860534125,0.4959128065395095,0.554016620498615,0.6185286103542235,0.4441260744985673,0.3875338753387534,0.2594458438287154,1,
Jeff Chadwick,0.4715447154471545,0.8085642317380353,0.9253333333333332,0.9405940594059404,0.9534109816971714,0.904,0.7849740932642487,0.784366576819407,0.7984496124031008,0,0.8230563002680965
Jeff Graham,0.1317829457364341,0.6487935656836461,0.8328840970350404,0.953125,0.973365617433414,0.9665071770334928,0.94647201946472,0.903846153846154,0.9111617312072892,0,0.9509345794392524
Jeff Thomason,0.0938337801608579,0.1293800539083558,0.1432291666666666,0.2033898305084746,0.4569377990430622,0.5425790754257908,0.5673076923076923,0.5626423690205011,0.6214953271028038,0,0.5901639344262295
Jerald Sowell,0.1435523114355231,0.2091346153846154,0.2596810933940774,0.2710280373831775,0.5339578454332553,0.6887417218543046,0.7892561983471075,0.7861507128309573,0.7607361963190185,0,0.5246252676659529
Jeremy Maclin,0.5433884297520661,0.8568464730290456,0.9642857142857144,0.9579349904397706,0.8320158102766798,0.898406374501992,0.9117647058823528,0.965583173996176,0.90873786407767,1,
Jeremy Shockey,0.5209713024282561,0.7520661157024794,0.8737270875763747,0.9202453987730062,0.9186295503211992,0.9356846473029046,0.8597938144329897,0.8677685950413223,0.8195020746887967,0,0.8154761904761905
Jerick Mckinnon,0.1792828685258964,0.4294117647058823,0.6978967495219885,0.7883495145631068,0.6835205992509363,0.4438305709023941,0.2522522522522522,0.4334532374100719,0.7909604519774012,0,0.8117647058823529
Jermaine Gresham,0.3215767634854772,0.6369047619047619,0.8432122370936902,0.8201581027667985,0.7350597609561753,0.6294117647058823,0.6864244741873805,0.7203883495145631,0.6797752808988764,1,
Jermaine Lewis,0.2942583732057416,0.7250608272506083,0.8725961538461539,0.8883826879271071,0.8060747663551402,0.6955503512880562,0.6534216335540839,0.7086776859504132,0.6456211812627292,1,
Jerome Barkum,0.411214953271028,0.8340425531914893,0.9588014981273408,0.9615384615384616,0.875,0.8584905660377359,0.8041543026706232,0.8610354223433242,0.778393351800554,0,0.8201634877384196
Jerome Bettis,0.1428571428571428,0.4583333333333333,0.5883777239709443,0.5215311004784688,0.3698296836982968,0.3581730769230769,0.4396355353075171,0.4205607476635514,0.4379391100702576,0,0.4635761589403973
Jerome Felton,0.1422680412371134,0.3925619834710744,0.504149377593361,0.4781746031746032,0.4933078393881453,0.5059288537549407,0.3446215139442231,0.2254901960784313,0.3154875717017208,1,
Jerramy Stevens,0.2649006622516556,0.4669421487603306,0.6883910386965377,0.803680981595092,0.815845824411135,0.7904564315352697,0.7443298969072165,0.7148760330578512,0.6639004149377593,1,
Jerricho Cotchery,0.1914460285132382,0.4887525562372188,0.854389721627409,0.9377593360995852,0.9649484536082474,0.9483471074380164,0.9294605809128632,0.878968253968254,0.7839388145315488,0,0.8399209486166008
Jerry Porter,0.0350467289719626,0.3536299765807962,0.7770419426048565,0.8574380165289256,0.910386965376782,0.9120654396728016,0.8972162740899358,0.8921161825726142,0.8082474226804124,1,
Jerry Rice,0.5333333333333333,0.9257425742574258,1.0,1.0,1.0,1.0,1.0,1.0,0.9973045822102424,0,0.9973958333333334
Jessie Hester,0.5253333333333333,0.8539603960396039,0.9484193011647256,0.848,0.4559585492227979,0.6199460916442049,0.7390180878552972,0.9088471849865952,0.9245283018867924,0,0.9348958333333334
Jim Mitchell 2,0.9625,0.963157894736842,0.9579439252336448,0.9404255319148936,0.8951310861423221,0.9125874125874126,0.871875,0.7610062893081762,0.7002967359050445,0,0.6784741144414169
Jim Obradovich,0.2062937062937063,0.28125,0.3710691823899371,0.4391691394658754,0.4877384196185286,0.556786703601108,0.4986376021798365,0.4555873925501432,0.4308943089430894,1,
Jim Otis,0.44375,0.5684210526315789,0.5934579439252337,0.4978723404255319,0.4831460674157303,0.4825174825174825,0.4375,0.3396226415094339,0.2492581602373887,1,
Jim Smith,0.2389937106918239,0.400593471810089,0.6294277929155313,0.7950138504155124,0.8937329700272479,0.9340974212034384,0.8211382113821138,0.5062972292191436,0.1306666666666666,1,
Jimmie Giles,0.2484276729559748,0.5133531157270029,0.8174386920980926,0.8808864265927978,0.9455040871934604,0.9312320916905444,0.907859078590786,0.8589420654911839,0.7866666666666666,0,0.8267326732673267
Jimmie Johnson,0.2953367875647668,0.5741239892183289,0.6976744186046512,0.5227882037533512,0.3126684636118598,0.1979166666666666,0.1598062953995157,0.4043062200956938,0.5790754257907542,0,0.6346153846153846
Jimmy Graham,0.3381742738589212,0.8194444444444444,0.959847036328872,0.9901185770750988,0.9741035856573704,0.9627450980392156,0.9196940726577438,0.9281553398058252,0.9288389513108616,0,0.8987108655616943
Jimmy Kleinsasser,0.0022779043280182,0.0747663551401869,0.1990632318501171,0.6556291390728477,0.7727272727272727,0.7617107942973523,0.6646216768916156,0.3897216274089936,0.4730290456431535,0,0.554639175257732
Jimmy Smith,0.3559322033898305,0.8133971291866029,0.9586374695863747,0.9903846153846154,0.9977220956719818,0.9976635514018692,0.9929742388758782,0.9801324503311258,0.9731404958677686,0,0.9653767820773932
Joe Horn,0.124401913875598,0.5036496350364964,0.7139423076923077,0.8428246013667426,0.9182242990654206,0.9836065573770492,0.9933774834437086,0.9834710743801652,0.9877800407331976,0,0.9550102249488752
Joe Jurevicius,0.28125,0.5740318906605922,0.7313084112149533,0.8173302107728337,0.8454746136865342,0.8285123966942148,0.7556008146639511,0.8445807770961146,0.8886509635974305,0,0.9190871369294604
Joe Morris,0.0200573065902578,0.070460704607046,0.3047858942065491,0.4826666666666667,0.6608910891089109,0.778702163061564,0.5786666666666667,0.3419689119170984,0.1536388140161725,0,0.1214470284237726
Joe Washington,0.3742138364779874,0.6172106824925816,0.8746594005449592,0.8975069252077562,0.8991825613079019,0.7707736389684814,0.7859078590785907,0.6146095717884131,0.6613333333333333,1,
Joel Dreessen,0.1145194274028629,0.1006423982869379,0.3589211618257261,0.3463917525773196,0.6322314049586777,0.7157676348547718,0.8234126984126984,0.8489483747609943,0.7648221343873518,1,
Joey Galloway,0.612590799031477,0.8564593301435407,0.97323600973236,0.9831730769230768,0.9703872437357632,0.8925233644859814,0.8266978922716628,0.891832229580574,0.9380165289256198,0,0.9266802443991852
John Brown,0.5079681274900398,0.8235294117647058,0.9273422562141492,0.8932038834951457,0.8782771535580525,0.9355432780847146,0.945945945945946,0.841726618705036,0.6572504708097928,1,
John Cappelletti,0.0823970037453183,0.0734265734265734,0.49375,0.5849056603773585,0.7863501483679525,0.662125340599455,0.5069252077562327,0.217983651226158,0.3925501432664756,1,
John Gilmore,0.2958057395143488,0.2975206611570248,0.4725050916496945,0.3762781186094069,0.5331905781584583,0.4336099585062241,0.5195876288659794,0.4152892561983471,0.553941908713693,0,0.4503968253968254
John Kuhn,0.2505353319057816,0.4647302904564315,0.6123711340206186,0.5516528925619835,0.5477178423236515,0.5515873015873016,0.5869980879541109,0.5770750988142292,0.4760956175298805,0,0.4
John L Williams,0.245049504950495,0.7770382695507487,0.8693333333333333,0.9041450777202072,0.9002695417789758,0.8785529715762274,0.8284182305630027,0.7789757412398922,0.765625,0,0.6803874092009685
John Phillips,0.1549586776859504,0.1390041493775933,0.3452380952380952,0.3632887189292543,0.4802371541501976,0.4800796812749004,0.5098039215686274,0.5525812619502868,0.3533980582524272,0,0.3464419475655431
John Riggins,0.5368421052631579,0.6495327102803738,0.7361702127659574,0.7228464419475655,0.7412587412587412,0.746875,0.710691823899371,0.6795252225519288,0.7193460490463215,0,0.5290858725761773
John Sawyer,0.3671328671328671,0.603125,0.6540880503144654,0.56973293768546,0.3651226158038147,0.4570637119113573,0.553133514986376,0.6762177650429799,0.5230352303523035,0,0.4760705289672544
John Spagnola,0.1117166212534059,0.3434903047091412,0.5204359673024523,0.7421203438395415,0.6070460704607046,0.7002518891687658,0.712,0.8094059405940595,0.8236272878535774,0,0.4293333333333333
John Stallworth,0.4157303370786517,0.7097902097902098,0.803125,0.9088050314465408,0.9376854599406528,0.997275204359673,0.9529085872576176,0.9073569482288828,0.8853868194842407,0,0.8888888888888888
John Taylor 2,0.4792013311148086,0.6373333333333333,0.9093264248704664,0.9433962264150944,0.9896640826873384,0.970509383378016,0.973045822102426,0.9192708333333334,0.8861985472154964,1,
John Tice,0.05420054200542,0.3148614609571788,0.552,0.698019801980198,0.8386023294509152,0.76,0.7124352331606217,0.6037735849056604,0.5012919896640827,1,
Johnnie Morton,0.2265625,0.6561743341404358,0.8492822966507177,0.9172749391727494,0.9423076923076924,0.9772209567198178,0.9626168224299064,0.9648711943793912,0.9205298013245032,0,0.9359504132231404
Johnny Hector,0.1680216802168021,0.3753148614609571,0.568,0.6757425742574258,0.7886855241264559,0.6533333333333333,0.6632124352331606,0.6711590296495957,0.6459948320413437,0,0.453083109919571
Jonathan Hayes,0.0746666666666666,0.3366336633663366,0.7587354409317804,0.6826666666666666,0.6917098445595855,0.555256064690027,0.5426356589147286,0.4906166219839142,0.6199460916442049,0,0.5338541666666666
Jonathan Stewart,0.1051546391752577,0.3305785123966942,0.5124481327800829,0.7103174603174603,0.6730401529636711,0.6778656126482213,0.5378486055776892,0.5529411764705883,0.5296367112810707,0,0.4485436893203883
Jordy Nelson,0.3319587628865979,0.6590909090909091,0.8215767634854771,0.9484126984126984,0.97131931166348,0.9920948616600792,0.99601593625498,0.9549019607843138,0.9560229445506692,0,0.8776699029126214
Josh Cribbs,0.1063394683026584,0.1970021413276231,0.3879668049792531,0.4948453608247423,0.4483471074380165,0.5622406639004149,0.7380952380952381,0.7609942638623327,0.6620553359683794,0,0.3326693227091633
Josh Gordon,0.5296367112810707,0.91699604743083,0.9621513944223108,0.8705882352941177,0.3307839388145315,0.3262135922330097,0.7509363295880149,0.8895027624309392,0.772972972972973,0,0.4730215827338129
Julian Edelman,0.3450413223140496,0.520746887966805,0.5813492063492064,0.5717017208413002,0.8280632411067194,0.9302788844621512,0.9529411764705882,0.9464627151051626,0.8194174757281554,0,0.8595505617977528
Julio Jones,0.5714285714285714,0.9158699808795412,0.9525691699604744,0.9760956175298804,0.9862745098039216,0.9980879541108988,0.9980582524271844,0.99812734082397,0.996316758747698,0,0.9891891891891892
Julius Peppers,0.0468431771894093,0.0408997955010225,0.038543897216274,0.0103734439834024,0.0144329896907216,0.0082644628099173,0.0082987551867219,0.0059523809523809,0.0095602294455066,0,0.0098814229249011
Justin Peelle,0.0794701986754966,0.3388429752066115,0.3808553971486761,0.4437627811860941,0.4197002141327623,0.6327800829875518,0.6907216494845361,0.7024793388429752,0.6721991701244814,0,0.6329365079365079
Karl Williams 2,0.3133971291866029,0.6934306569343066,0.8028846153846154,0.7767653758542141,0.6448598130841121,0.6838407494145199,0.6754966887417219,0.7024793388429752,0.6578411405295316,1,
Kassim Osgood,0.4380165289256198,0.6924643584521385,0.7995910020449898,0.5674518201284796,0.3775933609958506,0.134020618556701,0.378099173553719,0.3941908713692946,0.5238095238095238,0,0.3575525812619503
Keenan Mccardell,0.1581769436997319,0.5633423180592992,0.7526041666666666,0.8450363196125908,0.9138755980861244,0.9562043795620438,0.9735576923076924,0.9726651480637812,0.9462616822429908,0,0.9414519906323184
Keith Byars,0.0618811881188118,0.5158069883527454,0.632,0.810880829015544,0.8571428571428571,0.8036175710594315,0.7801608579088471,0.738544474393531,0.8046875,0,0.7675544794188862
Keith Jackson 2,0.344,0.6761658031088082,0.8598382749326146,0.8604651162790697,0.8445040214477212,0.8274932614555256,0.8359375,0.7917675544794189,0.84688995215311,1,
Keith Jennings,0.1269430051813471,0.1401617250673854,0.421188630490956,0.5254691689008043,0.6172506738544474,0.5833333333333334,0.6271186440677966,0.6196172248803827,0.6326034063260341,1,
Kellen Winslow,0.1731160896130346,0.1758691206543967,0.6509635974304069,0.8278008298755186,0.9051546391752576,0.9276859504132232,0.9024896265560166,0.9107142857142856,0.8279158699808795,0,0.766798418972332
Kellen Winslow 2,0.3405994550408719,0.8421052631578947,0.9618528610354224,0.991404011461318,0.983739837398374,0.9622166246851386,0.8906666666666667,0.8737623762376238,0.91846921797005,1,
Kelvin Martin,0.4875207986688852,0.696,0.883419689119171,0.9191374663072776,0.8940568475452196,0.8605898123324397,0.8544474393530997,0.8880208333333334,0.8135593220338984,0,0.7535885167464115
Ken Burrough,0.65,0.7947368421052632,0.8785046728971962,0.9276595744680852,0.9363295880149812,0.9755244755244756,0.9875,1.0,0.9940652818991098,0,0.9754768392370572
Ken Dilger,0.5036319612590799,0.7392344497607656,0.8564476885644768,0.8076923076923077,0.7927107061503417,0.7546728971962616,0.7353629976580797,0.7086092715231788,0.6528925619834711,0,0.7311608961303462
Kenneth Davis,0.0693069306930693,0.2695507487520798,0.264,0.349740932642487,0.398921832884097,0.4547803617571059,0.3083109919571045,0.3261455525606469,0.3307291666666667,1,
Kenny Britt,0.4876033057851239,0.8008298755186722,0.9007936507936508,0.864244741873805,0.7213438735177866,0.7948207171314741,0.8509803921568627,0.9349904397705544,0.887378640776699,1,
Kenny Stills,0.5316205533596838,0.8286852589641435,0.923529411764706,0.9292543021032504,0.8854368932038835,0.9194756554307116,0.8931860036832413,0.8738738738738738,0.7571942446043165,1,
Kevin Faulk,0.1184510250569476,0.3785046728971962,0.5480093676814989,0.6512141280353201,0.7231404958677686,0.745417515274949,0.6993865030674846,0.6895074946466809,0.7385892116182573,0,0.8268041237113402
Kevin Walter,0.1446280991735537,0.3238289205702647,0.591002044989775,0.6274089935760171,0.8029045643153527,0.9010309278350516,0.944214876033058,0.941908713692946,0.8908730158730159,0,0.8891013384321224
Keyshawn Johnson,0.6148325358851675,0.8637469586374696,0.9759615384615384,0.9931662870159452,0.9742990654205608,0.9531615925058547,0.9646799116997792,0.9524793388429752,0.9572301425661914,0,0.9059304703476484
Ki Jana Carter,0.1674641148325359,0.2992700729927007,0.3461538461538461,0.3029612756264236,0.1378504672897196,0.2224824355971897,0.1015452538631346,0.3553719008264462,0.1955193482688391,1,
Kimble Anders,0.2609819121447028,0.4638069705093833,0.6684636118598383,0.703125,0.7554479418886199,0.7966507177033493,0.8004866180048662,0.7307692307692307,0.5216400911161732,0,0.2546728971962617
Kris Mangum,0.1776155717761557,0.2211538461538461,0.4555808656036446,0.5373831775700935,0.65807962529274,0.6578366445916115,0.6673553719008265,0.714867617107943,0.7627811860940695,0,0.7430406852248393
Kyle Brady,0.3438256658595641,0.4760765550239234,0.6058394160583942,0.6033653846153846,0.7084282460136674,0.7897196261682243,0.8290398126463701,0.8763796909492274,0.7768595041322314,0,0.7128309572301426
Kyle Rudolph,0.3214285714285714,0.6998087954110899,0.841897233201581,0.7928286852589641,0.7666666666666667,0.8891013384321224,0.933980582524272,0.9456928838951312,0.9060773480662984,0,0.8522522522522522
Ladainian Tomlinson,0.0374707259953161,0.5143487858719646,0.859504132231405,0.9226069246435844,0.9100204498977504,0.8650963597430407,0.8796680497925311,0.8701030927835052,0.7975206611570248,0,0.7074688796680498
Ladell Betts,0.3002207505518763,0.5557851239669421,0.639511201629328,0.5991820040899796,0.6124197002141327,0.6742738589211619,0.7010309278350515,0.6818181818181818,0.6535269709543569,1,
Lamar Miller,0.1797323135755258,0.4031620553359684,0.5677290836653387,0.7058823529411765,0.7284894837476099,0.7766990291262136,0.6704119850187266,0.5267034990791897,0.2846846846846846,1,
Lamar Smith,0.2227602905569007,0.2535885167464115,0.4549878345498783,0.4471153846153846,0.6173120728929385,0.6285046728971962,0.5878220140515222,0.5673289183222958,0.4276859504132231,1,
Lamont Jordan,0.1194379391100702,0.4304635761589404,0.6053719008264463,0.6537678207739308,0.787321063394683,0.734475374732334,0.7634854771784232,0.4103092783505154,0.2871900826446281,1,
Lamont Warren,0.1510416666666666,0.4164648910411622,0.5550239234449761,0.583941605839416,0.5432692307692307,0.6059225512528473,0.4439252336448598,0.5409836065573771,0.4569536423841059,1,
Lance Kendricks,0.2738095238095238,0.621414913957935,0.7786561264822134,0.8087649402390438,0.7470588235294118,0.7839388145315488,0.7281553398058253,0.7340823970037453,0.6887661141804788,1,
Lance Moore,0.1798715203426124,0.5311203319502075,0.8494845360824742,0.878099173553719,0.925311203319502,0.8928571428571429,0.9560229445506692,0.9308300395256917,0.8884462151394422,0,0.7803921568627451
Larry Brown 6,0.0473684210526315,0.2289719626168224,0.3829787234042553,0.5805243445692884,0.6538461538461539,0.665625,0.4779874213836478,0.1928783382789317,0.0299727520435967,1,
Larry Centers,0.0723514211886304,0.3672922252010724,0.6657681940700808,0.8307291666666666,0.8958837772397095,0.9282296650717704,0.8905109489051095,0.8485576923076923,0.7835990888382688,0,0.7616822429906542
Larry Csonka,0.4625,0.5736842105263158,0.5700934579439252,0.451063829787234,0.348314606741573,0.1538461538461538,0.21875,0.2138364779874214,0.344213649851632,0,0.3896457765667575
Larry Fitzgerald,0.4867617107942973,0.8977505112474438,0.987152034261242,0.991701244813278,0.9938144329896909,0.993801652892562,0.995850622406639,0.996031746031746,0.994263862332696,0,0.982213438735178
Latavius Murray,0.199203187250996,0.3862745098039216,0.6481835564053537,0.6097087378640776,0.6292134831460674,0.6390423572744015,0.6630630630630631,0.6133093525179856,0.527306967984934,0,0.4568627450980392
Laveranues Coles,0.4392523364485981,0.8032786885245902,0.9624724061810156,0.9855371900826446,0.9816700610997964,0.9713701431492844,0.9443254817987152,0.9522821576763484,0.9525773195876288,0,0.9359504132231404
Lawrence Dawsey,0.6253229974160207,0.8418230563002681,0.876010781671159,0.8515625,0.8062953995157385,0.8349282296650717,0.5693430656934306,0.2668269230769231,0.3234624145785877,1,
Lawrence Mccutcheon,0.4723404255319149,0.7677902621722846,0.8426573426573427,0.85,0.7861635220125787,0.7418397626112759,0.6512261580381471,0.4238227146814404,0.3106267029972752,1,
Le Veon Bell,0.3537549407114624,0.7908366533864541,0.8490196078431372,0.892925430210325,0.8330097087378641,0.7734082397003745,0.7311233885819521,0.4882882882882883,0.6151079136690647,1,
Lee Smith,0.0912698412698412,0.3116634799235181,0.5375494071146245,0.5657370517928287,0.5509803921568628,0.4474187380497132,0.4776699029126213,0.50187265917603,0.585635359116022,0,0.5837837837837838
Legarrette Blount,0.0435684647302904,0.1130952380952381,0.1261950286806883,0.3399209486166007,0.3824701195219123,0.515686274509804,0.4627151051625239,0.4912621359223301,0.4044943820224719,1,
Lenvil Elliott,0.1489361702127659,0.4569288389513108,0.6398601398601399,0.725,0.7358490566037735,0.6498516320474778,0.6566757493188011,0.6121883656509696,0.4741144414168937,1,
Leo Lewis,0.2534059945504087,0.6160458452722063,0.6937669376693767,0.8690176322418136,0.8426666666666667,0.8811881188118812,0.8968386023294509,0.8346666666666667,0.7512953367875648,0,0.5902964959568733
Leon Washington,0.2612419700214132,0.5456431535269709,0.7402061855670103,0.7004132231404959,0.6224066390041494,0.4761904761904761,0.4340344168260038,0.2213438735177865,0.3386454183266932,1,
Leonard Harris,0.2153465346534653,0.6605657237936772,0.6666666666666666,0.7435233160621761,0.7439353099730458,0.751937984496124,0.7694369973190348,0.7412398921832885,0.7421875,1,
Leonard Thompson,0.184375,0.3144654088050314,0.5311572700296736,0.7356948228882834,0.850415512465374,0.8746594005449592,0.8968481375358166,0.9105691056910568,0.9319899244332494,0,0.9333333333333332
Leroy Hoard,0.2048517520215633,0.7131782945736435,0.7989276139410187,0.8059299191374663,0.7317708333333334,0.6973365617433414,0.6674641148325359,0.462287104622871,0.5408653846153846,0,0.4760820045558087
Lesean Mccoy,0.3367768595041322,0.7302904564315352,0.8472222222222222,0.8776290630975143,0.883399209486166,0.8247011952191236,0.7411764705882353,0.6940726577437859,0.7980582524271844,0,0.8202247191011236
Lin Dawson,0.2779291553133515,0.5988538681948424,0.6856368563685636,0.7909319899244333,0.6346666666666667,0.5445544554455446,0.4658901830282861,0.3813333333333333,0.5284974093264249,1,
Logan Paulsen,0.1348547717842323,0.3888888888888889,0.6481835564053537,0.66600790513834,0.5258964143426295,0.2176470588235294,0.1586998087954111,0.0796116504854368,0.3220973782771535,1,
Lorenzo Neal,0.0338541666666666,0.3268765133171913,0.430622009569378,0.4987834549878345,0.3677884615384615,0.4100227790432801,0.3878504672897196,0.4519906323185012,0.5165562913907285,0,0.506198347107438
Louis Lipps,0.3929471032745592,0.8586666666666667,0.948019801980198,0.9600665557404326,0.8826666666666667,0.917098445595855,0.9326145552560648,0.909560723514212,0.7211796246648794,1,
Louis Murphy,0.4731404958677686,0.7344398340248963,0.8253968253968254,0.7762906309751434,0.6403162055335968,0.5916334661354582,0.5843137254901961,0.5506692160611855,0.537864077669903,1,
Lousaka Polite,0.0957230142566191,0.2392638036809816,0.4132762312633833,0.3672199170124481,0.3030927835051546,0.2272727272727272,0.3692946058091286,0.2797619047619047,0.1892925430210325,1,
Luke Stocker,0.1865079365079365,0.4455066921606118,0.4407114624505929,0.3625498007968127,0.2803921568627451,0.4034416826003824,0.4077669902912621,0.5056179775280899,0.4751381215469613,0,0.5027027027027027
Lydell Mitchell,0.308411214953271,0.4765957446808511,0.8389513108614233,0.9265734265734266,0.959375,0.9559748427672956,0.9525222551928784,0.904632152588556,0.7119113573407202,1,
Lynn Swann,0.3895131086142322,0.8251748251748252,0.93125,0.9779874213836478,0.9792284866468842,0.9863760217983653,0.9778393351800554,0.9237057220708448,0.8825214899713467,1,
Macarthur Lane,0.8125,0.8526315789473684,0.8457943925233645,0.7872340425531915,0.8239700374531835,0.7972027972027972,0.89375,0.7830188679245284,0.8071216617210683,1,
Mack Alston,0.2684210526315789,0.4299065420560747,0.6382978723404256,0.7453183520599251,0.7657342657342657,0.73125,0.5188679245283019,0.4896142433234421,0.4332425068119891,1,
Mack Strong,0.0026041666666666,0.0920096852300242,0.2631578947368421,0.4939172749391727,0.3822115384615384,0.296127562642369,0.2733644859813084,0.4402810304449648,0.5518763796909493,0,0.6239669421487604
Malcom Floyd,0.2097759674134419,0.1983640081799591,0.4903640256959314,0.5269709543568465,0.7793814432989691,0.8615702479338843,0.9232365145228216,0.9523809523809524,0.9445506692160612,0,0.9189723320158104
Marc Edwards,0.0681265206812652,0.3870192307692308,0.6127562642369021,0.6098130841121495,0.5245901639344263,0.4746136865342163,0.6115702479338843,0.5926680244399185,0.5971370143149284,1,
Marc Logan,0.1547420965058236,0.184,0.3367875647668393,0.3773584905660377,0.2299741602067183,0.2493297587131367,0.4204851752021563,0.5598958333333334,0.6997578692493946,0,0.69377990430622
Marcus Allen,0.5587392550143266,0.7046070460704607,0.9143576826196472,0.8933333333333333,0.8836633663366337,0.8985024958402662,0.7093333333333334,0.5958549222797928,0.4636118598382749,0,0.5116279069767442
Marcus Pollard,0.2703349282296651,0.4890510948905109,0.7644230769230769,0.7334851936218679,0.764018691588785,0.8571428571428571,0.9094922737306844,0.9090909090909092,0.8533604887983707,0,0.8670756646216768
Marcus Robinson,0.1682692307692307,0.8177676537585421,0.9205607476635514,0.9344262295081968,0.8211920529801324,0.8161157024793388,0.8635437881873728,0.9038854805725972,0.8629550321199143,1,
Mark Bavaro,0.4106666666666667,0.7623762376237624,0.940099833610649,0.912,0.8937823834196891,0.8517520215633423,0.6821705426356589,0.6648793565683646,0.692722371967655,0,0.8098958333333334
Mark Bruener,0.3196125907990315,0.5287081339712919,0.6447688564476886,0.6201923076923077,0.5763097949886105,0.6588785046728972,0.6487119437939111,0.6048565121412803,0.4752066115702479,0,0.4562118126272912
Mark Campbell,0.3394077448747152,0.4532710280373832,0.4754098360655737,0.4194260485651214,0.5785123966942148,0.7026476578411406,0.6768916155419223,0.6338329764453962,0.45850622406639,0,0.5051546391752577
Mark Carrier 2,0.6356073211314476,0.8186666666666667,0.9585492227979274,0.9622641509433962,0.9431524547803618,0.8847184986595175,0.9002695417789758,0.9322916666666666,0.9588377723970944,0,0.9425837320574164
Mark Clayton 2,0.2411924119241192,0.853904282115869,0.9466666666666668,0.995049504950495,0.9916805324459236,0.9973333333333332,0.9922279792746114,0.9757412398921832,0.9819121447028424,0,0.9463806970509384
Mark Duper,0.6829268292682927,0.9445843828715366,0.9893333333333332,1.0,0.9900166389351082,0.9866666666666668,0.9481865284974094,0.9272237196765498,0.9638242894056848,0,0.9731903485254692
Mark Ingram,0.1369047619047619,0.2982791586998088,0.4426877470355731,0.3525896414342629,0.5411764705882353,0.6959847036328872,0.8097087378640777,0.7584269662921348,0.7495395948434622,0,0.6306306306306306
Mark Ingram 2,0.3960066555740432,0.4186666666666667,0.6839378238341969,0.7762803234501348,0.8914728682170543,0.8820375335120644,0.8598382749326146,0.84375,0.8353510895883777,0,0.8181818181818182
Mark Jackson 2,0.4405940594059406,0.8352745424292846,0.9146666666666666,0.927461139896373,0.9299191374663072,0.9147286821705426,0.9517426273458444,0.9487870619946092,0.8958333333333334,1,
Mark Van Eeghen,0.0861423220973782,0.2727272727272727,0.490625,0.5251572327044025,0.6201780415430267,0.7629427792915532,0.7645429362880887,0.6730245231607629,0.5128939828080229,0,0.4823848238482385
Marques Colston,0.6659528907922913,0.91701244813278,0.9835051546391752,0.9648760330578512,0.9730290456431536,0.98015873015873,0.9674952198852772,0.9446640316205532,0.9442231075697212,0,0.9392156862745098
Marquise Goodwin,0.2964426877470356,0.5358565737051793,0.707843137254902,0.7762906309751434,0.883495145631068,0.9213483146067416,0.8968692449355433,0.6162162162162163,0.5017985611510791,0,0.5800376647834274
Marshall Faulk,0.4427083333333333,0.6658595641646489,0.7799043062200957,0.7445255474452555,0.8509615384615384,0.9339407744874716,0.9672897196261684,0.9578454332552692,0.9227373068432672,0,0.8636363636363636
Marshawn Lynch,0.2240663900414937,0.5628865979381443,0.7045454545454546,0.6058091286307054,0.5456349206349206,0.5334608030592735,0.6936758893280632,0.6832669322709163,0.6352941176470588,0,0.4263862332695984
Martellus Bennett,0.3587628865979381,0.5537190082644629,0.6991701244813278,0.5793650793650794,0.7418738049713193,0.8557312252964426,0.9342629482071712,0.903921568627451,0.9158699808795412,0,0.8155339805825242
Marty Booker,0.3599088838268792,0.5794392523364486,0.8384074941451991,0.9492273730684326,0.96900826446281,0.9613034623217924,0.9263803680981596,0.9164882226980728,0.9232365145228216,0,0.8680412371134021
Marvin Harrison,0.5980861244019139,0.8491484184914841,0.9519230769230768,0.9817767653758542,0.9953271028037384,1.0,1.0,1.0,1.0,0,0.9959100204498976
Marvin Jones,0.2753346080305927,0.7193675889328063,0.7091633466135459,0.8137254901960784,0.864244741873805,0.9786407766990292,0.9719101123595506,0.9613259668508288,0.9495495495495496,0,0.9658273381294964
Matt Forte,0.4412371134020618,0.6983471074380165,0.8174273858921162,0.7936507936507936,0.8107074569789675,0.8616600790513834,0.896414342629482,0.8960784313725491,0.858508604206501,0,0.7592233009708738
Matt Spaeth,0.2406639004149377,0.4164948453608247,0.4628099173553719,0.3983402489626556,0.4087301587301587,0.4990439770554493,0.5434782608695652,0.5418326693227091,0.5392156862745098,1,
Matt Suhey,0.1024930747922437,0.1525885558583106,0.4613180515759312,0.5365853658536586,0.5390428211586902,0.4693333333333333,0.5668316831683168,0.7271214642262895,0.5333333333333333,0,0.4507772020725388
Matthew Slater,0.0329896907216494,0.0516528925619834,0.0414937759336099,0.3492063492063492,0.372848948374761,0.3636363636363636,0.0079681274900398,0.0176470588235294,0.0325047801147227,1,
Maurice Jones Drew,0.3854389721627409,0.6867219917012448,0.8350515463917526,0.8202479338842975,0.8112033195020747,0.7857142857142857,0.7055449330783938,0.6818181818181818,0.5577689243027888,1,
Maurice Morris,0.0993377483443708,0.3140495867768595,0.4297352342158859,0.5316973415132924,0.4732334047109208,0.6037344398340249,0.5773195876288659,0.6652892561983471,0.6037344398340249,0,0.6309523809523809
Mel Gray 2,0.7157894736842105,0.7149532710280374,0.902127659574468,0.9213483146067416,0.9895104895104896,0.99375,0.9937106918238994,0.973293768545994,0.9564032697547684,0,0.9141274238227148
Melvin Gordon,0.1352941176470588,0.5564053537284895,0.8019417475728156,0.8820224719101124,0.8655616942909761,0.6756756756756757,0.5413669064748201,0.5141242937853108,0.6647058823529411,1,
Mewelde Moore,0.2810590631364562,0.6094069529652352,0.8222698072805139,0.7697095435684648,0.7257731958762886,0.6198347107438017,0.6950207468879668,0.6011904761904762,0.6022944550669216,1,
Michael Bennett 2,0.3302107728337236,0.6313465783664459,0.7355371900826446,0.7209775967413442,0.656441717791411,0.5717344753747323,0.3900414937759336,0.2639175257731959,0.3223140495867768,0,0.3464730290456431
Michael Crabtree,0.3946280991735537,0.7883817427385892,0.9424603174603174,0.977055449330784,0.9426877470355732,0.9382470119521912,0.915686274509804,0.9407265774378584,0.9436893203883496,0,0.9307116104868914
Michael Haynes 2,0.3413333333333333,0.7538860103626943,0.8814016172506739,0.96640826873385,0.9865951742627346,0.9919137466307276,0.9765625,0.9515738498789348,0.9401913875598086,0,0.8588807785888077
Michael Irvin,0.5173333333333333,0.7772020725388601,0.8840970350404312,0.917312661498708,0.9892761394101875,1.0,1.0,0.9975786924939468,0.9880382775119616,0,0.9927007299270072
Michael Jenkins,0.2443991853360488,0.6441717791411042,0.8308351177730193,0.8838174273858921,0.8989690721649485,0.9235537190082644,0.9128630705394192,0.8392857142857143,0.8355640535372849,1,
Michael Pittman,0.2847380410022779,0.5280373831775701,0.6791569086651054,0.7682119205298014,0.8264462809917356,0.8431771894093686,0.8077709611451943,0.7794432548179872,0.7053941908713693,0,0.6659793814432989
Michael Turner,0.0631364562118126,0.0572597137014314,0.2483940042826552,0.3506224066390041,0.4969072164948453,0.3884297520661157,0.412863070539419,0.5059523809523809,0.5621414913957935,1,
Micheal Spurlock,0.1541755888650963,0.1867219917012448,0.1443298969072164,0.0433884297520661,0.3278008298755187,0.375,0.5889101338432122,0.3102766798418972,0.3147410358565737,1,
Mickey Shuler 2,0.172106824925816,0.4604904632152589,0.6481994459833795,0.4686648501362397,0.5787965616045845,0.6043360433604336,0.8916876574307305,0.9173333333333332,0.9455445544554456,0,0.9234608985024958
Mike Alstott,0.2655502392344497,0.4501216545012165,0.5745192307692307,0.5558086560364465,0.5490654205607477,0.4964871194379391,0.4105960264900662,0.4586776859504132,0.5274949083503055,0,0.6155419222903885
Mike Barber,0.2295597484276729,0.6142433234421365,0.8065395095367848,0.9002770083102493,0.8446866485013624,0.8108882521489972,0.7696476964769647,0.6171284634760705,0.5386666666666666,1,
Mike Bartrum,0.1363636363636363,0.1119221411192214,0.1322115384615384,0.1594533029612756,0.1518691588785046,0.4332552693208431,0.2450331125827814,0.268595041322314,0.2036659877800407,0,0.3190184049079754
Mike Pritchard,0.3359173126614987,0.6595174262734584,0.8409703504043127,0.8333333333333334,0.801452784503632,0.784688995215311,0.8321167883211679,0.8533653846153846,0.8656036446469249,1,
Mike Pruitt,0.096875,0.1509433962264151,0.3264094955489614,0.5885558583106267,0.7590027700831025,0.7384196185286104,0.664756446991404,0.5311653116531165,0.4634760705289673,0,0.328
Mike Quick,0.3438395415472779,0.8807588075880759,0.982367758186398,1.0,0.9975247524752476,0.9883527454242927,0.9493333333333334,0.911917098445596,0.8436657681940701,1,
Mike Renfro,0.4124629080118694,0.6730245231607629,0.8116343490304709,0.7193460490463215,0.7965616045845272,0.7588075880758808,0.8841309823677582,0.864,0.900990099009901,0,0.9317803660565724
Mike Sellers,0.0336538461538461,0.2118451025056947,0.4976635514018692,0.6557377049180327,0.5055187637969095,0.2458677685950413,0.2321792260692464,0.4948875255623722,0.6081370449678801,0,0.5871369294605809
Mike Sherrard,0.5965346534653465,0.7321131447587355,0.568,0.0155440414507772,0.320754716981132,0.6227390180878553,0.8042895442359249,0.8436657681940701,0.9296875,0,0.9176755447941888
Mike Siani,0.5607476635514018,0.8680851063829788,0.8838951310861424,0.8216783216783217,0.6625,0.7672955974842768,0.7596439169139466,0.7656675749318801,0.6897506925207756,1,
Mike Tice,0.0980926430517711,0.1489971346704871,0.1924119241192411,0.3123425692695214,0.2426666666666666,0.4975247524752475,0.6222961730449251,0.5146666666666667,0.3575129533678756,0,0.1590296495956873
Mike Tolbert,0.311340206185567,0.5826446280991735,0.7385892116182573,0.748015873015873,0.745697896749522,0.7351778656126482,0.6713147410358565,0.6254901960784314,0.5889101338432122,0,0.5728155339805825
Mike Vrabel,0.2163355408388521,0.2314049586776859,0.4012219959266802,0.4089979550102249,0.3940042826552462,0.429460580912863,0.1752577319587628,0.390495867768595,0.3651452282157676,1,
Mike Wallace,0.5082644628099173,0.8775933609958506,0.9861111111111112,0.9866156787762906,0.9683794466403162,0.9482071713147412,0.9352941176470588,0.9311663479923518,0.941747572815534,0,0.8558052434456929
Mike Wilson,0.2588555858310626,0.4727793696275071,0.6775067750677507,0.7304785894206549,0.784,0.7747524752475248,0.8885191347753744,0.864,0.8005181347150259,0,0.5417789757412399
Mike Young,0.0586666666666666,0.2326732673267326,0.6239600665557404,0.368,0.6373056994818653,0.7196765498652291,0.8733850129198967,0.7774798927613941,0.7520215633423181,1,
Miles Austin,0.2344398340248962,0.6020618556701031,0.9173553719008264,0.979253112033195,0.9821428571428572,0.9502868068833652,0.8893280632411067,0.8745019920318725,0.7764705882352941,1,
Moe Williams,0.024330900243309,0.5072115384615384,0.6742596810933941,0.705607476635514,0.6159250585480094,0.5982339955849889,0.8243801652892562,0.8065173116089613,0.8057259713701431,1,
Mohamed Sanu,0.3040152963671128,0.6047430830039525,0.8545816733067729,0.8568627450980392,0.9005736137667304,0.8757281553398059,0.9176029962546816,0.9097605893186004,0.8432432432432433,0,0.7805755395683454
Mosi Tatupu,0.0435967302452316,0.0941828254847645,0.2479564032697547,0.1747851002865329,0.3170731707317073,0.3476070528967254,0.4373333333333333,0.4603960396039604,0.6256239600665557,0,0.416
Muhsin Muhammad,0.3971291866028708,0.656934306569343,0.8413461538461539,0.908883826879271,0.955607476635514,0.927400468384075,0.9183222958057397,0.871900826446281,0.955193482688391,0,0.9406952965235174
Nat Moore,0.6142322097378277,0.8881118881118881,0.95625,0.9842767295597484,0.9910979228486648,0.989100817438692,0.9473684210526316,0.9209809264305178,0.8252148997134671,0,0.8455284552845529
Nate Burleson,0.4070247933884297,0.8268839103869654,0.8997955010224948,0.880085653104925,0.8298755186721992,0.7958762886597938,0.8491735537190083,0.8070539419087137,0.876984126984127,0,0.8527724665391969
Nate Washington,0.0388548057259713,0.4925053533190578,0.7676348547717843,0.911340206185567,0.8946280991735537,0.9149377593360996,0.9503968253968254,0.9541108986615678,0.9486166007905138,0,0.9322709163346612
Nathan Poole,0.0,0.0,0.0,0.0114613180515759,0.1056910569105691,0.1108312342569269,0.0933333333333333,0.0148514851485148,0.0998336106489184,1,
Nick Lalonde Bellore,0.3135755258126195,0.2806324110671936,0.2689243027888446,0.0039215686274509,0.0095602294455066,0.1611650485436893,0.3539325842696629,0.5985267034990792,0.6054054054054054,0,0.5107913669064749
Norm Bulaich,0.36875,0.6157894736842106,0.6401869158878505,0.7702127659574468,0.7715355805243446,0.8671328671328671,0.78125,0.7327044025157232,0.5667655786350149,0,0.5122615803814714
O J Simpson,0.48125,0.5947368421052631,0.6915887850467289,0.625531914893617,0.6404494382022472,0.7692307692307693,0.834375,0.7987421383647799,0.6379821958456974,0,0.5258855585831063
Ottis Anderson,0.3678474114441417,0.5872576177285319,0.6948228882833788,0.5931232091690545,0.6693766937669376,0.7481108312342569,0.7706666666666667,0.6262376237623762,0.5607321131447587,0,0.1706666666666666
Owen Daniels,0.3618843683083512,0.6452282157676349,0.8371134020618557,0.8471074380165289,0.8796680497925311,0.8849206349206349,0.9196940726577438,0.8992094861660079,0.8764940239043825,0,0.8411764705882353
Ozzie Newsome,0.486646884272997,0.8310626702997275,0.9196675900277008,0.9673024523160764,0.9799426934097422,0.989159891598916,0.9874055415617128,0.9653333333333334,0.938118811881188,0,0.9051580698835274
Pat Beach,0.1891117478510028,0.3523035230352303,0.3954659949622166,0.3786666666666666,0.3910891089108911,0.7287853577371048,0.4746666666666667,0.4637305699481865,0.4016172506738544,0,0.4935400516795866
Pat Carter,0.1626666666666666,0.1917098445595854,0.3477088948787062,0.2661498708010336,0.5630026809651475,0.6469002695417789,0.6510416666666666,0.4261501210653753,0.5,0,0.4793187347931874
Pat Curran,0.1375,0.1684210526315789,0.1775700934579439,0.2595744680851063,0.1835205992509363,0.6468531468531469,0.765625,0.8050314465408805,0.6231454005934718,1,
Pat Tilley,0.484375,0.5283018867924528,0.8486646884272997,0.9128065395095368,0.9806094182825484,0.9700272479564032,0.9656160458452722,0.956639566395664,0.9370277078085644,0,0.9413333333333334
Paul Coffman,0.6130790190735694,0.7811634349030471,0.9019073569482288,0.8653295128939829,0.9322493224932248,0.9345088161209067,0.9386666666666666,0.8143564356435643,0.7653910149750416,1,
Paul Skansi,0.1517615176151761,0.380352644836272,0.6373333333333333,0.7029702970297029,0.8086522462562395,0.6506666666666666,0.7642487046632125,0.7681940700808625,0.7260981912144703,1,
Peerless Price,0.428246013667426,0.6565420560747663,0.8665105386416861,0.9448123620309052,0.9669421487603306,0.959266802443992,0.8895705521472392,0.7944325481798715,0.6929460580912863,1,
Pete Banaszak,0.0375,0.3526315789473684,0.4158878504672897,0.4851063829787234,0.4007490636704119,0.3776223776223776,0.43125,0.3805031446540881,0.3768545994065282,1,
Pete Holohan,0.2070844686648501,0.160458452722063,0.4552845528455284,0.7229219143576826,0.8373333333333334,0.8589108910891089,0.8718801996672213,0.8533333333333334,0.8212435233160622,0,0.8328840970350404
Pete Metzelaars,0.0601719197707736,0.2547425474254742,0.3879093198992443,0.4186666666666667,0.5470297029702971,0.632279534109817,0.6186666666666667,0.5803108808290155,0.6765498652291105,0,0.5968992248062015
Phillip Dorsett,0.2588235294117647,0.6022944550669216,0.7553398058252427,0.7771535580524345,0.8103130755064457,0.645045045045045,0.539568345323741,0.448210922787194,0.4627450980392157,1,
Pierre Garcon,0.1319587628865979,0.640495867768595,0.8692946058091287,0.9464285714285714,0.9388145315487572,0.950592885375494,0.9581673306772908,0.9647058823529412,0.9579349904397706,0,0.9514563106796116
Pierre Thomas,0.2738589211618257,0.5855670103092784,0.7541322314049587,0.7655601659751037,0.7797619047619048,0.8221797323135756,0.8675889328063241,0.8426294820717132,0.7725490196078432,1,
Plaxico Burress,0.2009345794392523,0.7189695550351288,0.9293598233995584,0.956611570247934,0.9511201629327902,0.9447852760736196,0.9507494646680942,0.979253112033195,0.9505154639175256,0,0.8409090909090909
Priest Holmes,0.2067307692307692,0.4533029612756264,0.5841121495327103,0.6346604215456675,0.8388520971302428,0.9276859504132232,0.9287169042769856,0.8588957055214724,0.5653104925053534,0,0.3692946058091286
Qadry Ismail,0.3045822102425876,0.7291666666666666,0.8765133171912833,0.9114832535885168,0.7372262773722628,0.4158653846153846,0.5831435079726651,0.822429906542056,0.955503512880562,0,0.93598233995585
Quinn Early,0.24,0.4481865284974093,0.660377358490566,0.7441860465116279,0.8659517426273459,0.9137466307277629,0.9557291666666666,0.9685230024213076,0.9569377990430622,0,0.9708029197080292
Raghib Ismail,0.3611859838274933,0.71875,0.8837772397094431,0.8660287081339713,0.8418491484184915,0.8581730769230769,0.929384965831435,0.9299065420560748,0.9156908665105388,1,
Randall Cobb,0.369047619047619,0.7992351816443595,0.9150197628458498,0.9681274900398408,0.9666666666666668,0.977055449330784,0.9398058252427184,0.8913857677902621,0.8839779005524862,0,0.8648648648648649
Randy Jordan,0.0646900269541779,0.0677083333333333,0.4043583535108959,0.3110047846889952,0.2725060827250608,0.0120192307692307,0.164009111617312,0.4836448598130841,0.5667447306791569,0,0.5342163355408388
Randy Mcmichael,0.4547461368653421,0.768595041322314,0.8839103869653768,0.8957055214723927,0.8865096359743041,0.8817427385892116,0.822680412371134,0.7747933884297521,0.7261410788381742,0,0.753968253968254
Randy Moss,0.7788461538461539,0.9498861047835992,1.0,0.9976580796252928,0.9955849889624724,0.9958677685950412,0.9979633401221996,0.9979550102249488,0.9528907922912204,0,0.9875518672199172
Ray Butler,0.4155124653739612,0.8555858310626703,0.9197707736389684,0.9214092140921408,0.906801007556675,0.8773333333333333,0.905940594059406,0.9101497504159732,0.8746666666666667,1,
Raymond Chester,0.94375,0.9421052631578948,0.9626168224299064,0.9319148936170212,0.898876404494382,0.8531468531468531,0.9125,0.9182389937106918,0.8635014836795252,0,0.9019073569482288
Reggie Bush,0.5845824411134903,0.7987551867219918,0.909278350515464,0.8450413223140496,0.7966804979253111,0.7698412698412699,0.739961759082218,0.8300395256916996,0.8127490039840638,0,0.7215686274509804
Reggie Kelly 2,0.3302961275626423,0.5514018691588785,0.6627634660421545,0.6291390728476821,0.5661157024793388,0.5417515274949084,0.4171779141104294,0.5417558886509636,0.6348547717842323,0,0.6845360824742268
Reggie Langhorne,0.1733333333333333,0.6361386138613861,0.8602329450915142,0.872,0.8341968911917098,0.8463611859838275,0.8527131782945736,0.8793565683646113,0.8840970350404312,1,
Reggie Rucker,0.7,0.5842105263157895,0.8177570093457944,0.9234042553191488,0.9775280898876404,0.958041958041958,0.9625,0.9528301886792452,0.9643916913946587,0,0.9645776566757494
Reggie Wayne,0.4215456674473068,0.7328918322295805,0.9132231404958676,0.9735234215885948,0.983640081799591,0.9935760171306208,0.983402489626556,0.9958762886597938,0.9979338842975206,0,0.9979253112033196
Rex Burkhead,0.1334661354581673,0.3411764705882353,0.5105162523900574,0.6019417475728155,0.5692883895131086,0.6372007366482505,0.590990990990991,0.6438848920863309,0.64030131826742,1,
Rich Caster,0.81875,0.9578947368421052,0.9766355140186916,0.9829787234042552,0.99625468164794,0.9825174825174824,0.965625,0.9056603773584906,0.8249258160237388,0,0.7874659400544959
Rich Mcgeorge,0.325,0.7578947368421053,0.7429906542056075,0.8085106382978723,0.7640449438202247,0.8391608391608392,0.853125,0.7578616352201258,0.6735905044510386,1,
Richard Rodgers,0.2609561752988047,0.6745098039215687,0.8221797323135756,0.7844660194174757,0.6666666666666666,0.4696132596685083,0.5297297297297298,0.3920863309352518,0.4369114877589454,1,
Richie Anderson,0.3046875,0.3656174334140435,0.6267942583732058,0.4817518248175182,0.5240384615384616,0.4988610478359909,0.6985981308411215,0.7423887587822015,0.717439293598234,0,0.7644628099173554
Rick Kane,0.2830188679245283,0.4362017804154303,0.5967302452316077,0.4182825484764543,0.5231607629427792,0.4813753581661891,0.4905149051490515,0.3173803526448362,0.32,1,
Rick Upchurch,0.583916083916084,0.775,0.8553459119496856,0.7774480712166172,0.8555858310626703,0.8836565096952909,0.9291553133514986,0.836676217765043,0.8699186991869918,1,
Rick Walker,0.10062893081761,0.3353115727002967,0.4196185286103542,0.4349030470914127,0.44141689373297,0.501432664756447,0.5772357723577236,0.5843828715365239,0.4266666666666667,1,
Rickey Dudley,0.3421052631578947,0.7761557177615572,0.8653846153846154,0.9248291571753986,0.8574766355140186,0.8126463700234192,0.6975717439293598,0.6260330578512396,0.615071283095723,1,
Rickey Young,0.2902097902097902,0.65625,0.8333333333333334,0.9287833827893176,0.9400544959128064,0.925207756232687,0.7520435967302452,0.6504297994269341,0.5392953929539296,1,
Ricky Feacher,0.18125,0.1698113207547169,0.3709198813056379,0.3978201634877384,0.6620498614958449,0.8228882833787466,0.9025787965616046,0.8997289972899729,0.8942065491183879,1,
Ricky Proehl,0.5579514824797843,0.8578811369509044,0.8873994638069705,0.9029649595687332,0.8671875,0.8523002421307506,0.7583732057416268,0.7834549878345499,0.8798076923076923,0,0.876993166287016
Ricky Sanders,0.448019801980198,0.8685524126455907,0.9626666666666668,0.9870466321243524,0.9892183288409704,0.9689922480620154,0.9571045576407506,0.9514824797843666,0.921875,0,0.7941888619854721
Ricky Watters,0.3914209115281501,0.6415094339622641,0.8463541666666666,0.7893462469733656,0.80622009569378,0.7177615571776156,0.7860576923076923,0.744874715261959,0.7686915887850467,0,0.765807962529274
Ricky Williams,0.1890660592255125,0.5467289719626168,0.6932084309133489,0.7792494481236203,0.7272727272727273,0.5743380855397149,0.3660531697341513,0.145610278372591,0.1804979253112033,0,0.2144329896907216
Riley Odoms,0.4065420560747663,0.8127659574468085,0.9662921348314608,0.965034965034965,0.94375,0.9119496855345912,0.9258160237388724,0.9346049046321526,0.9168975069252078,0,0.8637602179836512
Rob Carpenter 2,0.2987421383647798,0.4510385756676557,0.6076294277929155,0.6343490304709142,0.6539509536784741,0.5644699140401146,0.5528455284552846,0.5617128463476071,0.6186666666666667,1,
Rob Gronkowski,0.4211618257261411,0.8869047619047619,0.9751434034416826,0.974308300395257,0.9641434262948207,0.992156862745098,0.9866156787762906,0.9805825242718448,0.9438202247191012,0,0.861878453038674
Rob Moore,0.4339622641509434,0.813953488372093,0.9249329758713136,0.9595687331536388,0.9609375,0.9661016949152542,0.9688995215311004,0.9902676399026764,0.997596153846154,0,0.9886104783599088
Robb Thomas,0.0880829015544041,0.5013477088948787,0.7648578811369509,0.7587131367292225,0.6576819407008087,0.5234375,0.6900726392251816,0.777511961722488,0.7518248175182481,0,0.7427884615384616
Robert Brooks,0.163538873994638,0.4123989218328841,0.7473958333333334,0.953995157384988,0.9545454545454546,0.978102189781022,0.9014423076923076,0.8451025056947609,0.6612149532710281,1,
Robert Newhouse,0.0514018691588785,0.2765957446808511,0.4344569288389513,0.6153846153846154,0.59375,0.6194968553459119,0.5608308605341247,0.5694822888283378,0.4653739612188365,0,0.5040871934604905
Robert Tate,0.2115384615384615,0.2779043280182232,0.2850467289719626,0.018735362997658,0.0110375275938189,0.0082644628099173,0.0,0.0081799591002045,0.032119914346895,1,
Rock Cartwright,0.2538631346578366,0.4648760330578512,0.4134419551934827,0.3067484662576687,0.1284796573875803,0.1535269709543568,0.045360824742268,0.3409090909090909,0.3962655601659751,0,0.4722222222222222
Rod Bernstine,0.2529118136439268,0.432,0.6424870466321243,0.6576819407008087,0.6356589147286822,0.4986595174262734,0.6388140161725068,0.6041666666666666,0.6416464891041163,1,
Rod Smith 2,0.3946731234866828,0.6411483253588517,0.8832116788321168,0.939903846153846,0.979498861047836,0.983644859813084,0.990632318501171,0.9911699779249448,0.9793388429752066,0,0.9755600814663952
Roddy White,0.3415132924335378,0.6638115631691649,0.8858921161825726,0.9443298969072164,0.9855371900826446,0.9937759336099584,0.998015873015873,0.9980879541108988,0.9703557312252964,0,0.9262948207171314
Rodney Holman,0.1862464183381088,0.3712737127371274,0.5541561712846348,0.6933333333333334,0.806930693069307,0.9118136439267888,0.8586666666666667,0.9067357512953368,0.9029649595687332,0,0.9018087855297158
Roger Carr,0.4868913857677903,0.7727272727272727,0.96875,0.949685534591195,0.9554896142433236,0.8419618528610354,0.9113573407202216,0.896457765667575,0.9054441260744984,0,0.8672086720867209
Roger Craig,0.2710027100271002,0.6750629722921915,0.912,0.915841584158416,0.930116472545757,0.7386666666666667,0.7409326424870466,0.5876010781671159,0.661498708010336,0,0.4825737265415549
Ron Hall,0.4692179700499168,0.6346666666666667,0.8082901554404145,0.8194070080862533,0.7183462532299741,0.7184986595174263,0.7035040431266847,0.6822916666666666,0.5326876513317191,1,
Ron Jessie,0.3789473684210526,0.6728971962616822,0.8425531914893617,0.9438202247191012,0.944055944055944,0.971875,0.8930817610062893,0.9080118694362018,0.8147138964577657,0,0.7728531855955678
Ron Wolfley,0.0826666666666666,0.3539603960396039,0.6405990016638935,0.4133333333333333,0.3523316062176165,0.2264150943396226,0.0956072351421188,0.0831099195710455,0.1967654986522911,1,
Ronnie Brown,0.2290388548057259,0.5139186295503212,0.7738589211618258,0.7938144329896907,0.7520661157024794,0.6846473029045643,0.4583333333333333,0.5831739961759083,0.5355731225296443,0,0.6075697211155379
Ronnie Harmon,0.2029702970297029,0.7154742096505824,0.7626666666666667,0.8186528497409327,0.7816711590296496,0.7958656330749354,0.8123324396782842,0.8463611859838275,0.8984375,0,0.9079903147699758
Roosevelt Leaks,0.0349650349650349,0.1625,0.3490566037735849,0.4480712166172106,0.5068119891008175,0.4376731301939058,0.335149863760218,0.3610315186246418,0.3956639566395664,1,
Roy Green,0.1362397820163488,0.0914127423822714,0.6457765667574932,0.8424068767908309,0.964769647696477,0.9924433249370276,0.9786666666666668,0.9529702970297028,0.9284525790349416,0,0.952
Russ Francis,0.6223776223776224,0.81875,0.8836477987421384,0.8664688427299704,0.8801089918256131,0.9058171745152356,0.7220708446866485,0.6446991404011462,0.4336043360433604,0,0.6473551637279596
Ryan Francis Griffin,0.3122529644268774,0.4960159362549801,0.711764705882353,0.7131931166347992,0.7165048543689321,0.7490636704119851,0.7918968692449355,0.7657657657657657,0.7014388489208633,0,0.4915254237288136
Ryan Tannehill,0.0537848605577689,0.1137254901960784,0.1128107074569789,0.0815533980582524,0.1910112359550561,0.1823204419889502,0.2504504504504504,0.0449640287769784,0.0451977401129943,0,0.0176470588235294
Sam Cunningham,0.2808510638297872,0.5842696629213483,0.7342657342657343,0.784375,0.8207547169811321,0.798219584569733,0.782016348773842,0.5124653739612188,0.3433242506811989,1,
Sam Gash,0.1320754716981132,0.3359375,0.5690072639225182,0.645933014354067,0.7007299270072993,0.7211538461538461,0.6924829157175398,0.5864485981308412,0.522248243559719,0,0.2008830022075055
Sam Mccullum,0.3670411985018726,0.4685314685314685,0.778125,0.779874213836478,0.8813056379821959,0.8910081743869209,0.9307479224376732,0.9155313351498636,0.8223495702005731,0,0.7371273712737128
Sammy Morris,0.1308411214953271,0.2786885245901639,0.5695364238410596,0.5909090909090909,0.6211812627291242,0.5357873210633947,0.449678800856531,0.3962655601659751,0.4824742268041237,0,0.609504132231405
Sammy Watkins,0.5776892430278885,0.884313725490196,0.9502868068833652,0.9495145631067962,0.9119850187265918,0.9116022099447514,0.8612612612612612,0.814748201438849,0.768361581920904,1,
Sammy White,0.74375,0.940251572327044,1.0,0.9782016348773842,0.9556786703601108,0.9482288828337876,0.97134670487106,0.959349593495935,0.9269521410579346,0,0.7493333333333333
Sammy Winder,0.1948424068767908,0.2953929539295393,0.5516372795969773,0.4346666666666666,0.6163366336633663,0.6455906821963394,0.48,0.3834196891191709,0.4123989218328841,1,
Santana Moss,0.3395784543325527,0.695364238410596,0.9049586776859504,0.9531568228105908,0.9877300613496932,0.9850107066381156,0.9688796680497924,0.9463917525773196,0.9421487603305784,0,0.95850622406639
Santonio Holmes,0.582441113490364,0.8692946058091287,0.9484536082474226,0.9669421487603306,0.9647302904564315,0.9603174603174603,0.858508604206501,0.8162055335968379,0.7430278884462151,1,
Sean Dawkins,0.4636118598382749,0.7578125,0.9128329297820824,0.9090909090909092,0.902676399026764,0.8822115384615384,0.9225512528473804,0.927570093457944,0.882903981264637,1,
Shannon Sharpe,0.2695417789757412,0.6149870801033591,0.8096514745308311,0.908355795148248,0.9583333333333334,0.9636803874092008,0.944976076555024,0.9416058394160584,0.9615384615384616,0,0.9020501138952164
Shaun Alexander,0.1214953271028037,0.48711943793911,0.7373068432671082,0.8223140495867769,0.7942973523421588,0.7014314928425358,0.4710920770877944,0.3838174273858921,0.3422680412371134,1,
Shawn Jefferson,0.1860465116279069,0.5924932975871313,0.7601078167115903,0.8619791666666666,0.8886198547215496,0.8971291866028708,0.8734793187347932,0.8894230769230769,0.9316628701594531,0,0.9415887850467288
Stacey Bailey,0.0630372492836676,0.6151761517615176,0.9093198992443324,0.936,0.8391089108910891,0.800332778702163,0.8213333333333334,0.8523316062176166,0.8005390835579514,1,
Stanford Jennings,0.3249370277078086,0.5093333333333333,0.6881188118811881,0.8053244592346089,0.664,0.6709844559585493,0.5444743935309974,0.3410852713178294,0.257372654155496,1,
Stanley Morgan 2,0.5094339622641509,0.8397626112759644,0.9673024523160764,0.9861495844875346,0.9918256130790192,0.988538681948424,0.9701897018970188,0.9596977329974812,0.9306666666666666,0,0.9876237623762376
Stanley Pritchett,0.1842105263157894,0.3260340632603406,0.4399038461538461,0.5580865603644647,0.6542056074766355,0.5925058548009368,0.5408388520971302,0.4855371900826446,0.5315682281059063,1,
Stephen Alexander,0.1995192307692307,0.5671981776765376,0.7289719626168224,0.7049180327868853,0.6997792494481236,0.512396694214876,0.6293279022403259,0.5460122699386503,0.7109207708779444,1,
Stephen Davis,0.1265206812652068,0.4903846153846153,0.5444191343963554,0.572429906542056,0.5011709601873536,0.58719646799117,0.6363636363636364,0.6720977596741344,0.6687116564417178,0,0.6059957173447538
Stephone Paige,0.3929539295392953,0.7884130982367759,0.952,0.9752475247524752,0.9966722129783694,0.968,0.922279792746114,0.9056603773584906,0.8475452196382429,1,
Steve Broussard,0.2183288409703504,0.4677002583979328,0.517426273458445,0.5040431266846361,0.4817708333333333,0.5665859564164649,0.4688995215311005,0.3965936739659367,0.3341346153846153,1,
Steve Heiden,0.0911214953271028,0.2997658079625293,0.5364238410596026,0.5599173553719008,0.6232179226069247,0.7402862985685071,0.7751605995717344,0.7468879668049793,0.6824742268041237,0,0.5640495867768595
Steve Jordan 2,0.163323782234957,0.4417344173441734,0.7380352644836272,0.8026666666666666,0.8886138613861386,0.9217970049916804,0.9013333333333332,0.844559585492228,0.8544474393530997,0,0.8656330749354005
Steve Largent,0.640625,0.89937106918239,0.9970326409495548,1.0,0.997229916897507,1.0,0.98567335243553,0.981029810298103,0.9748110831234256,0,0.992
Steve Smith,0.3231850117096019,0.7593818984547461,0.9297520661157024,0.9124236252545824,0.9652351738241308,0.9807280513918628,1.0,0.9979381443298968,0.9834710743801652,0,0.9522821576763484
Steve Smith 3,0.2412645590682196,0.4773333333333333,0.6217616580310881,0.6361185983827493,0.4496124031007752,0.4772117962466488,0.5336927223719676,0.6276041666666666,0.6101694915254238,1,
Steve Tasker,0.08,0.1064356435643564,0.2129783693843594,0.0133333333333333,0.0155440414507772,0.3099730458221024,0.5607235142118863,0.6809651474530831,0.601078167115903,0,0.4192708333333333
Steve Watson,0.1743869209809264,0.3878116343490305,0.904632152588556,0.9598853868194842,0.991869918699187,0.9899244332493704,0.9973333333333332,0.9801980198019802,0.9584026622296172,1,
Steven Jackson,0.2586558044806517,0.5787321063394683,0.8372591006423983,0.8008298755186722,0.8247422680412371,0.7830578512396694,0.8257261410788381,0.7916666666666666,0.7820267686424475,0,0.7252964426877471
Stu Voigt,0.4263157894736842,0.4579439252336448,0.6893617021276596,0.8014981273408239,0.8706293706293706,0.86875,0.7924528301886793,0.6439169139465876,0.5858310626702997,1,
Stump Mitchell,0.0626702997275204,0.3467048710601719,0.4200542005420054,0.5768261964735516,0.6826666666666666,0.7797029702970297,0.8768718801996672,0.6906666666666667,0.6502590673575129,1,
T J Houshmandzadeh,0.297423887587822,0.6666666666666666,0.6342975206611571,0.8004073319755601,0.8711656441717791,0.9828693790149892,0.9771784232365144,0.9876288659793816,0.9607438016528924,0,0.91701244813278
T Y Hilton,0.5755258126195029,0.8853754940711462,0.9721115537848606,0.984313725490196,0.9904397705544932,0.9883495145631068,0.9850187265917604,0.9594843462246776,0.9621621621621622,0,0.8992805755395683
Taiwan Jones,0.1805555555555555,0.2332695984703633,0.4841897233201581,0.2709163346613545,0.5117647058823529,0.4875717017208413,0.625242718446602,0.4157303370786517,0.3075506445672191,0,0.072072072072072
Tavon Austin,0.3458498023715415,0.5637450199203188,0.7843137254901961,0.8145315487571702,0.6873786407766991,0.653558052434457,0.6279926335174953,0.6504504504504505,0.591726618705036,1,
Ted Ginn,0.3817427385892116,0.6865979381443299,0.8388429752066116,0.7842323651452282,0.7341269841269841,0.5315487571701721,0.7114624505928854,0.6992031872509961,0.8941176470588236,0,0.9101338432122372
Terance Mathis,0.2587601078167116,0.58656330749354,0.7667560321715817,0.77088948787062,0.9375,0.9709443099273608,0.9808612440191388,0.9537712895377128,0.9807692307692308,0,0.9863325740318908
Terrance Copper,0.2219959266802444,0.3537832310838446,0.6209850107066381,0.6597510373443983,0.511340206185567,0.4524793388429752,0.441908713692946,0.6408730158730159,0.6061185468451242,1,
Terrell Owens,0.4019138755980861,0.7907542579075426,0.9447115384615384,0.9635535307517084,0.969626168224299,0.9882903981264636,0.9977924944812362,0.9979338842975206,0.9959266802443992,0,0.9897750511247444
Terrelle Smith,0.0537383177570093,0.306791569086651,0.3024282560706401,0.3429752066115702,0.2566191446028513,0.3333333333333333,0.3468950749464668,0.4232365145228215,0.4061855670103093,0,0.3760330578512397
Terry Allen,0.1834625322997416,0.514745308310992,0.5283018867924528,0.4973958333333333,0.4455205811138014,0.4449760765550239,0.3795620437956204,0.2379807692307692,0.4077448747152619,0,0.2920560747663551
Terry Glenn 2,0.6004784688995215,0.7785888077858881,0.9158653846153846,0.9202733485193622,0.9579439252336448,0.9086651053864168,0.9161147902869756,0.8842975206611571,0.890020366598778,0,0.9304703476482618
Terry Kirby,0.3908355795148248,0.5572916666666666,0.7966101694915254,0.8038277511961722,0.8150851581508516,0.7355769230769231,0.7220956719817767,0.6355140186915887,0.585480093676815,0,0.3134657836644591
Terry Metcalf,0.4340425531914894,0.7565543071161048,0.8916083916083916,0.90625,0.889937106918239,0.7655786350148368,0.5095367847411444,0.0055401662049861,0.4632152588555858,1,
Theo Bell,0.178125,0.160377358490566,0.2908011869436201,0.3487738419618528,0.7285318559556787,0.8065395095367848,0.839541547277937,0.8482384823848238,0.8463476070528967,0,0.808
Thomas Jones,0.0957943925233644,0.3185011709601874,0.4966887417218543,0.5371900826446281,0.6904276985743381,0.7280163599182005,0.7451820128479657,0.6763485477178424,0.7072164948453609,0,0.6735537190082644
Thurman Thomas,0.1786666666666666,0.6139896373056994,0.8059299191374663,0.8863049095607235,0.8552278820375335,0.8301886792452831,0.7942708333333334,0.7602905569007264,0.7488038277511961,0,0.6861313868613139
Tiki Barber,0.145985401459854,0.5649038461538461,0.7813211845102506,0.8084112149532711,0.810304449648712,0.7240618101545254,0.6880165289256198,0.7841140529531568,0.869120654396728,0,0.9036402569593148
Tim Brown 3,0.4826666666666667,0.6347150259067358,0.8274932614555256,0.8449612403100775,0.8981233243967829,0.9703504043126684,0.9817708333333334,0.9951573849878934,0.992822966507177,0,0.9951338199513382
Tim Dwight,0.3365384615384615,0.7722095671981777,0.8691588785046729,0.8899297423887588,0.8807947019867549,0.8677685950413223,0.790224032586558,0.7832310838445807,0.7387580299785867,0,0.7448132780082988
Tim Hightower,0.2,0.5991735537190083,0.6680497925311203,0.6527777777777778,0.3652007648183556,0.1857707509881423,0.0079681274900398,0.2509803921568627,0.5391969407265774,1,
Tim Mcgee,0.3935643564356436,0.8186356073211315,0.9066666666666666,0.9715025906735753,0.973045822102426,0.9741602067183462,0.903485254691689,0.8921832884097035,0.8255208333333334,1,
Timmy Newsome,0.0803324099722991,0.0381471389645776,0.4355300859598854,0.6314363143631436,0.8110831234256927,0.7413333333333333,0.7227722772277227,0.8369384359400999,0.704,1,
Todd Heap,0.1873536299765808,0.7417218543046358,0.8822314049586777,0.90020366598778,0.8773006134969326,0.8993576017130621,0.8900414937759336,0.845360824742268,0.8347107438016529,0,0.8713692946058091
Todd Yoder,0.014018691588785,0.1217798594847775,0.4172185430463576,0.6074380165289256,0.6680244399185336,0.4867075664621677,0.4004282655246253,0.4107883817427386,0.5731958762886598,0,0.5909090909090909
Tom Rathman,0.1806930693069307,0.7104825291181365,0.744,0.8471502590673575,0.7951482479784366,0.8191214470284238,0.7426273458445041,0.6819407008086253,0.6354166666666666,1,
Tony Carter 2,0.3385416666666667,0.5786924939467313,0.6650717703349283,0.5912408759124088,0.5625,0.5603644646924829,0.5537383177570093,0.4238875878220141,0.1898454746136865,1,
Tony Dorsett,0.3962264150943396,0.6973293768545994,0.8283378746594006,0.8060941828254847,0.7029972752043597,0.667621776504298,0.6666666666666666,0.7279596977329975,0.7653333333333333,0,0.7772277227722773
Tony Galbreath,0.5375,0.6886792452830188,0.884272997032641,0.888283378746594,0.8919667590027701,0.7356948228882834,0.6389684813753582,0.4769647696476964,0.6070528967254408,0,0.7306666666666667
Tony Gonzalez,0.3503649635036496,0.5913461538461539,0.8291571753986332,0.9135514018691588,0.9718969555035128,0.9713024282560706,0.9710743801652892,0.9837067209775968,0.98159509202454,0,0.9700214132762311
Tony Hill 2,0.0911949685534591,0.6468842729970327,0.9291553133514986,0.9916897506925209,0.9863760217983653,0.9770773638968482,0.967479674796748,0.9672544080604534,0.96,0,0.957920792079208
Tony Martin,0.1886792452830188,0.483204134366925,0.739946380697051,0.8032345013477089,0.9270833333333334,0.9443099273607748,0.9784688995215312,0.975669099756691,0.9951923076923076,0,0.9908883826879272
Tony Mcgee,0.3288409703504043,0.6666666666666666,0.8038740920096852,0.8516746411483254,0.8467153284671532,0.8365384615384616,0.8405466970387244,0.7757009345794392,0.7564402810304449,0,0.7461368653421634
Tony Nathan,0.3133514986376022,0.7146814404432132,0.8119891008174387,0.7478510028653295,0.6612466124661247,0.7027707808564232,0.7626666666666667,0.8193069306930693,0.7920133111480865,1,
Tony Paige,0.0806045340050377,0.216,0.4455445544554455,0.4841930116472546,0.288,0.38860103626943,0.628032345013477,0.7080103359173127,0.6970509383378016,1,
Tony Richardson,0.2296650717703349,0.4233576642335766,0.4735576923076923,0.4373576309794988,0.4252336448598131,0.629976580796253,0.6467991169977925,0.6177685950413223,0.5336048879837068,0,0.4969325153374233
Tony Stewart,0.2599531615925058,0.3554083885209713,0.5826446280991735,0.4582484725050916,0.4744376278118609,0.4068522483940043,0.3298755186721991,0.3917525773195876,0.3491735537190082,1,
Torrance Small,0.353887399463807,0.5579514824797843,0.8385416666666666,0.8692493946731235,0.901913875598086,0.851581508515815,0.8605769230769231,0.9066059225512528,0.9322429906542056,0,0.8454332552693209
Torry Holt,0.4031890660592255,0.8271028037383178,0.9625292740046838,0.9889624724061812,0.993801652892562,0.9918533604887984,0.9938650306748468,0.9764453961456104,0.970954356846473,0,0.9587628865979382
Travis Benjamin,0.3193116634799235,0.567193675889328,0.7689243027888446,0.8431372549019608,0.8833652007648184,0.9106796116504854,0.8426966292134831,0.7790055248618785,0.4162162162162162,0,0.0827338129496402
Trey Junkin,0.0613333333333333,0.3985148514851485,0.697171381031614,0.5813333333333334,0.5673575129533679,0.4582210242587601,0.2816537467700258,0.2037533512064343,0.2183288409703504,0,0.421875
Troy Brown,0.2129380053908355,0.2760416666666667,0.423728813559322,0.416267942583732,0.7566909975669099,0.8293269230769231,0.8633257403189066,0.8621495327102804,0.9297423887587822,0,0.9602649006622516
Ty Montgomery,0.2098039215686274,0.4990439770554493,0.6621359223300971,0.6853932584269663,0.6556169429097606,0.5171171171171172,0.4136690647482014,0.3898305084745763,0.4372549019607843,1,
Tyrone Wheatley,0.1041162227602905,0.277511961722488,0.4355231143552311,0.3245192307692308,0.4419134396355353,0.4649532710280374,0.531615925058548,0.390728476821192,0.4462809917355372,0,0.5030549898167006
Vance Johnson,0.4453333333333333,0.7277227722772277,0.951747088186356,0.944,0.9818652849740932,0.9784366576819408,0.9302325581395348,0.8364611260053619,0.8086253369272237,0,0.7083333333333334
Vernon Davis,0.2591006423982869,0.6265560165975104,0.7546391752577319,0.9028925619834712,0.9481327800829876,0.9662698412698412,0.9292543021032504,0.9130434782608696,0.8844621513944223,0,0.8450980392156863
Vincent Jackson,0.2433537832310838,0.6423982869379015,0.8485477178423236,0.931958762886598,0.9710743801652892,0.9626556016597512,0.9702380952380952,0.9808795411089866,0.9960474308300395,0,0.9860557768924304
Virgil Green,0.1547619047619047,0.4225621414913958,0.5158102766798419,0.5816733067729084,0.6078431372549019,0.7495219885277247,0.7087378640776699,0.7116104868913857,0.6777163904235728,0,0.6198198198198198
Visanthe Shiancoe,0.1694214876033057,0.3360488798370672,0.5112474437627812,0.4539614561027837,0.5995850622406639,0.7587628865979381,0.8987603305785123,0.9107883817427386,0.8690476190476191,0,0.6959847036328872
Vonta Leach,0.0756646216768916,0.3062098501070663,0.3921161825726141,0.4742268041237113,0.4338842975206611,0.5103734439834025,0.498015873015873,0.5162523900573613,0.5019762845849802,1,
Walter Payton,0.4160839160839161,0.56875,0.7452830188679245,0.8189910979228486,0.8528610354223434,0.853185595567867,0.6839237057220708,0.7106017191977078,0.7479674796747967,0,0.7858942065491183
Walter Rasby,0.0968523002421307,0.069377990430622,0.0608272506082725,0.1586538461538461,0.4054669703872437,0.5677570093457944,0.6276346604215457,0.6114790286975718,0.5950413223140496,0,0.5376782077393075
Warrick Dunn,0.3600973236009732,0.6586538461538461,0.8382687927107062,0.8247663551401869,0.8594847775175644,0.8410596026490066,0.8305785123966942,0.7922606924643585,0.7382413087934561,0,0.6745182012847966
Wayne Chrebet,0.4624697336561743,0.7751196172248804,0.9051094890510948,0.9543269230769232,0.9612756264236902,0.9649532710280374,0.936768149882904,0.9426048565121412,0.8698347107438017,0,0.8228105906313645
Wayne Morris,0.203125,0.4748427672955975,0.6676557863501483,0.7493188010899182,0.6814404432132964,0.547683923705722,0.4011461318051575,0.2845528455284553,0.1234256926952141,1,
Webster Slaughter,0.4207920792079208,0.870216306156406,0.8986666666666666,0.9507772020725388,0.9245283018867924,0.9715762273901808,0.9195710455764076,0.862533692722372,0.8125,0,0.864406779661017
Wendell Tyler,0.0125786163522012,0.0801186943620178,0.4713896457765668,0.4598337950138504,0.6757493188010899,0.6848137535816619,0.7777777777777778,0.7657430730478589,0.6266666666666667,1,
Wes Chandler,0.4718100890207715,0.8446866485013624,0.9722991689750692,0.983651226158038,1.0,0.997289972899729,0.9974811083123426,0.968,0.9727722772277227,0,0.9733777038269552
Wes Welker,0.3865030674846625,0.7558886509635975,0.9294605809128632,0.9690721649484536,0.9896694214876032,0.9896265560165975,1.0,0.9961759082217974,0.9980237154150198,0,0.952191235059761
Wesley Walker,0.6352201257861635,0.9228486646884272,0.983651226158038,0.9335180055401662,0.9182561307901907,0.9627507163323782,0.986449864498645,0.9798488664987406,0.9573333333333334,0,0.943069306930693
Wesley Walls,0.0569948186528497,0.1239892183288409,0.3126614987080103,0.225201072386059,0.1347708894878706,0.4114583333333333,0.7167070217917676,0.9066985645933014,0.9221411192214112,0,0.9206730769230768
Wilbert Montgomery,0.0440251572327044,0.3679525222551928,0.7275204359673024,0.8282548476454293,0.8610354223433242,0.8481375358166189,0.7669376693766937,0.7732997481108312,0.5626666666666666,1,
Wilbur Jackson,0.3970037453183521,0.5594405594405595,0.71875,0.6635220125786163,0.5459940652818991,0.6158038147138964,0.5983379501385041,0.6321525885558583,0.3094555873925501,1,
Will Heller,0.2438016528925619,0.3543788187372709,0.5071574642126789,0.4668094218415418,0.5518672199170125,0.422680412371134,0.5661157024793388,0.475103734439834,0.5674603174603174,0,0.5200764818355641
Willard Harrell,0.465034965034965,0.653125,0.7547169811320755,0.5637982195845698,0.4114441416893733,0.224376731301939,0.3950953678474114,0.5272206303724928,0.5176151761517616,0,0.4962216624685138
William Henderson,0.0653753026634382,0.2129186602870813,0.4476885644768856,0.5697115384615384,0.5375854214123007,0.5093457943925234,0.5526932084309133,0.6269315673289183,0.7148760330578512,0,0.7494908350305499
Willie Drewrey,0.104,0.5247524752475248,0.8069883527454242,0.768,0.694300518134715,0.7169811320754716,0.8062015503875969,0.8203753351206434,0.6900269541778976,1,
Willie Gault,0.5501355013550135,0.8413098236775819,0.944,0.9331683168316832,0.9767054908485856,0.9466666666666668,0.955958549222798,0.9460916442048516,0.9457364341085271,0,0.9329758713136728
Willie Snead,0.4588235294117647,0.8068833652007649,0.8427184466019417,0.846441947565543,0.8305709023941068,0.8684684684684685,0.7661870503597122,0.4821092278719397,0.2196078431372549,1,
Willis Mcgahee,0.1486761710794297,0.4069529652351738,0.6231263383297645,0.7219917012448133,0.6804123711340206,0.6425619834710744,0.495850622406639,0.4166666666666667,0.5047801147227533,0,0.4308300395256917
Woody Bennett,0.0735694822888283,0.1634349030470914,0.1852861035422343,0.1002865329512893,0.1138211382113821,0.2367758186397985,0.3946666666666666,0.5198019801980198,0.5990016638935108,0,0.304
Yancey Thigpen,0.0160857908847185,0.3342318059299191,0.7161458333333334,0.9297820823244553,0.9258373205741628,0.9610705596107056,0.9134615384615384,0.9362186788154896,0.8504672897196262,1,
Zach Miller,0.3140495867768595,0.5643153526970954,0.6924603174603174,0.4799235181644359,0.1343873517786561,0.0079681274900398,0.4137254901960784,0.7552581261950286,0.8233009708737864,1,
Zack Crockett,0.3050847457627119,0.4641148325358851,0.4257907542579075,0.1610576923076923,0.1116173120728929,0.2803738317757009,0.2927400468384075,0.1258278145695364,0.1776859504132231,0,0.3217922606924643
Zeke Mowatt,0.2981029810298103,0.7455919395465995,0.7386666666666667,0.655940594059406,0.5707154742096506,0.424,0.5077720207253886,0.444743935309973,0.6201550387596899,1,
