Player,Year1,Year2,Year3,Year4,Year5,Retire,NextPercentile
A J Green,0.621031746031746,0.9120458891013384,0.9940711462450592,0.9880478087649402,0.9941176470588236,0,0.9789674952198852
Aaron Cox,0.512,0.7487046632124352,0.8409703504043127,0.6950904392764858,0.6300268096514745,0,0.6495956873315364
Aaron Craver,0.0671834625322997,0.0428954423592493,0.059299191374663,0.1640625,0.5084745762711864,0,0.7057416267942583
Aaron Moorehead,0.1838842975206611,0.3584521384928716,0.5173824130879345,0.5481798715203426,0.5726141078838174,1,
Aaron Pierce,0.1401617250673854,0.4765625,0.6828087167070218,0.7368421052631579,0.559610705596107,0,0.3269230769230769
Aaron Shea,0.1775700934579439,0.3770491803278688,0.4878587196467991,0.3533057851239669,0.470468431771894,0,0.5725971370143149
Aaron Stecker,0.058411214953271,0.3583138173302108,0.4900662251655629,0.518595041322314,0.5112016293279023,0,0.6319018404907976
Aaron Walker,0.3471074380165289,0.4663951120162933,0.4642126789366053,0.4175588865096359,0.3941908713692946,1,
Adam Humphries,0.296078431372549,0.6921606118546845,0.8563106796116505,0.9325842696629212,0.9042357274401474,0,0.872072072072072
Adam Shaheen,0.2563106796116505,0.4662921348314606,0.6224677716390423,0.6324324324324324,0.5899280575539568,1,
Adger Armstrong,0.1989100817438692,0.318051575931232,0.5474254742547425,0.5919395465994962,0.5733333333333334,1,
Adrian Cooper,0.3385012919896641,0.5067024128686327,0.6091644204851752,0.5078125,0.5714285714285714,0,0.3995215311004784
Adrian Murrell,0.0377358490566037,0.2578125,0.5399515738498789,0.5574162679425837,0.4841849148418491,0,0.4206730769230769
Adrian Peterson,0.3755186721991701,0.5402061855670103,0.7665289256198347,0.7572614107883817,0.7678571428571429,0,0.6826003824091779
Adrian Peterson 2,0.1346578366445916,0.2665289256198347,0.4358452138492871,0.32719836400818,0.4089935760171306,0,0.5414937759336099
Ahmad Bradshaw,0.1265560165975103,0.3010309278350515,0.5723140495867769,0.7053941908713693,0.7321428571428571,0,0.7361376673040153
Ahmad Rashad,0.514018691588785,0.7617021276595745,0.9176029962546816,0.7762237762237763,0.846875,0,0.8616352201257862
Ahman Green,0.0192307692307692,0.0113895216400911,0.3738317757009345,0.702576112412178,0.8300220750551877,0,0.8533057851239669
Ahmard Hall,0.1370449678800856,0.3236514522821577,0.5752577319587628,0.512396694214876,0.5145228215767634,0,0.3908730158730158
Al Chandler,0.0636704119850187,0.0524475524475524,0.284375,0.3773584905660377,0.5727002967359051,0,0.5667574931880109
Al Dixon,0.1823899371069182,0.5252225519287834,0.6103542234332425,0.6094182825484764,0.5994550408719346,0,0.7507163323782235
Al Toon,0.5066666666666667,0.8316831683168316,0.9800332778702164,0.9733333333333334,0.9689119170984456,0,0.9380053908355797
Albert Bentley,0.0853333333333333,0.4108910891089108,0.7753743760399334,0.7013333333333334,0.772020725388601,0,0.8086253369272237
Albert Connell,0.3211678832116788,0.7067307692307693,0.8838268792710706,0.9439252336448598,0.918032786885246,1,
Albert Wilson,0.3286852589641434,0.6549019607843137,0.8164435946462715,0.8485436893203884,0.8689138576779026,0,0.8913443830570903
Aldrick Robinson,0.3996175908221797,0.6976284584980237,0.7131474103585658,0.4078431372549019,0.4130019120458891,0,0.6077669902912621
Alex Armah,0.0711610486891385,0.1197053406998158,0.2378378378378378,0.3399280575539568,0.263653483992467,0,0.3098039215686274
Alex Bannister,0.2060889929742388,0.1721854304635761,0.4876033057851239,0.3482688391038696,0.3026584867075664,1,
Alex Collins,0.1988527724665392,0.316504854368932,0.5093632958801498,0.3406998158379374,0.2288288288288288,0,0.1510791366906475
Alex Erickson,0.1682600382409178,0.4155339805825243,0.5936329588014981,0.7108655616942909,0.7063063063063063,0,0.7050359712230215
Alex Smith 2,0.3394683026584867,0.5610278372591007,0.7863070539419087,0.7731958762886598,0.743801652892562,0,0.533195020746888
Alex Van Dyke,0.138755980861244,0.4428223844282238,0.5480769230769231,0.4191343963553531,0.3341121495327103,1,
Alexander Wright,0.1805929919137466,0.4961240310077519,0.67828418230563,0.8005390835579514,0.828125,0,0.8595641646489104
Alfred Anderson,0.0579345088161209,0.3066666666666666,0.5618811881188119,0.6855241264559068,0.3546666666666667,0,0.3471502590673575
Alfred Blue,0.2011952191235059,0.3705882352941176,0.4894837476099426,0.4621359223300971,0.4644194756554307,1,
Alfred Jackson 2,0.4807121661721068,0.6485013623978202,0.817174515235457,0.8528610354223434,0.8997134670487106,0,0.8970189701897019
Alfred Jenkins,0.6713286713286714,0.903125,0.9716981132075472,0.8961424332344213,0.8937329700272479,0,0.889196675900277
Alfred Morris,0.1395793499043977,0.3063241106719367,0.5239043824701195,0.496078431372549,0.4187380497131931,0,0.283495145631068
Alfred Pupunu,0.2075471698113207,0.5,0.6682808716707022,0.6555023923444976,0.4306569343065693,0,0.2259615384615384
Alfredo Roberts,0.1093333333333333,0.310880829015544,0.490566037735849,0.5684754521963824,0.5656836461126006,1,
Alge Crumpler,0.3021077283372365,0.6909492273730684,0.8553719008264463,0.8961303462321792,0.918200408997955,0,0.9379014989293362
Allen Hurns,0.5,0.8176470588235294,0.9216061185468452,0.9048543689320389,0.8146067415730337,0,0.8066298342541437
Allen Pinkett,0.1138613861386138,0.2662229617304492,0.3706666666666666,0.4766839378238341,0.5983827493261455,0,0.6304909560723514
Allen Rice,0.1536523929471032,0.28,0.6311881188118812,0.7970049916805324,0.736,0,0.572538860103627
Alonzo Highsmith 2,0.3078202995008319,0.1573333333333333,0.4611398963730569,0.4501347708894879,0.4418604651162791,0,0.1742627345844504
Alshon Jeffery,0.401529636711281,0.7885375494071146,0.9601593625498008,0.976470588235294,0.9674952198852772,0,0.9592233009708738
Alvin Garrett,0.1606648199445983,0.0871934604904632,0.2636103151862464,0.4742547425474255,0.5239294710327456,1,
Alvin Harper,0.4031007751937984,0.7050938337801609,0.8975741239892183,0.9453125,0.946731234866828,0,0.8779904306220095
Alvin Reed,0.88125,0.8947368421052632,0.897196261682243,0.7319148936170212,0.5917602996254682,0,0.43006993006993
Alvis Whitted,0.25,0.3006833712984054,0.4929906542056075,0.351288056206089,0.2737306843267108,0,0.371900826446281
Amani Toomer,0.2177033492822966,0.5474452554744526,0.7908653846153846,0.8997722095671982,0.9532710280373832,0,0.981264637002342
Amos Zereoue,0.1093394077448747,0.1238317757009345,0.4449648711943794,0.5938189845474614,0.7603305785123967,0,0.7515274949083504
Amp Lee,0.1367292225201072,0.3665768194070081,0.6458333333333334,0.738498789346247,0.7416267942583732,0,0.8248175182481752
Andre Caldwell,0.1257731958762886,0.4793388429752066,0.7282157676348547,0.7896825396825397,0.751434034416826,0,0.7233201581027668
Andre Davis 2,0.5187637969094923,0.7913223140495868,0.9042769857433808,0.8936605316973415,0.7516059957173448,0,0.7157676348547718
Andre Ellington,0.3517786561264822,0.6952191235059761,0.7862745098039216,0.7093690248565966,0.6427184466019418,1,
Andre Hastings,0.1913746630727762,0.5130208333333334,0.7578692493946732,0.8708133971291866,0.9002433090024331,0,0.8990384615384616
Andre Holmes,0.130019120458891,0.5592885375494071,0.8227091633466136,0.8588235294117647,0.8355640535372849,0,0.6912621359223301
Andre Johnson,0.6921487603305785,0.8940936863543788,0.9693251533742332,0.9635974304068522,0.95850622406639,0,0.9917525773195875
Andre Reed,0.4533333333333333,0.8217821782178217,0.966722129783694,0.9573333333333334,0.9637305699481864,0,0.9514824797843666
Andre Rison,0.4844559585492228,0.8733153638814016,0.979328165374677,0.9919571045576407,0.9892183288409704,0,0.9895833333333334
Andre Roberts,0.2821576763485477,0.6051587301587301,0.8451242829827916,0.8754940711462451,0.8585657370517928,0,0.7607843137254902
Andrew Glover,0.2351421188630491,0.4396782841823056,0.5929919137466307,0.6744791666666666,0.7215496368038741,0,0.7177033492822966
Andrew Hawkins,0.2896825396825397,0.6309751434034416,0.7806324110671937,0.8784860557768924,0.8058823529411765,0,0.8489483747609943
Andrew Jordan,0.1901041666666666,0.3583535108958838,0.4976076555023923,0.2603406326034063,0.235576923076923,0,0.2665148063781321
Andrew Quarless,0.2219917012448132,0.4523809523809524,0.4875717017208413,0.5711462450592886,0.6095617529880478,0,0.696078431372549
Andy Janovich,0.1835564053537285,0.3378640776699029,0.5711610486891385,0.5598526703499079,0.5009009009009009,0,0.3543165467625899
Andy Johnson,0.3108614232209737,0.5769230769230769,0.79375,0.6572327044025157,0.6261127596439169,0,0.4032697547683924
Anquan Boldin,0.7417355371900827,0.8472505091649695,0.9754601226993864,0.9657387580299786,0.9813278008298756,0,0.9711340206185568
Anthony Allen,0.2906666666666667,0.5866336633663366,0.8785357737104825,0.7306666666666667,0.6658031088082902,1,
Anthony Becht,0.25,0.6768149882903981,0.8101545253863135,0.8471074380165289,0.7413441955193483,0,0.6625766871165644
Anthony Carter,0.5573333333333333,0.8415841584158416,0.9850249584026622,0.992,0.9948186528497408,0,0.9946091644204852
Anthony Dixon,0.1016597510373444,0.2103174603174603,0.2160611854684512,0.2569169960474308,0.3227091633466135,0,0.4313725490196078
Anthony Edwards,0.3031088082901554,0.3288409703504043,0.3255813953488372,0.2949061662198391,0.660377358490566,0,0.6770833333333334
Anthony Fasano,0.15203426124197,0.4066390041493776,0.7319587628865979,0.7582644628099173,0.8236514522821576,0,0.8134920634920635
Anthony Firkser,0.2883895131086142,0.569060773480663,0.7963963963963964,0.7517985611510791,0.7080979284369114,1,
Anthony Gonzalez,0.5145228215767634,0.8,0.8078512396694215,0.6556016597510373,0.2142857142857142,1,
Anthony Hancock,0.2693409742120344,0.6639566395663956,0.8614609571788413,0.8533333333333334,0.7970297029702971,1,
Anthony Johnson 3,0.0970350404312668,0.3462532299741602,0.6380697050938338,0.7466307277628033,0.6640625,0,0.5641646489104116
Anthony Jones,0.035264483627204,0.0213333333333333,0.0371287128712871,0.021630615640599,0.0586666666666666,1,
Anthony Miller 3,0.4453333333333333,0.8886010362694301,0.9703504043126684,0.9844961240310076,0.9812332439678284,0,0.9865229110512128
Anthony Morgan,0.3100775193798449,0.6568364611260054,0.6792452830188679,0.7109375,0.6585956416464891,1,
Anthony Munoz,0.002770083102493,0.0027247956403269,0.0028653295128939,0.002710027100271,0.1360201511335012,0,0.1333333333333333
Anthony Sherman,0.1666666666666666,0.3326959847036329,0.4960474308300395,0.4780876494023904,0.4784313725490196,0,0.3862332695984704
Anthony Thomas,0.2084309133489461,0.4437086092715231,0.5144628099173554,0.4928716904276985,0.3456032719836401,0,0.4689507494646681
Anthony Toney,0.3118811881188119,0.740432612312812,0.6853333333333333,0.5984455958549223,0.522911051212938,1,
Antone Smith,0.0331950207468879,0.0099206349206349,0.0382409177820267,0.0612648221343873,0.4163346613545817,0,0.4019607843137255
Antonio Brown,0.2738589211618257,0.7757936507936508,0.9101338432122372,0.9802371541501976,0.99402390438247,0,1.0
Antonio Bryant,0.5584988962472406,0.7954545454545454,0.9164969450101832,0.9284253578732108,0.9336188436830836,0,0.8443983402489627
Antonio Chatman,0.0495867768595041,0.2932790224032586,0.6707566462167689,0.7580299785867237,0.7365145228215768,0,0.5670103092783505
Antonio Freeman,0.3220338983050847,0.6985645933014354,0.9148418491484184,0.9927884615384616,1.0,0,0.985981308411215
Antonio Gates,0.402892561983471,0.824847250509165,0.9631901840490796,0.9914346895074948,0.9854771784232366,0,0.9670103092783504
Antony Auclair,0.2174757281553398,0.3689138576779026,0.565377532228361,0.3009009009009009,0.3309352517985611,1,
Antowain Smith,0.1313868613138686,0.1899038461538461,0.4920273348519362,0.4275700934579439,0.6182669789227166,0,0.6445916114790287
Antwaan Randle El,0.4216335540838852,0.6818181818181818,0.7718940936863544,0.7955010224948875,0.7644539614561028,0,0.8236514522821576
Archie Griffin,0.24375,0.4874213836477987,0.7032640949554896,0.8092643051771117,0.7617728531855956,0,0.6893732970027248
Arian Foster,0.1487603305785124,0.6348547717842323,0.8293650793650794,0.8814531548757171,0.782608695652174,0,0.7629482071713147
Arnaz Battle,0.0495867768595041,0.2892057026476578,0.5603271983640081,0.8115631691648822,0.8319502074688797,0,0.8412371134020619
Arrelious Benn,0.3485477178423236,0.6706349206349206,0.7265774378585086,0.5118577075098815,0.0756972111553784,0,0.0039215686274509
Art Malone,0.1875,0.6842105263157895,0.8504672897196262,0.8936170212765957,0.8352059925093633,0,0.6433566433566433
Art Monk,0.5595567867036011,0.8801089918256131,0.9169054441260746,0.940379403794038,0.9546599496221664,0,0.976
Arthur Cox,0.086720867208672,0.3526448362720403,0.672,0.7599009900990099,0.7953410981697171,0,0.4693333333333333
Ashley Lelie,0.5452538631346578,0.8099173553719008,0.945010183299389,0.950920245398773,0.9314775160599572,0,0.8174273858921162
Aubrey Matthews,0.3217821782178218,0.7603993344425957,0.8106666666666666,0.7590673575129534,0.6981132075471698,0,0.6020671834625323
Aundra Thompson,0.050314465408805,0.5074183976261127,0.7602179836512262,0.8698060941828255,0.782016348773842,0,0.7449856733524355
Austin Collie,0.5227272727272727,0.8029045643153527,0.9126984126984128,0.8030592734225621,0.691699604743083,1,
Austin Seferian Jenkins,0.1932270916334661,0.5588235294117647,0.745697896749522,0.7514563106796116,0.6573033707865169,1,
Aveion Cason,0.0585480093676815,0.4326710816777042,0.5929752066115702,0.4969450101832994,0.4314928425357873,0,0.3297644539614561
Az Zahir Hakim,0.2980769230769231,0.7471526195899773,0.8738317757009346,0.8477751756440282,0.8543046357615894,0,0.7933884297520661
B J Askew,0.1405295315682281,0.3803680981595092,0.5267665952890792,0.6369294605809128,0.5484536082474227,0,0.4855371900826446
Bam Morris,0.2630208333333333,0.360774818401937,0.5885167464114832,0.5279805352798054,0.5817307692307693,0,0.3097949886104784
Barry Foster,0.091644204851752,0.3229974160206718,0.5201072386058981,0.5714285714285714,0.5494791666666666,1,
Barry Redden,0.0487106017191977,0.046070460704607,0.2795969773299748,0.4053333333333333,0.599009900990099,0,0.7021630615640599
Barry Sanders,0.1839378238341968,0.5309973045822103,0.7416020671834626,0.7265415549597856,0.6118598382749326,0,0.5885416666666666
Barry Word,0.194675540765391,0.0773333333333333,0.1036269430051813,0.0377358490566037,0.0801033591731266,0,0.2144772117962466
Barty Smith,0.3006993006993007,0.46875,0.6792452830188679,0.7270029673590505,0.7547683923705722,1,
Bear Pascoe,0.1219008264462809,0.3091286307053942,0.5,0.5506692160611855,0.5474308300395256,0,0.4402390438247012
Ben Coates,0.1937984496124031,0.3994638069705093,0.7735849056603774,0.90625,0.9346246973365616,0,0.916267942583732
Ben Hartsock,0.1140529531568228,0.2556237218813906,0.4475374732334047,0.6058091286307054,0.5608247422680412,0,0.5165289256198347
Ben Obomanu 2,0.2863070539419087,0.268041237113402,0.506198347107438,0.6452282157676349,0.8055555555555556,0,0.7877629063097514
Benjamin Watson,0.1242362525458248,0.4907975460122699,0.7259100642398287,0.7966804979253111,0.7298969072164948,0,0.7789256198347108
Benjarvus Green Ellis,0.2371134020618556,0.2809917355371901,0.4460580912863071,0.5257936507936508,0.6137667304015296,0,0.5810276679841897
Bennie Cunningham,0.171875,0.5220125786163522,0.7359050445103857,0.8337874659400545,0.8005540166204986,0,0.8419618528610354
Bennie Fowler,0.2823529411764706,0.5372848948374761,0.7320388349514563,0.7228464419475655,0.7090239410681399,0,0.5207207207207207
Benny Cunningham,0.1146245059288537,0.4322709163346613,0.6607843137254902,0.6730401529636711,0.6388349514563106,0,0.5861423220973783
Benny Malone,0.1048689138576779,0.3986013986013986,0.546875,0.5345911949685535,0.4451038575667655,0,0.5040871934604905
Bernard Berrian,0.2953156822810591,0.5766871165644172,0.8201284796573876,0.8941908713692946,0.954639175257732,0,0.9545454545454546
Bernard Henry,0.2521489971346705,0.5989159891598916,0.7758186397984886,0.6986666666666667,0.4653465346534653,0,0.5590682196339434
Bernard Scott,0.1756198347107438,0.3526970954356846,0.4543650793650793,0.3212237093690248,0.1719367588932806,1,
Bernie Parmalee,0.0161725067385444,0.3125,0.4963680387409201,0.5717703349282297,0.6180048661800487,0,0.5216346153846154
Bert Emanuel,0.5104166666666666,0.7990314769975787,0.9473684210526316,0.9440389294403893,0.9471153846153846,0,0.8678815489749431
Bilal Powell,0.1011904761904761,0.3365200764818356,0.5968379446640316,0.6553784860557769,0.703921568627451,0,0.7323135755258127
Bill Brooks,0.7103960396039604,0.9351081530782028,0.984,0.961139896373057,0.9568733153638814,0,0.9560723514211886
Bill Larson,0.1713286713286713,0.1875,0.1729559748427672,0.0178041543026706,0.0108991825613079,0,0.1052631578947368
Bill Ring,0.1662125340599455,0.4040114613180516,0.4986449864498645,0.4559193954659949,0.3546666666666667,0,0.2722772277227723
Bill Schroeder,0.0754257907542579,0.4495192307692308,0.7608200455580866,0.8901869158878505,0.9391100702576112,0,0.958057395143488
Billy Bajema,0.1533742331288343,0.1413276231263383,0.1659751037344398,0.1505154639175257,0.3863636363636363,0,0.529045643153527
Billy Brooks,0.26875,0.7641509433962265,0.8931750741839762,0.9182561307901907,0.6925207756232687,0,0.438692098092643
Billy Campfield,0.1691394658753709,0.3596730245231607,0.5789473684210527,0.555858310626703,0.5873925501432665,0,0.5284552845528455
Billy Joe Dupree,0.5531914893617021,0.8127340823970037,0.8636363636363636,0.878125,0.8459119496855346,0,0.9109792284866468
Billy Johnson,0.5243445692883895,0.7272727272727273,0.9,0.8962264150943396,0.8219584569732937,0,0.6975476839237057
Billy Masters,0.375,0.6789473684210526,0.7850467289719626,0.7787234042553192,0.5880149812734082,0,0.5699300699300699
Billy Mcmullen,0.0764462809917355,0.1221995926680244,0.3599182004089979,0.6381156316916489,0.5975103734439834,0,0.4865979381443299
Billy Miller,0.1913439635535307,0.2453271028037383,0.2365339578454332,0.6004415011037527,0.7665289256198347,0,0.7983706720977597
Billy Parks,0.7315789473684211,0.780373831775701,0.9361702127659576,0.8689138576779026,0.7622377622377622,1,
Billy Sims,0.5401662049861495,0.784741144414169,0.8681948424068768,0.8590785907859079,0.7052896725440806,1,
Billy Van Heusen,0.8,0.6368421052631579,0.6635514018691588,0.5106382978723404,0.7490636704119851,0,0.7937062937062938
Billy Waddy,0.4276729559748428,0.6320474777448071,0.7929155313351499,0.8365650969529086,0.7547683923705722,1,
Blair Thomas,0.1320754716981132,0.2971576227390181,0.3619302949061662,0.2830188679245283,0.203125,0,0.2179176755447942
Blake Bell,0.2215686274509803,0.4569789674952199,0.570873786407767,0.4887640449438202,0.4511970534069981,0,0.5135135135135135
Bo Matthews,0.2059925093632958,0.3426573426573426,0.459375,0.4339622641509434,0.4154302670623145,0,0.3705722070844686
Bo Rather,0.5468164794007491,0.8076923076923077,0.83125,0.789308176100629,0.6053412462908012,1,
Bo Robinson,0.1716621253405994,0.1301939058171745,0.0653950953678474,0.2063037249283667,0.2926829268292683,0,0.4886649874055415
Bo Scaife,0.2862985685071574,0.5738758029978587,0.7427385892116183,0.7814432989690722,0.7954545454545454,0,0.7717842323651453
Bob Bruer,0.2861035422343324,0.260387811634349,0.2833787465940054,0.3839541547277937,0.6124661246612466,1,
Bob Chandler,0.1947368421052631,0.6682242990654206,0.851063829787234,0.8614232209737828,0.902097902097902,0,0.946875
Bob Christian,0.1994609164420485,0.4609375,0.6222760290556901,0.4401913875598086,0.1411192214111922,0,0.1971153846153846
Bob Gresham,0.4052631578947368,0.5841121495327103,0.7276595744680852,0.6367041198501873,0.472027972027972,0,0.25625
Bob Moore,0.1210526315789473,0.3177570093457944,0.6553191489361702,0.8052434456928839,0.8181818181818182,0,0.76875
Bob Parsons,0.0607476635514018,0.2382978723404255,0.3370786516853932,0.5384615384615384,0.453125,1,
Bob Perryman,0.1414309484193011,0.1226666666666666,0.3393782383419689,0.4150943396226415,0.5555555555555556,0,0.4128686327077748
Bob Trumpy,0.83125,0.9052631578947368,0.9392523364485982,0.9531914893617022,0.9101123595505618,0,0.8566433566433567
Bob Tucker,0.91875,0.9736842105263158,0.9813084112149532,0.9872340425531916,0.9850187265917604,0,0.9475524475524476
Bobby Duckworth,0.4183381088825215,0.7289972899728997,0.9168765743073048,0.9226666666666666,0.8712871287128713,1,
Bobby Engram,0.284688995215311,0.5182481751824818,0.8317307692307693,0.8747152619589977,0.8551401869158879,0,0.7822014051522248
Bobby Jones,0.1127596439169139,0.4768392370572207,0.6149584487534626,0.7057220708446866,0.5444126074498568,0,0.7100271002710027
Bobby Rainey,0.108695652173913,0.3306772908366533,0.4490196078431372,0.5315487571701721,0.4718446601941747,1,
Bobby Shaw,0.4236902050113895,0.6939252336448598,0.8548009367681498,0.8830022075055187,0.9070247933884298,0,0.8411405295315683
Bobby Wade,0.2933884297520661,0.4887983706720977,0.5828220858895705,0.6680942184154176,0.7323651452282157,0,0.8309278350515464
Boobie Clark,0.4936170212765957,0.6779026217228464,0.8041958041958042,0.740625,0.6132075471698113,0,0.4599406528189911
Boston Scott,0.2007366482504604,0.4594594594594595,0.5629496402877698,0.4425612052730697,0.4058823529411764,1,
Brad Baxter,0.1266846361185983,0.330749354005168,0.4584450402144772,0.3396226415094339,0.2708333333333333,0,0.3026634382566586
Brad Hoover,0.0514018691588785,0.2529274004683841,0.4613686534216336,0.5268595041322314,0.5621181262729125,0,0.523517382413088
Brad Muster,0.2346666666666666,0.5181347150259067,0.7277628032345014,0.7545219638242894,0.7721179624664879,0,0.7439353099730458
Brad Smith,0.1691648822269807,0.5186721991701245,0.6061855670103092,0.6012396694214877,0.4481327800829875,0,0.5555555555555556
Brandon Bennett,0.2860576923076923,0.337129840546697,0.4228971962616822,0.3138173302107728,0.3951434878587196,0,0.5206611570247934
Brandon Bolden,0.135755258126195,0.3656126482213438,0.3884462151394422,0.5,0.4493307839388145,0,0.566990291262136
Brandon Gibson,0.2004132231404958,0.6161825726141079,0.7996031746031746,0.9024856596558316,0.8774703557312253,0,0.8107569721115537
Brandon Jackson,0.2199170124481327,0.4329896907216495,0.6714876033057852,0.7448132780082988,0.5833333333333334,0,0.5564053537284895
Brandon Jacobs,0.2376873661670235,0.4460580912863071,0.5092783505154639,0.5289256198347108,0.4771784232365145,0,0.6150793650793651
Brandon Jones 4,0.3169734151329243,0.6723768736616702,0.7883817427385892,0.8041237113402062,0.7169421487603306,1,
Brandon Lafell,0.3838174273858921,0.75,0.8986615678776291,0.9110671936758892,0.9203187250996016,0,0.9176470588235294
Brandon Lloyd,0.3677685950413223,0.6863543788187373,0.8752556237218814,0.8736616702355461,0.7572614107883817,0,0.6639175257731958
Brandon Manumaleuna,0.1733021077283372,0.4591611479028697,0.6714876033057852,0.7087576374745418,0.6421267893660532,0,0.569593147751606
Brandon Marshall,0.3019271948608137,0.7800829875518672,0.9278350515463918,0.981404958677686,0.9813278008298756,0,0.984126984126984
Brandon Myers,0.0971074380165289,0.2406639004149377,0.4484126984126984,0.7571701720841301,0.8596837944664032,0,0.850597609561753
Brandon Pettigrew,0.2851239669421487,0.7178423236514523,0.8948412698412699,0.8718929254302104,0.7964426877470355,0,0.5876494023904383
Brandon Stokley,0.3690205011389522,0.6378504672897196,0.8056206088992974,0.8167770419426048,0.7975206611570248,0,0.8859470468431772
Brandon Tate,0.0495867768595041,0.3589211618257261,0.365079365079365,0.5946462715105163,0.3379446640316205,0,0.5936254980079682
Braylon Edwards,0.4601226993865031,0.841541755888651,0.9626556016597512,0.977319587628866,0.9586776859504132,0,0.9543568464730292
Brent Celek,0.2842323651452282,0.6103092783505155,0.8925619834710744,0.921161825726141,0.9583333333333334,0,0.9216061185468452
Brent Jones,0.4126455906821963,0.3573333333333333,0.6994818652849741,0.7897574123989218,0.8397932816537468,0,0.8498659517426274
Brent Mcclanahan,0.1123595505617977,0.4370629370629371,0.646875,0.7484276729559748,0.6409495548961425,0,0.5231607629427792
Brent Novoselsky,0.1476683937823834,0.1617250673854447,0.2635658914728682,0.3002680965147453,0.2776280323450135,0,0.3567708333333333
Breshad Perriman,0.4302103250478011,0.5514563106796116,0.7715355805243446,0.8250460405156538,0.8936936936936937,0,0.8687050359712231
Brett Perriman,0.2986666666666667,0.616580310880829,0.816711590296496,0.8708010335917312,0.8900804289544236,0,0.8706199460916442
Brian Baschnagel,0.628125,0.660377358490566,0.7299703264094956,0.6403269754768393,0.7313019390581718,0,0.8092643051771117
Brian Blades,0.5653333333333334,0.8290155440414507,0.908355795148248,0.9043927648578812,0.8525469168900804,0,0.8814016172506739
Brian Brennan,0.3576826196473551,0.6906666666666667,0.8985148514851485,0.9550748752079868,0.936,0,0.8601036269430051
Brian Finneran,0.1161731207289293,0.3177570093457944,0.7072599531615925,0.869757174392936,0.9028925619834712,0,0.845213849287169
Brian Hartline,0.4834710743801653,0.7551867219917012,0.875,0.9082217973231358,0.9347826086956522,0,0.9282868525896414
Brian Kinchen,0.0293333333333333,0.2020725388601036,0.2479784366576819,0.2093023255813953,0.0134048257372654,0,0.3099730458221024
Brian Kozlowski,0.03125,0.0799031476997578,0.2799043062200957,0.4695863746958637,0.6322115384615384,0,0.621867881548975
Brian Leonard,0.2365145228215767,0.2185567010309278,0.4235537190082644,0.425311203319502,0.6349206349206349,0,0.5984703632887189
Brian Milne,0.0789473684210526,0.267639902676399,0.4254807692307692,0.3758542141230068,0.2663551401869158,1,
Brian Mitchell 2,0.0161725067385444,0.0232558139534883,0.099195710455764,0.2991913746630728,0.4869791666666667,0,0.6198547215496368
Brian Quick,0.2676864244741874,0.6205533596837944,0.796812749003984,0.7705882352941177,0.8240917782026769,0,0.7242718446601941
Brian Robiskie,0.2665289256198347,0.5456431535269709,0.6547619047619048,0.6328871892925431,0.3735177865612648,1,
Brian Stablein,0.162227602905569,0.4497607655502392,0.6423357664233577,0.7115384615384616,0.642369020501139,0,0.5070093457943925
Brian Westbrook,0.130242825607064,0.5619834710743802,0.8105906313645621,0.916155419222904,0.9293361884368307,0,0.9439834024896264
Brice Butler,0.1581027667984189,0.5119521912350598,0.7333333333333333,0.8030592734225621,0.7961165048543689,0,0.7528089887640449
Brittan Golden,0.3300395256916996,0.3266932270916334,0.5176470588235295,0.3518164435946462,0.5359223300970873,1,
Brooks Williams,0.108991825613079,0.4210526315789473,0.5694822888283378,0.4469914040114613,0.1842818428184282,1,
Bruce Coslet,0.39375,0.7473684210526316,0.7242990654205608,0.7106382978723405,0.4794007490636704,0,0.5174825174825175
Bruce Ellington,0.2231075697211155,0.3725490196078431,0.390057361376673,0.4174757281553398,0.5,1,
Bruce Hardy,0.1097922848664688,0.4741144414168937,0.6177285318559557,0.670299727520436,0.5530085959885387,0,0.5609756097560976
Bruce Harper,0.3836477987421384,0.5519287833827893,0.771117166212534,0.8199445983379502,0.8174386920980926,0,0.7879656160458453
Bruce Hill,0.6339434276206323,0.856,0.9430051813471504,0.935309973045822,0.8811369509043928,1,
Bruce Miller,0.1686507936507936,0.3881453154875717,0.5909090909090909,0.6374501992031872,0.6784313725490196,0,0.5219885277246654
Bryan Gilmore,0.2317880794701986,0.5392561983471075,0.6945010183299389,0.721881390593047,0.7194860813704497,0,0.7344398340248963
Bryan Johnson 2,0.2271662763466042,0.4525386313465783,0.5702479338842975,0.4908350305498982,0.4274028629856851,1,
Bryan Walters,0.1765873015873016,0.1739961759082218,0.150197628458498,0.1414342629482071,0.4862745098039215,0,0.7036328871892925
Bryant Johnson,0.3863636363636363,0.6374745417515275,0.8220858895705522,0.8843683083511777,0.8983402489626556,0,0.91340206185567
Bubba Franks,0.2313084112149532,0.6370023419203747,0.8344370860927153,0.8512396694214877,0.8289205702647657,0,0.7852760736196319
Buford Jordan,0.2079207920792079,0.5207986688851913,0.496,0.5103626943005182,0.4393530997304582,0,0.3979328165374677
Buford Mcgee,0.2317380352644836,0.224,0.4826732673267326,0.5074875207986689,0.472,0,0.4740932642487047
Butch Johnson,0.271875,0.4622641509433962,0.5816023738872403,0.5722070844686649,0.628808864265928,0,0.8147138964577657
Butch Rolle,0.1559405940594059,0.5540765391014975,0.5066666666666667,0.5207253886010362,0.5336927223719676,0,0.537467700258398
Butch Woolfolk,0.3696275071633237,0.6205962059620597,0.6926952141057935,0.7813333333333333,0.7896039603960396,0,0.8519134775374376
Byron Chamberlain,0.234866828087167,0.485645933014354,0.5401459854014599,0.5865384615384616,0.7198177676537585,0,0.7593457943925234
Byron Franklin,0.0435967302452316,0.0515759312320916,0.4579945799457994,0.6448362720403022,0.776,0,0.7995049504950495
Byron Pringle,0.2541436464088398,0.5045045045045045,0.8201438848920863,0.815442561205273,0.807843137254902,1,
C J Anderson,0.0316205533596837,0.2749003984063745,0.4686274509803921,0.655831739961759,0.6116504854368932,0,0.5842696629213483
C J Prosise,0.3116634799235181,0.5048543689320388,0.5580524344569289,0.4953959484346225,0.3855855855855856,1,
C J Spiller,0.2510373443983402,0.5337301587301587,0.7705544933078394,0.7608695652173914,0.7290836653386454,0,0.6980392156862745
C J Uzomah,0.1647058823529411,0.5047801147227533,0.6466019417475728,0.7565543071161048,0.7421731123388582,0,0.7603603603603604
Cadillac Williams,0.16359918200409,0.3169164882226981,0.3423236514522821,0.3381443298969072,0.4442148760330578,0,0.7012448132780082
Calvin Johnson,0.491701244813278,0.865979381443299,0.9524793388429752,0.9875518672199172,0.992063492063492,0,1.0
Calvin Muhammad,0.3982808022922636,0.5257452574525745,0.8488664987405542,0.7733333333333333,0.693069306930693,0,0.7520798668885191
Calvin Sweeney,0.3047091412742382,0.4087193460490463,0.504297994269341,0.6991869918699187,0.7329974811083123,0,0.792
Calvin Williams,0.4231805929919137,0.6666666666666666,0.8739946380697051,0.9191374663072776,0.96875,0,0.9418886198547216
Cameron Brate,0.249003984063745,0.5568627450980392,0.8298279158699808,0.8737864077669902,0.8670411985018727,0,0.85451197053407
Cameron Cleeland,0.5024038461538461,0.6879271070615034,0.6892523364485982,0.4730679156908665,0.4260485651214128,0,0.621900826446281
Cap Boso,0.4459234608985025,0.3466666666666667,0.5751295336787565,0.5606469002695418,0.6046511627906976,1,
Carl Bland,0.2133333333333333,0.5742574257425742,0.8103161397670549,0.7546666666666667,0.7357512953367875,1,
Carl Garrett,0.625,0.7421052631578947,0.8130841121495327,0.8382978723404255,0.7940074906367042,0,0.6748251748251748
Carl Monroe,0.3035230352303523,0.5289672544080605,0.5866666666666667,0.3044554455445544,0.4425956738768719,1,
Carl Pickens,0.1206434316353887,0.6064690026954178,0.9036458333333334,0.980629539951574,0.9952153110047848,0,0.9805352798053528
Carlester Crumpler,0.1171875,0.3995157384987893,0.5311004784688995,0.6520681265206812,0.65625,0,0.6674259681093394
Carlos Carson,0.1468144044321329,0.4332425068119891,0.7679083094555874,0.924119241192412,0.9773299748110832,0,0.9813333333333332
Carlos Hyde,0.1235059760956175,0.3019607843137254,0.4741873804971319,0.6058252427184466,0.5599250936329588,0,0.5469613259668509
Carwell Gardner,0.0981912144702842,0.2815013404825737,0.4986522911051212,0.4661458333333333,0.387409200968523,0,0.0956937799043062
Casey Fitzsimmons,0.2851239669421487,0.4236252545824847,0.5521472392638037,0.4860813704496788,0.5809128630705395,0,0.5711340206185567
Cecil Shorts,0.2321428571428571,0.7112810707456979,0.9011857707509882,0.9243027888446216,0.8745098039215686,0,0.780114722753346
Cedric Benson,0.0838445807770961,0.2226980728051391,0.4356846473029045,0.622680412371134,0.6260330578512396,0,0.6514522821576764
Cedric Jones 2,0.0343839541547277,0.2791327913279133,0.5012594458438288,0.704,0.7004950495049505,0,0.8652246256239601
Cedric Peerman,0.1784232365145228,0.2043650793650793,0.4435946462715105,0.2134387351778656,0.3605577689243028,0,0.096078431372549
Cedrick Wilson,0.3311258278145695,0.6301652892561983,0.8085539714867617,0.8425357873210634,0.8436830835117773,0,0.7780082987551867
Cethan Carter,0.0349514563106796,0.0280898876404494,0.1804788213627992,0.3891891891891892,0.4442446043165468,1,
Chad Fann,0.0729166666666666,0.1138014527845036,0.0837320574162679,0.3065693430656934,0.2548076923076923,0,0.2391799544419134
Chad Johnson,0.414519906323185,0.8631346578366446,0.981404958677686,0.9938900203665988,1.0,0,1.0
Chad Lewis,0.1727493917274939,0.1850961538461538,0.5034168564920274,0.7102803738317757,0.8220140515222483,0,0.8189845474613686
Chad Mustard,0.1673553719008264,0.3869653767820774,0.3558282208588957,0.3832976445396145,0.4149377593360996,1,
Champ Bailey,0.366822429906542,0.4004683840749414,0.3178807947019867,0.0082644628099173,0.0896130346232179,1,
Charcandrick West,0.0398406374501992,0.292156862745098,0.5468451242829828,0.6485436893203883,0.6404494382022472,1,
Charle Young,0.7021276595744681,0.9325842696629212,0.986013986013986,0.940625,0.8081761006289309,0,0.6112759643916914
Charles Alexander,0.1525885558583106,0.3490304709141274,0.6158038147138964,0.6103151862464183,0.5094850948509485,0,0.4231738035264483
Charles Clay,0.3432539682539682,0.5602294455066922,0.857707509881423,0.8804780876494024,0.9137254901960784,0,0.8814531548757171
Charles Johnson 2,0.4895833333333333,0.7336561743341404,0.9186602870813396,0.8953771289537713,0.9302884615384616,0,0.8701594533029613
Charles Jordan,0.3414043583535109,0.6244019138755981,0.7664233576642335,0.6947115384615384,0.6241457858769932,1,
Charles Lee,0.2780373831775701,0.5058548009367682,0.4481236203090508,0.628099173553719,0.6089613034623218,0,0.7750511247443763
Charles Way,0.2711864406779661,0.5502392344497608,0.732360097323601,0.7163461538461539,0.5649202733485194,1,
Charles White,0.2160664819944598,0.0790190735694822,0.4297994269340974,0.2574525745257452,0.4156171284634761,0,0.3173333333333333
Charles Wilson,0.045822102425876,0.3074935400516795,0.2868632707774799,0.5121293800539084,0.7213541666666666,0,0.8329297820823245
Charlie Garner,0.1458333333333333,0.2639225181598063,0.2990430622009569,0.3454987834549878,0.4086538461538461,0,0.7129840546697038
Charlie Joiner,0.8625,0.9526315789473684,0.9532710280373832,0.9106382978723404,0.8314606741573034,0,0.8986013986013986
Charlie Smith 2,0.6375,0.6473684210526316,0.7710280373831776,0.7914893617021277,0.7790262172284644,1,
Chase Coffman,0.1535269709543568,0.1706349206349206,0.4359464627151052,0.2272727272727272,0.4262948207171315,0,0.3784313725490196
Chase Edmonds,0.1535580524344569,0.3977900552486187,0.654054054054054,0.6744604316546763,0.6930320150659134,0,0.5901960784313726
Chaz Schilens,0.3092783505154639,0.6136363636363636,0.7199170124481328,0.7083333333333334,0.6539196940726577,1,
Chester Rogers,0.2332695984703633,0.5611650485436893,0.7865168539325843,0.8232044198895028,0.6342342342342342,0,0.4982014388489209
Chester Taylor,0.282560706401766,0.5165289256198347,0.6659877800407332,0.6728016359918201,0.6788008565310493,0,0.7406639004149378
Chris Baker,0.1501103752759381,0.4483471074380165,0.5845213849287169,0.7177914110429447,0.7623126338329764,0,0.7925311203319502
Chris Brown,0.2355371900826446,0.4114052953156822,0.6912065439672802,0.5524625267665952,0.6099585062240664,0,0.245360824742268
Chris Burkett,0.344,0.7821782178217822,0.9450915141430948,0.92,0.8756476683937824,0,0.7654986522911051
Chris Calloway,0.2668463611859838,0.5943152454780362,0.7506702412868632,0.8247978436657682,0.8776041666666666,0,0.937046004842615
Chris Carson,0.1436893203883495,0.3932584269662921,0.6151012891344383,0.7045045045045045,0.6312949640287769,1,
Chris Chambers,0.6604215456674473,0.8653421633554084,0.9586776859504132,0.9633401221995926,0.9775051124744376,0,0.9550321199143468
Chris Cooley,0.3747454175152749,0.7157464212678937,0.9057815845824412,0.9315352697095436,0.9237113402061856,0,0.8512396694214877
Chris Doering,0.1985645933014354,0.2262773722627737,0.2235576923076923,0.1867881548974943,0.1425233644859813,0,0.1522248243559719
Chris Dressel,0.3089430894308943,0.5440806045340051,0.6213333333333333,0.396039603960396,0.4725457570715474,0,0.1413333333333333
Chris Fuamatu Ma Afala,0.110576923076923,0.1457858769931662,0.3948598130841121,0.4613583138173302,0.4856512141280353,0,0.3347107438016529
Chris Gedney,0.0943396226415094,0.3645833333333333,0.5157384987893463,0.3875598086124402,0.3941605839416058,0,0.4447115384615384
Chris Henry,0.2699386503067484,0.7408993576017131,0.8651452282157677,0.8515463917525773,0.8057851239669421,1,
Chris Hetherington,0.2126168224299065,0.3840749414519906,0.3708609271523179,0.3512396694214876,0.2993890020366598,0,0.310838445807771
Chris Hinton,0.0213333333333333,0.0181347150259067,0.013477088948787,0.0180878552971576,0.0053619302949061,0,0.0026954177897574
Chris Hogan,0.1205533596837944,0.3944223107569721,0.6882352941176471,0.8413001912045889,0.8679611650485437,0,0.898876404494382
Chris Ivory,0.2614107883817427,0.2718253968253968,0.4282982791586998,0.2628458498023715,0.446215139442231,0,0.4941176470588235
Chris Johnson,0.2948453608247423,0.6921487603305785,0.7946058091286307,0.7976190476190477,0.6347992351816444,0,0.717391304347826
Chris Moore,0.0879541108986615,0.4058252427184466,0.6142322097378277,0.6022099447513812,0.3099099099099099,0,0.3471223021582734
Chris Ogbonnaya,0.2438016528925619,0.2448132780082987,0.4444444444444444,0.4263862332695984,0.6462450592885376,0,0.4442231075697211
Chris Penn,0.1536458333333333,0.4334140435835351,0.6889952153110048,0.781021897810219,0.8245192307692307,0,0.7995444191343963
Chris Perry,0.2118126272912423,0.4355828220858895,0.5781584582441114,0.4004149377593361,0.3072164948453608,1,
Chris Sanders 2,0.6707021791767555,0.8947368421052632,0.9367396593673966,0.8629807692307693,0.8109339407744874,0,0.7850467289719626
Chris Thomas,0.2154963680387409,0.1937799043062201,0.3990267639902676,0.4951923076923077,0.5239179954441914,0,0.3457943925233644
Chris Thompson,0.1215139442231075,0.3549019607843137,0.615678776290631,0.7941747572815534,0.8258426966292135,0,0.8434622467771639
Chris Walsh,0.1525423728813559,0.354066985645933,0.5620437956204379,0.6899038461538461,0.6537585421412301,0,0.6705607476635514
Chris Warren 2,0.1188630490956072,0.2091152815013404,0.353099730458221,0.5260416666666666,0.6029055690072639,0,0.6770334928229665
Christian Fauria,0.2929782082324455,0.5454545454545454,0.6618004866180048,0.6802884615384616,0.6332574031890661,0,0.6238317757009346
Christian Okoye,0.2895174708818636,0.224,0.2979274611398964,0.2425876010781671,0.4108527131782946,0,0.3806970509383378
Chuck Evans,0.137466307277628,0.1770833333333333,0.4092009685230024,0.3755980861244019,0.5231143552311436,0,0.4423076923076923
Chuck Foreman,0.5148936170212766,0.850187265917603,0.9685314685314684,0.984375,0.9465408805031448,0,0.8902077151335311
Chuck Levy,0.1927083333333333,0.1743341404358353,0.1483253588516746,0.1508515815085158,0.3221153846153846,1,
Chuck Muncie,0.340625,0.5723270440251572,0.7329376854599406,0.7465940054495913,0.7063711911357341,0,0.6648501362397821
Clarence Davis,0.2526315789473684,0.3925233644859813,0.5234042553191489,0.5580524344569289,0.5944055944055944,0,0.6375
Clarence Harmon,0.2547169811320754,0.4065281899109792,0.7166212534059946,0.8033240997229917,0.7956403269754768,0,0.7020057306590258
Clarence Kay,0.1435768261964735,0.4986666666666666,0.7376237623762376,0.8302828618968386,0.672,0,0.6450777202072538
Clarence Verdin,0.4309484193011647,0.6453333333333333,0.8497409326424871,0.8490566037735849,0.7751937984496124,0,0.6193029490616622
Clarence Weathers,0.4092140921409214,0.6246851385390428,0.8346666666666667,0.7846534653465347,0.8585690515806988,0,0.68
Clarence Williams 4,0.0534591194968553,0.2047477744807121,0.5204359673024523,0.6260387811634349,0.55858310626703,1,
Clark Gaines,0.5,0.7515723270440252,0.7833827893175074,0.7220708446866485,0.5734072022160664,0,0.4495912806539509
Clay Harbor,0.1410788381742738,0.4126984126984127,0.5468451242829828,0.6106719367588933,0.6294820717131474,0,0.6901960784313725
Cleo Miller,0.2958801498127341,0.3461538461538461,0.540625,0.6226415094339622,0.6913946587537092,0,0.7329700272479565
Cleveland Franklin,0.0652818991097922,0.1144414168937329,0.2520775623268698,0.1498637602179836,0.2722063037249284,1,
Cleveland Gary,0.038860103626943,0.1967654986522911,0.3669250645994832,0.546916890080429,0.5876010781671159,0,0.5859375
Clif Groce,0.1124401913875598,0.1046228710462287,0.1225961538461538,0.143507972665148,0.2616822429906542,1,
Cliff Austin,0.1029810298102981,0.1083123425692695,0.3733333333333333,0.3886138613861386,0.6772046589018302,1,
Cliff Benson,0.2493702770780856,0.2933333333333333,0.3514851485148514,0.151414309484193,0.1546666666666666,1,
Cliff Branch,0.1355140186915887,0.5404255319148936,0.951310861423221,0.993006993006993,1.0,0,0.9968553459119496
Cliff Russell,0.1115702479338843,0.340122199592668,0.3006134969325153,0.3211991434689507,0.1141078838174273,0,0.090721649484536
Clint Didier,0.0802292263610315,0.3279132791327913,0.6649874055415617,0.8053333333333333,0.8935643564356436,0,0.908485856905158
Clinton Portis,0.5099337748344371,0.71900826446281,0.7963340122199593,0.7566462167689162,0.7173447537473233,0,0.7821576763485477
Clive Walford,0.3333333333333333,0.6443594646271511,0.7029126213592233,0.4850187265917603,0.4143646408839779,1,
Coby Fleener,0.3231357552581262,0.6640316205533597,0.8864541832669323,0.9196078431372549,0.904397705544933,0,0.8116504854368932
Cody Davis,0.2274509803921568,0.2466539196940726,0.2,0.0093632958801498,0.1952117863720073,1,
Cody Latimer,0.1274900398406374,0.3352941176470588,0.5334608030592735,0.6504854368932039,0.704119850187266,0,0.7992633517495396
Cole Beasley,0.2275334608030592,0.4940711462450592,0.703187250996016,0.7745098039215687,0.8948374760994264,0,0.9029126213592232
Corey Bradford,0.0697115384615384,0.5353075170842825,0.5700934579439252,0.7587822014051522,0.8057395143487859,0,0.9152892561983472
Corey Clement,0.2368932038834951,0.49812734082397,0.5248618784530387,0.3927927927927928,0.2535971223021582,0,0.4256120527306968
Corey Davis,0.2388349514563106,0.6910112359550562,0.8766114180478821,0.927927927927928,0.8902877697841727,0,0.9133709981167608
Corey Dillon,0.2043795620437956,0.4230769230769231,0.6492027334851936,0.6261682242990654,0.6651053864168618,0,0.6931567328918322
Corey Mcintyre,0.0388548057259713,0.1927194860813704,0.2116182572614107,0.2474226804123711,0.2128099173553719,0,0.2966804979253112
Correll Buckhalter,0.1826697892271662,0.1479028697571744,0.4690082644628099,0.285132382892057,0.2597137014314928,0,0.2698072805139186
Cory Schlesinger,0.0242130750605326,0.0143540669856459,0.2068126520681265,0.3629807692307692,0.4851936218678815,0,0.397196261682243
Courtney Hawkins,0.4289544235924933,0.7897574123989218,0.9140625,0.8983050847457628,0.854066985645933,0,0.8345498783454988
Courtney Roby,0.2760736196319018,0.4154175588865096,0.466804979253112,0.1237113402061855,0.1115702479338843,0,0.0871369294605809
Craig Heyward,0.1173333333333333,0.2564766839378238,0.3962264150943396,0.359173126614987,0.3780160857908847,0,0.4258760107816711
Craig James 2,0.163727959697733,0.5226666666666666,0.6386138613861386,0.6372712146422629,0.256,1,
Craig Mcewen,0.4941763727121464,0.5946666666666667,0.7202072538860104,0.7304582210242587,0.7906976744186046,1,
Craig Stevens,0.0639175257731958,0.0847107438016528,0.3112033195020747,0.501984126984127,0.6596558317399618,0,0.5573122529644269
Cris Carter,0.4742096505823627,0.7813333333333333,0.9145077720207254,0.9164420485175202,0.9069767441860463,0,0.9115281501340484
Cris Collinsworth,0.5776566757493188,0.8911174785100286,0.978319783197832,0.9848866498740554,0.9866666666666668,0,0.9925742574257426
Cullen Bryant,0.048689138576779,0.4265734265734265,0.50625,0.4811320754716981,0.3916913946587537,0,0.4850136239782016
Curt Warner,0.2032520325203252,0.4332493702770781,0.456,0.5297029702970297,0.6555740432612313,0,0.5306666666666666
Curtis Brown 3,0.0943396226415094,0.314540059347181,0.6893732970027248,0.7257617728531855,0.6076294277929155,0,0.3065902578796561
Curtis Conway,0.3018867924528302,0.6979166666666666,0.9394673123486684,0.9617224880382776,0.948905109489051,0,0.8966346153846154
Curtis Dickey,0.2742382271468144,0.4850136239782016,0.6532951289398281,0.7533875338753387,0.7204030226700252,0,0.6453333333333333
Curtis Duncan,0.6139767054908486,0.6426666666666667,0.8549222797927462,0.8679245283018868,0.8992248062015504,0,0.9490616621983914
Curtis Martin,0.2832929782082324,0.5119617224880383,0.6715328467153284,0.7379807692307693,0.6788154897494305,0,0.7266355140186916
D J Dozier,0.3094841930116472,0.328,0.5155440414507773,0.4528301886792453,0.3152454780361757,1,
D J Foster,0.0478011472275334,0.2233009708737864,0.2565543071161049,0.1933701657458563,0.1729729729729729,1,
D Wayne Bates,0.1138952164009111,0.3294392523364486,0.6112412177985949,0.7902869757174393,0.8078512396694215,1,
Daimon Shelton,0.09375,0.3075170842824601,0.5233644859813084,0.360655737704918,0.3818984547461369,0,0.1590909090909091
Dallas Clark,0.4194214876033058,0.6619144602851323,0.8568507157464212,0.860813704496788,0.9004149377593361,0,0.9030927835051548
Dalton Hilliard,0.1212871287128712,0.5640599001663894,0.608,0.7383419689119171,0.6954177897574124,0,0.6511627906976745
Damian Williams,0.2946058091286307,0.6825396825396826,0.8240917782026769,0.8181818181818182,0.7211155378486056,1,
Damien Williams,0.2788844621513944,0.4627450980392157,0.6845124282982792,0.6524271844660194,0.6966292134831461,0,0.7182320441988951
Damiere Byrd,0.2676864244741874,0.4854368932038835,0.6217228464419475,0.6648250460405156,0.736936936936937,0,0.8219424460431655
Damon Jones,0.2214111922141119,0.46875,0.7289293849658315,0.7149532710280374,0.7213114754098361,1,
Damone Johnson,0.4376039933444259,0.592,0.7461139896373057,0.706199460916442,0.6770025839793282,1,
Dan Arnold,0.1741573033707865,0.4604051565377532,0.7117117117117117,0.7392086330935251,0.7250470809792844,1,
Dan Campbell,0.0934579439252336,0.4426229508196721,0.6225165562913907,0.6962809917355371,0.6272912423625254,0,0.5848670756646217
Dan Doornink,0.1275964391691394,0.5504087193460491,0.7091412742382271,0.7874659400544959,0.7392550143266475,0,0.8184281842818428
Dan Johnson,0.1815718157181571,0.5340050377833753,0.76,0.8118811881188119,0.8219633943427621,1,
Dan Klecko,0.0977596741344195,0.0899795501022494,0.284796573875803,0.2136929460580912,0.3484536082474226,1,
Dan Kreider,0.116822429906542,0.1428571428571428,0.3377483443708609,0.4504132231404958,0.5234215885947047,0,0.4683026584867075
Dan Ross,0.4168937329700272,0.7562326869806094,0.8773841961852861,0.8939828080229226,0.8943089430894309,0,0.801007556675063
Danan Hughes,0.2473958333333333,0.4479418886198547,0.6028708133971292,0.5985401459854015,0.6418269230769231,1,
Dane Looker,0.4421487603305785,0.5356415478615071,0.7341513292433538,0.436830835117773,0.450207468879668,0,0.2989690721649484
Daniel Brown,0.1627450980392157,0.4149139579349904,0.5941747572815534,0.4269662921348314,0.440147329650092,0,0.4648648648648649
Daniel Fells,0.1979381443298969,0.4607438016528926,0.7406639004149378,0.7242063492063492,0.7093690248565966,0,0.4466403162055335
Daniel Graham,0.2781456953642384,0.6570247933884298,0.8126272912423625,0.83640081799591,0.7708779443254818,0,0.7178423236514523
Daniel Wilcox,0.1975560081466395,0.3844580777096114,0.5396145610278372,0.4771784232365145,0.4020618556701031,1,
Danny Amendola,0.2644628099173554,0.6576763485477178,0.7599206349206349,0.8145315487571702,0.8241106719367589,0,0.8366533864541833
Danny Pittman,0.2714681440443213,0.4468664850136239,0.6074498567335244,0.6531165311653117,0.6977329974811083,1,
Danny Woodhead,0.1797520661157025,0.5269709543568465,0.6964285714285714,0.7590822179732314,0.7924901185770751,0,0.7888446215139442
Dante Hall,0.5011037527593819,0.7396694214876033,0.8207739307535642,0.8282208588957055,0.7815845824411135,0,0.7240663900414938
Dante Rosario,0.3381742738589212,0.5814432989690722,0.7892561983471075,0.7593360995850622,0.7301587301587301,0,0.615678776290631
Darcy Johnson,0.032119914346895,0.0414937759336099,0.2536082474226804,0.3347107438016529,0.3340248962655601,1,
Darian Barnes,0.262396694214876,0.395112016293279,0.3619631901840491,0.2890792291220557,0.1182572614107883,0,0.2494845360824742
Darius Jennings,0.088235294117647,0.0975143403441682,0.0912621359223301,0.1367041198501872,0.3738489871086556,1,
Darius Reynaud,0.0495867768595041,0.0352697095435684,0.0416666666666666,0.141491395793499,0.1798418972332015,1,
Darnay Scott,0.6119791666666666,0.8668280871670703,0.9593301435406698,0.9683698296836984,0.9591346153846154,0,0.9749430523917996
Darnell Dinkins,0.1487603305785124,0.3462321792260692,0.50920245398773,0.5802997858672377,0.524896265560166,0,0.445360824742268
Darrel Williams,0.1310861423220973,0.4475138121546961,0.5981981981981982,0.7428057553956835,0.5706214689265536,1,
Darrel Young,0.2033195020746888,0.4325396825396825,0.6500956022944551,0.6699604743083004,0.6274900398406374,0,0.4705882352941176
Darrell Daniels,0.1087378640776699,0.1217228464419475,0.3186003683241252,0.372972972972973,0.3669064748201439,1,
Darrell Henderson,0.0773480662983425,0.3621621621621622,0.5665467625899281,0.5951035781544256,0.5588235294117647,1,
Darrell Jackson,0.4462616822429907,0.8360655737704918,0.9403973509933776,0.9772727272727272,0.9694501018329938,0,0.9611451942740288
Darren Fells,0.2051792828685259,0.5470588235294118,0.7265774378585086,0.7436893203883496,0.7172284644194756,0,0.7955801104972375
Darren Mcfadden,0.3134020618556701,0.5413223140495868,0.7925311203319502,0.7559523809523809,0.7380497131931166,0,0.6126482213438735
Darren Sproles,0.0797546012269938,0.0770877944325481,0.2302904564315352,0.5175257731958763,0.8099173553719008,0,0.8941908713692946
Darren Waller,0.092156862745098,0.3632887189292543,0.3223300970873786,0.4569288389513108,0.7697974217311234,0,0.9387387387387388
Darrin Nelson,0.157593123209169,0.4688346883468834,0.6221662468513854,0.6293333333333333,0.745049504950495,0,0.8036605657237936
Darrius Heyward Bey,0.2520661157024793,0.5746887966804979,0.8373015873015873,0.9177820267686424,0.8932806324110671,0,0.7410358565737052
Darryl Stingley,0.4425531914893617,0.6179775280898876,0.7902097902097902,0.825,0.9245283018867924,1,
Daryl Johnston,0.194300518134715,0.431266846361186,0.6718346253229974,0.6675603217158177,0.7223719676549866,0,0.6953125
Dave Casper,0.2022471910112359,0.3881118881118881,0.821875,0.9213836477987422,0.9851632047477744,0,0.9700272479564032
Dave Little,0.2065491183879093,0.4,0.6188118811881188,0.6289517470881864,0.1893333333333333,0,0.2046632124352331
Dave Logan,0.275,0.5471698113207547,0.8100890207715133,0.9237057220708448,0.9501385041551248,0,0.9427792915531336
Dave Meggett,0.3316062176165803,0.5633423180592992,0.7596899224806202,0.6514745308310992,0.6846361185983828,0,0.671875
Dave Moore,0.1662198391420911,0.4150943396226415,0.59375,0.5907990314769975,0.631578947368421,0,0.6885644768856448
Dave Preston,0.2670623145400593,0.4250681198910082,0.6537396121883656,0.6021798365122616,0.492836676217765,0,0.4607046070460704
Dave Studdard,0.0381471389645776,0.0166204986149584,0.215258855585831,0.1346704871060172,0.1788617886178861,0,0.0
David Anderson,0.3083511777301927,0.5850622406639004,0.7690721649484537,0.7913223140495868,0.7614107883817427,0,0.6686507936507936
David Boston,0.3735763097949886,0.7710280373831776,0.9695550351288056,0.9757174392935982,0.9545454545454546,0,0.7637474541751528
David Dunn,0.2009685230024213,0.5956937799043063,0.7956204379562044,0.7932692307692307,0.6993166287015945,0,0.5584112149532711
David Givens,0.1390728476821192,0.640495867768595,0.8676171079429735,0.9325153374233128,0.8822269807280514,1,
David Hill,0.40625,0.7138364779874213,0.887240356083086,0.9155313351498636,0.8781163434903048,0,0.8310626702997275
David Hughes,0.0490463215258855,0.2951289398280802,0.4227642276422764,0.5314861460957179,0.488,0,0.5
David Johnson,0.3647058823529411,0.8183556405353728,0.829126213592233,0.8445692883895131,0.7053406998158379,0,0.7405405405405405
David Johnson 1,0.0785123966942148,0.2385892116182572,0.4365079365079365,0.4072657743785851,0.458498023715415,0,0.3207171314741036
David Knight,0.2212765957446808,0.7265917602996255,0.6818181818181818,0.809375,0.5911949685534591,1,
David Martin,0.2412177985948477,0.4150110375275938,0.5764462809917356,0.560081466395112,0.6748466257668712,0,0.702355460385439
David Nelson,0.3423236514522821,0.7202380952380952,0.8202676864244742,0.8142292490118577,0.5597609561752988,1,
David Palmer,0.1822916666666666,0.4382566585956416,0.5382775119617225,0.4768856447688564,0.5769230769230769,0,0.5899772209567198
David Patten,0.3333333333333333,0.5889423076923077,0.7266514806378133,0.677570093457944,0.7892271662763466,0,0.9006622516556292
David Sloan,0.2784503631961259,0.361244019138756,0.5352798053527981,0.59375,0.7881548974943052,0,0.8130841121495327
David Terrell,0.4918032786885246,0.7041942604856513,0.8057851239669421,0.8370672097759674,0.7096114519427403,1,
David Thomas,0.2462526766595289,0.5,0.6515463917525773,0.6900826446280992,0.7033195020746889,0,0.6091269841269841
David Tyree,0.3326446280991735,0.539714867617108,0.6359918200408998,0.6102783725910065,0.558091286307054,1,
Davone Bess,0.4391752577319587,0.737603305785124,0.9066390041493776,0.8670634920634921,0.892925430210325,0,0.8260869565217391
De Anthony Thomas,0.2091633466135458,0.4274509803921568,0.5602294455066922,0.5844660194174758,0.5786516853932584,0,0.5432780847145487
Deandre Washington,0.1548757170172084,0.3708737864077669,0.4719101123595505,0.5893186003683242,0.4900900900900901,1,
Deandrew White,0.2078431372549019,0.2294455066921606,0.4757281553398058,0.2378277153558052,0.4419889502762431,1,
Deangelo Williams,0.3254817987152034,0.533195020746888,0.688659793814433,0.6673553719008265,0.6078838174273858,0,0.5992063492063492
Dede Westbrook,0.233009708737864,0.6367041198501873,0.8729281767955801,0.8072072072072072,0.6348920863309353,1,
Dedric Ward,0.1338199513381995,0.6682692307692307,0.8200455580865603,0.9088785046728972,0.8501170960187353,0,0.8123620309050773
Dee Brown,0.1810154525386313,0.1859504132231405,0.1588594704684317,0.1922290388548057,0.2869379014989293,1,
Deems May,0.1328125,0.1428571428571428,0.4210526315789473,0.4574209245742092,0.5528846153846154,1,
Deion Branch,0.5298013245033113,0.8347107438016529,0.9144602851323828,0.9386503067484664,0.9207708779443254,0,0.950207468879668
Deion Sanders,0.0025906735751295,0.0,0.2041343669250646,0.4262734584450402,0.633423180592992,0,0.4713541666666667
Del Rodgers,0.0716332378223495,0.065040650406504,0.2695214105793451,0.0906666666666666,0.1287128712871287,0,0.4409317803660565
Delanie Walker,0.171306209850107,0.4211618257261411,0.6474226804123712,0.6508264462809917,0.6369294605809128,0,0.6388888888888888
Delvin Williams,0.0636704119850187,0.548951048951049,0.753125,0.8144654088050315,0.7537091988130564,0,0.6811989100817438
Demarco Murray,0.244047619047619,0.4588910133843212,0.6837944664031621,0.6792828685258964,0.7294117647058823,0,0.7992351816443595
Demaryius Thomas,0.2717842323651452,0.6428571428571429,0.9139579349904398,0.9782608695652174,1.0,0,0.9980392156862744
Demetrius Harris,0.099601593625498,0.2764705882352941,0.4206500956022944,0.5825242718446602,0.6591760299625468,0,0.7366482504604052
Demetrius Williams,0.4025695931477516,0.6784232365145229,0.8020618556701031,0.7355371900826446,0.5020746887966805,1,
Dennis Gentry,0.0458452722063037,0.040650406504065,0.0957178841309823,0.2533333333333333,0.5767326732673267,0,0.7903494176372712
Dennis Mckinnon,0.3441734417344173,0.6196473551637279,0.84,0.7079207920792079,0.8169717138103162,0,0.7493333333333333
Dennis Northcutt,0.3691588785046729,0.5433255269320844,0.8322295805739515,0.890495867768595,0.9490835030549898,0,0.9222903885480572
Dennis Pitta,0.0477178423236514,0.4226190476190476,0.7667304015296367,0.8537549407114624,0.7808764940239044,0,0.4176470588235294
Deonte Harris,0.1012891344383057,0.409009009009009,0.762589928057554,0.7325800376647834,0.7490196078431373,1,
Deonte Thompson,0.1663479923518164,0.3596837944664031,0.3466135458167331,0.5137254901960784,0.627151051625239,0,0.8174757281553398
Derek Brown 2,0.0402144772117962,0.2506738544474393,0.3098958333333333,0.1840193704600484,0.1961722488038277,0,0.3746958637469586
Derek Carr,0.0398406374501992,0.0235294117647058,0.0305927342256214,0.0077669902912621,0.0337078651685393,0,0.0220994475138121
Derek Carrier,0.1135458167330677,0.3215686274509804,0.4053537284894837,0.458252427184466,0.4288389513108614,0,0.5451197053406999
Derek Hagan,0.2676659528907923,0.6203319502074689,0.7422680412371134,0.7107438016528925,0.6659751037344398,0,0.6884920634920635
Derek Loville,0.2916666666666667,0.6610169491525424,0.7607655502392344,0.6496350364963503,0.4711538461538461,0,0.4259681093394077
Derek Russell,0.3746770025839793,0.5522788203753352,0.7870619946091644,0.7994791666666666,0.8256658595641646,0,0.8110047846889952
Derek Tennell,0.4675540765391014,0.4586666666666666,0.5880829015544041,0.3935309973045822,0.4160206718346253,0,0.3404825737265415
Derek Ware,0.1930294906166219,0.4339622641509434,0.5520833333333334,0.6246973365617433,0.4712918660287081,1,
Derek Watt,0.2982791586998088,0.5223300970873787,0.5468164794007491,0.4732965009208103,0.1639639639639639,0,0.2158273381294964
Derrick Alexander,0.4739583333333333,0.6440677966101694,0.9210526315789472,0.927007299270073,0.9879807692307692,0,0.9658314350797268
Derrick Blaylock,0.1699779249448123,0.4400826446280991,0.6313645621181263,0.5746421267893661,0.4603854389721627,1,
Derrick Coleman,0.0928853754940711,0.3904382470119522,0.4470588235294118,0.3499043977055449,0.1592233009708737,0,0.2771535580524344
Derrick Fenner 2,0.0751295336787564,0.2398921832884097,0.2945736434108527,0.3190348525469169,0.4501347708894879,0,0.5989583333333334
Derrick Gaffney,0.5341246290801187,0.773841961852861,0.8614958448753463,0.7901907356948229,0.7936962750716332,0,0.8075880758807588
Derrick Harris,0.0287081339712918,0.0291970802919708,0.1081730769230769,0.10250569476082,0.1098130841121495,0,0.0468384074941452
Derrick Jensen,0.0926430517711171,0.2465373961218836,0.4931880108991825,0.335243553008596,0.3685636856368564,0,0.3400503778337531
Derrick Mason,0.1143552311435523,0.5600961538461539,0.7107061503416856,0.8411214953271028,0.9203747072599532,0,0.9735099337748344
Derrick Mayes,0.1650717703349282,0.5328467153284672,0.7548076923076923,0.8473804100227791,0.8317757009345794,1,
Derrick Ramsey,0.3024523160762943,0.4903047091412742,0.7329700272479565,0.5415472779369628,0.6802168021680217,0,0.8161209068010076
Derrick Walker,0.2210242587601078,0.3901808785529715,0.6916890080428955,0.7115902964959568,0.7760416666666666,0,0.7094430992736077
Derrick Ward,0.0736196319018405,0.0642398286937901,0.2987551867219917,0.5896907216494846,0.7334710743801653,0,0.6887966804979253
Desean Jackson,0.5443298969072164,0.8636363636363636,0.966804979253112,0.9742063492063492,0.9464627151051626,0,0.9624505928853756
Deshaun Foster,0.1880165289256198,0.405295315682281,0.6666666666666666,0.6316916488222698,0.5643153526970954,0,0.4639175257731959
Desmond Clark,0.0273348519362186,0.4485981308411215,0.6463700234192038,0.7527593818984547,0.7066115702479339,0,0.6965376782077393
Desmond Howard,0.064343163538874,0.4177897574123989,0.7864583333333334,0.8401937046004843,0.7727272727272727,0,0.3722627737226277
Detron Smith,0.097323600973236,0.2644230769230769,0.4305239179954442,0.455607476635514,0.3489461358313817,0,0.4988962472406181
Deuce Mcallister,0.234192037470726,0.6181015452538632,0.8367768595041323,0.8167006109979633,0.7709611451942741,0,0.5931477516059958
Devante Parker,0.3980392156862745,0.7934990439770554,0.9067961165048544,0.8801498127340824,0.9300184162062616,0,0.9351351351351352
Devard Darling,0.065173116089613,0.0593047034764826,0.0492505353319057,0.4024896265560166,0.6701030927835051,1,
Devery Henderson,0.3721881390593047,0.8008565310492506,0.9128630705394192,0.9381443298969072,0.9338842975206612,0,0.9315352697095436
Devin Aromashodu,0.2427385892116182,0.2329896907216495,0.5619834710743802,0.5601659751037344,0.7738095238095238,0,0.7495219885277247
Devin Funchess,0.3568627450980392,0.6902485659655831,0.912621359223301,0.9269662921348316,0.8802946593001841,1,
Devin Hester,0.032119914346895,0.3651452282157676,0.7175257731958763,0.8863636363636364,0.8858921161825726,0,0.8412698412698413
Devin Smith,0.1490196078431372,0.4282982791586998,0.4116504854368932,0.2209737827715356,0.292817679558011,0,0.2684684684684684
Devine Ozigbo,0.0718232044198895,0.2558558558558558,0.4388489208633093,0.4067796610169492,0.3607843137254902,1,
Devonta Freeman,0.2450199203187251,0.596078431372549,0.8317399617590823,0.8252427184466019,0.7284644194756554,0,0.6906077348066298
Devontae Booker,0.1395793499043977,0.4,0.5655430711610487,0.574585635359116,0.4792792792792792,0,0.5377697841726619
Dexter Bussey,0.0674157303370786,0.486013986013986,0.634375,0.6729559748427673,0.6617210682492581,0,0.6376021798365122
Dexter Carter,0.2776280323450135,0.5633074935400517,0.7613941018766756,0.7304582210242587,0.7057291666666666,0,0.4818401937046004
Dexter Mccluster,0.2883817427385892,0.5297619047619048,0.734225621414914,0.8043478260869565,0.7848605577689243,0,0.7372549019607844
Dez Bryant,0.4564315352697095,0.8095238095238095,0.965583173996176,0.9762845849802372,0.9920318725099602,0,0.9705882352941176
Dez White,0.0467289719626168,0.468384074941452,0.7483443708609272,0.878099173553719,0.8778004073319755,0,0.8179959100204499
Dino Hall,0.0626702997275204,0.0443213296398892,0.0245231607629427,0.2893982808022922,0.4254742547425474,1,
Dion Lewis,0.0634920634920634,0.2791586998087954,0.2470355731225296,0.1752988047808765,0.2196078431372549,0,0.3919694072657744
Dion Sims,0.1106719367588932,0.4521912350597609,0.5627450980392157,0.6826003824091779,0.6349514563106796,0,0.601123595505618
Dokie Williams,0.2005420054200542,0.6347607052896725,0.92,0.9603960396039604,0.9683860232945092,1,
Domenik Hixon,0.0995850622406639,0.5360824742268041,0.731404958677686,0.6742738589211619,0.492063492063492,0,0.5850860420650096
Dominic Rhodes,0.1311475409836065,0.1169977924944812,0.3884297520661157,0.384928716904277,0.5337423312883436,0,0.5010706638115632
Dominique Jones,0.0898661567877629,0.3498023715415019,0.3406374501992031,0.2490196078431372,0.1644359464627151,1,
Don Beebe,0.4145077720207253,0.6549865229110512,0.8372093023255814,0.839142091152815,0.8490566037735849,0,0.8854166666666666
Don Calhoun,0.0337078651685393,0.4335664335664335,0.503125,0.5786163522012578,0.4421364985163205,0,0.4523160762942779
Don Hardeman,0.0454545454545454,0.140625,0.3113207547169811,0.3649851632047478,0.444141689373297,1,
Don Hasselbeck,0.2861635220125786,0.4183976261127596,0.5912806539509536,0.5844875346260388,0.7683923705722071,0,0.8051575931232091
Don Mccauley,0.031578947368421,0.4439252336448598,0.6042553191489362,0.7303370786516854,0.6293706293706294,0,0.696875
Don Nottingham,0.2894736842105263,0.4859813084112149,0.5702127659574469,0.5093632958801498,0.3846153846153846,0,0.378125
Don Warren,0.3106267029972752,0.5263157894736842,0.6975476839237057,0.7564469914040115,0.7913279132791328,0,0.783375314861461
Don Woods,0.5168539325842697,0.6118881118881119,0.7625,0.6918238993710691,0.771513353115727,0,0.6430517711171662
Donald Brown,0.3181818181818182,0.5352697095435685,0.6607142857142857,0.5659655831739961,0.6264822134387352,0,0.5976095617529881
Donald Driver,0.1731207289293849,0.5747663551401869,0.7330210772833724,0.9050772626931568,0.9173553719008264,0,0.9714867617107944
Donald Hayes,0.2836538461538461,0.6605922551252847,0.852803738317757,0.8805620608899297,0.847682119205298,1,
Donald Lee,0.3037190082644628,0.3380855397148676,0.6278118609406953,0.6188436830835118,0.8091286307053942,0,0.8185567010309278
Donald Penn,0.2582644628099173,0.4315352697095436,0.4464285714285714,0.2179732313575526,0.1699604743083003,0,0.4023904382470119
Donnell Bennett,0.15625,0.4358353510895884,0.4665071770334928,0.3284671532846715,0.1538461538461538,0,0.2369020501138952
Donnie Avery,0.5257731958762887,0.7933884297520661,0.7738589211618258,0.6031746031746031,0.6443594646271511,0,0.83399209486166
Donte Moncrief,0.4183266932270916,0.7647058823529411,0.8986615678776291,0.8815533980582524,0.8707865168539326,0,0.7863720073664825
Donte Stallworth,0.6247240618101545,0.8119834710743802,0.9307535641547862,0.934560327198364,0.9571734475374732,0,0.9605809128630706
Dontrell Hilliard,0.1947565543071161,0.4069981583793738,0.463063063063063,0.3435251798561151,0.4406779661016949,1,
Dontrelle Inman,0.2270916334661354,0.503921568627451,0.8393881453154876,0.8407766990291262,0.8614232209737828,0,0.7753222836095764
Dorsey Levens,0.0572916666666666,0.4648910411622276,0.6913875598086124,0.8223844282238443,0.7716346153846154,0,0.7904328018223234
Doug Baldwin,0.5476190476190477,0.7743785850860421,0.9229249011857708,0.9223107569721116,0.9686274509803922,0,0.9808795411089866
Doug Cosbie,0.0980926430517711,0.1329639889196676,0.4359673024523161,0.7994269340974212,0.9159891598915988,0,0.947103274559194
Doug Dennison,0.0936329588014981,0.0979020979020979,0.29375,0.3050314465408805,0.2818991097922849,1,
Doug Dressler,0.3578947368421052,0.6308411214953271,0.6127659574468085,0.6704119850187266,0.4055944055944055,1,
Doug Jolley,0.4724061810154525,0.6590909090909091,0.7759674134419552,0.7484662576687117,0.6359743040685225,1,
Doug Kotar,0.1348314606741573,0.3216783216783216,0.60625,0.720125786163522,0.7804154302670623,0,0.7574931880108992
Doug Marsh,0.3213296398891966,0.3732970027247956,0.5959885386819485,0.6720867208672087,0.871536523929471,0,0.8506666666666667
Doug Martin,0.4493307839388145,0.5632411067193676,0.6454183266932271,0.4431372549019607,0.5411089866156787,0,0.5864077669902913
Drew Bennett,0.4309133489461358,0.7262693156732892,0.8801652892561983,0.9389002036659878,0.9427402862985684,0,0.9271948608137044
Drew Hill,0.2779291553133515,0.6011080332409973,0.8010899182561307,0.7765042979942693,0.5582655826558266,0,0.6272040302267002
Drew Pearson,0.4893617021276595,0.8913857677902621,0.9790209790209792,0.996875,0.9874213836477987,0,0.9703264094955488
Duane Thomas,0.25625,0.5631578947368421,0.4719626168224299,0.4468085106382978,0.3071161048689138,1,
Duane Young,0.0465116279069767,0.2171581769436997,0.3557951482479784,0.5651041666666666,0.5980629539951574,1,
Duce Staley,0.0900243309002433,0.40625,0.6719817767653758,0.6308411214953271,0.6861826697892272,0,0.7704194260485652
Dujuan Harris,0.0615079365079365,0.2409177820267686,0.1956521739130435,0.3685258964143426,0.4058823529411764,0,0.5965583173996176
Duke Johnson,0.3764705882352941,0.6768642447418738,0.8466019417475729,0.848314606741573,0.8692449355432781,0,0.7891891891891892
Duriel Harris,0.44375,0.7767295597484277,0.9198813056379822,0.9509536784741144,0.9085872576177284,0,0.9373297002724796
Dustin Keller,0.4701030927835051,0.7210743801652892,0.8921161825726142,0.9027777777777778,0.8967495219885278,1,
Dustin Lyman,0.0210280373831775,0.0234192037470726,0.2626931567328918,0.4524793388429752,0.5213849287169042,1,
Dwayne Allen,0.4034416826003824,0.6383399209486166,0.8047808764940239,0.7,0.762906309751434,0,0.6233009708737864
Dwayne Bowe,0.6493775933609959,0.8969072164948454,0.9462809917355371,0.9771784232365144,0.9682539682539684,0,0.9732313575525812
Dwayne Carswell,0.1380145278450363,0.2727272727272727,0.4160583941605839,0.4879807692307692,0.5945330296127562,0,0.735981308411215
Dwayne Harris,0.2944550669216061,0.4901185770750988,0.6414342629482072,0.6941176470588235,0.7189292543021033,0,0.5766990291262136
Dwayne Washington,0.147227533460803,0.3067961165048544,0.3333333333333333,0.2559852670349908,0.0648648648648648,0,0.1438848920863309
Dwight Clark,0.2670299727520436,0.7922437673130194,0.9591280653950952,0.997134670487106,0.994579945799458,0,0.9949622166246852
Dwight Scales,0.428125,0.5534591194968553,0.6884272997032641,0.667574931880109,0.4487534626038781,0,0.5967302452316077
Dwight Stone,0.4209650582362729,0.4373333333333333,0.5854922279792746,0.6819407008086253,0.8630490956072352,0,0.906166219839142
Dwight Walker,0.2979942693409742,0.5067750677506775,0.6423173803526449,0.3973333333333333,0.1732673267326732,0,0.0915141430948419
Earl Bennett,0.0288659793814433,0.4772727272727273,0.7489626556016598,0.8313492063492064,0.8298279158699808,0,0.7707509881422925
Earl Campbell,0.0979228486646884,0.3514986376021798,0.3628808864265928,0.4196185286103542,0.4699140401146132,0,0.6016260162601627
Earl Cooper,0.5817174515235457,0.7247956403269755,0.7736389684813754,0.6585365853658537,0.7506297229219143,0,0.7013333333333334
Earl Ferrell,0.0604534005037783,0.368,0.6831683168316832,0.8535773710482529,0.7866666666666666,0,0.6062176165803109
Earl Mccullouch,0.775,0.9,0.8644859813084113,0.8297872340425532,0.5617977528089888,1,
Earl Thomas 2,0.2105263157894736,0.5887850467289719,0.774468085106383,0.9138576779026216,0.9230769230769232,0,0.828125
Early Doucet,0.156701030927835,0.4979338842975206,0.6825726141078838,0.8035714285714286,0.7858508604206501,1,
Earnest Byner,0.2090680100755667,0.5146666666666667,0.7128712871287128,0.8635607321131448,0.84,0,0.8419689119170984
Earnest Graham,0.0346232179226069,0.0449897750511247,0.0513918629550321,0.2946058091286307,0.4989690721649484,0,0.6053719008264463
Earnest Gray,0.4632152588555858,0.8254847645429363,0.888283378746594,0.9111747851002864,0.9539295392953928,0,0.964735516372796
Earnest Jackson,0.075880758807588,0.3375314861460957,0.496,0.6336633663366337,0.6988352745424293,0,0.4613333333333333
Eason Ramson,0.2967359050445103,0.3242506811989101,0.4681440443213296,0.4059945504087193,0.5702005730659025,0,0.3739837398373983
Ed Beckman,0.0125786163522012,0.0267062314540059,0.1416893732970027,0.0664819944598338,0.0299727520435967,0,0.0085959885386819
Ed Dickson,0.2551867219917012,0.6170634920634921,0.7648183556405354,0.7984189723320159,0.7051792828685259,0,0.6725490196078432
Ed Marinaro,0.3785046728971962,0.5957446808510638,0.7378277153558053,0.8006993006993007,0.7875,1,
Ed Marshall,0.0789473684210526,0.0887850467289719,0.1191489361702127,0.0037453183520599,0.0069930069930069,0,0.359375
Ed Mccaffrey,0.2377260981912144,0.5951742627345844,0.7654986522911051,0.796875,0.7796610169491526,0,0.8325358851674641
Ed Perry,0.0705596107055961,0.4038461538461538,0.5170842824601367,0.4182242990654206,0.072599531615925,0,0.0353200883002207
Ed Podolak,0.7625,0.7894736842105263,0.8598130841121495,0.8893617021276595,0.906367041198502,0,0.8951048951048951
Ed West,0.2644836272040302,0.3866666666666666,0.6732673267326733,0.8119800332778702,0.72,0,0.7564766839378239
Eddie Bell,0.70625,0.6578947368421053,0.8271028037383178,0.8595744680851064,0.846441947565543,0,0.7832167832167832
Eddie Berlin,0.0749414519906323,0.4039735099337748,0.6983471074380165,0.769857433808554,0.689161554192229,1,
Eddie Brown 2,0.592,0.8787128712871287,0.9700499168053244,0.976,0.9740932642487048,0,0.9865229110512128
Eddie Drummond,0.0662251655629139,0.0867768595041322,0.0712830957230142,0.0081799591002045,0.0942184154175588,1,
Eddie George,0.2105263157894736,0.3479318734793187,0.6442307692307693,0.7380410022779044,0.8387850467289719,0,0.8243559718969555
Eddie Kennison,0.5430622009569378,0.7639902676399026,0.8389423076923077,0.8610478359908884,0.866822429906542,0,0.8875878220140515
Eddie Lacy,0.2885375494071146,0.6733067729083665,0.7549019607843137,0.6749521988527725,0.4796116504854369,1,
Eddie Lee Ivery,0.4044321329639889,0.3787465940054496,0.6303724928366762,0.5013550135501355,0.5818639798488665,0,0.56
Eddie Ray,0.1074766355140186,0.4170212765957446,0.5393258426966292,0.4545454545454545,0.221875,1,
Eddie Royal,0.6041237113402061,0.7851239669421488,0.8962655601659751,0.7837301587301587,0.768642447418738,0,0.8122529644268774
Edgar Bennett,0.1099195710455764,0.5202156334231806,0.7734375,0.837772397094431,0.7990430622009569,0,0.5304136253041363
Edgerrin James,0.3553530751708428,0.7009345794392523,0.7704918032786885,0.7284768211920529,0.6549586776859504,0,0.7820773930753564
Elijhaa Penny,0.1262135922330097,0.2940074906367041,0.3793738489871086,0.3261261261261261,0.3327338129496403,1,
Elmo Wright,0.6894736842105263,0.6822429906542056,0.8212765957446808,0.6891385767790262,0.6503496503496503,1,
Emerson Boozer,0.69375,0.6421052631578947,0.7102803738317757,0.676595744680851,0.704119850187266,0,0.6258741258741258
Emery Moorehead,0.270440251572327,0.3827893175074184,0.4577656675749318,0.2576177285318559,0.0463215258855585,0,0.6017191977077364
Emile Harry,0.4306930693069307,0.5723793677204659,0.6693333333333333,0.6088082901554405,0.8301886792452831,0,0.8552971576227391
Emmanuel Sanders,0.3402489626556016,0.6190476190476191,0.7915869980879541,0.8517786561264822,0.9362549800796812,0,0.9803921568627452
Emmitt Smith,0.0026954177897574,0.0025839793281653,0.1849865951742627,0.5768194070080862,0.7604166666666666,0,0.7869249394673123
Equanimeous St Brown,0.3127340823970037,0.3314917127071823,0.5603603603603604,0.4316546762589928,0.672316384180791,0,0.6254901960784314
Eric Ball,0.0958549222797927,0.2938005390835579,0.3281653746770026,0.3860589812332439,0.3153638814016172,0,0.3463541666666667
Eric Bieniemy,0.0884718498659517,0.105121293800539,0.296875,0.4794188861985472,0.6698564593301436,0,0.7153284671532847
Eric Bjornson,0.1331719128329297,0.4258373205741627,0.5742092457420924,0.7019230769230769,0.6697038724373576,0,0.6845794392523364
Eric Decker,0.1929460580912863,0.5892857142857143,0.904397705544933,0.966403162055336,0.9840637450199204,0,0.9823529411764704
Eric Dickerson,0.2493224932249322,0.3501259445843829,0.464,0.344059405940594,0.6056572379367721,0,0.464
Eric Ebron,0.2529880478087649,0.6686274509803921,0.8795411089866156,0.9145631067961164,0.9382022471910112,0,0.9171270718232044
Eric Fisher,0.0,0.0,0.0,0.005524861878453,0.1531531531531531,1,
Eric Green 2,0.3126684636118598,0.6640826873385013,0.7640750670241286,0.8221024258760108,0.8177083333333334,0,0.8547215496368039
Eric Guliford,0.4043126684636118,0.4348958333333333,0.7046004842615012,0.3636363636363636,0.6642335766423357,0,0.5961538461538461
Eric Johnson,0.2880562060889929,0.5805739514348786,0.53099173553719,0.6741344195519349,0.4396728016359918,0,0.6766595289079229
Eric Kattus,0.2054455445544554,0.6805324459234608,0.528,0.4922279792746113,0.4177897574123989,0,0.6382428940568475
Eric Lane 2,0.1389645776566757,0.1146131805157593,0.1734417344173441,0.1914357682619647,0.3893333333333333,0,0.5074257425742574
Eric Martin 2,0.4426666666666666,0.7722772277227723,0.9633943427620631,0.9546666666666668,0.9792746113989638,0,0.9595687331536388
Eric Metcalf,0.4041450777202072,0.6630727762803235,0.7932816537467701,0.7533512064343163,0.7681940700808625,0,0.78125
Eric Moulds,0.3349282296650718,0.5255474452554745,0.8870192307692307,0.9544419134396356,0.9929906542056076,0,0.97423887587822
Eric Parker,0.3995584988962472,0.6652892561983471,0.8329938900203666,0.8916155419222904,0.9100642398286938,1,
Eric Sievers,0.3596730245231607,0.6361031518624641,0.8157181571815718,0.8387909319899244,0.8293333333333334,0,0.754950495049505
Eric Torkelson,0.0337078651685393,0.1503496503496503,0.384375,0.4716981132075472,0.4985163204747774,0,0.4659400544959128
Eric Weems,0.068041237113402,0.3016528925619834,0.4605809128630705,0.5575396825396826,0.5640535372848948,0,0.6027667984189723
Erik Lorig,0.1887966804979253,0.3551587301587302,0.5353728489483748,0.5098814229249012,0.4681274900398406,1,
Erik Norgard,0.2210242587601078,0.28125,0.2566585956416465,0.1363636363636363,0.3430656934306569,1,
Ernest Givins,0.6707920792079208,0.9201331114808652,0.9813333333333332,0.9766839378238342,0.967654986522911,0,0.9534883720930232
Ernest Wilford,0.3279022403258655,0.7443762781186094,0.867237687366167,0.8962655601659751,0.7917525773195876,0,0.7128099173553719
Ernie Conwell,0.2440191387559808,0.6131386861313869,0.7331730769230769,0.7175398633257403,0.5630841121495327,0,0.6323185011709602
Ernie Jones,0.4106666666666667,0.7331606217616581,0.8867924528301887,0.9121447028423773,0.9302949061662198,0,0.894878706199461
Ernie Mills,0.3540051679586563,0.5576407506702413,0.7574123989218329,0.8020833333333334,0.8789346246973365,0,0.8421052631578947
Erric Pegram,0.0077519379844961,0.1072386058981233,0.3423180592991914,0.4947916666666667,0.3777239709443099,0,0.3253588516746411
Errict Rhett,0.1223958333333333,0.3462469733656174,0.3947368421052631,0.2238442822384428,0.1370192307692307,0,0.3485193621867881
Erron Kinney,0.1401869158878504,0.4941451990632318,0.6843267108167771,0.7541322314049587,0.7393075356415478,0,0.8139059304703476
Essex Johnson,0.6875,0.7526315789473684,0.8364485981308412,0.8808510638297873,0.8089887640449438,0,0.7307692307692307
Ethan Horton,0.088,0.1237623762376237,0.4958402662229617,0.112,0.4015544041450777,0,0.5822102425876011
Felix Jones,0.0783505154639175,0.3037190082644628,0.6307053941908713,0.6805555555555556,0.7284894837476099,0,0.5830039525691699
Ferrell Edmunds,0.232,0.5362694300518135,0.738544474393531,0.7467700258397932,0.6702412868632708,0,0.6037735849056604
Flipper Anderson,0.392,0.8678756476683938,0.9649595687331536,0.9483204134366924,0.9222520107238604,0,0.8867924528301887
Floyd Dixon,0.5222772277227723,0.8801996672212978,0.8933333333333333,0.8808290155440415,0.8140161725067385,0,0.8010335917312662
Floyd Little,0.525,0.7105263157894737,0.8037383177570093,0.8851063829787233,0.8726591760299626,0,0.8776223776223776
Floyd Turner,0.2616580310880829,0.6064690026954178,0.8888888888888888,0.8257372654155496,0.784366576819407,0,0.7135416666666666
Fozzy Whittaker,0.2035573122529644,0.4223107569721115,0.5352941176470588,0.5831739961759083,0.5592233009708738,1,
Fran Lynch,0.3125,0.5105263157894737,0.5467289719626168,0.4,0.1610486891385767,0,0.1188811188811188
Franco Harris,0.3364485981308411,0.4297872340425532,0.6479400749063671,0.6573426573426573,0.715625,0,0.610062893081761
Frank Gore,0.1574642126789366,0.5032119914346895,0.7551867219917012,0.8103092783505155,0.8285123966942148,0,0.8153526970954357
Frank Grant,0.1489361702127659,0.4756554307116105,0.8601398601398601,0.953125,0.9748427672955976,0,0.9050445103857568
Frank Hartley,0.1380208333333333,0.4140435835351089,0.3732057416267942,0.4963503649635036,0.5384615384615384,1,
Frank Hawkins,0.1335149863760218,0.2578796561604584,0.3658536585365853,0.4030226700251889,0.4293333333333333,0,0.5495049504950495
Frank Lewis,0.2052631578947368,0.602803738317757,0.8170212765957446,0.902621722846442,0.8846153846153846,0,0.8625
Frank Pitts,0.675,0.8631578947368421,0.9252336448598132,0.9574468085106383,0.8539325842696629,1,
Frank Pollard,0.0953678474114441,0.1690544412607449,0.3306233062330623,0.4433249370277078,0.5973333333333334,0,0.6014851485148515
Frank Sanders,0.5835351089588378,0.8253588516746412,0.9197080291970804,0.908653846153846,0.9157175398633256,0,0.9345794392523364
Frank Wainright,0.0284237726098191,0.3163538873994638,0.2857142857142857,0.3333333333333333,0.0193704600484261,0,0.1435406698564593
Frank Wycheck,0.0781671159029649,0.2786458333333333,0.585956416464891,0.7033492822966507,0.8442822384428224,0,0.8341346153846154
Fred Banks,0.2266666666666666,0.3094059405940594,0.6422628951747088,0.5973333333333334,0.7979274611398963,0,0.7924528301886793
Fred Barnett,0.4716981132075472,0.8217054263565892,0.96514745308311,0.9110512129380054,0.9401041666666666,0,0.8716707021791767
Fred Baxter,0.2722371967654987,0.4088541666666667,0.6368038740920097,0.569377990430622,0.7031630170316302,0,0.71875
Fred Beasley,0.1778846153846154,0.4874715261958998,0.6915887850467289,0.6229508196721312,0.5894039735099338,0,0.5681818181818182
Fred Biletnikoff,0.975,0.9894736842105264,0.9906542056074766,1.0,0.99250936329588,0,0.9545454545454546
Fred Davis,0.1010309278350515,0.5702479338842975,0.7780082987551867,0.8829365079365079,0.8623326959847036,0,0.8102766798418972
Fred Jackson,0.2904564315352697,0.5587628865979382,0.75,0.7365145228215768,0.7718253968253969,0,0.7323135755258127
Fred Mcafee,0.0516795865633074,0.292225201072386,0.2938005390835579,0.3411458333333333,0.1452784503631961,0,0.1794258373205741
Fred Mccrary,0.0944309927360774,0.0669856459330143,0.121654501216545,0.0625,0.3416856492027335,0,0.4789719626168224
Fred Taylor,0.3942307692307692,0.5808656036446469,0.647196261682243,0.4496487119437939,0.5849889624724062,0,0.7252066115702479
Fred Willis,0.4368421052631579,0.677570093457944,0.8723404255319149,0.8576779026217228,0.7517482517482518,0,0.68125
Freddie Jones,0.4282238442822384,0.7283653846153846,0.856492027334852,0.8154205607476636,0.8407494145199064,0,0.7947019867549668
Freddie Martino,0.0398406374501992,0.0235294117647058,0.3059273422562141,0.5475728155339806,0.5187265917602997,1,
Freddie Scott,0.4269662921348314,0.3811188811188811,0.48125,0.4654088050314465,0.7477744807121661,0,0.9100817438692098
Freddie Solomon 2,0.5104895104895105,0.75,0.8427672955974843,0.8427299703264095,0.885558583106267,0,0.9390581717451524
Freeman Mcneil,0.1934604904632152,0.5157593123209169,0.5880758807588076,0.6700251889168766,0.6106666666666667,0,0.7648514851485149
Garrett Celek,0.1778202676864244,0.3181818181818182,0.5956175298804781,0.6509803921568628,0.7170172084130019,0,0.7533980582524272
Garrett Graham,0.2638888888888889,0.5487571701720841,0.733201581027668,0.7529880478087649,0.6019607843137255,1,
Garrett Griffin,0.0737864077669902,0.0655430711610486,0.0515653775322283,0.0072072072072072,0.0773381294964028,1,
Garrison Hearst,0.0673854447439353,0.2369791666666666,0.4939467312348668,0.6124401913875598,0.6982968369829684,0,0.7884615384615384
Gary Anderson 3,0.304,0.7178217821782178,0.903494176372712,0.816,0.466321243523316,0,0.4097035040431266
Gary Barnidge,0.0288659793814433,0.268595041322314,0.2800829875518672,0.2837301587301587,0.2466539196940726,0,0.4782608695652174
Gary Brown 2,0.082687338501292,0.0804289544235924,0.4097035040431266,0.5390625,0.5205811138014528,0,0.1698564593301435
Gary Butler,0.2893617021276595,0.3220973782771535,0.2622377622377622,0.0125,0.1792452830188679,1,
Gary Clark,0.6,0.9108910891089108,0.9933444259567388,0.9893333333333332,0.9844559585492229,0,0.9919137466307276
Gary Davis,0.025,0.3427672955974842,0.5103857566765578,0.6757493188010899,0.5650969529085873,1,
Gary Downs,0.1067708333333333,0.1089588377723971,0.0598086124401913,0.0,0.0504807692307692,1,
Gary Garrison,0.9875,0.9947368421052633,0.9953271028037384,0.9744680851063828,0.9812734082397004,0,0.93006993006993
Gary Parris,0.1161048689138576,0.2342657342657342,0.3625,0.5660377358490566,0.5192878338278932,0,0.6021798365122616
Gary Shirk,0.215625,0.8113207547169812,0.8694362017804155,0.9209809264305178,0.7368421052631579,0,0.7275204359673024
Gary Wilkins 2,0.1336633663366336,0.2396006655574043,0.3306666666666666,0.5414507772020726,0.7223719676549866,0,0.7209302325581395
Gaston Green,0.0746666666666666,0.082901554404145,0.1347708894878706,0.0490956072351421,0.1823056300268096,1,
Gene Lang,0.070528967254408,0.3013333333333333,0.504950495049505,0.7354409317803661,0.6266666666666667,0,0.7176165803108808
Gene Washington 2,1.0,1.0,1.0,0.9914893617021276,0.9887640449438202,0,0.972027972027972
George Adams,0.3226666666666666,0.3737623762376237,0.6439267886855241,0.2746666666666666,0.4093264248704663,0,0.4743935309973046
George Farmer 2,0.5100286532951289,0.8048780487804879,0.8790931989924433,0.632,0.2128712871287128,0,0.0499168053244592
George Farmer 3,0.85,0.9473684210526316,0.9485981308411215,0.9148936170212766,0.7191011235955056,0,0.5909090909090909
George Rogers,0.1553133514986376,0.1260744985673352,0.2655826558265582,0.2115869017632241,0.2986666666666667,0,0.4034653465346535
George Wrighster,0.3367768595041322,0.3890020366598778,0.5807770961145194,0.6252676659528907,0.7012448132780082,0,0.6948453608247422
Gerald Carter,0.0272479564032697,0.332378223495702,0.5718157181571816,0.8740554156171285,0.8693333333333333,0,0.8910891089108911
Gerald Mcneil,0.0495049504950495,0.540765391014975,0.4933333333333333,0.6269430051813472,0.5660377358490566,1,
Gerald Riggs,0.2320916905444126,0.3468834688346883,0.3828715365239294,0.3626666666666667,0.4331683168316831,0,0.7537437603993344
Gerald Willhite,0.2808022922636103,0.4850948509485094,0.743073047858942,0.68,0.7698019801980198,0,0.7637271214642263
Geremy Davis,0.1156862745098039,0.1223709369024856,0.1126213592233009,0.0318352059925093,0.1289134438305709,1,
Germane Crowell,0.3653846153846153,0.8337129840546698,0.9158878504672896,0.8969555035128806,0.7439293598233996,1,
Geronimo Allison,0.3460803059273422,0.5533980582524272,0.7247191011235955,0.6611418047882136,0.4504504504504504,0,0.1312949640287769
Gerry Ellis,0.4764542936288088,0.7465940054495913,0.8166189111747851,0.8319783197831978,0.7682619647355163,0,0.7466666666666667
Giovani Bernard,0.4565217391304347,0.7171314741035857,0.8254901960784313,0.7915869980879541,0.7902912621359224,0,0.7621722846441947
Glen Kozlowski,0.5257903494176372,0.5626666666666666,0.7098445595854922,0.6253369272237197,0.5297157622739018,0,0.3324396782841823
Glen Young 2,0.3794037940379404,0.6851385390428212,0.8213333333333334,0.6683168316831684,0.502495840266223,0,0.12
Glenn Doughty,0.0934579439252336,0.6297872340425532,0.8202247191011236,0.9335664335664337,0.934375,0,0.9433962264150944
Gloster Richardson,0.75,0.7789473684210526,0.705607476635514,0.6212765957446809,0.651685393258427,1,
Glyn Milburn,0.1698113207547169,0.5703125,0.7263922518159807,0.6052631578947368,0.3844282238442822,0,0.3413461538461538
Golden Richards,0.251063829787234,0.6966292134831461,0.8741258741258742,0.928125,0.8679245283018868,0,0.8338278931750742
Golden Tate,0.2780082987551867,0.5158730158730159,0.8126195028680688,0.8913043478260869,0.9661354581673308,0,0.9725490196078432
Gordon Banks,0.038781163434903,0.1307901907356948,0.1060171919770773,0.08130081300813,0.0125944584382871,0,0.0133333333333333
Gordon Jones,0.2425068119891008,0.6731301939058172,0.779291553133515,0.8137535816618912,0.7235772357723578,1,
Greg Baty,0.3415841584158416,0.7004991680532446,0.5253333333333333,0.2642487046632124,0.0107816711590296,0,0.2790697674418604
Greg Bell,0.1586901763224181,0.5173333333333333,0.7425742574257426,0.8336106489184693,0.5413333333333333,0,0.4378238341968912
Greg Camarillo,0.3464730290456431,0.7134020618556701,0.8574380165289256,0.8278008298755186,0.751984126984127,0,0.6424474187380497
Greg Comella,0.0240384615384615,0.1047835990888382,0.3364485981308411,0.4285714285714285,0.3752759381898454,0,0.1900826446280991
Greg Delong,0.072639225181598,0.0645933014354067,0.1386861313868613,0.2283653846153846,0.3530751708428246,1,
Greg Hawthorne,0.1171662125340599,0.3019390581717451,0.3760217983651226,0.66189111747851,0.7425474254742548,0,0.836272040302267
Greg Hill,0.1197916666666666,0.3123486682808716,0.5645933014354066,0.5863746958637469,0.5288461538461539,0,0.3621867881548975
Greg Jennings,0.4239828693790149,0.8381742738589212,0.9752577319587628,0.9917355371900828,0.991701244813278,0,0.9900793650793652
Greg Jones,0.1018329938900203,0.2310838445807771,0.2334047109207709,0.412863070539419,0.4783505154639175,0,0.5247933884297521
Greg Lafleur,0.3160762942779291,0.5501432664756447,0.4281842818428184,0.4256926952141058,0.3466666666666667,0,0.6089108910891089
Greg Latta 2,0.4020979020979021,0.621875,0.8018867924528302,0.7566765578635015,0.7084468664850136,1,
Greg Lewis,0.3016528925619834,0.4847250509164969,0.7668711656441718,0.7880085653104925,0.8360995850622407,0,0.8061855670103093
Greg Mccrary,0.3081761006289308,0.4658753709198813,0.5422343324250681,0.4626038781163435,0.3024523160762943,1,
Greg Mcmurtry,0.22911051212938,0.648578811369509,0.8176943699731903,0.7924528301886793,0.7395833333333334,1,
Greg Olsen,0.3485477178423236,0.6783505154639176,0.8739669421487604,0.8402489626556017,0.8333333333333334,0,0.869980879541109
Greg Pruitt 2,0.2638297872340425,0.5730337078651685,0.7587412587412588,0.840625,0.8710691823899371,0,0.8545994065281899
Greg Salas,0.1448412698412698,0.1204588910133843,0.4229249011857707,0.5338645418326693,0.7019607843137254,0,0.739961759082218
Gregg Garrity,0.2466124661246612,0.3778337531486146,0.616,0.6806930693069307,0.8502495840266223,0,0.7706666666666667
Griff Whalen,0.2826086956521739,0.49800796812749,0.6529411764705882,0.5544933078393881,0.4213592233009708,1,
Guido Merkens,0.0326409495548961,0.2234332425068119,0.185595567867036,0.5613079019073569,0.4126074498567335,0,0.3495934959349593
Gunner Olszewski,0.143646408839779,0.4036036036036036,0.6115107913669064,0.5649717514124294,0.3686274509803922,1,
Guy Mcintyre,0.1973333333333333,0.2305699481865284,0.2641509433962264,0.0180878552971576,0.0134048257372654,0,0.013477088948787
Hakeem Nicks,0.5,0.8443983402489627,0.9781746031746033,0.9789674952198852,0.9565217391304348,0,0.904382470119522
Hank Baskett,0.430406852248394,0.6473029045643154,0.8164948453608247,0.6570247933884298,0.6410788381742739,1,
Hank Bauer,0.1572327044025157,0.2997032640949555,0.326975476839237,0.1246537396121883,0.1689373297002724,1,
Harlan Huckleby,0.0277008310249307,0.3487738419618528,0.2607449856733524,0.3766937669376693,0.3073047858942065,0,0.3653333333333333
Harold Carmichael,0.4894736842105263,0.6542056074766355,0.9617021276595744,1.0,1.0,0,0.98125
Harold Green,0.1725067385444744,0.3927648578811369,0.5040214477211796,0.4851752021563342,0.5442708333333334,0,0.6077481840193705
Harold Hart,0.0187265917602996,0.1118881118881118,0.13125,0.0786163522012578,0.0207715133531157,1,
Harry Douglas,0.3690721649484536,0.3574380165289256,0.6203319502074689,0.6626984126984127,0.7973231357552581,0,0.8735177865612648
Harry Holt,0.3116531165311653,0.5667506297229219,0.656,0.6212871287128713,0.5906821963394343,1,
Harry Sydney,0.0332778702163061,0.0853333333333333,0.2797927461139896,0.477088948787062,0.5581395348837209,0,0.6166219839142091
Harvey Williams,0.2067183462532299,0.3109919571045576,0.3962264150943396,0.4453125,0.6319612590799032,0,0.6435406698564593
Haskel Stanback,0.1011235955056179,0.3181818181818182,0.553125,0.6415094339622641,0.629080118694362,0,0.6049046321525886
Hassan Jones,0.4702970297029702,0.8252911813643927,0.9173333333333332,0.9015544041450776,0.9110512129380054,0,0.8423772609819121
Haven Moses,0.925,0.9210526315789472,0.9345794392523364,0.948936170212766,0.9250936329588016,0,0.9405594405594404
Haywood Jeffires,0.3211314475873544,0.4666666666666667,0.7875647668393783,0.8975741239892183,0.9328165374677002,0,0.9758713136729222
Heath Evans,0.1567328918322295,0.4772727272727273,0.4684317718940937,0.5010224948875256,0.3554603854389722,0,0.5228215767634855
Heath Miller,0.4539877300613497,0.7687366167023555,0.9024896265560166,0.8907216494845361,0.9008264462809916,0,0.8464730290456431
Heath Sherman,0.0699481865284974,0.2749326145552561,0.3617571059431524,0.5281501340482574,0.3827493261455525,1,
Henry Childs,0.3286713286713286,0.64375,0.8805031446540881,0.9465875370919882,0.9727520435967304,0,0.92797783933518
Henry Ellard,0.2222222222222222,0.6624685138539043,0.888,0.9207920792079208,0.956738768718802,0,0.9706666666666668
Henry Marshall,0.496875,0.7421383647798742,0.8753709198813057,0.8392370572207084,0.8753462603878116,0,0.8692098092643051
Herkie Walls,0.3333333333333333,0.654911838790932,0.7786666666666666,0.5792079207920792,0.5823627287853578,1,
Herman Fontenot,0.0426666666666666,0.4752475247524752,0.6871880199667221,0.6293333333333333,0.5906735751295337,0,0.7142857142857143
Herman Heard,0.1738035264483627,0.432,0.5148514851485149,0.6522462562396006,0.4026666666666667,0,0.5440414507772021
Herman Moore,0.2196382428940568,0.774798927613941,0.9407008086253368,0.9791666666666666,0.9878934624697336,0,0.9976076555023924
Herschel Walker,0.556930693069307,0.8935108153078203,0.9333333333333332,0.8860103626943006,0.7574123989218329,0,0.6537467700258398
Hines Ward,0.3293269230769231,0.7015945330296127,0.8855140186915887,0.9133489461358314,0.977924944812362,0,0.9917355371900828
Hoby Brenner,0.1743869209809264,0.4412607449856733,0.7317073170731707,0.8765743073047859,0.9066666666666666,0,0.8688118811881188
Horace Copeland,0.5741239892183289,0.7786458333333334,0.9322033898305084,0.7559808612440191,0.6472019464720195,1,
Horace Ivory,0.1661721068249258,0.4141689373297003,0.5207756232686981,0.2724795640326976,0.1318051575931232,1,
Horace King,0.1853146853146853,0.425,0.6257861635220126,0.7685459940652819,0.776566757493188,0,0.7174515235457064
Howard Cross,0.1528497409326424,0.3261455525606469,0.5762273901808785,0.5817694369973191,0.7008086253369272,0,0.7630208333333334
Howard Griffith,0.1666666666666666,0.3680387409200968,0.5023923444976076,0.4111922141119221,0.4639423076923077,0,0.5330296127562643
Howard Twilley,0.76875,0.8578947368421053,0.8878504672897196,0.8,0.7528089887640449,0,0.7377622377622378
Hubie Oliver,0.0681198910081744,0.0659025787965616,0.3252032520325203,0.4080604534005038,0.4026666666666667,0,0.1683168316831683
Hunter Goodwin,0.3014354066985646,0.4403892944038929,0.4855769230769231,0.2733485193621868,0.1869158878504672,0,0.2154566744730679
Hunter Renfrow,0.5064456721915286,0.7927927927927928,0.9424460431654677,0.8681732580037664,0.8098039215686275,1,
Iheanyi Uwaezuoke,0.2464114832535885,0.3819951338199513,0.6634615384615384,0.4965831435079726,0.5350467289719626,1,
Ike Forte,0.05625,0.2641509433962264,0.2433234421364985,0.3542234332425068,0.3545706371191136,0,0.2997275204359673
Ike Harris,0.3951048951048951,0.771875,0.9025157232704404,0.9347181008902076,0.8991825613079019,0,0.8864265927977839
Ike Hilliard,0.2506082725060827,0.6370192307692307,0.8542141230068337,0.9392523364485982,0.9508196721311476,0,0.9271523178807948
Irv Smith,0.2651933701657458,0.6126126126126126,0.5845323741007195,0.512241054613936,0.2568627450980392,1,
Irv Smith 2,0.2048517520215633,0.5026041666666666,0.7312348668280871,0.7248803827751196,0.635036496350365,0,0.6658653846153846
Irving Fryar,0.216624685138539,0.696,0.8762376237623762,0.961730449251248,0.9306666666666666,0,0.9196891191709844
Isaac Bruce,0.3854166666666667,0.847457627118644,0.971291866028708,0.9829683698296836,0.935096153846154,0,0.9567198177676538
Isaac Byrd,0.1875,0.5056947608200456,0.7126168224299065,0.7962529274004684,0.7814569536423841,1,
Isaac Curtis,0.723404255319149,0.947565543071161,0.9965034965034965,0.990625,0.959119496855346,0,0.9436201780415432
Isaiah Crowell,0.1653386454183266,0.4352941176470588,0.6998087954110899,0.7145631067961165,0.6985018726591761,1,
Isaiah Mckenzie,0.0970873786407767,0.3614232209737827,0.6464088397790055,0.7747747747747747,0.7859712230215827,0,0.8135593220338984
Isaiah Pead,0.0478011472275334,0.116600790513834,0.1314741035856573,0.1019607843137254,0.0783938814531548,1,
Isaiah Stanback,0.088659793814433,0.1942148760330578,0.2053941908713693,0.115079365079365,0.0860420650095602,1,
Itula Mili,0.2307692307692307,0.2984054669703872,0.5560747663551402,0.5737704918032787,0.7549668874172185,0,0.8491735537190083
J D Hill,0.4789473684210526,0.8084112149532711,0.9191489361702128,0.9700374531835206,0.951048951048951,0,0.890625
J D Mckissic,0.0822179732313575,0.3825242718446602,0.3913857677902622,0.5580110497237569,0.5765765765765766,0,0.8129496402877698
J J Birden,0.353099730458221,0.6847545219638242,0.806970509383378,0.8382749326145552,0.8541666666666666,0,0.8571428571428571
J J Nelson,0.3745098039215686,0.7571701720841301,0.8601941747572815,0.7921348314606742,0.6593001841620626,1,
J J Stokes,0.4891041162227603,0.7081339712918661,0.8540145985401459,0.875,0.8815489749430524,0,0.9018691588785048
J P Foschi,0.1267893660531697,0.1113490364025695,0.1286307053941908,0.0144329896907216,0.1983471074380165,1,
J R Redmond,0.0700934579439252,0.3091334894613583,0.3289183222958057,0.3181818181818182,0.3604887983706721,1,
J T Smith,0.4059945504087193,0.7479224376731302,0.9128065395095368,0.8882521489971347,0.8563685636856369,0,0.6372795969773299
Jabar Gaffney,0.4657836644591611,0.7128099173553719,0.8818737270875764,0.8834355828220859,0.8565310492505354,0,0.8340248962655602
Jack Dolbin,0.5454545454545454,0.70625,0.8773584905660378,0.8308605341246291,0.7983651226158038,1,
Jack Doyle,0.067193675889328,0.2888446215139442,0.4647058823529412,0.722753346080306,0.7825242718446602,0,0.8052434456928839
Jackie Battle,0.0560165975103734,0.0804123711340206,0.1446280991735537,0.1556016597510373,0.2936507936507936,0,0.4608030592734226
Jackie Harris,0.1509433962264151,0.4573643410852713,0.7024128686327078,0.8355795148247979,0.8697916666666666,0,0.8498789346246973
Jacob Hester,0.177319587628866,0.2789256198347107,0.479253112033195,0.3511904761904761,0.497131931166348,1,
Jacob Hollister,0.1106796116504854,0.350187265917603,0.6427255985267035,0.7009009009009008,0.64568345323741,1,
Jacob Tamme,0.0948453608247422,0.2768595041322314,0.6929460580912863,0.7638888888888888,0.8546845124282982,0,0.7687747035573123
Jacoby Jones,0.1763485477178423,0.4515463917525773,0.762396694214876,0.8319502074688797,0.873015873015873,0,0.8680688336520076
Jacquez Green,0.3533653846153846,0.7676537585421412,0.9065420560747663,0.9039812646370023,0.8609271523178808,1,
Jacquizz Rodgers,0.246031746031746,0.5697896749521989,0.7312252964426877,0.7470119521912351,0.5333333333333333,0,0.4608030592734226
Jake Kumerow,0.2265917602996254,0.5377532228360957,0.7279279279279279,0.6960431654676259,0.6685499058380414,1,
Jake Reed 2,0.3753351206434316,0.5471698113207547,0.8072916666666666,0.910411622276029,0.9760765550239234,0,0.9975669099756692
Jakeem Grant,0.02868068833652,0.3184466019417475,0.6179775280898876,0.7476979742173112,0.7531531531531531,0,0.6762589928057554
Jakob Johnson,0.0349907918968692,0.0918918918918919,0.302158273381295,0.3314500941619586,0.3235294117647059,1,
Jalen Guyton,0.0184162062615101,0.4612612612612612,0.7446043165467626,0.8606403013182674,0.796078431372549,1,
Jalen Richard,0.27151051625239,0.5087378640776699,0.7696629213483146,0.7826887661141805,0.745945945945946,0,0.5575539568345323
Jamaal Charles,0.2762886597938144,0.5929752066115702,0.7821576763485477,0.7182539682539683,0.6883365200764818,0,0.7845849802371542
Jamal Agnew,0.1300970873786407,0.1516853932584269,0.1694290976058932,0.1441441441441441,0.4262589928057554,0,0.6252354048964218
Jamal Anderson,0.1573849878934624,0.4593301435406698,0.6399026763990268,0.75,0.7061503416856492,0,0.7219626168224299
Jamal Lewis,0.1004672897196261,0.1077283372365339,0.5540838852097131,0.6487603305785123,0.7433808553971487,0,0.7034764826175869
Jameel Cook,0.0960187353629976,0.3532008830022075,0.5433884297520661,0.5580448065173116,0.5214723926380368,0,0.3511777301927195
Jamel White,0.1261682242990654,0.550351288056206,0.7505518763796909,0.8181818181818182,0.7107942973523421,0,0.4130879345603272
James Allen 2,0.125,0.3872437357630979,0.6051401869158879,0.6533957845433255,0.7218543046357616,1,
James Brooks,0.3705722070844686,0.4527220630372492,0.5121951219512195,0.4584382871536523,0.664,0,0.844059405940594
James Casey,0.1880165289256198,0.4087136929460581,0.6845238095238095,0.7533460803059273,0.7430830039525692,0,0.749003984063745
James Dearth,0.1381733021077283,0.119205298013245,0.1384297520661157,0.0040733197556008,0.0081799591002045,0,0.032119914346895
James Develin,0.2529644268774703,0.3545816733067729,0.3490196078431372,0.277246653919694,0.2776699029126213,0,0.4213483146067415
James Hanna,0.2103250478011472,0.3478260869565217,0.5318725099601593,0.5235294117647059,0.3881453154875717,0,0.4679611650485437
James Hodgins,0.0523917995444191,0.0771028037383177,0.243559718969555,0.2891832229580574,0.3801652892561983,0,0.219959266802444
James Jackson,0.0889929742388758,0.1368653421633554,0.3925619834710744,0.3727087576374745,0.5378323108384458,1,
James Jenkins,0.2161458333333333,0.198547215496368,0.4186602870813397,0.4647201946472019,0.4591346153846153,0,0.5785876993166287
James Jett,0.5822102425876011,0.7682291666666666,0.8280871670702179,0.8157894736842105,0.8686131386861314,0,0.9375
James Jones,0.3340248962655601,0.6577319587628866,0.8367768595041323,0.8381742738589212,0.8650793650793651,0,0.9273422562141492
James Jones 2,0.128686327077748,0.1509433962264151,0.1953125,0.0217917675544794,0.1531100478468899,1,
James Jones 4,0.3008130081300813,0.707808564231738,0.7946666666666666,0.7301980198019802,0.7254575707154742,0,0.616
James Jones 5,0.074792243767313,0.220708446866485,0.1805157593123209,0.1192411924119241,0.1662468513853904,0,0.3573333333333333
James Joseph,0.1266149870801033,0.0911528150134048,0.4797843665768194,0.609375,0.711864406779661,1,
James Lofton,0.6083086053412463,0.8692098092643051,0.9833795013850416,0.997275204359673,0.994269340974212,0,1.0
James Mcdonald,0.1273712737127371,0.3299748110831234,0.504,0.4356435643564356,0.6073211314475874,1,
James Mcknight,0.3489583333333333,0.5617433414043583,0.8373205741626795,0.8710462287104623,0.8846153846153846,0,0.7630979498861048
James Milling,0.1466666666666666,0.1787564766839378,0.3396226415094339,0.1162790697674418,0.2010723860589812,1,
James O Shaughnessy,0.2019607843137255,0.3021032504780114,0.5203883495145631,0.49625468164794,0.6813996316758748,0,0.6738738738738739
James Owens,0.1852861035422343,0.3407202216066482,0.5367847411444142,0.498567335243553,0.4661246612466124,0,0.4105793450881612
James Pruitt,0.3688118811881188,0.7853577371048253,0.7066666666666667,0.6321243523316062,0.5795148247978437,0,0.6589147286821705
James Saxon,0.152,0.3341968911917098,0.4555256064690027,0.4263565891472868,0.388739946380697,0,0.2911051212938005
James Scott,0.6,0.8742138364779874,0.9584569732937686,0.9536784741144414,0.9030470914127424,0,0.6920980926430518
James Starks,0.1161825726141078,0.3789682539682539,0.491395793499044,0.541501976284585,0.4741035856573705,0,0.6274509803921569
James Stewart,0.2542372881355932,0.4545454545454545,0.6690997566909975,0.6706730769230769,0.6195899772209568,0,0.5911214953271028
James Thrash,0.2019464720194647,0.5,0.6947608200455581,0.7733644859813084,0.8711943793911007,0,0.913907284768212
James Washington,0.2790262172284644,0.6961325966850829,0.8666666666666667,0.8597122302158273,0.5988700564971752,1,
James White,0.1055776892430278,0.5294117647058824,0.8374760994263862,0.8970873786407767,0.9400749063670412,0,0.9392265193370166
James Wilder,0.3542234332425068,0.6876790830945558,0.8238482384823849,0.8564231738035264,0.744,0,0.6658415841584159
James Wright 2,0.0830860534124629,0.1280653950953678,0.0858725761772853,0.2043596730245231,0.5300859598853869,0,0.5826558265582655
Jamie Holland,0.5224625623960066,0.6613333333333333,0.8238341968911918,0.6900269541778976,0.3514211886304909,0,0.2225201072386059
Jamie Williams,0.2997481108312342,0.536,0.7351485148514851,0.8286189683860233,0.584,0,0.538860103626943
Jamize Olawale,0.1383399209486166,0.3187250996015936,0.5019607843137255,0.638623326959847,0.596116504854369,0,0.5318352059925093
Jared Allen,0.2219917012448132,0.2082474226804123,0.2045454545454545,0.0082987551867219,0.0059523809523809,0,0.0095602294455066
Jared Cook,0.1694214876033057,0.4979253112033195,0.7777777777777778,0.8508604206500956,0.8794466403162056,0,0.8824701195219123
Jarius Wright,0.3709369024856596,0.6996047430830039,0.8725099601593626,0.8647058823529412,0.8087954110898662,0,0.6893203883495146
Jaron Brown,0.2075098814229249,0.4541832669322709,0.6392156862745098,0.6787762906309751,0.7689320388349514,0,0.8071161048689138
Jarvis Landry,0.4900398406374502,0.8686274509803922,0.9751434034416826,0.9844660194174756,0.9737827715355806,0,0.9742173112338858
Jason Avant,0.1156316916488222,0.470954356846473,0.7195876288659794,0.8305785123966942,0.8589211618257261,0,0.8432539682539683
Jason Dunn,0.4473684210526316,0.5936739659367397,0.6850961538461539,0.3507972665148063,0.2827102803738318,0,0.4637002341920375
Jason Hill,0.0746887966804979,0.3628865979381443,0.5764462809917356,0.7510373443983402,0.7817460317460317,0,0.7724665391969407
Jason Mckie,0.1037527593818984,0.1177685950413223,0.2790224032586558,0.2842535787321063,0.4989293361884368,0,0.479253112033195
Jason Phillips 2,0.2772020725388601,0.4609164420485175,0.6330749354005168,0.4477211796246649,0.5148247978436657,1,
Jason Snelling,0.1690721649484536,0.4318181818181818,0.6286307053941909,0.6448412698412699,0.6290630975143403,0,0.6679841897233202
Jason Witten,0.390495867768595,0.7169042769857433,0.901840490797546,0.9229122055674518,0.9564315352697096,0,0.9608247422680412
Jason Wright,0.0346232179226069,0.1390593047034765,0.3447537473233404,0.6390041493775933,0.6391752577319587,0,0.5847107438016529
Javon Walker,0.2913907284768212,0.7334710743801653,0.9368635437881874,0.9079754601226994,0.9357601713062098,0,0.8547717842323651
Javorius Allen,0.3470588235294117,0.5066921606118547,0.6951456310679611,0.6235955056179775,0.572744014732965,1,
Jay Ajayi,0.1941176470588235,0.4321223709369025,0.6135922330097088,0.5243445692883895,0.3830570902394107,1,
Jay Feely,0.0023419203747072,0.0,0.0020661157024793,0.0794297352342158,0.065439672801636,0,0.0599571734475374
Jay Graham,0.0437956204379562,0.1706730769230769,0.2232346241457858,0.1121495327102803,0.0421545667447306,0,0.1147902869757174
Jay Novacek,0.0186666666666666,0.0396039603960396,0.4858569051580699,0.6746666666666666,0.7953367875647669,0,0.8355795148247979
Jay Riemersma,0.0827250608272506,0.4831730769230769,0.765375854214123,0.7920560747663551,0.8430913348946136,0,0.8432671081677704
Jay Saldi,0.040625,0.3270440251572327,0.3560830860534125,0.4959128065395095,0.554016620498615,0,0.6185286103542235
Jaydon Mickens,0.2194174757281553,0.2546816479400749,0.2523020257826888,0.1657657657657657,0.3093525179856115,1,
Jean Fugett,0.219626168224299,0.5063829787234042,0.6104868913857678,0.7797202797202797,0.8375,0,0.9308176100628932
Jeb Putzier,0.0353200883002207,0.2252066115702479,0.6171079429735234,0.8118609406952966,0.8029978586723768,0,0.6680497925311203
Jed Weaver,0.1207289293849658,0.4135514018691589,0.5995316159250585,0.6865342163355408,0.7169421487603306,0,0.7189409368635438
Jeff Campbell,0.1698113207547169,0.3436692506459948,0.5120643431635389,0.4824797843665768,0.5677083333333334,1,
Jeff Chadwick,0.4715447154471545,0.8085642317380353,0.9253333333333332,0.9405940594059404,0.9534109816971714,0,0.904
Jeff Cumberland,0.0560165975103734,0.238095238095238,0.5525812619502868,0.7470355731225297,0.798804780876494,0,0.7352941176470589
Jeff Dugan,0.1605995717344753,0.3029045643153527,0.4556701030927835,0.493801652892562,0.5228215767634855,1,
Jeff Graham,0.1317829457364341,0.6487935656836461,0.8328840970350404,0.953125,0.973365617433414,0,0.9665071770334928
Jeff Groth,0.0544959128065395,0.1523545706371191,0.5640326975476839,0.7908309455587392,0.8861788617886179,0,0.8992443324937027
Jeff King,0.1263383297644539,0.3983402489626556,0.6164948453608248,0.6611570247933884,0.5975103734439834,0,0.6666666666666666
Jeff Kinney,0.1214953271028037,0.3446808510638298,0.550561797752809,0.6013986013986014,0.565625,1,
Jeff Moore 2,0.2070844686648501,0.3905817174515235,0.4523160762942779,0.7077363896848138,0.7208672086720868,0,0.7707808564231738
Jeff Queen,0.73125,0.8,0.7009345794392523,0.5276595744680851,0.0449438202247191,1,
Jeff Query,0.3186528497409326,0.6442048517520216,0.7881136950904393,0.7908847184986595,0.8194070080862533,0,0.7916666666666666
Jeff Robinson,0.1490384615384615,0.4510250569476082,0.6121495327102804,0.6440281030444965,0.3929359823399558,0,0.4566115702479338
Jeff Thomason,0.0938337801608579,0.1293800539083558,0.1432291666666666,0.2033898305084746,0.4569377990430622,0,0.5425790754257908
Jerald Sowell,0.1435523114355231,0.2091346153846154,0.2596810933940774,0.2710280373831775,0.5339578454332553,0,0.6887417218543046
Jerame Tuman,0.2014051522248243,0.4790286975717439,0.6012396694214877,0.5967413441955194,0.621676891615542,0,0.6466809421841542
Jeremi Johnson,0.1942148760330578,0.329938900203666,0.4192229038854805,0.3576017130620985,0.425311203319502,0,0.2927835051546392
Jeremy Hill,0.1673306772908366,0.3588235294117647,0.5659655831739961,0.5184466019417475,0.4194756554307116,1,
Jeremy Kerley,0.3313492063492063,0.6806883365200764,0.8636363636363636,0.8565737051792829,0.7784313725490196,0,0.7973231357552581
Jeremy Maclin,0.5433884297520661,0.8568464730290456,0.9642857142857144,0.9579349904397706,0.8320158102766798,0,0.898406374501992
Jeremy Shockey,0.5209713024282561,0.7520661157024794,0.8737270875763747,0.9202453987730062,0.9186295503211992,0,0.9356846473029046
Jeremy Sprinkle,0.1029126213592233,0.3089887640449438,0.5174953959484346,0.4108108108108108,0.4028776978417266,1,
Jerheme Urban,0.1995926680244399,0.5296523517382413,0.5117773019271948,0.6659751037344398,0.711340206185567,0,0.8140495867768595
Jerick Mckinnon,0.1792828685258964,0.4294117647058823,0.6978967495219885,0.7883495145631068,0.6835205992509363,0,0.4438305709023941
Jerious Norwood,0.1948608137044968,0.5477178423236515,0.7670103092783506,0.7768595041322314,0.5912863070539419,0,0.2876984126984127
Jermaine Gresham,0.3215767634854772,0.6369047619047619,0.8432122370936902,0.8201581027667985,0.7350597609561753,0,0.6294117647058823
Jermaine Kearse,0.1510516252390057,0.549407114624506,0.7828685258964143,0.8764705882352941,0.8852772466539197,0,0.8990291262135922
Jermaine Lewis,0.2942583732057416,0.7250608272506083,0.8725961538461539,0.8883826879271071,0.8060747663551402,0,0.6955503512880562
Jermaine Wiggins,0.2570093457943925,0.5831381733021077,0.6026490066225165,0.5578512396694215,0.6802443991853361,0,0.8241308793456033
Jermichael Finley,0.1876288659793814,0.6301652892561983,0.7904564315352697,0.8988095238095238,0.8948374760994264,0,0.8972332015810277
Jerome Barkum,0.411214953271028,0.8340425531914893,0.9588014981273408,0.9615384615384616,0.875,0,0.8584905660377359
Jerome Bettis,0.1428571428571428,0.4583333333333333,0.5883777239709443,0.5215311004784688,0.3698296836982968,0,0.3581730769230769
Jerome Felton,0.1422680412371134,0.3925619834710744,0.504149377593361,0.4781746031746032,0.4933078393881453,0,0.5059288537549407
Jerome Harrison,0.0985010706638115,0.3070539419087137,0.5030927835051546,0.6239669421487604,0.5871369294605809,0,0.4702380952380952
Jerome Pathon,0.3918269230769231,0.6150341685649203,0.794392523364486,0.8079625292740047,0.8741721854304636,0,0.8657024793388429
Jerome Simpson,0.0432989690721649,0.0661157024793388,0.2863070539419087,0.7023809523809523,0.7782026768642447,0,0.849802371541502
Jerramy Stevens,0.2649006622516556,0.4669421487603306,0.6883910386965377,0.803680981595092,0.815845824411135,0,0.7904564315352697
Jerricho Cotchery,0.1914460285132382,0.4887525562372188,0.854389721627409,0.9377593360995852,0.9649484536082474,0,0.9483471074380164
Jerry Bell,0.0343839541547277,0.051490514905149,0.4937027707808564,0.64,0.7574257425742574,1,
Jerry Butler 2,0.6267029972752044,0.8642659279778393,0.9509536784741144,0.9398280802292264,0.8915989159891599,0,0.7355163727959698
Jerry Ellison,0.099273607748184,0.3899521531100478,0.3868613138686131,0.3028846153846153,0.2277904328018223,1,
Jerry Levias,0.93125,0.8842105263157894,0.7897196261682243,0.7531914893617021,0.7078651685393258,1,
Jerry Porter,0.0350467289719626,0.3536299765807962,0.7770419426048565,0.8574380165289256,0.910386965376782,0,0.9120654396728016
Jerry Rice,0.5333333333333333,0.9257425742574258,1.0,1.0,1.0,0,1.0
Jesper Horsted,0.1712707182320442,0.1495495495495495,0.39568345323741,0.2900188323917137,0.3745098039215686,1,
Jess Phillips,0.575,0.6052631578947368,0.6121495327102804,0.5914893617021276,0.5280898876404494,0,0.506993006993007
Jesse Chatman,0.2693156732891832,0.4628099173553719,0.5641547861507128,0.3128834355828221,0.1498929336188436,0,0.1618257261410788
Jesse James,0.1098039215686274,0.4760994263862332,0.7048543689320388,0.8295880149812734,0.8011049723756906,0,0.7225225225225225
Jessie Clark,0.2303523035230352,0.4861460957178841,0.6426666666666667,0.6064356435643564,0.6905158069883528,0,0.3066666666666666
Jessie Hester,0.5253333333333333,0.8539603960396039,0.9484193011647256,0.848,0.4559585492227979,0,0.6199460916442049
Jim Beirne,0.6,0.8368421052631579,0.7757009345794392,0.6638297872340425,0.449438202247191,0,0.3601398601398601
Jim Bertelsen,0.4252336448598131,0.6340425531914894,0.7827715355805244,0.6853146853146853,0.571875,1,
Jim Braxton,0.3421052631578947,0.5420560747663551,0.6468085106382979,0.6629213483146067,0.6888111888111889,0,0.596875
Jim Dray,0.2365145228215767,0.3829365079365079,0.5411089866156787,0.5335968379446641,0.6215139442231076,0,0.6039215686274509
Jim Finn,0.0560747663551401,0.0679156908665105,0.0706401766004415,0.2128099173553719,0.3930753564154786,0,0.5051124744376279
Jim Hargrove,0.0108991825613079,0.0143266475644699,0.005420054200542,0.0125944584382871,0.0133333333333333,0,0.0148514851485148
Jim Jensen,0.2770780856423174,0.4213333333333333,0.6435643564356436,0.7470881863560732,0.6986666666666667,0,0.805699481865285
Jim Jensen 2,0.210691823899371,0.1810089020771513,0.3950953678474114,0.5318559556786704,0.5722070844686649,0,0.5243553008595988
Jim Jodat,0.0220125786163522,0.086053412462908,0.1389645776566757,0.2853185595567867,0.3678474114441417,0,0.2865329512893982
Jim Kiick,0.825,0.868421052631579,0.8317757009345794,0.7404255319148936,0.700374531835206,0,0.5559440559440559
Jim Lash,0.1957446808510638,0.6554307116104869,0.8496503496503497,0.8875,0.7169811320754716,1,
Jim Mandich,0.04375,0.2,0.4532710280373832,0.6808510638297872,0.8651685393258427,0,0.8811188811188811
Jim Mitchell 2,0.9625,0.963157894736842,0.9579439252336448,0.9404255319148936,0.8951310861423221,0,0.9125874125874126
Jim Obradovich,0.2062937062937063,0.28125,0.3710691823899371,0.4391691394658754,0.4877384196185286,0,0.556786703601108
Jim Otis,0.44375,0.5684210526315789,0.5934579439252337,0.4978723404255319,0.4831460674157303,0,0.4825174825174825
Jim Price,0.2273901808785529,0.4155495978552279,0.4474393530997305,0.2552083333333333,0.1283292978208232,1,
Jim Riggs,0.04,0.0932642487046632,0.2075471698113207,0.1808785529715762,0.2627345844504021,1,
Jim Smith,0.2389937106918239,0.400593471810089,0.6294277929155313,0.7950138504155124,0.8937329700272479,0,0.9340974212034384
Jim Thaxton,0.2978723404255319,0.4719101123595505,0.451048951048951,0.375,0.4937106918238994,0,0.5548961424332344
Jim Thornton,0.064,0.3238341968911917,0.4878706199460916,0.6434108527131783,0.420911528150134,0,0.4932614555256064
Jimmie Giles,0.2484276729559748,0.5133531157270029,0.8174386920980926,0.8808864265927978,0.9455040871934604,0,0.9312320916905444
Jimmie Johnson,0.2953367875647668,0.5741239892183289,0.6976744186046512,0.5227882037533512,0.3126684636118598,0,0.1979166666666666
Jimmy Cefalo,0.3234421364985163,0.555858310626703,0.7229916897506925,0.8392370572207084,0.8624641833810889,0,0.7994579945799458
Jimmy Graham,0.3381742738589212,0.8194444444444444,0.959847036328872,0.9901185770750988,0.9741035856573704,0,0.9627450980392156
Jimmy Kleinsasser,0.0022779043280182,0.0747663551401869,0.1990632318501171,0.6556291390728477,0.7727272727272727,0,0.7617107942973523
Jimmy Smith,0.3559322033898305,0.8133971291866029,0.9586374695863747,0.9903846153846154,0.9977220956719818,0,0.9976635514018692
Jo Jo Townsell,0.1653333333333333,0.4678217821782178,0.7204658901830283,0.376,0.6865284974093264,0,0.7331536388140162
Joe Cribbs,0.3601108033240997,0.7574931880108992,0.8022922636103151,0.8644986449864499,0.5894206549118388,0,0.5653333333333334
Joe Dawkins,0.31875,0.4105263157894737,0.5794392523364486,0.6595744680851063,0.8426966292134831,0,0.8356643356643356
Joe Horn,0.124401913875598,0.5036496350364964,0.7139423076923077,0.8428246013667426,0.9182242990654206,0,0.9836065573770492
Joe Jurevicius,0.28125,0.5740318906605922,0.7313084112149533,0.8173302107728337,0.8454746136865342,0,0.8285123966942148
Joe Mcknight,0.1473029045643153,0.4067460317460317,0.5908221797323135,0.4822134387351778,0.4820717131474104,1,
Joe Morris,0.0200573065902578,0.070460704607046,0.3047858942065491,0.4826666666666667,0.6608910891089109,0,0.778702163061564
Joe Rose,0.2216066481994459,0.5858310626702997,0.7535816618911175,0.8346883468834688,0.818639798488665,0,0.8133333333333334
Joe Senser,0.4875346260387811,0.7983651226158038,0.8739255014326648,0.7344173441734417,0.5264483627204031,1,
Joe Staley,0.2658730158730158,0.2906309751434034,0.5276679841897233,0.2330677290836653,0.2411764705882353,0,0.0095602294455066
Joe Washington,0.3742138364779874,0.6172106824925816,0.8746594005449592,0.8975069252077562,0.8991825613079019,0,0.7707736389684814
Joel Dreessen,0.1145194274028629,0.1006423982869379,0.3589211618257261,0.3463917525773196,0.6322314049586777,0,0.7157676348547718
Joey Galloway,0.612590799031477,0.8564593301435407,0.97323600973236,0.9831730769230768,0.9703872437357632,0,0.8925233644859814
John Allred,0.0656934306569343,0.0913461538461538,0.3462414578587699,0.4369158878504673,0.4590163934426229,0,0.1788079470198675
John Avery,0.0889423076923077,0.2186788154897494,0.1962616822429906,0.0772833723653395,0.0110375275938189,0,0.274793388429752
John Brockington,0.3157894736842105,0.5233644859813084,0.6425531914893617,0.7602996254681648,0.7482517482517482,0,0.703125
John Brown,0.5079681274900398,0.8235294117647058,0.9273422562141492,0.8932038834951457,0.8782771535580525,0,0.9355432780847146
John Burke,0.125,0.3801452784503632,0.5741626794258373,0.437956204379562,0.4134615384615384,1,
John Cappelletti,0.0823970037453183,0.0734265734265734,0.49375,0.5849056603773585,0.7863501483679525,0,0.662125340599455
John Carlson,0.51340206185567,0.8037190082644629,0.8755186721991701,0.6904761904761905,0.4665391969407266,0,0.4980237154150198
John Conner,0.1037344398340249,0.2400793650793651,0.265774378585086,0.2292490118577075,0.3784860557768924,1,
John Davis,0.1167883211678832,0.3774038461538461,0.510250569476082,0.5887850467289719,0.5690866510538641,0,0.673289183222958
John Frank,0.1486146095717884,0.312,0.5173267326732673,0.6688851913477537,0.6053333333333333,1,
John Gilmore,0.2958057395143488,0.2975206611570248,0.4725050916496945,0.3762781186094069,0.5331905781584583,0,0.4336099585062241
John Henry Mills,0.0234375,0.036319612590799,0.0167464114832535,0.0072992700729927,0.0072115384615384,0,0.2437357630979499
John Jefferson,0.7210682492581603,0.9373297002724796,1.0,0.994550408719346,0.982808022922636,0,0.943089430894309
John Kuhn,0.2505353319057816,0.4647302904564315,0.6123711340206186,0.5516528925619835,0.5477178423236515,0,0.5515873015873016
John L Williams,0.245049504950495,0.7770382695507487,0.8693333333333333,0.9041450777202072,0.9002695417789758,0,0.8785529715762274
John Mcmakin,0.3878504672897196,0.5829787234042553,0.5955056179775281,0.527972027972028,0.51875,1,
John Owens,0.1743929359823399,0.1818181818181818,0.1547861507128309,0.0081799591002045,0.1349036402569593,0,0.2572614107883817
John Phillips,0.1549586776859504,0.1390041493775933,0.3452380952380952,0.3632887189292543,0.4802371541501976,0,0.4800796812749004
John Riggins,0.5368421052631579,0.6495327102803738,0.7361702127659574,0.7228464419475655,0.7412587412587412,0,0.746875
John Sawyer,0.3671328671328671,0.603125,0.6540880503144654,0.56973293768546,0.3651226158038147,0,0.4570637119113573
John Spagnola,0.1117166212534059,0.3434903047091412,0.5204359673024523,0.7421203438395415,0.6070460704607046,0,0.7002518891687658
John St Clair,0.3223140495867768,0.2749490835030549,0.2535787321063394,0.0,0.2157676348547718,1,
John Stallworth,0.4157303370786517,0.7097902097902098,0.803125,0.9088050314465408,0.9376854599406528,0,0.997275204359673
John Stephens,0.0906666666666666,0.2927461139896373,0.4797843665768194,0.4987080103359173,0.5013404825737265,0,0.444743935309973
John Taylor 2,0.4792013311148086,0.6373333333333333,0.9093264248704664,0.9433962264150944,0.9896640826873384,0,0.970509383378016
John Tice,0.05420054200542,0.3148614609571788,0.552,0.698019801980198,0.8386023294509152,0,0.76
Johnnie Mcdaniel,0.3558052434456928,0.3111888111888112,0.578125,0.5125786163522013,0.7922848664688428,0,0.8201634877384196
Johnnie Morton,0.2265625,0.6561743341404358,0.8492822966507177,0.9172749391727494,0.9423076923076924,0,0.9772209567198178
Johnny Davis,0.0356083086053412,0.2125340599455041,0.2409972299168975,0.1008174386920981,0.0429799426934097,0,0.043360433604336
Johnny Hector,0.1680216802168021,0.3753148614609571,0.568,0.6757425742574258,0.7886855241264559,0,0.6533333333333333
Johnny Johnson 2,0.2129380053908355,0.5142118863049095,0.5978552278820375,0.6253369272237197,0.6536458333333334,1,
Johnny Mcwilliams,0.2224880382775119,0.4038929440389294,0.7091346153846154,0.5694760820045558,0.6074766355140186,1,
Johnny Mitchell,0.3056300268096514,0.7277628032345014,0.8828125,0.8910411622276029,0.7942583732057417,1,
Johnny Perkins,0.5314465408805031,0.7952522255192879,0.896457765667575,0.8337950138504155,0.8501362397820164,0,0.8510028653295129
Joique Bell,0.4512428298279158,0.7292490118577075,0.852589641434263,0.8019607843137255,0.6347992351816444,1,
Jon Keyworth,0.2397003745318352,0.5874125874125874,0.69375,0.6446540880503144,0.5489614243323442,0,0.4904632152588556
Jon Ritchie,0.1009615384615384,0.4738041002277904,0.6401869158878505,0.6744730679156908,0.445916114790287,0,0.4793388429752066
Jon Staggers,0.51875,0.5526315789473685,0.6074766355140186,0.6978723404255319,0.8277153558052435,0,0.8286713286713286
Jon Witman,0.1818181818181818,0.1873479318734793,0.3389423076923077,0.3257403189066059,0.4158878504672897,0,0.3676814988290398
Jonathan Grimes,0.1166347992351816,0.274703557312253,0.5039840637450199,0.5549019607843138,0.5927342256214149,1,
Jonathan Hayes,0.0746666666666666,0.3366336633663366,0.7587354409317804,0.6826666666666666,0.6917098445595855,0,0.555256064690027
Jonathan Ogden,0.1363636363636363,0.1119221411192214,0.1322115384615384,0.0091116173120728,0.0070093457943925,0,0.009367681498829
Jonathan Stewart,0.1051546391752577,0.3305785123966942,0.5124481327800829,0.7103174603174603,0.6730401529636711,0,0.6778656126482213
Jonathan Williams,0.0420650095602294,0.0466019417475728,0.0823970037453183,0.2946593001841621,0.4558558558558558,0,0.4946043165467625
Jordan Cameron,0.1071428571428571,0.3977055449330784,0.7450592885375494,0.8665338645418327,0.8666666666666667,0,0.751434034416826
Jordan Howard,0.2638623326959847,0.429126213592233,0.5973782771535581,0.5488029465930019,0.3405405405405405,0,0.3147482014388489
Jordan Norwood,0.3273809523809524,0.5219885277246654,0.5454545454545454,0.1872509960159362,0.2450980392156862,0,0.4378585086042065
Jordan Reed,0.4328063241106719,0.6772908366533864,0.8607843137254902,0.887189292543021,0.8271844660194175,0,0.799625468164794
Jordan Todman,0.0611854684512428,0.2687747035573122,0.4880478087649402,0.4196078431372549,0.2313575525812619,1,
Jordan Wilkins,0.0355805243445692,0.0847145488029466,0.3117117117117117,0.2697841726618705,0.2655367231638418,1,
Jordy Nelson,0.3319587628865979,0.6590909090909091,0.8215767634854771,0.9484126984126984,0.97131931166348,0,0.9920948616600792
Joseph Addai,0.3319057815845824,0.6887966804979253,0.8123711340206186,0.8243801652892562,0.7219917012448133,0,0.626984126984127
Josh Bellamy,0.0398406374501992,0.2666666666666666,0.5487571701720841,0.7611650485436893,0.7471910112359551,0,0.6850828729281768
Josh Cribbs,0.1063394683026584,0.1970021413276231,0.3879668049792531,0.4948453608247423,0.4483471074380165,0,0.5622406639004149
Josh Gordon,0.5296367112810707,0.91699604743083,0.9621513944223108,0.8705882352941177,0.3307839388145315,0,0.3262135922330097
Josh Hill,0.1225296442687747,0.4661354581673306,0.615686274509804,0.6692160611854685,0.5067961165048543,0,0.5299625468164794
Josh Morgan,0.354639175257732,0.6942148760330579,0.8672199170124482,0.8511904761904762,0.8374760994263862,0,0.7569169960474308
Josh Reed,0.4415011037527593,0.7107438016528925,0.7678207739307535,0.8159509202453987,0.8072805139186295,0,0.8713692946058091
Julian Edelman,0.3450413223140496,0.520746887966805,0.5813492063492064,0.5717017208413002,0.8280632411067194,0,0.9302788844621512
Julio Jones,0.5714285714285714,0.9158699808795412,0.9525691699604744,0.9760956175298804,0.9862745098039216,0,0.9980879541108988
Julius Jones,0.2240325865580448,0.4805725971370143,0.7002141327623126,0.7489626556016598,0.6762886597938145,0,0.6838842975206612
Julius Peppers,0.0468431771894093,0.0408997955010225,0.038543897216274,0.0103734439834024,0.0144329896907216,0,0.0082644628099173
Julius Thomas,0.0575396825396825,0.0535372848948374,0.6521739130434783,0.8207171314741036,0.9215686274509804,0,0.8508604206500956
Junior Miller,0.5373961218836565,0.7411444141689373,0.830945558739255,0.6341463414634146,0.4987405541561713,1,
Justin Armour,0.2518159806295399,0.2248803827751196,0.1922141119221411,0.2596153846153846,0.7038724373576309,1,
Justin Fargas,0.0929752066115702,0.1384928716904277,0.2024539877300613,0.310492505353319,0.4896265560165975,0,0.5422680412371134
Justin Forsett,0.3078512396694214,0.524896265560166,0.6726190476190477,0.5965583173996176,0.5197628458498024,0,0.5557768924302788
Justin Gage,0.3946280991735537,0.5498981670061099,0.7689161554192229,0.6595289079229122,0.7946058091286307,0,0.8536082474226804
Justin Griffith,0.2582644628099173,0.5254582484725051,0.6482617586912065,0.6445396145610278,0.6120331950207469,0,0.6288659793814433
Justin Hardy,0.2313725490196078,0.5449330783938815,0.683495145631068,0.6947565543071161,0.6666666666666666,1,
Justin Hunter,0.424901185770751,0.7370517928286853,0.8215686274509804,0.8432122370936902,0.6737864077669903,0,0.6048689138576779
Justin Jackson,0.1760299625468165,0.29097605893186,0.5063063063063064,0.5143884892086331,0.6177024482109228,1,
Justin Mccareins,0.4121779859484777,0.6777041942604857,0.8966942148760331,0.924643584521385,0.9366053169734152,0,0.8758029978586723
Justin Peelle,0.0794701986754966,0.3388429752066115,0.3808553971486761,0.4437627811860941,0.4197002141327623,0,0.6327800829875518
Kamar Aiken,0.300796812749004,0.7274509803921568,0.8565965583173997,0.8,0.6198501872659176,1,
Karl Hankton,0.1355140186915887,0.1334894613583138,0.4834437086092715,0.5351239669421488,0.6476578411405295,0,0.3946830265848671
Karl Williams 2,0.3133971291866029,0.6934306569343066,0.8028846153846154,0.7767653758542141,0.6448598130841121,0,0.6838407494145199
Kassim Osgood,0.4380165289256198,0.6924643584521385,0.7995910020449898,0.5674518201284796,0.3775933609958506,0,0.134020618556701
Keary Colbert,0.4806517311608961,0.6830265848670757,0.7837259100642399,0.6701244813278008,0.6597938144329897,0,0.4710743801652892
Keelan Cole,0.4699029126213592,0.6441947565543071,0.8637200736648251,0.8594594594594595,0.8866906474820144,0,0.8436911487758946
Keelan Doss,0.2154696132596685,0.1837837837837838,0.1996402877697841,0.0056497175141242,0.0627450980392156,1,
Keenan Mccardell,0.1581769436997319,0.5633423180592992,0.7526041666666666,0.8450363196125908,0.9138755980861244,0,0.9562043795620438
Keith Byars,0.0618811881188118,0.5158069883527454,0.632,0.810880829015544,0.8571428571428571,0,0.8036175710594315
Keith Cash,0.276485788113695,0.4879356568364611,0.6630727762803235,0.6796875,0.7481840193704601,0,0.6363636363636364
Keith Crawford,0.0431266846361186,0.0442708333333333,0.0460048426150121,0.0047846889952153,0.364963503649635,0,0.375
Keith Elias,0.1549636803874092,0.2416267942583732,0.2141119221411192,0.0985576923076923,0.061503416856492,1,
Keith Griffin,0.0680100755667506,0.3306666666666666,0.5544554455445545,0.7221297836938436,0.408,1,
Keith Jackson 2,0.344,0.6761658031088082,0.8598382749326146,0.8604651162790697,0.8445040214477212,0,0.8274932614555256
Keith Jennings,0.1269430051813471,0.1401617250673854,0.421188630490956,0.5254691689008043,0.6172506738544474,0,0.5833333333333334
Keith Kirkwood,0.3033707865168539,0.3130755064456721,0.3873873873873873,0.1600719424460431,0.3013182674199623,0,0.3823529411764705
Keith Krepfle,0.1258741258741259,0.321875,0.7012578616352201,0.8130563798219584,0.9073569482288828,0,0.8587257617728532
Keith Mckeller,0.2063227953410981,0.0826666666666666,0.4715025906735751,0.692722371967655,0.8682170542635659,0,0.7372654155495979
Keith Poole,0.3527980535279805,0.7572115384615384,0.89749430523918,0.8948598130841121,0.8009367681498829,1,
Keith Smith,0.1089866156787763,0.2737864077669903,0.4438202247191011,0.5119705340699816,0.4918918918918919,0,0.4514388489208633
Keke Coutee,0.2958801498127341,0.5230202578268877,0.6828828828828829,0.4640287769784172,0.3483992467043315,1,
Kellen Davis,0.2024793388429752,0.4273858921161825,0.6765873015873016,0.6692160611854685,0.6758893280632411,0,0.3924302788844621
Kellen Winslow,0.1731160896130346,0.1758691206543967,0.6509635974304069,0.8278008298755186,0.9051546391752576,0,0.9276859504132232
Kellen Winslow 2,0.3405994550408719,0.8421052631578947,0.9618528610354224,0.991404011461318,0.983739837398374,0,0.9622166246851386
Kelley Washington,0.4338842975206611,0.6639511201629328,0.7791411042944786,0.728051391862955,0.5020746887966805,0,0.4309278350515464
Kelvin Benjamin,0.549800796812749,0.5450980392156862,0.8604206500956023,0.8077669902912621,0.9138576779026216,1,
Kelvin Bryant,0.4628712871287129,0.7986688851913477,0.8666666666666667,0.6683937823834197,0.5849056603773585,1,
Kelvin Martin,0.4875207986688852,0.696,0.883419689119171,0.9191374663072776,0.8940568475452196,0,0.8605898123324397
Ken Burrough,0.65,0.7947368421052632,0.8785046728971962,0.9276595744680852,0.9363295880149812,0,0.9755244755244756
Ken Burrow,0.8263157894736842,0.9065420560747663,0.9702127659574468,0.9550561797752808,0.9195804195804196,1,
Ken Dilger,0.5036319612590799,0.7392344497607656,0.8564476885644768,0.8076923076923077,0.7927107061503417,0,0.7546728971962616
Ken Margerum,0.5340599455040872,0.7191977077363897,0.8509485094850948,0.5994962216624685,0.4933333333333333,0,0.3638613861386138
Ken Payne,0.1535580524344569,0.7062937062937062,0.88125,0.8867924528301887,0.7893175074183977,1,
Ken Whisenhunt,0.1626666666666666,0.4925742574257425,0.7237936772046589,0.5093333333333333,0.3056994818652849,0,0.1644204851752021
Kendall Lamm,0.1745098039215686,0.2084130019120459,0.1786407766990291,0.0093632958801498,0.005524861878453,0,0.1459459459459459
Kendall Wright,0.4474187380497132,0.7747035573122529,0.9103585657370518,0.907843137254902,0.8776290630975143,0,0.858252427184466
Kenjon Barner,0.0553359683794466,0.0677290836653386,0.1215686274509803,0.2963671128107074,0.4019417475728155,0,0.3782771535580524
Kenneth Davis,0.0693069306930693,0.2695507487520798,0.264,0.349740932642487,0.398921832884097,0,0.4547803617571059
Kenny Britt,0.4876033057851239,0.8008298755186722,0.9007936507936508,0.864244741873805,0.7213438735177866,0,0.7948207171314741
Kenny Golladay,0.4601941747572815,0.8239700374531835,0.9686924493554327,0.954954954954955,0.9298561151079136,0,0.7777777777777778
Kenny Harrison,0.259375,0.5031446540880503,0.7091988130563798,0.6212534059945504,0.4016620498614958,1,
Kenny Jackson,0.3702770780856423,0.768,0.9084158415841584,0.9434276206322796,0.784,0,0.5259067357512953
Kenny King 2,0.1689750692520775,0.2888283378746594,0.4240687679083094,0.4390243902439024,0.4534005037783375,0,0.5013333333333333
Kenny Stills,0.5316205533596838,0.8286852589641435,0.923529411764706,0.9292543021032504,0.8854368932038835,0,0.9194756554307116
Kenny Watson,0.3664459161147902,0.3615702479338843,0.5173116089613035,0.2208588957055214,0.5182012847965739,0,0.6244813278008299
Kenyan Drake,0.1032504780114722,0.4097087378640777,0.7397003745318352,0.8397790055248618,0.8054054054054054,0,0.7122302158273381
Kerry Cash,0.0878552971576227,0.5603217158176944,0.706199460916442,0.75,0.5738498789346247,0,0.492822966507177
Kevan Barlow,0.3466042154566744,0.5275938189845475,0.7004132231404959,0.6782077393075356,0.6973415132924335,0,0.5353319057815846
Kevin Boss,0.2883817427385892,0.6556701030927835,0.8429752066115702,0.8734439834024896,0.8551587301587301,0,0.8260038240917782
Kevin Curtis,0.1301652892561983,0.4154786150712831,0.7730061349693251,0.8715203426124197,0.941908713692946,0,0.9216494845360824
Kevin Dyson,0.3197115384615384,0.7312072892938497,0.8037383177570093,0.9016393442622952,0.8785871964679912,0,0.8429752066115702
Kevin Faulk,0.1184510250569476,0.3785046728971962,0.5480093676814989,0.6512141280353201,0.7231404958677686,0,0.745417515274949
Kevin House 2,0.481994459833795,0.8664850136239782,0.9512893982808024,0.975609756097561,0.9697732997481108,0,0.9706666666666668
Kevin Johnson 2,0.6469248291571754,0.8177570093457944,0.9437939110070258,0.933774834437086,0.9400826446280992,0,0.8757637474541752
Kevin Jones 2,0.2688391038696537,0.4212678936605317,0.7323340471092077,0.7199170124481328,0.668041237113402,1,
Kevin Kasper,0.1967213114754098,0.5496688741721855,0.6838842975206612,0.5193482688391039,0.2269938650306748,0,0.0449678800856531
Kevin Lockett,0.3309002433090024,0.6466346153846154,0.806378132118451,0.7827102803738317,0.7798594847775175,0,0.7019867549668874
Kevin Long 2,0.0345911949685534,0.3115727002967359,0.4468664850136239,0.5235457063711911,0.4795640326975476,1,
Kevin Mack,0.1493333333333333,0.4381188118811881,0.7071547420965059,0.3253333333333333,0.1632124352331606,0,0.261455525606469
Kevin Ogletree,0.25,0.4024896265560166,0.5694444444444444,0.6902485659655831,0.758893280632411,0,0.750996015936255
Kevin R Williams,0.2021563342318059,0.4557291666666667,0.774818401937046,0.8205741626794258,0.829683698296837,0,0.7836538461538461
Kevin Smith,0.2804123711340206,0.6487603305785123,0.7697095435684648,0.7281746031746031,0.609942638623327,1,
Kevin Turner,0.0589812332439678,0.4285714285714285,0.6927083333333334,0.7288135593220338,0.722488038277512,0,0.6958637469586375
Kevin Walter,0.1446280991735537,0.3238289205702647,0.591002044989775,0.6274089935760171,0.8029045643153527,0,0.9010309278350516
Kevin White,0.2122370936902485,0.2446601941747573,0.5074906367041199,0.3296500920810313,0.2486486486486486,0,0.2805755395683453
Keyshawn Johnson,0.6148325358851675,0.8637469586374696,0.9759615384615384,0.9931662870159452,0.9742990654205608,0,0.9531615925058547
Khalif Barnes,0.1265560165975103,0.1468253968253968,0.1338432122370937,0.0098814229249011,0.045816733067729,1,
Khari Blasingame,0.1602209944751381,0.3495495495495495,0.3992805755395683,0.2052730696798493,0.0745098039215686,1,
Ki Jana Carter,0.1674641148325359,0.2992700729927007,0.3461538461538461,0.3029612756264236,0.1378504672897196,0,0.2224824355971897
Kimble Anders,0.2609819121447028,0.4638069705093833,0.6684636118598383,0.703125,0.7554479418886199,0,0.7966507177033493
Kitrick Taylor,0.2213333333333333,0.2538860103626943,0.2964959568733153,0.2454780361757106,0.5549597855227882,0,0.7331536388140162
Knowshon Moreno,0.146694214876033,0.508298755186722,0.6587301587301587,0.722753346080306,0.7391304347826086,0,0.7191235059760956
Koren Robinson,0.3114754098360656,0.8079470198675497,0.9214876033057852,0.9429735234215886,0.8793456032719836,0,0.7987152034261242
Kory Sperry,0.2148760330578512,0.454356846473029,0.6865079365079365,0.5372848948374761,0.5553359683794467,1,
Kregg Lumpkin,0.1175257731958762,0.1384297520661157,0.3817427385892116,0.490079365079365,0.5181644359464627,1,
Kris Mangum,0.1776155717761557,0.2211538461538461,0.4555808656036446,0.5373831775700935,0.65807962529274,0,0.6578366445916115
Kris Wilson,0.2126789366053169,0.4775160599571734,0.6141078838174274,0.3876288659793814,0.2706611570247934,0,0.3070539419087137
Kurt Sohn,0.1183879093198992,0.5493333333333333,0.7673267326732673,0.8835274542429284,0.712,1,
Kyle Brady,0.3438256658595641,0.4760765550239234,0.6058394160583942,0.6033653846153846,0.7084282460136674,0,0.7897196261682243
Kyle Rudolph,0.3214285714285714,0.6998087954110899,0.841897233201581,0.7928286852589641,0.7666666666666667,0,0.8891013384321224
L J Smith,0.3285123966942149,0.6109979633401222,0.8404907975460123,0.9014989293361884,0.8609958506224067,0,0.8144329896907216
Labrandon Toefield,0.2727272727272727,0.4175152749490835,0.5153374233128835,0.2933618843683083,0.2012448132780083,1,
Ladainian Tomlinson,0.0374707259953161,0.5143487858719646,0.859504132231405,0.9226069246435844,0.9100204498977504,0,0.8650963597430407
Ladarius Green,0.1720841300191204,0.6007905138339921,0.7649402390438247,0.8156862745098039,0.8049713193116634,1,
Ladell Betts,0.3002207505518763,0.5557851239669421,0.639511201629328,0.5991820040899796,0.6124197002141327,0,0.6742738589211619
Lam Jones,0.407202216066482,0.7138964577656676,0.8567335243553008,0.8834688346883469,0.8816120906801007,1,
Lamar Miller,0.1797323135755258,0.4031620553359684,0.5677290836653387,0.7058823529411765,0.7284894837476099,0,0.7766990291262136
Lamar Smith,0.2227602905569007,0.2535885167464115,0.4549878345498783,0.4471153846153846,0.6173120728929385,0,0.6285046728971962
Lamar Thomas,0.3935309973045822,0.5755208333333334,0.7142857142857143,0.6507177033492823,0.681265206812652,0,0.8221153846153846
Lamont Hall,0.1617312072892938,0.4042056074766355,0.4824355971896955,0.2980132450331126,0.1198347107438016,0,0.2912423625254582
Lamont Jordan,0.1194379391100702,0.4304635761589404,0.6053719008264463,0.6537678207739308,0.787321063394683,0,0.734475374732334
Lamont Warren,0.1510416666666666,0.4164648910411622,0.5550239234449761,0.583941605839416,0.5432692307692307,0,0.6059225512528473
Lance Ball,0.0762886597938144,0.1053719008264462,0.1825726141078838,0.3035714285714285,0.4302103250478011,1,
Lance Dunbar,0.1128107074569789,0.2430830039525691,0.5278884462151394,0.6176470588235294,0.6462715105162524,0,0.3922330097087378
Lance Kendricks,0.2738095238095238,0.621414913957935,0.7786561264822134,0.8087649402390438,0.7470588235294118,0,0.7839388145315488
Lance Moore,0.1798715203426124,0.5311203319502075,0.8494845360824742,0.878099173553719,0.925311203319502,0,0.8928571428571429
Laquon Treadwell,0.1892925430210325,0.3805825242718446,0.6273408239700374,0.7219152854511971,0.7207207207207207,0,0.7697841726618705
Larod Stephens Howling,0.1177685950413223,0.3195020746887966,0.6071428571428571,0.6673040152963671,0.6185770750988142,1,
Larry Brown 6,0.0473684210526315,0.2289719626168224,0.3829787234042553,0.5805243445692884,0.6538461538461539,0,0.665625
Larry Brown 7,0.80625,0.8052631578947368,0.8925233644859814,0.8978723404255319,0.9400749063670412,0,0.916083916083916
Larry Brunson,0.50187265917603,0.7132867132867133,0.896875,0.8647798742138365,0.7388724035608308,0,0.4822888283378747
Larry Burton,0.5209790209790209,0.7125,0.7232704402515723,0.6824925816023739,0.547683923705722,1,
Larry Centers,0.0723514211886304,0.3672922252010724,0.6657681940700808,0.8307291666666666,0.8958837772397095,0,0.9282296650717704
Larry Csonka,0.4625,0.5736842105263158,0.5700934579439252,0.451063829787234,0.348314606741573,0,0.1538461538461538
Larry Fitzgerald,0.4867617107942973,0.8977505112474438,0.987152034261242,0.991701244813278,0.9938144329896909,0,0.993801652892562
Larry Hardy,0.3412462908011869,0.3814713896457766,0.5484764542936288,0.3869209809264305,0.4212034383954154,0,0.3577235772357723
Larry Johnson,0.0805785123966942,0.3910386965376782,0.6789366053169734,0.8501070663811563,0.8132780082987552,0,0.756701030927835
Larry Kinnebrew,0.010840108401084,0.234256926952141,0.392,0.5643564356435643,0.6888519134775375,0,0.32
Larry Moriarty,0.1355013550135501,0.36272040302267,0.3813333333333333,0.4282178217821782,0.5091514143094842,0,0.36
Larry Schreiber,0.3894736842105263,0.6214953271028038,0.6851063829787234,0.7415730337078652,0.7167832167832168,0,0.6875
Larry Seiple,0.08125,0.431578947368421,0.3831775700934579,0.3148936170212766,0.0037453183520599,0,0.1573426573426573
Larry Smith 3,0.54375,0.7052631578947368,0.7336448598130841,0.6723404255319149,0.6217228464419475,1,
Latavius Murray,0.199203187250996,0.3862745098039216,0.6481835564053537,0.6097087378640776,0.6292134831460674,0,0.6390423572744015
Laurence Maroney,0.2805139186295503,0.6307053941908713,0.6206185567010309,0.4648760330578512,0.3174273858921161,1,
Laurent Robinson,0.3153526970954357,0.5154639175257731,0.7086776859504132,0.7240663900414938,0.8630952380952381,0,0.847036328871893
Lavelle Hawkins,0.1896907216494845,0.4359504132231405,0.5954356846473029,0.6785714285714286,0.6405353728489483,1,
Laveranues Coles,0.4392523364485981,0.8032786885245902,0.9624724061810156,0.9855371900826446,0.9816700610997964,0,0.9713701431492844
Lawrence Dawsey,0.6253229974160207,0.8418230563002681,0.876010781671159,0.8515625,0.8062953995157385,0,0.8349282296650717
Lawrence Mccutcheon,0.4723404255319149,0.7677902621722846,0.8426573426573427,0.85,0.7861635220125787,0,0.7418397626112759
Lawrence Sampleton,0.2349570200573066,0.3848238482384823,0.4181360201511335,0.1013333333333333,0.0148514851485148,0,0.1098169717138103
Lawrence Vickers,0.1734475374732334,0.4087136929460581,0.5690721649484536,0.4566115702479338,0.3298755186721991,0,0.3115079365079365
Lawyer Tillman,0.2227979274611398,0.2560646900269542,0.2403100775193798,0.4369973190348525,0.6226415094339622,0,0.6380208333333334
Le Ron Mcclain,0.0788381742738589,0.222680412371134,0.4297520661157025,0.5311203319502075,0.5615079365079365,0,0.51434034416826
Le Veon Bell,0.3537549407114624,0.7908366533864541,0.8490196078431372,0.892925430210325,0.8330097087378641,0,0.7734082397003745
Lee Evans,0.5661914460285132,0.8609406952965235,0.974304068522484,0.975103734439834,0.9731958762886598,0,0.9400826446280992
Lee Rouson,0.2400990099009901,0.6123128119800333,0.5573333333333333,0.5544041450777202,0.5175202156334232,0,0.3824289405684754
Lee Smith,0.0912698412698412,0.3116634799235181,0.5375494071146245,0.5657370517928287,0.5509803921568628,0,0.4474187380497132
Legarrette Blount,0.0435684647302904,0.1130952380952381,0.1261950286806883,0.3399209486166007,0.3824701195219123,0,0.515686274509804
Legedu Naanee,0.1991701244813278,0.3773195876288659,0.6363636363636364,0.7116182572614108,0.7876984126984127,0,0.6520076481835564
Lenvil Elliott,0.1489361702127659,0.4569288389513108,0.6398601398601399,0.725,0.7358490566037735,0,0.6498516320474778
Leo Lewis,0.2534059945504087,0.6160458452722063,0.6937669376693767,0.8690176322418136,0.8426666666666667,0,0.8811881188118812
Leon Johnson 2,0.1630170316301703,0.5552884615384616,0.55125284738041,0.3761682242990654,0.0140515222482435,0,0.227373068432671
Leon Washington,0.2612419700214132,0.5456431535269709,0.7402061855670103,0.7004132231404959,0.6224066390041494,0,0.4761904761904761
Leonard Fournette,0.3029126213592233,0.550561797752809,0.8029465930018416,0.7639639639639639,0.802158273381295,0,0.8305084745762712
Leonard Hankerson,0.248015873015873,0.6367112810707457,0.8221343873517787,0.7250996015936255,0.6568627450980392,1,
Leonard Harris,0.2153465346534653,0.6605657237936772,0.6666666666666666,0.7435233160621761,0.7439353099730458,0,0.751937984496124
Leonard Pope,0.2162740899357601,0.495850622406639,0.6144329896907217,0.6115702479338843,0.5560165975103735,0,0.6468253968253969
Leonard Russell,0.1111111111111111,0.131367292225201,0.320754716981132,0.3072916666666667,0.3510895883777239,0,0.4354066985645933
Leonard Thompson,0.184375,0.3144654088050314,0.5311572700296736,0.7356948228882834,0.850415512465374,0,0.8746594005449592
Leonard Weaver,0.1942740286298568,0.1884368308351177,0.5705394190871369,0.643298969072165,0.7727272727272727,1,
Leroy Harris 2,0.0754716981132075,0.3976261127596439,0.5313351498637602,0.6426592797783933,0.332425068119891,0,0.1031518624641833
Leroy Hoard,0.2048517520215633,0.7131782945736435,0.7989276139410187,0.8059299191374663,0.7317708333333334,0,0.6973365617433414
Leroy Thompson,0.2015503875968992,0.3941018766756032,0.5956873315363881,0.6875,0.6513317191283293,0,0.5239234449760766
Lesean Mccoy,0.3367768595041322,0.7302904564315352,0.8472222222222222,0.8776290630975143,0.883399209486166,0,0.8247011952191236
Leshon Johnson,0.2604166666666667,0.2372881355932203,0.4330143540669856,0.1654501216545012,0.1826923076923076,0,0.1776765375854214
Leslie Shepherd,0.0546875,0.5472154963680388,0.7822966507177034,0.8978102189781022,0.9110576923076924,0,0.8929384965831435
Levine Toilolo,0.1284584980237154,0.3645418326693227,0.4980392156862745,0.6634799235181644,0.6563106796116505,0,0.7640449438202247
Lewis Tillman,0.0544041450777202,0.1132075471698113,0.2144702842377261,0.4048257372654155,0.568733153638814,0,0.6432291666666666
Lin Dawson,0.2779291553133515,0.5988538681948424,0.6856368563685636,0.7909319899244333,0.6346666666666667,0,0.5445544554455446
Lionel James,0.0654911838790932,0.6026666666666667,0.7524752475247525,0.9068219633943428,0.7733333333333333,1,
Lionel Manuel,0.4508816120906801,0.816,0.9034653465346536,0.9334442595673876,0.9093333333333332,0,0.932642487046632
Logan Mankins,0.0539419087136929,0.0391752577319587,0.0619834710743801,0.0082987551867219,0.0,1,
Logan Paulsen,0.1348547717842323,0.3888888888888889,0.6481835564053537,0.66600790513834,0.5258964143426295,0,0.2176470588235294
Logan Thomas,0.1281553398058252,0.3164794007490636,0.5616942909760589,0.7675675675675676,0.7949640287769785,0,0.8022598870056498
Lonnie Johnson 2,0.2213541666666666,0.5932203389830508,0.7344497607655502,0.7226277372262774,0.6778846153846154,0,0.6651480637813212
Lorenzo Booker,0.2966804979253112,0.3855670103092783,0.365702479338843,0.1846473029045643,0.2956349206349206,1,
Lorenzo Hampton,0.0453333333333333,0.4851485148514851,0.7703826955074875,0.728,0.5310880829015544,1,
Lorenzo Neal,0.0338541666666666,0.3268765133171913,0.430622009569378,0.4987834549878345,0.3677884615384615,0,0.4100227790432801
Lorenzo White,0.0621761658031088,0.3557951482479784,0.4728682170542636,0.7292225201072386,0.7088948787061995,0,0.7708333333333334
Lou Piccone,0.1818181818181818,0.3875,0.5880503144654088,0.6023738872403561,0.7520435967302452,0,0.6509695290858726
Louie Giammona,0.25,0.2452830188679245,0.2314540059347181,0.0108991825613079,0.2271468144044321,0,0.3188010899182561
Louis Clark,0.216,0.4974093264248704,0.5283018867924528,0.5529715762273901,0.6005361930294906,1,
Louis Lipps,0.3929471032745592,0.8586666666666667,0.948019801980198,0.9600665557404326,0.8826666666666667,0,0.917098445595855
Louis Murphy,0.4731404958677686,0.7344398340248963,0.8253968253968254,0.7762906309751434,0.6403162055335968,0,0.5916334661354582
Lousaka Polite,0.0957230142566191,0.2392638036809816,0.4132762312633833,0.3672199170124481,0.3030927835051546,0,0.2272727272727272
Luke Stocker,0.1865079365079365,0.4455066921606118,0.4407114624505929,0.3625498007968127,0.2803921568627451,0,0.4034416826003824
Luke Willson,0.3221343873517787,0.6673306772908366,0.788235294117647,0.768642447418738,0.6679611650485436,0,0.6161048689138576
Lydell Mitchell,0.308411214953271,0.4765957446808511,0.8389513108614233,0.9265734265734266,0.959375,0,0.9559748427672956
Lynn Cain,0.2697547683923705,0.4542936288088642,0.6049046321525886,0.5845272206303725,0.5149051490514905,0,0.4811083123425693
Lynn Swann,0.3895131086142322,0.8251748251748252,0.93125,0.9779874213836478,0.9792284866468842,0,0.9863760217983653
M L Harris,0.1745152354570637,0.3896457765667575,0.6475644699140402,0.6504065040650406,0.7934508816120907,0,0.736
Macarthur Lane,0.8125,0.8526315789473684,0.8457943925233645,0.7872340425531915,0.8239700374531835,0,0.7972027972027972
Mack Alston,0.2684210526315789,0.4299065420560747,0.6382978723404256,0.7453183520599251,0.7657342657342657,0,0.73125
Mack Strong,0.0026041666666666,0.0920096852300242,0.2631578947368421,0.4939172749391727,0.3822115384615384,0,0.296127562642369
Madison Hedgecock,0.1615541922290388,0.2719486081370449,0.3609958506224066,0.379381443298969,0.3677685950413223,0,0.3568464730290456
Major Everett,0.032520325203252,0.0478589420654911,0.0026666666666666,0.0,0.0682196339434276,1,
Malcolm Barnwell,0.2397820163487738,0.6934097421203438,0.8536585365853658,0.9219143576826196,0.824,1,
Malcolm Brown,0.0431372549019607,0.3193116634799235,0.4446601941747573,0.5224719101123596,0.4106813996316759,0,0.390990990990991
Malcolm Scott,0.1978319783197832,0.198992443324937,0.176,0.0148514851485148,0.2113144758735441,1,
Malcom Floyd,0.2097759674134419,0.1983640081799591,0.4903640256959314,0.5269709543568465,0.7793814432989691,0,0.8615702479338843
Marc Edwards,0.0681265206812652,0.3870192307692308,0.6127562642369021,0.6098130841121495,0.5245901639344263,0,0.4746136865342163
Marc Logan,0.1547420965058236,0.184,0.3367875647668393,0.3773584905660377,0.2299741602067183,0,0.2493297587131367
Marc Mariani,0.0394190871369294,0.0714285714285714,0.0592734225621414,0.0573122529644268,0.0079681274900398,0,0.3235294117647059
Marcel Reece,0.1363636363636363,0.5,0.7222222222222222,0.8164435946462715,0.7766798418972332,0,0.7768924302788844
Marcel Shipp,0.4370860927152318,0.6322314049586777,0.5763747454175153,0.5132924335378323,0.4218415417558886,0,0.5352697095435685
Marcellus Rivers,0.1569086651053864,0.4061810154525386,0.609504132231405,0.5865580448065173,0.6073619631901841,0,0.3640256959314775
Marco Battaglia,0.0885167464114832,0.1995133819951338,0.2331730769230769,0.3644646924829157,0.3995327102803738,0,0.5105386416861827
Marcus Allen,0.5587392550143266,0.7046070460704607,0.9143576826196472,0.8933333333333333,0.8836633663366337,0,0.8985024958402662
Marcus Dowdell,0.1474530831099195,0.2452830188679245,0.3020833333333333,0.2808716707021791,0.5334928229665071,1,
Marcus Johnson,0.087378640776699,0.3745318352059925,0.6685082872928176,0.7873873873873873,0.789568345323741,0,0.7156308851224106
Marcus Pollard,0.2703349282296651,0.4890510948905109,0.7644230769230769,0.7334851936218679,0.764018691588785,0,0.8571428571428571
Marcus Robinson,0.1682692307692307,0.8177676537585421,0.9205607476635514,0.9344262295081968,0.8211920529801324,0,0.8161157024793388
Mario Bates,0.078125,0.2058111380145278,0.2894736842105263,0.3138686131386861,0.4110576923076923,0,0.489749430523918
Mario Manningham,0.1195876288659793,0.6446280991735537,0.8817427385892116,0.9365079365079364,0.887189292543021,0,0.7272727272727273
Marion Barber,0.2004089979550102,0.443254817987152,0.6576763485477178,0.6371134020618556,0.6074380165289256,0,0.4896265560165975
Marion Butts,0.0362694300518134,0.1482479784366576,0.3953488372093023,0.4718498659517426,0.4663072776280323,0,0.3958333333333333
Mark Bavaro,0.4106666666666667,0.7623762376237624,0.940099833610649,0.912,0.8937823834196891,0,0.8517520215633423
Mark Boyer,0.248,0.5272277227722773,0.7337770382695508,0.5733333333333334,0.4792746113989637,0,0.6145552560646901
Mark Bradley,0.2085889570552147,0.5867237687366167,0.7074688796680498,0.7752577319587629,0.7396694214876033,1,
Mark Brammer,0.335180055401662,0.3923705722070845,0.670487106017192,0.6422764227642277,0.6498740554156172,1,
Mark Bruener,0.3196125907990315,0.5287081339712919,0.6447688564476886,0.6201923076923077,0.5763097949886105,0,0.6588785046728972
Mark Campbell,0.3394077448747152,0.4532710280373832,0.4754098360655737,0.4194260485651214,0.5785123966942148,0,0.7026476578411406
Mark Carrier 2,0.6356073211314476,0.8186666666666667,0.9585492227979274,0.9622641509433962,0.9431524547803618,0,0.8847184986595175
Mark Chmura,0.1024258760107816,0.3984375,0.7627118644067796,0.8397129186602871,0.8613138686131386,0,0.8100961538461539
Mark Clayton,0.4028629856850715,0.8329764453961456,0.925311203319502,0.9402061855670104,0.890495867768595,0,0.8547717842323651
Mark Clayton 2,0.2411924119241192,0.853904282115869,0.9466666666666668,0.995049504950495,0.9916805324459236,0,0.9973333333333332
Mark Duper,0.6829268292682927,0.9445843828715366,0.9893333333333332,1.0,0.9900166389351082,0,0.9866666666666668
Mark Higgs,0.0647668393782383,0.0808625336927223,0.1757105943152454,0.1876675603217158,0.3234501347708894,1,
Mark Ingram,0.1369047619047619,0.2982791586998088,0.4426877470355731,0.3525896414342629,0.5411764705882353,0,0.6959847036328872
Mark Ingram 2,0.3960066555740432,0.4186666666666667,0.6839378238341969,0.7762803234501348,0.8914728682170543,0,0.8820375335120644
Mark Jackson 2,0.4405940594059406,0.8352745424292846,0.9146666666666666,0.927461139896373,0.9299191374663072,0,0.9147286821705426
Mark Jones,0.0388548057259713,0.0364025695931477,0.0456431535269709,0.2432989690721649,0.3099173553719008,1,
Mark Nichols,0.3978201634877384,0.6991404011461319,0.7886178861788617,0.889168765743073,0.8666666666666667,0,0.8292079207920792
Mark Stock,0.2694300518134715,0.307277628032345,0.2997416020671835,0.0134048257372654,0.013477088948787,0,0.0104166666666666
Mark Van Eeghen,0.0861423220973782,0.2727272727272727,0.490625,0.5251572327044025,0.6201780415430267,0,0.7629427792915532
Mark Witte,0.073170731707317,0.08816120906801,0.192,0.0891089108910891,0.5391014975041597,1,
Markus Wheaton,0.1877470355731225,0.6254980079681275,0.8627450980392157,0.8680688336520076,0.7456310679611651,1,
Marlin Briscoe,0.98125,0.9842105263157894,0.97196261682243,0.9446808510638298,0.8164794007490637,0,0.8321678321678322
Marlon Mack,0.2718446601941747,0.3970037453183521,0.5561694290976059,0.4072072072072072,0.3201438848920863,0,0.416195856873823
Marlon Moore,0.3008298755186722,0.2976190476190476,0.5430210325047801,0.4525691699604743,0.4382470119521912,0,0.388235294117647
Marqise Lee,0.350597609561753,0.5764705882352941,0.8718929254302104,0.8893203883495145,0.8183520599250936,0,0.6316758747697975
Marqueis Gray,0.0415019762845849,0.2768924302788844,0.3509803921568627,0.5697896749521989,0.5281553398058253,1,
Marques Colston,0.6659528907922913,0.91701244813278,0.9835051546391752,0.9648760330578512,0.9730290456431536,0,0.98015873015873
Marquise Goodwin,0.2964426877470356,0.5358565737051793,0.707843137254902,0.7762906309751434,0.883495145631068,0,0.9213483146067416
Marshall Faulk,0.4427083333333333,0.6658595641646489,0.7799043062200957,0.7445255474452555,0.8509615384615384,0,0.9339407744874716
Marshawn Lynch,0.2240663900414937,0.5628865979381443,0.7045454545454546,0.6058091286307054,0.5456349206349206,0,0.5334608030592735
Martavis Bryant,0.5059760956175299,0.7980392156862746,0.8126195028680688,0.7708737864077669,0.6479400749063671,1,
Martellus Bennett,0.3587628865979381,0.5537190082644629,0.6991701244813278,0.5793650793650794,0.7418738049713193,0,0.8557312252964426
Marty Booker,0.3599088838268792,0.5794392523364486,0.8384074941451991,0.9492273730684326,0.96900826446281,0,0.9613034623217924
Marv Cook,0.0310880829015544,0.3234501347708894,0.6873385012919897,0.7453083109919572,0.6981132075471698,0,0.6197916666666666
Marv Hubbard,0.4157894736842105,0.4953271028037383,0.6170212765957447,0.5692883895131086,0.541958041958042,0,0.3
Marvin Hall,0.2815533980582524,0.5149812734082397,0.8047882136279927,0.8126126126126126,0.8111510791366906,1,
Marvin Harrison,0.5980861244019139,0.8491484184914841,0.9519230769230768,0.9817767653758542,0.9953271028037384,0,1.0
Marvin Jones,0.2753346080305927,0.7193675889328063,0.7091633466135459,0.8137254901960784,0.864244741873805,0,0.9786407766990292
Matt Asiata,0.0650095602294455,0.1245059288537549,0.4721115537848606,0.5666666666666667,0.7055449330783938,1,
Matt Bouza,0.4584527220630373,0.6883468834688347,0.8438287153652393,0.8106666666666666,0.8663366336633663,0,0.9251247920133112
Matt Breida,0.2252427184466019,0.5205992509363296,0.6979742173112339,0.6846846846846847,0.6007194244604317,0,0.5630885122410546
Matt Cushing,0.1571753986332574,0.1915887850467289,0.3747072599531616,0.2119205298013245,0.1962809917355372,0,0.3523421588594704
Matt Forte,0.4412371134020618,0.6983471074380165,0.8174273858921162,0.7936507936507936,0.8107074569789675,0,0.8616600790513834
Matt Hatchette,0.2554744525547445,0.5841346153846154,0.7790432801822323,0.7523364485981309,0.7775175644028103,0,0.5474613686534217
Matt Lacosse,0.1431372549019607,0.1663479923518164,0.145631067961165,0.2752808988764045,0.4972375690607735,1,
Matt Schobel,0.3200883002207506,0.5495867768595041,0.6985743380855397,0.65439672801636,0.715203426124197,0,0.6804979253112033
Matt Spaeth,0.2406639004149377,0.4164948453608247,0.4628099173553719,0.3983402489626556,0.4087301587301587,0,0.4990439770554493
Matt Suhey,0.1024930747922437,0.1525885558583106,0.4613180515759312,0.5365853658536586,0.5390428211586902,0,0.4693333333333333
Matt Willis,0.2614107883817427,0.2391752577319587,0.2334710743801653,0.2302904564315352,0.5376984126984127,0,0.6653919694072657
Matthew Mulligan,0.0909090909090909,0.0746887966804979,0.25,0.4053537284894837,0.5691699604743083,0,0.3705179282868526
Matthew Slater,0.0329896907216494,0.0516528925619834,0.0414937759336099,0.3492063492063492,0.372848948374761,0,0.3636363636363636
Maurice Carthon,0.096,0.1707920792079208,0.5424292845257903,0.3786666666666666,0.5233160621761658,0,0.5525606469002695
Maurice Jones Drew,0.3854389721627409,0.6867219917012448,0.8350515463917526,0.8202479338842975,0.8112033195020747,0,0.7857142857142857
Maurice Morris,0.0993377483443708,0.3140495867768595,0.4297352342158859,0.5316973415132924,0.4732334047109208,0,0.6037344398340249
Maurice Stovall,0.2184154175588865,0.4605809128630705,0.488659793814433,0.5971074380165289,0.5767634854771784,0,0.6746031746031746
Maxx Williams,0.196078431372549,0.2237093690248566,0.341747572815534,0.3726591760299625,0.6537753222836096,0,0.6990990990990991
Mel Gray,0.2178217821782178,0.5324459234608985,0.312,0.4170984455958549,0.3180592991913746,0,0.5271317829457365
Mel Gray 2,0.7157894736842105,0.7149532710280374,0.902127659574468,0.9213483146067416,0.9895104895104896,0,0.99375
Melvin Gordon,0.1352941176470588,0.5564053537284895,0.8019417475728156,0.8820224719101124,0.8655616942909761,0,0.6756756756756757
Mercury Morris,0.5375,0.4578947368421052,0.5560747663551402,0.4638297872340425,0.5318352059925093,0,0.3706293706293706
Merril Hoge,0.4392678868552412,0.4986666666666666,0.6606217616580311,0.6657681940700808,0.6124031007751938,0,0.4745308310991957
Mervyn Fernandez,0.4559068219633943,0.8053333333333333,0.9248704663212436,0.9487870619946092,0.9224806201550388,0,0.8766756032171582
Mewelde Moore,0.2810590631364562,0.6094069529652352,0.8222698072805139,0.7697095435684648,0.7257731958762886,0,0.6198347107438017
Michael Bates,0.0431266846361186,0.3229166666666667,0.3099273607748184,0.2320574162679425,0.0072992700729927,0,0.0072115384615384
Michael Bennett 2,0.3302107728337236,0.6313465783664459,0.7355371900826446,0.7209775967413442,0.656441717791411,0,0.5717344753747323
Michael Bush,0.2206185567010309,0.3326446280991735,0.5933609958506224,0.7043650793650794,0.7552581261950286,0,0.7134387351778656
Michael Clayton,0.7067209775967414,0.8261758691206544,0.8950749464668094,0.7302904564315352,0.7484536082474227,0,0.7706611570247934
Michael Crabtree,0.3946280991735537,0.7883817427385892,0.9424603174603174,0.977055449330784,0.9426877470355732,0,0.9382470119521912
Michael Floyd,0.3824091778202677,0.808300395256917,0.9083665338645418,0.9509803921568628,0.9120458891013384,0,0.8349514563106796
Michael Gaines,0.1079429735234216,0.3742331288343558,0.5910064239828694,0.7136929460580913,0.6,0,0.5888429752066116
Michael Gallup,0.3951310861423221,0.858195211786372,0.9567567567567568,0.962230215827338,0.9096045197740112,0,0.8627450980392157
Michael Haddix,0.2276422764227642,0.3677581863979849,0.5893333333333334,0.5915841584158416,0.6738768718801996,0,0.2826666666666667
Michael Haynes 2,0.3413333333333333,0.7538860103626943,0.8814016172506739,0.96640826873385,0.9865951742627346,0,0.9919137466307276
Michael Hoomanawanui,0.3049792531120332,0.4642857142857143,0.6864244741873805,0.6739130434782609,0.6633466135458167,0,0.5274509803921569
Michael Irvin,0.5173333333333333,0.7772020725388601,0.8840970350404312,0.917312661498708,0.9892761394101875,0,1.0
Michael Jackson,0.3875968992248062,0.7935656836461126,0.9460916442048516,0.9427083333333334,0.9200968523002422,0,0.9521531100478468
Michael Jenkins,0.2443991853360488,0.6441717791411042,0.8308351177730193,0.8838174273858921,0.8989690721649485,0,0.9235537190082644
Michael Palmer,0.1431535269709543,0.3253968253968254,0.4780114722753346,0.3992094861660079,0.4063745019920319,1,
Michael Pittman,0.2847380410022779,0.5280373831775701,0.6791569086651054,0.7682119205298014,0.8264462809917356,0,0.8431771894093686
Michael Roan,0.0581113801452784,0.0382775119617224,0.2700729927007299,0.3966346153846153,0.6309794988610479,0,0.4906542056074766
Michael Robinson,0.1199143468950749,0.3402489626556016,0.5938144329896907,0.5351239669421488,0.4336099585062241,0,0.367063492063492
Michael Strachan,0.3741258741258741,0.415625,0.4528301886792453,0.28486646884273,0.2479564032697547,0,0.2797783933518005
Michael Thomas,0.6042065009560229,0.9262135922330096,0.99250936329588,1.0,0.9837837837837838,0,0.8758992805755396
Michael Timpson,0.1159029649595687,0.4806201550387597,0.6943699731903485,0.8140161725067385,0.9010416666666666,0,0.9055690072639224
Michael Turner,0.0631364562118126,0.0572597137014314,0.2483940042826552,0.3506224066390041,0.4969072164948453,0,0.3884297520661157
Michael Westbrook,0.4842615012106537,0.7511961722488039,0.8856447688564477,0.8942307692307693,0.9476082004555808,0,0.911214953271028
Michael Williams 2,0.1707317073170731,0.2972292191435768,0.2853333333333333,0.0841584158415841,0.2645590682196339,1,
Micheal Spurlock,0.1541755888650963,0.1867219917012448,0.1443298969072164,0.0433884297520661,0.3278008298755187,0,0.375
Mickey Shuler,0.2572614107883817,0.2599206349206349,0.2887189292543021,0.0098814229249011,0.0438247011952191,1,
Mickey Shuler 2,0.172106824925816,0.4604904632152589,0.6481994459833795,0.4686648501362397,0.5787965616045845,0,0.6043360433604336
Mike Adamle,0.0631578947368421,0.2990654205607476,0.3914893617021276,0.4906367041198501,0.513986013986014,0,0.478125
Mike Alstott,0.2655502392344497,0.4501216545012165,0.5745192307692307,0.5558086560364465,0.5490654205607477,0,0.4964871194379391
Mike Anderson,0.1588785046728972,0.3864168618266979,0.6203090507726269,0.5991735537190083,0.45010183299389,0,0.4151329243353783
Mike Barber,0.2295597484276729,0.6142433234421365,0.8065395095367848,0.9002770083102493,0.8446866485013624,0,0.8108882521489972
Mike Bartrum,0.1363636363636363,0.1119221411192214,0.1322115384615384,0.1594533029612756,0.1518691588785046,0,0.4332552693208431
Mike Bell 2,0.2077087794432548,0.3215767634854772,0.5298969072164949,0.4276859504132231,0.4522821576763485,1,
Mike Cloud,0.0933940774487471,0.2523364485981308,0.2552693208430913,0.2560706401766004,0.2148760330578512,0,0.2830957230142566
Mike Collier,0.0594405594405594,0.046875,0.1540880503144654,0.0504451038575667,0.215258855585831,1,
Mike Cox,0.0659793814432989,0.2376033057851239,0.3734439834024896,0.3174603174603174,0.3250478011472275,1,
Mike Davis,0.0725490196078431,0.2198852772466539,0.4524271844660194,0.5561797752808989,0.5874769797421732,0,0.6684684684684684
Mike Dyal,0.4404145077720207,0.6522911051212938,0.6744186046511628,0.4316353887399464,0.2641509433962264,1,
Mike Furrey,0.2210743801652892,0.3828920570264765,0.3517382413087934,0.683083511777302,0.8112033195020747,0,0.8783505154639175
Mike Goodson,0.1590909090909091,0.4688796680497925,0.5198412698412699,0.6462715105162524,0.5889328063241107,1,
Mike Guman,0.1994459833795014,0.3051771117166212,0.5329512893982808,0.6910569105691057,0.7405541561712846,0,0.6533333333333333
Mike Hinnant,0.2186666666666666,0.2512953367875647,0.2911051212938005,0.0180878552971576,0.1126005361930295,1,
Mike Hogan,0.196875,0.440251572327044,0.5964391691394659,0.6185286103542235,0.4321329639889196,1,
Mike Holston,0.4822888283378747,0.7048710601719198,0.8130081300813008,0.7808564231738035,0.6693333333333333,1,
Mike Jones 5,0.2059620596205962,0.6095717884130982,0.8613333333333333,0.8960396039603961,0.913477537437604,1,
Mike Karney,0.1364562118126273,0.2740286298568507,0.4839400428265524,0.5103734439834025,0.4474226804123711,0,0.3161157024793388
Mike Martin 2,0.0921409214092141,0.4357682619647355,0.6133333333333333,0.7153465346534653,0.8552412645590682,0,0.8026666666666666
Mike Mularkey,0.181360201511335,0.472,0.6534653465346535,0.762063227953411,0.488,0,0.6036269430051814
Mike Pritchard,0.3359173126614987,0.6595174262734584,0.8409703504043127,0.8333333333333334,0.801452784503632,0,0.784688995215311
Mike Pruitt,0.096875,0.1509433962264151,0.3264094955489614,0.5885558583106267,0.7590027700831025,0,0.7384196185286104
Mike Quick,0.3438395415472779,0.8807588075880759,0.982367758186398,1.0,0.9975247524752476,0,0.9883527454242927
Mike Renfro,0.4124629080118694,0.6730245231607629,0.8116343490304709,0.7193460490463215,0.7965616045845272,0,0.7588075880758808
Mike Rozier,0.152,0.4257425742574257,0.7304492512479202,0.56,0.4818652849740932,0,0.3881401617250674
Mike Sellers,0.0336538461538461,0.2118451025056947,0.4976635514018692,0.6557377049180327,0.5055187637969095,0,0.2458677685950413
Mike Sherrard,0.5965346534653465,0.7321131447587355,0.568,0.0155440414507772,0.320754716981132,0,0.6227390180878553
Mike Shumann,0.4359673024523161,0.5706371191135734,0.5149863760217984,0.3123209169054441,0.4173441734417344,1,
Mike Siani,0.5607476635514018,0.8680851063829788,0.8838951310861424,0.8216783216783217,0.6625,0,0.7672955974842768
Mike Thomas,0.5734265734265734,0.75625,0.8490566037735849,0.8160237388724035,0.8010899182561307,0,0.7506925207756233
Mike Thomas 2,0.1453154875717017,0.3766990291262136,0.3838951310861423,0.3572744014732965,0.263063063063063,0,0.4118705035971223
Mike Tice,0.0980926430517711,0.1489971346704871,0.1924119241192411,0.3123425692695214,0.2426666666666666,0,0.4975247524752475
Mike Tolbert,0.311340206185567,0.5826446280991735,0.7385892116182573,0.748015873015873,0.745697896749522,0,0.7351778656126482
Mike Vrabel,0.2163355408388521,0.2314049586776859,0.4012219959266802,0.4089979550102249,0.3940042826552462,0,0.429460580912863
Mike Wallace,0.5082644628099173,0.8775933609958506,0.9861111111111112,0.9866156787762906,0.9683794466403162,0,0.9482071713147412
Mike Williams 3,0.2372188139059304,0.4346895074946467,0.5892116182572614,0.3278350515463917,0.1239669421487603,0,0.5062240663900415
Mike Williams 4,0.470954356846473,0.7579365079365079,0.9369024856596558,0.9031620553359684,0.8625498007968128,1,
Mike Wilson,0.2588555858310626,0.4727793696275071,0.6775067750677507,0.7304785894206549,0.784,0,0.7747524752475248
Mike Young,0.0586666666666666,0.2326732673267326,0.6239600665557404,0.368,0.6373056994818653,0,0.7196765498652291
Mikhael Ricks,0.3173076923076923,0.6560364464692483,0.7429906542056075,0.7634660421545667,0.7571743929359823,0,0.8450413223140496
Miles Austin,0.2344398340248962,0.6020618556701031,0.9173553719008264,0.979253112033195,0.9821428571428572,0,0.9502868068833652
Miles Boykin,0.3149171270718232,0.6252252252252253,0.6636690647482014,0.5178907721280602,0.2764705882352941,1,
Mitch Lyons,0.091644204851752,0.2682291666666667,0.513317191283293,0.4880382775119617,0.4184914841849148,0,0.2716346153846153
Moe Williams,0.024330900243309,0.5072115384615384,0.6742596810933941,0.705607476635514,0.6159250585480094,0,0.5982339955849889
Mohamed Sanu,0.3040152963671128,0.6047430830039525,0.8545816733067729,0.8568627450980392,0.9005736137667304,0,0.8757281553398059
Montell Owens,0.111340206185567,0.134297520661157,0.1224066390041493,0.0654761904761904,0.3479923518164436,1,
Moran Norris,0.134297520661157,0.2342158859470468,0.4253578732106339,0.5160599571734475,0.578838174273859,0,0.4144329896907217
Morris Bradshaw,0.4615384615384615,0.584375,0.6383647798742138,0.7151335311572701,0.6866485013623979,0,0.703601108033241
Morris Stroud,0.55,0.7684210526315789,0.7523364485981309,0.7829787234042553,0.6853932584269663,1,
Mosi Tatupu,0.0435967302452316,0.0941828254847645,0.2479564032697547,0.1747851002865329,0.3170731707317073,0,0.3476070528967254
Muhsin Muhammad,0.3971291866028708,0.656934306569343,0.8413461538461539,0.908883826879271,0.955607476635514,0,0.927400468384075
Najeh Davenport,0.141280353200883,0.3409090909090909,0.4276985743380855,0.3231083844580777,0.4946466809421841,0,0.6182572614107884
Napoleon Kaufman,0.1186440677966101,0.3229665071770335,0.5815085158150851,0.5985576923076923,0.6400911161731208,0,0.6004672897196262
Napoleon Mccallum,0.1782178217821782,0.2712146422628951,0.128,0.0155440414507772,0.0107816711590296,0,0.0180878552971576
Nat Moore,0.6142322097378277,0.8881118881118881,0.95625,0.9842767295597484,0.9910979228486648,0,0.989100817438692
Nate Burleson,0.4070247933884297,0.8268839103869654,0.8997955010224948,0.880085653104925,0.8298755186721992,0,0.7958762886597938
Nate Jackson,0.0578512396694214,0.1608961303462321,0.1676891615541922,0.3126338329764453,0.3630705394190871,0,0.5381443298969072
Nate Lawrie,0.2647657841140529,0.2413087934560327,0.4753747323340471,0.2551867219917012,0.2865979381443299,1,
Nate Lewis,0.3342318059299191,0.7286821705426356,0.8927613941018767,0.9164420485175202,0.8489583333333334,1,
Nate Washington,0.0388548057259713,0.4925053533190578,0.7676348547717843,0.911340206185567,0.8946280991735537,0,0.9149377593360996
Nathan Poole,0.0,0.0,0.0,0.0114613180515759,0.1056910569105691,0,0.1108312342569269
Natrone Means,0.0970350404312668,0.3723958333333333,0.4552058111380145,0.423444976076555,0.2384428223844282,0,0.1923076923076923
Neal Anderson,0.2772277227722772,0.7870216306156406,0.776,0.8316062176165803,0.7735849056603774,0,0.834625322997416
Nick Bawden,0.0681399631675874,0.0792792792792792,0.3525179856115107,0.2448210922787194,0.3941176470588235,1,
Nick Boyle,0.2294117647058823,0.3824091778202677,0.5902912621359223,0.5880149812734082,0.712707182320442,0,0.6972972972972973
Nick Goings,0.0655737704918032,0.2295805739514348,0.4731404958677686,0.670061099796334,0.7137014314928425,0,0.7066381156316917
Nick Lalonde Bellore,0.3135755258126195,0.2806324110671936,0.2689243027888446,0.0039215686274509,0.0095602294455066,0,0.1611650485436893
Nick O Leary,0.2980392156862745,0.5124282982791587,0.6815533980582524,0.6610486891385767,0.6206261510128913,1,
Nick Williams,0.0869565217391304,0.1095617529880478,0.3803921568627451,0.5086042065009561,0.658252427184466,0,0.5543071161048689
Nicolas Luchey,0.1662870159453303,0.4018691588785046,0.4355971896955503,0.3730684326710817,0.4132231404958678,0,0.5560081466395111
Niles Paul,0.2202380952380952,0.48565965583174,0.642292490118577,0.7071713147410359,0.5058823529411764,0,0.5736137667304015
Norm Bulaich,0.36875,0.6157894736842106,0.6401869158878505,0.7702127659574468,0.7715355805243446,0,0.8671328671328671
Nyheim Hines,0.3876404494382022,0.6243093922651933,0.8342342342342343,0.7769784172661871,0.7853107344632768,1,
O J Howard,0.2543689320388349,0.6872659176029963,0.856353591160221,0.8378378378378378,0.7158273381294964,0,0.6534839924670434
O J Mcduffie,0.2803234501347709,0.6588541666666666,0.8305084745762712,0.8875598086124402,0.9075425790754258,0,0.9495192307692308
O J Santiago,0.2360097323600973,0.625,0.7494305239179955,0.633177570093458,0.5362997658079626,0,0.1876379690949227
O J Simpson,0.48125,0.5947368421052631,0.6915887850467289,0.625531914893617,0.6404494382022472,0,0.7692307692307693
Obafemi Ayanbadejo,0.0159453302961275,0.219626168224299,0.4566744730679157,0.3686534216335541,0.2768595041322314,0,0.2973523421588595
Odessa Turner,0.5490848585690515,0.5493333333333333,0.7823834196891192,0.6873315363881402,0.7700258397932817,0,0.707774798927614
Olanda Truitt,0.1752021563342318,0.5911458333333334,0.7506053268765133,0.6626794258373205,0.4209245742092457,1,
Olandis Gary,0.1503416856492027,0.1728971962616822,0.3278688524590163,0.3863134657836644,0.4896694214876033,1,
Ollie Smith,0.3106382978723404,0.4307116104868914,0.3916083916083916,0.525,0.6477987421383647,1,
Oronde Gadsden,0.4278846153846153,0.8041002277904328,0.9369158878504672,0.9320843091334896,0.8852097130242825,0,0.7851239669421488
Orson Charles,0.248565965583174,0.2905138339920948,0.2828685258964143,0.0549019607843137,0.0095602294455066,0,0.2271844660194174
Orson Mobley,0.3242574257425742,0.6755407653910149,0.648,0.6113989637305699,0.5768194070080862,1,
Otis Armstrong,0.2468085106382978,0.6666666666666666,0.6678321678321678,0.8,0.6320754716981132,0,0.6706231454005934
Otis Grant,0.3197831978319783,0.4685138539042821,0.4506666666666666,0.1188118811881188,0.56738768718802,1,
Otis Taylor,0.9,0.9789473684210528,0.985981308411215,0.9957446808510638,0.9737827715355806,1,
Ottis Anderson,0.3678474114441417,0.5872576177285319,0.6948228882833788,0.5931232091690545,0.6693766937669376,0,0.7481108312342569
Ovie Mughelli,0.0,0.1820128479657387,0.3112033195020747,0.4577319587628866,0.4256198347107438,0,0.487551867219917
Owen Daniels,0.3618843683083512,0.6452282157676349,0.8371134020618557,0.8471074380165289,0.8796680497925311,0,0.8849206349206349
Ozzie Newsome,0.486646884272997,0.8310626702997275,0.9196675900277008,0.9673024523160764,0.9799426934097422,0,0.989159891598916
Pat Beach,0.1891117478510028,0.3523035230352303,0.3954659949622166,0.3786666666666666,0.3910891089108911,0,0.7287853577371048
Pat Carter,0.1626666666666666,0.1917098445595854,0.3477088948787062,0.2661498708010336,0.5630026809651475,0,0.6469002695417789
Pat Curran,0.1375,0.1684210526315789,0.1775700934579439,0.2595744680851063,0.1835205992509363,0,0.6468531468531469
Pat Johnson,0.2451923076923076,0.6378132118451025,0.7570093457943925,0.775175644028103,0.7615894039735099,0,0.756198347107438
Pat Mcinally,0.4213836477987421,0.5756676557863502,0.7057220708446866,0.6703601108033241,0.5912806539509536,1,
Pat Tilley,0.484375,0.5283018867924528,0.8486646884272997,0.9128065395095368,0.9806094182825484,0,0.9700272479564032
Patrick Crayton,0.2769857433808554,0.5930470347648262,0.8051391862955032,0.8734439834024896,0.8927835051546392,0,0.9194214876033058
Patrick Dimarco,0.02868068833652,0.0790513833992094,0.2928286852589641,0.5215686274509804,0.5621414913957935,0,0.4951456310679611
Patrick Hape,0.0778588807785888,0.1057692307692307,0.3280182232346241,0.2406542056074766,0.4894613583138173,0,0.4679911699779249
Patrick Jeffers,0.0535279805352798,0.4975961538461538,0.8587699316628702,0.8434579439252337,0.7985948477751756,1,
Patrick Pass,0.0397196261682243,0.2295081967213114,0.1986754966887417,0.2995867768595041,0.3054989816700611,0,0.556237218813906
Paul Coffman,0.6130790190735694,0.7811634349030471,0.9019073569482288,0.8653295128939829,0.9322493224932248,0,0.9345088161209067
Paul Green,0.1394101876675603,0.4070080862533692,0.546875,0.4430992736077482,0.3684210526315789,1,
Paul Hofer,0.14375,0.2924528301886792,0.4747774480712166,0.7411444141689373,0.8227146814404432,0,0.7629427792915532
Paul Richardson,0.2729083665338645,0.592156862745098,0.7954110898661568,0.8640776699029126,0.8632958801498127,0,0.8674033149171271
Paul Seal,0.5767790262172284,0.7552447552447552,0.8125,0.6981132075471698,0.6943620178041543,0,0.7002724795640327
Paul Seymour,0.2340425531914893,0.5655430711610487,0.6993006993006993,0.709375,0.5566037735849056,1,
Paul Skansi,0.1517615176151761,0.380352644836272,0.6373333333333333,0.7029702970297029,0.8086522462562395,0,0.6506666666666666
Paul Smith 2,0.2943925233644859,0.2833723653395784,0.401766004415011,0.3698347107438016,0.3258655804480652,0,0.2883435582822086
Peerless Price,0.428246013667426,0.6565420560747663,0.8665105386416861,0.9448123620309052,0.9669421487603306,0,0.959266802443992
Percy Harvin,0.5371900826446281,0.8485477178423236,0.9623015873015872,0.9521988527724664,0.8952569169960475,0,0.8466135458167331
Perry Kemp,0.5457570715474209,0.504,0.6735751295336787,0.6172506738544474,0.689922480620155,1,
Perry Williams 3,0.05,0.0368421052631578,0.02803738317757,0.1361702127659574,0.4382022471910112,1,
Pete Banaszak,0.0375,0.3526315789473684,0.4158878504672897,0.4851063829787234,0.4007490636704119,0,0.3776223776223776
Pete Holohan,0.2070844686648501,0.160458452722063,0.4552845528455284,0.7229219143576826,0.8373333333333334,0,0.8589108910891089
Pete Johnson,0.1477987421383647,0.4213649851632047,0.5831062670299727,0.631578947368421,0.6784741144414169,0,0.7249283667621776
Pete Mandley,0.0982367758186398,0.416,0.5891089108910891,0.891846921797005,0.88,0,0.9352331606217616
Pete Metzelaars,0.0601719197707736,0.2547425474254742,0.3879093198992443,0.4186666666666667,0.5470297029702971,0,0.632279534109817
Pete Mitchell,0.4697336561743341,0.6961722488038278,0.8272506082725061,0.8052884615384616,0.8132118451025057,0,0.7476635514018691
Peter Warrick,0.530373831775701,0.747072599531616,0.8962472406181016,0.9338842975206612,0.9022403258655805,0,0.8548057259713702
Peyton Barber,0.0898661567877629,0.2932038834951456,0.4531835205992509,0.5359116022099447,0.4198198198198198,0,0.3938848920863309
Peyton Hillis,0.3051546391752577,0.3739669421487603,0.7323651452282157,0.625,0.6787762906309751,0,0.4209486166007905
Pharoh Cooper,0.1510516252390057,0.3145631067961165,0.3426966292134831,0.429097605893186,0.4738738738738738,0,0.5197841726618705
Phil Epps,0.4641833810888252,0.6964769647696477,0.8866498740554156,0.8986666666666666,0.9232673267326732,0,0.9467554076539102
Phil Mcconkey,0.2241813602015113,0.584,0.8242574257425742,0.8752079866888519,0.7146666666666667,0,0.5466321243523317
Phillip Dorsett,0.2588235294117647,0.6022944550669216,0.7553398058252427,0.7771535580524345,0.8103130755064457,0,0.645045045045045
Phillip Lindsay,0.2715355805243445,0.5322283609576427,0.5927927927927928,0.4532374100719424,0.3069679849340866,1,
Pierre Garcon,0.1319587628865979,0.640495867768595,0.8692946058091287,0.9464285714285714,0.9388145315487572,0,0.950592885375494
Pierre Thomas,0.2738589211618257,0.5855670103092784,0.7541322314049587,0.7655601659751037,0.7797619047619048,0,0.8221797323135756
Plaxico Burress,0.2009345794392523,0.7189695550351288,0.9293598233995584,0.956611570247934,0.9511201629327902,0,0.9447852760736196
Preston Dennard,0.0682492581602373,0.6457765667574932,0.8393351800554016,0.9400544959128064,0.9255014326647564,0,0.929539295392954
Preston Parker,0.1763485477178423,0.5873015873015873,0.6042065009560229,0.4723320158102767,0.3764940239043824,0,0.4607843137254901
Priest Holmes,0.2067307692307692,0.4533029612756264,0.5841121495327103,0.6346604215456675,0.8388520971302428,0,0.9276859504132232
Qadry Ismail,0.3045822102425876,0.7291666666666666,0.8765133171912833,0.9114832535885168,0.7372262773722628,0,0.4158653846153846
Quincy Enunwa,0.2901960784313726,0.7743785850860421,0.7417475728155339,0.7434456928838952,0.2025782688766114,1,
Quincy Morgan,0.3981264637002342,0.7836644591611479,0.8946280991735537,0.8879837067209776,0.820040899795501,1,
Quinn Early,0.24,0.4481865284974093,0.660377358490566,0.7441860465116279,0.8659517426273459,0,0.9137466307277629
Quinn Johnson,0.0743801652892562,0.2136929460580912,0.3809523809523809,0.5009560229445507,0.300395256916996,1,
Rabih Abdullah,0.0318906605922551,0.1448598130841121,0.4660421545667447,0.3509933774834437,0.4152892561983471,0,0.2545824847250509
Raghib Ismail,0.3611859838274933,0.71875,0.8837772397094431,0.8660287081339713,0.8418491484184915,0,0.8581730769230769
Randal Hill,0.4470284237726098,0.7560321715817694,0.889487870619946,0.9114583333333334,0.87409200968523,0,0.8588516746411483
Randall Cobb,0.369047619047619,0.7992351816443595,0.9150197628458498,0.9681274900398408,0.9666666666666668,0,0.977055449330784
Randy Grossman,0.3146067415730337,0.4965034965034965,0.63125,0.550314465408805,0.655786350148368,0,0.7138964577656676
Randy Jordan,0.0646900269541779,0.0677083333333333,0.4043583535108959,0.3110047846889952,0.2725060827250608,0,0.0120192307692307
Randy Mcmichael,0.4547461368653421,0.768595041322314,0.8839103869653768,0.8957055214723927,0.8865096359743041,0,0.8817427385892116
Randy Mcmillan,0.3215258855585831,0.3753581661891118,0.4444444444444444,0.4307304785894206,0.4773333333333333,0,0.6633663366336634
Randy Moss,0.7788461538461539,0.9498861047835992,1.0,0.9976580796252928,0.9955849889624724,0,0.9958677685950412
Randy Vataha,0.8894736842105263,0.911214953271028,0.9659574468085106,0.8876404494382022,0.9370629370629372,0,0.925
Rashaad Penny,0.1441947565543071,0.3904235727440147,0.3477477477477477,0.3507194244604316,0.2994350282485876,0,0.3862745098039216
Rashad Jennings,0.1652892561983471,0.4170124481327801,0.4285714285714285,0.4741873804971319,0.5079051383399209,0,0.6314741035856574
Rashard Higgins,0.2103250478011472,0.4990291262135922,0.7153558052434457,0.7292817679558011,0.7549549549549549,0,0.7212230215827338
Rashard Mendenhall,0.1154639175257732,0.4586776859504132,0.6141078838174274,0.6646825396825397,0.5927342256214149,0,0.6304347826086957
Rashied Davis,0.3190578158458244,0.5746887966804979,0.7711340206185567,0.6756198347107438,0.6597510373443983,0,0.5734126984126984
Ray Alexander,0.2947103274559194,0.2826666666666667,0.3465346534653465,0.021630615640599,0.5893333333333334,0,0.727979274611399
Ray Butler,0.4155124653739612,0.8555858310626703,0.9197707736389684,0.9214092140921408,0.906801007556675,0,0.8773333333333333
Ray Jarvis,0.1448598130841121,0.2680851063829787,0.49812734082397,0.7237762237762237,0.921875,0,0.9339622641509434
Ray Rice,0.3154639175257732,0.7293388429752066,0.8838174273858921,0.9305555555555556,0.9254302103250478,0,0.8873517786561265
Raymond Chester,0.94375,0.9421052631578948,0.9626168224299064,0.9319148936170212,0.898876404494382,0,0.8531468531468531
Raymont Harris,0.2447916666666666,0.2663438256658595,0.5478468899521531,0.3917274939172749,0.5144230769230769,0,0.2027334851936218
Reagan Maui A,0.0,0.0061855670103092,0.0041322314049586,0.1908713692946058,0.4107142857142857,0,0.5066921606118547
Reche Caldwell,0.249448123620309,0.4442148760330578,0.6191446028513238,0.6298568507157464,0.7965738758029979,0,0.7759336099585062
Reese Mccall,0.2551928783382789,0.6539509536784741,0.7894736842105263,0.8365122615803815,0.6790830945558739,0,0.5636856368563685
Reggie Barlow,0.1557177615571776,0.4302884615384615,0.6082004555808656,0.6799065420560748,0.5456674473067916,0,0.5231788079470199
Reggie Brown,0.4110429447852761,0.8179871520342612,0.9273858921161826,0.9072164948453608,0.8264462809917356,1,
Reggie Bush,0.5845824411134903,0.7987551867219918,0.909278350515464,0.8450413223140496,0.7966804979253111,0,0.7698412698412699
Reggie Cobb,0.2533692722371967,0.4392764857881137,0.5764075067024129,0.522911051212938,0.578125,0,0.4721549636803874
Reggie Johnson,0.1886304909560723,0.4423592493297587,0.5795148247978437,0.5963541666666666,0.6295399515738499,0,0.6602870813397129
Reggie Kelly 2,0.3302961275626423,0.5514018691588785,0.6627634660421545,0.6291390728476821,0.5661157024793388,0,0.5417515274949084
Reggie Langhorne,0.1733333333333333,0.6361386138613861,0.8602329450915142,0.872,0.8341968911917098,0,0.8463611859838275
Reggie Rivers,0.195710455764075,0.3881401617250674,0.53125,0.4987893462469733,0.3062200956937799,1,
Reggie Rucker,0.7,0.5842105263157895,0.8177570093457944,0.9234042553191488,0.9775280898876404,0,0.958041958041958
Reggie Wayne,0.4215456674473068,0.7328918322295805,0.9132231404958676,0.9735234215885948,0.983640081799591,0,0.9935760171306208
Reggie Williams,0.2138492871690427,0.4478527607361963,0.7773019271948608,0.8423236514522822,0.8618556701030928,1,
Reidel Anthony,0.4063260340632603,0.7956730769230769,0.8519362186788155,0.8481308411214953,0.7517564402810304,1,
Reno Mahe,0.0888429752066115,0.2505091649694501,0.3701431492842535,0.3661670235546038,0.4564315352697095,1,
Reuben Droughns,0.0843091334894613,0.304635761589404,0.5516528925619835,0.6761710794297352,0.7770961145194274,0,0.7730192719486081
Reuben Gant,0.2552447552447552,0.5875,0.8364779874213837,0.8783382789317508,0.8474114441416893,0,0.7423822714681441
Rex Burkhead,0.1334661354581673,0.3411764705882353,0.5105162523900574,0.6019417475728155,0.5692883895131086,0,0.6372007366482505
Rhett Ellison,0.1548757170172084,0.3873517786561264,0.647410358565737,0.6803921568627451,0.6328871892925431,0,0.6038834951456311
Ricardo Lockette,0.4206349206349206,0.4416826003824092,0.6442687747035574,0.4940239043824701,0.6588235294117647,1,
Rich Caster,0.81875,0.9578947368421052,0.9766355140186916,0.9829787234042552,0.99625468164794,0,0.9825174825174824
Rich Mauti,0.2044025157232704,0.3471810089020771,0.5803814713896458,0.484764542936288,0.2425068119891008,0,0.2836676217765043
Rich Mcgeorge,0.325,0.7578947368421053,0.7429906542056075,0.8085106382978723,0.7640449438202247,0,0.8391608391608392
Richard Angulo,0.0495867768595041,0.0386965376782077,0.2249488752556237,0.2248394004282655,0.4481327800829875,0,0.3195876288659793
Richard Huntley,0.2392344497607655,0.2092457420924574,0.2620192307692308,0.3826879271070615,0.5327102803738317,0,0.6088992974238876
Richard Rodgers,0.2609561752988047,0.6745098039215687,0.8221797323135756,0.7844660194174757,0.6666666666666666,0,0.4696132596685083
Richie Anderson,0.3046875,0.3656174334140435,0.6267942583732058,0.4817518248175182,0.5240384615384616,0,0.4988610478359909
Richie James,0.250936329588015,0.5911602209944752,0.809009009009009,0.6510791366906474,0.7212806026365348,0,0.596078431372549
Rick Fenney,0.1364392678868552,0.3226666666666666,0.5569948186528497,0.633423180592992,0.4625322997416021,1,
Rick Kane,0.2830188679245283,0.4362017804154303,0.5967302452316077,0.4182825484764543,0.5231607629427792,0,0.4813753581661891
Rick Parros,0.2261580381471389,0.6246418338108882,0.6558265582655827,0.5591939546599496,0.2346666666666666,0,0.1014851485148514
Rick Upchurch,0.583916083916084,0.775,0.8553459119496856,0.7774480712166172,0.8555858310626703,0,0.8836565096952909
Rick Walker,0.10062893081761,0.3353115727002967,0.4196185286103542,0.4349030470914127,0.44141689373297,0,0.501432664756447
Rickey Bolden,0.0226700251889168,0.016,0.0247524752475247,0.021630615640599,0.1333333333333333,1,
Rickey Dudley,0.3421052631578947,0.7761557177615572,0.8653846153846154,0.9248291571753986,0.8574766355140186,0,0.8126463700234192
Rickey Young,0.2902097902097902,0.65625,0.8333333333333334,0.9287833827893176,0.9400544959128064,0,0.925207756232687
Ricky Bell 3,0.1886792452830188,0.3531157270029673,0.5749318801089919,0.6592797783933518,0.5422343324250681,1,
Ricky Ervins,0.2532299741602067,0.4021447721179624,0.5390835579514824,0.5416666666666666,0.6150121065375302,1,
Ricky Feacher,0.18125,0.1698113207547169,0.3709198813056379,0.3978201634877384,0.6620498614958449,0,0.8228882833787466
Ricky Nattiel,0.7138103161397671,0.8,0.8652849740932642,0.7466307277628033,0.7803617571059431,1,
Ricky Proehl,0.5579514824797843,0.8578811369509044,0.8873994638069705,0.9029649595687332,0.8671875,0,0.8523002421307506
Ricky Sanders,0.448019801980198,0.8685524126455907,0.9626666666666668,0.9870466321243524,0.9892183288409704,0,0.9689922480620154
Ricky Seals Jones,0.2912621359223301,0.5767790262172284,0.7734806629834254,0.5567567567567567,0.5287769784172662,1,
Ricky Thompson,0.090625,0.2358490566037736,0.516320474777448,0.7302452316076294,0.8088642659279779,0,0.8337874659400545
Ricky Watters,0.3914209115281501,0.6415094339622641,0.8463541666666666,0.7893462469733656,0.80622009569378,0,0.7177615571776156
Ricky Williams,0.1890660592255125,0.5467289719626168,0.6932084309133489,0.7792494481236203,0.7272727272727273,0,0.5743380855397149
Riley Cooper,0.2489626556016597,0.5634920634920635,0.7476099426386233,0.8814229249011858,0.8705179282868526,0,0.8901960784313725
Riley Odoms,0.4065420560747663,0.8127659574468085,0.9662921348314608,0.965034965034965,0.94375,0,0.9119496855345912
Rishard Matthews,0.2638623326959847,0.6225296442687747,0.7231075697211156,0.807843137254902,0.8967495219885278,0,0.9650485436893204
Rob Awalt,0.6821963394342762,0.7466666666666667,0.8626943005181347,0.7035040431266847,0.5917312661498708,0,0.3967828418230563
Rob Carpenter,0.1989664082687338,0.4798927613941018,0.5902964959568733,0.46875,0.4673123486682808,1,
Rob Carpenter 2,0.2987421383647798,0.4510385756676557,0.6076294277929155,0.6343490304709142,0.6539509536784741,0,0.5644699140401146
Rob Gronkowski,0.4211618257261411,0.8869047619047619,0.9751434034416826,0.974308300395257,0.9641434262948207,0,0.992156862745098
Rob Housler,0.1269841269841269,0.4722753346080306,0.7035573122529645,0.7589641434262948,0.6666666666666666,1,
Rob Konrad,0.0182232346241457,0.1051401869158878,0.3559718969555035,0.5562913907284768,0.6508264462809917,0,0.6354378818737271
Rob Lytle,0.3616352201257861,0.4035608308605341,0.5149863760217984,0.3933518005540166,0.4659400544959128,0,0.3209169054441261
Rob Moore,0.4339622641509434,0.813953488372093,0.9249329758713136,0.9595687331536388,0.9609375,0,0.9661016949152542
Rob Rubick,0.1165311653116531,0.3904282115869018,0.5813333333333334,0.6460396039603961,0.7803660565723793,0,0.4213333333333333
Robb Riddick,0.1002710027100271,0.3602015113350126,0.352,0.4727722772277227,0.5806988352745425,0,0.4853333333333333
Robb Thomas,0.0880829015544041,0.5013477088948787,0.7648578811369509,0.7587131367292225,0.6576819407008087,0,0.5234375
Robbie Martin,0.2005730659025787,0.2249322493224932,0.2871536523929471,0.1226666666666666,0.5420792079207921,1,
Robert Brooks,0.163538873994638,0.4123989218328841,0.7473958333333334,0.953995157384988,0.9545454545454546,0,0.978102189781022
Robert Clark,0.1846921797004991,0.3093333333333333,0.6528497409326425,0.8787061994609164,0.9250645994832042,0,0.9142091152815014
Robert Delpino,0.28,0.5595854922279793,0.7250673854447439,0.8165374677002584,0.710455764075067,0,0.6873315363881402
Robert Edwards,0.3317307692307692,0.3849658314350797,0.3598130841121495,0.009367681498829,0.2671081677704194,1,
Robert Ferguson,0.423841059602649,0.7479338842975206,0.8492871690427699,0.8629856850715747,0.7494646680942184,0,0.7614107883817427
Robert Green,0.0268096514745308,0.1078167115902965,0.3802083333333333,0.549636803874092,0.5526315789473685,0,0.3552311435523114
Robert Holcombe,0.0841346153846153,0.2209567198177676,0.4859813084112149,0.5971896955503513,0.5827814569536424,0,0.5330578512396694
Robert Holmes,0.59375,0.6105263157894737,0.5981308411214953,0.5659574468085107,0.3707865168539326,0,0.2972027972027972
Robert Meachem,0.3979381443298969,0.7231404958677686,0.8900414937759336,0.9146825396825397,0.8910133843212237,0,0.8478260869565217
Robert Miller,0.1433566433566433,0.440625,0.5974842767295597,0.6646884272997032,0.6321525885558583,0,0.3961218836565097
Robert Newhouse,0.0514018691588785,0.2765957446808511,0.4344569288389513,0.6153846153846154,0.59375,0,0.6194968553459119
Robert Royal,0.1322314049586777,0.3625254582484725,0.5664621676891616,0.6852248394004282,0.6639004149377593,0,0.6412371134020619
Robert Smith 3,0.1105121293800539,0.3541666666666667,0.4285714285714285,0.3325358851674641,0.3625304136253041,0,0.6081730769230769
Robert Tate,0.2115384615384615,0.2779043280182232,0.2850467289719626,0.018735362997658,0.0110375275938189,0,0.0082644628099173
Robert Tonyan,0.2659176029962546,0.4659300184162062,0.8144144144144144,0.8183453237410072,0.8568738229755178,0,0.7568627450980392
Robert Turbin,0.2619502868068833,0.3774703557312253,0.6155378486055777,0.492156862745098,0.5812619502868069,0,0.4932038834951456
Robert Weathers,0.0773638968481375,0.2899728997289973,0.3198992443324937,0.3146666666666666,0.3811881188118812,1,
Robert Wilson 2,0.0852713178294573,0.0616621983914209,0.0754716981132075,0.0104166666666666,0.0338983050847457,0,0.0813397129186602
Robin Earl,0.1037735849056603,0.0890207715133531,0.2452316076294278,0.3739612188365651,0.5504087193460491,0,0.6189111747851003
Rock Cartwright,0.2538631346578366,0.4648760330578512,0.4134419551934827,0.3067484662576687,0.1284796573875803,0,0.1535269709543568
Rod Bernstine,0.2529118136439268,0.432,0.6424870466321243,0.6576819407008087,0.6356589147286822,0,0.4986595174262734
Rod Gardner,0.5573770491803278,0.8675496688741722,0.9256198347107438,0.9327902240325866,0.8507157464212679,0,0.7473233404710921
Rod Smith 2,0.3946731234866828,0.6411483253588517,0.8832116788321168,0.939903846153846,0.979498861047836,0,0.983644859813084
Rod Streater,0.4149139579349904,0.7490118577075099,0.8346613545816733,0.7627450980392156,0.6539196940726577,1,
Roddy White,0.3415132924335378,0.6638115631691649,0.8858921161825726,0.9443298969072164,0.9855371900826446,0,0.9937759336099584
Rodney Hampton,0.1913746630727762,0.4005167958656331,0.5844504021447721,0.6307277628032345,0.6145833333333334,0,0.6004842615012107
Rodney Holman,0.1862464183381088,0.3712737127371274,0.5541561712846348,0.6933333333333334,0.806930693069307,0,0.9118136439267888
Rodney Thomas,0.0,0.1004784688995215,0.2944038929440389,0.5168269230769231,0.5125284738041003,0,0.4065420560747663
Roger Carr,0.4868913857677903,0.7727272727272727,0.96875,0.949685534591195,0.9554896142433236,0,0.8419618528610354
Roger Craig,0.2710027100271002,0.6750629722921915,0.912,0.915841584158416,0.930116472545757,0,0.7386666666666667
Roland Harper,0.3356643356643357,0.61875,0.6823899371069182,0.7626112759643917,0.5994550408719346,0,0.4404432132963989
Roland Hooks,0.2,0.4371069182389937,0.5400593471810089,0.659400544959128,0.5955678670360111,0,0.6294277929155313
Roland Williams,0.21875,0.5466970387243736,0.7032710280373832,0.7494145199063232,0.6710816777041942,0,0.4834710743801653
Ron Brown 3,0.4710327455919395,0.6586666666666666,0.8465346534653465,0.9001663893510815,0.8506666666666667,0,0.8134715025906736
Ron Cassidy,0.2098092643051771,0.3656509695290859,0.3460490463215259,0.1203438395415472,0.021680216802168,0,0.0931989924433249
Ron Davenport,0.0506666666666666,0.25,0.6622296173044925,0.6213333333333333,0.5777202072538861,1,
Ron Dayne,0.0654205607476635,0.189695550351288,0.3399558498896247,0.2479338842975206,0.1670061099796334,0,0.0920245398773006
Ron Egloff,0.1415094339622641,0.2462908011869436,0.3869209809264305,0.3822714681440443,0.4604904632152589,0,0.4899713467048711
Ron Hall,0.4692179700499168,0.6346666666666667,0.8082901554404145,0.8194070080862533,0.7183462532299741,0,0.7184986595174263
Ron Heller,0.3926788685524126,0.3946666666666666,0.5699481865284974,0.5498652291105122,0.3772609819121447,0,0.289544235924933
Ron Jessie,0.3789473684210526,0.6728971962616822,0.8425531914893617,0.9438202247191012,0.944055944055944,0,0.971875
Ron Johnson 3,0.272,0.6138613861386139,0.7454242928452579,0.6773333333333333,0.6191709844559585,1,
Ron Johnson 5,0.89375,0.7736842105263158,0.9018691588785048,0.8468085106382979,0.8764044943820225,0,0.8146853146853147
Ron Lewis 2,0.0512129380053908,0.0645994832041343,0.3270777479892761,0.4690026954177897,0.625,1,
Ron Middleton,0.0717821782178217,0.1630615640599001,0.0613333333333333,0.1761658031088082,0.1994609164420485,0,0.3720930232558139
Ron Morris,0.6173044925124792,0.7653333333333333,0.8782383419689119,0.8706199460916442,0.8294573643410853,0,0.7131367292225201
Ron Rivers,0.1767554479418886,0.3516746411483253,0.3381995133819951,0.4350961538461538,0.5079726651480638,1,
Ron Shanklin,0.95625,0.968421052631579,0.9672897196261684,0.9787234042553192,0.9625468164794008,0,0.8111888111888111
Ron Smith 2,0.0771513353115727,0.4087193460490463,0.5041551246537396,0.6811989100817438,0.7593123209169055,0,0.7967479674796748
Ron Springs,0.3051771117166212,0.518005540166205,0.7166212534059946,0.7306590257879656,0.7750677506775068,0,0.8261964735516373
Ron Wolfley,0.0826666666666666,0.3539603960396039,0.6405990016638935,0.4133333333333333,0.3523316062176165,0,0.2264150943396226
Ronald Curry,0.1239669421487603,0.5804480651731161,0.6871165644171779,0.8479657387580299,0.8589211618257261,0,0.8865979381443299
Ronald Jones,0.099250936329588,0.4033149171270718,0.4684684684684684,0.4226618705035971,0.4651600753295669,1,
Ronald Moore,0.045822102425876,0.2317708333333333,0.3704600484261501,0.2966507177033493,0.24330900243309,0,0.1033653846153846
Ronnie Brown,0.2290388548057259,0.5139186295503212,0.7738589211618258,0.7938144329896907,0.7520661157024794,0,0.6846473029045643
Ronnie Coleman,0.0224719101123595,0.3041958041958042,0.6125,0.6666666666666666,0.7181008902077152,0,0.6348773841961853
Ronnie Harmon,0.2029702970297029,0.7154742096505824,0.7626666666666667,0.8186528497409327,0.7816711590296496,0,0.7958656330749354
Ronnie Harris,0.0651041666666666,0.0750605326876513,0.215311004784689,0.4014598540145985,0.6225961538461539,0,0.6287015945330297
Ronnie Hillman,0.1644359464627151,0.3972332015810276,0.5537848605577689,0.4901960784313725,0.4780114722753346,1,
Roosevelt Leaks,0.0349650349650349,0.1625,0.3490566037735849,0.4480712166172106,0.5068119891008175,0,0.4376731301939058
Roosevelt Nix,0.1196078431372549,0.248565965583174,0.345631067961165,0.3707865168539326,0.3664825046040516,1,
Roosevelt Potts,0.0566037735849056,0.2734375,0.5181598062953995,0.4617224880382775,0.413625304136253,0,0.2764423076923077
Roscoe Parrish 2,0.2188139059304703,0.4882226980728051,0.7510373443983402,0.7628865979381443,0.6528925619834711,0,0.5892116182572614
Roy Green,0.1362397820163488,0.0914127423822714,0.6457765667574932,0.8424068767908309,0.964769647696477,0,0.9924433249370276
Roy Helu,0.3154761904761904,0.4684512428298279,0.6363636363636364,0.599601593625498,0.6313725490196078,1,
Roy Williams,0.4989816700610998,0.8323108384458078,0.9486081370449678,0.9543568464730292,0.9298969072164948,0,0.9049586776859504
Royce Freeman,0.0898876404494382,0.4217311233885819,0.554954954954955,0.5683453237410072,0.4011299435028249,0,0.4509803921568627
Roydell Williams,0.3312883435582822,0.563169164882227,0.8402489626556017,0.7051546391752578,0.5268595041322314,0,0.2012448132780083
Rudi Johnson,0.1324503311258278,0.4214876033057851,0.5010183299389002,0.5419222903885481,0.4796573875802998,0,0.5622406639004149
Rueben Mayes,0.1386138613861386,0.3477537437603993,0.3386666666666666,0.199481865284974,0.2884097035040431,0,0.0930232558139534
Russ Francis,0.6223776223776224,0.81875,0.8836477987421384,0.8664688427299704,0.8801089918256131,0,0.9058171745152356
Russell Copeland,0.38544474393531,0.640625,0.8426150121065376,0.8086124401913876,0.6545012165450121,0,0.3725961538461538
Russell Gage,0.1179775280898876,0.4935543278084714,0.827027027027027,0.8884892086330936,0.8926553672316384,1,
Russell Shepard,0.2111553784860557,0.4117647058823529,0.6883365200764818,0.6660194174757281,0.7359550561797753,0,0.6095764272559853
Ruvell Martin,0.3383297644539614,0.6410788381742739,0.7505154639175258,0.6880165289256198,0.7095435684647303,0,0.7003968253968254
Ryan Denney,0.0346232179226069,0.0102249488752556,0.0021413276231263,0.0103734439834024,0.2721649484536082,0,0.5805785123966942
Ryan Francis Griffin,0.3122529644268774,0.4960159362549801,0.711764705882353,0.7131931166347992,0.7165048543689321,0,0.7490636704119851
Ryan Grant,0.1633466135458167,0.4823529411764706,0.6424474187380497,0.7786407766990291,0.7808988764044944,0,0.7458563535911602
Ryan Grant 2,0.1680497925311203,0.3649484536082474,0.53099173553719,0.3775933609958506,0.5277777777777778,0,0.6080305927342257
Ryan Hewitt,0.1394422310756972,0.3431372549019608,0.4799235181644359,0.5009708737864078,0.4737827715355805,1,
Ryan Mathews,0.1327800829875518,0.5317460317460317,0.7131931166347992,0.7549407114624506,0.651394422310757,0,0.5823529411764706
Ryan Moats,0.0777096114519427,0.0728051391862955,0.0850622406639004,0.0577319587628866,0.2355371900826446,1,
Ryan Neufeld,0.2396694214876033,0.3706720977596741,0.3987730061349693,0.3982869379014989,0.3734439834024896,1,
Ryan Tannehill,0.0537848605577689,0.1137254901960784,0.1128107074569789,0.0815533980582524,0.1910112359550561,0,0.1823204419889502
Ryan Tucker,0.1708428246013667,0.1635514018691588,0.1779859484777517,0.0110375275938189,0.0495867768595041,1,
Ryan Wetnight,0.1805929919137466,0.4270833333333333,0.6343825665859564,0.6818181818181818,0.7055961070559611,0,0.6754807692307693
Ryan Yarborough,0.1015625,0.4503631961259079,0.4138755980861244,0.2408759124087591,0.0721153846153846,1,
Sam Aiken,0.1983471074380165,0.4338085539714867,0.6196319018404908,0.4389721627408993,0.4170124481327801,0,0.4597938144329896
Sam Cunningham,0.2808510638297872,0.5842696629213483,0.7342657342657343,0.784375,0.8207547169811321,0,0.798219584569733
Sam Gash,0.1320754716981132,0.3359375,0.5690072639225182,0.645933014354067,0.7007299270072993,0,0.7211538461538461
Sam Graddy,0.2586666666666666,0.2901554404145077,0.6118598382749326,0.710594315245478,0.8471849865951743,1,
Sam Harrell,0.1144414168937329,0.0830945558739255,0.0948509485094851,0.0125944584382871,0.0133333333333333,0,0.0148514851485148
Sam Hurd,0.158458244111349,0.5767634854771784,0.5525773195876289,0.621900826446281,0.4730290456431535,0,0.6111111111111112
Sam Mccullum,0.3670411985018726,0.4685314685314685,0.778125,0.779874213836478,0.8813056379821959,0,0.8910081743869209
Samkon Gado,0.1411042944785276,0.2997858672376873,0.4688796680497925,0.3814432989690721,0.3202479338842975,1,
Sammy Morris,0.1308411214953271,0.2786885245901639,0.5695364238410596,0.5909090909090909,0.6211812627291242,0,0.5357873210633947
Sammy Watkins,0.5776892430278885,0.884313725490196,0.9502868068833652,0.9495145631067962,0.9119850187265918,0,0.9116022099447514
Sammy White,0.74375,0.940251572327044,1.0,0.9782016348773842,0.9556786703601108,0,0.9482288828337876
Sammy Winder,0.1948424068767908,0.2953929539295393,0.5516372795969773,0.4346666666666666,0.6163366336633663,0,0.6455906821963394
Samson Satele,0.0041237113402061,0.0020661157024793,0.0,0.0059523809523809,0.0095602294455066,0,0.0592885375494071
Santana Moss,0.3395784543325527,0.695364238410596,0.9049586776859504,0.9531568228105908,0.9877300613496932,0,0.9850107066381156
Santonio Holmes,0.582441113490364,0.8692946058091287,0.9484536082474226,0.9669421487603306,0.9647302904564315,0,0.9603174603174603
Scott Chandler,0.0643153526970954,0.4047619047619047,0.6921606118546845,0.8379446640316206,0.848605577689243,0,0.8098039215686275
Scott Dierking,0.1257861635220125,0.3323442136498516,0.4550408719346049,0.5152354570637119,0.5122615803814714,0,0.5214899713467048
Scott Galbraith,0.1752021563342318,0.5193798449612403,0.6729222520107239,0.6711590296495957,0.5546875,0,0.5423728813559322
Scott Laidlaw,0.2132867132867132,0.575,0.6163522012578616,0.6350148367952523,0.4795640326975476,0,0.3795013850415512
Scott Miller 2,0.2480620155038759,0.2359249329758713,0.2749326145552561,0.3828125,0.3849878934624697,0,0.5406698564593302
Scott Simonson,0.2058823529411764,0.2275334608030592,0.1922330097087378,0.2059925093632958,0.3959484346224677,1,
Scottie Graham,0.0808625336927223,0.0989583333333333,0.297820823244552,0.2583732057416268,0.2335766423357664,1,
Sean Dawkins,0.4636118598382749,0.7578125,0.9128329297820824,0.9090909090909092,0.902676399026764,0,0.8822115384615384
Sean Mcgrath,0.3142292490118577,0.3087649402390438,0.3039215686274509,0.2619502868068833,0.4834951456310679,1,
Sean Morey,0.1832993890020366,0.1820040899795501,0.3811563169164882,0.504149377593361,0.4804123711340206,0,0.256198347107438
Senorise Perry,0.0657370517928286,0.0490196078431372,0.0592734225621414,0.0679611650485436,0.0636704119850187,0,0.0976058931860036
Seth Devalve,0.2887189292543021,0.5631067961165048,0.702247191011236,0.6942909760589319,0.4342342342342342,1,
Seth Roberts,0.3901960784313725,0.7151051625239006,0.8038834951456311,0.8127340823970037,0.8084714548802947,0,0.7621621621621621
Seyi Ajirotutu,0.3672199170124481,0.5218253968253969,0.6749521988527725,0.658102766798419,0.6653386454183267,0,0.5254901960784314
Shad Meier,0.1124121779859484,0.41280353200883,0.5537190082644629,0.5458248472505092,0.2985685071574642,1,
Shane Vereen,0.2963671128107074,0.6541501976284585,0.8306772908366534,0.8549019607843137,0.7705544933078394,0,0.654368932038835
Shannon Sharpe,0.2695417789757412,0.6149870801033591,0.8096514745308311,0.908355795148248,0.9583333333333334,0,0.9636803874092008
Shaun Alexander,0.1214953271028037,0.48711943793911,0.7373068432671082,0.8223140495867769,0.7942973523421588,0,0.7014314928425358
Shaun Draughn,0.2217973231357552,0.1739130434782608,0.1912350597609561,0.188235294117647,0.4397705544933078,1,
Shaun Mcdonald,0.1053719008264462,0.4439918533604888,0.7300613496932515,0.7665952890792291,0.8070539419087137,0,0.7278350515463917
Shawn Bryson,0.1542056074766355,0.3629976580796253,0.5386313465783664,0.6446280991735537,0.7006109979633401,0,0.7464212678936605
Shawn Jefferson,0.1860465116279069,0.5924932975871313,0.7601078167115903,0.8619791666666666,0.8886198547215496,0,0.8971291866028708
Sherman Smith 2,0.471875,0.7075471698113207,0.857566765578635,0.8583106267029973,0.7673130193905817,0,0.7302452316076294
Shonn Greene,0.0578512396694214,0.1307053941908713,0.3968253968253968,0.5124282982791587,0.5177865612648221,0,0.4701195219123506
Sidney Rice,0.4398340248962655,0.6721649484536083,0.9256198347107438,0.8983402489626556,0.9226190476190476,0,0.8833652007648184
Sidney Thornton,0.0188679245283018,0.2166172106824926,0.4931880108991825,0.592797783933518,0.5940054495912807,0,0.3151862464183381
Sony Michel,0.1161048689138576,0.3756906077348066,0.5945945945945946,0.6205035971223022,0.5235404896421846,1,
Speedy Thomas,0.71875,0.8315789473684211,0.7990654205607477,0.6680851063829787,0.352059925093633,1,
Spencer Ware,0.0686274509803921,0.4416826003824092,0.4427184466019417,0.602996254681648,0.3333333333333333,1,
Stacey Bailey,0.0630372492836676,0.6151761517615176,0.9093198992443324,0.936,0.8391089108910891,0,0.800332778702163
Stacy Robinson,0.4158415841584158,0.7487520798668885,0.8133333333333334,0.6787564766839378,0.6469002695417789,1,
Stan Edwards,0.1088825214899713,0.3143631436314363,0.4785894206549118,0.4906666666666666,0.3836633663366336,0,0.5657237936772047
Stanford Jennings,0.3249370277078086,0.5093333333333333,0.6881188118811881,0.8053244592346089,0.664,0,0.6709844559585493
Stanley Morgan 2,0.5094339622641509,0.8397626112759644,0.9673024523160764,0.9861495844875346,0.9918256130790192,0,0.988538681948424
Stanley Pritchett,0.1842105263157894,0.3260340632603406,0.4399038461538461,0.5580865603644647,0.6542056074766355,0,0.5925058548009368
Stanley Wilson 2,0.062330623306233,0.2418136020151133,0.2026666666666666,0.2846534653465346,0.2079866888519135,0,0.3146666666666666
Stephen Alexander,0.1995192307692307,0.5671981776765376,0.7289719626168224,0.7049180327868853,0.6997792494481236,0,0.512396694214876
Stephen Anderson,0.1778202676864244,0.5436893203883495,0.5168539325842697,0.3720073664825046,0.2414414414414414,0,0.4820143884892086
Stephen Baker,0.5790349417637272,0.8266666666666667,0.8963730569948186,0.9137466307277629,0.896640826873385,0,0.900804289544236
Stephen Davis,0.1265206812652068,0.4903846153846153,0.5444191343963554,0.572429906542056,0.5011709601873536,0,0.58719646799117
Stephen Spach,0.1104294478527607,0.0920770877944325,0.1161825726141078,0.1030927835051546,0.2479338842975206,0,0.3796680497925311
Stephen Starring,0.3360433604336043,0.7632241813602015,0.8453333333333334,0.8366336633663366,0.848585690515807,0,0.7973333333333333
Stephone Paige,0.3929539295392953,0.7884130982367759,0.952,0.9752475247524752,0.9966722129783694,0,0.968
Sterling Sharpe,0.456,0.8911917098445595,0.9838274932614556,0.992248062015504,0.9946380697050938,0,0.9946091644204852
Stevan Ridley,0.0753968253968253,0.2198852772466539,0.2924901185770751,0.3107569721115538,0.2137254901960784,0,0.1051625239005736
Steve Breaston,0.1846473029045643,0.7216494845360825,0.8966942148760331,0.9439834024896264,0.9265873015873016,0,0.8661567877629063
Steve Broussard,0.2183288409703504,0.4677002583979328,0.517426273458445,0.5040431266846361,0.4817708333333333,0,0.5665859564164649
Steve Bryant 2,0.2601626016260163,0.473551637279597,0.4613333333333333,0.2475247524752475,0.3344425956738768,1,
Steve Bush,0.0552884615384615,0.0683371298405467,0.3574766355140187,0.5550351288056206,0.6357615894039735,0,0.5743801652892562
Steve Craig,0.1086142322097378,0.2762237762237762,0.35625,0.3993710691823899,0.3086053412462908,1,
Steve Davis,0.014018691588785,0.2085106382978723,0.4531835205992509,0.5244755244755245,0.5125,1,
Steve Heiden,0.0911214953271028,0.2997658079625293,0.5364238410596026,0.5599173553719008,0.6232179226069247,0,0.7402862985685071
Steve Johnson,0.2618556701030928,0.3987603305785124,0.8132780082987552,0.9166666666666666,0.9847036328871892,0,0.9407114624505928
Steve Jordan 2,0.163323782234957,0.4417344173441734,0.7380352644836272,0.8026666666666666,0.8886138613861386,0,0.9217970049916804
Steve Kreider,0.0681198910081744,0.3240997229916897,0.5885558583106267,0.7277936962750716,0.8428184281842819,0,0.8287153652392947
Steve Largent,0.640625,0.89937106918239,0.9970326409495548,1.0,0.997229916897507,0,1.0
Steve Odom,0.3932584269662921,0.6643356643356644,0.859375,0.9150943396226416,0.8516320474777448,1,
Steve Owens,0.09375,0.6684210526315789,0.6869158878504673,0.7659574468085106,0.6591760299625468,1,
Steve Raible,0.4125,0.5062893081761006,0.7062314540059347,0.6920980926430518,0.7202216066481995,0,0.6430517711171662
Steve Schubert,0.2322097378277153,0.3636363636363636,0.515625,0.4968553459119497,0.4836795252225519,0,0.438692098092643
Steve Sewell,0.256,0.6113861386138614,0.8435940099833611,0.808,0.8160621761658031,0,0.8113207547169812
Steve Smith,0.3231850117096019,0.7593818984547461,0.9297520661157024,0.9124236252545824,0.9652351738241308,0,0.9807280513918628
Steve Smith 2,0.1639004149377593,0.534020618556701,0.8801652892561983,0.933609958506224,0.8968253968253969,0,0.7208413001912046
Steve Smith 3,0.2412645590682196,0.4773333333333333,0.6217616580310881,0.6361185983827493,0.4496124031007752,0,0.4772117962466488
Steve Tasker,0.08,0.1064356435643564,0.2129783693843594,0.0133333333333333,0.0155440414507772,0,0.3099730458221024
Steve Watson,0.1743869209809264,0.3878116343490305,0.904632152588556,0.9598853868194842,0.991869918699187,0,0.9899244332493704
Steve Wilson,0.2588555858310626,0.2382271468144044,0.1253405994550408,0.0085959885386819,0.002710027100271,0,0.0125944584382871
Steven Jackson,0.2586558044806517,0.5787321063394683,0.8372591006423983,0.8008298755186722,0.8247422680412371,0,0.7830578512396694
Steven Sims,0.3941068139963167,0.5621621621621622,0.5341726618705036,0.3728813559322034,0.3176470588235294,1,
Stu Voigt,0.4263157894736842,0.4579439252336448,0.6893617021276596,0.8014981273408239,0.8706293706293706,0,0.86875
Stump Mitchell,0.0626702997275204,0.3467048710601719,0.4200542005420054,0.5768261964735516,0.6826666666666666,0,0.7797029702970297
Sylvester Stamps,0.1032745591939546,0.072,0.3663366336633663,0.5341098169717138,0.272,0,0.2409326424870466
T J Duckett,0.1854304635761589,0.4049586776859504,0.4745417515274949,0.5030674846625767,0.4967880085653104,0,0.6286307053941909
T J Houshmandzadeh,0.297423887587822,0.6666666666666666,0.6342975206611571,0.8004073319755601,0.8711656441717791,0,0.9828693790149892
T J Jones,0.1803921568627451,0.401529636711281,0.6757281553398058,0.7097378277153558,0.7329650092081031,1,
T J Yeldon,0.3313725490196078,0.6290630975143403,0.7631067961165049,0.8033707865168539,0.7771639042357275,0,0.7585585585585586
T Y Hilton,0.5755258126195029,0.8853754940711462,0.9721115537848606,0.984313725490196,0.9904397705544932,0,0.9883495145631068
Tai Streets,0.2528473804100228,0.4953271028037383,0.7283372365339579,0.8520971302428256,0.8987603305785123,0,0.8716904276985743
Taiwan Jones,0.1805555555555555,0.2332695984703633,0.4841897233201581,0.2709163346613545,0.5117647058823529,0,0.4875717017208413
Tajae Sharpe,0.3938814531548757,0.3786407766990291,0.651685393258427,0.6740331491712708,0.6612612612612613,0,0.5755395683453237
Tamarick Vanover,0.4309927360774818,0.6220095693779905,0.7493917274939172,0.5336538461538461,0.2801822323462414,0,0.0070093457943925
Tanner Gentry,0.1378640776699029,0.1573033707865168,0.14548802946593,0.0072072072072072,0.0053956834532374,0,0.0188323917137476
Tashard Choice,0.2515463917525773,0.4814049586776859,0.5663900414937759,0.4861111111111111,0.3690248565965583,0,0.2984189723320158
Tatum Bell,0.1344195519348268,0.3087934560327198,0.3768736616702355,0.3858921161825726,0.3525773195876289,1,
Tavon Austin,0.3458498023715415,0.5637450199203188,0.7843137254901961,0.8145315487571702,0.6873786407766991,0,0.653558052434457
Taylor Gabriel,0.4860557768924303,0.6411764705882353,0.875717017208413,0.8135922330097087,0.8951310861423221,0,0.8710865561694291
Taylor Jacobs,0.1632231404958677,0.4195519348268839,0.5644171779141104,0.5374732334047109,0.516597510373444,1,
Ted Brown,0.2833787465940054,0.7008310249307479,0.8828337874659401,0.8767908309455588,0.8401084010840109,0,0.72544080604534
Ted Ginn,0.3817427385892116,0.6865979381443299,0.8388429752066116,0.7842323651452282,0.7341269841269841,0,0.5315487571701721
Ted Mcknight,0.0817610062893081,0.2611275964391691,0.5013623978201635,0.6398891966759003,0.5258855585831063,1,
Ted Popson,0.2239583333333333,0.3075060532687651,0.6076555023923444,0.6739659367396593,0.7403846153846154,1,
Terance Mathis,0.2587601078167116,0.58656330749354,0.7667560321715817,0.77088948787062,0.9375,0,0.9709443099273608
Terdell Middleton,0.2421383647798742,0.5370919881305638,0.6948228882833788,0.6232686980609419,0.329700272479564,1,
Terrance Copper,0.2219959266802444,0.3537832310838446,0.6209850107066381,0.6597510373443983,0.511340206185567,0,0.4524793388429752
Terrance Williams,0.5,0.8007968127490039,0.931372549019608,0.9254302103250478,0.916504854368932,0,0.8089887640449438
Terrell Davis,0.2493946731234866,0.5263157894736842,0.6763990267639902,0.6875,0.5854214123006833,0,0.411214953271028
Terrell Fletcher,0.0774818401937046,0.3803827751196172,0.4744525547445255,0.6153846153846154,0.6036446469248291,0,0.7079439252336449
Terrell Owens,0.4019138755980861,0.7907542579075426,0.9447115384615384,0.9635535307517084,0.969626168224299,0,0.9882903981264636
Terrelle Pryor,0.3097514340344168,0.2766798418972332,0.2649402390438247,0.3058823529411765,0.7820267686424475,0,0.8660194174757282
Terrelle Smith,0.0537383177570093,0.306791569086651,0.3024282560706401,0.3429752066115702,0.2566191446028513,0,0.3333333333333333
Terrence Flagler,0.2512479201331115,0.3493333333333333,0.4300518134715025,0.4285714285714285,0.3850129198966408,1,
Terry Allen,0.1834625322997416,0.514745308310992,0.5283018867924528,0.4973958333333333,0.4455205811138014,0,0.4449760765550239
Terry Glenn 2,0.6004784688995215,0.7785888077858881,0.9158653846153846,0.9202733485193622,0.9579439252336448,0,0.9086651053864168
Terry Greer,0.2896039603960396,0.7171381031613977,0.7226666666666667,0.7305699481865285,0.7493261455525606,1,
Terry Jackson,0.0501138952164009,0.3200934579439252,0.5128805620608899,0.379690949227373,0.152892561983471,0,0.120162932790224
Terry Kirby,0.3908355795148248,0.5572916666666666,0.7966101694915254,0.8038277511961722,0.8150851581508516,0,0.7355769230769231
Terry Lecount,0.2106824925816023,0.4223433242506812,0.5623268698060941,0.7111716621253406,0.7363896848137536,0,0.7940379403794038
Terry Metcalf,0.4340425531914894,0.7565543071161048,0.8916083916083916,0.90625,0.889937106918239,0,0.7655786350148368
Terry Mickens,0.1119791666666666,0.397094430992736,0.5167464114832536,0.5158150851581509,0.6394230769230769,0,0.6810933940774487
Terry Nelson,0.0349650349650349,0.20625,0.5754716981132075,0.7507418397626113,0.8256130790190735,0,0.6454293628808865
Terry Orr,0.2945544554455445,0.5690515806988353,0.656,0.6968911917098446,0.6495956873315364,0,0.6925064599483204
Tevin Coleman,0.0392156862745098,0.4837476099426386,0.6970873786407767,0.8164794007490637,0.7532228360957642,0,0.6576576576576577
Theo Bell,0.178125,0.160377358490566,0.2908011869436201,0.3487738419618528,0.7285318559556787,0,0.8065395095367848
Theo Riddick,0.0731225296442687,0.4561752988047808,0.7823529411764706,0.8910133843212237,0.9009708737864076,0,0.8520599250936329
Theotis Brown,0.2397820163487738,0.5096952908587258,0.5803814713896458,0.4756446991404011,0.4932249322493225,0,0.5214105793450882
Thomas Jones,0.0957943925233644,0.3185011709601874,0.4966887417218543,0.5371900826446281,0.6904276985743381,0,0.7280163599182005
Thomas Sanders,0.032,0.0792079207920792,0.5041597337770383,0.384,0.3989637305699481,0,0.2371967654986523
Thomas Tapeh,0.1568228105906313,0.1595092024539877,0.3147751605995717,0.2821576763485477,0.3216494845360825,1,
Thurman Thomas,0.1786666666666666,0.6139896373056994,0.8059299191374663,0.8863049095607235,0.8552278820375335,0,0.8301886792452831
Tiki Barber,0.145985401459854,0.5649038461538461,0.7813211845102506,0.8084112149532711,0.810304449648712,0,0.7240618101545254
Tim Brown 3,0.4826666666666667,0.6347150259067358,0.8274932614555256,0.8449612403100775,0.8981233243967829,0,0.9703504043126684
Tim Carter,0.3156732891832229,0.5805785123966942,0.7291242362525459,0.754601226993865,0.7301927194860813,0,0.7033195020746889
Tim Dwight,0.3365384615384615,0.7722095671981777,0.8691588785046729,0.8899297423887588,0.8807947019867549,0,0.8677685950413223
Tim Hightower,0.2,0.5991735537190083,0.6680497925311203,0.6527777777777778,0.3652007648183556,0,0.1857707509881423
Tim Lester,0.1644204851752021,0.21875,0.1888619854721549,0.1913875598086124,0.3041362530413625,0,0.3605769230769231
Tim Manoa,0.0848585690515806,0.0666666666666666,0.3704663212435233,0.3692722371967655,0.3204134366925064,1,
Tim Mcgee,0.3935643564356436,0.8186356073211315,0.9066666666666666,0.9715025906735753,0.973045822102426,0,0.9741602067183462
Tim Sherwin,0.1907356948228883,0.5472779369627507,0.7181571815718157,0.7783375314861462,0.624,0,0.594059405940594
Tim Smith 2,0.0692520775623268,0.3623978201634877,0.2750716332378223,0.7642276422764228,0.924433249370277,0,0.9626666666666668
Tim Spencer,0.1146666666666666,0.2995049504950495,0.6039933444259568,0.4346666666666666,0.5,1,
Tim Wilson 2,0.2264150943396226,0.373887240356083,0.55858310626703,0.5678670360110804,0.5068119891008175,1,
Tim Worley,0.1243523316062176,0.2803234501347709,0.268733850129199,0.0777479892761394,0.0485175202156334,0,0.0755208333333333
Timmy Newsome,0.0803324099722991,0.0381471389645776,0.4355300859598854,0.6314363143631436,0.8110831234256927,0,0.7413333333333333
Tinker Owens,0.421875,0.4119496855345912,0.685459940652819,0.5613079019073569,0.6842105263157895,1,
Toby Gerhart,0.0954356846473029,0.376984126984127,0.5736137667304015,0.650197628458498,0.601593625498008,0,0.5196078431372549
Todd Christensen,0.2670299727520436,0.7163323782234957,0.9376693766937668,0.9722921914357684,0.984,0,0.9777227722772276
Todd Gurley,0.2431372549019607,0.5583173996175909,0.8699029126213592,0.9250936329588016,0.9079189686924494,0,0.7297297297297297
Todd Heap,0.1873536299765808,0.7417218543046358,0.8822314049586777,0.90020366598778,0.8773006134969326,0,0.8993576017130621
Todd Kinchen,0.3315363881401617,0.65625,0.7723970944309927,0.7679425837320574,0.7420924574209246,0,0.6730769230769231
Todd Mcnair,0.2487046632124352,0.5390835579514824,0.6795865633074936,0.6327077747989276,0.555256064690027,0,0.5729166666666666
Todd Pinkston,0.3434579439252336,0.7166276346604216,0.8984547461368654,0.9111570247933884,0.920570264765784,1,
Todd Yoder,0.014018691588785,0.1217798594847775,0.4172185430463576,0.6074380165289256,0.6680244399185336,0,0.4867075664621677
Tom Mullady,0.3518005540166205,0.4223433242506812,0.6275071633237822,0.5799457994579946,0.6826196473551638,1,
Tom Newton,0.0849056603773584,0.201780415430267,0.3215258855585831,0.3462603878116344,0.3079019073569482,0,0.2177650429799427
Tom Rathman,0.1806930693069307,0.7104825291181365,0.744,0.8471502590673575,0.7951482479784366,0,0.8191214470284238
Tom Sullivan,0.0373831775700934,0.5617021276595745,0.797752808988764,0.8461538461538461,0.759375,0,0.6855345911949685
Tom Waddle,0.0492227979274611,0.1105121293800539,0.4599483204134367,0.7882037533512064,0.8787061994609164,0,0.8932291666666666
Tommie Agee,0.1146666666666666,0.1450777202072538,0.3800539083557951,0.3333333333333333,0.3592493297587131,0,0.1239892183288409
Tommy Bohanon,0.1264822134387351,0.4302788844621514,0.5901960784313726,0.4646271510516252,0.3553398058252427,0,0.2677902621722846
Tommy Kane,0.0506666666666666,0.3134715025906736,0.7008086253369272,0.875968992248062,0.8954423592493298,1,
Tommy Vardell,0.2117962466487935,0.3584905660377358,0.5286458333333334,0.4116222760290557,0.4090909090909091,0,0.4720194647201946
Tommy Vigorito,0.2942779291553133,0.5616045845272206,0.5447154471544715,0.345088161209068,0.1973333333333333,1,
Tommylee Lewis,0.1720841300191204,0.4330097087378641,0.6554307116104869,0.5395948434622467,0.3243243243243243,0,0.2086330935251798
Tony Baker 2,0.18125,0.4473684210526316,0.5,0.4127659574468085,0.4082397003745318,0,0.2517482517482518
Tony Carter 2,0.3385416666666667,0.5786924939467313,0.6650717703349283,0.5912408759124088,0.5625,0,0.5603644646924829
Tony Cline,0.1307506053268765,0.3492822966507177,0.610705596107056,0.5192307692307693,0.4829157175398633,1,
Tony Collins,0.1961852861035422,0.5186246418338109,0.6097560975609756,0.5566750629722922,0.576,0,0.7871287128712872
Tony Davis,0.09375,0.3018867924528302,0.3590504451038576,0.2888283378746594,0.2631578947368421,1,
Tony Dorsett,0.3962264150943396,0.6973293768545994,0.8283378746594006,0.8060941828254847,0.7029972752043597,0,0.667621776504298
Tony Fiammetta,0.0557851239669421,0.1286307053941908,0.3849206349206349,0.4091778202676864,0.4545454545454545,1,
Tony Fisher,0.0927152317880794,0.4545454545454545,0.604887983706721,0.6952965235173824,0.6616702355460385,1,
Tony Galbreath,0.5375,0.6886792452830188,0.884272997032641,0.888283378746594,0.8919667590027701,0,0.7356948228882834
Tony Gonzalez,0.3503649635036496,0.5913461538461539,0.8291571753986332,0.9135514018691588,0.9718969555035128,0,0.9713024282560706
Tony Hill 2,0.0911949685534591,0.6468842729970327,0.9291553133514986,0.9916897506925209,0.9863760217983653,0,0.9770773638968482
Tony Martin,0.1886792452830188,0.483204134366925,0.739946380697051,0.8032345013477089,0.9270833333333334,0,0.9443099273607748
Tony Mcgee,0.3288409703504043,0.6666666666666666,0.8038740920096852,0.8516746411483254,0.8467153284671532,0,0.8365384615384616
Tony Moeaki,0.429460580912863,0.4384920634920635,0.7151051625239006,0.3853754940711462,0.6394422310756972,0,0.5607843137254902
Tony Nathan,0.3133514986376022,0.7146814404432132,0.8119891008174387,0.7478510028653295,0.6612466124661247,0,0.7027707808564232
Tony Paige,0.0806045340050377,0.216,0.4455445544554455,0.4841930116472546,0.288,0,0.38860103626943
Tony Reed,0.2232704402515723,0.5905044510385756,0.779291553133515,0.8310249307479224,0.7602179836512262,1,
Tony Richardson,0.2296650717703349,0.4233576642335766,0.4735576923076923,0.4373576309794988,0.4252336448598131,0,0.629976580796253
Tony Scheffler,0.3340471092077088,0.6908713692946058,0.8577319587628865,0.8760330578512396,0.8340248962655602,0,0.8015873015873016
Tony Stewart,0.2599531615925058,0.3554083885209713,0.5826446280991735,0.4582484725050916,0.4744376278118609,0,0.4068522483940043
Torrance Small,0.353887399463807,0.5579514824797843,0.8385416666666666,0.8692493946731235,0.901913875598086,0,0.851581508515815
Torrey Smith,0.5119047619047619,0.8565965583173997,0.958498023715415,0.9701195219123506,0.9568627450980391,0,0.9177820267686424
Torry Holt,0.4031890660592255,0.8271028037383178,0.9625292740046838,0.9889624724061812,0.993801652892562,0,0.9918533604887984
Tory Humphrey,0.0388548057259713,0.0364025695931477,0.0456431535269709,0.2701030927835051,0.3636363636363636,0,0.5373443983402489
Tracy Johnson,0.0492227979274611,0.137466307277628,0.2739018087855297,0.1715817694369973,0.2560646900269542,0,0.3880208333333333
Travaris Cadet,0.1701720841300191,0.3320158102766798,0.5438247011952191,0.6196078431372549,0.7609942638623327,0,0.6796116504854369
Travis Benjamin,0.3193116634799235,0.567193675889328,0.7689243027888446,0.8431372549019608,0.8833652007648184,0,0.9106796116504854
Travis Henry,0.2037470725995316,0.5783664459161147,0.7045454545454546,0.659877800407332,0.6053169734151329,0,0.5074946466809421
Travis Mcneal,0.2875647668393782,0.5094339622641509,0.7054263565891473,0.646112600536193,0.628032345013477,1,
Travis Minor,0.2740046838407494,0.2251655629139073,0.384297520661157,0.2606924643584521,0.2924335378323108,0,0.2740899357601713
Travis Taylor,0.2873831775700934,0.6908665105386417,0.9028697571743928,0.9462809917355371,0.9185336048879836,0,0.885480572597137
Tre Quan Smith,0.4176029962546816,0.7200736648250461,0.8576576576576577,0.8075539568345323,0.7815442561205274,1,
Trevon Wesco,0.281767955801105,0.3153153153153153,0.4658273381294964,0.3766478342749529,0.5529411764705883,1,
Trey Burton,0.1607843137254902,0.51434034416826,0.7009708737864078,0.8108614232209738,0.7587476979742173,0,0.7333333333333333
Trey Junkin,0.0613333333333333,0.3985148514851485,0.697171381031614,0.5813333333333334,0.5673575129533679,0,0.4582210242587601
Troy Brown,0.2129380053908355,0.2760416666666667,0.423728813559322,0.416267942583732,0.7566909975669099,0,0.8293269230769231
Troy Drayton,0.3638814016172507,0.6302083333333334,0.7699757869249395,0.7440191387559809,0.7858880778588808,0,0.8173076923076923
Troy Edwards,0.4715261958997722,0.6752336448598131,0.7915690866510539,0.6821192052980133,0.7789256198347108,0,0.7576374745417516
Troy Sadowski,0.260053619302949,0.3719676549865229,0.4791666666666667,0.324455205811138,0.1555023923444976,0,0.3017031630170316
Troy Stradford,0.6089850249584027,0.552,0.7150259067357513,0.6307277628032345,0.6563307493540051,0,0.5335120643431636
Troy Walters,0.0327102803738317,0.0257611241217798,0.2869757174392936,0.6756198347107438,0.6822810590631364,0,0.7075664621676891
Troy Williamson,0.4008179959100204,0.7130620985010707,0.8257261410788381,0.7154639175257732,0.5020661157024794,1,
Troymaine Pope,0.0535372848948374,0.0543689320388349,0.048689138576779,0.1086556169429097,0.2468468468468468,1,
Ty Hallock,0.261455525606469,0.4505208333333333,0.4769975786924939,0.1626794258373205,0.1605839416058394,0,0.2139423076923076
Ty Montgomery,0.2098039215686274,0.4990439770554493,0.6621359223300971,0.6853932584269663,0.6556169429097606,0,0.5171171171171172
Tyji Armstrong,0.3458445040214477,0.5094339622641509,0.6067708333333334,0.4019370460048426,0.1866028708133971,0,0.0413625304136253
Tyler Clutts,0.0833333333333333,0.0669216061185468,0.0533596837944664,0.0577689243027888,0.0941176470588235,1,
Tyler Eifert,0.391304347826087,0.5717131474103586,0.8352941176470589,0.869980879541109,0.8368932038834952,0,0.7602996254681648
Tyler Ervin,0.0650095602294455,0.1339805825242718,0.3445692883895131,0.4162062615101289,0.4864864864864865,1,
Tyler Kroft,0.2117647058823529,0.3977055449330784,0.7106796116504854,0.7303370786516854,0.7642725598526704,0,0.6648648648648648
Tyrell Williams,0.3196078431372549,0.8279158699808795,0.9378640776699028,0.951310861423221,0.9263351749539596,0,0.7981981981981981
Tyrone Davis,0.0702179176755447,0.0502392344497607,0.3357664233576642,0.6009615384615384,0.7357630979498861,0,0.6682242990654206
Tyrone Wheatley,0.1041162227602905,0.277511961722488,0.4355231143552311,0.3245192307692308,0.4419134396355353,0,0.4649532710280374
Ulysses Norris,0.1798365122615803,0.1440443213296399,0.4005449591280653,0.3008595988538682,0.6368563685636857,0,0.4836272040302267
Vai Sikahema,0.193069306930693,0.3128119800332778,0.144,0.2435233160621761,0.4043126684636118,0,0.4237726098191214
Vance Johnson,0.4453333333333333,0.7277227722772277,0.951747088186356,0.944,0.9818652849740932,0,0.9784366576819408
Vance Mcdonald,0.1936758893280632,0.2430278884462151,0.4392156862745098,0.6195028680688337,0.7262135922330097,0,0.8314606741573034
Vaughn Hebron,0.0,0.109375,0.1162227602905569,0.3086124401913875,0.2773722627737226,0,0.3100961538461538
Vernon Davis,0.2591006423982869,0.6265560165975104,0.7546391752577319,0.9028925619834712,0.9481327800829876,0,0.9662698412698412
Verron Haynes,0.0728476821192053,0.1549586776859504,0.3971486761710794,0.5439672801635992,0.5974304068522484,0,0.6078838174273858
Vic Washington,0.6,0.7663551401869159,0.8765957446808511,0.7902621722846442,0.5804195804195804,0,0.346875
Victor Cruz,0.7420634920634921,0.9330783938814532,0.9861660079051384,0.9422310756972112,0.7392156862745098,0,0.6711281070745698
Vince Workman,0.1428571428571428,0.5400516795865633,0.6890080428954424,0.7547169811320755,0.6692708333333334,0,0.559322033898305
Vincent Brisby,0.4393530997304582,0.7838541666666666,0.9564164648910412,0.8732057416267942,0.7688564476885644,0,0.5793269230769231
Vincent Brown,0.3571428571428571,0.384321223709369,0.6956521739130435,0.547808764940239,0.7235294117647059,1,
Vincent Jackson,0.2433537832310838,0.6423982869379015,0.8485477178423236,0.931958762886598,0.9710743801652892,0,0.9626556016597512
Virgil Green,0.1547619047619047,0.4225621414913958,0.5158102766798419,0.5816733067729084,0.6078431372549019,0,0.7495219885277247
Visanthe Shiancoe,0.1694214876033057,0.3360488798370672,0.5112474437627812,0.4539614561027837,0.5995850622406639,0,0.7587628865979381
Vonta Leach,0.0756646216768916,0.3062098501070663,0.3921161825726141,0.4742268041237113,0.4338842975206611,0,0.5103734439834025
Vyto Kab,0.1518624641833811,0.4010840108401084,0.6297229219143576,0.48,0.3316831683168317,0,0.3011647254575707
Walker Gillette,0.14375,0.4842105263157895,0.7289719626168224,0.825531914893617,0.8801498127340824,0,0.9090909090909092
Wally Francis,0.534965034965035,0.559375,0.7264150943396226,0.8011869436201781,0.9427792915531336,0,0.9750692520775625
Wally Henry,0.0723270440251572,0.0474777448071216,0.0953678474114441,0.1412742382271468,0.4904632152588556,1,
Walt Arnold,0.1717451523545706,0.4877384196185286,0.4068767908309456,0.4363143631436314,0.3979848866498741,0,0.648
Walter Abercrombie,0.1833810888252149,0.5555555555555556,0.7103274559193955,0.6773333333333333,0.5693069306930693,0,0.718801996672213
Walter Payton,0.4160839160839161,0.56875,0.7452830188679245,0.8189910979228486,0.8528610354223434,0,0.853185595567867
Walter Rasby,0.0968523002421307,0.069377990430622,0.0608272506082725,0.1586538461538461,0.4054669703872437,0,0.5677570093457944
Walter Reeves,0.1580310880829015,0.3584905660377358,0.4186046511627907,0.2841823056300268,0.2587601078167116,0,0.4375
Walter Stanley,0.5717821782178217,0.8851913477537438,0.928,0.8367875647668394,0.5714285714285714,0,0.1343669250645995
Walter White,0.6083916083916084,0.884375,0.9685534591194968,0.9495548961424332,0.8228882833787466,1,
Warren Williams,0.0933333333333333,0.2279792746113989,0.3719676549865229,0.4444444444444444,0.6353887399463807,1,
Warrick Dunn,0.3600973236009732,0.6586538461538461,0.8382687927107062,0.8247663551401869,0.8594847775175644,0,0.8410596026490066
Wayne Chrebet,0.4624697336561743,0.7751196172248804,0.9051094890510948,0.9543269230769232,0.9612756264236902,0,0.9649532710280374
Wayne Gallman,0.2058252427184466,0.2846441947565543,0.4898710865561694,0.4252252252252252,0.5737410071942446,1,
Wayne Morris,0.203125,0.4748427672955975,0.6676557863501483,0.7493188010899182,0.6814404432132964,0,0.547683923705722
Wayne Stewart,0.075,0.0526315789473684,0.2429906542056074,0.1829787234042553,0.5205992509363296,1,
Wayne Wilson,0.2880886426592798,0.6485013623978202,0.7650429799426934,0.7018970189701897,0.672544080604534,0,0.608
Webster Slaughter,0.4207920792079208,0.870216306156406,0.8986666666666666,0.9507772020725388,0.9245283018867924,0,0.9715762273901808
Weegie Thompson,0.3224181360201511,0.5946666666666667,0.801980198019802,0.8818635607321131,0.8613333333333333,0,0.8264248704663213
Wendell Davis 3,0.248,0.6243523316062176,0.8652291105121294,0.9354005167958656,0.9624664879356568,0,0.9272237196765498
Wendell Hayes,0.63125,0.6210526315789474,0.7476635514018691,0.7063829787234043,0.6441947565543071,1,
Wendell Smallwood,0.0917782026768642,0.2990291262135922,0.5112359550561798,0.5930018416206262,0.3765765765765765,0,0.237410071942446
Wendell Tyler,0.0125786163522012,0.0801186943620178,0.4713896457765668,0.4598337950138504,0.6757493188010899,0,0.6848137535816619
Wes Chandler,0.4718100890207715,0.8446866485013624,0.9722991689750692,0.983651226158038,1.0,0,0.997289972899729
Wes Welker,0.3865030674846625,0.7558886509635975,0.9294605809128632,0.9690721649484536,0.9896694214876032,0,0.9896265560165975
Wesley Walker,0.6352201257861635,0.9228486646884272,0.983651226158038,0.9335180055401662,0.9182561307901907,0,0.9627507163323782
Wesley Walls,0.0569948186528497,0.1239892183288409,0.3126614987080103,0.225201072386059,0.1347708894878706,0,0.4114583333333333
Wilbert Montgomery,0.0440251572327044,0.3679525222551928,0.7275204359673024,0.8282548476454293,0.8610354223433242,0,0.8481375358166189
Wilbur Jackson,0.3970037453183521,0.5594405594405595,0.71875,0.6635220125786163,0.5459940652818991,0,0.6158038147138964
Will Blackwell 2,0.2481751824817518,0.5576923076923077,0.6765375854214123,0.5981308411214953,0.4192037470725995,1,
Will Fuller,0.4722753346080306,0.7650485436893204,0.9101123595505618,0.9005524861878453,0.9315315315315316,0,0.8741007194244604
Will Heller,0.2438016528925619,0.3543788187372709,0.5071574642126789,0.4668094218415418,0.5518672199170125,0,0.422680412371134
Willard Harrell,0.465034965034965,0.653125,0.7547169811320755,0.5637982195845698,0.4114441416893733,0,0.224376731301939
William Andrews,0.3732970027247956,0.6565096952908587,0.7002724795640327,0.833810888252149,0.8292682926829268,0,0.760705289672544
William Floyd,0.140625,0.486682808716707,0.5143540669856459,0.6204379562043796,0.53125,0,0.6446469248291572
William Henderson,0.0653753026634382,0.2129186602870813,0.4476885644768856,0.5697115384615384,0.5375854214123007,0,0.5093457943925234
Willie Davis,0.6219839142091153,0.8733153638814016,0.9739583333333334,0.9612590799031476,0.8995215311004785,0,0.878345498783455
Willie Drewrey,0.104,0.5247524752475248,0.8069883527454242,0.768,0.694300518134715,0,0.7169811320754716
Willie Frazier,0.90625,0.8421052631578947,0.8411214953271028,0.574468085106383,0.4119850187265917,0,0.0699300699300699
Willie Gault,0.5501355013550135,0.8413098236775819,0.944,0.9331683168316832,0.9767054908485856,0,0.9466666666666668
Willie Green,0.5813953488372093,0.8150134048257373,0.9380053908355797,0.859375,0.9031476997578692,0,0.9043062200956936
Willie Jackson,0.4406779661016949,0.7320574162679426,0.8394160583941606,0.8197115384615384,0.7949886104783599,0,0.7780373831775701
Willie Mcgee,0.2425531914893617,0.2734082397003745,0.4230769230769231,0.590625,0.5943396226415094,1,
Willie Miller,0.1293706293706293,0.1375,0.1352201257861635,0.5934718100890207,0.7247956403269755,0,0.8559556786703602
Willie Parker,0.0855397148676171,0.3824130879345603,0.6038543897216274,0.7095435684647303,0.5072164948453608,0,0.4462809917355372
Willie Scott,0.2806539509536784,0.4383954154727794,0.6449864498644986,0.6599496221662469,0.6746666666666666,0,0.6287128712871287
Willie Snead,0.4588235294117647,0.8068833652007649,0.8427184466019417,0.846441947565543,0.8305709023941068,0,0.8684684684684685
Willis Adams,0.0544959128065395,0.2825484764542936,0.5286103542234333,0.4326647564469914,0.5420054200542005,0,0.5163727959697733
Willis Mcgahee,0.1486761710794297,0.4069529652351738,0.6231263383297645,0.7219917012448133,0.6804123711340206,0,0.6425619834710744
Woody Bennett,0.0735694822888283,0.1634349030470914,0.1852861035422343,0.1002865329512893,0.1138211382113821,0,0.2367758186397985
Yancey Thigpen,0.0160857908847185,0.3342318059299191,0.7161458333333334,0.9297820823244553,0.9258373205741628,0,0.9610705596107056
Zach Line,0.0474308300395256,0.0597609561752988,0.3156862745098039,0.2944550669216061,0.3650485436893204,0,0.2434456928838951
Zach Miller,0.3140495867768595,0.5643153526970954,0.6924603174603174,0.4799235181644359,0.1343873517786561,0,0.0079681274900398
Zach Miller 2,0.3174273858921161,0.734020618556701,0.9132231404958676,0.9356846473029046,0.8611111111111112,0,0.7896749521988528
Zach Pascal,0.2734082397003745,0.6869244935543278,0.8846846846846846,0.8723021582733813,0.807909604519774,0,0.5627450980392157
Zach Zenner,0.0607843137254901,0.3575525812619503,0.3087378640776699,0.4232209737827715,0.4088397790055249,1,
Zachary Dixon,0.0221606648199446,0.2643051771117166,0.5071633237822349,0.4471544715447154,0.3022670025188917,1,
Zack Crockett,0.3050847457627119,0.4641148325358851,0.4257907542579075,0.1610576923076923,0.1116173120728929,0,0.2803738317757009
Zeke Mowatt,0.2981029810298103,0.7455919395465995,0.7386666666666667,0.655940594059406,0.5707154742096506,0,0.424
Zeron Flemister,0.0443925233644859,0.405152224824356,0.5916114790286976,0.6198347107438017,0.3645621181262729,0,0.1288343558282208
