Player,Year1,Year2,Year3,Year4,Retire,NextPercentile
A B Brown,0.1298701298701298,0.3947368421052631,0.5,0.4191176470588235,1,
A J Dillon,0.2511627906976744,0.6376146788990825,0.8676470588235294,0.903954802259887,1,
Aaron Craver,0.136986301369863,0.1911764705882352,0.208955223880597,0.35,0,0.6013071895424836
Aaron Stecker,0.1483870967741935,0.3013698630136986,0.5894039735099338,0.6012658227848101,0,0.6586826347305389
Abdul Karim Al Jabbar,0.2887323943661972,0.66,0.8881578947368421,0.8757763975155279,0,0.6
Adger Armstrong,0.1506024096385542,0.3272727272727272,0.5189873417721519,0.5617283950617284,0,0.6064516129032258
Adimchinobe Echemandu,0.0718562874251497,0.0584415584415584,0.0849673202614379,0.0463576158940397,1,
Adrian Murrell,0.1865671641791045,0.4214285714285714,0.8235294117647058,0.9154929577464788,0,0.92
Adrian Peterson,0.6622516556291391,0.8903225806451613,0.9808917197452228,0.9805194805194806,0,0.9727891156462584
Adrian Peterson 2,0.152317880794702,0.3037974683544304,0.4610778443113772,0.525974025974026,0,0.7320261437908496
Ahmad Bradshaw,0.271523178807947,0.5032258064516129,0.7388535031847133,0.7727272727272727,0,0.8843537414965986
Ahman Green,0.1907894736842105,0.4347826086956521,0.8516129032258064,0.958904109589041,0,0.9867549668874172
Ahmard Hall,0.1503267973856209,0.5496688741721855,0.7096774193548387,0.6050955414012739,0,0.474025974025974
Aj Mccarron,0.0558659217877094,0.064516129032258,0.0655737704918032,0.0212765957446808,0,0.1546391752577319
Al Hunter,0.2292993630573248,0.4268292682926829,0.5930232558139535,0.5116279069767442,1,
Albert Bentley,0.2516129032258064,0.6257309941520468,0.9527272727272728,0.9155844155844156,0,0.9285714285714286
Alex Armah,0.0957446808510638,0.2783505154639175,0.4232558139534884,0.4678899082568807,1,
Alex Collins,0.0967741935483871,0.4590163934426229,0.574468085106383,0.5103092783505154,0,0.2558139534883721
Alex Erickson,0.2076502732240437,0.4734042553191489,0.7268041237113402,0.6186046511627907,1,
Alfonso Smith,0.2108843537414966,0.1761006289308176,0.2619047619047619,0.1637426900584795,1,
Alfred Anderson,0.228395061728395,0.4451612903225806,0.6900584795321637,0.8363636363636363,0,0.7792207792207793
Alfred Blue,0.3508771929824561,0.6368715083798883,0.7526881720430108,0.639344262295082,0,0.6117021276595744
Alfred Morris,0.4654088050314465,0.6845238095238095,0.8830409356725146,0.8379888268156425,0,0.8387096774193549
Allen Pinkett,0.2923976608187134,0.6654545454545454,0.7012987012987013,0.8311688311688312,0,0.7960526315789473
Allen Rice,0.1728395061728395,0.4064516129032258,0.672514619883041,0.7890909090909091,0,0.6558441558441559
Alonzo Highsmith 2,0.44,0.422077922077922,0.6298701298701299,0.5263157894736842,0,0.3150684931506849
Alvin Maxson,0.5179856115107914,0.6785714285714286,0.7647058823529411,0.5605095541401274,0,0.3353658536585366
Alvin Moore,0.1329113924050632,0.2716049382716049,0.3806451612903225,0.4502923976608187,0,0.6690909090909091
Amari Cooper,0.3072625698324022,0.6344086021505376,0.9344262295081968,0.9840425531914894,0,0.963917525773196
Amos Zereoue,0.1118012422360248,0.2064516129032258,0.4794520547945205,0.6821192052980133,0,0.8227848101265823
Amp Lee,0.2720588235294117,0.5149253731343284,0.8642857142857143,0.8758169934640523,0,0.852112676056338
Andra Franklin,0.1144578313253012,0.5333333333333333,0.6455696202531646,0.5864197530864198,1,
Andre Brown,0.0129870129870129,0.0136054421768707,0.3584905660377358,0.4880952380952381,1,
Andre Ellington,0.5059523809523809,0.7309941520467836,0.888268156424581,0.7903225806451613,0,0.6885245901639344
Andre Hardy 2,0.1111111111111111,0.1290322580645161,0.1578947368421052,0.4545454545454545,1,
Andre Williams,0.3976608187134502,0.547486033519553,0.7096774193548387,0.4098360655737705,1,
Andrew Beck,0.3505154639175257,0.3209302325581395,0.3302752293577982,0.0539215686274509,0,0.2542372881355932
Andrew Pinnock,0.0479041916167664,0.3636363636363636,0.5228758169934641,0.4304635761589404,1,
Andy Isabella,0.2577319587628865,0.2651162790697674,0.2706422018348624,0.0931372549019607,1,
Andy Janovich,0.3010752688172043,0.4644808743169399,0.7712765957446809,0.7319587628865979,0,0.7023255813953488
Andy Johnson,0.0287769784172661,0.5,0.9084967320261438,0.8662420382165605,0,0.8170731707317073
Anthony Dixon,0.1298701298701298,0.3265306122448979,0.4528301886792453,0.4226190476190476,0,0.5321637426900585
Anthony Johnson 3,0.1917808219178082,0.4117647058823529,0.5223880597014925,0.4285714285714285,0,0.4117647058823529
Anthony Lynn,0.065359477124183,0.352112676056338,0.3466666666666667,0.3092105263157895,0,0.0124223602484472
Anthony Sherman,0.2321428571428571,0.5029239766081871,0.5139664804469274,0.3172043010752688,0,0.2240437158469945
Anthony Thomas,0.5136986301369864,0.609271523178808,0.8670886075949367,0.7365269461077845,0,0.6948051948051948
Anthony Toney,0.4093567251461988,0.7636363636363637,0.8116883116883117,0.7792207792207793,0,0.7828947368421053
Antone Smith,0.0064935064935064,0.0068027210884353,0.0062893081761006,0.7083333333333334,0,0.8947368421052632
Antowain Smith,0.3666666666666666,0.5526315789473685,0.8012422360248447,0.6967741935483871,0,0.8287671232876712
Archie Griffin,0.3333333333333333,0.6114649681528662,0.8475609756097561,0.8953488372093024,0,0.8546511627906976
Arian Foster,0.2611464968152866,0.8701298701298701,0.9659863945578232,0.9874213836477987,0,0.9642857142857144
Arlen Harris,0.2088607594936709,0.3712574850299401,0.4545454545454545,0.4705882352941176,1,
Arnold Morgado,0.1146496815286624,0.3658536585365853,0.5174418604651163,0.563953488372093,1,
Art Malone,0.3536585365853658,0.7528089887640449,0.8981481481481481,0.950413223140496,0,0.8776978417266187
Art Whittington,0.2682926829268293,0.5,0.7558139534883721,0.6626506024096386,0,0.4484848484848485
Artose Pinner,0.1012658227848101,0.3233532934131736,0.5324675324675324,0.5686274509803921,0,0.6754966887417219
Autry Denson,0.1739130434782608,0.3741935483870968,0.4246575342465753,0.2251655629139073,1,
Aveion Cason,0.0547945205479452,0.423841059602649,0.6392405063291139,0.5748502994011976,0,0.487012987012987
B J Askew,0.2025316455696202,0.3293413173652694,0.4805194805194805,0.3856209150326797,0,0.2251655629139073
Bam Morris,0.3285714285714285,0.5294117647058824,0.8450704225352113,0.7933333333333333,0,0.7763157894736842
Barry Foster,0.1776315789473684,0.4657534246575342,0.8161764705882353,0.9328358208955224,0,0.95
Barry Redden,0.1151515151515151,0.4113924050632911,0.654320987654321,0.6903225806451613,0,0.7953216374269005
Barry Sanders,0.3961038961038961,0.868421052631579,0.9931506849315068,0.9926470588235294,0,0.9925373134328358
Barry Word,0.4690909090909091,0.1493506493506493,0.1753246753246753,0.3486842105263157,0,0.6575342465753424
Barty Smith,0.0071942446043165,0.3142857142857143,0.5490196078431373,0.7707006369426752,0,0.7926829268292683
Beanie Wells,0.2229299363057325,0.4285714285714285,0.6870748299319728,0.6981132075471698,1,
Ben Tate,0.3333333333333333,0.5534591194968553,0.6726190476190477,0.6023391812865497,1,
Benjarvus Green Ellis,0.1612903225806451,0.3821656050955414,0.7142857142857143,0.8435374149659864,0,0.9056603773584906
Benny Cunningham,0.2023809523809523,0.5380116959064327,0.7206703910614525,0.6827956989247311,0,0.5628415300546448
Benny Malone,0.3453237410071942,0.5785714285714286,0.7843137254901961,0.8407643312101911,0,0.7682926829268293
Benny Snell,0.2061855670103092,0.3488372093023256,0.4449541284403669,0.4411764705882353,1,
Bernard Pierce,0.3459119496855345,0.5773809523809523,0.7134502923976608,0.4916201117318435,1,
Bernard Scott,0.2420382165605095,0.435064935064935,0.6258503401360545,0.6037735849056604,0,0.4702380952380952
Bernie Parmalee,0.1323529411764706,0.3358208955223881,0.6857142857142857,0.8823529411764706,0,0.8591549295774648
Bilal Powell,0.0204081632653061,0.3144654088050314,0.6190476190476191,0.7368421052631579,0,0.7877094972067039
Bill Olds,0.1239669421487603,0.5107913669064749,0.6714285714285714,0.6797385620915033,1,
Bill Ring,0.1204819277108433,0.3696969696969697,0.569620253164557,0.6296296296296297,0,0.5548387096774193
Billy Campfield,0.1585365853658536,0.4127906976744186,0.627906976744186,0.6746987951807228,0,0.6424242424242425
Billy Jackson,0.2590361445783132,0.5454545454545454,0.7088607594936709,0.6481481481481481,1,
Billy Sims,0.6511627906976745,0.9457831325301204,0.9818181818181818,0.9620253164556962,0,0.9320987654320988
Billy Taylor,0.1219512195121951,0.5581395348837209,0.8255813953488372,0.7590361445783133,0,0.4
Blaine Gabbert,0.0,0.0,0.0059523809523809,0.2456140350877192,0,0.3128491620111732
Blair Thomas,0.3618421052631579,0.7123287671232876,0.7867647058823529,0.6492537313432836,0,0.4857142857142857
Bo Jackson,0.730909090909091,0.6883116883116883,0.961038961038961,0.9539473684210528,1,
Bo Matthews,0.302158273381295,0.4785714285714286,0.5947712418300654,0.5987261146496815,0,0.5792682926829268
Bo Robinson,0.2267441860465116,0.1511627906976744,0.180722891566265,0.3878787878787879,0,0.4810126582278481
Bob Christian,0.1119402985074626,0.3571428571428571,0.5620915032679739,0.4014084507042254,0,0.2866666666666667
Bob Ferrell,0.0588235294117647,0.3248407643312102,0.4634146341463415,0.4534883720930232,1,
Bob Gresham,0.4382022471910112,0.6296296296296297,0.8099173553719008,0.6690647482014388,0,0.5928571428571429
Bob Perryman,0.5054545454545455,0.3766233766233766,0.6363636363636364,0.625,0,0.5684931506849316
Bobby Anderson,0.7439024390243902,0.8426966292134831,0.8611111111111112,0.7933884297520661,0,0.5611510791366906
Bobby Hammond,0.375796178343949,0.5975609756097561,0.6162790697674418,0.6569767441860465,1,
Bobby Humphrey,0.3701298701298701,0.6710526315789473,0.726027397260274,0.5955882352941176,1,
Bobby Morse,0.1527272727272727,0.0324675324675324,0.4805194805194805,0.3815789473684211,0,0.4863013698630137
Bobby Rainey,0.3452380952380952,0.6432748538011696,0.6815642458100558,0.532258064516129,0,0.3114754098360656
Boobie Clark,0.5371900826446281,0.7338129496402878,0.9071428571428573,0.9019607843137256,0,0.7898089171974523
Booker Moore,0.0303030303030303,0.2974683544303797,0.4691358024691358,0.4580645161290322,1,
Booker Russell,0.073170731707317,0.4011627906976744,0.436046511627907,0.463855421686747,1,
Boston Scott,0.2886597938144329,0.5162790697674419,0.7155963302752294,0.6666666666666666,0,0.6101694915254238
Boyce Green,0.2721518987341772,0.5679012345679012,0.5032258064516129,0.4853801169590643,0,0.5890909090909091
Brad Baxter,0.2236842105263158,0.4726027397260274,0.6617647058823529,0.6791044776119403,0,0.6714285714285714
Brad Hoover,0.1870967741935484,0.3424657534246575,0.6158940397350994,0.620253164556962,0,0.7005988023952096
Brad Muster,0.2012987012987013,0.5,0.8157894736842105,0.9041095890410958,0,0.8970588235294118
Branden Oliver,0.4561403508771929,0.5921787709497207,0.6290322580645161,0.360655737704918,1,
Brandon Bennett,0.2368421052631578,0.2360248447204969,0.5225806451612903,0.4520547945205479,0,0.6556291390728477
Brandon Bolden,0.2515723270440251,0.5952380952380952,0.6842105263157895,0.6703910614525139,0,0.4623655913978494
Brandon Jackson,0.1788079470198675,0.4451612903225806,0.6114649681528662,0.6428571428571429,0,0.5034013605442177
Brandon Jacobs,0.1753246753246753,0.477124183006536,0.7682119205298014,0.8516129032258064,0,0.89171974522293
Brandon Powell,0.0904255319148936,0.1134020618556701,0.2744186046511628,0.110091743119266,0,0.3480392156862745
Brent Fullwood,0.4,0.4285714285714285,0.7532467532467533,0.7105263157894737,1,
Brent Mcclanahan,0.0909090909090909,0.316546762589928,0.5571428571428572,0.6993464052287581,0,0.7961783439490446
Brian Hill,0.1639344262295081,0.4468085106382978,0.6649484536082474,0.772093023255814,1,
Brian Hoyer,0.0828025477707006,0.0714285714285714,0.0816326530612244,0.2830188679245283,0,0.3928571428571428
Brian Leonard,0.1655629139072847,0.232258064516129,0.464968152866242,0.5324675324675324,0,0.7074829931972789
Brian Milne,0.1338028169014084,0.2933333333333333,0.5723684210526315,0.6708074534161491,0,0.6129032258064516
Brian Mitchell 2,0.131578947368421,0.3219178082191781,0.6323529411764706,0.7014925373134329,0,0.8928571428571429
Brian Westbrook,0.1324503311258278,0.689873417721519,0.940119760479042,0.9935064935064936,0,0.9869281045751634
Bruce Harper,0.3439490445859872,0.5853658536585366,0.8081395348837209,0.8662790697674418,0,0.8614457831325302
Bruce Miller,0.2448979591836734,0.440251572327044,0.6428571428571429,0.5906432748538012,0,0.6983240223463687
Bryan Johnson 2,0.0397350993377483,0.1518987341772152,0.155688622754491,0.1688311688311688,1,
Bryce Brown,0.2767295597484276,0.6071428571428571,0.7076023391812866,0.5642458100558659,1,
Bubba Bean,0.3071895424836601,0.4012738853503185,0.6280487804878049,0.5523255813953488,1,
Buford Jordan,0.1637426900584795,0.6181818181818182,0.5714285714285714,0.6623376623376623,0,0.5
Buford Mcgee,0.2962962962962963,0.4516129032258064,0.6549707602339181,0.6945454545454546,0,0.487012987012987
Butch Woolfolk,0.2787878787878788,0.5126582278481012,0.6358024691358025,0.6774193548387096,0,0.7134502923976608
C J Anderson,0.1845238095238095,0.7017543859649122,0.88268156424581,0.9516129032258064,0,0.912568306010929
C J Prosise,0.2956989247311828,0.4316939890710382,0.4574468085106383,0.2989690721649484,0,0.0790697674418604
C J Spiller,0.1168831168831168,0.5102040816326531,0.9245283018867924,0.9702380952380952,0,0.9473684210526316
Cadillac Williams,0.3246753246753247,0.5555555555555556,0.695364238410596,0.5161290322580645,0,0.6624203821656051
Calvin Thomas,0.006060606060606,0.0886075949367088,0.3580246913580246,0.5161290322580645,0,0.6198830409356725
Cameron Artis Payne,0.2346368715083799,0.3763440860215054,0.6010928961748634,0.5904255319148937,1,
Carl Garrett,0.6951219512195121,0.8539325842696629,0.8888888888888888,0.9090909090909092,0,0.841726618705036
Carl Monroe,0.1139240506329113,0.4753086419753086,0.4645161290322581,0.3859649122807017,0,0.6327272727272727
Carlos Hyde,0.2046783625730994,0.435754189944134,0.7150537634408602,0.825136612021858,0,0.7978723404255319
Carwell Gardner,0.0197368421052631,0.1232876712328767,0.3529411764705882,0.4776119402985074,0,0.6285714285714286
Cecil Martin,0.093167701863354,0.3354838709677419,0.4863013698630137,0.4039735099337748,1,
Cecil Sapp,0.0316455696202531,0.2874251497005988,0.4415584415584415,0.5882352941176471,0,0.5761589403973509
Cedric Benson,0.1038961038961039,0.457516339869281,0.6357615894039735,0.7741935483870968,0,0.8280254777070064
Cedric Peerman,0.0324675324675324,0.1292517006802721,0.5094339622641509,0.5,0,0.4912280701754385
Cedric Smith,0.0328947368421052,0.0205479452054794,0.0147058823529411,0.0,0,0.2785714285714286
Chad Morton,0.1935483870967742,0.1917808219178082,0.2649006622516556,0.3417721518987341,0,0.3892215568862275
Charcandrick West,0.3743016759776536,0.6397849462365591,0.7978142076502732,0.6968085106382979,1,
Charles Alexander,0.1860465116279069,0.4418604651162791,0.6987951807228916,0.806060606060606,0,0.7341772151898734
Charles Sims,0.0701754385964912,0.5418994413407822,0.7043010752688172,0.7868852459016393,1,
Charles Way,0.130718954248366,0.3732394366197183,0.7,0.8289473684210527,0,0.8260869565217391
Charles White,0.1860465116279069,0.4277108433734939,0.7878787878787878,0.5316455696202531,0,0.4382716049382716
Charlie Evans,0.3370786516853932,0.5648148148148148,0.6776859504132231,0.6330935251798561,1,
Charlie Garner,0.1928571428571428,0.5555555555555556,0.8028169014084507,0.86,0,0.8092105263157895
Charlie Smith 2,0.8902439024390244,0.7415730337078652,0.8796296296296297,0.8347107438016529,0,0.8705035971223022
Chase Edmonds,0.1542553191489361,0.4742268041237113,0.7767441860465116,0.9128440366972476,0,0.8725490196078431
Chester Taylor,0.1920529801324503,0.4367088607594936,0.7305389221556886,0.8051948051948052,0,0.8888888888888888
Chester Willis,0.0963855421686747,0.1818181818181818,0.1582278481012658,0.0185185185185185,1,
Chris Brewer,0.074074074074074,0.0516129032258064,0.0818713450292397,0.4145454545454545,1,
Chris Brown,0.120253164556962,0.4011976047904191,0.7272727272727273,0.7450980392156863,0,0.7417218543046358
Chris Carson,0.2295081967213114,0.5957446808510638,0.7731958762886598,0.8511627906976744,0,0.7568807339449541
Chris Fuamatu Ma Afala,0.2434210526315789,0.3043478260869565,0.6193548387096774,0.7328767123287672,0,0.7417218543046358
Chris Hetherington,0.031055900621118,0.2516129032258064,0.410958904109589,0.3774834437086092,0,0.1392405063291139
Chris Ivory,0.2727272727272727,0.4625850340136054,0.7295597484276729,0.7857142857142857,0,0.8187134502923976
Chris Johnson,0.5419354838709678,0.9681528662420382,1.0,0.9931972789115646,0,0.9622641509433962
Chris Ogbonnaya,0.1656050955414012,0.2012987012987013,0.3673469387755102,0.4276729559748428,0,0.7380952380952381
Chris Perry,0.0359281437125748,0.474025974025974,0.6274509803921569,0.5562913907284768,0,0.1096774193548387
Chris Thompson,0.0760233918128654,0.4525139664804469,0.7258064516129032,0.8633879781420765,0,0.8031914893617021
Chris Warren 2,0.1710526315789473,0.2808219178082192,0.6470588235294118,0.7686567164179104,0,0.9785714285714284
Christian Okoye,0.5745454545454546,0.5324675324675324,0.8246753246753247,0.7894736842105263,0,0.8493150684931506
Christine Michael,0.125,0.3859649122807017,0.5977653631284916,0.7795698924731183,0,0.5846994535519126
Chuck Evans,0.0522388059701492,0.1857142857142857,0.4313725490196078,0.3943661971830985,0,0.4666666666666667
Chuck Foreman,0.5289256198347108,0.935251798561151,1.0,1.0,0,0.9936305732484076
Chuck Levy,0.2071428571428571,0.2091503267973856,0.1971830985915492,0.22,0,0.4013157894736842
Chuck Muncie,0.3529411764705882,0.7070063694267515,0.902439024390244,0.9476744186046512,0,0.9418604651162792
Clarence Davis,0.3595505617977528,0.6111111111111112,0.7851239669421488,0.8201438848920863,0,0.8285714285714286
Clarence Harmon,0.2738853503184713,0.4146341463414634,0.7558139534883721,0.9011627906976744,0,0.8373493975903614
Clarence Williams 4,0.2038216560509554,0.3231707317073171,0.6627906976744186,0.7383720930232558,0,0.6686746987951807
Clark Gaines,0.4901960784313725,0.8089171974522293,0.8902439024390244,0.813953488372093,0,0.7267441860465116
Cleo Miller,0.2949640287769784,0.3642857142857142,0.5882352941176471,0.7261146496815286,0,0.8292682926829268
Cleveland Franklin,0.0,0.0792682926829268,0.1046511627906976,0.2732558139534883,0,0.2228915662650602
Cleveland Gary,0.0649350649350649,0.6052631578947368,0.7534246575342466,0.8897058823529411,0,0.7761194029850746
Clif Groce,0.1126760563380281,0.34,0.3552631578947368,0.4161490683229814,0,0.3290322580645161
Cliff Austin,0.1392405063291139,0.1666666666666666,0.432258064516129,0.5672514619883041,0,0.76
Clinton Portis,0.5960264900662252,0.9493670886075948,0.9820359281437124,0.974025974025974,0,0.9215686274509804
Corey Clement,0.3497267759562841,0.4840425531914893,0.5,0.2790697674418604,0,0.3486238532110092
Corey Dillon,0.5466666666666666,0.875,0.9751552795031057,0.9741935483870968,0,0.9794520547945206
Corey Grant,0.0391061452513966,0.3064516129032258,0.6994535519125683,0.7659574468085106,1,
Correll Buckhalter,0.2328767123287671,0.2781456953642384,0.5822784810126582,0.3413173652694611,0,0.2987012987012987
Cory Schlesinger,0.0065359477124183,0.0140845070422535,0.1133333333333333,0.2894736842105263,0,0.391304347826087
Craig Heyward,0.2532467532467532,0.4155844155844156,0.7302631578947368,0.678082191780822,0,0.7794117647058824
Craig James 2,0.3888888888888889,0.7354838709677419,0.8596491228070176,0.7818181818181819,0,0.3571428571428571
Cullen Bryant,0.0503597122302158,0.45,0.5294117647058824,0.6369426751592356,0,0.6158536585365854
Curt Warner,0.5063291139240507,0.6851851851851852,0.9096774193548388,0.9239766081871345,0,0.9854545454545456
Curtis Adams,0.1161290322580645,0.3567251461988304,0.7090909090909091,0.461038961038961,1,
Curtis Brown 3,0.1401273885350318,0.3963414634146341,0.7674418604651163,0.8604651162790697,0,0.6807228915662651
Curtis Dickey,0.4069767441860465,0.8493975903614458,0.9090909090909092,0.8987341772151899,0,0.7407407407407407
Curtis Martin,0.5098039215686274,0.908450704225352,0.98,0.9407894736842104,0,0.9565217391304348
D J Dozier,0.5454545454545454,0.4025974025974026,0.6168831168831169,0.6907894736842105,0,0.6643835616438356
D J Foster,0.075268817204301,0.1693989071038251,0.2234042553191489,0.1030927835051546,0,0.055813953488372
D J Ware,0.1161290322580645,0.3375796178343949,0.5064935064935064,0.5170068027210885,0,0.6352201257861635
Daimon Shelton,0.0066666666666666,0.125,0.2670807453416149,0.3935483870967742,0,0.1301369863013698
Dalton Hilliard,0.2807017543859649,0.7418181818181818,0.8246753246753247,0.9545454545454546,0,0.9210526315789472
Damien Anderson,0.0927152317880794,0.310126582278481,0.3832335329341317,0.2402597402597402,1,
Damien Harris,0.0515463917525773,0.4186046511627907,0.7798165137614679,0.8774509803921569,0,0.8248587570621468
Damien Williams,0.239766081871345,0.3631284916201117,0.6720430107526881,0.7049180327868853,0,0.7925531914893617
Damiere Byrd,0.4699453551912568,0.5,0.520618556701031,0.3069767441860465,1,
Dan Doornink,0.1829268292682926,0.5348837209302325,0.7965116279069767,0.8433734939759037,0,0.8181818181818182
Dan Herron,0.0251572327044025,0.4821428571428571,0.695906432748538,0.7541899441340782,1,
Dan Kreider,0.4064516129032258,0.589041095890411,0.7019867549668874,0.569620253164557,0,0.562874251497006
Daniel Thomas,0.2312925170068027,0.3962264150943396,0.6964285714285714,0.6491228070175439,1,
Danny Woodhead,0.1528662420382165,0.512987012987013,0.7142857142857143,0.8805031446540881,0,0.8928571428571429
Darick Holmes,0.2679738562091503,0.4859154929577465,0.7133333333333334,0.7302631578947368,1,
Darnell Autry,0.0733333333333333,0.0789473684210526,0.0869565217391304,0.2129032258064516,1,
Darrel Williams,0.1436170212765957,0.4278350515463917,0.6325581395348837,0.8073394495412844,0,0.7647058823529411
Darrel Young,0.1103896103896103,0.5374149659863946,0.8113207547169812,0.8690476190476191,0,0.8421052631578947
Darrell Henderson,0.2319587628865979,0.6372093023255814,0.8807339449541285,0.8872549019607843,0,0.7344632768361582
Darrell Thompson,0.0,0.2945205479452055,0.5073529411764706,0.7089552238805971,0,0.5
Darren Mcfadden,0.2,0.3503184713375796,0.8506493506493507,0.8979591836734694,0,0.9433962264150944
Darren Sproles,0.1883116883116883,0.130718954248366,0.3377483443708609,0.567741935483871,0,0.8407643312101911
Darrin Nelson,0.1333333333333333,0.5379746835443038,0.7345679012345679,0.832258064516129,0,0.8830409356725146
Darryl Clack,0.239766081871345,0.4909090909090909,0.3831168831168831,0.4090909090909091,1,
Daryl Johnston,0.0844155844155844,0.3026315789473684,0.5753424657534246,0.6397058823529411,0,0.7238805970149254
Daryl Richardson,0.3333333333333333,0.5535714285714286,0.543859649122807,0.2011173184357542,0,0.0591397849462365
Dave Meggett,0.2987012987012987,0.7236842105263158,0.910958904109589,0.8529411764705882,0,0.8059701492537313
Dave Preston,0.2378048780487804,0.4476744186046512,0.7034883720930233,0.7349397590361446,0,0.6909090909090909
Dave Williams 2,0.019108280254777,0.0975609756097561,0.4941860465116279,0.5581395348837209,0,0.8855421686746988
David Hughes,0.1024096385542168,0.4303030303030303,0.620253164556962,0.6419753086419753,0,0.4838709677419355
David Johnson,0.4860335195530726,0.8709677419354839,0.8961748633879781,0.8457446808510638,0,0.7371134020618557
David Lang,0.3897058823529412,0.5074626865671642,0.6214285714285714,0.3856209150326797,1,
David Palmer,0.0642857142857142,0.1764705882352941,0.2816901408450704,0.3733333333333333,0,0.5986842105263158
Deandre Washington,0.2849462365591398,0.4262295081967213,0.526595744680851,0.5773195876288659,0,0.5302325581395348
Deangelo Williams,0.3137254901960784,0.7218543046357616,0.9741935483870968,0.9936305732484076,0,0.961038961038961
Dee Brown,0.0662251655629139,0.0822784810126582,0.0778443113772455,0.0779220779220779,0,0.0980392156862745
Deji Karim,0.0779220779220779,0.2925170068027211,0.2893081761006289,0.3095238095238095,1,
Del Rodgers,0.0969696969696969,0.0759493670886076,0.3024691358024691,0.1548387096774193,0,0.1988304093567251
Delvin Williams,0.2877697841726618,0.65,0.9477124183006536,0.9554140127388536,0,0.9817073170731708
Demarco Murray,0.4013605442176871,0.7610062893081762,0.9226190476190476,0.9766081871345028,0,0.988826815642458
Denard Robinson,0.0,0.1871345029239766,0.3016759776536313,0.5053763440860215,1,
Dennis Gentry,0.1272727272727272,0.2025316455696202,0.4012345679012346,0.5483870967741935,0,0.8070175438596491
Deonte Harris,0.3041237113402061,0.5348837209302325,0.8027522935779816,0.6323529411764706,0,0.4406779661016949
Derek Brown,0.3805970149253731,0.5714285714285714,0.8366013071895425,0.5352112676056338,1,
Derek Loville,0.0131578947368421,0.0547945205479452,0.0955882352941176,0.0373134328358208,0,0.1428571428571428
Derek Watt,0.3387096774193548,0.5191256830601093,0.6329787234042553,0.5824742268041238,0,0.3906976744186046
Derrick Blaylock,0.1125827814569536,0.5063291139240507,0.8083832335329342,0.7857142857142857,0,0.5620915032679739
Derrick Coleman,0.0833333333333333,0.0584795321637426,0.2569832402234637,0.1827956989247312,0,0.2841530054644808
Derrick Fenner 2,0.0714285714285714,0.3881578947368421,0.6232876712328768,0.75,0,0.8432835820895522
Derrick Gainer,0.1118421052631579,0.1095890410958904,0.3161764705882353,0.2985074626865671,1,
Derrick Jensen,0.1453488372093023,0.2325581395348837,0.5903614457831325,0.4121212121212121,0,0.3860759493670886
Derrick Ward,0.1103896103896103,0.1111111111111111,0.4768211920529801,0.7225806451612903,0,0.8726114649681529
Deshaun Foster,0.2974683544303797,0.5568862275449101,0.8506493506493507,0.8562091503267973,0,0.8278145695364238
Deuce Mcallister,0.2534246575342466,0.8211920529801324,0.9683544303797468,0.9520958083832336,0,0.8831168831168831
Devine Ozigbo,0.0824742268041237,0.1534883720930232,0.1422018348623853,0.0490196078431372,0,0.1299435028248587
Devonta Freeman,0.2339181286549707,0.7486033519553073,0.9623655913978496,0.994535519125683,0,0.8776595744680851
Devontae Booker,0.2365591397849462,0.4153005464480874,0.6808510638297872,0.6185567010309279,0,0.6790697674418604
Dexter Bussey,0.0575539568345323,0.5428571428571428,0.7973856209150327,0.9044585987261148,0,0.8780487804878049
Dexter Carter,0.2368421052631578,0.5958904109589042,0.7426470588235294,0.7313432835820896,0,0.7428571428571429
Dino Hall,0.2325581395348837,0.4011627906976744,0.3674698795180723,0.4242424242424242,0,0.2911392405063291
Dino Philyaw,0.0492957746478873,0.0533333333333333,0.0592105263157894,0.1925465838509316,1,
Dion Lewis,0.1632653061224489,0.4088050314465409,0.4047619047619047,0.2631578947368421,0,0.3519553072625698
Dominic Rhodes,0.3356164383561644,0.4105960264900662,0.5759493670886076,0.467065868263473,0,0.6428571428571429
Don Calhoun,0.1007194244604316,0.4642857142857143,0.6535947712418301,0.8343949044585988,0,0.7865853658536586
Don Hardeman,0.2571428571428571,0.3856209150326797,0.5732484076433121,0.524390243902439,0,0.5697674418604651
Don Highsmith,0.048780487804878,0.3707865168539326,0.4814814814814814,0.4462809917355372,1,
Don Mccauley,0.1797752808988764,0.5925925925925926,0.7768595041322314,0.7841726618705036,0,0.6928571428571428
Don Nottingham,0.3820224719101123,0.6203703703703703,0.7272727272727273,0.7194244604316546,0,0.75
Don Testerman,0.2679738562091503,0.6560509554140127,0.774390243902439,0.5058139534883721,0,0.2093023255813953
Don Woods,0.6402877697841727,0.7714285714285715,0.934640522875817,0.7643312101910829,0,0.8353658536585366
Donald Brown,0.2738853503184713,0.6038961038961039,0.8367346938775511,0.8238993710691824,0,0.875
Donnell Bennett,0.0928571428571428,0.2875816993464052,0.4225352112676056,0.4466666666666666,0,0.5263157894736842
Dontrell Hilliard,0.1855670103092783,0.3441860465116279,0.5825688073394495,0.696078431372549,1,
Dorsey Levens,0.0785714285714285,0.5359477124183006,0.8309859154929577,0.96,0,0.9342105263157896
Doug Dennison,0.158273381294964,0.4285714285714285,0.6013071895424836,0.643312101910828,0,0.573170731707317
Doug Dressler,0.1951219512195122,0.449438202247191,0.7407407407407407,0.6694214876033058,0,0.6546762589928058
Doug Kotar,0.3309352517985611,0.5857142857142857,0.8104575163398693,0.7515923566878981,0,0.7987804878048781
Doug Martin,0.7987421383647799,0.8392857142857143,0.95906432748538,0.8994413407821229,0,0.935483870967742
Duane Thomas,0.8292682926829268,0.9213483146067416,0.7777777777777778,0.6446280991735537,0,0.4964028776978417
Duce Staley,0.1666666666666666,0.6973684210526315,0.8944099378881988,0.896774193548387,0,0.8698630136986302
Dujuan Harris,0.1904761904761904,0.3836477987421384,0.3869047619047619,0.4210526315789473,0,0.4469273743016759
Duke Johnson,0.3687150837988827,0.6451612903225806,0.8907103825136612,0.8404255319148937,0,0.8505154639175257
Dwayne Washington,0.1989247311827957,0.273224043715847,0.4787234042553192,0.4948453608247423,0,0.4604651162790698
Earl Campbell,0.4024390243902439,0.8604651162790697,0.9883720930232558,0.9698795180722892,0,0.9393939393939394
Earl Cooper,0.4825581395348837,0.7168674698795181,0.8727272727272727,0.4936708860759494,0,0.6049382716049383
Earl Ferrell,0.2151898734177215,0.5308641975308642,0.6838709677419355,0.7660818713450293,0,0.9127272727272728
Earnest Byner,0.3950617283950617,0.7290322580645161,0.9064327485380116,0.9490909090909092,0,0.8571428571428571
Earnest Graham,0.1017964071856287,0.1428571428571428,0.2745098039215686,0.6423841059602649,0,0.8258064516129032
Earnest Jackson,0.1518987341772152,0.5925925925925926,0.8580645161290322,0.935672514619883,0,0.9418181818181818
Ed Marinaro,0.324074074074074,0.5867768595041323,0.7050359712230215,0.7857142857142857,0,0.7777777777777778
Ed Podolak,0.951219512195122,0.9438202247191012,0.9629629629629628,0.9421487603305784,0,0.9424460431654677
Ed Williams 3,0.3093525179856115,0.5142857142857142,0.6470588235294118,0.6050955414012739,1,
Eddie George,0.528169014084507,0.8133333333333334,0.9144736842105264,0.9006211180124224,0,0.9161290322580644
Eddie Hill,0.191860465116279,0.2441860465116279,0.4036144578313253,0.3636363636363636,0,0.4683544303797468
Eddie Lacy,0.5654761904761905,0.8888888888888888,0.9553072625698324,0.8978494623655914,0,0.6775956284153005
Eddie Lee Ivery,0.127906976744186,0.5290697674418605,0.7469879518072289,0.9212121212121211,0,0.8164556962025317
Eddie Payton,0.0573248407643312,0.0609756097560975,0.0755813953488372,0.0813953488372093,1,
Eddie Ray,0.1219512195121951,0.2921348314606741,0.4351851851851852,0.6942148760330579,0,0.6618705035971223
Edgar Bennett,0.088235294117647,0.5373134328358209,0.9,0.9803921568627452,0,0.9507042253521126
Edgerrin James,0.6832298136645962,0.935483870967742,0.9863013698630136,0.9271523178807948,0,0.8607594936708861
Elijhaa Penny,0.1967213114754098,0.3829787234042553,0.4690721649484536,0.4511627906976744,0,0.4908256880733945
Emerson Boozer,0.8536585365853658,0.8876404494382022,0.9166666666666666,0.9256198347107438,0,0.9568345323741008
Emmitt Smith,0.4013157894736842,0.9178082191780822,0.9852941176470588,1.0,0,1.0
Equanimeous St Brown,0.2180851063829787,0.2268041237113402,0.5395348837209303,0.5642201834862385,0,0.8137254901960784
Eric Ball,0.1168831168831168,0.2828947368421052,0.4246575342465753,0.5,0,0.5
Eric Bieniemy,0.1301369863013698,0.3235294117647059,0.4328358208955223,0.5142857142857142,0,0.6666666666666666
Eric Dickerson,0.6012658227848101,0.9691358024691358,0.9935483870967742,0.95906432748538,0,0.9745454545454544
Eric Lane 2,0.0240963855421686,0.0424242424242424,0.0316455696202531,0.3209876543209876,0,0.4129032258064516
Eric Lynch,0.1567164179104477,0.1714285714285714,0.1895424836601307,0.0070422535211267,1,
Eric Torkelson,0.1151079136690647,0.3571428571428571,0.5359477124183006,0.6178343949044586,0,0.5609756097560976
Erric Pegram,0.0753424657534246,0.3014705882352941,0.6268656716417911,0.6357142857142857,0,0.6862745098039216
Errict Rhett,0.3928571428571428,0.7712418300653595,0.8169014084507042,0.6,0,0.4736842105263157
Essex Johnson,0.7926829268292683,0.9101123595505618,0.9537037037037036,0.9834710743801652,0,0.9496402877697842
Felix Jones,0.3161290322580645,0.6242038216560509,0.8831168831168831,0.8231292517006803,0,0.8301886792452831
Fitzgerald Toussaint,0.1052631578947368,0.1620111731843575,0.3333333333333333,0.3442622950819672,1,
Floyd Little,0.926829268292683,0.9775280898876404,0.9814814814814816,0.9917355371900828,0,0.9784172661870504
Fozzy Whittaker,0.2202380952380952,0.4678362573099415,0.6145251396648045,0.6182795698924731,0,0.546448087431694
Fran Lynch,0.4512195121951219,0.6404494382022472,0.6944444444444444,0.5619834710743802,0,0.2302158273381295
Franco Harris,0.5462962962962963,0.7355371900826446,0.9640287769784172,0.9571428571428572,0,0.9738562091503268
Frank Gore,0.3311688311688311,0.8823529411764706,0.9735099337748344,0.9612903225806452,0,0.929936305732484
Frank Hawkins,0.1265060240963855,0.3515151515151515,0.7025316455696202,0.6975308641975309,0,0.7032258064516129
Frank Middleton,0.2037037037037037,0.3677419354838709,0.4444444444444444,0.610909090909091,1,
Frank Pollard,0.0406976744186046,0.2409638554216867,0.406060606060606,0.5569620253164557,0,0.5987654320987654
Fred Beasley,0.3167701863354037,0.6451612903225806,0.773972602739726,0.7218543046357616,0,0.6708860759493671
Fred Jackson,0.23841059602649,0.6064516129032258,0.8471337579617835,0.8571428571428571,0,0.9047619047619048
Fred Mcafee,0.2260273972602739,0.4044117647058823,0.4925373134328358,0.4428571428571428,0,0.4705882352941176
Fred Mccrary,0.0915032679738562,0.0774647887323943,0.16,0.0263157894736842,0,0.0372670807453416
Fred Taylor,0.6118421052631579,0.9192546583850932,0.9935483870967742,0.9178082191780822,0,0.933774834437086
Fred Willis,0.5280898876404494,0.7222222222222222,0.8760330578512396,0.8489208633093526,0,0.7928571428571428
Freeman Mcneil,0.216867469879518,0.8,0.8417721518987342,0.9629629629629628,0,0.9290322580645162
Garrett Wolfe,0.1324503311258278,0.2709677419354839,0.4904458598726114,0.3376623376623376,1,
Garrison Hearst,0.1343283582089552,0.4,0.4836601307189542,0.6690140845070423,0,0.8333333333333334
Gary Anderson 3,0.2645161290322581,0.7602339181286549,0.9563636363636364,0.9415584415584416,0,0.6948051948051948
Gary Brown 2,0.273972602739726,0.4779411764705882,0.7835820895522388,0.7285714285714285,0,0.7516339869281046
Gary Davis,0.1372549019607843,0.5222929936305732,0.7378048780487805,0.7732558139534884,0,0.6046511627906976
Gary Downs,0.0571428571428571,0.0849673202614379,0.2183098591549295,0.1333333333333333,0,0.2763157894736842
Gaston Green,0.0844155844155844,0.1948051948051948,0.3092105263157895,0.6438356164383562,0,0.8382352941176471
Gene Lang,0.2839506172839506,0.5096774193548387,0.7017543859649122,0.8145454545454546,0,0.6688311688311688
George Adams,0.2903225806451613,0.3801169590643274,0.7127272727272728,0.3246753246753247,0,0.435064935064935
George Rogers,0.4759036144578313,0.7333333333333333,0.8544303797468354,0.7716049382716049,0,0.7741935483870968
George Wonsley,0.1358024691358024,0.4709677419354838,0.7485380116959064,0.8327272727272728,0,0.5
Gerald Everett,0.5300546448087432,0.8191489361702128,0.8556701030927835,0.7813953488372093,0,0.7706422018348624
Gerald Riggs,0.3454545454545454,0.6708860759493671,0.9197530864197532,0.9741935483870968,0,0.9649122807017544
Gerald Willhite,0.2666666666666666,0.5253164556962026,0.7777777777777778,0.7612903225806451,0,0.8713450292397661
Gerry Ellis,0.3953488372093023,0.7530120481927711,0.8363636363636363,0.7721518987341772,0,0.8024691358024691
Giovani Bernard,0.4464285714285714,0.8128654970760234,0.9441340782122905,0.946236559139785,0,0.918032786885246
Greg Bell,0.4876543209876543,0.7419354838709677,0.9415204678362572,0.8836363636363637,0,0.8636363636363636
Greg Comella,0.0657894736842105,0.1428571428571428,0.4258064516129032,0.4589041095890411,0,0.4635761589403973
Greg Hawthorne,0.1395348837209302,0.3546511627906977,0.4819277108433735,0.696969696969697,0,0.7658227848101266
Greg Hill,0.2142857142857142,0.4444444444444444,0.7535211267605634,0.7666666666666667,0,0.8223684210526315
Greg Jones,0.0898203592814371,0.422077922077922,0.4052287581699346,0.543046357615894,0,0.4709677419354838
Greg Pruitt 2,0.4297520661157025,0.7122302158273381,0.95,0.9673202614379084,0,0.9681528662420382
Greg Robinson 2,0.2164179104477611,0.2,0.3790849673202614,0.2957746478873239,1,
Hank Bauer,0.0764331210191082,0.3475609756097561,0.4244186046511627,0.3720930232558139,0,0.2831325301204819
Harlan Huckleby,0.0348837209302325,0.2710843373493976,0.4545454545454545,0.5443037974683544,0,0.5370370370370371
Harold Green,0.1381578947368421,0.5342465753424658,0.9264705882352942,0.9029850746268656,0,0.8785714285714286
Harold Hart,0.2086330935251798,0.3857142857142857,0.3398692810457516,0.1528662420382165,0,0.0853658536585365
Harold Morrow,0.006578947368421,0.0248447204968944,0.032258064516129,0.2123287671232876,1,
Harry Sydney,0.2363636363636363,0.2467532467532467,0.4935064935064935,0.6644736842105263,0,0.684931506849315
Harvey Williams,0.2876712328767123,0.4558823529411764,0.4402985074626865,0.5214285714285715,0,0.8104575163398693
Haskel Stanback,0.1870503597122302,0.5071428571428571,0.6928104575163399,0.8789808917197452,0,0.8536585365853658
Heath Evans,0.1506849315068493,0.2847682119205298,0.4746835443037974,0.4131736526946107,0,0.5064935064935064
Heath Sherman,0.1623376623376623,0.4671052631578947,0.5273972602739726,0.6176470588235294,0,0.5895522388059702
Herman Fontenot,0.3625730994152046,0.6581818181818182,0.538961038961039,0.512987012987013,0,0.6578947368421053
Herman Heard,0.2901234567901234,0.567741935483871,0.7543859649122807,0.8218181818181818,0,0.6428571428571429
Herschel Walker,0.5964912280701754,0.96,1.0,0.987012987012987,0,0.9736842105263158
Hokie Gajan,0.1515151515151515,0.4177215189873418,0.808641975308642,0.8709677419354839,1,
Horace Ivory,0.0318471337579617,0.3780487804878049,0.6453488372093024,0.75,0,0.5542168674698795
Horace King,0.2357142857142857,0.4444444444444444,0.6878980891719745,0.823170731707317,0,0.8313953488372093
Howard Griffith,0.1071428571428571,0.3202614379084967,0.4154929577464789,0.3866666666666666,0,0.506578947368421
Howard Stevens,0.256198347107438,0.4676258992805755,0.4357142857142857,0.2483660130718954,1,
Hubert Ginn,0.024390243902439,0.1123595505617977,0.4444444444444444,0.4793388429752066,0,0.5323741007194245
Hubie Oliver,0.1385542168674698,0.206060606060606,0.5,0.5123456790123457,0,0.5741935483870968
Hugh Mckinnis,0.1157024793388429,0.5467625899280576,0.6571428571428571,0.7124183006535948,1,
Ickey Woods,0.4155844155844156,0.525974025974026,0.8092105263157895,0.5547945205479452,1,
Ike Forte,0.1437908496732026,0.445859872611465,0.3597560975609756,0.4069767441860465,0,0.3430232558139535
Irving Spikes,0.2714285714285714,0.4509803921568627,0.7112676056338029,0.5866666666666667,1,
Isaac Redman,0.2402597402597402,0.4217687074829932,0.7044025157232704,0.5297619047619048,1,
Isaiah Crowell,0.2163742690058479,0.6871508379888268,0.9247311827956988,0.9617486338797814,0,0.946808510638298
Isaiah Mckenzie,0.081967213114754,0.3936170212765957,0.6597938144329897,0.7674418604651163,0,0.7293577981651376
Isaiah Pead,0.1446540880503144,0.3273809523809524,0.3333333333333333,0.1396648044692737,0,0.053763440860215
Ito Smith,0.2074468085106383,0.4484536082474227,0.627906976744186,0.6238532110091743,1,
J D Mckissic,0.0698924731182795,0.3551912568306011,0.3989361702127659,0.6443298969072165,0,0.6697674418604651
J J Arrington,0.2207792207792207,0.2091503267973856,0.4966887417218543,0.5741935483870968,1,
J R Redmond,0.2193548387096774,0.363013698630137,0.4370860927152318,0.3227848101265823,0,0.3772455089820359
Jack Deloplaine,0.1111111111111111,0.2547770700636942,0.3109756097560975,0.2848837209302325,1,
Jack Holmes,0.0121951219512195,0.1511627906976744,0.3255813953488372,0.5662650602409639,0,0.7454545454545455
Jackie Battle,0.0662251655629139,0.0903225806451612,0.267515923566879,0.2857142857142857,0,0.5306122448979592
Jacob Hester,0.1225806451612903,0.286624203821656,0.4675324675324675,0.4897959183673469,0,0.6226415094339622
Jacquizz Rodgers,0.272108843537415,0.6666666666666666,0.8214285714285714,0.8011695906432749,0,0.6312849162011173
Jakeem Grant,0.043010752688172,0.2185792349726776,0.4202127659574468,0.5567010309278351,0,0.6232558139534884
Jalen Parmele,0.2258064516129032,0.3057324840764331,0.3116883116883117,0.0340136054421768,0,0.2012578616352201
Jalen Richard,0.3978494623655914,0.644808743169399,0.8138297872340425,0.7061855670103093,0,0.6139534883720931
Jamaal Charles,0.2451612903225806,0.7452229299363057,0.987012987012987,0.9387755102040816,0,0.949685534591195
Jamal Anderson,0.0142857142857142,0.1699346405228758,0.5845070422535211,0.8666666666666667,0,0.9539473684210528
Jamal Lewis,0.4774193548387097,0.4315068493150685,0.7152317880794702,0.8544303797468354,0,0.9281437125748504
Jameel Cook,0.047945205479452,0.0463576158940397,0.1139240506329113,0.0419161676646706,0,0.0389610389610389
Jamel White,0.1290322580645161,0.5547945205479452,0.8344370860927153,0.8734177215189873,0,0.7245508982035929
James Allen 2,0.2631578947368421,0.453416149068323,0.7419354838709677,0.726027397260274,0,0.695364238410596
James Brooks,0.3313253012048193,0.793939393939394,0.8354430379746836,0.8271604938271605,0,0.8838709677419355
James Develin,0.3333333333333333,0.4035087719298245,0.4078212290502793,0.0806451612903225,0,0.0273224043715847
James Hodgins,0.0683229813664596,0.1225806451612903,0.2191780821917808,0.304635761589404,0,0.4873417721518987
James Jackson,0.1780821917808219,0.3576158940397351,0.4810126582278481,0.4431137724550898,0,0.4155844155844156
James Jones 4,0.2848101265822785,0.6790123456790124,0.8903225806451613,0.912280701754386,0,0.9163636363636364
James Jones 5,0.0755813953488372,0.3373493975903614,0.3393939393939394,0.2278481012658227,0,0.1172839506172839
James Joseph,0.2054794520547945,0.2058823529411764,0.4701492537313433,0.5357142857142857,0,0.6405228758169934
James Mcalister,0.2714285714285714,0.4705882352941176,0.4968152866242038,0.3414634146341463,1,
James Mungro,0.2185430463576159,0.3291139240506329,0.5149700598802395,0.3896103896103896,1,
James Owens,0.1802325581395348,0.1162790697674418,0.4457831325301205,0.4848484848484848,0,0.6772151898734177
James Robinson 3,0.5674418604651162,0.8165137614678899,0.9215686274509804,0.632768361581921,1,
James Saxon,0.2142857142857142,0.4415584415584415,0.5789473684210527,0.410958904109589,0,0.2647058823529412
James Starks,0.0974025974025974,0.3877551020408163,0.5974842767295597,0.7678571428571429,0,0.7251461988304093
James Stewart,0.2745098039215686,0.6197183098591549,0.9,0.8421052631578947,0,0.8819875776397516
James White,0.1228070175438596,0.4245810055865922,0.7634408602150538,0.8360655737704918,0,0.9095744680851064
James Wilder,0.2469879518072289,0.7212121212121212,0.8924050632911392,0.9814814814814816,0,0.9548387096774194
Jamie Mueller,0.2763636363636363,0.2337662337662337,0.4025974025974026,0.4736842105263157,1,
Jamison Crowder,0.2122905027932961,0.6021505376344086,0.8306010928961749,0.8829787234042553,0,0.8247422680412371
Jamize Olawale,0.0773809523809523,0.1520467836257309,0.4022346368715084,0.5591397849462365,0,0.6721311475409836
Jason Cabinda,0.0325581395348837,0.2798165137614679,0.5196078431372549,0.4576271186440678,1,
Jason Mckie,0.0658682634730539,0.3116883116883117,0.4248366013071895,0.4503311258278146,0,0.4064516129032258
Jason Snelling,0.1125827814569536,0.3419354838709677,0.6560509554140127,0.7207792207792207,0,0.7687074829931972
Jason Wright,0.029940119760479,0.0974025974025974,0.2287581699346405,0.4900662251655629,0,0.5935483870967742
Javon Ringer,0.1337579617834395,0.3961038961038961,0.5578231292517006,0.610062893081761,1,
Javorius Allen,0.3463687150837989,0.4301075268817204,0.7704918032786885,0.6861702127659575,0,0.7577319587628866
Jay Ajayi,0.2402234636871508,0.5806451612903226,0.8032786885245902,0.7872340425531915,0,0.5876288659793815
Jay Graham,0.2066666666666666,0.3684210526315789,0.3975155279503105,0.0967741935483871,0,0.1232876712328767
Jaylen Samuels,0.3138297872340425,0.5051546391752577,0.6046511627906976,0.4174311926605504,1,
Jeff Kinney,0.1944444444444444,0.4132231404958678,0.5827338129496403,0.6357142857142857,0,0.6209150326797386
Jeff Moore 2,0.2093023255813953,0.3604651162790697,0.8132530120481928,0.9151515151515152,0,0.9177215189873418
Jeff Queen,0.7317073170731707,0.8202247191011236,0.75,0.5206611570247934,0,0.1510791366906475
Jeff Smith 6,0.2258064516129032,0.5906432748538012,0.8909090909090909,0.7597402597402597,1,
Jerald Moore,0.0422535211267605,0.2266666666666666,0.3157894736842105,0.2111801242236025,0,0.232258064516129
Jerald Sowell,0.1866666666666666,0.3486842105263157,0.4906832298136646,0.4,0,0.2602739726027397
Jeremi Johnson,0.2341772151898734,0.2275449101796407,0.435064935064935,0.3464052287581699,0,0.4834437086092715
Jeremy Hill,0.4853801169590643,0.7318435754189944,0.956989247311828,0.7814207650273224,0,0.7127659574468085
Jeremy Langford,0.3910614525139664,0.4838709677419355,0.4808743169398907,0.1968085106382978,1,
Jerick Mckinnon,0.3567251461988304,0.6927374301675978,0.8870967741935484,0.8688524590163934,0,0.6542553191489362
Jerious Norwood,0.3986928104575163,0.8079470198675497,0.9419354838709676,0.9044585987261148,0,0.7662337662337663
Jerome Bettis,0.5298507462686567,0.8071428571428572,0.9019607843137256,0.7816901408450704,0,0.8533333333333334
Jerome Felton,0.032258064516129,0.2929936305732484,0.3831168831168831,0.6326530612244898,0,0.4842767295597484
Jerome Harrison,0.065359477124183,0.2913907284768212,0.6645161290322581,0.802547770700637,0,0.7922077922077922
Jerry Ellison,0.4052287581699346,0.5915492957746479,0.7466666666666667,0.4605263157894737,0,0.5714285714285714
Jerry Latin,0.2214285714285714,0.3790849673202614,0.5796178343949044,0.4390243902439024,1,
Jess Phillips,0.8658536585365854,0.8089887640449438,0.7592592592592593,0.71900826446281,0,0.697841726618705
Jesse Chatman,0.119205298013245,0.2721518987341772,0.592814371257485,0.448051948051948,0,0.2875816993464052
Jessie Clark,0.3227848101265823,0.6666666666666666,0.896774193548387,0.783625730994152,0,0.8181818181818182
Jewerl Thomas,0.191860465116279,0.3855421686746988,0.6121212121212121,0.4240506329113924,0,0.3641975308641975
Jim Bertelsen,0.4907407407407407,0.7520661157024794,0.8848920863309353,0.8571428571428571,0,0.6666666666666666
Jim Braxton,0.2696629213483146,0.5555555555555556,0.7603305785123967,0.8273381294964028,0,0.9142857142857144
Jim Culbreath,0.0891719745222929,0.2439024390243902,0.3255813953488372,0.1627906976744186,1,
Jim Finn,0.0193548387096774,0.0273972602739726,0.0529801324503311,0.0253164556962025,0,0.1616766467065868
Jim Hadnot,0.127906976744186,0.4337349397590361,0.6848484848484848,0.5632911392405063,1,
Jim Hargrove,0.036144578313253,0.0909090909090909,0.0696202531645569,0.0061728395061728,0,0.0064516129032258
Jim Harrison,0.0561797752808988,0.4629629629629629,0.6859504132231405,0.6834532374100719,1,
Jim Jensen 2,0.2229299363057325,0.1646341463414634,0.436046511627907,0.5465116279069767,0,0.6445783132530121
Jim Jodat,0.0636942675159235,0.2195121951219512,0.2906976744186046,0.4244186046511627,0,0.4578313253012048
Jim Kiick,0.9634146341463414,0.9662921348314608,0.9351851851851852,0.8264462809917356,0,0.7410071942446043
Jim Nance,0.8048780487804879,0.7640449438202247,0.6574074074074074,0.4628099173553719,1,
Jim Otis,0.5121951219512195,0.5730337078651685,0.6018518518518519,0.5950413223140496,0,0.6115107913669064
Jimmy Graham,0.4090909090909091,0.3809523809523809,0.4465408805031446,0.0238095238095238,0,0.0292397660818713
Jimmy Rogers,0.2616279069767442,0.3433734939759036,0.6303030303030303,0.379746835443038,1,
Joe Cribbs,0.4767441860465116,0.7951807228915663,0.9696969696969696,0.981012658227848,0,0.8580246913580247
Joe Dawkins,0.7195121951219512,0.6067415730337079,0.7129629629629629,0.768595041322314,0,0.8920863309352518
Joe Mcknight,0.1428571428571428,0.3469387755102041,0.6540880503144654,0.5238095238095238,0,0.4385964912280701
Joe Montgomery,0.062111801242236,0.4516129032258064,0.4178082191780822,0.3642384105960264,1,
Joe Morris,0.103030303030303,0.2215189873417721,0.5740740740740741,0.8516129032258064,0,0.9707602339181286
Joe Washington,0.2993630573248407,0.6097560975609756,0.9302325581395348,0.9767441860465116,0,0.9397590361445785
Joel Makovicka,0.0186335403726708,0.064516129032258,0.6986301369863014,0.8675496688741722,1,
John Avery,0.0986842105263157,0.3602484472049689,0.3677419354838709,0.1643835616438356,0,0.0066225165562913
John Brockington,0.5955056179775281,0.8055555555555556,0.9586776859504132,0.9712230215827338,0,0.9214285714285714
John Cappelletti,0.1438848920863309,0.3,0.6339869281045751,0.7834394904458599,0,0.9146341463414634
John Conner,0.1233766233766233,0.3537414965986394,0.4213836477987421,0.2559523809523809,0,0.1988304093567251
John Kelly,0.1489361702127659,0.2628865979381443,0.213953488372093,0.2247706422018348,1,
John Kuhn,0.2156862745098039,0.2317880794701986,0.4387096774193548,0.3566878980891719,0,0.577922077922078
John L Williams,0.3976608187134502,0.8436363636363636,0.9675324675324676,0.9935064935064936,0,0.986842105263158
John Riggins,0.5617977528089888,0.7870370370370371,0.8842975206611571,0.9280575539568344,0,0.9285714285714286
John Ross,0.1202185792349726,0.351063829787234,0.5618556701030928,0.4465116279069767,0,0.6788990825688074
John Settle,0.4472727272727272,0.7207792207792207,0.9415584415584416,0.8947368421052632,1,
John Stephens,0.3636363636363636,0.7662337662337663,0.9407894736842104,0.863013698630137,0,0.6911764705882353
John Tarver,0.2407407407407407,0.4710743801652892,0.5899280575539568,0.4714285714285714,1,
Johnny Bailey,0.0526315789473684,0.0890410958904109,0.4632352941176471,0.6343283582089553,0,0.8428571428571429
Johnny Davis,0.1280487804878048,0.3720930232558139,0.4302325581395348,0.4518072289156626,0,0.3939393939393939
Johnny Hector,0.1962025316455696,0.5493827160493827,0.7096774193548387,0.8362573099415205,0,0.9381818181818182
Johnny Johnson 2,0.4802631578947368,0.7945205479452054,0.9485294117647058,0.9477611940298508,0,0.9428571428571428
Joique Bell,0.4339622641509434,0.6369047619047619,0.783625730994152,0.7150837988826816,0,0.543010752688172
Jon Keyworth,0.4388489208633093,0.7,0.8954248366013072,0.7579617834394905,0,0.7134146341463414
Jon Ritchie,0.131578947368421,0.546583850931677,0.567741935483871,0.3561643835616438,0,0.0066225165562913
Jon Vaughn,0.2123287671232876,0.2794117647058823,0.4477611940298507,0.3642857142857142,1,
Jon Witman,0.1267605633802817,0.18,0.3026315789473684,0.2981366459627329,0,0.3032258064516129
Jonathan Dwyer,0.0259740259740259,0.3061224489795918,0.5408805031446541,0.7023809523809523,0,0.6081871345029239
Jonathan Grimes,0.050314465408805,0.2738095238095238,0.4970760233918128,0.6480446927374302,0,0.6559139784946236
Jonathan Stewart,0.3225806451612903,0.7133757961783439,0.8896103896103896,0.91156462585034,0,0.8490566037735849
Jonathan Wells,0.0728476821192053,0.2531645569620253,0.4550898203592814,0.5844155844155844,1,
Jonathan Williams,0.032258064516129,0.0327868852459016,0.0372340425531914,0.3608247422680412,0,0.3720930232558139
Jordan Howard,0.5645161290322581,0.9234972677595628,0.9893617021276596,0.9020618556701032,0,0.7441860465116279
Jordan Todman,0.0314465408805031,0.3214285714285714,0.6374269005847953,0.7262569832402235,0,0.6666666666666666
Jordan Wilkins,0.3297872340425531,0.6134020618556701,0.8093023255813954,0.5504587155963303,0,0.3823529411764705
Jorvorskie Lane,0.1635220125786163,0.1785714285714285,0.6198830409356725,0.4972067039106145,1,
Joseph Addai,0.4901960784313725,0.9006622516556292,0.9483870967741936,0.9554140127388536,0,0.8311688311688312
Josh Ashton,0.4259259259259259,0.6198347107438017,0.6474820143884892,0.4571428571428571,1,
Josh Ferguson,0.1021505376344086,0.1912568306010929,0.2393617021276596,0.2835051546391752,1,
Josh Vaughan,0.0649350649350649,0.1768707482993197,0.1132075471698113,0.0535714285714285,1,
Julius Jones,0.3353293413173652,0.577922077922078,0.8627450980392157,0.8741721854304636,0,0.7806451612903226
Junior Tautalatasi,0.3216374269005848,0.6436363636363637,0.4675324675324675,0.3506493506493506,1,
Justin Fargas,0.2215189873417721,0.4071856287425149,0.5584415584415584,0.6470588235294118,0,0.7615894039735099
Justin Forsett,0.3439490445859872,0.6103896103896104,0.7482993197278912,0.7924528301886793,0,0.6904761904761905
Justin Griffith,0.2848101265822785,0.4910179640718562,0.7727272727272727,0.7777777777777778,0,0.6887417218543046
Justin Jackson,0.2765957446808511,0.5412371134020618,0.786046511627907,0.7844036697247706,0,0.7303921568627451
Kahlil Bell,0.197452229299363,0.2207792207792207,0.3945578231292517,0.3522012578616352,1,
Kalen Ballage,0.2606382978723404,0.4020618556701031,0.586046511627907,0.463302752293578,1,
Keith Byars,0.2163742690058479,0.68,0.8181818181818182,0.9025974025974026,0,0.9473684210526316
Keith Elias,0.0214285714285714,0.1437908496732026,0.2112676056338028,0.2,0,0.2565789473684211
Keith Griffin,0.0679012345679012,0.4,0.631578947368421,0.7854545454545454,0,0.3701298701298701
Keith Henderson,0.2532467532467532,0.3355263157894737,0.541095890410959,0.3970588235294117,1,
Keith Jones,0.3116883116883117,0.4539473684210526,0.636986301369863,0.5367647058823529,1,
Keith Smith,0.2795698924731182,0.2786885245901639,0.324468085106383,0.3144329896907216,0,0.4837209302325581
Keith Woodside,0.1818181818181818,0.5909090909090909,0.8026315789473685,0.8013698630136986,1,
Kelvin Bryant,0.3684210526315789,0.8109090909090909,0.9285714285714286,0.8051948051948052,0,0.6973684210526315
Ken Brown 4,0.0,0.0,0.0925925925925925,0.6033057851239669,0,0.762589928057554
Ken Lacy,0.191358024691358,0.2451612903225806,0.3333333333333333,0.3854545454545454,1,
Kendall Hunter,0.3401360544217687,0.6289308176100629,0.8095238095238095,0.5789473684210527,0,0.3407821229050279
Kenjon Barner,0.0357142857142857,0.0409356725146198,0.1564245810055866,0.3602150537634409,0,0.5027322404371585
Kenneth Darby,0.1589403973509933,0.3548387096774194,0.5796178343949044,0.551948051948052,1,
Kenneth Davis,0.4210526315789473,0.7781818181818182,0.7467532467532467,0.6428571428571429,0,0.7039473684210527
Kenny Bynum,0.0666666666666666,0.1578947368421052,0.4720496894409938,0.535483870967742,1,
Kenny King 2,0.0232558139534883,0.3662790697674418,0.6566265060240963,0.8424242424242424,0,0.7278481012658228
Kenny Watson,0.3973509933774834,0.3670886075949367,0.5688622754491018,0.2077922077922078,0,0.4836601307189542
Kenyan Drake,0.2741935483870967,0.6229508196721312,0.8670212765957447,0.8865979381443299,0,0.8976744186046511
Kerry Porter,0.149090909090909,0.0259740259740259,0.2077922077922078,0.4407894736842105,1,
Kerwynn Williams,0.1345029239766081,0.329608938547486,0.6236559139784946,0.7213114754098361,1,
Kevan Barlow,0.2671232876712329,0.6225165562913907,0.879746835443038,0.8922155688622755,0,0.8636363636363636
Kevin Faulk,0.1304347826086956,0.4451612903225806,0.7054794520547946,0.8079470198675497,0,0.8037974683544303
Kevin Jones 2,0.5089820359281437,0.7467532467532467,0.915032679738562,0.8344370860927153,0,0.7354838709677419
Kevin Long 2,0.0955414012738853,0.5,0.686046511627907,0.8081395348837209,0,0.6927710843373494
Kevin Mack,0.6,0.8304093567251462,0.9636363636363636,0.8051948051948052,0,0.6688311688311688
Kevin Smith,0.3741935483870968,0.6496815286624203,0.7597402597402597,0.7891156462585034,0,0.779874213836478
Kevin Turner,0.0808823529411764,0.4626865671641791,0.65,0.7843137254901961,0,0.6338028169014085
Khiry Robinson,0.1964285714285714,0.52046783625731,0.7039106145251397,0.5376344086021505,1,
Ki Jana Carter,0.2464788732394366,0.5133333333333333,0.625,0.515527950310559,0,0.1741935483870967
Kim Jones,0.0980392156862745,0.2929936305732484,0.3292682926829268,0.25,1,
Kimble Anders,0.0367647058823529,0.3134328358208955,0.5785714285714286,0.8954248366013072,0,0.9225352112676056
Knile Davis,0.1369047619047619,0.391812865497076,0.5251396648044693,0.4462365591397849,1,
Knowshon Moreno,0.3630573248407643,0.6168831168831169,0.782312925170068,0.7861635220125787,0,0.8333333333333334
Kregg Lumpkin,0.4,0.445859872611465,0.4805194805194805,0.2857142857142857,0,0.3773584905660377
La Mical Perine,0.227906976744186,0.3256880733944954,0.2990196078431372,0.2259887005649717,1,
Labrandon Toefield,0.2468354430379747,0.437125748502994,0.5974025974025974,0.4640522875816993,0,0.3178807947019867
Ladainian Tomlinson,0.3698630136986301,0.8874172185430463,0.9936708860759492,1.0,0,1.0
Ladell Betts,0.2317880794701986,0.5126582278481012,0.7065868263473054,0.6168831168831169,0,0.7973856209150327
Lamar Gordon,0.1986754966887417,0.430379746835443,0.4730538922155688,0.3571428571428571,0,0.1437908496732026
Lamar Miller,0.2389937106918239,0.6011904761904762,0.9005847953216374,0.9608938547486032,0,0.978494623655914
Lamar Smith,0.0142857142857142,0.2222222222222222,0.5070422535211268,0.78,0,0.7631578947368421
Lamont Jordan,0.3082191780821918,0.5298013245033113,0.740506329113924,0.718562874251497,0,0.8766233766233766
Lamont Warren,0.2428571428571428,0.477124183006536,0.647887323943662,0.5333333333333333,0,0.5197368421052632
Lance Ball,0.1032258064516129,0.1146496815286624,0.2597402597402597,0.3741496598639456,0,0.660377358490566
Lance Dunbar,0.1257861635220125,0.4345238095238095,0.6257309941520468,0.7932960893854749,0,0.7741935483870968
Larod Stephens Howling,0.0764331210191082,0.3051948051948052,0.6054421768707483,0.8050314465408805,0,0.7559523809523809
Larry Brinson,0.0445859872611464,0.2134146341463414,0.3372093023255814,0.2965116279069767,1,
Larry Brown 7,0.975609756097561,1.0,1.0,1.0,0,1.0
Larry Canada,0.1951219512195122,0.3895348837209302,0.3197674418604651,0.3012048192771084,1,
Larry Centers,0.0821917808219178,0.4338235294117647,0.8507462686567164,0.9142857142857144,0,0.954248366013072
Larry Csonka,0.9146341463414634,0.9325842696629212,0.9444444444444444,0.8925619834710744,0,0.8633093525179856
Larry Johnson,0.1329113924050632,0.6646706586826348,0.9415584415584416,0.9803921568627452,0,0.9867549668874172
Larry Kinnebrew,0.050632911392405,0.4135802469135802,0.6580645161290323,0.8187134502923976,0,0.9236363636363636
Larry Krause,0.4390243902439024,0.1573033707865168,0.1574074074074074,0.140495867768595,1,
Larry Moriarty,0.240506329113924,0.6111111111111112,0.7225806451612903,0.6666666666666666,0,0.7018181818181818
Larry Schreiber,0.4269662921348314,0.6666666666666666,0.743801652892562,0.7913669064748201,0,0.7785714285714286
Larry Smith 3,0.7073170731707317,0.797752808988764,0.8333333333333334,0.8016528925619835,0,0.6762589928057554
Latavius Murray,0.3391812865497076,0.7430167597765364,0.9301075268817204,0.9398907103825136,0,0.9042553191489362
Laurence Maroney,0.4117647058823529,0.8609271523178808,0.8580645161290322,0.7579617834394905,0,0.4155844155844156
Lawrence Gaines,0.3594771241830065,0.4585987261146497,0.4939024390243902,0.2034883720930232,1,
Lawrence Mccutcheon,0.5537190082644629,0.8561151079136691,0.9785714285714284,0.9803921568627452,0,0.961783439490446
Lawrence Phillips,0.204225352112676,0.4266666666666667,0.4407894736842105,0.577639751552795,1,
Lawrence Vickers,0.0457516339869281,0.3708609271523179,0.5806451612903226,0.5095541401273885,0,0.2987012987012987
Le Ron Mcclain,0.1258278145695364,0.4580645161290322,0.7006369426751592,0.6818181818181818,0,0.6598639455782312
Le Shai Maston,0.1641791044776119,0.1357142857142857,0.3333333333333333,0.2535211267605634,1,
Le Veon Bell,0.4761904761904761,0.9415204678362572,0.994413407821229,0.9946236559139784,0,0.9726775956284152
Lee Bouggess,0.902439024390244,0.7865168539325843,0.6851851851851852,0.4380165289256198,1,
Lee Rouson,0.0193548387096774,0.327485380116959,0.6763636363636364,0.6818181818181818,0,0.6233766233766234
Lee Suggs,0.2151898734177215,0.3592814371257485,0.4025974025974026,0.2483660130718954,1,
Legarrette Blount,0.3571428571428571,0.5986394557823129,0.7672955974842768,0.7321428571428571,0,0.7192982456140351
Lendale White,0.1176470588235294,0.3774834437086092,0.7612903225806451,0.6815286624203821,1,
Lenvil Elliott,0.2727272727272727,0.5683453237410072,0.7571428571428571,0.8823529411764706,0,0.8535031847133758
Leon Johnson 2,0.1733333333333333,0.5,0.7515527950310559,0.6258064516129033,0,0.5068493150684932
Leon Washington,0.261437908496732,0.5695364238410596,0.8709677419354839,0.821656050955414,0,0.7012987012987013
Leonard Fournette,0.453551912568306,0.7446808510638298,0.9587628865979382,0.9534883720930232,0,0.9862385321100916
Leonard Russell,0.1643835616438356,0.25,0.664179104477612,0.8571428571428571,0,0.8627450980392157
Leonard Weaver,0.1818181818181818,0.1241830065359477,0.5033112582781457,0.5290322580645161,0,0.7643312101910829
Leroy Harris 2,0.3121019108280254,0.5365853658536586,0.7383720930232558,0.7790697674418605,0,0.5180722891566265
Leroy Hoard,0.1184210526315789,0.6986301369863014,0.8455882352941176,0.8805970149253731,0,0.7714285714285715
Leroy Thompson,0.0616438356164383,0.3382352941176471,0.4552238805970149,0.6642857142857143,0,0.5816993464052288
Lesean Mccoy,0.2993630573248407,0.8766233766233766,0.9863945578231292,0.981132075471698,0,0.9940476190476192
Leshon Johnson,0.2571428571428571,0.2418300653594771,0.6126760563380281,0.44,0,0.4671052631578947
Lewis Tillman,0.0909090909090909,0.1842105263157894,0.3835616438356164,0.3308823529411764,0,0.6044776119402985
Lex Hilliard,0.2292993630573248,0.2337662337662337,0.4489795918367347,0.5031446540880503,1,
Lionel James,0.2592592592592592,0.7161290322580646,0.8421052631578947,0.9309090909090908,0,0.6168831168831169
Logan Thomas,0.4,0.4036697247706422,0.3578431372549019,0.4124293785310734,1,
Lonnie Perrin,0.1176470588235294,0.5159235668789809,0.6890243902439024,0.6744186046511628,1,
Lorenzo Booker,0.1986754966887417,0.3290322580645161,0.3312101910828025,0.0519480519480519,0,0.1156462585034013
Lorenzo Hampton,0.1677419354838709,0.7426900584795322,0.901818181818182,0.8961038961038961,0,0.6038961038961039
Lorenzo Neal,0.2462686567164179,0.3785714285714285,0.5228758169934641,0.4436619718309859,0,0.46
Lorenzo White,0.0454545454545454,0.2922077922077922,0.6118421052631579,0.7602739726027398,0,0.9558823529411764
Louie Giammona,0.196078431372549,0.2484076433121019,0.2256097560975609,0.0581395348837209,0,0.3313953488372093
Louis Carter,0.1071428571428571,0.4052287581699346,0.5477707006369427,0.5670731707317073,1,
Lousaka Polite,0.2792207792207792,0.3529411764705882,0.3576158940397351,0.2774193548387096,0,0.375796178343949
Lydell Mitchell,0.3333333333333333,0.628099173553719,0.920863309352518,0.9857142857142858,0,0.9869281045751634
Lynn Bowden,0.1906976744186046,0.2110091743119266,0.1862745098039215,0.2429378531073446,1,
Lynn Cain,0.3430232558139535,0.6918604651162791,0.9156626506024096,0.8666666666666667,0,0.6835443037974683
Macarthur Lane,0.9878048780487804,0.9887640449438202,0.9722222222222222,0.8512396694214877,0,0.9064748201438848
Mack Strong,0.1285714285714285,0.4379084967320261,0.4647887323943662,0.5666666666666667,0,0.4868421052631579
Madison Hedgecock,0.0324675324675324,0.2418300653594771,0.2450331125827814,0.2645161290322581,1,
Major Everett,0.0632911392405063,0.0864197530864197,0.1612903225806451,0.175438596491228,0,0.6036363636363636
Malcolm Brown,0.106145251396648,0.2096774193548387,0.3387978142076502,0.4521276595744681,0,0.5927835051546392
Marc Edwards,0.12,0.4210526315789473,0.6521739130434783,0.7032258064516129,0,0.5821917808219178
Marc Logan,0.5636363636363636,0.3441558441558441,0.538961038961039,0.4276315789473684,0,0.3287671232876712
Marcel Reece,0.2922077922077922,0.6802721088435374,0.8742138364779874,0.9047619047619048,0,0.8070175438596491
Marcel Shipp,0.5099337748344371,0.6835443037974683,0.688622754491018,0.3181818181818182,0,0.2810457516339869
Marcus Allen,0.8484848484848485,0.8860759493670886,1.0,0.9870967741935484,0,0.9941520467836256
Marcus Murphy,0.0279329608938547,0.021505376344086,0.1857923497267759,0.3882978723404255,1,
Mario Bates,0.2857142857142857,0.6797385620915033,0.7605633802816901,0.74,0,0.6710526315789473
Marion Barber,0.1948051948051948,0.6993464052287581,0.9668874172185432,0.967741935483871,0,0.961783439490446
Marion Barber 2,0.0787878787878787,0.3164556962025316,0.5246913580246914,0.4967741935483871,0,0.4619883040935672
Marion Butts,0.3441558441558441,0.8223684210526315,0.9657534246575342,0.9338235294117648,0,0.835820895522388
Mark Green,0.2467532467532467,0.3552631578947368,0.4931506849315068,0.5441176470588235,1,
Mark Higgs,0.0389610389610389,0.2631578947368421,0.6301369863013698,0.7058823529411765,0,0.7910447761194029
Mark Ingram,0.2585034013605442,0.5660377358490566,0.7797619047619048,0.8362573099415205,0,0.9217877094972068
Mark Van Eeghen,0.1654676258992805,0.4928571428571429,0.7189542483660131,0.9171974522292994,0,0.926829268292683
Marlon Mack,0.3169398907103825,0.7180851063829787,0.9072164948453608,0.916279069767442,0,0.8119266055045872
Marquise Goodwin,0.3392857142857143,0.6140350877192983,0.5810055865921788,0.3118279569892473,0,0.5683060109289617
Marshall Faulk,0.5928571428571429,0.915032679738562,0.9788732394366196,0.9466666666666668,0,0.9736842105263158
Marshawn Lynch,0.4701986754966887,0.8129032258064516,0.8980891719745223,0.7337662337662337,0,0.7755102040816326
Martavis Bryant,0.4327485380116959,0.7988826815642458,0.8440860215053764,0.726775956284153,0,0.5478723404255319
Marv Hubbard,0.3292682926829268,0.7078651685393258,0.8240740740740741,0.9008264462809916,0,0.9136690647482014
Marvin Allen 2,0.0909090909090909,0.3246753246753247,0.5197368421052632,0.5205479452054794,1,
Matt Asiata,0.0377358490566037,0.2083333333333333,0.5672514619883041,0.6201117318435754,0,0.7473118279569892
Matt Barkley,0.0119047619047619,0.0116959064327485,0.0111731843575419,0.0053763440860215,0,0.0109289617486338
Matt Breida,0.2677595628415301,0.6914893617021277,0.8350515463917526,0.7906976744186046,0,0.5229357798165137
Matt Forte,0.6258064516129033,0.7770700636942676,0.9935064935064936,0.9591836734693876,0,0.9685534591194968
Matt Suhey,0.0523255813953488,0.3192771084337349,0.703030303030303,0.8037974683544303,0,0.8209876543209876
Matthew Slater,0.0445859872611464,0.0584415584415584,0.0612244897959183,0.0125786163522012,0,0.0238095238095238
Maurice Carthon,0.1483870967741935,0.4327485380116959,0.72,0.5974025974025974,0,0.5714285714285714
Maurice Hicks,0.1437125748502994,0.461038961038961,0.6339869281045751,0.6291390728476821,1,
Maurice Jones Drew,0.6797385620915033,0.9403973509933776,0.9870967741935484,0.9745222929936306,0,0.9675324675324676
Maurice Morris,0.1589403973509933,0.4683544303797468,0.6347305389221557,0.6688311688311688,0,0.6535947712418301
Mel Carver,0.1939393939393939,0.3291139240506329,0.4567901234567901,0.2,0,0.1111111111111111
Mel Gray,0.2573099415204678,0.64,0.3376623376623376,0.4285714285714285,0,0.1973684210526315
Melvin Gordon,0.1452513966480447,0.6505376344086021,0.9453551912568308,1.0,0,0.9484536082474226
Mercury Morris,0.7804878048780488,0.6966292134831461,0.8518518518518519,0.859504132231405,0,0.8992805755395683
Merril Hoge,0.2654545454545454,0.448051948051948,0.7727272727272727,0.9276315789473684,0,0.9452054794520548
Mewelde Moore,0.3473053892215569,0.7012987012987013,0.869281045751634,0.847682119205298,0,0.7870967741935484
Michael Bennett 2,0.2945205479452055,0.7947019867549668,0.8924050632911392,0.844311377245509,0,0.6363636363636364
Michael Bush,0.2129032258064516,0.535031847133758,0.7987012987012987,0.891156462585034,0,0.8867924528301887
Michael Haddix,0.1012658227848101,0.3765432098765432,0.4903225806451612,0.5847953216374269,0,0.6836363636363636
Michael Morton,0.0181818181818181,0.0949367088607595,0.1419753086419753,0.0967741935483871,0,0.0292397660818713
Michael Palardy,0.026595744680851,0.0206185567010309,0.027906976744186,0.018348623853211,1,
Michael Pittman,0.0328947368421052,0.3478260869565217,0.7096774193548387,0.821917808219178,0,0.7814569536423841
Michael Robinson,0.1045751633986928,0.304635761589404,0.432258064516129,0.4267515923566879,0,0.5
Michael Strachan,0.3428571428571428,0.5098039215686274,0.6687898089171974,0.5426829268292683,0,0.5232558139534884
Michael Turner,0.1676646706586826,0.3961038961038961,0.7908496732026143,0.8211920529801324,0,0.9096774193548388
Michael Williams 2,0.1835443037974683,0.345679012345679,0.2774193548387096,0.0935672514619883,0,0.2436363636363636
Mike Adamle,0.1235955056179775,0.4074074074074074,0.5785123966942148,0.5971223021582733,0,0.6214285714285714
Mike Alstott,0.3380281690140845,0.64,0.8355263157894737,0.8198757763975155,0,0.7483870967741936
Mike Anderson,0.5612903225806452,0.7808219178082192,0.8741721854304636,0.7531645569620253,0,0.4790419161676646
Mike Bell 2,0.3594771241830065,0.4370860927152318,0.632258064516129,0.4331210191082802,0,0.4415584415584415
Mike Cloud,0.1677018633540372,0.2774193548387096,0.5205479452054794,0.5165562913907285,0,0.6645569620253164
Mike Collier,0.1785714285714285,0.1699346405228758,0.4140127388535032,0.0914634146341463,0,0.3313953488372093
Mike Davis,0.0949720670391061,0.2150537634408602,0.4371584699453552,0.6170212765957447,0,0.6494845360824743
Mike Garrett 2,0.6219512195121951,0.8314606741573034,0.9074074074074074,0.9173553719008264,1,
Mike Gillislee,0.0892857142857142,0.0643274853801169,0.3854748603351955,0.7311827956989247,0,0.8415300546448088
Mike Goodson,0.0318471337579617,0.2662337662337662,0.2789115646258503,0.6477987421383647,0,0.6785714285714286
Mike Guman,0.1976744186046511,0.5060240963855421,0.8242424242424242,0.7911392405063291,0,0.7098765432098766
Mike Hogan,0.2418300653594771,0.5414012738853503,0.7804878048780488,0.6569767441860465,0,0.5232558139534884
Mike Hull 2,0.2439024390243902,0.3033707865168539,0.2592592592592592,0.0082644628099173,1,
Mike James,0.25,0.3157894736842105,0.3240223463687151,0.2419354838709677,1,
Mike Karney,0.1377245508982036,0.3051948051948052,0.5751633986928104,0.5960264900662252,0,0.6129032258064516
Mike Meade,0.0606060606060606,0.2784810126582278,0.3086419753086419,0.3870967741935484,1,
Mike Pruitt,0.065359477124183,0.3375796178343949,0.5304878048780488,0.872093023255814,0,0.9651162790697676
Mike Rozier,0.1935483870967742,0.5087719298245614,0.850909090909091,0.7857142857142857,0,0.6818181818181818
Mike Thomas,0.6,0.9215686274509804,0.9745222929936306,0.9695121951219512,0,0.9011627906976744
Mike Tolbert,0.1419354838709677,0.5605095541401274,0.6948051948051948,0.8503401360544217,0,0.8553459119496856
Moe Williams,0.0866666666666666,0.0855263157894736,0.3229813664596273,0.3225806451612903,0,0.6095890410958904
Montell Owens,0.4967741935483871,0.5222929936305732,0.525974025974026,0.1836734693877551,0,0.4591194968553459
Moran Norris,0.0179640718562874,0.0064935064935064,0.2352941176470588,0.4437086092715231,0,0.4838709677419355
Mosi Tatupu,0.0182926829268292,0.1104651162790697,0.2151162790697674,0.5783132530120482,0,0.7393939393939394
Musa Smith,0.0443037974683544,0.3053892215568862,0.2922077922077922,0.3398692810457516,0,0.3509933774834437
Najeh Davenport,0.1854304635761589,0.379746835443038,0.6526946107784432,0.564935064935065,0,0.7254901960784313
Napoleon Kaufman,0.2810457516339869,0.676056338028169,0.9666666666666668,0.986842105263158,0,0.9875776397515528
Napoleon Mccallum,0.2105263157894736,0.4509090909090909,0.1363636363636363,0.0064935064935064,0,0.0394736842105263
Nate Sudfeld,0.5519125683060109,0.5691489361702128,0.5979381443298969,0.0744186046511627,0,0.1009174311926605
Nathan Peterman,0.0163934426229508,0.1223404255319148,0.1443298969072164,0.4790697674418605,0,0.3944954128440367
Nathan Poole,0.0,0.0,0.0,0.2181818181818181,0,0.3924050632911392
Natrone Means,0.3880597014925373,0.7928571428571428,0.9215686274509804,0.7676056338028169,0,0.58
Naufahu Tahi,0.0264900662251655,0.0387096774193548,0.2484076433121019,0.3896103896103896,1,
Neal Anderson,0.3099415204678362,0.7963636363636364,0.9545454545454546,1.0,0,0.993421052631579
Nelson Agholor,0.2204301075268817,0.7540983606557377,0.9361702127659576,0.9536082474226804,0,0.7953488372093023
Nick Giaquinto,0.1046511627906976,0.3795180722891566,0.6,0.6962025316455697,1,
Nick Goings,0.0616438356164383,0.2052980132450331,0.5316455696202531,0.7844311377245509,0,0.8246753246753247
Nicolas Luchey,0.1614906832298136,0.4387096774193548,0.3904109589041096,0.5033112582781457,0,0.3544303797468354
Norm Bulaich,0.6707317073170732,0.898876404494382,0.8148148148148148,0.8429752066115702,0,0.7553956834532374
Nuu Faaola,0.0175438596491228,0.5781818181818181,0.6493506493506493,0.7337662337662337,1,
Nyheim Hines,0.2819148936170212,0.5154639175257731,0.827906976744186,0.8669724770642202,0,0.7843137254901961
O J Simpson,0.8170731707317073,0.8764044943820225,0.925925925925926,0.975206611570248,0,0.9928057553956836
Obafemi Ayanbadejo,0.2,0.3972602739726027,0.4304635761589404,0.2278481012658227,0,0.2934131736526946
Odell Beckham,0.6783625730994152,0.9273743016759776,1.0,0.9781420765027322,0,0.9414893617021276
Odell Lawson,0.3048780487804878,0.2247191011235955,0.2037037037037037,0.1074380165289256,1,
Olandis Gary,0.5341614906832298,0.7806451612903226,0.8493150684931506,0.6026490066225165,0,0.5886075949367089
Oliver Ross 2,0.0578512396694214,0.1942446043165467,0.3928571428571428,0.3725490196078431,1,
Orleans Darkwa,0.1286549707602339,0.3351955307262569,0.4731182795698925,0.73224043715847,1,
Otis Armstrong,0.3057851239669421,0.8057553956834532,0.8714285714285714,0.9607843137254902,0,0.8726114649681529
Otis Wonsley,0.0120481927710843,0.2424242424242424,0.310126582278481,0.419753086419753,0,0.3935483870967742
Ottis Anderson,0.5116279069767442,0.9069767441860463,0.963855421686747,0.9575757575757576,0,0.9113924050632912
Ovie Mughelli,0.2222222222222222,0.4039735099337748,0.6451612903225806,0.5414012738853503,0,0.5974025974025974
Owen Schmitt,0.064516129032258,0.0891719745222929,0.0844155844155844,0.0476190476190476,0,0.1949685534591195
Patrick Cobbs,0.0927152317880794,0.5096774193548387,0.6942675159235668,0.6298701298701299,1,
Patrick Dimarco,0.0614525139664804,0.1129032258064516,0.0765027322404371,0.4680851063829787,0,0.5309278350515464
Patrick Pass,0.0709677419354838,0.2397260273972602,0.4834437086092715,0.5379746835443038,0,0.5329341317365269
Paul Hofer,0.1895424836601307,0.4267515923566879,0.6219512195121951,0.8255813953488372,0,0.9302325581395348
Paul Perkins,0.2473118279569892,0.366120218579235,0.3723404255319149,0.3092783505154639,1,
Paul Robinson,0.8780487804878049,0.7303370786516854,0.7685185185185185,0.6611570247933884,1,
Paul Smith 2,0.2258064516129032,0.3219178082191781,0.5827814569536424,0.4240506329113924,0,0.311377245508982
Perry Harrington,0.1220930232558139,0.2771084337349397,0.5636363636363636,0.5759493670886076,0,0.4814814814814814
Perry Williams 3,0.1585365853658536,0.0786516853932584,0.2962962962962963,0.3388429752066115,0,0.539568345323741
Pete Banaszak,0.2073170731707317,0.6292134831460674,0.6759259259259259,0.7107438016528925,0,0.60431654676259
Pete Johnson,0.3694267515923566,0.6341463414634146,0.8837209302325582,0.9244186046511628,0,0.9216867469879518
Peyton Barber,0.2258064516129032,0.3879781420765027,0.6648936170212766,0.6752577319587629,0,0.7069767441860465
Peyton Hillis,0.2903225806451613,0.4713375796178344,0.6623376623376623,0.7006802721088435,0,0.6918238993710691
Phillip Lindsay,0.6382978723404256,0.8814432989690721,0.9627906976744186,0.8899082568807339,0,0.6127450980392157
Phillip Walker,0.013953488372093,0.0045871559633027,0.0441176470588235,0.1412429378531073,1,
Pierre Thomas,0.2649006622516556,0.6903225806451613,0.9171974522292994,0.9155844155844156,0,0.8707482993197279
Po James,0.3796296296296296,0.5454545454545454,0.7266187050359713,0.7428571428571429,1,
Priest Holmes,0.375,0.7763975155279503,0.8838709677419355,0.9657534246575342,0,0.9933774834437086
Rabih Abdullah,0.0807453416149068,0.2903225806451613,0.4657534246575342,0.3443708609271523,0,0.2911392405063291
Randall Morris,0.1049382716049382,0.2064516129032258,0.5497076023391813,0.6872727272727273,0,0.3506493506493506
Randy Baldwin,0.125,0.2611940298507462,0.4071428571428571,0.3137254901960784,1,
Randy Jordan,0.0597014925373134,0.0714285714285714,0.326797385620915,0.1619718309859155,0,0.2133333333333333
Randy Love,0.0290697674418604,0.072289156626506,0.1696969696969697,0.2341772151898734,0,0.3148148148148148
Randy Mcmillan,0.4698795180722891,0.7272727272727273,0.8481012658227848,0.8333333333333334,0,0.9225806451612903
Rashaad Penny,0.3191489361702128,0.6082474226804123,0.6651162790697674,0.8302752293577982,0,0.7745098039215687
Rashaan Salaam,0.1633986928104575,0.3661971830985915,0.4333333333333333,0.3223684210526316,0,0.0993788819875776
Rashad Jennings,0.2038216560509554,0.5714285714285714,0.54421768707483,0.5283018867924528,0,0.5892857142857143
Rashard Mendenhall,0.0516129032258064,0.5031847133757962,0.8181818181818182,0.9251700680272108,0,0.8427672955974843
Ray Rice,0.2516129032258064,0.7961783439490446,0.974025974025974,1.0,0,0.9937106918238994
Ray Strong,0.1158536585365853,0.2616279069767442,0.3488372093023256,0.2108433734939759,0,0.2
Ray Wallace,0.3508771929824561,0.6727272727272727,0.3896103896103896,0.2597402597402597,1,
Ray Zellars,0.1503267973856209,0.4084507042253521,0.52,0.4539473684210526,1,
Raymont Harris,0.2357142857142857,0.2483660130718954,0.5563380281690141,0.76,0,0.7960526315789473
Reggie Bonnafon,0.3350515463917525,0.5023255813953489,0.5688073394495413,0.3431372549019608,1,
Reggie Brooks,0.4253731343283582,0.5428571428571428,0.5490196078431373,0.3028169014084507,1,
Reggie Bush,0.4379084967320261,0.6158940397350994,0.8451612903225807,0.8152866242038217,0,0.8051948051948052
Reggie Cobb,0.1578947368421052,0.6164383561643836,0.8308823529411765,0.753731343283582,0,0.7571428571428571
Reggie Dupard,0.0350877192982456,0.5672727272727273,0.4415584415584415,0.5324675324675324,0,0.4868421052631579
Reggie Harrison,0.0935251798561151,0.2785714285714286,0.477124183006536,0.535031847133758,1,
Reggie Rivers,0.0136986301369863,0.4485294117647059,0.6119402985074627,0.6928571428571428,0,0.4183006535947712
Reuben Droughns,0.0821917808219178,0.3112582781456953,0.5,0.7544910179640718,0,0.8116883116883117
Rex Burkhead,0.1169590643274853,0.1899441340782122,0.4408602150537634,0.5792349726775956,0,0.675531914893617
Richard Huntley,0.0845070422535211,0.08,0.1776315789473684,0.484472049689441,0,0.7161290322580646
Richie Anderson,0.3357142857142857,0.457516339869281,0.704225352112676,0.5066666666666667,0,0.4934210526315789
Richie James,0.134020618556701,0.1255813953488372,0.146788990825688,0.2745098039215686,1,
Rick Berns,0.1162790697674418,0.2034883720930232,0.1746987951807229,0.0666666666666666,0,0.0569620253164556
Rick Fenney,0.5236363636363637,0.5584415584415584,0.8116883116883117,0.756578947368421,0,0.6095890410958904
Rick Kane,0.3566878980891719,0.4756097560975609,0.6686046511627907,0.5348837209302325,0,0.6385542168674698
Rick Moser,0.048780487804878,0.1976744186046511,0.1337209302325581,0.0662650602409638,1,
Rick Parros,0.1686746987951807,0.503030303030303,0.6265822784810127,0.6604938271604939,0,0.5612903225806452
Rickey Young,0.3785714285714285,0.7712418300653595,0.9363057324840764,0.9573170731707316,0,0.9825581395348836
Ricky Bell 3,0.267515923566879,0.5182926829268293,0.877906976744186,0.9186046511627908,0,0.8253012048192772
Ricky Ervins,0.3904109589041096,0.6544117647058824,0.7611940298507462,0.8,0,0.673202614379085
Ricky Patton,0.1524390243902439,0.3604651162790697,0.3023255813953488,0.4156626506024096,1,
Ricky Watters,0.5220588235294118,0.8134328358208955,0.9642857142857144,0.9738562091503268,0,0.971830985915493
Ricky Williams,0.124223602484472,0.4967741935483871,0.7534246575342466,0.9205298013245032,0,0.9367088607594936
Rob Carpenter 2,0.4203821656050955,0.5548780487804879,0.7441860465116279,0.7325581395348837,0,0.8012048192771084
Rob Konrad,0.2795031055900621,0.4193548387096774,0.6438356164383562,0.4768211920529801,0,0.5506329113924051
Rob Lytle,0.3885350318471338,0.4878048780487805,0.627906976744186,0.5755813953488372,0,0.6325301204819277
Rob Scribner,0.2314049586776859,0.39568345323741,0.6142857142857143,0.4967320261437908,1,
Robb Riddick,0.253012048192771,0.296969696969697,0.4873417721518987,0.3395061728395062,0,0.2709677419354839
Robert Delpino,0.2077922077922078,0.5194805194805194,0.7368421052631579,0.8904109589041096,0,0.7352941176470589
Robert Edwards,0.3947368421052631,0.4285714285714285,0.4838709677419355,0.0068493150684931,0,0.2516556291390728
Robert Green,0.1985294117647058,0.3432835820895522,0.5642857142857143,0.6470588235294118,0,0.6056338028169014
Robert Holcombe,0.1184210526315789,0.422360248447205,0.6774193548387096,0.6917808219178082,0,0.6423841059602649
Robert Holmes,0.6585365853658537,0.6741573033707865,0.7037037037037037,0.7024793388429752,0,0.5251798561151079
Robert Miller,0.1,0.4379084967320261,0.6305732484076433,0.6707317073170732,0,0.5290697674418605
Robert Newhouse,0.1666666666666666,0.5041322314049587,0.6906474820143885,0.8142857142857143,0,0.8169934640522876
Robert Smith 3,0.2686567164179104,0.4642857142857143,0.7973856209150327,0.7746478873239436,0,0.9533333333333334
Robert Thomas 3,0.217391304347826,0.4645161290322581,0.6643835616438356,0.5761589403973509,1,
Robert Turbin,0.2641509433962264,0.4583333333333333,0.6666666666666666,0.5754189944134078,0,0.7419354838709677
Robert Weathers,0.1575757575757575,0.4367088607594936,0.4444444444444444,0.5419354838709678,0,0.47953216374269
Robert Wilson 2,0.1780821917808219,0.1764705882352941,0.1940298507462686,0.0,0,0.0522875816993464
Robert Woods,0.494047619047619,0.47953216374269,0.6089385474860335,0.6129032258064516,0,0.8579234972677595
Rock Cartwright,0.4172185430463576,0.6582278481012658,0.6467065868263473,0.5454545454545454,0,0.2549019607843137
Rod Bernstine,0.6290909090909091,0.6038961038961039,0.8571428571428571,0.8486842105263158,0,0.9383561643835616
Rod Phillips,0.0571428571428571,0.3137254901960784,0.5031847133757962,0.4573170731707317,0,0.563953488372093
Rod Smart,0.0342465753424657,0.3178807947019867,0.4113924050632911,0.4191616766467065,0,0.2467532467532467
Rod Smith,0.1787709497206704,0.2043010752688172,0.5355191256830601,0.5531914893617021,1,
Rodney Culver,0.2352941176470588,0.417910447761194,0.6428571428571429,0.5947712418300654,1,
Rodney Hampton,0.2763157894736842,0.7397260273972602,0.9779411764705882,0.9701492537313432,0,0.9714285714285714
Rodney Thomas,0.3660130718954248,0.5774647887323944,0.8,0.6842105263157895,0,0.6583850931677019
Roger Craig,0.3987341772151899,0.7901234567901234,0.9806451612903224,0.9883040935672516,0,0.9927272727272728
Roger Vick,0.2472727272727272,0.2402597402597402,0.5584415584415584,0.5460526315789473,1,
Roland Harper,0.2857142857142857,0.6274509803921569,0.8280254777070064,0.8963414634146342,0,0.6337209302325582
Roland Hooks,0.1764705882352941,0.5095541401273885,0.7012195121951219,0.7616279069767442,0,0.7093023255813954
Ron Davenport,0.3290322580645161,0.6081871345029239,0.8727272727272727,0.7727272727272727,0,0.7142857142857143
Ron Dayne,0.2709677419354839,0.684931506849315,0.7549668874172185,0.5443037974683544,0,0.3952095808383233
Ron Johnson 5,1.0,0.9550561797752808,0.9907407407407408,0.9669421487603306,0,0.9856115107913668
Ron Rivers,0.0980392156862745,0.3309859154929577,0.48,0.6907894736842105,0,0.7080745341614907
Ron Springs,0.2965116279069767,0.5174418604651163,0.8072289156626506,0.8787878787878788,0,0.8670886075949367
Ron Wolfley,0.032258064516129,0.2748538011695906,0.6254545454545455,0.5064935064935064,0,0.577922077922078
Ronald Jones,0.0744680851063829,0.4536082474226804,0.8418604651162791,0.8944954128440367,0,0.7990196078431373
Ronald Moore,0.291044776119403,0.5571428571428572,0.6143790849673203,0.3450704225352112,0,0.24
Ronnie Brown,0.3766233766233766,0.6862745098039216,0.933774834437086,0.935483870967742,0,0.9235668789808916
Ronnie Coleman,0.1366906474820144,0.55,0.869281045751634,0.929936305732484,0,0.8719512195121951
Ronnie Harmon,0.2865497076023391,0.7672727272727272,0.8311688311688312,0.9090909090909092,0,0.9078947368421052
Ronnie Hillman,0.1823899371069182,0.2916666666666667,0.5730994152046783,0.7374301675977654,0,0.7956989247311828
Roosevelt Leaks,0.0857142857142857,0.4183006535947712,0.6624203821656051,0.7073170731707317,0,0.5872093023255814
Roosevelt Potts,0.0671641791044776,0.3857142857142857,0.7189542483660131,0.5633802816901409,0,0.36
Roy Helu,0.3605442176870748,0.490566037735849,0.7142857142857143,0.672514619883041,0,0.7597765363128491
Royce Freeman,0.2712765957446808,0.5515463917525774,0.7255813953488373,0.6559633027522935,0,0.4509803921568627
Rudi Johnson,0.1655629139072847,0.7151898734177216,0.8862275449101796,0.9545454545454546,0,0.8758169934640523
Rueben Mayes,0.5614035087719298,0.84,0.8766233766233766,0.474025974025974,0,0.506578947368421
Ryan Grant 2,0.5099337748344371,0.7677419354838709,0.9490445859872612,0.8116883116883117,0,0.8571428571428571
Ryan Mathews,0.1688311688311688,0.4965986394557823,0.7547169811320755,0.8630952380952381,0,0.8304093567251462
Ryan Moats,0.1233766233766233,0.1764705882352941,0.1854304635761589,0.1741935483870967,0,0.3121019108280254
Ryan Tannehill,0.0440251572327044,0.1428571428571428,0.2222222222222222,0.2793296089385474,0,0.1344086021505376
Ryan Torain,0.0709677419354838,0.0955414012738853,0.461038961038961,0.4353741496598639,1,
Salvon Ahmed,0.2465116279069767,0.4357798165137614,0.5784313725490197,0.4745762711864407,1,
Sam Cunningham,0.396694214876033,0.7769784172661871,0.9357142857142856,0.954248366013072,0,0.9426751592356688
Sam Gash,0.0514705882352941,0.2388059701492537,0.3714285714285714,0.5424836601307189,0,0.5492957746478874
Sam Harrell,0.0602409638554216,0.1454545454545454,0.120253164556962,0.0061728395061728,0,0.0064516129032258
Samkon Gado,0.2857142857142857,0.4313725490196078,0.609271523178808,0.3806451612903225,0,0.3694267515923566
Sammie Smith,0.1233766233766233,0.2960526315789473,0.4589041095890411,0.4411764705882353,1,
Sammy Johnson,0.3237410071942446,0.5357142857142857,0.6078431372549019,0.5859872611464968,0,0.4085365853658536
Sammy Morris,0.3096774193548387,0.4041095890410959,0.5231788079470199,0.4050632911392405,0,0.5868263473053892
Sammy Winder,0.2363636363636363,0.4620253164556962,0.7654320987654321,0.8451612903225807,0,0.9181286549707602
Scott Dierking,0.2356687898089172,0.4817073170731707,0.7209302325581395,0.813953488372093,0,0.7771084337349398
Scott Laidlaw,0.0928571428571428,0.5228758169934641,0.6496815286624203,0.7439024390243902,0,0.5465116279069767
Scottie Graham,0.0073529411764705,0.3582089552238806,0.4928571428571429,0.7124183006535948,0,0.5
Senorise Perry,0.1256830601092896,0.1063829787234042,0.1597938144329896,0.1488372093023255,1,
Shane Vereen,0.0884353741496598,0.4779874213836478,0.7619047619047619,0.8713450292397661,0,0.8715083798882681
Shaun Alexander,0.2387096774193548,0.8013698630136986,0.9801324503311258,0.981012658227848,0,0.994011976047904
Shaun Draughn,0.2264150943396226,0.2976190476190476,0.327485380116959,0.2960893854748603,0,0.510752688172043
Shawn Bryson,0.3612903225806451,0.6232876712328768,0.6490066225165563,0.6265822784810127,0,0.6946107784431138
Sherman Smith 2,0.4509803921568627,0.8152866242038217,0.951219512195122,0.9883720930232558,0,0.936046511627907
Sherman Williams,0.2026143790849673,0.3098591549295774,0.4933333333333333,0.5328947368421053,1,
Shonn Greene,0.10828025477707,0.3506493506493506,0.6938775510204082,0.8176100628930818,0,0.8154761904761905
Sidney Thornton,0.1210191082802547,0.3536585365853658,0.7267441860465116,0.8430232558139535,0,0.7048192771084337
Skip Hicks,0.2960526315789473,0.4968944099378882,0.6516129032258065,0.6712328767123288,1,
Sony Michel,0.3670212765957447,0.634020618556701,0.8604651162790697,0.8623853211009175,0,0.7794117647058824
Spencer Tillman,0.1854545454545454,0.0519480519480519,0.0519480519480519,0.006578947368421,0,0.0342465753424657
Spencer Ware,0.1071428571428571,0.0994152046783625,0.4748603351955307,0.6935483870967742,0,0.6939890710382514
Stacey Mack,0.1055900621118012,0.1677419354838709,0.6301369863013698,0.7483443708609272,0,0.8291139240506329
Stan Edwards,0.1212121212121212,0.2468354430379747,0.5185185185185185,0.5806451612903226,0,0.5263157894736842
Stanford Jennings,0.382716049382716,0.5870967741935483,0.7894736842105263,0.8545454545454545,0,0.7077922077922078
Stanley Pritchett,0.2394366197183098,0.3333333333333333,0.5657894736842105,0.6459627329192547,0,0.7935483870967742
Stanley Wilson 2,0.1645569620253164,0.3703703703703703,0.3548387096774194,0.6023391812865497,0,0.6472727272727272
Stepfan Taylor,0.1607142857142857,0.4502923976608187,0.5586592178770949,0.521505376344086,1,
Stephen Davis,0.1901408450704225,0.4533333333333333,0.7368421052631579,0.9254658385093169,0,0.9419354838709676
Stevan Ridley,0.238095238095238,0.6415094339622641,0.7738095238095238,0.7719298245614035,0,0.5307262569832403
Steve Broussard,0.2105263157894736,0.5821917808219178,0.7279411764705882,0.6940298507462687,0,0.5857142857142857
Steve Davis,0.1296296296296296,0.4214876033057851,0.6258992805755396,0.6642857142857143,0,0.673202614379085
Steve Jones,0.0165289256198347,0.014388489208633,0.3714285714285714,0.5816993464052288,0,0.7197452229299363
Steve Owens,0.3170731707317073,0.8651685393258427,0.8425925925925926,0.8677685950413223,0,0.7697841726618705
Steve Sewell,0.2193548387096774,0.5730994152046783,0.8581818181818182,0.8506493506493507,0,0.8896103896103896
Steve Slaton,0.6709677419354839,0.7834394904458599,0.8961038961038961,0.4761904761904761,1,
Steve Smith 3,0.3781818181818182,0.525974025974026,0.7272727272727273,0.7697368421052632,0,0.6027397260273972
Steve Strachan,0.0129032258064516,0.1052631578947368,0.56,0.3051948051948052,1,
Steven Jackson,0.4251497005988024,0.8181818181818182,0.9738562091503268,0.9801324503311258,0,0.9806451612903224
Stump Mitchell,0.2349397590361445,0.6666666666666666,0.7974683544303798,0.925925925925926,0,0.967741935483871
Sylvester Stamps,0.0987654320987654,0.0838709677419354,0.52046783625731,0.6909090909090909,0,0.4805194805194805
T J Duckett,0.2582781456953642,0.6075949367088608,0.7904191616766467,0.7532467532467533,0,0.5490196078431373
T J Yeldon,0.4581005586592179,0.5967741935483871,0.7595628415300546,0.6436170212765957,0,0.6237113402061856
Taiwan Jones,0.2176870748299319,0.3018867924528302,0.5714285714285714,0.3625730994152046,0,0.4636871508379888
Tarik Cohen,0.3060109289617486,0.6223404255319149,0.8195876288659794,0.8046511627906977,1,
Tashard Choice,0.3096774193548387,0.6178343949044586,0.7467532467532467,0.5850340136054422,0,0.4968553459119497
Tatum Bell,0.3532934131736527,0.6818181818181818,0.8496732026143791,0.7549668874172185,0,0.6580645161290323
Ted Brown,0.313953488372093,0.7732558139534884,0.9518072289156626,0.993939393939394,0,0.9936708860759492
Ted Mcknight,0.2101910828025477,0.5121951219512195,0.7848837209302325,0.8895348837209303,0,0.8313253012048193
Terdell Middleton,0.2165605095541401,0.6524390243902439,0.8546511627906976,0.8197674418604651,0,0.5843373493975904
Terrance West,0.3099415204678362,0.3798882681564245,0.6881720430107527,0.5409836065573771,1,
Terrell Davis,0.4640522875816993,0.9014084507042254,0.9866666666666668,0.993421052631579,0,0.9813664596273292
Terrell Fletcher,0.261437908496732,0.5704225352112676,0.6733333333333333,0.75,0,0.6211180124223602
Terrelle Smith,0.0838709677419354,0.1986301369863013,0.3311258278145695,0.189873417721519,0,0.2994011976047904
Terrence Flagler,0.0945454545454545,0.1168831168831168,0.3311688311688311,0.6513157894736842,0,0.6917808219178082
Terry Allen,0.2602739726027397,0.5882352941176471,0.6194029850746269,0.8357142857142857,0,0.7777777777777778
Terry Jackson,0.0745341614906832,0.2838709677419355,0.5753424657534246,0.4701986754966887,0,0.2658227848101265
Terry Kirby,0.4104477611940298,0.6142857142857143,0.9084967320261438,0.8802816901408451,0,0.9066666666666666
Terry Miller,0.3902439024390244,0.6104651162790697,0.7441860465116279,0.3072289156626506,1,
Terry Robiskie,0.0828025477707006,0.2926829268292683,0.377906976744186,0.3895348837209302,1,
Tevin Coleman,0.1508379888268156,0.5913978494623656,0.8797814207650273,0.973404255319149,0,0.9278350515463918
Theo Riddick,0.119047619047619,0.4152046783625731,0.659217877094972,0.8655913978494624,0,0.8469945355191257
Theotis Brown,0.3023255813953488,0.5,0.7710843373493976,0.7151515151515152,0,0.7784810126582279
Thomas Jones,0.1419354838709677,0.3150684931506849,0.5496688741721855,0.6455696202531646,0,0.8143712574850299
Thomas Sanders,0.1225806451612903,0.5555555555555556,0.8290909090909091,0.6948051948051948,0,0.5454545454545454
Thomas Tapeh,0.1317365269461078,0.0909090909090909,0.2941176470588235,0.390728476821192,1,
Thurman Thomas,0.1688311688311688,0.6493506493506493,0.9802631578947368,1.0,0,1.0
Tiki Barber,0.3,0.618421052631579,0.8695652173913043,0.9032258064516128,0,0.9383561643835616
Tim Biakabutuka,0.0915492957746478,0.26,0.5394736842105263,0.8571428571428571,0,0.9225806451612903
Tim Hightower,0.2193548387096774,0.4968152866242038,0.6688311688311688,0.7210884353741497,0,0.5849056603773585
Tim Lester,0.3656716417910448,0.4571428571428571,0.5751633986928104,0.3169014084507042,0,0.3133333333333333
Tim Manoa,0.4327272727272727,0.2597402597402597,0.564935064935065,0.375,0,0.4315068493150685
Tim Spencer,0.3032258064516129,0.5789473684210527,0.8072727272727273,0.577922077922078,0,0.5844155844155844
Tim Wilson 2,0.286624203821656,0.4329268292682927,0.6395348837209303,0.6744186046511628,0,0.5240963855421686
Tim Worley,0.0324675324675324,0.2434210526315789,0.3972602739726027,0.2941176470588235,0,0.3059701492537313
Timmy Newsome,0.0872093023255814,0.144578313253012,0.5757575757575758,0.740506329113924,0,0.7962962962962963
Timmy Smith,0.2254545454545454,0.2207792207792207,0.2727272727272727,0.125,1,
Toby Gerhart,0.1883116883116883,0.5782312925170068,0.7232704402515723,0.8035714285714286,0,0.6608187134502924
Todd Fowler,0.1096774193548387,0.3157894736842105,0.5490909090909091,0.1103896103896103,1,
Todd Gurley,0.5865921787709497,0.8333333333333334,0.9836065573770492,0.9946808510638298,0,0.9742268041237112
Todd Mcnair,0.2662337662337662,0.5657894736842105,0.773972602739726,0.8014705882352942,0,0.746268656716418
Todd Spencer,0.0123456790123456,0.0903225806451612,0.1286549707602339,0.4836363636363636,1,
Tom Bailey,0.1011235955056179,0.2777777777777778,0.4545454545454545,0.5035971223021583,1,
Tom Newton,0.1273885350318471,0.2804878048780488,0.4709302325581395,0.5058139534883721,0,0.536144578313253
Tom Rathman,0.2280701754385964,0.7163636363636363,0.7922077922077922,0.8701298701298701,0,0.8552631578947368
Tom Sullivan,0.0185185185185185,0.5702479338842975,0.8345323741007195,0.9642857142857144,0,0.915032679738562
Tommie Agee,0.0194805194805194,0.3051948051948052,0.5131578947368421,0.5068493150684932,0,0.4852941176470588
Tommy Bohanon,0.1488095238095238,0.5497076023391813,0.553072625698324,0.4354838709677419,0,0.2513661202185792
Tommy Vardell,0.213235294117647,0.5447761194029851,0.7142857142857143,0.6078431372549019,0,0.4788732394366197
Tony Baker 2,0.573170731707317,0.5842696629213483,0.6481481481481481,0.6363636363636364,0,0.6187050359712231
Tony Carter 2,0.196078431372549,0.4577464788732394,0.6866666666666666,0.6447368421052632,0,0.5962732919254659
Tony Collins,0.1927710843373494,0.7090909090909091,0.8227848101265823,0.8641975308641975,0,0.7677419354838709
Tony Davis,0.1503267973856209,0.4331210191082802,0.4451219512195122,0.3488372093023256,0,0.2558139534883721
Tony Dorsett,0.554140127388535,0.9085365853658536,0.994186046511628,0.9825581395348836,0,0.9879518072289156
Tony Fisher,0.1390728476821192,0.4936708860759494,0.7485029940119761,0.7922077922077922,0,0.738562091503268
Tony Galbreath,0.4836601307189542,0.732484076433121,0.9390243902439024,0.9534883720930232,0,0.9534883720930232
Tony Nathan,0.2790697674418604,0.6802325581395349,0.933734939759036,0.9030303030303032,0,0.9050632911392406
Tony Paige,0.3271604938271605,0.6258064516129033,0.7192982456140351,0.7054545454545454,0,0.3116883116883117
Tony Reed,0.3503184713375796,0.7195121951219512,0.9069767441860463,0.8953488372093024,0,0.6506024096385542
Tony Richardson,0.1176470588235294,0.323943661971831,0.56,0.7039473684210527,0,0.7391304347826086
Trace Mcsorley,0.2422680412371134,0.3255813953488372,0.3440366972477064,0.1519607843137254,1,
Tracy Johnson,0.0779220779220779,0.3421052631578947,0.5136986301369864,0.5735294117647058,0,0.4850746268656716
Travaris Cadet,0.0817610062893081,0.1130952380952381,0.2865497076023391,0.2737430167597765,0,0.553763440860215
Travis Henry,0.0890410958904109,0.2980132450331126,0.5632911392405063,0.6047904191616766,0,0.5909090909090909
Travis Jervey,0.0,0.0,0.1644736842105263,0.4596273291925465,0,0.5096774193548387
Travis Minor,0.2876712328767123,0.5364238410596026,0.7088607594936709,0.5988023952095808,0,0.5
Trayveon Williams,0.1860465116279069,0.3165137614678899,0.4754901960784313,0.3898305084745763,1,
Trenton Cannon,0.2340425531914893,0.2525773195876288,0.3348837209302325,0.128440366972477,1,
Troy Hambrick,0.1161290322580645,0.547945205479452,0.6754966887417219,0.7658227848101266,0,0.6766467065868264
Troy Stradford,0.6545454545454545,0.6753246753246753,0.8181818181818182,0.6776315789473685,0,0.4794520547945205
Troymaine Pope,0.1774193548387097,0.1366120218579235,0.1170212765957446,0.0670103092783505,0,0.2604651162790697
Trung Canidate,0.0258064516129032,0.4452054794520548,0.543046357615894,0.7278481012658228,1,
Tyler Ervin,0.086021505376344,0.2131147540983606,0.2553191489361702,0.4896907216494845,0,0.5581395348837209
Tyrone Wheatley,0.1045751633986928,0.1830985915492957,0.4,0.4276315789473684,0,0.6770186335403726
Vai Sikahema,0.1929824561403508,0.4254545454545455,0.1038961038961039,0.2207792207792207,0,0.25
Van Williams,0.0189873417721519,0.2407407407407407,0.1870967741935484,0.2046783625730994,0,0.2036363636363636
Vance Mueller,0.0584795321637426,0.5418181818181819,0.3181818181818182,0.5064935064935064,0,0.4605263157894737
Vaughn Dunbar,0.1029411764705882,0.0970149253731343,0.3428571428571428,0.392156862745098,1,
Vaughn Hebron,0.1194029850746268,0.4142857142857143,0.3986928104575163,0.4718309859154929,0,0.4733333333333333
Verron Haynes,0.1059602649006622,0.2784810126582278,0.5508982035928144,0.538961038961039,0,0.5816993464052288
Vic Washington,0.651685393258427,0.7962962962962963,0.9338842975206612,0.8129496402877698,0,0.6857142857142857
Vince Workman,0.2402597402597402,0.4473684210526316,0.8287671232876712,0.7941176470588235,0,0.917910447761194
Vonta Leach,0.1920529801324503,0.4645161290322581,0.4840764331210191,0.2272727272727272,0,0.3129251700680272
Walter Abercrombie,0.2909090909090909,0.6645569620253164,0.845679012345679,0.864516129032258,0,0.8888888888888888
Walter Payton,0.4428571428571428,0.8300653594771242,0.9808917197452228,1.0,0,1.0
Warren Mcvea,0.4756097560975609,0.4831460674157303,0.4537037037037037,0.2644628099173554,1,
Warren Williams,0.1948051948051948,0.3766233766233766,0.7763157894736842,0.7671232876712328,0,0.7132352941176471
Warrick Dunn,0.5533333333333333,0.881578947368421,0.9627329192546584,0.9483870967741936,0,0.9315068493150684
Wayne Gallman,0.087431693989071,0.3085106382978723,0.4432989690721649,0.6744186046511628,0,0.6651376146788991
Wayne Morris,0.261437908496732,0.6751592356687898,0.8597560975609756,0.8895348837209303,0,0.8313953488372093
Wayne Wilson,0.0813953488372093,0.2848837209302325,0.6144578313253012,0.8606060606060606,0,0.8291139240506329
Wendell Hayes,0.7682926829268293,0.7752808988764045,0.8703703703703703,0.8181818181818182,0,0.7482014388489209
Wendell Smallwood,0.1881720430107527,0.3989071038251366,0.601063829787234,0.6391752577319587,0,0.4418604651162791
Wendell Tyler,0.2420382165605095,0.3170731707317073,0.7325581395348837,0.7151162790697675,0,0.9096385542168676
Wilbert Montgomery,0.1719745222929936,0.6036585365853658,0.9593023255813954,0.994186046511628,0,1.0
Wilbur Jackson,0.4892086330935252,0.6285714285714286,0.8888888888888888,0.89171974522293,0,0.7560975609756098
Will Johnson,0.1572327044025157,0.1726190476190476,0.2280701754385964,0.1731843575418994,1,
Willard Harrell,0.3357142857142857,0.6405228758169934,0.7770700636942676,0.6463414634146342,0,0.4767441860465116
William Andrews,0.4186046511627907,0.8488372093023255,0.9759036144578314,0.987878787878788,0,1.0
William Floyd,0.3,0.5686274509803921,0.7323943661971831,0.68,0,0.6513157894736842
William Green 2,0.271523178807947,0.3354430379746835,0.5389221556886228,0.4285714285714285,1,
William Henderson,0.1372549019607843,0.380281690140845,0.6533333333333333,0.7894736842105263,0,0.8136645962732919
Willie Belton,0.247191011235955,0.287037037037037,0.3140495867768595,0.1223021582733813,1,
Willie Mcclendon,0.1337209302325581,0.3081395348837209,0.3614457831325301,0.3575757575757576,1,
Willie Parker,0.2574850299401197,0.6558441558441559,0.9477124183006536,0.9536423841059604,0,0.9032258064516128
Willie Rodgers,0.2129629629629629,0.2479338842975206,0.5539568345323741,0.4214285714285714,1,
Willis Mcgahee,0.4311377245508982,0.7792207792207793,0.9019607843137256,0.8940397350993378,0,0.832258064516129
Winslow Oliver,0.1408450704225352,0.1933333333333333,0.2171052631578947,0.1490683229813664,1,
Woody Bennett,0.0523255813953488,0.2209302325581395,0.3554216867469879,0.3212121212121212,0,0.3417721518987341
Zach Line,0.2625698324022346,0.3709677419354839,0.6065573770491803,0.6063829787234043,0,0.6958762886597938
Zach Pascal,0.202127659574468,0.6030927835051546,0.5953488372093023,0.7018348623853211,0,0.4166666666666667
Zach Zenner,0.0893854748603352,0.3548387096774194,0.4207650273224044,0.5638297872340425,0,0.3969072164948453
Zachary Dixon,0.0290697674418604,0.0930232558139534,0.4216867469879518,0.6242424242424243,0,0.5822784810126582
Zack Crockett,0.0588235294117647,0.2323943661971831,0.4133333333333333,0.3815789473684211,0,0.4658385093167702
