PLAYER NAME,YEAR,EXTRA POINT RATIO,FIELD GOALS MADE,POINTS,FIELD GOAL RATIO,0-19,20-29,30-39,40-49,50-59,60,Long,Field Goals Blocked,HOWGOOD RAW SCORE,PERCENTILE
Aaron Elling,2003,4.0,0.8181818181818182,1.0,2.88,1.0,1.0,0.75,1.1428571428571428,1.0,0.0,3.0,-0.5,16.09103896103896,0.4761904761904761
Aaron Elling,2004,4.0,0.0454545454545454,0.05,2.0,1.0,1.0,0.0,1.0,1.0,0.0,1.2941176470588234,-0.5,10.889572192513366,0.0714285714285714
Aaron Elling,2005,0.0,0.0,0.0,0.0,1.0,1.0,0.0,0.0,0.0,0.0,0.0,-0.0,2.0,0.1111111111111111
Aaron Pettrey,2010,4.0,0.0833333333333333,0.1037735849056603,2.0,1.0,0.5,0.5,0.0,0.0,0.0,1.5849056603773586,-0.5,9.272012578616351,0.0909090909090909
Ace Parker,1940,3.456,0.0,1.0,0.0,0.0,0.0,0.0,0.0,0.0,0.0,0.0,0.0,4.4559999999999995,0.5609756097560976
Adam Vinatieri,1996,3.716,1.125,1.1111111111111112,3.084,1.0,0.9,1.0,1.1428571428571428,1.5,0.0,3.0,-0.0,17.578968253968256,0.6363636363636364
Adam Vinatieri,1997,4.0,1.0416666666666667,1.074766355140187,3.448,1.0,1.0,0.7777777777777778,1.5,3.0,0.0,3.0,-0.0,19.842210799584635,0.9714285714285714
Adam Vinatieri,1998,4.0,1.4090909090909092,1.2626262626262623,3.18,1.0,1.0,0.6428571428571429,1.5,3.0,0.0,3.1730769230769234,-0.0,20.16765123765124,0.972972972972973
Adam Vinatieri,1999,3.868,1.0833333333333333,1.009433962264151,3.152,1.0,1.0,0.7142857142857143,1.1111111111111112,1.5,0.0,3.0,-1.5,15.938164120994308,0.4615384615384615
Adam Vinatieri,2000,4.0,1.125,1.0095238095238095,3.272,1.0,0.8461538461538461,0.8888888888888888,1.75,0.0,0.0,3.1176470588235303,-0.5,16.509213603390076,0.5238095238095238
Adam Vinatieri,2001,3.904,1.0434782608695652,1.118811881188119,3.2,1.0,1.0,0.875,1.1666666666666667,2.0,0.0,3.1764705882352944,-0.0,18.48442739695965,0.8780487804878049
Adam Vinatieri,2002,4.0,1.173913043478261,1.135922330097087,3.6,1.0,1.0,1.0,1.6,2.0,0.0,3.3529411764705883,-0.5,19.362776550045936,0.9777777777777776
Adam Vinatieri,2003,3.896,1.1363636363636365,1.0980392156862746,2.94,1.0,0.9411764705882352,0.5,1.25,0.0,0.0,2.8235294117647056,-0.5,15.085108734402851,0.3333333333333333
Adam Vinatieri,2004,4.0,1.4090909090909092,1.41,3.756,1.0,1.0,1.0,1.8333333333333333,0.0,0.0,2.8235294117647056,-0.0,18.23195365418895,0.6904761904761905
Adam Vinatieri,2005,3.904,0.8333333333333334,0.9433962264150944,3.2,1.0,1.0,0.9,1.3333333333333333,0.0,0.0,2.826923076923077,-0.5,15.44098597000484,0.3777777777777777
Adam Vinatieri,2006,4.0,1.0416666666666667,1.0560747663551402,3.572,1.0,1.0,0.9230769230769232,1.8,1.7999999999999998,0.0,2.7692307692307696,-1.5,17.4620491253295,0.6052631578947368
Adam Vinatieri,2007,3.844,0.9583333333333334,1.0442477876106195,3.172,1.0,0.9333333333333332,0.8,0.0,0.0,0.0,2.25,-0.5,13.501914454277289,0.175
Adam Vinatieri,2008,4.0,0.7407407407407407,0.865546218487395,3.2,1.0,1.0,0.8461538461538461,1.1428571428571428,3.0,0.0,2.943396226415094,-0.0,18.738694174654217,0.8048780487804879
Adam Vinatieri,2009,3.776,0.2916666666666667,0.38,3.112,1.0,1.0,0.5,2.0,0.0,0.0,2.7692307692307696,-0.0,14.828897435897437,0.2790697674418604
Adam Vinatieri,2010,4.0,1.0833333333333333,1.2169811320754718,3.716,1.0,1.0,0.9,1.8,1.0,0.0,2.716981132075472,-0.5,17.93329559748428,0.6363636363636364
Adam Vinatieri,2011,4.0,0.92,0.788135593220339,3.408,1.0,1.0,0.8571428571428571,1.6,2.0,0.0,3.0,-0.5,18.0732784503632,0.6052631578947368
Adam Vinatieri,2012,4.0,1.0,1.0,3.152,1.0,1.0,0.5714285714285714,1.8,2.25,0.0,3.0,-0.0,18.773428571428575,0.6666666666666666
Adam Vinatieri,2013,4.0,1.3461538461538465,1.1779661016949152,3.5,1.0,1.0,0.9090909090909092,1.7647058823529411,3.0,0.0,2.8888888888888884,-0.5,20.0868056281815,0.8
Adam Vinatieri,2014,4.0,1.1538461538461535,1.206896551724138,3.872,1.0,1.0,1.0,1.75,1.5,0.0,3.0,-1.0,18.482742705570292,0.6666666666666666
Adam Vinatieri,2015,3.656,1.0,0.9907407407407408,3.704,1.0,0.875,1.0,2.0,2.4000000000000004,0.0,3.055555555555556,-0.0,19.6812962962963,0.8717948717948718
Adam Vinatieri,2016,4.0,1.0,1.0416666666666667,3.484,1.0,1.0,1.0,1.6666666666666667,1.7999999999999998,0.0,3.0,-0.0,18.99233333333333,0.8055555555555556
Adam Vinatieri,2017,3.668,1.1153846153846154,1.0,3.412,1.0,1.0,0.7,1.7142857142857142,2.4000000000000004,2.0,3.0,-0.0,21.009670329670328,0.9318181818181818
Adam Vinatieri,2018,3.744,1.0,1.018018018018018,3.408,1.0,1.0,0.8571428571428571,1.6666666666666667,2.25,0.0,3.0,-0.0,18.94382754182754,0.7142857142857143
Adam Vinatieri,2019,3.144,0.7391304347826086,0.6952380952380952,2.72,1.0,0.8571428571428571,1.0,0.857142857142857,1.2000000000000002,0.0,3.055555555555556,-1.0,14.268209799861976,0.1428571428571428
Al Del Greco,1984,4.0,0.45,0.61,3.0,1.0,1.0,0.75,1.6,0.0,0.0,2.5961538461538463,-0.0,15.006153846153849,0.3714285714285714
Al Del Greco,1985,3.8,0.8636363636363636,0.9405940594059404,2.924,1.0,0.8333333333333334,1.0,1.1111111111111112,0.0,0.0,2.7058823529411766,-0.0,15.178557220427926,0.5641025641025641
Al Del Greco,1986,4.0,0.8947368421052632,0.851063829787234,2.52,1.0,1.0,0.6666666666666666,0.6666666666666666,1.5,0.0,2.9411764705882355,-0.0,16.040310475814067,0.717948717948718
Al Del Greco,1987,3.8,0.5294117647058824,0.5542168674698795,2.4,1.0,0.6,0.6666666666666666,1.0,0.0,0.0,2.82,-0.5,12.870295298842429,0.3333333333333333
Al Del Greco,1988,3.82,0.6,0.8041237113402062,2.284,1.0,0.6666666666666666,1.0,0.6666666666666666,1.5,0.0,3.06,-0.0,15.401457044673538,0.5641025641025641
Al Del Greco,1989,3.864,0.8571428571428571,0.8631578947368421,2.768,1.0,1.0,0.8333333333333334,0.909090909090909,1.5,0.0,3.0,-0.5,16.09472499430394,0.5833333333333334
Al Del Greco,1990,4.0,0.85,0.8913043478260869,2.52,1.0,1.0,0.7,1.0,1.0,0.0,3.0,-1.0,14.961304347826086,0.28125
Al Del Greco,1991,4.0,0.4761904761904761,0.4791666666666667,3.076,1.0,0.8,0.6666666666666666,1.3333333333333333,3.0,0.0,3.0,-0.0,17.831357142857144,0.7878787878787878
Al Del Greco,1992,4.0,1.105263157894737,1.118279569892473,3.112,1.0,0.8888888888888888,0.8333333333333334,1.0,3.0,0.0,3.115384615384615,-0.0,19.17314956539405,0.875
Al Del Greco,1993,3.9,1.16,1.2,3.412,1.0,1.0,0.8888888888888888,1.6,1.7142857142857142,0.0,2.943396226415094,-0.0,18.818570829589696,0.9
Al Del Greco,1994,4.0,0.7272727272727273,0.673469387755102,3.2,1.0,0.8,1.0,1.75,1.0,0.0,3.0,-0.0,17.150742115027832,0.6363636363636364
Al Del Greco,1995,4.0,1.125,1.0458715596330277,3.484,1.0,1.0,1.0,1.6666666666666667,1.7999999999999998,0.0,3.1176470588235303,-1.0,18.239185285123224,0.8333333333333334
Al Del Greco,1996,4.0,1.3333333333333333,1.212962962962963,3.368,1.0,1.0,0.875,1.6666666666666667,1.0,0.0,3.3600000000000003,-0.5,18.315962962962963,0.696969696969697
Al Del Greco,1997,4.0,1.125,1.0560747663551402,3.084,1.0,1.0,0.9090909090909092,1.0,3.0,0.0,3.0,-0.0,19.174165675446048,0.8857142857142857
Al Del Greco,1998,4.0,1.6363636363636365,1.3737373737373737,3.692,1.0,1.0,1.0,1.6,0.0,0.0,2.7692307692307696,-0.0,18.07133177933178,0.7027027027027027
Al Del Greco,1999,4.0,0.875,1.0,3.36,1.0,1.0,0.7777777777777778,1.3333333333333333,3.0,0.0,2.9411764705882355,-1.0,18.28728758169935,0.6666666666666666
Al Del Greco,2000,3.896,1.125,1.1238095238095238,3.272,1.0,0.8666666666666667,0.875,1.3333333333333333,3.0,0.0,2.9411764705882355,-0.0,19.43298599439776,0.8809523809523809
Al Lawler,1948,4.0,0.2,0.1363636363636363,4.0,0.0,0.0,0.0,0.0,0.0,0.0,0.0,0.0,8.336363636363636,0.8695652173913043
Al Pollard,1953,4.0,0.0,0.0175438596491228,0.0,0.0,0.0,0.0,0.0,0.0,0.0,0.0,0.0,4.017543859649122,0.375
Aldrick Rosas,2017,3.48,0.6923076923076923,0.6788990825688074,2.88,1.0,1.0,0.6,0.8888888888888888,1.7999999999999998,0.0,2.8888888888888884,-0.0,15.908984552654278,0.3636363636363636
Aldrick Rosas,2018,3.876,1.391304347826087,1.1441441441441442,3.88,1.0,1.0,1.0,2.0,2.5,2.0,3.166666666666667,-0.5,22.4581151586369,1.0
Aldrick Rosas,2019,3.588,0.5217391304347826,0.6761904761904762,2.824,1.0,1.0,0.8333333333333334,0.5,3.0,0.0,2.5,-0.5,15.943262939958592,0.3333333333333333
Aldrick Rosas,2020,4.0,0.32,0.2972972972972973,2.908,1.0,1.0,1.0,0.0,3.0,0.0,2.9454545454545453,-0.5,15.970751842751843,0.3877551020408163
Aldrick Rosas,2021,4.0,0.0769230769230769,0.1666666666666666,1.6,1.0,1.0,0.0,2.0,0.0,0.0,2.4000000000000004,-0.0,12.243589743589745,0.18
Alex Henery,2011,4.0,0.96,1.0,3.556,1.0,1.0,0.8181818181818182,2.0,2.0,0.0,2.8867924528301887,-1.0,18.220974271012008,0.631578947368421
Alex Henery,2012,3.848,1.0384615384615383,0.9217391304347826,3.484,1.0,0.8888888888888888,0.8888888888888888,1.8333333333333333,1.5,0.0,2.773584905660377,-0.0,18.17689668566781,0.4444444444444444
Alex Henery,2013,4.0,0.8846153846153846,0.9661016949152542,3.284,1.0,1.0,0.875,1.4,2.5,2.0,2.833333333333333,-0.0,20.74305041286397,0.9428571428571428
Alex Henery,2014,4.0,0.0384615384615384,0.0689655172413793,0.8,1.0,1.0,0.2,0.0,1.0,0.0,2.8867924528301887,-0.0,10.994219508533106,0.0277777777777777
Alex Kessman,2021,0.0,0.0,0.0,0.0,1.0,1.0,0.0,0.0,0.0,0.0,0.0,-0.0,2.0,0.06
Ali Haji-Sheikh,1983,3.828,1.9444444444444444,1.2828282828282829,3.332,1.0,1.0,0.9166666666666666,1.4545454545454546,1.2000000000000002,0.0,3.294117647058824,-0.0,19.25260249554367,0.9428571428571428
Ali Haji-Sheikh,1984,3.656,0.85,0.83,2.06,1.0,1.0,0.6153846153846154,0.8333333333333334,0.0,0.0,2.7692307692307696,-1.0,12.61394871794872,0.1428571428571428
Ali Haji-Sheikh,1985,4.0,0.0909090909090909,0.1089108910891089,1.6,1.0,1.0,0.4,0.0,3.0,0.0,3.0588235294117645,-0.0,14.258643511409964,0.4358974358974359
Ali Haji-Sheikh,1986,3.5,0.4736842105263157,0.3617021276595745,3.0,1.0,1.0,0.5,2.0,0.0,0.0,2.764705882352941,-0.0,14.600092220538832,0.4358974358974359
Ali Haji-Sheikh,1987,3.624,0.7647058823529411,0.8192771084337349,2.736,1.0,1.0,0.6,1.0,0.0,0.0,2.46,-0.0,14.003982990786676,0.5
Allan Leavitt,1977,4.0,0.3846153846153846,0.3278688524590163,2.0,1.0,0.6666666666666666,0.5,0.6666666666666666,0.0,0.0,2.5531914893617023,-0.0,12.099009059769436,0.3783783783783784
Allan Watson,1970,3.5,0.2631578947368421,0.25,2.0,1.0,1.0,0.0,0.5,0.0,0.0,2.755102040816327,-0.0,11.26825993555317,0.2580645161290322
Allen Green,1961,4.0,0.5555555555555556,0.5396825396825397,1.332,0.0,0.0,0.0,0.0,0.0,0.0,0.0,0.0,6.427238095238095,0.5357142857142857
Anders Carlson,2023,3.488,0.9310344827586208,0.9583333333333334,3.272,1.0,1.0,1.0,1.0,2.5,0.0,2.8392857142857144,-0.0,17.98865353037767,0.4418604651162791
Anders Carlson,2024,3.2,0.5,0.455357142857143,3.468,1.0,1.0,1.0,1.4285714285714286,3.0,0.0,3.05263157894736,-0.0,18.10456015037593,0.5
Andrew Franks,2015,3.668,0.52,0.6666666666666666,3.248,1.0,1.0,1.0,1.3333333333333333,0.0,0.0,2.9444444444444446,-0.0,15.380444444444446,0.1794871794871795
Andrew Franks,2016,3.904,0.5925925925925926,0.7416666666666667,3.048,1.0,0.8,1.0,0.6666666666666666,1.5,0.0,3.055555555555556,-0.0,16.308481481481483,0.2777777777777778
Andy Farkas,1942,4.0,0.0,0.1304347826086956,0.0,0.0,0.0,0.0,0.0,0.0,0.0,0.0,0.0,4.130434782608695,0.6382978723404256
Andy Marefos,1941,4.0,1.3333333333333333,0.9,3.2,0.0,0.0,0.0,0.0,0.0,0.0,0.0,0.0,9.433333333333334,1.0
Andy Marefos,1942,0.0,0.0,0.0,0.0,0.0,0.0,0.0,0.0,0.0,0.0,0.0,0.0,0.0,0.2340425531914893
Andy Stynchula,1964,4.0,0.0,0.0149253731343283,0.0,0.0,0.0,0.0,0.0,0.0,0.0,0.0,0.0,4.014925373134329,0.3636363636363636
Andy Stynchula,1965,3.692,0.3,0.3559322033898305,1.716,0.0,0.0,0.0,0.0,0.0,0.0,0.0,0.0,6.063932203389831,0.3636363636363636
Andy Tomasic,1942,0.0,0.0,0.0,0.0,0.0,0.0,0.0,0.0,0.0,0.0,0.0,0.0,0.0,0.2340425531914893
Andy Uram,1940,4.0,0.0,0.0526315789473684,0.0,0.0,0.0,0.0,0.0,0.0,0.0,0.0,0.0,4.052631578947368,0.4146341463414634
Andy Uram,1941,0.0,0.0,0.0,0.0,0.0,0.0,0.0,0.0,0.0,0.0,0.0,0.0,0.0,0.1590909090909091
Andy Uram,1942,4.0,0.0,0.0434782608695652,0.0,0.0,0.0,0.0,0.0,0.0,0.0,0.0,0.0,4.043478260869565,0.5106382978723404
Armand Niccolai,1940,4.0,3.0,1.263157894736842,1.716,0.0,0.0,0.0,0.0,0.0,0.0,0.0,0.0,9.979157894736842,0.951219512195122
Armand Niccolai,1941,3.556,0.6666666666666666,0.7,2.0,0.0,0.0,0.0,0.0,0.0,0.0,0.0,0.0,6.922666666666667,0.75
Armand Niccolai,1942,4.0,0.6666666666666666,0.6521739130434783,0.572,0.0,0.0,0.0,0.0,0.0,0.0,0.0,0.0,5.8908405797101455,0.7659574468085106
Art Michalik,1955,2.4,0.1,0.2181818181818181,0.332,0.0,0.0,0.0,0.0,0.0,0.0,0.0,0.0,3.050181818181818,0.36
Art Michalik,1956,0.0,0.0,0.0,0.0,0.0,0.0,0.0,0.0,0.0,0.0,0.0,0.0,0.0,0.0952380952380952
Augie Lio,1941,3.692,0.0,0.6,0.0,0.0,0.0,0.0,0.0,0.0,0.0,0.0,0.0,4.292,0.5
Augie Lio,1942,4.0,0.0,0.217391304347826,0.0,0.0,0.0,0.0,0.0,0.0,0.0,0.0,0.0,4.217391304347826,0.6808510638297872
Augie Lio,1943,3.652,1.0,0.9310344827586208,0.728,0.0,0.0,0.0,0.0,0.0,0.0,0.0,0.0,6.311034482758621,0.8787878787878788
Augie Lio,1944,3.636,1.0,0.5333333333333333,1.0,0.0,0.0,0.0,0.0,0.0,0.0,0.0,0.0,6.169333333333333,0.8387096774193549
Augie Lio,1945,3.752,1.0,0.7941176470588235,3.2,0.0,0.0,0.0,0.0,0.0,0.0,0.0,0.0,8.746117647058824,0.9705882352941176
Augie Lio,1946,4.0,1.2,1.125,2.18,0.0,0.0,0.0,0.0,0.0,0.0,0.0,0.0,8.505,0.96
Austin Seibert,2019,3.428,1.0869565217391304,1.0,3.448,1.0,1.0,1.0,1.5,0.0,0.0,2.9444444444444446,-1.0,15.407400966183571,0.238095238095238
Austin Seibert,2020,3.556,0.24,0.2342342342342342,2.668,1.0,1.0,1.0,0.6666666666666666,0.0,0.0,2.618181818181818,-0.0,12.98308271908272,0.2040816326530612
Austin Seibert,2021,4.0,0.3846153846153846,0.2916666666666667,3.332,1.0,1.0,1.0,1.6666666666666667,1.5,0.0,2.8363636363636364,-0.0,17.011312354312356,0.46
Austin Seibert,2022,4.0,0.1111111111111111,0.1826086956521739,2.4,1.0,1.0,1.0,1.3333333333333333,0.0,0.0,2.571428571428571,-0.0,13.59848171152519,0.1739130434782608
Austin Seibert,2023,4.0,0.0344827586206896,0.0333333333333333,4.0,1.0,1.0,1.0,2.0,0.0,0.0,1.8214285714285712,-0.0,14.889244663382591,0.1860465116279069
Austin Seibert,2024,3.668,1.03846153846154,0.919642857142857,3.6,1.0,1.0,1.0,2.0,1.333333333333332,0.0,2.894736842105262,-0.0,18.45417457104299,0.5227272727272727
Ben Agajanian,1945,2.0,1.0,0.3823529411764705,4.0,0.0,0.0,0.0,0.0,0.0,0.0,0.0,0.0,7.382352941176471,0.8823529411764706
Ben Agajanian,1946,0.0,0.0,0.0,0.0,0.0,0.0,0.0,0.0,0.0,0.0,0.0,0.0,0.0,0.32
Ben Agajanian,1947,0.0,0.0,0.0,0.0,0.0,0.0,0.0,0.0,0.0,0.0,0.0,0.0,0.0,0.217391304347826
Ben Agajanian,1948,0.0,0.0,0.0,0.0,0.0,0.0,0.0,0.0,0.0,0.0,0.0,0.0,0.0,0.217391304347826
Ben Agajanian,1949,3.888,1.6,1.2826086956521738,2.46,0.0,0.0,0.0,0.0,0.0,0.0,0.0,0.0,9.230608695652172,0.9411764705882352
Ben Agajanian,1950,0.0,0.0,0.0,0.0,0.0,0.0,0.0,0.0,0.0,0.0,0.0,0.0,0.0,0.0833333333333333
Ben Agajanian,1951,0.0,0.0,0.0,0.0,0.0,0.0,0.0,0.0,0.0,0.0,0.0,0.0,0.0,0.2608695652173913
Ben Agajanian,1952,0.0,0.0,0.0,0.0,0.0,0.0,0.0,0.0,0.0,0.0,0.0,0.0,0.0,0.2258064516129032
Ben Agajanian,1953,3.892,1.1111111111111112,1.1578947368421053,1.668,0.0,0.0,0.0,0.0,0.0,0.0,0.0,0.0,7.829005847953216,0.8333333333333334
Ben Agajanian,1954,4.0,1.625,1.3703703703703705,2.08,0.0,0.0,0.0,0.0,0.0,0.0,0.0,0.0,9.07537037037037,0.925925925925926
Ben Agajanian,1955,3.88,1.0,1.1272727272727272,2.668,0.0,0.0,0.0,0.0,0.0,0.0,0.0,0.0,8.675272727272727,0.92
Ben Agajanian,1956,4.0,0.5,0.6333333333333333,1.54,0.0,0.0,0.0,0.0,0.0,0.0,0.0,0.0,6.673333333333333,0.4761904761904761
Ben Agajanian,1957,4.0,1.0,1.0,2.224,0.0,0.0,0.0,0.0,0.0,0.0,0.0,0.0,8.224,0.6666666666666666
Ben Agajanian,1958,0.0,0.0,0.0,0.0,0.0,0.0,0.0,0.0,0.0,0.0,0.0,0.0,0.0,0.2272727272727272
Ben Agajanian,1959,0.0,0.0,0.0,0.0,0.0,0.0,0.0,0.0,0.0,0.0,0.0,0.0,0.0,0.32
Ben Agajanian,1960,0.0,0.0,0.0,0.0,0.0,0.0,0.0,0.0,0.0,0.0,0.0,0.0,0.0,0.3076923076923077
Ben Agajanian,1961,4.0,0.1111111111111111,0.1746031746031746,2.0,0.0,0.0,0.0,0.0,0.0,0.0,0.0,0.0,6.285714285714286,0.5
Ben Kish,1944,4.0,0.0,0.0333333333333333,0.0,0.0,0.0,0.0,0.0,0.0,0.0,0.0,0.0,4.033333333333333,0.6129032258064516
Benny Ricardo,1976,3.652,0.7333333333333333,0.7297297297297297,2.444,1.0,0.5714285714285714,1.0,1.0,0.0,0.0,2.6875,-1.0,12.817991634491635,0.4242424242424242
Benny Ricardo,1977,0.0,0.0,0.0,0.0,0.0,0.0,0.0,0.0,0.0,0.0,0.0,0.0,0.0,0.0
Benny Ricardo,1978,3.88,1.4285714285714286,1.2432432432432432,2.856,1.0,1.0,0.75,0.8888888888888888,0.0,0.0,3.0638297872340425,-1.0,15.110533347937604,0.7297297297297297
Benny Ricardo,1979,3.848,0.7692307692307693,0.7142857142857143,2.224,1.0,1.0,1.0,0.5,0.0,0.0,2.9361702127659575,-1.0,12.991686696282445,0.375
Benny Ricardo,1980,3.648,0.625,0.7349397590361446,2.352,1.0,0.5,1.0,0.75,0.0,0.0,2.9375,-0.0,13.547439759036145,0.4166666666666667
Benny Ricardo,1981,4.0,0.6842105263157895,0.6774193548387096,2.08,1.0,1.0,0.3333333333333333,1.0,0.0,0.0,2.816326530612245,-0.0,13.591289745100076,0.3235294117647059
Benny Ricardo,1982,0.0,0.0,0.0,0.0,0.0,0.0,0.0,0.0,0.0,0.0,0.0,0.0,0.0,0.0789473684210526
Benny Ricardo,1983,3.884,1.3888888888888888,1.0909090909090908,3.032,1.0,0.9,0.8571428571428571,0.8888888888888888,0.0,0.0,2.588235294117647,-0.0,15.630065019947374,0.6
Benny Ricardo,1984,3.332,0.15,0.14,4.0,1.0,1.0,1.0,2.0,0.0,0.0,2.4230769230769234,-0.0,15.045076923076923,0.4
Bernie Masterson,1940,4.0,0.0,0.0526315789473684,0.0,0.0,0.0,0.0,0.0,0.0,0.0,0.0,0.0,4.052631578947368,0.4146341463414634
Bert Rechichar,1953,0.0,0.5555555555555556,0.2631578947368421,1.54,0.0,0.0,0.0,0.0,0.0,0.0,0.0,0.0,2.358713450292398,0.2916666666666667
Bert Rechichar,1954,4.0,0.75,0.3518518518518518,1.848,0.0,0.0,0.0,0.0,0.0,0.0,0.0,0.0,6.949851851851852,0.5925925925925926
Bert Rechichar,1955,3.848,1.0,1.0,1.668,0.0,0.0,0.0,0.0,0.0,0.0,0.0,0.0,7.516,0.76
Bert Rechichar,1956,3.2,0.3,0.2833333333333333,0.924,0.0,0.0,0.0,0.0,0.0,0.0,0.0,0.0,4.707333333333334,0.3333333333333333
Bert Rechichar,1957,3.52,0.3,0.5,0.924,0.0,0.0,0.0,0.0,0.0,0.0,0.0,0.0,5.244000000000001,0.3333333333333333
Bert Rechichar,1958,0.0,0.0909090909090909,0.05,1.0,0.0,0.0,0.0,0.0,0.0,0.0,0.0,0.0,1.1409090909090909,0.2727272727272727
Bert Rechichar,1959,0.0,0.0,0.0,0.0,0.0,0.0,0.0,0.0,0.0,0.0,0.0,0.0,0.0,0.32
Bert Rechichar,1960,4.0,0.4285714285714285,0.3409090909090909,1.716,0.0,0.0,0.0,0.0,0.0,0.0,0.0,0.0,6.48548051948052,0.4230769230769231
Beryl Clark,1940,4.0,0.0,0.1578947368421052,0.0,0.0,0.0,0.0,0.0,0.0,0.0,0.0,0.0,4.157894736842105,0.5121951219512195
Bill Bell,1971,3.516,0.7647058823529411,0.7906976744186046,2.476,1.0,0.7142857142857143,0.6,0.4,0.0,0.0,2.5102040816326534,-1.5,11.271893352689911,0.2647058823529412
Bill Bell,1972,4.0,0.8,0.8315789473684211,2.132,0.7745966692414834,0.8333333333333334,0.7,0.2222222222222222,0.0,0.0,2.5102040816326534,-1.0,11.803935253798112,0.28125
Bill Bell,1973,3.2,0.0476190476190476,0.0744680851063829,1.0,1.0,1.0,0.3333333333333333,0.5,0.0,0.0,2.25,-0.5,8.905420466058764,0.1176470588235294
Bill Callihan,1945,3.704,0.0,0.7352941176470589,0.0,0.0,0.0,0.0,0.0,0.0,0.0,0.0,0.0,4.439294117647059,0.7647058823529411
Bill Capece,1981,3.752,0.7894736842105263,0.8064516129032258,2.5,1.0,0.7142857142857143,0.6,1.0,3.0,0.0,3.122448979591837,-0.0,17.2846599909913,0.8529411764705882
Bill Capece,1982,4.0,1.8,1.3333333333333333,3.132,1.0,0.9090909090909092,0.8333333333333334,0.6666666666666666,2.0,0.0,3.1875,-0.0,18.86192424242424,1.0
Bill Capece,1983,3.54,0.5555555555555556,0.5353535353535354,1.74,1.0,0.875,0.0,0.75,0.0,0.0,2.8823529411764706,-0.5,11.378262032085562,0.2
Bill Daddio,1941,3.556,1.3333333333333333,1.0,2.0,0.0,0.0,0.0,0.0,0.0,0.0,0.0,0.0,7.889333333333333,0.8409090909090909
Bill Daddio,1942,4.0,1.6666666666666667,1.0,2.0,0.0,0.0,0.0,0.0,0.0,0.0,0.0,0.0,8.666666666666668,0.9574468085106383
Bill Dudley,1945,2.668,0.0,0.0588235294117647,0.0,0.0,0.0,0.0,0.0,0.0,0.0,0.0,0.0,2.7268235294117646,0.5588235294117647
Bill Dudley,1946,3.428,0.4,0.45,1.144,0.0,0.0,0.0,0.0,0.0,0.0,0.0,0.0,5.422,0.64
Bill Dudley,1947,0.0,0.0,0.0,0.0,0.0,0.0,0.0,0.0,0.0,0.0,0.0,0.0,0.0,0.217391304347826
Bill Dudley,1948,0.0,0.0,0.0,0.0,0.0,0.0,0.0,0.0,0.0,0.0,0.0,0.0,0.0,0.217391304347826
Bill Dudley,1949,3.752,1.0,0.9782608695652174,1.428,0.0,0.0,0.0,0.0,0.0,0.0,0.0,0.0,7.1582608695652175,0.5294117647058824
Bill Dudley,1950,4.0,0.8333333333333334,1.0,2.0,0.0,0.0,0.0,0.0,0.0,0.0,0.0,0.0,7.833333333333333,0.7916666666666666
Bill Dudley,1951,3.82,1.6666666666666667,1.0408163265306123,3.076,0.0,0.0,0.0,0.0,0.0,0.0,0.0,0.0,9.60348299319728,0.9130434782608696
Bill Dudley,1952,0.0,0.0,0.0,0.0,0.0,0.0,0.0,0.0,0.0,0.0,0.0,0.0,0.0,0.2258064516129032
Bill Dudley,1953,4.0,1.2222222222222223,1.0175438596491229,2.0,0.0,0.0,0.0,0.0,0.0,0.0,0.0,0.0,8.239766081871345,0.875
Bill George,1953,0.0,0.0,0.0,0.0,0.0,0.0,0.0,0.0,0.0,0.0,0.0,0.0,0.0,0.25
Bill George,1954,3.716,0.5,0.4629629629629629,2.668,0.0,0.0,0.0,0.0,0.0,0.0,0.0,0.0,7.346962962962963,0.6666666666666666
Bill George,1955,0.0,0.0,0.0,0.0,0.0,0.0,0.0,0.0,0.0,0.0,0.0,0.0,0.0,0.24
Bill George,1956,0.0,0.0,0.0,0.0,0.0,0.0,0.0,0.0,0.0,0.0,0.0,0.0,0.0,0.0952380952380952
Bill George,1957,0.0,0.0,0.0,0.0,0.0,0.0,0.0,0.0,0.0,0.0,0.0,0.0,0.0,0.238095238095238
Bill George,1958,4.0,0.0,0.0166666666666666,0.0,0.0,0.0,0.0,0.0,0.0,0.0,0.0,0.0,4.016666666666667,0.3636363636363636
Bill George,1959,0.0,0.0,0.0,0.0,0.0,0.0,0.0,0.0,0.0,0.0,0.0,0.0,0.0,0.32
Bill George,1960,0.0,0.0,0.0,0.0,0.0,0.0,0.0,0.0,0.0,0.0,0.0,0.0,0.0,0.3076923076923077
Bill George,1961,0.0,0.0,0.0,0.0,0.0,0.0,0.0,0.0,0.0,0.0,0.0,0.0,0.0,0.25
Bill Gramatica,2001,4.0,0.6956521739130435,0.7227722772277227,3.2,1.0,1.0,0.75,1.1428571428571428,0.0,0.0,2.9411764705882355,-0.0,15.452458064586144,0.3902439024390244
Bill Gramatica,2002,4.0,0.6521739130434783,0.7184466019417476,2.856,1.0,0.8571428571428571,1.0,1.5,1.5,0.0,2.9411764705882355,-0.0,17.024939842716318,0.6222222222222222
Bill Gramatica,2003,4.0,0.1363636363636363,0.1470588235294117,3.0,1.0,1.0,1.0,1.5,0.0,0.0,2.235294117647059,-0.0,14.018716577540108,0.119047619047619
Bill Gramatica,2004,0.0,0.1363636363636363,0.09,4.0,1.0,1.0,1.0,2.0,0.0,0.0,1.7647058823529411,-0.0,10.99106951871658,0.0952380952380952
Bill McClard,1972,4.0,0.15,0.1157894736842105,2.0,1.0,1.0,0.5,1.0,0.0,0.0,2.938775510204082,-1.0,11.704564983888291,0.25
Bill McClard,1973,4.0,0.6190476190476191,0.5106382978723404,2.168,1.0,0.8333333333333334,0.8,0.4,0.0,0.0,2.6875,-0.5,12.518519250253297,0.4705882352941176
Bill McClard,1974,3.8,0.8181818181818182,0.6865671641791045,2.248,1.0,0.6666666666666666,0.5,0.5,3.0,0.0,3.391304347826087,-0.0,16.610719996853675,0.9705882352941176
Bill McClard,1975,4.0,0.0769230769230769,0.050632911392405,0.8,1.0,0.0,0.0,1.0,0.0,0.0,2.625,-0.0,9.552555988315484,0.1
Bill Reichardt,1952,4.0,0.8333333333333334,0.3846153846153846,1.0,0.0,0.0,0.0,0.0,0.0,0.0,0.0,0.0,6.217948717948717,0.6451612903225806
Bill Shockley,1968,2.668,0.0,0.04,0.0,0.0,0.0,0.0,0.0,0.0,0.0,0.0,0.0,2.708,0.125
Billy Cundiff,2002,4.0,0.5217391304347826,0.5922330097087378,2.528,1.0,1.0,0.7142857142857143,1.0,3.0,0.0,2.8235294117647056,-0.5,16.67978726619394,0.6
Billy Cundiff,2003,3.872,1.0454545454545454,0.9705882352941176,3.172,1.0,1.0,0.8333333333333334,1.1428571428571428,2.0,0.0,3.0588235294117645,-0.5,17.595056786350902,0.7857142857142857
Billy Cundiff,2004,4.0,0.9090909090909092,0.91,3.076,1.0,1.0,1.0,1.3846153846153846,0.0,0.0,2.8823529411764706,-0.0,16.162059234882765,0.3809523809523809
Billy Cundiff,2005,4.0,0.2083333333333333,0.2735849056603773,2.5,1.0,1.0,0.4,1.25,0.0,0.0,3.230769230769231,-1.0,12.862687469762944,0.2444444444444444
Billy Cundiff,2006,0.0,0.0,0.0,0.0,1.0,1.0,0.0,0.0,0.0,0.0,0.0,-0.0,2.0,0.0526315789473684
Billy Cundiff,2007,0.0,0.0,0.0,0.0,0.0,0.0,0.0,0.0,0.0,0.0,0.0,0.0,0.0,0.05
Billy Cundiff,2008,0.0,0.0,0.0,0.0,0.0,0.0,0.0,0.0,0.0,0.0,0.0,0.0,0.0,0.048780487804878
Billy Cundiff,2009,4.0,0.75,0.77,3.132,1.0,1.0,0.625,2.0,2.0,0.0,2.6538461538461537,-0.0,17.930846153846154,0.627906976744186
Billy Cundiff,2010,4.0,1.0833333333333333,1.1037735849056605,3.588,1.0,1.0,0.8888888888888888,1.75,0.0,0.0,2.773584905660377,-0.0,17.18758071278826,0.4772727272727273
Billy Cundiff,2011,4.0,1.12,1.0338983050847457,3.028,1.0,1.0,0.8333333333333334,1.5555555555555556,1.2000000000000002,0.0,2.8867924528301887,-0.0,17.657579646803825,0.4736842105263157
Billy Cundiff,2012,4.0,0.2692307692307692,0.3304347826086956,2.332,1.0,1.0,0.6,1.5,0.0,0.0,2.547169811320755,-0.0,13.57883536316022,0.0277777777777777
Billy Cundiff,2013,4.0,0.8076923076923077,0.8050847457627118,3.232,1.0,1.0,0.8333333333333334,1.5555555555555556,3.0,0.0,2.833333333333333,-1.0,18.06699927567724,0.3714285714285714
Billy Cundiff,2014,4.0,0.8461538461538461,0.8103448275862069,3.036,1.0,1.0,0.7692307692307693,1.4285714285714286,1.7999999999999998,0.0,2.943396226415094,-1.0,16.633697097957345,0.2222222222222222
Bjorn Nittmo,1989,3.692,0.4285714285714285,0.4105263157894737,3.0,1.0,0.8,1.0,0.0,0.0,0.0,2.34,-0.0,12.671097744360903,0.1944444444444444
Blair Walsh,2012,4.0,1.3461538461538465,1.2260869565217392,3.684,1.0,1.0,0.8888888888888888,1.5555555555555556,2.0,0.0,3.169811320754717,-0.0,19.870496567874746,0.8333333333333334
Blair Walsh,2013,3.908,1.0,1.0254237288135593,3.468,1.0,1.0,1.0,1.6666666666666667,1.2857142857142856,0.0,3.0,-0.5,17.85380468119451,0.3428571428571428
Blair Walsh,2014,4.0,1.0,0.9224137931034484,2.972,1.0,0.8,0.8,1.5555555555555556,3.0,0.0,3.1132075471698113,-0.5,18.663176895828816,0.6944444444444444
Blair Walsh,2015,3.568,1.36,1.25,3.488,1.0,1.0,0.8666666666666667,1.7142857142857142,1.2000000000000002,0.0,3.0,-0.0,18.446952380952386,0.6923076923076923
Blair Walsh,2016,3.156,0.4444444444444444,0.425,3.0,1.0,1.0,0.8333333333333334,1.3333333333333333,1.5,0.0,2.777777777777778,-0.5,14.96988888888889,0.1111111111111111
Blair Walsh,2017,3.896,0.8076923076923077,0.9174311926605504,2.896,1.0,1.0,0.7,1.3333333333333333,1.7999999999999998,0.0,2.7222222222222223,-1.0,16.072679055908413,0.3863636363636363
Blake Grupe,2023,4.0,1.0344827586206895,1.0833333333333333,3.244,1.0,0.8333333333333334,1.0,1.6,1.5,0.0,2.9464285714285716,-0.0,18.24157799671593,0.5348837209302325
Blake Grupe,2024,3.756,1.03846153846154,1.0,3.484,1.0,1.0,0.9090909090909092,1.75,2.571428571428571,0.0,3.0,-0.0,19.508981018981014,0.7954545454545454
Bo Russell,1940,3.668,0.5,0.7368421052631579,4.0,0.0,0.0,0.0,0.0,0.0,0.0,0.0,0.0,8.904842105263157,0.926829268292683
Bob Adkins,1940,2.0,0.0,0.0526315789473684,0.0,0.0,0.0,0.0,0.0,0.0,0.0,0.0,0.0,2.0526315789473686,0.2439024390243902
Bob Adkins,1941,4.0,0.0,0.15,0.0,0.0,0.0,0.0,0.0,0.0,0.0,0.0,0.0,4.15,0.4090909090909091
Bob Carey,1952,0.0,0.0,0.0,0.0,0.0,0.0,0.0,0.0,0.0,0.0,0.0,0.0,0.0,0.2258064516129032
Bob Carey,1953,0.0,0.0,0.0,0.0,0.0,0.0,0.0,0.0,0.0,0.0,0.0,0.0,0.0,0.25
Bob Carey,1954,4.0,0.125,0.0925925925925925,4.0,0.0,0.0,0.0,0.0,0.0,0.0,0.0,0.0,8.217592592592592,0.8148148148148148
Bob Etter,1968,3.58,1.2222222222222223,1.0,2.096,0.0,0.0,0.0,0.0,0.0,0.0,0.0,0.0,7.8982222222222225,0.5
Bob Etter,1969,4.0,1.3636363636363635,1.2580645161290325,2.0,1.0,1.0,0.5,0.0,0.0,0.0,2.6842105263157894,0.0,13.805911406081185,0.5
Bob Gain,1952,4.0,0.0,0.0576923076923076,0.0,0.0,0.0,0.0,0.0,0.0,0.0,0.0,0.0,4.0576923076923075,0.5161290322580645
Bob Jencks,1963,3.784,0.1111111111111111,0.7037037037037037,0.4,0.0,0.0,0.0,0.0,0.0,0.0,0.0,0.0,4.998814814814815,0.3
Bob Jencks,1964,3.624,0.25,0.5671641791044776,1.716,0.0,0.0,0.0,0.0,0.0,0.0,0.0,0.0,6.157164179104478,0.4090909090909091
Bob Jencks,1965,3.516,1.0,1.0,1.82,0.0,0.0,0.0,0.0,0.0,0.0,0.0,0.0,7.336,0.5
Bob Khayat,1960,4.0,2.142857142857143,1.4545454545454546,2.608,0.0,0.0,0.0,0.0,0.0,0.0,0.0,0.0,10.205402597402598,0.8846153846153846
Bob Khayat,1961,0.0,0.0,0.0,0.0,0.0,0.0,0.0,0.0,0.0,0.0,0.0,0.0,0.0,0.25
Bob Khayat,1962,4.0,1.2222222222222223,1.2241379310344829,1.76,0.0,0.0,0.0,0.0,0.0,0.0,0.0,0.0,8.206360153256705,0.6956521739130435
Bob Khayat,1963,3.772,1.3333333333333333,1.2777777777777777,1.848,0.0,0.0,0.0,0.0,0.0,0.0,0.0,0.0,8.231111111111112,0.65
Bob Masterson,1940,3.752,0.5,0.9473684210526316,2.0,0.0,0.0,0.0,0.0,0.0,0.0,0.0,0.0,7.199368421052632,0.7804878048780488
Bob Masterson,1941,4.0,1.0,0.85,2.0,0.0,0.0,0.0,0.0,0.0,0.0,0.0,0.0,7.85,0.8181818181818182
Bob Masterson,1942,3.58,0.3333333333333333,0.8695652173913043,0.8,0.0,0.0,0.0,0.0,0.0,0.0,0.0,0.0,5.582898550724638,0.7446808510638298
Bob Masterson,1943,3.808,0.5,0.7931034482758621,0.8,0.0,0.0,0.0,0.0,0.0,0.0,0.0,0.0,5.901103448275862,0.8181818181818182
Bob Masterson,1944,0.0,0.0,0.0,0.0,0.0,0.0,0.0,0.0,0.0,0.0,0.0,0.0,0.0,0.4516129032258064
Bob Masterson,1945,0.0,0.0,0.0,0.0,0.0,0.0,0.0,0.0,0.0,0.0,0.0,0.0,0.0,0.4411764705882353
Bob Nowaskey,1941,2.0,0.0,0.05,0.0,0.0,0.0,0.0,0.0,0.0,0.0,0.0,0.0,2.05,0.2045454545454545
Bob Snyder,1940,3.2,0.5,0.3684210526315789,1.0,0.0,0.0,0.0,0.0,0.0,0.0,0.0,0.0,5.068421052631579,0.6341463414634146
Bob Snyder,1941,3.332,0.6666666666666666,1.3,4.0,0.0,0.0,0.0,0.0,0.0,0.0,0.0,0.0,9.298666666666666,0.9772727272727272
Bob Snyder,1942,0.0,0.0,0.0,0.0,0.0,0.0,0.0,0.0,0.0,0.0,0.0,0.0,0.0,0.2340425531914893
Bob Snyder,1943,3.716,1.0,1.5517241379310345,1.144,0.0,0.0,0.0,0.0,0.0,0.0,0.0,0.0,7.411724137931035,0.9090909090909092
Bob Stein,1971,0.0,0.0,0.0,0.0,1.0,1.0,0.0,0.0,0.0,0.0,0.0,-0.0,2.0,0.0
Bob Thomas,1975,3.272,1.0,0.7215189873417721,2.26,1.0,0.4285714285714285,0.8333333333333334,1.1428571428571428,1.0,0.0,3.4375,-0.0,15.095780892103678,0.8
Bob Thomas,1976,3.6,0.8,0.8513513513513513,1.92,1.0,1.0,0.6666666666666666,0.909090909090909,0.0,0.0,2.9375,-0.0,13.684608927108926,0.6666666666666666
Bob Thomas,1977,3.6,1.0769230769230769,1.1311475409836065,2.076,1.0,0.6666666666666666,0.6,0.6666666666666666,0.0,0.0,3.0,-0.5,13.317403951240015,0.5135135135135135
Bob Thomas,1978,3.716,1.2142857142857142,1.0405405405405406,3.092,1.0,1.0,0.8181818181818182,0.5,0.0,0.0,2.808510638297873,-0.0,15.189518711305949,0.7837837837837838
Bob Thomas,1979,3.676,1.2307692307692308,1.0649350649350648,2.372,1.0,0.5714285714285714,0.8181818181818182,0.5714285714285714,0.0,0.0,2.808510638297873,-0.5,13.61325389504113,0.55
Bob Thomas,1980,3.784,0.8125,0.891566265060241,2.888,1.0,1.0,0.5,1.5,0.0,0.0,2.75,-0.0,15.12606626506024,0.6944444444444444
Bob Thomas,1981,2.668,0.1052631578947368,0.086021505376344,2.668,1.0,0.5,1.0,1.334,0.0,0.0,2.2653061224489797,-0.0,11.62659078572006,0.1764705882352941
Bob Thomas,1982,4.0,1.0,0.7647058823529411,3.332,1.0,1.0,0.8,2.0,0.0,0.0,2.875,-0.5,16.27170588235294,0.7631578947368421
Bob Thomas,1983,3.684,0.7777777777777778,0.7777777777777778,2.24,1.0,1.0,0.0,1.0,0.6000000000000001,0.0,2.9411764705882355,-1.0,13.020732026143792,0.3142857142857143
Bob Thomas,1984,3.784,1.1,1.01,3.144,1.0,0.8571428571428571,0.8333333333333334,1.3333333333333333,2.0,0.0,3.0,-0.0,18.06180952380953,0.9142857142857144
Bob Thomas,1985,3.708,0.8181818181818182,1.0396039603960396,2.572,1.0,1.0,0.6,0.857142857142857,0.0,0.0,2.7058823529411766,-0.5,13.80081098866189,0.4102564102564102
Bob Thomas,1986,4.0,0.0,0.0425531914893617,0.0,1.0,1.0,0.0,0.0,0.0,0.0,0.0,-0.0,6.042553191489362,0.1538461538461538
Bob Timberlake,1965,3.82,0.1,0.4067796610169492,0.268,0.0,0.0,0.0,0.0,0.0,0.0,0.0,0.0,4.594779661016949,0.3181818181818182
Bob Waterfield,1945,3.648,0.25,1.0,1.332,0.0,0.0,0.0,0.0,0.0,0.0,0.0,0.0,6.2299999999999995,0.7941176470588235
Bob Waterfield,1946,4.0,1.2,1.375,2.668,0.0,0.0,0.0,0.0,0.0,0.0,0.0,0.0,9.243,1.0
Bob Waterfield,1947,3.6,1.1666666666666667,1.0,1.752,0.0,0.0,0.0,0.0,0.0,0.0,0.0,0.0,7.518666666666666,0.6956521739130435
Bob Waterfield,1948,3.456,1.2,1.2727272727272727,2.18,0.0,0.0,0.0,0.0,0.0,0.0,0.0,0.0,8.108727272727272,0.8260869565217391
Bob Waterfield,1949,3.824,1.8,1.5217391304347827,2.248,0.0,0.0,0.0,0.0,0.0,0.0,0.0,0.0,9.39373913043478,1.0
Bob Waterfield,1950,3.724,1.1666666666666667,1.6304347826086956,2.0,0.0,0.0,0.0,0.0,0.0,0.0,0.0,0.0,8.521101449275363,0.9166666666666666
Bob Waterfield,1951,3.812,2.1666666666666665,1.6326530612244898,2.26,0.0,0.0,0.0,0.0,0.0,0.0,0.0,0.0,9.871319727891157,0.9565217391304348
Bob Waterfield,1952,3.912,1.8333333333333333,1.4807692307692308,2.444,0.0,0.0,0.0,0.0,0.0,0.0,0.0,0.0,9.670102564102564,0.967741935483871
Bob deLauer,1946,0.0,0.0,0.0,0.0,0.0,0.0,0.0,0.0,0.0,0.0,0.0,0.0,0.0,0.32
Bobby Howfield,1970,3.856,0.9473684210526316,0.9204545454545454,2.248,0.816496580927726,0.5,0.7142857142857143,1.2,1.0,0.0,3.2448979591836737,-1.5,13.947503220904288,0.6451612903225806
Bobby Howfield,1971,3.848,0.4705882352941176,0.5697674418604651,1.684,1.0,0.3333333333333333,0.7142857142857143,0.2857142857142856,0.0,0.0,2.571428571428571,-1.5,9.977117581916486,0.1764705882352941
Bobby Howfield,1972,3.904,1.35,1.2736842105263158,2.92,0.9354143466934852,1.0,0.7333333333333333,0.5714285714285714,0.0,0.0,2.571428571428571,-2.0,13.259289033410274,0.46875
Bobby Howfield,1973,4.0,0.8095238095238095,0.8297872340425532,2.832,1.0,0.8333333333333334,0.7142857142857143,1.0,0.0,0.0,2.75,-2.0,12.76893009118541,0.5
Bobby Howfield,1974,2.668,0.5454545454545454,0.3880597014925373,3.428,0.0,1.0,1.0,2.0,0.0,0.0,2.8043478260869565,-1.0,12.83386207303404,0.3823529411764705
Bobby Joe Conrad,1958,3.772,0.5454545454545454,0.85,1.412,0.0,0.0,0.0,0.0,0.0,0.0,0.0,0.0,6.579454545454545,0.5
Bobby Joe Conrad,1959,3.872,0.75,0.9230769230769232,2.668,0.0,0.0,0.0,0.0,0.0,0.0,0.0,0.0,8.213076923076922,0.88
Bobby Joe Conrad,1960,3.864,0.2857142857142857,0.7727272727272727,1.6,0.0,0.0,0.0,0.0,0.0,0.0,0.0,0.0,6.5224415584415585,0.4615384615384615
Bobby Joe Conrad,1961,4.0,0.0,0.0634920634920634,0.0,0.0,0.0,0.0,0.0,0.0,0.0,0.0,0.0,4.063492063492063,0.3214285714285714
Bobby Joe Conrad,1962,0.0,0.0,0.0,0.0,0.0,0.0,0.0,0.0,0.0,0.0,0.0,0.0,0.0,0.1739130434782608
Bobby Joe Green,1961,0.0,0.0,0.0,0.0,0.0,0.0,0.0,0.0,0.0,0.0,0.0,0.0,0.0,0.25
Bobby Layne,1948,0.0,0.0,0.0,0.0,0.0,0.0,0.0,0.0,0.0,0.0,0.0,0.0,0.0,0.217391304347826
Bobby Layne,1949,0.0,0.0,0.0,0.0,0.0,0.0,0.0,0.0,0.0,0.0,0.0,0.0,0.0,0.0588235294117647
Bobby Layne,1950,2.0,0.0,0.0217391304347826,0.0,0.0,0.0,0.0,0.0,0.0,0.0,0.0,0.0,2.0217391304347827,0.125
Bobby Layne,1951,0.0,0.0,0.0,0.0,0.0,0.0,0.0,0.0,0.0,0.0,0.0,0.0,0.0,0.2608695652173913
Bobby Layne,1952,4.0,0.0,0.0384615384615384,0.0,0.0,0.0,0.0,0.0,0.0,0.0,0.0,0.0,4.038461538461538,0.4838709677419355
Bobby Layne,1953,0.0,0.0,0.0,0.0,0.0,0.0,0.0,0.0,0.0,0.0,0.0,0.0,0.0,0.25
Bobby Layne,1954,0.0,0.0,0.0,0.0,0.0,0.0,0.0,0.0,0.0,0.0,0.0,0.0,0.0,0.1111111111111111
Bobby Layne,1955,0.0,0.0,0.0,0.0,0.0,0.0,0.0,0.0,0.0,0.0,0.0,0.0,0.0,0.24
Bobby Layne,1956,4.0,1.2,1.15,3.2,0.0,0.0,0.0,0.0,0.0,0.0,0.0,0.0,9.55,1.0
Bobby Layne,1957,4.0,0.6,0.6935483870967742,2.18,0.0,0.0,0.0,0.0,0.0,0.0,0.0,0.0,7.473548387096773,0.6190476190476191
Bobby Layne,1958,1.332,0.0,0.0166666666666666,0.0,0.0,0.0,0.0,0.0,0.0,0.0,0.0,0.0,1.348666666666667,0.3181818181818182
Bobby Layne,1959,4.0,1.375,1.25,2.588,0.0,0.0,0.0,0.0,0.0,0.0,0.0,0.0,9.213,0.96
Bobby Layne,1960,3.82,0.7142857142857143,0.8181818181818182,3.332,0.0,0.0,0.0,0.0,0.0,0.0,0.0,0.0,8.684467532467533,0.6538461538461539
Bobby Layne,1961,4.0,0.0,0.0793650793650793,0.0,0.0,0.0,0.0,0.0,0.0,0.0,0.0,0.0,4.079365079365079,0.3571428571428571
Bobby Walston,1951,3.612,1.0,0.9387755102040816,2.18,0.0,0.0,0.0,0.0,0.0,0.0,0.0,0.0,7.730775510204081,0.6521739130434783
Bobby Walston,1952,4.0,1.8333333333333333,1.2307692307692308,2.2,0.0,0.0,0.0,0.0,0.0,0.0,0.0,0.0,9.264102564102563,0.935483870967742
Bobby Walston,1953,3.752,0.4444444444444444,1.0,1.232,0.0,0.0,0.0,0.0,0.0,0.0,0.0,0.0,6.428444444444445,0.6666666666666666
Bobby Walston,1954,3.692,0.5,0.8888888888888888,1.6,0.0,0.0,0.0,0.0,0.0,0.0,0.0,0.0,6.680888888888889,0.4444444444444444
Bobby Walston,1955,3.428,0.2,0.2181818181818181,2.668,0.0,0.0,0.0,0.0,0.0,0.0,0.0,0.0,6.514181818181818,0.6
Bobby Walston,1956,3.776,0.6,0.5833333333333334,1.848,0.0,0.0,0.0,0.0,0.0,0.0,0.0,0.0,6.807333333333332,0.5238095238095238
Bobby Walston,1957,3.808,0.9,0.7580645161290323,3.0,0.0,0.0,0.0,0.0,0.0,0.0,0.0,0.0,8.466064516129032,0.7619047619047619
Bobby Walston,1958,4.0,0.5454545454545454,0.8166666666666667,1.716,0.0,0.0,0.0,0.0,0.0,0.0,0.0,0.0,7.078121212121212,0.6363636363636364
Bobby Walston,1959,3.884,0.0,0.6346153846153846,0.0,0.0,0.0,0.0,0.0,0.0,0.0,0.0,0.0,4.5186153846153845,0.48
Bobby Walston,1960,3.9,2.0,1.8409090909090908,2.8,0.0,0.0,0.0,0.0,0.0,0.0,0.0,0.0,10.540909090909093,0.9615384615384616
Bobby Walston,1961,3.74,1.5555555555555556,1.3492063492063493,2.24,0.0,0.0,0.0,0.0,0.0,0.0,0.0,0.0,8.884761904761906,0.8928571428571429
Bobby Walston,1962,3.788,0.4444444444444444,0.8275862068965517,1.068,0.0,0.0,0.0,0.0,0.0,0.0,0.0,0.0,6.128030651340996,0.391304347826087
Booth Lusteg,1968,3.588,0.8888888888888888,1.0,1.6,0.0,0.0,0.0,0.0,0.0,0.0,0.0,0.0,7.076888888888888,0.4166666666666667
Booth Lusteg,1969,4.0,0.0909090909090909,0.2419354838709677,0.8,1.0,1.0,0.0,0.0,0.0,0.0,2.2105263157894735,0.0,9.343370890569531,0.2272727272727272
Boris Shlapak,1972,4.0,0.0,0.0421052631578947,0.0,1.0,1.0,0.0,0.0,0.0,0.0,0.0,-0.5,5.542105263157895,0.03125
Boyd Clay,1940,0.0,0.0,0.0,0.0,0.0,0.0,0.0,0.0,0.0,0.0,0.0,0.0,0.0,0.1219512195121951
Boyd Clay,1941,4.0,0.3333333333333333,0.2,2.0,0.0,0.0,0.0,0.0,0.0,0.0,0.0,0.0,6.533333333333333,0.7045454545454546
Boyd Clay,1942,4.0,0.0,0.1739130434782608,0.0,0.0,0.0,0.0,0.0,0.0,0.0,0.0,0.0,4.173913043478261,0.6595744680851063
Brad Daluiso,1991,4.0,0.0952380952380952,0.0833333333333333,2.668,1.0,0.6666666666666666,0.667,1.334,0.0,0.0,1.3269230769230769,-0.0,11.84116117216117,0.0606060606060606
Brad Daluiso,1992,0.0,0.0,0.0,0.0,1.0,1.0,0.0,0.0,0.0,0.0,0.0,-0.5,1.5,0.03125
Brad Daluiso,1993,0.0,0.04,0.0285714285714285,1.332,1.0,1.0,0.333,0.666,1.0,0.0,3.0566037735849063,-0.0,8.456175202156334,0.0
Brad Daluiso,1994,4.0,0.5,0.3877551020408163,4.0,1.0,1.0,1.0,2.0,3.0,0.0,3.12,-0.5,19.507755102040814,0.9696969696969696
Brad Daluiso,1995,4.0,0.8333333333333334,0.8073394495412844,2.856,1.0,1.0,0.9,0.4444444444444444,3.0,0.0,3.0,-0.5,17.34111722731906,0.6111111111111112
Brad Daluiso,1996,4.0,1.0,0.8703703703703703,3.556,1.0,1.0,1.0,1.0,0.0,0.0,2.76,-0.5,15.68637037037037,0.3636363636363636
Brad Daluiso,1997,3.724,0.9166666666666666,0.8691588785046729,2.752,1.0,1.0,0.8571428571428571,1.1428571428571428,0.75,0.0,3.0,-0.0,16.01182554517134,0.4
Brad Daluiso,1998,4.0,0.9545454545454546,0.9595959595959596,3.112,1.0,1.0,0.75,1.2727272727272727,3.0,0.0,2.9423076923076925,-0.0,18.99117637917638,0.8648648648648649
Brad Daluiso,1999,4.0,0.2916666666666667,0.2830188679245283,3.112,1.0,1.0,1.0,0.0,0.0,0.0,2.1176470588235294,-0.0,12.804332593414724,0.0769230769230769
Brad Daluiso,2000,4.0,0.7083333333333334,0.8095238095238095,2.956,1.0,1.0,0.625,1.1428571428571428,0.0,0.0,2.7058823529411766,-1.5,13.447596638655462,0.1666666666666666
Brad Daluiso,2001,2.0,0.1304347826086956,0.099009900990099,3.0,1.0,0.5,1.0,2.0,0.0,0.0,2.588235294117647,-0.0,12.31767997771644,0.1463414634146341
Braden Beck,1971,2.0,0.0588235294117647,0.0465116279069767,2.0,1.0,1.0,0.0,1.0,0.0,0.0,0.9183673469387754,-0.0,8.023702504257518,0.1176470588235294
Bradley Pinion,2021,0.0,0.0,0.0,0.0,1.0,1.0,0.0,0.0,0.0,0.0,0.0,-0.0,2.0,0.06
Brandon Aubrey,2023,3.768,1.2413793103448276,1.3083333333333331,3.788,1.0,1.0,0.8666666666666667,2.0,3.0,2.0,3.2142857142857144,-0.5,22.686665024630543,1.0
Brandon Aubrey,2024,4.0,1.53846153846154,1.33928571428571,3.404,1.0,1.0,0.8,1.75,2.454545454545454,0.0,3.42105263157894,-0.0,20.707345338871647,0.9545454545454546
Brandon Coutu,2011,4.0,0.0,0.0254237288135593,0.0,1.0,1.0,0.0,0.0,0.0,0.0,0.0,-0.0,6.02542372881356,0.0789473684210526
Brandon McManus,2014,4.0,0.3461538461538461,0.5862068965517241,2.768,1.0,1.0,0.6666666666666666,1.3333333333333333,3.0,0.0,2.4905660377358494,-0.0,17.19092678044142,0.3333333333333333
Brandon McManus,2015,3.888,1.2,1.1574074074074074,3.428,1.0,1.0,1.0,1.25,3.0,0.0,3.166666666666667,-0.0,20.09007407407407,0.9743589743589745
Brandon McManus,2016,3.88,1.0740740740740742,0.9916666666666668,3.412,1.0,1.0,1.0,1.5555555555555556,2.3333333333333335,0.0,3.055555555555556,-0.0,19.302185185185188,0.8611111111111112
Brandon McManus,2017,4.0,0.9230769230769232,0.908256880733945,3.0,1.0,0.75,0.9166666666666666,1.3333333333333333,1.5,0.0,2.9444444444444446,-0.0,17.275778248255314,0.5
Brandon McManus,2018,4.0,0.8695652173913043,0.8558558558558559,3.2,1.0,1.0,1.0,2.0,1.5,0.0,2.9444444444444446,-0.5,17.869865517691608,0.4523809523809524
Brandon McManus,2019,3.848,1.2608695652173914,1.0666666666666669,3.412,1.0,1.0,1.0,1.6666666666666667,2.625,0.0,2.9444444444444446,-0.5,19.32364734299517,0.8333333333333334
Brandon McManus,2020,3.556,1.12,0.972972972972973,3.296,1.0,1.0,0.8,2.0,1.0,0.0,3.163636363636363,-0.5,17.408609336609338,0.4693877551020408
Brandon McManus,2021,3.884,1.0,0.925,3.356,1.0,0.875,1.0,2.0,0.0,0.0,3.327272727272727,-0.5,16.867272727272727,0.42
Brandon McManus,2022,3.704,1.037037037037037,0.9478260869565216,3.112,1.0,0.8571428571428571,0.6666666666666666,2.0,2.0,0.0,2.9464285714285716,-0.0,18.271101219231653,0.5434782608695652
Brandon McManus,2023,4.0,1.0344827586206895,1.0416666666666667,3.244,1.0,1.0,1.0,1.6923076923076923,2.571428571428571,2.0,3.0,-0.0,21.583885689023617,0.9534883720930232
Brandon McManus,2024,4.0,0.769230769230769,0.803571428571429,3.808,1.0,1.0,1.0,1.5,3.0,0.0,2.894736842105262,-0.0,19.775539039907457,0.8181818181818182
Brandon Wright,2020,2.0,0.0,0.009009009009009,0.0,1.0,1.0,0.0,0.0,0.0,0.0,0.0,-0.0,4.009009009009009,0.1020408163265306
Brayden Narveson,2024,4.0,0.461538461538462,0.482142857142857,2.668,1.0,1.0,0.75,1.1111111111111112,1.5,0.0,2.473684210526316,-0.0,15.446476640318746,0.1136363636363636
Brendan Toibin,1987,4.0,0.0,0.0481927710843373,0.0,1.0,1.0,0.0,0.0,0.0,0.0,0.0,-0.0,6.048192771084337,0.05
Brett Conway,1999,3.92,0.9166666666666666,1.0849056603773586,2.752,1.0,0.7777777777777778,0.8571428571428571,1.7142857142857142,1.0,0.0,3.0,-0.0,17.022778676250375,0.5641025641025641
Brett Conway,2000,4.0,0.25,0.2476190476190476,4.0,1.0,1.0,1.0,2.0,0.0,0.0,2.3529411764705883,-0.5,15.350560224089635,0.4047619047619047
Brett Conway,2001,4.0,1.1304347826086956,0.99009900990099,3.152,1.0,1.0,0.7272727272727273,1.3333333333333333,1.2000000000000002,0.0,3.235294117647059,-0.0,17.768433970762803,0.7317073170731707
Brett Conway,2002,4.0,0.0434782608695652,0.0679611650485436,4.0,1.0,1.0,1.0,2.0,0.0,0.0,2.0588235294117645,-0.0,15.170262955329871,0.3333333333333333
Brett Conway,2003,4.0,0.6363636363636364,0.5,2.948,1.0,1.0,0.6666666666666666,1.3333333333333333,0.0,0.0,2.8235294117647056,-0.0,14.907893048128344,0.2857142857142857
Brett Maher,2018,3.88,1.2608695652173914,1.072072072072072,3.224,1.0,1.0,0.75,1.2727272727272727,1.2000000000000002,0.0,3.444444444444444,-0.0,18.10411335446118,0.4761904761904761
Brett Maher,2019,4.0,0.8695652173913043,0.9142857142857144,2.668,1.0,1.0,0.75,0.4,1.5,0.0,3.5,-0.0,16.60185093167702,0.4285714285714285
Brett Maher,2020,0.0,0.0,0.0,0.0,0.0,0.0,0.0,0.0,0.0,0.0,0.0,0.0,0.0,0.0408163265306122
Brett Maher,2021,3.332,0.6153846153846154,0.4833333333333333,3.556,1.0,1.0,0.8888888888888888,2.0,1.7999999999999998,2.0,2.290909090909091,-0.0,18.966515928515932,0.76
Brett Maher,2022,3.772,1.0740740740740742,1.191304347826087,3.624,1.0,1.0,1.0,1.7142857142857142,3.0,0.0,3.2142857142857144,-0.0,20.58994985047159,0.9782608695652174
Brett Maher,2023,3.468,0.5862068965517241,0.5333333333333333,2.956,1.0,1.0,1.0,1.5555555555555556,2.0,0.0,2.8928571428571432,-0.0,16.991952928297756,0.3255813953488372
Brian Franco,1987,4.0,0.1764705882352941,0.1325301204819277,3.0,1.0,1.0,0.0,1.5,0.0,0.0,1.6800000000000002,-0.0,12.48900070871722,0.3166666666666666
Brian Gowins,1999,4.0,0.1666666666666666,0.1415094339622641,2.668,1.0,1.0,0.667,1.0,0.0,0.0,2.5294117647058822,-0.0,13.172587865334814,0.1025641025641025
Brian Johnson,2021,2.768,0.3846153846153846,0.325,4.0,1.0,1.0,1.0,2.0,3.0,0.0,2.8363636363636364,-0.0,18.313979020979023,0.66
Brig Owens,1967,2.668,0.0,0.0357142857142857,0.0,0.0,0.0,0.0,0.0,0.0,0.0,0.0,0.0,2.7037142857142857,0.1428571428571428
Bruce Alford,1967,3.0,0.0,0.0535714285714285,0.0,0.0,0.0,0.0,0.0,0.0,0.0,0.0,0.0,3.0535714285714284,0.1785714285714285
Bruce Gossett,1964,3.756,1.5,1.2686567164179106,3.0,0.0,0.0,0.0,0.0,0.0,0.0,0.0,0.0,9.524656716417912,0.8636363636363636
Bruce Gossett,1965,3.752,1.5,1.271186440677966,2.308,0.0,0.0,0.0,0.0,0.0,0.0,0.0,0.0,8.831186440677966,0.6818181818181818
Bruce Gossett,1966,4.0,2.1538461538461537,1.4675324675324677,2.284,0.0,0.0,0.0,0.0,0.0,0.0,0.0,0.0,9.90537862137862,1.0
Bruce Gossett,1967,4.0,2.5,1.9285714285714288,1.86,0.0,0.0,0.0,0.0,0.0,0.0,0.0,0.0,10.288571428571428,0.8928571428571429
Bruce Gossett,1968,4.0,1.8888888888888888,1.76,2.192,0.0,0.0,0.0,0.0,0.0,0.0,0.0,0.0,9.84088888888889,0.7083333333333334
Bruce Gossett,1969,4.0,2.0,1.6451612903225807,2.588,1.0,1.0,0.8571428571428571,0.1818181818181818,0.0,0.0,3.473684210526316,0.0,16.745806539809937,0.8636363636363636
Bruce Gossett,1970,3.804,1.105263157894737,1.1590909090909092,2.708,0.9128709291752768,1.0,0.4,1.4,0.0,0.0,2.938775510204082,-0.0,15.428000506365006,0.8387096774193549
Bruce Gossett,1971,4.0,1.3529411764705883,1.1744186046511629,2.556,1.0,1.0,0.4615384615384615,0.909090909090909,0.0,0.0,2.938775510204082,-0.5,14.892764661955203,0.7647058823529411
Bruce Gossett,1972,3.904,0.9,1.0,2.484,1.0,0.8,0.8,0.8333333333333334,1.0,0.0,3.0612244897959178,-0.5,15.282557823129252,0.78125
Bruce Gossett,1973,4.0,1.238095238095238,1.1063829787234043,3.152,1.0,0.75,0.8888888888888888,1.1428571428571428,3.0,0.0,3.375,-2.0,17.653224248564676,1.0
Bruce Gossett,1974,3.704,1.0,0.8656716417910447,1.832,1.0,0.7142857142857143,0.6666666666666666,0.3333333333333332,0.0,0.0,3.0,-0.0,13.11595735607676,0.4705882352941176
Buck McPhail,1953,3.652,0.2222222222222222,0.4736842105263157,1.6,0.0,0.0,0.0,0.0,0.0,0.0,0.0,0.0,5.947906432748539,0.5
Bud McFadin,1955,0.0,0.1,0.0545454545454545,0.8,0.0,0.0,0.0,0.0,0.0,0.0,0.0,0.0,0.9545454545454546,0.28
Bud McFadin,1956,0.0,0.1,0.05,1.0,0.0,0.0,0.0,0.0,0.0,0.0,0.0,0.0,1.15,0.1428571428571428
Buddy Parker,1940,4.0,0.0,0.1578947368421052,0.0,0.0,0.0,0.0,0.0,0.0,0.0,0.0,0.0,4.157894736842105,0.5121951219512195
Buddy Parker,1941,0.0,0.0,0.0,0.0,0.0,0.0,0.0,0.0,0.0,0.0,0.0,0.0,0.0,0.1590909090909091
Cade York,2022,3.784,0.8888888888888888,0.9304347826086956,3.0,1.0,1.0,0.75,1.5,3.0,0.0,3.1071428571428577,-0.0,18.96046652864044,0.8043478260869565
Cade York,2023,0.0,0.0,0.0,0.0,0.0,0.0,0.0,0.0,0.0,0.0,0.0,0.0,0.0,0.0465116279069767
Cade York,2024,3.764,0.346153846153846,0.383928571428571,2.768,1.0,1.0,0.6666666666666666,0.6666666666666666,3.0,0.0,3.1052631578947496,-0.0,16.7006789088105,0.2727272727272727
Cairo Santos,2014,4.0,0.9615384615384616,0.9741379310344828,3.332,1.0,1.0,0.8571428571428571,1.4,2.25,0.0,3.0,-0.5,18.274819249715804,0.6111111111111112
Cairo Santos,2015,3.804,1.2,1.1944444444444444,3.244,1.0,0.875,1.0,1.6363636363636365,3.0,0.0,2.9444444444444446,-0.0,19.898252525252524,0.8974358974358975
Cairo Santos,2016,3.692,1.148148148148148,1.075,3.544,1.0,0.8888888888888888,0.8823529411764706,1.7142857142857142,3.0,0.0,3.0,-0.5,19.444675692499224,0.8888888888888888
Cairo Santos,2017,4.0,0.1538461538461538,0.2385321100917431,3.2,1.0,1.0,1.0,1.6,0.0,0.0,2.1666666666666665,-0.0,14.359044930604565,0.1818181818181818
Cairo Santos,2018,3.828,0.6086956521739131,0.5765765765765766,3.112,1.0,1.0,1.0,1.0,3.0,0.0,2.5,-0.5,17.12527222875049,0.3095238095238095
Cairo Santos,2019,4.0,0.1739130434782608,0.2285714285714285,1.776,1.0,1.0,0.3333333333333333,1.3333333333333333,3.0,0.0,2.9444444444444446,-0.0,15.789595583160802,0.3095238095238095
Cairo Santos,2020,3.892,1.2,1.135135135135135,3.752,1.0,1.0,1.0,1.8,2.307692307692308,0.0,3.0,-1.0,19.08682744282744,0.7755102040816326
Cairo Santos,2021,3.856,1.0,0.875,3.468,1.0,1.0,1.0,1.6923076923076923,2.25,0.0,2.5636363636363635,-1.0,17.704944055944054,0.56
Cairo Santos,2022,3.376,0.7777777777777778,0.782608695652174,3.652,1.0,1.0,1.0,1.7142857142857142,2.4000000000000004,0.0,2.7321428571428568,-0.5,17.934815044858524,0.4130434782608695
Cairo Santos,2023,3.756,1.206896551724138,1.1333333333333333,3.684,1.0,1.0,1.0,1.6,3.0,2.0,2.9464285714285716,-0.0,22.32665845648604,0.9767441860465116
Cairo Santos,2024,3.848,0.807692307692308,0.785714285714286,3.36,1.0,1.0,1.0,1.25,2.666666666666667,0.0,2.842105263157896,-1.5,17.06017852323116,0.3181818181818182
Caleb Shudak,2022,4.0,0.1111111111111111,0.0869565217391304,3.0,1.0,1.0,0.6666666666666666,1.5,0.0,0.0,2.0357142857142856,-0.0,13.400448585231192,0.1521739130434782
Caleb Sturgis,2013,4.0,1.0,0.940677966101695,3.06,1.0,1.0,0.8333333333333334,1.6,3.0,0.0,3.0,-0.5,18.934011299435028,0.6
Caleb Sturgis,2014,4.0,1.1153846153846154,1.103448275862069,3.136,1.0,1.0,0.875,1.2,1.5,0.0,3.0,-1.0,16.929832891246683,0.25
Caleb Sturgis,2015,3.784,0.72,0.8240740740740741,3.272,1.0,1.0,0.8,2.0,1.0,0.6666666666666666,2.9444444444444446,-1.5,16.511185185185184,0.2307692307692307
Caleb Sturgis,2016,3.872,1.2962962962962965,1.125,3.416,1.0,1.0,1.0,1.2727272727272727,2.25,0.0,3.055555555555556,-0.5,18.787579124579125,0.7777777777777778
Caleb Sturgis,2017,2.0,0.1153846153846153,0.091743119266055,4.0,1.0,1.0,1.0,2.0,3.0,0.0,2.777777777777778,-0.0,16.984905512428448,0.4545454545454545
Caleb Sturgis,2018,2.4,0.391304347826087,0.3243243243243243,2.768,1.0,1.0,1.0,1.0,1.2000000000000002,0.0,2.7222222222222223,-0.5,13.305850894372632,0.0952380952380952
Cam Little,2024,4.0,1.03846153846154,0.964285714285714,3.724,1.0,1.0,1.0,1.7777777777777777,2.000000000000001,0.0,3.1052631578947496,-1.0,18.60978818841978,0.5681818181818182
Cameron Dicker,2022,4.0,0.7777777777777778,0.7565217391304347,3.82,1.0,1.0,1.0,2.0,2.3333333333333335,0.0,2.571428571428571,-0.5,18.75906142167012,0.6956521739130435
Cameron Dicker,2023,4.0,1.0689655172413792,1.0666666666666669,3.756,1.0,1.0,1.0,2.0,2.3333333333333335,0.0,2.9464285714285716,-0.5,19.671394088669953,0.8372093023255814
Cameron Dicker,2024,3.668,1.5,1.33928571428571,3.716,1.0,1.0,1.0,1.8333333333333333,2.769230769230769,1.0,3.1052631578947496,-1.0,20.931112974744565,1.0
Carlos Huerta,1996,4.0,0.1666666666666666,0.1574074074074074,2.284,1.0,1.0,0.6,1.0,0.0,0.0,2.52,-0.0,12.728074074074074,0.0909090909090909
Carson Long,1977,3.716,0.5384615384615384,0.5573770491803278,2.544,1.0,1.0,0.6666666666666666,1.0,0.0,0.0,2.872340425531915,-0.0,13.894845679840447,0.6486486486486487
Cary Blanchard,1992,4.0,0.8421052631578947,0.6989247311827957,2.908,1.0,0.6666666666666666,0.7142857142857143,1.5555555555555556,0.0,0.0,2.7115384615384617,-0.0,15.097076392387088,0.375
Cary Blanchard,1993,4.0,0.68,0.780952380952381,2.616,1.0,0.875,0.8,1.0,0.0,0.0,2.547169811320755,-0.0,14.299122192273137,0.2
Cary Blanchard,1994,0.0,0.0,0.0,0.0,0.0,0.0,0.0,0.0,0.0,0.0,0.0,0.0,0.0,0.0606060606060606
Cary Blanchard,1995,4.0,0.7916666666666666,0.7522935779816514,3.168,1.0,1.0,0.75,1.4,3.0,0.0,2.9411764705882355,-0.0,18.803136715236555,0.8611111111111112
Cary Blanchard,1996,4.0,1.5,1.25,3.6,1.0,1.0,0.8888888888888888,1.5714285714285714,3.0,0.0,3.12,-0.5,20.43031746031746,1.0
Cary Blanchard,1997,4.0,1.3333333333333333,1.0934579439252337,3.12,1.0,1.0,0.8571428571428571,1.3333333333333333,1.0,0.0,2.8846153846153846,-0.0,17.621882852350144,0.6285714285714286
Cary Blanchard,1998,3.872,0.5,0.6363636363636364,2.588,1.0,1.0,0.75,0.8,1.5,0.0,3.115384615384615,-1.0,14.761748251748251,0.2162162162162162
Cary Blanchard,1999,4.0,0.75,0.6886792452830188,3.428,1.0,1.0,0.5,1.8,0.0,0.0,2.8235294117647056,-0.0,15.990208657047727,0.4871794871794871
Cary Blanchard,2000,3.788,0.6666666666666666,0.6285714285714286,2.784,1.0,1.0,0.8181818181818182,0.8,0.0,0.0,3.1764705882352944,-0.5,14.161890501655208,0.2619047619047619
Cedric Oglesby,2001,4.0,0.217391304347826,0.2178217821782178,3.332,1.0,1.0,0.5,2.0,0.0,0.0,2.4117647058823533,-0.0,14.678977792408398,0.2926829268292683
Chad Ryland,2023,3.84,0.5517241379310345,0.6,2.56,1.0,1.0,0.7142857142857143,1.0,1.5,0.0,3.0,-0.0,15.766009852216747,0.2558139534883721
Chad Ryland,2024,3.852,1.07692307692308,0.982142857142857,3.5,1.0,1.0,1.0,1.2727272727272727,2.7,0.0,3.05263157894736,-0.5,18.93642478574057,0.6818181818181818
Chandler Catanzaro,2014,4.0,1.1153846153846154,0.9827586206896552,3.516,1.0,1.0,0.8571428571428571,1.8181818181818183,2.142857142857143,0.0,2.8867924528301887,-0.5,18.81911750708628,0.75
Chandler Catanzaro,2015,3.656,1.12,1.2685185185185186,3.612,1.0,1.0,1.0,1.7142857142857142,2.3333333333333335,0.0,2.611111111111111,-0.0,19.315248677248675,0.7948717948717948
Chandler Catanzaro,2016,3.66,0.7777777777777778,0.8833333333333333,3.0,1.0,0.8333333333333334,0.8571428571428571,1.5,0.0,0.0,3.3333333333333335,-0.5,15.344920634920635,0.1388888888888889
Chandler Catanzaro,2017,4.0,0.9615384615384616,0.9541284403669724,3.332,1.0,1.0,1.0,1.411764705882353,3.0,0.0,3.166666666666667,-0.5,19.326098274454456,0.7727272727272727
Chandler Catanzaro,2018,3.428,0.6956521739130435,0.7027027027027027,3.2,1.0,1.0,0.9,0.0,3.0,0.0,3.2777777777777777,-0.0,17.204132654393526,0.3809523809523809
Charlie Baumann,1991,3.752,0.4285714285714285,0.4375,3.0,1.0,1.0,0.3333333333333333,2.0,0.0,0.0,2.7692307692307696,-1.0,13.720635531135532,0.1515151515151515
Charlie Baumann,1992,3.668,0.5789473684210527,0.5913978494623656,2.588,1.0,1.0,0.4285714285714285,1.0,0.0,0.0,2.5384615384615383,-0.0,13.393378184916386,0.21875
Charlie Conerly,1955,4.0,0.0,0.0181818181818181,0.0,0.0,0.0,0.0,0.0,0.0,0.0,0.0,0.0,4.0181818181818185,0.4
Charlie Durkee,1967,4.0,1.75,1.2321428571428572,1.752,0.0,0.0,0.0,0.0,0.0,0.0,0.0,0.0,8.734142857142858,0.7142857142857143
Charlie Durkee,1968,4.0,2.111111111111111,1.68,2.056,0.0,0.0,0.0,0.0,0.0,0.0,0.0,0.0,9.847111111111111,0.75
Charlie Durkee,1969,0.0,0.0,0.0,0.0,0.0,0.0,0.0,0.0,0.0,0.0,0.0,0.0,0.0,0.1818181818181818
Charlie Durkee,1970,0.0,0.0,0.0,0.0,0.0,0.0,0.0,0.0,0.0,0.0,0.0,0.0,0.0,0.064516129032258
Charlie Durkee,1971,3.84,0.9411764705882352,0.8372093023255814,2.784,1.0,1.0,0.6666666666666666,0.0,0.0,0.0,2.326530612244898,-0.5,12.895583051825382,0.5
Charlie Durkee,1972,4.0,0.15,0.1894736842105263,1.332,1.0,0.0,0.6666666666666666,0.0,0.0,0.0,2.2040816326530615,-0.5,9.042221983530254,0.09375
Charlie Gogolak,1966,3.804,1.6923076923076923,1.3636363636363635,2.588,0.0,0.0,0.0,0.0,0.0,0.0,0.0,0.0,9.447944055944056,0.9090909090909092
Charlie Gogolak,1967,4.0,0.125,0.1071428571428571,1.0,0.0,0.0,0.0,0.0,0.0,0.0,0.0,0.0,5.232142857142857,0.3214285714285714
Charlie Gogolak,1968,3.872,1.0,1.14,1.896,0.0,0.0,0.0,0.0,0.0,0.0,0.0,0.0,7.908,0.5416666666666666
Charlie Gogolak,1969,0.0,0.0,0.0,0.0,0.0,0.0,0.0,0.0,0.0,0.0,0.0,0.0,0.0,0.1818181818181818
Charlie Gogolak,1970,4.0,0.1052631578947368,0.125,1.144,1.0,1.0,0.5,0.0,0.0,0.0,1.9591836734693877,-0.5,9.333446831364125,0.1935483870967742
Charlie Gogolak,1971,4.0,0.7058823529411765,0.7441860465116279,2.284,1.0,0.3333333333333333,0.8571428571428571,0.857142857142857,1.0,0.0,3.122448979591837,-0.0,14.904136426663692,0.7941176470588235
Charlie Gogolak,1972,4.0,0.3,0.2842105263157894,3.0,1.0,0.6666666666666666,1.0,2.0,0.0,0.0,2.571428571428571,-0.0,14.822305764411029,0.71875
Chase McLaughlin,2019,4.0,0.782608695652174,0.7619047619047619,3.132,1.0,1.0,1.0,1.0,1.5,0.0,2.777777777777778,-0.5,16.454291235334715,0.4047619047619047
Chase McLaughlin,2020,3.332,0.16,0.1531531531531531,3.2,1.0,1.0,1.0,2.0,0.0,0.0,2.8363636363636364,-0.0,14.681516789516788,0.2857142857142857
Chase McLaughlin,2021,3.892,0.5769230769230769,0.675,2.856,1.0,1.0,1.0,0.8,1.7999999999999998,0.0,3.1090909090909093,-0.0,16.709013986013986,0.4
Chase McLaughlin,2022,4.0,1.1111111111111112,0.9652173913043478,3.332,1.0,1.0,0.8333333333333334,1.6363636363636365,2.0,0.0,2.8928571428571432,-0.0,18.770882614969572,0.7391304347826086
Chase McLaughlin,2023,4.0,1.0,1.0,3.74,1.0,1.0,1.0,1.3333333333333333,2.5,0.0,3.0535714285714284,-0.0,19.62690476190476,0.813953488372093
Chase McLaughlin,2024,3.856,1.15384615384615,1.28571428571429,3.752,1.0,1.0,1.0,2.0,2.571428571428571,0.0,2.947368421052631,-0.0,20.56635743204164,0.9318181818181818
Chester Marcol,1972,4.0,1.65,1.3473684210526315,2.752,0.8660254037844386,0.875,0.7647058823529411,1.0,2.0,0.0,3.122448979591837,-3.0,15.37754868678185,0.84375
Chester Marcol,1973,3.8,1.0,0.8723404255319149,2.4,1.0,0.6666666666666666,0.6666666666666666,0.5714285714285714,0.0,0.0,2.875,-2.0,11.852102330293818,0.2941176470588235
Chester Marcol,1974,4.0,2.272727272727273,1.4029850746268655,2.564,1.0,1.0,0.6666666666666666,1.0,0.6000000000000001,0.0,3.391304347826087,-1.5,16.39768336184689,0.9411764705882352
Chester Marcol,1975,0.0,0.0769230769230769,0.0379746835443038,4.0,1.0,1.0,1.0,2.0,0.0,0.0,1.3125,-0.5,9.92739776046738,0.1666666666666666
Chester Marcol,1976,3.556,0.6666666666666666,0.7297297297297297,2.104,1.0,1.0,0.5,0.8,0.0,0.0,2.8125,-0.5,12.6688963963964,0.3939393939393939
Chester Marcol,1977,3.144,1.0,0.819672131147541,2.476,1.0,0.6666666666666666,0.5,1.6666666666666667,0.0,0.0,2.808510638297873,-0.5,13.581516102778748,0.5945945945945946
Chester Marcol,1978,4.0,0.7857142857142857,0.8513513513513513,2.316,1.0,0.6,0.4,1.3333333333333333,0.0,0.0,3.0638297872340425,-0.0,14.350228757633015,0.5675675675675675
Chester Marcol,1979,3.556,0.3076923076923077,0.3636363636363636,1.6,1.0,0.5,0.4,0.6666666666666666,0.0,0.0,2.6808510638297873,-0.0,11.074846401825123,0.225
Chester Marcol,1980,3.2,0.1875,0.2048192771084337,3.0,1.0,1.0,0.0,2.0,0.0,0.0,2.875,-0.5,12.967319277108434,0.3333333333333333
Chet Adams,1940,3.112,0.5,0.5263157894736842,0.8,0.0,0.0,0.0,0.0,0.0,0.0,0.0,0.0,4.938315789473684,0.6097560975609756
Chet Adams,1941,3.716,0.3333333333333333,0.8,2.0,0.0,0.0,0.0,0.0,0.0,0.0,0.0,0.0,6.849333333333333,0.7272727272727273
Chet Adams,1942,3.732,1.0,1.0,2.0,0.0,0.0,0.0,0.0,0.0,0.0,0.0,0.0,7.732,0.8936170212765957
Chet Adams,1943,0.0,0.5,0.1034482758620689,0.668,0.0,0.0,0.0,0.0,0.0,0.0,0.0,0.0,1.271448275862069,0.5151515151515151
Chet Adams,1944,0.0,0.0,0.0,0.0,0.0,0.0,0.0,0.0,0.0,0.0,0.0,0.0,0.0,0.4516129032258064
Chet Adams,1945,0.0,0.0,0.0,0.0,0.0,0.0,0.0,0.0,0.0,0.0,0.0,0.0,0.0,0.4411764705882353
Chet Adams,1946,0.0,0.0,0.0,0.0,0.0,0.0,0.0,0.0,0.0,0.0,0.0,0.0,0.0,0.32
Chet Adams,1947,0.0,0.0,0.0,0.0,0.0,0.0,0.0,0.0,0.0,0.0,0.0,0.0,0.0,0.217391304347826
Chet Adams,1948,0.0,0.0,0.0,0.0,0.0,0.0,0.0,0.0,0.0,0.0,0.0,0.0,0.0,0.217391304347826
Chet Adams,1949,0.0,0.0,0.0,0.0,0.0,0.0,0.0,0.0,0.0,0.0,0.0,0.0,0.0,0.0588235294117647
Chet Adams,1950,3.752,0.3333333333333333,1.108695652173913,0.888,0.0,0.0,0.0,0.0,0.0,0.0,0.0,0.0,6.082028985507246,0.5
Chet Bulger,1943,4.0,0.0,0.0344827586206896,0.0,0.0,0.0,0.0,0.0,0.0,0.0,0.0,0.0,4.0344827586206895,0.6666666666666666
Chip Lohmiller,1988,3.904,0.95,1.0,2.924,1.0,0.75,0.7142857142857143,1.4,0.0,0.0,2.76,-0.5,14.902285714285714,0.4615384615384615
Chip Lohmiller,1989,4.0,1.380952380952381,1.3473684210526315,2.9,1.0,1.0,0.8666666666666667,0.5454545454545454,0.0,0.0,2.88,-1.0,14.920442014126223,0.3611111111111111
Chip Lohmiller,1990,4.0,1.5,1.423913043478261,3.0,1.0,1.0,0.8571428571428571,1.0,1.125,0.0,3.3600000000000003,-0.5,17.76605590062112,0.84375
Chip Lohmiller,1991,4.0,1.4761904761904765,1.5520833333333333,2.884,1.0,1.0,0.8333333333333334,1.1764705882352942,1.2000000000000002,0.0,3.0576923076923075,-0.0,18.179770038784746,0.8484848484848485
Chip Lohmiller,1992,4.0,1.5789473684210529,1.2903225806451613,3.0,1.0,1.0,0.6,1.3333333333333333,3.0,0.0,3.0576923076923075,-0.0,19.860295590091855,0.9375
Chip Lohmiller,1993,3.692,0.64,0.6857142857142857,2.284,1.0,1.0,0.6666666666666666,0.5,0.4999999999999998,0.0,2.8867924528301887,-0.0,13.855173405211142,0.1333333333333333
Chip Lohmiller,1994,3.752,0.9090909090909092,0.9183673469387756,2.856,1.0,0.8181818181818182,0.8333333333333334,1.25,1.0,0.0,3.24,-0.0,16.576973407544834,0.4848484848484848
Chip Lohmiller,1995,3.384,0.3333333333333333,0.3211009174311927,2.284,1.0,0.6666666666666666,0.75,0.0,1.5,0.0,3.0,-0.5,12.739100917431193,0.1111111111111111
Chip Lohmiller,1996,3.864,0.875,0.8425925925925926,3.36,1.0,1.0,0.8,1.1428571428571428,3.0,0.0,3.0,-0.0,18.884449735449735,0.9090909090909092
Chris Bahr,1976,3.716,0.9333333333333332,1.0945945945945943,2.076,1.0,0.75,0.5,0.75,1.0,0.0,3.1875,-0.5,14.507427927927928,0.7878787878787878
Chris Bahr,1977,3.848,1.4615384615384617,1.3442622950819672,2.816,1.0,0.9090909090909092,0.5,1.3333333333333333,0.0,0.0,3.0,-0.0,16.212224999044672,0.945945945945946
Chris Bahr,1978,3.588,1.1428571428571428,1.0,2.132,1.0,0.7142857142857143,0.5,1.0,1.0,0.0,3.3191489361702127,-0.0,15.396291793313068,0.8108108108108109
Chris Bahr,1979,3.808,1.0,1.025974025974026,2.26,1.0,0.6666666666666666,0.4285714285714285,1.0,3.0,0.0,3.5106382978723403,-0.5,17.199850419084463,0.9
Chris Bahr,1980,3.728,1.1875,1.180722891566265,2.056,1.0,0.6666666666666666,0.75,0.923076923076923,0.0,0.0,3.0,-0.5,13.991966481309854,0.5
Chris Bahr,1981,3.272,0.7368421052631579,0.7419354838709677,2.332,1.0,0.75,0.5,0.857142857142857,1.7999999999999998,0.0,3.122448979591837,-1.5,13.61236942586882,0.3823529411764705
Chris Bahr,1982,3.88,1.0,1.2156862745098038,2.5,1.0,0.6666666666666666,0.8,1.2,0.0,0.0,2.6875,-0.0,14.94985294117647,0.5526315789473685
Chris Bahr,1983,3.848,1.1666666666666667,1.1515151515151516,3.112,1.0,0.8181818181818182,0.8888888888888888,1.3333333333333333,0.0,0.0,2.764705882352941,-0.5,15.5832917409388,0.5714285714285714
Chris Bahr,1984,3.808,1.0,1.0,2.964,1.0,1.0,0.5714285714285714,1.2727272727272727,3.0,0.0,2.8846153846153846,-0.5,18.000771228771228,0.8857142857142857
Chris Bahr,1985,3.808,0.9090909090909092,0.99009900990099,2.5,1.0,1.0,0.7,0.5,3.0,0.0,3.0,-0.5,16.907189918991897,0.7435897435897436
Chris Bahr,1986,4.0,1.105263157894737,1.053191489361702,3.0,1.0,1.0,0.6666666666666666,1.25,1.5,0.0,3.0588235294117645,-0.5,17.13394484333487,0.8461538461538461
Chris Bahr,1987,3.856,1.1176470588235294,1.0120481927710845,2.62,1.0,1.0,0.7692307692307693,0.6,0.0,0.0,2.88,-0.0,14.854926020825385,0.6333333333333333
Chris Bahr,1988,3.796,0.9,0.9381443298969072,2.484,1.0,1.0,0.5,1.0909090909090908,0.75,0.0,3.0,-2.5,12.959053420805995,0.282051282051282
Chris Bahr,1989,3.868,0.8095238095238095,0.8421052631578947,2.72,1.0,1.0,0.6666666666666666,1.3333333333333333,0.75,0.0,3.18,-0.5,15.669629072681705,0.4722222222222222
Chris Blewitt,2021,4.0,0.0769230769230769,0.0666666666666666,1.6,1.0,1.0,0.4,0.5,0.0,0.0,2.8363636363636364,-0.0,11.47995337995338,0.16
Chris Boniol,1994,4.0,1.0,1.163265306122449,3.036,1.0,0.75,0.8333333333333334,1.3333333333333333,0.0,0.0,2.82,-0.0,15.935931972789117,0.4242424242424242
Chris Boniol,1995,3.832,1.125,1.165137614678899,3.856,1.0,0.9166666666666666,1.0,2.0,0.0,0.0,2.6470588235294117,-0.0,17.541863104874977,0.6944444444444444
Chris Boniol,1996,3.84,1.3333333333333333,1.1111111111111112,3.556,1.0,1.0,0.9230769230769232,1.4285714285714286,1.5,0.0,3.12,-0.0,18.812092796092795,0.8484848484848485
Chris Boniol,1997,4.0,0.9166666666666666,0.9252336448598132,2.84,1.0,1.0,0.9166666666666666,0.7272727272727272,0.0,0.0,2.826923076923077,-0.0,15.15276278238895,0.2571428571428571
Chris Boniol,1998,3.528,0.6363636363636364,0.5757575757575758,2.668,1.0,1.0,0.8,0.6666666666666666,3.0,0.0,2.8846153846153846,-0.5,16.259403263403264,0.4054054054054054
Chris Boniol,1999,3.776,0.4583333333333333,0.4716981132075472,2.444,1.0,1.0,0.3333333333333333,1.2,0.0,0.0,2.7058823529411766,-0.0,13.389247132815388,0.1282051282051282
Chris Boswell,2015,3.852,1.16,1.0462962962962965,3.624,1.0,1.0,1.0,1.5,3.0,0.0,2.833333333333333,-0.0,20.01562962962963,0.9230769230769232
Chris Boswell,2016,4.0,0.7777777777777778,0.825,3.36,1.0,1.0,0.8888888888888888,1.8333333333333333,1.7999999999999998,0.0,2.7222222222222223,-0.0,18.20722222222222,0.6944444444444444
Chris Boswell,2017,3.796,1.3461538461538465,1.3027522935779816,3.684,1.0,1.0,0.8571428571428571,1.8,3.0,2.0,2.9444444444444446,-0.0,22.730493441319133,1.0
Chris Boswell,2018,3.584,0.5652173913043478,0.7387387387387387,2.6,1.0,1.0,0.6666666666666666,1.0,3.0,0.0,2.777777777777778,-0.0,16.93240057448753,0.2619047619047619
Chris Boswell,2019,4.0,1.2608695652173914,1.0952380952380951,3.74,1.0,1.0,1.0,1.8,3.0,0.0,2.833333333333333,-0.0,20.72944099378882,0.9523809523809524
Chris Boswell,2020,3.58,0.76,0.8198198198198198,3.8,1.0,1.0,1.0,1.75,2.625,0.0,3.2181818181818183,-1.0,18.55300163800164,0.6326530612244898
Chris Boswell,2021,3.724,1.3846153846153846,1.125,3.6,1.0,1.0,0.8888888888888888,1.6923076923076923,3.0,0.0,3.0545454545454542,-0.5,19.96935742035742,0.9
Chris Boswell,2022,4.0,0.7407407407407407,0.6782608695652174,2.856,1.0,1.0,0.8,1.0,1.5,0.0,3.1607142857142856,-0.0,16.735715896020242,0.3478260869565217
Chris Boswell,2023,3.856,1.0,0.95,3.74,1.0,1.0,1.0,1.75,1.75,0.0,3.0535714285714284,-0.0,19.099571428571423,0.7209302325581395
Chris Boswell,2024,4.0,1.57692307692308,1.41071428571429,3.728,1.0,1.0,1.0,1.75,2.7857142857142874,0.0,3.0,-0.5,20.75135164835166,0.9772727272727272
Chris Jacke,1989,4.0,1.0476190476190477,1.136842105263158,3.144,1.0,1.0,0.6666666666666666,1.5555555555555556,1.0,0.0,3.12,-0.5,17.170683375104428,0.8333333333333334
Chris Jacke,1990,3.864,1.15,1.0543478260869563,3.068,1.0,1.0,0.7692307692307693,1.0,1.5,0.0,3.18,-0.0,17.585578595317727,0.8125
Chris Jacke,1991,4.0,0.8571428571428571,0.8854166666666666,3.0,1.0,1.0,0.8,0.8888888888888888,3.0,0.0,3.0576923076923075,-0.0,18.48914072039072,0.9393939393939394
Chris Jacke,1992,4.0,1.1578947368421053,1.032258064516129,3.036,1.0,0.7142857142857143,0.9,1.3333333333333333,2.0,0.0,3.0576923076923075,-0.0,18.23146415666959,0.8125
Chris Jacke,1993,4.0,1.24,1.2190476190476192,3.352,1.0,1.0,0.6,1.7142857142857142,2.571428571428571,0.0,3.0566037735849063,-1.5,18.25336567834681,0.8666666666666667
Chris Jacke,1994,3.812,0.8636363636363636,1.0,2.924,1.0,1.0,0.6666666666666666,0.8,1.0,0.0,3.0,-0.5,15.566303030303033,0.3333333333333333
Chris Jacke,1995,4.0,0.7083333333333334,0.8623853211009175,2.956,1.0,0.8571428571428571,0.0,1.6,2.25,0.0,3.0,-1.5,15.733861511577109,0.3611111111111111
Chris Jacke,1996,3.848,0.875,1.0555555555555556,3.112,1.0,1.0,0.8181818181818182,1.1111111111111112,3.0,0.0,3.18,-0.5,18.499848484848485,0.7878787878787878
Chris Jacke,1997,4.0,0.0,0.0467289719626168,0.0,1.0,1.0,0.0,0.0,0.0,0.0,0.0,-0.0,6.046728971962617,0.0571428571428571
Chris Jacke,1998,4.0,0.4545454545454545,0.3636363636363636,2.856,1.0,1.0,0.8333333333333334,0.6666666666666666,1.5,0.0,3.0,-0.0,15.674181818181818,0.3513513513513513
Chris Jacke,1999,4.0,0.7916666666666666,0.7830188679245284,2.816,1.0,1.0,0.8333333333333334,1.1428571428571428,0.0,0.0,2.8823529411764706,-0.0,15.249228951958145,0.4102564102564102
Chris Miller,1989,0.0,0.0476190476190476,0.031578947368421,4.0,1.0,1.0,1.0,2.0,0.0,0.0,1.5,-0.0,10.579197994987467,0.1388888888888889
Chris Naggar,2021,2.0,0.0384615384615384,0.0333333333333333,4.0,1.0,1.0,1.0,2.0,0.0,0.0,2.018181818181818,-0.0,13.08997668997669,0.24
Chuck DeShane,1945,0.0,0.0,0.0,0.0,0.0,0.0,0.0,0.0,0.0,0.0,0.0,0.0,0.0,0.4411764705882353
Chuck DeShane,1946,4.0,0.0,0.25,0.0,0.0,0.0,0.0,0.0,0.0,0.0,0.0,0.0,4.25,0.6
Chuck Hanneman,1940,4.0,1.0,0.8421052631578947,2.0,0.0,0.0,0.0,0.0,0.0,0.0,0.0,0.0,7.842105263157895,0.8536585365853658
Chuck Hanneman,1941,4.0,0.3333333333333333,0.35,1.0,0.0,0.0,0.0,0.0,0.0,0.0,0.0,0.0,5.683333333333333,0.5681818181818182
Chuck Mercein,1965,0.0,0.0,0.0,0.0,0.0,0.0,0.0,0.0,0.0,0.0,0.0,0.0,0.0,0.2727272727272727
Chuck Mercein,1966,0.0,0.0,0.0,0.0,0.0,0.0,0.0,0.0,0.0,0.0,0.0,0.0,0.0,0.1818181818181818
Chuck Mercein,1967,2.668,0.0,0.0357142857142857,0.0,0.0,0.0,0.0,0.0,0.0,0.0,0.0,0.0,2.7037142857142857,0.1428571428571428
Chuck Mercein,1968,4.0,0.2222222222222222,0.26,1.6,0.0,0.0,0.0,0.0,0.0,0.0,0.0,0.0,6.082222222222223,0.2916666666666667
Chuck Nelson,1983,3.568,0.2777777777777778,0.4848484848484848,1.82,1.0,0.3333333333333333,0.75,0.5,0.0,0.0,2.4117647058823533,-1.0,10.14572430184195,0.1714285714285714
Chuck Nelson,1984,4.0,0.15,0.23,2.4,1.0,1.0,0.5,1.3333333333333333,0.0,0.0,2.7115384615384617,-0.0,13.324871794871797,0.2285714285714285
Chuck Nelson,1985,0.0,0.0,0.0,0.0,0.0,0.0,0.0,0.0,0.0,0.0,0.0,0.0,0.0,0.1538461538461538
Chuck Nelson,1986,3.744,1.1578947368421053,1.1702127659574468,3.144,1.0,0.875,0.9,1.1428571428571428,2.0,0.0,3.1176470588235303,-1.0,17.251611704480226,0.8717948717948718
Chuck Nelson,1987,3.892,0.7647058823529411,0.9036144578313252,2.168,1.0,0.8333333333333334,0.5,0.0,1.5,0.0,3.06,-0.5,14.1216536735176,0.5166666666666667
Chuck Nelson,1988,3.92,1.0,1.11340206185567,3.2,0.816496580927726,1.0,1.0,0.4,0.0,0.0,2.94,-0.0,15.389898642783397,0.5384615384615384
Clarke Hinkle,1940,4.0,4.5,1.5789473684210529,2.572,0.0,0.0,0.0,0.0,0.0,0.0,0.0,0.0,12.650947368421054,1.0
Clarke Hinkle,1941,4.0,2.0,1.0,1.716,0.0,0.0,0.0,0.0,0.0,0.0,0.0,0.0,8.716,0.9090909090909092
Clay Tonnemaker,1950,4.0,0.0,0.0217391304347826,0.0,0.0,0.0,0.0,0.0,0.0,0.0,0.0,0.0,4.021739130434782,0.25
Cliff Olander,1979,4.0,0.0,0.0129870129870129,0.0,1.0,1.0,0.0,0.0,0.0,0.0,0.0,-0.5,5.512987012987013,0.075
Cliff Patton,1947,3.6,0.5,0.9375,0.856,0.0,0.0,0.0,0.0,0.0,0.0,0.0,0.0,5.8934999999999995,0.5217391304347826
Cliff Patton,1948,4.0,1.6,1.681818181818182,2.668,0.0,0.0,0.0,0.0,0.0,0.0,0.0,0.0,9.94981818181818,1.0
Cliff Patton,1949,3.908,1.8,1.5,2.0,0.0,0.0,0.0,0.0,0.0,0.0,0.0,0.0,9.208,0.8823529411764706
Cliff Patton,1950,3.88,1.3333333333333333,1.2173913043478262,1.884,0.0,0.0,0.0,0.0,0.0,0.0,0.0,0.0,8.31472463768116,0.875
Cliff Patton,1951,4.0,0.8333333333333334,0.6938775510204082,2.5,0.0,0.0,0.0,0.0,0.0,0.0,0.0,0.0,8.027210884353742,0.782608695652174
Clint Stitser,2010,3.2,0.2916666666666667,0.2735849056603773,3.5,1.0,0.8,1.0,2.0,0.0,0.0,2.660377358490566,-0.0,14.72562893081761,0.2045454545454545
Cody Parkey,2014,4.0,1.2307692307692308,1.293103448275862,3.556,1.0,1.0,0.875,1.3333333333333333,2.25,0.0,3.0566037735849063,-0.5,19.09480978596333,0.8611111111111112
Cody Parkey,2015,4.0,0.12,0.1481481481481481,3.0,1.0,1.0,1.0,1.0,0.0,0.0,2.5555555555555554,-0.0,13.823703703703703,0.0769230769230769
Cody Parkey,2016,3.808,0.7407407407407407,0.6666666666666666,3.2,1.0,1.0,1.0,1.1666666666666667,1.5,0.0,2.833333333333333,-1.0,15.915407407407407,0.1944444444444444
Cody Parkey,2017,3.588,0.8076923076923077,0.8165137614678899,3.652,1.0,1.0,1.0,1.7142857142857142,2.25,0.0,3.0,-0.0,18.828491783445912,0.6590909090909091
Cody Parkey,2018,3.732,1.0,1.0,3.068,1.0,1.0,0.7,1.5,1.5,0.0,2.777777777777778,-0.0,17.27777777777778,0.4047619047619047
Cody Parkey,2019,3.332,0.1304347826086956,0.1333333333333333,4.0,1.0,1.0,1.0,2.0,0.0,0.0,2.833333333333333,-0.5,14.92910144927536,0.1904761904761904
Cody Parkey,2020,3.66,0.76,0.9009009009009008,3.456,1.0,1.0,0.6666666666666666,1.8181818181818183,3.0,0.0,2.509090909090909,-0.0,18.77084029484029,0.6530612244897959
Cody Parkey,2021,2.4,0.0,0.025,0.0,1.0,1.0,0.0,0.0,0.0,0.0,0.0,-0.0,4.425,0.1
Cole Ford,1995,3.776,0.3333333333333333,0.3761467889908257,3.556,1.0,1.0,1.0,2.0,0.0,0.0,2.7058823529411766,-0.0,15.747362475265335,0.3888888888888889
Cole Ford,1996,4.0,1.0,1.0,3.096,1.0,0.8181818181818182,0.9090909090909092,1.25,0.0,0.0,2.82,-0.5,15.393272727272729,0.303030303030303
Cole Ford,1997,3.772,0.5416666666666666,0.6728971962616822,2.364,1.0,0.6,0.6666666666666666,1.0,3.0,0.0,3.0576923076923075,-0.0,16.674922837287323,0.4857142857142857
Connor Barth,2008,4.0,0.3703703703703703,0.453781512605042,3.332,1.0,1.0,0.75,2.0,0.0,0.0,2.547169811320755,-0.0,15.453321694296166,0.2439024390243902
Connor Barth,2009,4.0,0.5833333333333334,0.54,2.948,1.0,1.0,0.6666666666666666,1.4285714285714286,0.0,0.0,3.115384615384615,-0.0,15.281956043956043,0.3488372093023256
Connor Barth,2010,4.0,0.9583333333333334,0.9905660377358492,3.284,1.0,1.0,1.0,1.2,1.5,0.0,3.0,-0.0,17.932899371069183,0.6136363636363636
Connor Barth,2011,4.0,1.04,0.8559322033898306,3.716,1.0,1.0,1.0,1.8571428571428572,1.5,0.0,3.1132075471698113,-0.5,18.5822826077025,0.7894736842105263
Connor Barth,2012,4.0,1.0769230769230769,1.0695652173913044,3.392,1.0,1.0,0.75,1.8461538461538465,3.0,0.0,3.2264150943396226,-0.0,20.36105723480785,0.9444444444444444
Connor Barth,2013,0.0,0.0,0.0,0.0,0.0,0.0,0.0,0.0,0.0,0.0,0.0,0.0,0.0,0.0
Connor Barth,2014,4.0,0.5769230769230769,0.5172413793103449,3.752,1.0,1.0,1.0,1.5,0.0,0.0,2.830188679245283,-0.0,16.176353135478703,0.1666666666666666
Connor Barth,2015,3.848,0.92,0.8703703703703703,3.284,1.0,1.0,1.0,1.0,2.5,0.0,2.9444444444444446,-0.0,18.366814814814816,0.6410256410256411
Connor Barth,2016,3.876,0.6666666666666666,0.7083333333333334,3.132,1.0,0.875,0.875,1.5,1.0,0.0,3.0,-0.5,16.133,0.25
Connor Barth,2017,4.0,0.4230769230769231,0.4587155963302752,2.752,1.0,1.0,0.688,1.1111111111111112,0.0,0.0,3.0,-0.0,14.43290363051831,0.2045454545454545
Conway Baker,1943,3.332,0.5,0.2758620689655172,2.0,0.0,0.0,0.0,0.0,0.0,0.0,0.0,0.0,6.107862068965517,0.8484848484848485
Conway Baker,1944,2.932,0.0,0.3666666666666666,0.0,0.0,0.0,0.0,0.0,0.0,0.0,0.0,0.0,3.298666666666666,0.5161290322580645
Conway Baker,1945,0.0,0.0,0.0,0.0,0.0,0.0,0.0,0.0,0.0,0.0,0.0,0.0,0.0,0.4411764705882353
Cotton Price,1940,4.0,0.0,0.2105263157894736,0.0,0.0,0.0,0.0,0.0,0.0,0.0,0.0,0.0,4.2105263157894735,0.5365853658536586
Craig Hentrich,1995,4.0,0.125,0.128440366972477,2.4,1.0,1.0,0.6666666666666666,1.0,0.0,0.0,2.8823529411764706,-0.5,12.702459974815614,0.0833333333333333
Craig Hentrich,1996,0.0,0.0,0.0,0.0,0.0,0.0,0.0,0.0,0.0,0.0,0.0,0.0,0.0,0.0303030303030303
Craig Hentrich,1997,0.0,0.0,0.0,0.0,0.0,0.0,0.0,0.0,0.0,0.0,0.0,0.0,0.0,0.0
Craig Hentrich,1998,0.0,0.0,0.0,0.0,1.0,1.0,0.0,0.0,0.0,0.0,0.0,-0.0,2.0,0.081081081081081
Craig Hentrich,1999,0.0,0.0,0.0,0.0,0.0,0.0,0.0,0.0,0.0,0.0,0.0,0.0,0.0,0.0256410256410256
Craig Hentrich,2000,0.0,0.0,0.0,0.0,1.0,1.0,0.0,0.0,0.0,0.0,0.0,-0.0,2.0,0.0238095238095238
Craig Hentrich,2001,0.0,0.0,0.0,0.0,0.0,0.0,0.0,0.0,0.0,0.0,0.0,0.0,0.0,0.048780487804878
Craig Hentrich,2002,0.0,0.0,0.0,0.0,0.0,0.0,0.0,0.0,0.0,0.0,0.0,0.0,0.0,0.0444444444444444
Craig Hentrich,2003,4.0,0.1818181818181818,0.1274509803921568,3.2,1.0,1.0,1.0,2.0,0.0,0.0,2.8823529411764706,-0.0,15.391622103386808,0.4047619047619047
Craig Hentrich,2004,0.0,0.0454545454545454,0.03,1.332,1.0,1.0,0.333,0.666,0.0,0.0,2.9411764705882355,-0.0,7.347631016042781,0.0476190476190476
Curt Knight,1969,3.888,1.4545454545454546,1.3387096774193548,2.372,0.9354143466934852,0.8,0.7142857142857143,0.0,0.0,0.0,3.0,0.0,14.50295519294401,0.5454545454545454
Curt Knight,1970,3.884,1.0526315789473684,1.056818181818182,2.964,1.0,1.0,0.7142857142857143,0.8888888888888888,0.0,0.0,3.0,-0.5,15.060624363940152,0.7741935483870968
Curt Knight,1971,4.0,1.7058823529411764,1.3255813953488371,2.368,0.9128709291752768,0.6666666666666666,0.5714285714285714,0.5454545454545454,2.0,0.0,3.183673469387755,-1.0,16.279557930402827,0.9705882352941176
Curt Knight,1972,3.904,0.7,0.8631578947368421,1.868,1.0,0.0,0.5454545454545454,1.0,0.0,0.0,2.816326530612245,-0.5,12.196938970803632,0.34375
Curt Knight,1973,4.0,1.0476190476190477,1.0957446808510638,2.096,1.0,0.7142857142857143,0.4615384615384615,0.6666666666666666,0.0,0.0,2.625,-1.5,12.206854570960951,0.3235294117647059
Curtis Burrow,1988,2.0,0.0,0.0206185567010309,0.0,1.0,1.0,0.0,0.0,0.0,0.0,0.0,-0.5,3.520618556701031,0.0512820512820512
Dale Dawson,1987,4.0,0.0588235294117647,0.0843373493975903,0.8,1.0,1.0,0.5,0.0,0.0,0.0,2.04,-0.0,9.483160878809354,0.1
Dale Dawson,1988,3.2,0.15,0.134020618556701,2.0,1.0,0.6666666666666666,0.5,0.0,0.0,0.0,1.92,-0.0,9.570687285223368,0.1282051282051282
Dale Livingston,1970,3.62,0.7894736842105263,0.7272727272727273,2.144,0.9128709291752768,0.5454545454545454,0.4285714285714285,0.5,0.0,0.0,3.0,-0.5,12.167643314684504,0.3548387096774194
Damon Tassos,1946,4.0,0.0,0.075,0.0,0.0,0.0,0.0,0.0,0.0,0.0,0.0,0.0,4.075,0.48
Dan Bailey,2011,4.0,1.28,1.1440677966101696,3.46,1.0,0.8888888888888888,1.0,1.6666666666666667,2.0,0.0,2.8867924528301887,-2.5,16.826415804995914,0.3157894736842105
Dan Bailey,2012,4.0,1.1153846153846154,1.0782608695652174,3.74,1.0,1.0,1.0,2.0,3.0,0.0,2.8867924528301887,-0.5,20.32043793778002,0.9166666666666666
Dan Bailey,2013,4.0,1.0769230769230769,1.1101694915254237,3.732,1.0,1.0,0.8888888888888888,2.0,2.4000000000000004,0.0,2.9444444444444446,-0.0,20.152425901781832,0.8285714285714286
Dan Bailey,2014,4.0,0.9615384615384616,1.1293103448275863,3.448,1.0,1.0,0.8571428571428571,1.7777777777777777,2.0999999999999996,0.0,3.169811320754717,-0.5,18.9435807620414,0.8055555555555556
Dan Bailey,2015,4.0,1.2,1.0648148148148149,3.752,1.0,1.0,1.0,1.7142857142857142,0.0,0.0,3.0,-0.0,17.73110052910053,0.4358974358974359
Dan Bailey,2016,4.0,1.0,1.0583333333333331,3.376,1.0,1.0,1.0,1.5555555555555556,3.0,0.0,3.1111111111111107,-0.0,20.101,0.9722222222222222
Dan Bailey,2017,3.716,0.5769230769230769,0.6513761467889908,3.0,1.0,0.75,0.8,1.6,1.0,0.0,3.1111111111111107,-0.5,15.705410334823178,0.2954545454545454
Dan Bailey,2018,3.872,0.9130434782608696,0.8378378378378378,3.0,1.0,0.8333333333333334,1.0,0.8888888888888888,2.4000000000000004,0.0,2.8888888888888884,-0.0,17.63399242720982,0.4285714285714285
Dan Bailey,2019,3.636,1.173913043478261,1.1523809523809525,3.724,1.0,1.0,1.0,1.4285714285714286,2.0,0.0,2.777777777777778,-0.0,18.89264320220842,0.7380952380952381
Dan Bailey,2020,3.44,0.6,0.7387387387387387,2.728,1.0,1.0,0.75,1.1428571428571428,1.2000000000000002,0.0,2.8909090909090907,-0.0,15.490504972504972,0.3265306122448979
Dan Carpenter,2008,4.0,0.7777777777777778,0.865546218487395,3.36,1.0,1.0,1.0,1.3846153846153846,1.5,0.0,2.830188679245283,-0.0,17.71812806012584,0.5609756097560976
Dan Carpenter,2009,3.896,1.0416666666666667,1.12,3.572,1.0,1.0,0.875,1.7777777777777777,2.5,1.0,3.0,-0.0,20.782444444444444,1.0
Dan Carpenter,2010,4.0,1.25,1.0849056603773586,2.928,1.0,1.0,1.0,1.2222222222222223,0.0,0.0,3.39622641509434,-0.5,16.38135429769392,0.3863636363636363
Dan Carpenter,2011,4.0,1.16,0.9576271186440678,3.412,1.0,0.9090909090909092,0.8571428571428571,1.8333333333333333,2.0,0.0,3.283018867924528,-0.0,19.412213086135697,0.9210526315789472
Dan Carpenter,2012,4.0,0.8461538461538461,0.8,3.26,1.0,1.0,1.0,1.6,1.5,0.0,3.0,-0.0,18.006153846153843,0.4166666666666667
Dan Carpenter,2013,4.0,1.2692307692307692,1.1101694915254237,3.668,1.0,1.0,1.0,1.8181818181818183,1.7999999999999998,0.0,3.055555555555556,-0.5,19.22113763449357,0.6285714285714286
Dan Carpenter,2014,3.876,1.3076923076923077,1.146551724137931,3.58,1.0,1.0,0.9230769230769232,1.75,2.4000000000000004,0.0,3.283018867924528,-1.0,19.266339822831693,0.8888888888888888
Dan Carpenter,2015,3.4,0.92,0.9537037037037036,3.408,1.0,1.0,0.8888888888888888,1.75,1.7999999999999998,0.0,2.8888888888888884,-0.0,18.009481481481483,0.5384615384615384
Dan Carpenter,2016,3.556,0.7037037037037037,0.8083333333333333,3.04,1.0,1.0,1.0,0.8888888888888888,1.2000000000000002,2.0,3.0,-0.5,17.696925925925925,0.4722222222222222
Dan DeSantis,1941,4.0,0.0,0.05,0.0,0.0,0.0,0.0,0.0,0.0,0.0,0.0,0.0,4.05,0.3409090909090909
Dan Pastorini,1977,0.0,0.0,0.0,0.0,1.0,1.0,0.0,0.0,0.0,0.0,0.0,-0.0,2.0,0.054054054054054
Daniel Carlson,2018,4.0,0.7391304347826086,0.6756756756756757,3.24,1.0,1.0,0.75,1.5,1.5,0.0,2.777777777777778,-0.0,17.182583888236064,0.3333333333333333
Daniel Carlson,2019,3.776,0.8260869565217391,0.8666666666666667,2.924,1.0,1.0,0.8333333333333334,1.2,1.0,2.0,2.6666666666666665,-0.5,17.592753623188404,0.5238095238095238
Daniel Carlson,2020,3.828,1.32,1.2972972972972974,3.772,1.0,1.0,1.0,1.2,1.125,0.0,2.9454545454545453,-0.0,18.48775184275184,0.6122448979591837
Daniel Carlson,2021,3.636,1.5384615384615383,1.25,3.72,1.0,0.9090909090909092,1.0,1.8461538461538465,2.6666666666666665,0.0,3.0545454545454542,-0.0,20.620918414918417,0.96
Daniel Carlson,2022,3.888,1.2592592592592593,1.191304347826087,3.676,1.0,1.0,1.0,1.5,3.0,0.0,3.0535714285714284,-0.0,20.568135035656773,0.9565217391304348
Daniel Carlson,2023,4.0,0.896551724137931,0.9166666666666666,3.468,1.0,1.0,0.8571428571428571,1.8,2.142857142857143,0.0,2.8928571428571432,-0.0,18.97407553366174,0.6744186046511628
Daniel Carlson,2024,3.68,1.30769230769231,1.11607142857143,3.4,1.0,1.0,1.0,1.5,2.571428571428571,0.0,2.842105263157896,-0.5,18.91729757085021,0.6590909090909091
Danny Boyd,2002,4.0,0.217391304347826,0.2135922330097087,4.0,1.0,1.0,1.0,2.0,0.0,0.0,1.9411764705882355,-0.0,15.37216000794577,0.3777777777777777
Danny Miller,1982,3.6,0.6,0.5294117647058824,2.18,1.0,1.0,0.0,1.3333333333333333,3.0,0.0,3.625,-1.0,15.867745098039215,0.6578947368421053
Danny Villanueva,1960,4.0,1.7142857142857142,1.4545454545454546,2.528,0.0,0.0,0.0,0.0,0.0,0.0,0.0,0.0,9.696831168831167,0.8076923076923077
Danny Villanueva,1961,4.0,1.4444444444444444,1.126984126984127,1.924,0.0,0.0,0.0,0.0,0.0,0.0,0.0,0.0,8.49542857142857,0.7142857142857143
Danny Villanueva,1962,3.852,1.1111111111111112,0.9655172413793104,2.0,0.0,0.0,0.0,0.0,0.0,0.0,0.0,0.0,7.928628352490421,0.6086956521739131
Danny Villanueva,1963,3.848,1.0,0.9629629629629628,2.116,0.0,0.0,0.0,0.0,0.0,0.0,0.0,0.0,7.926962962962962,0.55
Danny Villanueva,1964,0.0,0.0,0.0,0.0,0.0,0.0,0.0,0.0,0.0,0.0,0.0,0.0,0.0,0.2272727272727272
Danny Villanueva,1965,3.896,1.6,1.4406779661016949,2.372,0.0,0.0,0.0,0.0,0.0,0.0,0.0,0.0,9.308677966101694,0.7272727272727273
Danny Villanueva,1966,4.0,1.3076923076923077,1.3896103896103895,2.192,0.0,0.0,0.0,0.0,0.0,0.0,0.0,0.0,8.889302697302696,0.7272727272727273
Danny Villanueva,1967,3.764,1.0,1.0,1.684,0.0,0.0,0.0,0.0,0.0,0.0,0.0,0.0,7.448,0.5714285714285714
Dare Ogunbowale,2023,0.0,0.0344827586206896,0.025,4.0,1.0,1.0,1.0,2.0,0.0,0.0,1.5535714285714288,-0.0,10.613054187192118,0.0930232558139534
Dave Conway,1971,4.0,0.0,0.0581395348837209,0.0,1.0,1.0,0.0,0.0,0.0,0.0,0.0,-0.5,5.558139534883721,0.0294117647058823
Dave Green,1975,3.556,0.7692307692307693,0.8860759493670886,1.904,1.0,0.625,0.1428571428571428,1.2,0.0,0.0,3.0,-2.0,11.083163861455,0.2
Dave Green,1976,3.144,0.5333333333333333,0.4729729729729729,2.132,1.0,0.6666666666666666,0.5,0.8,0.0,0.0,2.8125,-1.5,10.561472972972975,0.1212121212121212
Dave Green,1977,3.332,0.3076923076923077,0.2786885245901639,2.284,1.0,1.0,0.0,1.0,0.0,0.0,2.5531914893617023,-1.0,10.755572321644172,0.2432432432432432
Dave Green,1978,0.0,0.0714285714285714,0.0405405405405405,4.0,1.0,1.0,1.0,2.0,0.0,0.0,2.234042553191489,-1.0,10.3460116651606,0.1621621621621621
Dave Jacobs,1979,3.636,0.3846153846153846,0.3246753246753247,2.224,1.0,0.75,0.5,0.6666666666666666,0.0,0.0,2.6808510638297873,-0.0,12.16680843978716,0.25
Dave Jacobs,1980,0.0,0.0,0.0,0.0,0.0,0.0,0.0,0.0,0.0,0.0,0.0,0.0,0.0,0.0277777777777777
Dave Jacobs,1981,3.6,0.2105263157894736,0.2258064516129032,1.332,1.0,0.6666666666666666,0.3333333333333333,0.0,0.0,0.0,2.142857142857143,-0.5,9.01118991025952,0.1176470588235294
Dave Jacobs,1982,0.0,0.0,0.0,0.0,0.0,0.0,0.0,0.0,0.0,0.0,0.0,0.0,0.0,0.0789473684210526
Dave Jacobs,1983,0.0,0.0,0.0,0.0,0.0,0.0,0.0,0.0,0.0,0.0,0.0,0.0,0.0,0.0285714285714285
Dave Jacobs,1984,0.0,0.0,0.0,0.0,0.0,0.0,0.0,0.0,0.0,0.0,0.0,0.0,0.0,0.0285714285714285
Dave Jacobs,1985,0.0,0.0,0.0,0.0,0.0,0.0,0.0,0.0,0.0,0.0,0.0,0.0,0.0,0.1538461538461538
Dave Jacobs,1986,0.0,0.0,0.0,0.0,0.0,0.0,0.0,0.0,0.0,0.0,0.0,0.0,0.0,0.0769230769230769
Dave Jacobs,1987,2.0,0.1764705882352941,0.1325301204819277,2.4,1.0,1.0,0.0,1.3333333333333333,0.0,0.0,2.64,-0.0,10.682334042050556,0.1833333333333333
Dave Lloyd,1965,4.0,0.1,0.1694915254237288,2.0,0.0,0.0,0.0,0.0,0.0,0.0,0.0,0.0,6.269491525423728,0.4090909090909091
Dave Mann,1955,0.0,0.1,0.0545454545454545,4.0,0.0,0.0,0.0,0.0,0.0,0.0,0.0,0.0,4.154545454545454,0.48
Dave Pureifory,1975,2.0,0.0,0.0253164556962025,0.0,1.0,1.0,0.0,0.0,0.0,0.0,0.0,-0.0,4.025316455696203,0.0666666666666666
Dave Rayner,2005,0.0,0.0,0.0,0.0,1.0,1.0,0.0,0.0,0.0,0.0,0.0,-0.0,2.0,0.1111111111111111
Dave Rayner,2006,3.876,1.0833333333333333,1.0186915887850467,2.972,1.0,0.9166666666666666,0.6666666666666666,1.4545454545454546,0.0,0.0,3.115384615384615,-0.0,16.103288325381783,0.2631578947368421
Dave Rayner,2007,4.0,0.625,0.5221238938053098,2.728,1.0,1.0,0.7,1.25,0.6000000000000001,0.0,2.826923076923077,-0.5,14.752046970728385,0.25
Dave Rayner,2008,4.0,0.037037037037037,0.0504201680672268,4.0,1.0,1.0,1.0,2.0,1.5,0.0,1.471698113207547,-0.0,16.059155318311813,0.2926829268292683
Dave Rayner,2009,0.0,0.0,0.0,0.0,0.0,0.0,0.0,0.0,0.0,0.0,0.0,0.0,0.0,0.0697674418604651
Dave Rayner,2010,4.0,0.5416666666666666,0.5188679245283019,3.248,1.0,1.0,1.0,1.25,2.25,0.0,3.1132075471698113,-0.0,17.92174213836478,0.5909090909090909
Dave Rayner,2011,4.0,0.4,0.3644067796610169,2.668,1.0,0.8333333333333334,0.75,0.0,1.5,0.0,3.169811320754717,-0.0,14.685551433749067,0.1052631578947368
Dave Ryan,1945,0.0,0.25,0.088235294117647,1.332,0.0,0.0,0.0,0.0,0.0,0.0,0.0,0.0,1.670235294117647,0.5
David Akers,1998,4.0,0.0,0.0202020202020202,0.0,1.0,1.0,0.0,0.0,0.0,0.0,0.0,-0.0,6.02020202020202,0.1351351351351351
David Akers,1999,4.0,0.125,0.1037735849056603,2.0,1.0,1.0,0.5,1.3333333333333333,1.0,0.0,3.1176470588235303,-0.0,14.179753977062523,0.3076923076923077
David Akers,2000,3.776,1.2083333333333333,1.1523809523809525,3.516,1.0,1.0,0.9333333333333332,1.4,2.142857142857143,0.0,3.0,-0.5,18.628904761904764,0.7857142857142857
David Akers,2001,3.896,1.1304347826086956,1.1386138613861383,3.356,1.0,1.0,0.875,1.4,2.25,0.0,2.9411764705882355,-1.0,17.98722511458307,0.7560975609756098
David Akers,2002,4.0,1.3043478260869563,1.2912621359223302,3.528,1.0,1.0,0.875,1.7142857142857142,2.5,0.0,3.0,-1.0,19.212895676295,0.9555555555555556
David Akers,2003,4.0,1.0909090909090908,1.1176470588235294,3.312,1.0,1.0,1.0,1.2,2.25,0.0,3.3529411764705883,-1.0,18.323497326203206,0.8809523809523809
David Akers,2004,3.904,1.2272727272727273,1.22,3.376,1.0,1.0,0.8571428571428571,1.6666666666666667,3.0,0.0,3.0,-0.0,20.251082251082252,1.0
David Akers,2005,4.0,0.6666666666666666,0.6698113207547169,2.908,1.0,1.0,0.875,1.1111111111111112,3.0,0.0,2.8846153846153846,-0.0,18.11520448314788,0.8666666666666667
David Akers,2006,4.0,0.75,0.9532710280373832,3.132,1.0,0.9,0.6,1.5,3.0,0.0,2.7115384615384617,-0.0,18.546809489575843,0.7894736842105263
David Akers,2007,4.0,1.0,0.9557522123893806,3.0,1.0,1.0,1.0,0.3333333333333332,0.0,0.0,3.0576923076923075,-0.0,15.346777853415023,0.275
David Akers,2008,4.0,1.2222222222222223,1.2100840336134453,3.3,1.0,1.0,0.8333333333333334,1.6,0.0,0.0,2.8867924528301887,-1.0,16.05243204199919,0.2682926829268293
David Akers,2009,3.824,1.3333333333333333,1.39,3.46,1.0,1.0,0.8888888888888888,1.6923076923076923,2.25,0.0,3.0,-0.0,19.83852991452991,0.9302325581395348
David Akers,2010,4.0,1.3333333333333333,1.349056603773585,3.368,1.0,1.0,0.8333333333333334,1.6363636363636365,2.25,0.0,2.830188679245283,-1.0,18.60027558604917,0.75
David Akers,2011,4.0,1.76,1.4067796610169492,3.384,1.0,1.0,0.9285714285714286,1.0909090909090908,2.3333333333333335,0.0,3.1132075471698113,-1.5,18.51680106100061,0.7631578947368421
David Akers,2012,4.0,1.1153846153846154,1.1391304347826088,2.76,1.0,0.8888888888888888,0.8461538461538461,1.0769230769230769,1.7999999999999998,0.0,3.5660377358490565,-0.0,18.192518597982097,0.4722222222222222
David Akers,2013,3.908,0.7307692307692307,0.8389830508474576,3.168,1.0,1.0,0.75,1.1428571428571428,1.2857142857142856,0.0,2.9444444444444446,-0.0,16.76876815463256,0.1428571428571428
David Buehler,2010,3.82,1.0,1.0754716981132075,3.0,1.0,1.0,0.5714285714285714,1.4545454545454546,2.25,0.0,3.0,-0.5,17.671445724087235,0.5681818181818182
David Hardy,1987,4.0,0.0,0.0843373493975903,0.0,1.0,1.0,0.0,0.0,0.0,0.0,0.0,-0.5,5.5843373493975905,0.0166666666666666
David Posey,1978,3.74,0.7857142857142857,0.8378378378378378,2.0,1.0,0.75,0.4545454545454545,0.6666666666666666,0.0,0.0,3.0,-1.0,12.234764244764245,0.3243243243243243
David Ray,1970,4.0,1.5263157894736843,1.375,2.576,0.9534625892455924,0.7857142857142857,0.4545454545454545,0.6666666666666666,0.0,0.0,2.816326530612245,-1.0,14.154031316257928,0.6774193548387096
David Ray,1971,4.0,1.0588235294117647,1.058139534883721,2.484,0.9258200997725514,0.75,0.6666666666666666,0.8,0.0,0.0,3.0,-1.0,13.743449830734702,0.6176470588235294
David Ray,1972,4.0,1.2,1.0842105263157895,2.34,0.9258200997725514,0.7142857142857143,0.8181818181818182,0.6153846153846154,0.0,0.0,2.755102040816327,-1.5,12.952984814756814,0.4375
David Ray,1973,3.808,1.4285714285714286,1.3829787234042554,2.552,0.9486832980505138,0.7777777777777778,0.5625,0.909090909090909,0.0,0.0,3.0,-1.0,14.369602136894883,0.6764705882352942
David Ray,1974,3.224,0.8181818181818182,0.7761194029850746,2.248,1.0,0.8333333333333334,0.4,0.5,0.0,0.0,3.0,-1.0,11.799634554500226,0.2647058823529412
David Treadwell,1989,3.9,1.2857142857142858,1.263157894736842,3.272,1.0,0.9285714285714286,1.0,0.857142857142857,0.0,0.0,2.76,-0.5,15.766586466165414,0.5277777777777778
David Treadwell,1990,3.776,1.25,1.184782608695652,2.94,1.0,0.9285714285714286,0.6666666666666666,1.2307692307692308,0.0,0.0,2.94,-0.5,15.416789934702978,0.40625
David Treadwell,1991,3.876,1.2857142857142858,1.1666666666666667,3.0,1.0,1.0,0.75,0.6666666666666666,0.0,0.0,2.7115384615384617,-1.5,13.956586080586082,0.1818181818181818
David Treadwell,1992,4.0,1.0526315789473684,0.946236559139785,3.332,1.0,0.9,0.75,1.6,0.0,0.0,2.6538461538461537,-0.0,16.234714291933308,0.5625
David Treadwell,1993,3.864,1.0,0.9809523809523808,3.224,1.0,0.9166666666666666,0.7,1.3333333333333333,0.0,0.0,2.60377358490566,-1.0,14.622725965858042,0.2666666666666666
David Treadwell,1994,3.828,0.5,0.5612244897959183,2.588,1.0,1.0,0.5714285714285714,0.5,0.0,0.0,2.46,-0.0,13.00865306122449,0.1515151515151515
David Trout,1981,3.304,0.631578947368421,0.7956989247311828,2.824,1.0,0.8333333333333334,0.5,1.2,0.0,0.0,2.938775510204082,-0.0,14.027386715637018,0.4411764705882353
David Trout,1982,0.0,0.0,0.0,0.0,0.0,0.0,0.0,0.0,0.0,0.0,0.0,0.0,0.0,0.0789473684210526
David Trout,1983,0.0,0.0,0.0,0.0,0.0,0.0,0.0,0.0,0.0,0.0,0.0,0.0,0.0,0.0285714285714285
David Trout,1984,0.0,0.0,0.0,0.0,0.0,0.0,0.0,0.0,0.0,0.0,0.0,0.0,0.0,0.0285714285714285
David Trout,1985,0.0,0.0,0.0,0.0,0.0,0.0,0.0,0.0,0.0,0.0,0.0,0.0,0.0,0.1538461538461538
David Trout,1986,0.0,0.0,0.0,0.0,0.0,0.0,0.0,0.0,0.0,0.0,0.0,0.0,0.0,0.0769230769230769
David Trout,1987,4.0,0.0,0.1204819277108433,0.0,1.0,0.0,0.0,0.0,0.0,0.0,0.0,-0.0,5.120481927710843,0.0
David Warnke,1983,2.0,0.0,0.0101010101010101,0.0,1.0,0.0,0.0,0.0,0.0,0.0,0.0,-0.0,3.01010101010101,0.0571428571428571
Deacon Jones,1974,4.0,0.0,0.0149253731343283,0.0,1.0,1.0,0.0,0.0,0.0,0.0,0.0,-0.0,6.014925373134329,0.1176470588235294
Dean Biasucci,1984,3.716,0.15,0.22,2.4,1.0,1.0,0.6,2.0,1.0,0.0,2.8846153846153846,-0.0,14.970615384615384,0.3142857142857143
Dean Biasucci,1985,0.0,0.0,0.0,0.0,0.0,0.0,0.0,0.0,0.0,0.0,0.0,0.0,0.0,0.1538461538461538
Dean Biasucci,1986,3.852,0.6842105263157895,0.6914893617021277,2.08,1.0,1.0,0.4,1.25,0.75,0.0,3.0588235294117645,-0.5,14.266523417429685,0.3846153846153846
Dean Biasucci,1987,4.0,1.411764705882353,1.1566265060240963,3.556,1.0,0.8333333333333334,1.0,1.7142857142857142,1.5,0.0,3.0,-1.5,17.672010259525496,0.9333333333333332
Dean Biasucci,1988,3.9,1.25,1.175257731958763,3.124,1.0,1.0,0.8333333333333334,1.2,2.25,0.0,3.18,-0.5,18.412591065292094,0.9743589743589745
Dean Biasucci,1989,3.876,1.0,0.9894736842105264,3.112,1.0,1.0,0.9,1.2,0.75,0.0,3.3000000000000003,-0.0,17.127473684210525,0.8055555555555556
Dean Biasucci,1990,3.88,0.85,0.9021739130434784,2.832,1.0,0.8333333333333334,0.875,1.0,1.2000000000000002,0.0,3.3000000000000003,-0.0,16.672507246376814,0.59375
Dean Biasucci,1991,4.0,0.7142857142857143,0.6145833333333334,2.308,1.0,1.0,0.75,0.7692307692307692,1.0,0.0,3.115384615384615,-0.0,15.271484432234432,0.3636363636363636
Dean Biasucci,1992,4.0,0.8421052631578947,0.7741935483870968,2.208,1.0,1.0,0.5454545454545454,1.0,1.0,0.0,3.0,-1.5,13.869753356999537,0.25
Dean Biasucci,1993,3.752,1.04,0.8857142857142857,3.356,1.0,1.0,0.875,1.0,1.5,0.0,3.0,-1.0,16.408714285714286,0.4333333333333333
Dean Biasucci,1994,4.0,0.7272727272727273,0.8673469387755102,2.668,1.0,1.0,0.4285714285714285,1.1111111111111112,3.0,0.0,3.0,-1.0,16.802302205730776,0.5757575757575758
Dean Biasucci,1995,3.716,0.375,0.3669724770642202,3.0,1.0,1.0,0.75,2.0,1.0,0.0,3.0,-0.0,16.20797247706422,0.4722222222222222
Dean Derby,1957,4.0,0.2,0.1451612903225806,2.0,0.0,0.0,0.0,0.0,0.0,0.0,0.0,0.0,6.345161290322581,0.4285714285714285
Dean Dorsey,1988,3.692,0.25,0.2783505154639175,2.0,1.0,1.0,0.5,0.0,0.0,0.0,2.04,-0.0,10.760350515463916,0.1794871794871795
Dean McAdams,1941,4.0,0.6666666666666666,0.45,2.668,0.0,0.0,0.0,0.0,0.0,0.0,0.0,0.0,7.784666666666667,0.7954545454545454
Dean McAdams,1942,4.0,0.0,0.0869565217391304,0.0,0.0,0.0,0.0,0.0,0.0,0.0,0.0,0.0,4.086956521739131,0.5957446808510638
Dennis Partee,1971,3.892,1.0,1.0116279069767442,2.344,1.0,1.0,0.3333333333333333,0.6666666666666666,1.0,0.0,3.0612244897959178,-0.5,14.80885239677266,0.7352941176470589
Dennis Partee,1972,3.716,0.75,0.7473684210526316,2.4,1.0,1.0,0.3333333333333333,1.0,1.0,0.0,3.122448979591837,-0.5,14.569150733977803,0.59375
Dennis Partee,1973,4.0,0.0476190476190476,0.0957446808510638,2.0,1.0,0.0,0.5,1.0,0.0,0.0,0.875,-0.5,9.018363728470112,0.1470588235294117
Dennis Partee,1974,3.716,0.0909090909090909,0.4328358208955223,0.8,1.0,0.5,0.0,0.0,0.0,0.0,1.4347826086956523,-1.0,6.974527520500265,0.1470588235294117
Dennis Patera,1968,3.076,0.2222222222222222,0.32,1.0,0.0,0.0,0.0,0.0,0.0,0.0,0.0,0.0,4.618222222222222,0.2083333333333333
Dick Absher,1967,4.0,0.0,0.0714285714285714,0.0,0.0,0.0,0.0,0.0,0.0,0.0,0.0,0.0,4.071428571428571,0.25
Dick Bielski,1955,3.832,0.9,0.9090909090909092,1.564,0.0,0.0,0.0,0.0,0.0,0.0,0.0,0.0,7.205090909090909,0.72
Dick Bielski,1956,0.0,0.0,0.0,0.0,0.0,0.0,0.0,0.0,0.0,0.0,0.0,0.0,0.0,0.0952380952380952
Dick Bielski,1957,0.0,0.0,0.0,0.0,0.0,0.0,0.0,0.0,0.0,0.0,0.0,0.0,0.0,0.238095238095238
Dick Bielski,1958,0.0,0.0,0.0,0.0,0.0,0.0,0.0,0.0,0.0,0.0,0.0,0.0,0.0,0.2272727272727272
Dick Bielski,1959,0.0,0.0,0.0,0.0,0.0,0.0,0.0,0.0,0.0,0.0,0.0,0.0,0.0,0.32
Dick Bielski,1960,0.0,0.0,0.0,0.0,0.0,0.0,0.0,0.0,0.0,0.0,0.0,0.0,0.0,0.3076923076923077
Dick Bielski,1961,4.0,0.6666666666666666,0.4444444444444444,2.668,0.0,0.0,0.0,0.0,0.0,0.0,0.0,0.0,7.779111111111112,0.6428571428571429
Dick Bielski,1962,3.572,1.2222222222222223,1.0,1.76,0.0,0.0,0.0,0.0,0.0,0.0,0.0,0.0,7.554222222222222,0.4782608695652174
Dick Erdlitz,1942,4.0,0.0,0.3478260869565217,0.0,0.0,0.0,0.0,0.0,0.0,0.0,0.0,0.0,4.3478260869565215,0.7021276595744681
Dick Plasman,1940,4.0,0.0,0.1578947368421052,0.0,0.0,0.0,0.0,0.0,0.0,0.0,0.0,0.0,4.157894736842105,0.5121951219512195
Dick Plasman,1941,2.668,0.0,0.3,0.0,0.0,0.0,0.0,0.0,0.0,0.0,0.0,0.0,2.968,0.25
Dick Poillon,1942,4.0,0.3333333333333333,0.217391304347826,2.0,0.0,0.0,0.0,0.0,0.0,0.0,0.0,0.0,6.550724637681159,0.7872340425531915
Dick Poillon,1943,0.0,0.0,0.0,0.0,0.0,0.0,0.0,0.0,0.0,0.0,0.0,0.0,0.0,0.4848484848484848
Dick Poillon,1944,0.0,0.0,0.0,0.0,0.0,0.0,0.0,0.0,0.0,0.0,0.0,0.0,0.0,0.4516129032258064
Dick Poillon,1945,0.0,0.0,0.0,0.0,0.0,0.0,0.0,0.0,0.0,0.0,0.0,0.0,0.0,0.4411764705882353
Dick Poillon,1946,4.0,1.2,0.975,1.5,0.0,0.0,0.0,0.0,0.0,0.0,0.0,0.0,7.675,0.84
Dick Poillon,1947,3.608,0.6666666666666666,1.0208333333333333,2.668,0.0,0.0,0.0,0.0,0.0,0.0,0.0,0.0,7.9635,0.782608695652174
Dick Poillon,1948,3.472,1.0,1.0909090909090908,2.856,0.0,0.0,0.0,0.0,0.0,0.0,0.0,0.0,8.41890909090909,0.9130434782608696
Dick Poillon,1949,3.676,0.8,1.0,2.284,0.0,0.0,0.0,0.0,0.0,0.0,0.0,0.0,7.76,0.5882352941176471
Dick Riffle,1942,4.0,0.0,0.0434782608695652,0.0,0.0,0.0,0.0,0.0,0.0,0.0,0.0,0.0,4.043478260869565,0.5106382978723404
Dick Todd,1942,2.668,0.0,0.0869565217391304,0.0,0.0,0.0,0.0,0.0,0.0,0.0,0.0,0.0,2.7549565217391305,0.3191489361702128
Dick Van Raaphorst,1964,3.864,1.1666666666666667,1.044776119402985,1.932,0.0,0.0,0.0,0.0,0.0,0.0,0.0,0.0,8.007442786069651,0.6818181818181818
Dick Weisgerber,1942,4.0,0.0,0.0869565217391304,0.0,0.0,0.0,0.0,0.0,0.0,0.0,0.0,0.0,4.086956521739131,0.5957446808510638
Doak Walker,1950,3.708,1.3333333333333333,1.3478260869565215,1.776,0.0,0.0,0.0,0.0,0.0,0.0,0.0,0.0,8.165159420289855,0.8333333333333334
Doak Walker,1951,3.908,1.0,1.2448979591836735,2.0,0.0,0.0,0.0,0.0,0.0,0.0,0.0,0.0,8.152897959183672,0.8260869565217391
Doak Walker,1952,4.0,0.5,0.2692307692307692,2.4,0.0,0.0,0.0,0.0,0.0,0.0,0.0,0.0,7.169230769230769,0.7741935483870968
Doak Walker,1953,3.724,1.3333333333333333,1.105263157894737,2.528,0.0,0.0,0.0,0.0,0.0,0.0,0.0,0.0,8.69059649122807,0.9166666666666666
Doak Walker,1954,4.0,1.375,1.4074074074074074,2.588,0.0,0.0,0.0,0.0,0.0,0.0,0.0,0.0,9.370407407407408,0.9629629629629628
Doak Walker,1955,3.724,0.9,0.9818181818181818,2.248,0.0,0.0,0.0,0.0,0.0,0.0,0.0,0.0,7.853818181818182,0.8
Dominik Eberle,2021,4.0,0.0769230769230769,0.0916666666666666,2.668,1.0,1.0,0.667,1.334,1.5,0.0,2.7818181818181817,-0.0,15.119407925407923,0.3
Dominik Eberle,2022,2.0,0.037037037037037,0.0434782608695652,4.0,1.0,1.0,1.0,2.0,0.0,0.0,2.625,-0.0,13.705515297906604,0.1956521739130435
Don Bitterlich,1976,4.0,0.0666666666666666,0.1351351351351351,1.0,1.0,1.0,0.0,0.0,0.0,0.0,1.6875,-0.0,8.889301801801802,0.0909090909090909
Don Chandler,1956,4.0,0.0,0.05,0.0,0.0,0.0,0.0,0.0,0.0,0.0,0.0,0.0,4.05,0.238095238095238
Don Chandler,1957,0.0,0.0,0.0,0.0,0.0,0.0,0.0,0.0,0.0,0.0,0.0,0.0,0.0,0.238095238095238
Don Chandler,1958,0.0,0.0,0.0,0.0,0.0,0.0,0.0,0.0,0.0,0.0,0.0,0.0,0.0,0.2272727272727272
Don Chandler,1959,4.0,0.0,0.0384615384615384,0.0,0.0,0.0,0.0,0.0,0.0,0.0,0.0,0.0,4.038461538461538,0.44
Don Chandler,1960,0.0,0.0,0.0,0.0,0.0,0.0,0.0,0.0,0.0,0.0,0.0,0.0,0.0,0.3076923076923077
Don Chandler,1961,0.0,0.0,0.0,0.0,0.0,0.0,0.0,0.0,0.0,0.0,0.0,0.0,0.0,0.25
Don Chandler,1962,3.916,2.111111111111111,1.793103448275862,2.716,0.0,0.0,0.0,0.0,0.0,0.0,0.0,0.0,10.536214559386972,0.9565217391304348
Don Chandler,1963,3.716,2.0,1.962962962962963,2.484,0.0,0.0,0.0,0.0,0.0,0.0,0.0,0.0,10.162962962962965,0.95
Don Chandler,1964,3.724,0.75,0.8059701492537313,1.8,0.0,0.0,0.0,0.0,0.0,0.0,0.0,0.0,7.0799701492537315,0.5
Don Chandler,1965,3.896,1.7,1.4915254237288136,2.616,0.0,0.0,0.0,0.0,0.0,0.0,0.0,0.0,9.703525423728813,0.7727272727272727
Don Chandler,1966,3.812,0.9230769230769232,1.0,1.716,0.0,0.0,0.0,0.0,0.0,0.0,0.0,0.0,7.451076923076923,0.4545454545454545
Don Chandler,1967,4.0,2.375,1.7142857142857142,2.62,0.0,0.0,0.0,0.0,0.0,0.0,0.0,0.0,10.709285714285713,0.9642857142857144
Don Cockroft,1968,3.832,2.0,2.0,3.0,0.0,0.0,0.0,0.0,0.0,0.0,0.0,0.0,10.832,0.9583333333333334
Don Cockroft,1969,4.0,1.0909090909090908,1.3064516129032258,2.088,1.0,0.875,0.375,0.6666666666666666,0.0,0.0,3.552631578947368,0.0,14.954658949426353,0.7272727272727273
Don Cockroft,1970,3.884,0.631578947368421,0.7954545454545454,2.18,0.8660254037844386,0.6666666666666666,0.5714285714285714,0.857142857142857,0.0,0.0,2.8775510204081627,-1.5,11.829848012253663,0.2903225806451613
Don Cockroft,1971,4.0,0.8823529411764706,0.9186046511627908,2.144,0.816496580927726,1.0,0.6666666666666666,0.2222222222222222,0.0,0.0,2.4489795918367347,-0.5,12.599322653992608,0.4705882352941176
Don Cockroft,1972,3.864,1.1,0.9894736842105264,3.26,1.0,0.875,0.875,0.8,3.0,0.0,3.4897959183673466,-0.0,19.253269602577873,1.0
Don Cockroft,1973,4.0,1.0476190476190477,0.9574468085106383,2.84,1.0,0.875,0.5714285714285714,1.2727272727272727,0.0,0.0,2.8125,-0.0,15.37672170028553,0.8529411764705882
Don Cockroft,1974,3.868,1.2727272727272727,1.0597014925373134,3.5,1.0,1.0,1.0,1.5,0.0,0.0,3.0,-1.0,16.200428765264586,0.9117647058823528
Don Cockroft,1975,3.5,1.3076923076923077,0.9113924050632912,2.956,1.0,0.7777777777777778,0.6666666666666666,2.0,0.0,0.0,3.0625,-2.0,14.18202915720004,0.5333333333333333
Don Cockroft,1976,3.6,1.0,0.972972972972973,2.144,1.0,0.5,0.8333333333333334,0.7272727272727272,1.0,0.0,3.125,-1.0,13.902579033579032,0.696969696969697
Don Cockroft,1977,3.872,1.3076923076923077,1.3278688524590163,2.956,1.0,1.0,0.75,1.1111111111111112,0.0,0.0,2.808510638297873,-0.5,15.633182909560308,0.8918918918918919
Don Cockroft,1978,3.7,1.3571428571428572,1.2702702702702702,2.716,0.7071067811865476,0.8571428571428571,0.4,1.6666666666666667,0.0,0.0,2.872340425531915,-0.5,15.046669857941117,0.7027027027027027
Don Cockroft,1979,3.536,1.3076923076923077,1.155844155844156,2.344,1.0,0.8333333333333334,0.6666666666666666,0.75,1.0,0.0,3.25531914893617,-0.5,15.348855612472631,0.7
Don Cockroft,1980,3.544,1.0,1.0481927710843373,2.46,1.0,0.8571428571428571,0.7142857142857143,1.1111111111111112,0.0,0.0,2.8125,-1.0,13.54723245362402,0.3888888888888889
Don Eliason,1946,0.0,0.0,0.0,0.0,0.0,0.0,0.0,0.0,0.0,0.0,0.0,0.0,0.0,0.32
Don Hutson,1940,3.752,0.0,0.7894736842105263,0.0,0.0,0.0,0.0,0.0,0.0,0.0,0.0,0.0,4.541473684210526,0.5853658536585366
Don Hutson,1941,3.332,0.3333333333333333,1.15,4.0,0.0,0.0,0.0,0.0,0.0,0.0,0.0,0.0,8.815333333333333,0.9318181818181818
Don Hutson,1942,3.884,0.3333333333333333,1.565217391304348,1.0,0.0,0.0,0.0,0.0,0.0,0.0,0.0,0.0,6.782550724637681,0.8085106382978723
Don Hutson,1943,4.0,1.5,1.5517241379310345,2.4,0.0,0.0,0.0,0.0,0.0,0.0,0.0,0.0,9.451724137931034,1.0
Don Hutson,1944,3.756,0.0,1.0333333333333334,0.0,0.0,0.0,0.0,0.0,0.0,0.0,0.0,0.0,4.789333333333333,0.7419354838709677
Don Hutson,1945,3.544,0.5,1.088235294117647,2.0,0.0,0.0,0.0,0.0,0.0,0.0,0.0,0.0,7.132235294117647,0.8235294117647058
Don Sutherin,1959,0.0,0.0,0.0,0.0,0.0,0.0,0.0,0.0,0.0,0.0,0.0,0.0,0.0,0.32
Donald Igwebuike,1985,3.752,1.0,0.9504950495049505,2.752,1.0,1.0,0.8,1.0,1.5,0.0,3.1176470588235303,-1.5,15.37214210832848,0.6153846153846154
Donald Igwebuike,1986,3.852,0.8947368421052632,0.8191489361702128,2.832,1.0,1.0,0.875,1.0,1.2000000000000002,0.0,3.235294117647059,-1.0,15.708179895922534,0.6153846153846154
Donald Igwebuike,1987,3.692,0.8235294117647058,0.7951807228915663,3.112,1.0,1.0,1.0,1.3333333333333333,0.0,0.0,2.88,-0.5,15.136043467989603,0.65
Donald Igwebuike,1988,4.0,0.95,0.8041237113402062,3.04,1.0,1.0,0.875,1.0,1.5,0.0,3.18,-0.0,17.349123711340205,0.8717948717948718
Donald Igwebuike,1989,3.772,1.0476190476190477,1.0421052631578946,3.144,1.0,1.0,1.0,1.0,2.0,0.0,3.18,-0.5,17.685724310776944,0.9166666666666666
Donald Igwebuike,1990,4.0,0.7,0.6630434782608695,3.5,1.0,1.0,1.0,1.2,0.0,0.0,2.88,-0.0,15.943043478260869,0.4375
Doug Brien,1994,3.872,0.6818181818181818,1.0714285714285714,3.0,1.0,1.0,0.8333333333333334,1.25,0.0,0.0,2.88,-0.0,15.588580086580087,0.3636363636363636
Doug Brien,1995,4.0,0.7916666666666666,0.8440366972477065,2.62,1.0,1.0,0.5714285714285714,1.0,1.5,0.0,3.0,-1.0,15.327131935342948,0.2777777777777778
Doug Brien,1996,4.0,0.875,0.75,3.36,1.0,1.0,0.9,1.4285714285714286,2.25,0.0,3.24,-0.0,18.80357142857143,0.8181818181818182
Doug Brien,1997,4.0,0.9583333333333334,0.8504672897196262,3.408,1.0,1.0,1.0,1.3333333333333333,2.4000000000000004,0.0,3.0576923076923075,-0.5,18.5078262640786,0.8
Doug Brien,1998,4.0,0.9090909090909092,0.9191919191919192,3.636,1.0,1.0,1.0,2.0,2.0,0.0,3.230769230769231,-0.0,19.69505205905206,0.8918918918918919
Doug Brien,1999,3.808,1.0,0.8679245283018868,3.312,1.0,0.8181818181818182,0.8571428571428571,1.5555555555555556,3.0,0.0,3.0588235294117645,-0.0,19.277628288593885,0.8974358974358975
Doug Brien,2000,4.0,0.9583333333333334,1.0095238095238095,3.172,1.0,1.0,0.8,1.6,3.0,0.0,2.8235294117647056,-1.0,18.36338655462185,0.7619047619047619
Doug Brien,2001,4.0,0.217391304347826,0.1683168316831683,3.332,1.0,1.0,1.0,1.3333333333333333,0.0,0.0,2.4705882352941178,-0.0,14.521629704658446,0.2682926829268293
Doug Brien,2002,2.856,0.217391304347826,0.1941747572815534,3.332,1.0,1.0,1.0,1.0,0.0,0.0,2.4705882352941178,-0.0,13.070154296923496,0.1555555555555555
Doug Brien,2003,4.0,1.2272727272727273,1.0294117647058822,3.376,1.0,1.0,1.0,1.75,3.0,0.0,2.8235294117647056,-0.0,20.206213903743315,0.9523809523809524
Doug Brien,2004,3.884,1.0909090909090908,1.05,3.312,1.0,0.9,0.6666666666666666,1.8181818181818183,3.0,0.0,3.1176470588235303,-0.0,19.839404634581104,0.9761904761904762
Doug Brien,2005,4.0,0.0416666666666666,0.0943396226415094,1.0,1.0,1.0,0.0,1.0,0.0,0.0,2.7692307692307696,-0.0,10.905237058538948,0.2
Doug Flutie,2005,4.0,0.0,0.0094339622641509,0.0,1.0,1.0,0.0,0.0,0.0,0.0,0.0,-0.0,6.009433962264151,0.1555555555555555
Doug Pelfrey,1993,3.248,0.96,0.8095238095238095,3.096,1.0,1.0,0.6,1.6,2.0,0.0,3.0,-0.5,16.813523809523808,0.4666666666666667
Doug Pelfrey,1994,3.84,1.2727272727272727,1.1020408163265305,3.392,1.0,1.0,0.8,1.8,1.5,0.0,3.24,-0.0,18.946768089053805,0.8787878787878788
Doug Pelfrey,1995,4.0,1.2083333333333333,1.110091743119266,3.224,1.0,0.8888888888888888,0.9090909090909092,1.4285714285714286,1.5,0.0,3.0,-1.5,16.768976303003825,0.5277777777777778
Doug Pelfrey,1996,4.0,0.9583333333333334,1.0185185185185186,3.284,1.0,1.0,0.9090909090909092,1.1111111111111112,0.0,0.0,2.94,-0.0,16.221053872053872,0.4848484848484848
Doug Pelfrey,1997,3.812,0.5,0.719626168224299,3.0,1.0,1.0,1.0,1.4285714285714286,0.0,0.0,2.6538461538461537,-1.0,14.114043750641882,0.2
Doug Pelfrey,1998,4.0,0.8636363636363636,0.7878787878787878,2.816,1.0,1.0,0.8571428571428571,1.2,1.2000000000000002,0.0,2.9423076923076925,-0.0,16.6669657009657,0.4594594594594595
Doug Pelfrey,1999,4.0,0.75,0.7641509433962265,2.668,1.0,0.8181818181818182,0.5833333333333334,0.0,3.0,0.0,2.9411764705882355,-0.5,16.024842565499615,0.5128205128205128
Drew Kaser,2017,1.332,0.0,0.0091743119266055,0.0,1.0,1.0,0.0,0.0,0.0,0.0,0.0,-0.0,3.3411743119266055,0.0227272727272727
Dustin Hopkins,2015,3.9,1.0,1.0555555555555556,3.572,1.0,1.0,1.0,1.75,0.0,0.0,3.0,-2.0,15.277555555555557,0.1538461538461538
Dustin Hopkins,2016,3.692,1.2592592592592593,1.15,3.24,1.0,1.0,0.8571428571428571,1.5555555555555556,2.0,0.0,2.9444444444444446,-0.5,18.19840211640212,0.6666666666666666
Dustin Hopkins,2017,3.788,0.5384615384615384,0.5504587155963303,3.296,1.0,1.0,1.0,1.6,0.0,0.0,2.7222222222222223,-0.0,15.49514247628009,0.25
Dustin Hopkins,2018,3.848,1.1304347826086956,0.927927927927928,3.588,1.0,1.0,1.0,1.6666666666666667,1.7142857142857142,0.0,3.1111111111111107,-0.5,18.48642620260011,0.5952380952380952
Dustin Hopkins,2019,3.82,1.0869565217391304,0.9142857142857144,3.332,1.0,0.875,0.8888888888888888,1.6,1.5,0.0,2.9444444444444446,-0.0,17.96157556935818,0.6904761904761905
Dustin Hopkins,2020,3.752,1.08,1.0,3.176,1.0,1.0,0.875,1.5294117647058822,3.0,0.0,2.7818181818181817,-0.0,19.19422994652406,0.7959183673469388
Dustin Hopkins,2021,3.636,1.1538461538461535,1.0833333333333333,3.528,1.0,1.0,1.0,1.8571428571428572,1.5,0.0,2.7272727272727275,-0.0,18.48559507159507,0.7
Dustin Hopkins,2022,4.0,0.3333333333333333,0.3391304347826087,3.6,1.0,1.0,1.0,1.0,0.0,0.0,2.303571428571429,-0.0,14.576035196687371,0.217391304347826
Dustin Hopkins,2023,3.692,1.137931034482759,1.025,3.668,1.0,1.0,1.0,1.5384615384615383,1.7999999999999998,0.0,3.1071428571428577,-0.5,18.46853543008715,0.5813953488372093
Dustin Hopkins,2024,3.4,0.692307692307692,0.633928571428571,2.668,1.0,0.75,0.8571428571428571,1.25,1.5,0.0,2.947368421052631,-0.0,15.698747541931752,0.1363636363636363
Earl Girard,1957,2.668,0.1,0.0806451612903225,1.332,0.0,0.0,0.0,0.0,0.0,0.0,0.0,0.0,4.180645161290323,0.2857142857142857
Ed Brown,1961,4.0,0.1111111111111111,0.0634920634920634,2.0,0.0,0.0,0.0,0.0,0.0,0.0,0.0,0.0,6.174603174603174,0.4642857142857143
Ed Cody,1948,3.384,0.0,0.25,0.0,0.0,0.0,0.0,0.0,0.0,0.0,0.0,0.0,3.634,0.391304347826087
Ed Kasky,1942,0.0,0.0,0.0,0.0,0.0,0.0,0.0,0.0,0.0,0.0,0.0,0.0,0.0,0.2340425531914893
Ed Kissell,1952,0.0,0.0,0.0,0.0,0.0,0.0,0.0,0.0,0.0,0.0,0.0,0.0,0.0,0.2258064516129032
Ed Kissell,1953,0.0,0.0,0.0,0.0,0.0,0.0,0.0,0.0,0.0,0.0,0.0,0.0,0.0,0.25
Ed Kissell,1954,3.556,0.25,0.2592592592592592,2.0,0.0,0.0,0.0,0.0,0.0,0.0,0.0,0.0,6.06525925925926,0.3703703703703703
Eddie Bagdon,1952,2.668,0.1666666666666666,0.1346153846153846,1.332,0.0,0.0,0.0,0.0,0.0,0.0,0.0,0.0,4.301282051282051,0.5483870967741935
Eddie Garcia,1984,3.732,0.15,0.23,1.332,1.0,0.0,0.3333333333333333,0.6666666666666666,3.0,0.0,2.9423076923076925,-0.5,12.886307692307692,0.1714285714285714
Eddie Jankowski,1941,2.0,0.3333333333333333,0.2,4.0,0.0,0.0,0.0,0.0,0.0,0.0,0.0,0.0,6.533333333333333,0.7045454545454546
Eddie LeBaron,1952,3.428,0.0,0.1153846153846153,0.0,0.0,0.0,0.0,0.0,0.0,0.0,0.0,0.0,3.5433846153846154,0.3548387096774194
Eddie Murray,1980,3.888,1.6875,1.3975903614457832,2.572,0.0,1.0,0.7692307692307693,0.9333333333333332,0.75,0.0,3.25,-0.5,15.747654464009887,0.8055555555555556
Eddie Murray,1981,4.0,1.3157894736842106,1.3010752688172045,2.856,1.0,1.0,0.6428571428571429,1.2727272727272727,2.25,0.0,3.2448979591836737,-0.0,18.883347117269505,0.9705882352941176
Eddie Murray,1982,4.0,1.1,0.9607843137254902,3.668,1.0,1.0,1.0,1.5,0.0,0.0,3.0625,-0.0,17.29128431372549,0.8421052631578947
Eddie Murray,1983,4.0,1.3888888888888888,1.1414141414141414,3.124,1.0,1.0,0.8666666666666667,0.857142857142857,2.25,0.0,3.1764705882352944,-0.0,18.80458314234785,0.8857142857142857
Eddie Murray,1984,4.0,1.0,0.91,2.964,1.0,0.5,0.7142857142857143,1.8461538461538465,0.75,0.0,3.0,-0.5,16.18443956043956,0.5714285714285714
Eddie Murray,1985,3.756,1.181818181818182,1.0792079207920793,3.356,1.0,0.625,1.0,1.7142857142857142,2.0,0.0,3.0,-0.0,18.712311816895976,0.9230769230769232
Eddie Murray,1986,3.876,0.9473684210526316,0.9042553191489362,2.88,1.0,0.5,0.875,1.5,1.2000000000000002,0.0,3.0588235294117645,-0.5,16.24144726961333,0.7435897435897436
Eddie Murray,1987,4.0,1.1764705882352942,0.9759036144578314,2.5,1.0,1.0,0.5833333333333334,0.909090909090909,1.5,0.0,3.18,-0.0,16.824798445117366,0.8833333333333333
Eddie Murray,1988,3.828,1.0,0.845360824742268,3.808,1.0,1.0,1.0,2.0,0.0,0.0,2.88,-0.0,17.361360824742267,0.8974358974358975
Eddie Murray,1989,4.0,0.9523809523809524,1.0105263157894735,3.808,1.0,1.0,0.8888888888888888,2.0,3.0,0.0,3.0,-0.0,20.659796157059315,1.0
Eddie Murray,1990,4.0,0.65,0.7934782608695652,2.736,1.0,1.0,0.6666666666666666,1.2,0.0,0.0,2.82,-1.0,13.866144927536231,0.125
Eddie Murray,1991,4.0,0.9047619047619048,1.0104166666666667,2.716,1.0,0.75,0.8,1.1111111111111112,1.5,0.0,2.8846153846153846,-0.5,16.17690506715507,0.4242424242424242
Eddie Murray,1992,4.0,0.2631578947368421,0.3010752688172043,2.224,1.0,1.0,0.5,1.0,3.0,0.0,3.0,-0.0,16.288233163554047,0.59375
Eddie Murray,1993,4.0,1.12,1.161904761904762,3.392,1.0,1.0,0.75,2.0,1.7999999999999998,0.0,2.943396226415094,-0.0,19.167300988319855,0.9666666666666668
Eddie Murray,1994,4.0,0.9545454545454546,0.979591836734694,3.36,1.0,1.0,1.0,0.6666666666666666,0.0,0.0,2.52,-0.5,14.980803957946817,0.2424242424242424
Eddie Murray,1995,4.0,1.125,1.0458715596330277,3.0,1.0,1.0,0.7692307692307693,1.0909090909090908,1.5,0.0,3.0588235294117645,-0.0,17.589834949184652,0.7222222222222222
Eddie Murray,1996,0.0,0.0,0.0,0.0,0.0,0.0,0.0,0.0,0.0,0.0,0.0,0.0,0.0,0.0303030303030303
Eddie Murray,1997,3.832,0.5,0.5514018691588785,2.824,1.0,1.0,0.3333333333333333,1.3333333333333333,0.0,0.0,2.826923076923077,-0.5,13.700991612748624,0.1428571428571428
Eddie Murray,1998,0.0,0.0,0.0,0.0,0.0,0.0,0.0,0.0,0.0,0.0,0.0,0.0,0.0,0.027027027027027
Eddie Murray,1999,4.0,0.2916666666666667,0.2924528301886792,3.112,1.0,1.0,0.75,1.0,0.0,0.0,2.3529411764705883,-0.0,13.799060673325934,0.2307692307692307
Eddie Murray,2000,3.5,0.3333333333333333,0.2952380952380952,2.668,1.0,1.0,0.75,1.0,0.0,0.0,2.764705882352941,-0.0,13.311277310924371,0.1428571428571428
Eddy Pineiro,2019,3.724,1.0,0.9142857142857144,3.284,1.0,1.0,0.9,0.857142857142857,0.75,0.0,2.9444444444444446,-0.0,16.373873015873016,0.3809523809523809
Eddy Pineiro,2020,0.0,0.0,0.0,0.0,0.0,0.0,0.0,0.0,0.0,0.0,0.0,0.0,0.0,0.0408163265306122
Eddy Pineiro,2021,3.6,0.3076923076923077,0.275,4.0,1.0,1.0,1.0,2.0,3.0,0.0,2.7818181818181817,-0.0,18.964510489510488,0.74
Eddy Pineiro,2022,3.752,1.2222222222222223,1.1217391304347826,3.772,1.0,1.0,0.9411764705882352,1.8571428571428572,2.25,0.0,2.8928571428571432,-0.5,19.30913782324524,0.8478260869565217
Eddy Pineiro,2023,3.4,0.8620689655172413,0.7666666666666667,3.448,1.0,1.0,1.0,1.5555555555555556,2.0,0.0,3.0,-0.0,18.032291187739464,0.4651162790697674
Eddy Pineiro,2024,3.772,0.846153846153846,0.883928571428571,3.384,1.0,1.0,0.8888888888888888,1.5,1.636363636363635,0.0,2.789473684210527,-0.0,17.70080862704547,0.4090909090909091
Efren Herrera,1974,4.0,0.7272727272727273,0.8507462686567164,2.46,1.0,1.0,0.5,0.0,0.0,0.0,2.5434782608695654,-0.0,13.081497256799013,0.4411764705882353
Efren Herrera,1975,0.0,0.0,0.0,0.0,0.0,0.0,0.0,0.0,0.0,0.0,0.0,0.0,0.0,0.0333333333333333
Efren Herrera,1976,4.0,1.2,1.1891891891891893,3.132,1.0,1.0,0.75,1.2,0.0,0.0,2.875,-0.0,16.34618918918919,0.9393939393939394
Efren Herrera,1977,3.804,1.3846153846153846,1.524590163934426,2.484,1.0,0.7142857142857143,0.5,1.0909090909090908,3.0,0.0,3.3191489361702127,-0.5,18.321549289914827,1.0
Efren Herrera,1978,3.636,0.9285714285714286,1.0675675675675675,2.476,1.0,1.0,0.8333333333333334,0.909090909090909,0.0,0.0,3.0638297872340425,-0.5,14.41439302579728,0.6216216216216216
Efren Herrera,1979,3.74,1.4615384615384617,1.2987012987012987,3.304,1.0,0.875,0.8333333333333334,1.7142857142857142,0.0,0.0,3.127659574468085,-0.5,16.854518382326894,0.875
Efren Herrera,1980,4.0,1.25,1.120481927710843,2.58,1.0,1.0,0.8888888888888888,0.8,0.6000000000000001,0.0,3.125,-0.0,16.36437081659973,0.8611111111111112
Efren Herrera,1981,3.68,0.631578947368421,0.6344086021505376,2.824,1.0,0.8571428571428571,1.0,0.8,1.5,0.0,3.3061224489795915,-0.0,16.23325285564141,0.7352941176470589
Efren Herrera,1982,3.668,0.8,0.6862745098039216,2.284,1.0,0.5,0.5,1.1428571428571428,0.0,0.0,3.0625,-0.0,13.643631652661064,0.3684210526315789
Elliott Fry,2020,2.0,0.04,0.036036036036036,4.0,1.0,1.0,1.0,2.0,0.0,0.0,1.2545454545454544,-0.0,12.33058149058149,0.1836734693877551
Elliott Fry,2021,3.2,0.1538461538461538,0.1333333333333333,3.2,1.0,1.0,0.75,2.0,3.0,0.0,2.4000000000000004,-1.5,15.33717948717949,0.34
Elroy Hirsch,1950,4.0,0.0,0.108695652173913,0.0,0.0,0.0,0.0,0.0,0.0,0.0,0.0,0.0,4.108695652173913,0.3333333333333333
Elroy Hirsch,1951,0.0,0.0,0.0,0.0,0.0,0.0,0.0,0.0,0.0,0.0,0.0,0.0,0.0,0.2608695652173913
Elroy Hirsch,1952,0.0,0.0,0.0,0.0,0.0,0.0,0.0,0.0,0.0,0.0,0.0,0.0,0.0,0.2258064516129032
Elroy Hirsch,1953,3.2,0.0,0.0701754385964912,0.0,0.0,0.0,0.0,0.0,0.0,0.0,0.0,0.0,3.270175438596491,0.3333333333333333
Eric Schubert,1985,3.852,0.4545454545454545,0.5544554455445545,3.076,1.0,0.6,0.8,2.0,0.0,0.0,2.4117647058823533,-0.0,14.748765605972364,0.5128205128205128
Eric Schubert,1986,4.0,0.1578947368421052,0.1914893617021276,1.092,1.0,1.0,0.0,0.4,0.0,0.0,2.7058823529411766,-0.0,10.54726645148541,0.2051282051282051
Eric Schubert,1987,4.0,0.0588235294117647,0.0481927710843373,2.0,1.0,1.0,0.5,0.0,0.0,0.0,1.38,-0.0,9.9870163004961,0.1166666666666666
Ernie Steele,1942,4.0,0.0,0.0434782608695652,0.0,0.0,0.0,0.0,0.0,0.0,0.0,0.0,0.0,4.043478260869565,0.5106382978723404
Errol Mann,1968,4.0,0.0,0.08,0.0,0.0,0.0,0.0,0.0,0.0,0.0,0.0,0.0,4.08,0.1666666666666666
Errol Mann,1969,4.0,2.272727272727273,1.6290322580645162,2.704,0.9128709291752768,0.9,0.6363636363636364,0.75,1.5,0.0,3.947368421052632,0.0,19.252362517383336,1.0
Errol Mann,1970,4.0,1.0526315789473684,1.1477272727272727,2.76,1.0,0.6666666666666666,0.6,1.1428571428571428,1.5,0.0,3.122448979591837,-1.5,15.492331640790288,0.8709677419354839
Errol Mann,1971,4.0,1.2941176470588236,1.197674418604651,2.38,1.0,0.8888888888888888,0.4666666666666667,0.6666666666666666,0.0,0.0,3.0,-1.5,13.394014287885696,0.5588235294117647
Errol Mann,1972,3.896,1.0,1.0315789473684212,2.76,1.0,1.0,0.7272727272727273,0.6666666666666666,3.0,0.0,3.122448979591837,-0.5,17.70396732089965,0.96875
Errol Mann,1973,4.0,0.6190476190476191,0.5638297872340425,2.736,1.0,0.6666666666666666,0.7777777777777778,0.5,3.0,0.0,3.25,-0.0,17.113321850726106,0.9705882352941176
Errol Mann,1974,3.54,2.090909090909091,1.373134328358209,2.876,1.0,0.75,0.8666666666666667,1.0,0.0,0.0,2.739130434782609,-0.5,15.735840520716575,0.8823529411764706
Errol Mann,1975,3.448,1.0769230769230769,0.8481012658227848,2.668,1.0,1.0,0.4444444444444444,1.2,0.0,0.0,2.9375,-0.0,14.622968787190306,0.6666666666666666
Errol Mann,1976,3.784,0.5333333333333333,0.7972972972972973,1.524,1.0,0.6666666666666666,0.5714285714285714,0.4444444444444444,0.0,0.0,3.0625,-0.5,11.883670313170311,0.303030303030303
Errol Mann,1977,3.716,1.5384615384615383,1.6229508196721312,2.856,1.0,0.875,0.7,1.25,0.0,0.0,2.6808510638297873,-1.0,15.239263421963456,0.8378378378378378
Errol Mann,1978,3.472,0.8571428571428571,0.9324324324324323,2.4,1.0,0.625,0.7142857142857143,0.8,0.0,0.0,2.872340425531915,-0.0,13.673201429392918,0.4594594594594595
Evan McPherson,2021,3.832,1.0769230769230769,1.0833333333333333,3.392,1.0,1.0,1.0,1.3333333333333333,1.5,0.0,3.163636363636363,-0.0,18.381226107226105,0.68
Evan McPherson,2022,3.636,0.8888888888888888,0.9739130434782608,3.312,1.0,0.8333333333333334,1.0,1.3846153846153846,1.0,2.0,3.1607142857142856,-1.0,18.189464936030152,0.5217391304347826
Evan McPherson,2023,4.0,0.896551724137931,0.9833333333333332,3.356,1.0,1.0,1.0,2.0,2.25,0.0,3.0,-0.0,19.485885057471265,0.7906976744186046
Evan McPherson,2024,3.896,0.615384615384615,0.758928571428571,2.908,1.0,1.0,1.0,1.2,1.5,0.0,2.947368421052631,-0.5,16.325681607865818,0.1818181818181818
Florian Kempf,1982,3.556,0.4,0.5490196078431373,2.668,1.0,1.0,1.0,0.0,0.0,0.0,2.3125,-1.0,11.485519607843138,0.2368421052631578
Florian Kempf,1983,3.884,0.9444444444444444,0.8484848484848485,3.24,1.0,1.0,0.875,1.3333333333333333,1.5,0.0,3.0,-0.5,17.125262626262625,0.7428571428571429
Florian Kempf,1984,4.0,0.2,0.26,2.668,1.0,1.0,0.0,1.0,0.0,0.0,2.826923076923077,-0.0,12.954923076923077,0.2
Florian Kempf,1985,0.0,0.0,0.0,0.0,0.0,0.0,0.0,0.0,0.0,0.0,0.0,0.0,0.0,0.1538461538461538
Florian Kempf,1986,0.0,0.0,0.0,0.0,0.0,0.0,0.0,0.0,0.0,0.0,0.0,0.0,0.0,0.0769230769230769
Florian Kempf,1987,4.0,0.2352941176470588,0.1566265060240964,3.2,1.0,1.0,0.5,2.0,0.0,0.0,2.88,-0.5,14.471920623671156,0.55
Forrest Grigg,1950,4.0,0.1666666666666666,0.2608695652173913,2.0,0.0,0.0,0.0,0.0,0.0,0.0,0.0,0.0,6.4275362318840585,0.5416666666666666
Forrest Grigg,1951,0.0,0.0,0.0,0.0,0.0,0.0,0.0,0.0,0.0,0.0,0.0,0.0,0.0,0.2608695652173913
Forrest Grigg,1952,3.0,0.0,0.173076923076923,0.0,0.0,0.0,0.0,0.0,0.0,0.0,0.0,0.0,3.173076923076923,0.2903225806451613
Foster Watkins,1940,4.0,0.0,0.1052631578947368,0.0,0.0,0.0,0.0,0.0,0.0,0.0,0.0,0.0,4.105263157894737,0.4390243902439024
Fran Murray,1940,3.0,0.0,0.3157894736842105,0.0,0.0,0.0,0.0,0.0,0.0,0.0,0.0,0.0,3.3157894736842106,0.3414634146341463
Frank Balasz,1941,4.0,0.0,0.05,0.0,0.0,0.0,0.0,0.0,0.0,0.0,0.0,0.0,4.05,0.3409090909090909
Frank Corral,1978,3.756,2.0714285714285716,1.5945945945945943,2.696,1.0,0.8666666666666667,0.6666666666666666,0.923076923076923,0.0,0.0,3.0638297872340425,-1.5,15.138263209667464,0.7567567567567568
Frank Corral,1979,3.692,1.0,0.974025974025974,2.08,1.0,1.0,0.3333333333333333,0.8333333333333334,0.0,0.0,3.127659574468085,-0.5,13.540352215160729,0.5
Frank Corral,1980,3.924,1.0,1.1927710843373494,2.132,1.0,0.9166666666666666,0.4,0.4444444444444444,0.0,0.0,2.9375,-0.0,13.94738219544846,0.4722222222222222
Frank Corral,1981,4.0,0.8947368421052632,0.935483870967742,2.616,1.0,0.6666666666666666,0.8333333333333334,1.0909090909090908,0.0,0.0,2.693877551020408,-2.0,12.731007355002506,0.2647058823529412
Frank Gifford,1953,4.0,0.1111111111111111,0.087719298245614,0.8,0.0,0.0,0.0,0.0,0.0,0.0,0.0,0.0,4.998830409356724,0.4166666666666667
Frank Gifford,1954,0.0,0.0,0.0,0.0,0.0,0.0,0.0,0.0,0.0,0.0,0.0,0.0,0.0,0.1111111111111111
Frank Gifford,1955,0.0,0.0,0.0,0.0,0.0,0.0,0.0,0.0,0.0,0.0,0.0,0.0,0.0,0.24
Frank Gifford,1956,3.556,0.1,0.1833333333333333,2.0,0.0,0.0,0.0,0.0,0.0,0.0,0.0,0.0,5.839333333333333,0.3809523809523809
Frank Kinard,1941,2.4,0.0,0.15,0.0,0.0,0.0,0.0,0.0,0.0,0.0,0.0,0.0,2.55,0.2272727272727272
Frank Kinard,1942,0.0,0.0,0.0,0.0,0.0,0.0,0.0,0.0,0.0,0.0,0.0,0.0,0.0,0.2340425531914893
Frank Kinard,1943,3.556,0.5,0.3793103448275862,4.0,0.0,0.0,0.0,0.0,0.0,0.0,0.0,0.0,8.435310344827586,0.9696969696969696
Frank Kinard,1944,4.0,0.0,0.3,0.0,0.0,0.0,0.0,0.0,0.0,0.0,0.0,0.0,4.3,0.6774193548387096
Frank Maznicki,1942,3.82,1.3333333333333333,1.434782608695652,3.2,0.0,0.0,0.0,0.0,0.0,0.0,0.0,0.0,9.788115942028986,1.0
Frank Maznicki,1943,0.0,0.0,0.0,0.0,0.0,0.0,0.0,0.0,0.0,0.0,0.0,0.0,0.0,0.4848484848484848
Frank Maznicki,1944,0.0,0.0,0.0,0.0,0.0,0.0,0.0,0.0,0.0,0.0,0.0,0.0,0.0,0.4516129032258064
Frank Maznicki,1945,0.0,0.0,0.0,0.0,0.0,0.0,0.0,0.0,0.0,0.0,0.0,0.0,0.0,0.4411764705882353
Frank Maznicki,1946,3.848,0.8,0.925,1.776,0.0,0.0,0.0,0.0,0.0,0.0,0.0,0.0,7.348999999999999,0.76
Frank Maznicki,1947,3.62,0.3333333333333333,0.5208333333333334,4.0,0.0,0.0,0.0,0.0,0.0,0.0,0.0,0.0,8.474166666666667,0.9565217391304348
Frank Williams,1948,3.2,0.0,0.0909090909090909,0.0,0.0,0.0,0.0,0.0,0.0,0.0,0.0,0.0,3.290909090909091,0.3478260869565217
Frankie Sinkwich,1943,0.0,0.0,0.0,0.0,0.0,0.0,0.0,0.0,0.0,0.0,0.0,0.0,0.0,0.4848484848484848
Frankie Sinkwich,1944,3.2,1.0,1.0,1.0,0.0,0.0,0.0,0.0,0.0,0.0,0.0,0.0,6.2,0.8709677419354839
Fred Cone,1951,3.316,0.8333333333333334,0.8979591836734694,2.856,0.0,0.0,0.0,0.0,0.0,0.0,0.0,0.0,7.903292517006802,0.7391304347826086
Fred Cone,1952,3.764,0.1666666666666666,0.6730769230769231,4.0,0.0,0.0,0.0,0.0,0.0,0.0,0.0,0.0,8.60374358974359,0.8387096774193549
Fred Cone,1953,3.68,0.5555555555555556,0.6666666666666666,1.248,0.0,0.0,0.0,0.0,0.0,0.0,0.0,0.0,6.150222222222223,0.5416666666666666
Fred Cone,1954,3.724,1.125,1.0,2.248,0.0,0.0,0.0,0.0,0.0,0.0,0.0,0.0,8.097000000000001,0.7777777777777778
Fred Cone,1955,4.0,1.6,1.4181818181818182,2.668,0.0,0.0,0.0,0.0,0.0,0.0,0.0,0.0,9.68618181818182,1.0
Fred Cone,1956,3.668,0.5,0.8,2.5,0.0,0.0,0.0,0.0,0.0,0.0,0.0,0.0,7.468,0.6190476190476191
Fred Cone,1957,4.0,1.2,1.0,2.824,0.0,0.0,0.0,0.0,0.0,0.0,0.0,0.0,9.024,0.9523809523809524
Fred Cone,1958,0.0,0.0,0.0,0.0,0.0,0.0,0.0,0.0,0.0,0.0,0.0,0.0,0.0,0.2272727272727272
Fred Cone,1959,0.0,0.0,0.0,0.0,0.0,0.0,0.0,0.0,0.0,0.0,0.0,0.0,0.0,0.32
Fred Cone,1960,3.652,0.8571428571428571,0.8863636363636364,1.848,0.0,0.0,0.0,0.0,0.0,0.0,0.0,0.0,7.243506493506493,0.5384615384615384
Fred Cox,1963,4.0,1.3333333333333333,1.3888888888888888,2.0,0.0,0.0,0.0,0.0,0.0,0.0,0.0,0.0,8.722222222222221,0.7
Fred Cox,1964,3.808,1.75,1.537313432835821,2.544,0.0,0.0,0.0,0.0,0.0,0.0,0.0,0.0,9.63931343283582,0.9090909090909092
Fred Cox,1965,4.0,2.3,1.9152542372881356,2.628,0.0,0.0,0.0,0.0,0.0,0.0,0.0,0.0,10.843254237288136,1.0
Fred Cox,1966,4.0,1.3846153846153846,1.1428571428571428,2.18,0.0,0.0,0.0,0.0,0.0,0.0,0.0,0.0,8.707472527472527,0.6818181818181818
Fred Cox,1967,4.0,2.125,1.375,2.06,0.0,0.0,0.0,0.0,0.0,0.0,0.0,0.0,9.56,0.8571428571428571
Fred Cox,1968,3.876,2.111111111111111,1.76,2.62,0.0,0.0,0.0,0.0,0.0,0.0,0.0,0.0,10.367111111111113,0.875
Fred Cox,1969,4.0,2.363636363636364,1.9516129032258065,2.812,1.0,1.0,0.7272727272727273,0.8,0.0,0.0,3.789473684210526,0.0,18.443995678345424,0.9545454545454546
Fred Cox,1970,4.0,1.5789473684210529,1.4204545454545454,2.608,1.0,0.7857142857142857,1.0,0.875,0.0,0.0,2.8775510204081627,-0.0,16.145667219998046,0.935483870967742
Fred Cox,1971,4.0,1.2941176470588236,1.058139534883721,2.752,1.0,0.5,0.8571428571428571,0.75,0.0,0.0,2.8775510204081627,-0.0,15.088951059493564,0.8823529411764706
Fred Cox,1972,4.0,1.05,1.0210526315789474,2.544,1.0,0.6666666666666666,0.7,0.8888888888888888,0.0,0.0,2.755102040816327,-0.0,14.62571022795083,0.625
Fred Cox,1973,4.0,1.0,1.0212765957446808,2.4,1.0,0.7777777777777778,0.5714285714285714,0.6,0.0,0.0,2.5625,-1.5,12.43298294495103,0.4411764705882353
Fred Cox,1974,3.284,1.0909090909090908,1.0149253731343284,2.4,1.0,1.0,0.4285714285714285,0.6666666666666666,0.0,0.0,3.0,-0.5,13.385072559281516,0.5588235294117647
Fred Cox,1975,3.832,1.0,1.0759493670886076,3.06,1.0,1.0,1.0,0.857142857142857,3.0,0.0,3.25,-0.0,19.075092224231465,1.0
Fred Cox,1976,3.556,1.2666666666666666,1.2027027027027026,2.452,1.0,0.7142857142857143,0.8333333333333334,0.7272727272727272,0.0,0.0,3.0625,-1.5,13.314761144261144,0.5454545454545454
Fred Cox,1977,3.448,0.6153846153846154,0.8032786885245902,1.884,1.0,0.4285714285714285,0.6666666666666666,0.5,0.0,0.0,2.6808510638297873,-0.5,11.526752462977086,0.2972972972972973
Fred Gehrke,1947,4.0,0.1666666666666666,0.1458333333333333,4.0,0.0,0.0,0.0,0.0,0.0,0.0,0.0,0.0,8.3125,0.9130434782608696
Fred Gehrke,1948,4.0,0.0,0.0227272727272727,0.0,0.0,0.0,0.0,0.0,0.0,0.0,0.0,0.0,4.0227272727272725,0.4347826086956521
Fred Gehrke,1949,2.668,0.0,0.0434782608695652,0.0,0.0,0.0,0.0,0.0,0.0,0.0,0.0,0.0,2.7114782608695656,0.1176470588235294
Fred Steinfort,1976,3.368,0.2666666666666666,0.3783783783783784,2.0,1.0,1.0,0.5,0.6666666666666666,0.0,0.0,2.75,-1.0,10.929711711711713,0.1515151515151515
Fred Steinfort,1977,4.0,0.4615384615384615,0.5081967213114754,2.18,1.0,1.0,0.5,0.6666666666666666,0.0,0.0,2.5531914893617023,-0.0,12.869593338878309,0.4864864864864865
Fred Steinfort,1978,3.556,0.2142857142857142,0.2297297297297297,1.2,1.0,1.0,0.2,0.5,0.0,0.0,3.0638297872340425,-1.0,9.963845231249486,0.1351351351351351
Fred Steinfort,1979,0.0,0.0,0.0,0.0,0.0,0.0,0.0,0.0,0.0,0.0,0.0,0.0,0.0,0.025
Fred Steinfort,1980,3.88,1.625,1.3253012048192772,3.06,1.0,1.0,0.8,1.4285714285714286,1.875,0.0,3.5625,-0.5,19.05637263339071,1.0
Fred Steinfort,1981,3.892,0.8947368421052632,0.935483870967742,2.268,1.0,0.6666666666666666,0.4545454545454545,1.5,0.0,0.0,3.0,-1.0,13.611432834285123,0.3529411764705882
Fred Steinfort,1982,0.0,0.0,0.0,0.0,0.0,0.0,0.0,0.0,0.0,0.0,0.0,0.0,0.0,0.0789473684210526
Fred Steinfort,1983,3.776,0.3888888888888889,0.3838383838383838,1.332,1.0,0.8,0.5,0.0,0.0,0.0,2.0588235294117645,-0.5,9.739550802139036,0.1428571428571428
Fred Venturelli,1948,4.0,0.2,0.1590909090909091,2.0,0.0,0.0,0.0,0.0,0.0,0.0,0.0,0.0,6.359090909090909,0.6521739130434783
Fuad Reveiz,1985,3.848,1.0,1.1485148514851484,3.26,1.0,0.8888888888888888,0.8333333333333334,2.0,0.0,0.0,2.8823529411764706,-0.0,16.861090014883843,0.717948717948718
Fuad Reveiz,1986,3.78,0.7368421052631579,1.0,2.544,1.0,1.0,0.6666666666666666,0.75,1.5,0.0,3.0588235294117645,-0.5,15.536332301341588,0.5641025641025641
Fuad Reveiz,1987,3.732,0.5294117647058824,0.6626506024096386,3.272,1.0,1.0,1.0,1.3333333333333333,0.0,0.0,2.88,-1.0,14.409395700448854,0.5333333333333333
Fuad Reveiz,1988,3.876,0.4,0.5670103092783505,2.668,1.0,1.0,0.75,1.0,0.0,0.0,2.7,-0.0,13.96101030927835,0.3333333333333333
Fuad Reveiz,1989,0.0,0.0,0.0,0.0,0.0,0.0,0.0,0.0,0.0,0.0,0.0,0.0,0.0,0.0277777777777777
Fuad Reveiz,1990,3.852,0.65,0.7065217391304348,2.736,1.0,0.8333333333333334,0.75,1.0,0.0,0.0,2.7,-0.0,14.227855072463768,0.1875
Fuad Reveiz,1991,3.884,0.8095238095238095,0.8854166666666666,2.832,1.0,1.0,1.0,0.857142857142857,1.2000000000000002,0.0,2.8846153846153846,-0.5,15.852698717948716,0.3939393939393939
Fuad Reveiz,1992,4.0,1.0,1.096774193548387,3.04,1.0,0.6666666666666666,1.0,1.25,2.25,0.0,3.0,-0.5,17.803440860215055,0.78125
Fuad Reveiz,1993,3.856,1.04,1.0,2.972,1.0,1.0,1.0,0.857142857142857,0.4999999999999998,0.0,2.8867924528301887,-0.0,16.111935309973045,0.4
Fuad Reveiz,1994,4.0,1.5454545454545454,1.346938775510204,3.488,1.0,1.0,0.9230769230769232,1.6,1.0,0.0,3.06,-0.0,18.963470244041673,0.9090909090909092
Fuad Reveiz,1995,4.0,1.0833333333333333,1.1192660550458715,2.888,1.0,0.8888888888888888,0.7,1.5,0.75,0.0,3.0,-0.0,16.929488277268092,0.5833333333333334
Garo Yepremian,1966,4.0,1.0,0.6493506493506493,2.364,0.0,0.0,0.0,0.0,0.0,0.0,0.0,0.0,8.013350649350649,0.5
Garo Yepremian,1967,3.828,0.25,0.5,1.332,0.0,0.0,0.0,0.0,0.0,0.0,0.0,0.0,5.909999999999999,0.3928571428571428
Garo Yepremian,1968,0.0,0.0,0.0,0.0,0.0,0.0,0.0,0.0,0.0,0.0,0.0,0.0,0.0,0.0833333333333333
Garo Yepremian,1969,0.0,0.0,0.0,0.0,0.0,0.0,0.0,0.0,0.0,0.0,0.0,0.0,0.0,0.1818181818181818
Garo Yepremian,1970,4.0,1.1578947368421053,1.1022727272727273,3.036,1.0,0.6666666666666666,0.8333333333333334,1.4666666666666666,0.0,0.0,2.8775510204081627,-0.5,15.640385151189662,0.9032258064516128
Garo Yepremian,1971,4.0,1.6470588235294117,1.3604651162790695,2.8,1.0,1.0,0.5454545454545454,1.1666666666666667,0.0,0.0,2.938775510204082,-0.5,15.958420662133772,0.9117647058823528
Garo Yepremian,1972,3.824,1.2,1.2105263157894737,2.596,1.0,1.0,0.875,0.7272727272727272,1.125,0.0,3.3061224489795915,-1.5,15.36392149204179,0.8125
Garo Yepremian,1973,4.0,1.1904761904761905,1.202127659574468,2.704,1.0,0.8,0.6666666666666666,1.1111111111111112,0.75,0.0,3.3125,-0.5,16.23688162782844,0.9117647058823528
Garo Yepremian,1974,4.0,0.7272727272727273,1.0,2.132,0.0,0.8,0.6666666666666666,1.0,0.0,0.0,2.8043478260869565,-1.5,11.630287220026352,0.2352941176470588
Garo Yepremian,1975,3.48,1.0,1.0,3.248,1.0,1.0,0.8571428571428571,1.0,0.0,0.0,2.5,-0.0,15.08514285714286,0.7666666666666667
Garo Yepremian,1976,3.74,1.0666666666666669,1.0405405405405406,2.784,1.0,0.9,0.5,1.0,3.0,0.0,3.3125,-0.5,17.84370720720721,1.0
Garo Yepremian,1977,3.7,0.7692307692307693,1.098360655737705,1.82,1.0,0.75,0.7142857142857143,0.4444444444444444,0.0,0.0,3.0638297872340425,-0.5,12.860151370932677,0.4594594594594595
Garo Yepremian,1978,3.644,1.3571428571428572,1.3243243243243243,3.304,1.0,0.8,0.9090909090909092,1.4285714285714286,0.0,0.0,3.127659574468085,-0.0,16.894789093597606,0.972972972972973
Garo Yepremian,1979,3.9,0.9230769230769232,0.974025974025974,3.0,1.0,1.0,0.75,1.0,0.0,0.0,2.808510638297873,-2.5,12.855613535400767,0.35
Garo Yepremian,1980,3.876,1.0,0.9518072289156626,2.784,1.0,0.875,0.7777777777777778,0.4,0.0,0.0,2.6875,-0.5,13.85208500669344,0.4444444444444444
Garo Yepremian,1981,4.0,0.1052631578947368,0.1290322580645161,2.0,1.0,1.0,1.0,0.6666666666666666,0.0,0.0,2.693877551020408,-0.0,12.594839633646329,0.2352941176470588
Garrett Hartley,2008,4.0,0.4814814814814814,0.5630252100840336,4.0,1.0,1.0,1.0,2.0,0.0,0.0,2.660377358490566,-0.0,16.70488405005608,0.3902439024390244
Garrett Hartley,2009,3.636,0.375,0.37,3.272,1.0,1.0,0.8333333333333334,1.636,1.5,0.0,2.192307692307692,-1.0,14.814641025641023,0.2558139534883721
Garrett Hartley,2010,4.0,0.8333333333333334,0.9433962264150944,3.2,1.0,0.6666666666666666,0.7777777777777778,1.7142857142857142,3.0,0.0,2.943396226415094,-0.5,18.57885594489368,0.7272727272727273
Garrett Hartley,2011,0.0,0.0,0.0,0.0,0.0,0.0,0.0,0.0,0.0,0.0,0.0,0.0,0.0,0.0526315789473684
Garrett Hartley,2012,4.0,0.6923076923076923,0.9652173913043478,3.272,1.0,1.0,0.6666666666666666,1.3333333333333333,1.5,0.0,3.0,-0.5,16.92952508361204,0.1944444444444444
Garrett Hartley,2013,4.0,0.8461538461538461,0.9067796610169492,2.932,1.0,0.8333333333333334,0.625,1.3846153846153846,3.0,0.0,3.055555555555556,-0.0,18.58343778067507,0.4571428571428571
Garrett Hartley,2014,4.0,0.1153846153846153,0.0948275862068965,4.0,1.0,1.0,1.0,2.0,0.0,0.0,2.4339622641509435,-0.0,15.644174465742456,0.1111111111111111
Gary Anderson,1982,4.0,1.0,1.0196078431372548,3.332,1.0,1.0,0.5,2.0,0.0,0.0,3.0,-0.5,16.351607843137256,0.7894736842105263
Gary Anderson,1983,3.896,1.5,1.202020202020202,3.484,1.0,0.8888888888888888,0.9,1.6,0.0,0.0,2.8823529411764706,-0.0,17.35326203208556,0.8
Gary Anderson,1984,4.0,1.2,1.17,3.0,1.0,0.8888888888888888,0.6666666666666666,1.4545454545454546,2.0,0.0,3.1730769230769234,-1.5,17.053177933177935,0.7142857142857143
Gary Anderson,1985,4.0,1.5,1.376237623762376,3.144,1.0,0.9230769230769232,0.9333333333333332,1.1111111111111112,0.75,0.0,3.0588235294117645,-0.5,17.29658252069551,0.7692307692307693
Gary Anderson,1986,4.0,1.105263157894737,1.0106382978723405,2.624,0.0,0.8571428571428571,0.8571428571428571,1.2857142857142858,0.0,0.0,2.6470588235294117,-0.0,14.38696027929649,0.4102564102564102
Gary Anderson,1987,4.0,1.2941176470588236,1.0481927710843373,3.26,1.0,0.8888888888888888,1.0,1.2727272727272727,3.0,0.0,3.12,-1.0,18.88392657975932,0.9833333333333332
Gary Anderson,1988,3.884,1.4,1.2164948453608246,3.112,1.0,1.0,0.9,1.0,1.5,0.0,3.12,-0.5,17.632494845360824,0.9487179487179488
Gary Anderson,1989,4.0,1.0,0.9578947368421052,2.8,1.0,1.0,0.625,1.2,0.0,0.0,2.94,-0.0,15.522894736842105,0.4444444444444444
Gary Anderson,1990,4.0,1.0,1.0,3.2,1.0,1.0,1.0,1.4545454545454546,0.0,0.0,2.88,-0.0,16.534545454545455,0.53125
Gary Anderson,1991,4.0,1.0952380952380951,1.0416666666666667,2.788,1.0,0.8,0.8181818181818182,1.6666666666666667,0.4999999999999998,0.0,3.115384615384615,-0.5,16.32513786213786,0.4848484848484848
Gary Anderson,1992,3.74,1.4736842105263157,1.2150537634408602,3.112,1.0,0.9230769230769232,0.8,1.3333333333333333,0.0,0.0,2.826923076923077,-1.0,15.424071307300512,0.5
Gary Anderson,1993,4.0,1.12,1.1047619047619048,3.732,1.0,0.8888888888888888,1.0,1.6666666666666667,0.0,0.0,2.60377358490566,-0.0,17.11609104522312,0.5
Gary Anderson,1994,4.0,1.0909090909090908,1.0612244897959184,3.312,1.0,0.875,0.8888888888888888,1.5555555555555556,1.5,0.0,3.0,-1.0,17.283578025149453,0.696969696969697
Gary Anderson,1995,3.88,0.9166666666666666,0.8990825688073395,2.932,1.0,1.0,0.9,1.3333333333333333,0.0,0.0,2.5294117647058822,-0.5,14.890494333513224,0.2222222222222222
Gary Anderson,1996,4.0,1.0416666666666667,1.0648148148148149,3.448,1.0,0.9090909090909092,0.8888888888888888,1.5555555555555556,0.0,0.0,2.76,-0.5,16.168016835016836,0.4545454545454545
Gary Anderson,1997,4.0,1.2083333333333333,1.1682242990654206,3.224,1.0,1.0,0.75,1.6,1.0,0.0,2.9423076923076925,-0.0,17.892865324706445,0.6857142857142857
Gary Anderson,1998,4.0,1.5909090909090908,1.6565656565656566,4.0,1.0,1.0,1.0,2.0,3.0,0.0,3.0576923076923075,-0.0,22.305167055167058,1.0
Gary Anderson,1999,4.0,0.7916666666666666,0.9716981132075472,2.532,1.0,0.75,0.8181818181818182,0.8888888888888888,0.0,0.0,2.588235294117647,-0.5,13.840670781062569,0.2564102564102564
Gary Anderson,2000,4.0,0.9166666666666666,1.0571428571428572,3.828,1.0,1.0,1.0,2.0,2.0,0.0,2.8823529411764706,-0.0,19.684162464985995,0.9285714285714286
Gary Anderson,2001,3.868,0.6521739130434783,0.7326732673267327,3.332,1.0,1.0,0.5,1.7142857142857142,3.0,0.0,2.588235294117647,-0.0,18.38736818877357,0.8536585365853658
Gary Anderson,2002,3.892,0.782608695652174,0.8737864077669902,3.132,1.0,1.0,1.0,0.75,3.0,0.0,3.1176470588235303,-1.5,17.048042162242695,0.6444444444444445
Gary Anderson,2003,4.0,1.2272727272727273,1.2058823529411764,3.484,1.0,1.0,1.0,1.4285714285714286,0.0,0.0,2.5294117647058822,-0.0,16.875138273491217,0.6190476190476191
Gary Anderson,2004,4.0,0.7727272727272727,0.88,3.092,1.0,0.8,1.0,1.5,1.5,0.0,2.6470588235294117,-0.0,17.191786096256685,0.5
Gary Famiglietti,1942,0.0,0.0,0.0,0.0,0.0,0.0,0.0,0.0,0.0,0.0,0.0,0.0,0.0,0.2340425531914893
Gary Famiglietti,1943,0.0,0.0,0.0,0.0,0.0,0.0,0.0,0.0,0.0,0.0,0.0,0.0,0.0,0.4848484848484848
Gary Famiglietti,1944,0.0,0.0,0.0,0.0,0.0,0.0,0.0,0.0,0.0,0.0,0.0,0.0,0.0,0.4516129032258064
Gary Famiglietti,1945,0.0,0.0,0.0,0.0,0.0,0.0,0.0,0.0,0.0,0.0,0.0,0.0,0.0,0.4411764705882353
Gary Famiglietti,1946,0.0,0.0,0.0,0.0,0.0,0.0,0.0,0.0,0.0,0.0,0.0,0.0,0.0,0.32
Gary Glick,1956,3.764,0.4,0.4666666666666667,2.284,0.0,0.0,0.0,0.0,0.0,0.0,0.0,0.0,6.914666666666666,0.5714285714285714
Gary Glick,1957,3.332,0.5,0.4032258064516129,1.112,0.0,0.0,0.0,0.0,0.0,0.0,0.0,0.0,5.347225806451613,0.3809523809523809
Gary Kerkorian,1952,3.416,0.6666666666666666,0.903846153846154,1.776,0.0,0.0,0.0,0.0,0.0,0.0,0.0,0.0,6.76251282051282,0.6774193548387096
Gary Kerkorian,1953,0.0,0.0,0.0,0.0,0.0,0.0,0.0,0.0,0.0,0.0,0.0,0.0,0.0,0.25
Gary Kerkorian,1954,3.668,0.625,0.4814814814814814,2.0,0.0,0.0,0.0,0.0,0.0,0.0,0.0,0.0,6.774481481481482,0.5185185185185185
Gary Kerkorian,1955,0.0,0.1,0.0545454545454545,2.0,0.0,0.0,0.0,0.0,0.0,0.0,0.0,0.0,2.1545454545454543,0.32
Gary Kerkorian,1956,2.0,0.0,0.0166666666666666,0.0,0.0,0.0,0.0,0.0,0.0,0.0,0.0,0.0,2.0166666666666666,0.1904761904761904
Gene Mingo,1967,3.636,0.5,0.5714285714285714,1.6,0.0,0.0,0.0,0.0,0.0,0.0,0.0,0.0,6.307428571428572,0.4642857142857143
Gene Mingo,1968,0.0,0.0,0.0,0.0,0.0,0.0,0.0,0.0,0.0,0.0,0.0,0.0,0.0,0.0833333333333333
Gene Mingo,1969,4.0,1.0909090909090908,1.0,1.848,0.9128709291752768,0.25,0.5714285714285714,0.4444444444444444,0.0,0.0,3.2368421052631584,0.0,13.354495141220545,0.4545454545454545
Gene Mingo,1970,4.0,0.2631578947368421,0.3636363636363636,1.112,1.0,0.1666666666666666,0.278,0.5714285714285714,0.0,0.0,3.0,-1.5,9.254889496468444,0.1612903225806451
George Benyola,1987,4.0,0.1764705882352941,0.144578313253012,2.4,1.0,1.0,0.0,1.0,0.0,0.0,2.7,-0.0,12.421048901488303,0.3
George Blanda,1949,0.0,1.4,0.4565217391304347,1.868,0.0,0.0,0.0,0.0,0.0,0.0,0.0,0.0,3.7245217391304344,0.1764705882352941
George Blanda,1950,0.0,1.0,0.391304347826087,1.6,0.0,0.0,0.0,0.0,0.0,0.0,0.0,0.0,2.991304347826087,0.1666666666666666
George Blanda,1951,4.0,1.0,0.8979591836734694,1.412,0.0,0.0,0.0,0.0,0.0,0.0,0.0,0.0,7.309959183673469,0.5652173913043478
George Blanda,1952,4.0,1.0,0.9230769230769232,0.96,0.0,0.0,0.0,0.0,0.0,0.0,0.0,0.0,6.883076923076923,0.7096774193548387
George Blanda,1953,4.0,0.7777777777777778,0.8421052631578947,1.4,0.0,0.0,0.0,0.0,0.0,0.0,0.0,0.0,7.019883040935673,0.7083333333333334
George Blanda,1954,4.0,1.0,0.8518518518518519,2.0,0.0,0.0,0.0,0.0,0.0,0.0,0.0,0.0,7.851851851851852,0.7407407407407407
George Blanda,1955,4.0,1.1,1.2727272727272727,2.752,0.0,0.0,0.0,0.0,0.0,0.0,0.0,0.0,9.124727272727272,0.96
George Blanda,1956,3.828,1.2,1.35,1.716,0.0,0.0,0.0,0.0,0.0,0.0,0.0,0.0,8.094,0.8095238095238095
George Blanda,1957,4.0,1.4,1.0483870967741935,2.152,0.0,0.0,0.0,0.0,0.0,0.0,0.0,0.0,8.600387096774195,0.8571428571428571
George Blanda,1958,3.892,1.0,1.15,1.912,0.0,0.0,0.0,0.0,0.0,0.0,0.0,0.0,7.954,0.7727272727272727
George Blanda,1959,0.0,0.0,0.0,0.0,0.0,0.0,0.0,0.0,0.0,0.0,0.0,0.0,0.0,0.32
George Blanda,1960,0.0,0.0,0.0,0.0,0.0,0.0,0.0,0.0,0.0,0.0,0.0,0.0,0.0,0.3076923076923077
George Blanda,1961,0.0,0.0,0.0,0.0,0.0,0.0,0.0,0.0,0.0,0.0,0.0,0.0,0.0,0.25
George Blanda,1962,0.0,0.0,0.0,0.0,0.0,0.0,0.0,0.0,0.0,0.0,0.0,0.0,0.0,0.1739130434782608
George Blanda,1963,0.0,0.0,0.0,0.0,0.0,0.0,0.0,0.0,0.0,0.0,0.0,0.0,0.0,0.15
George Blanda,1964,0.0,0.0,0.0,0.0,0.0,0.0,0.0,0.0,0.0,0.0,0.0,0.0,0.0,0.2272727272727272
George Blanda,1965,0.0,0.0,0.0,0.0,0.0,0.0,0.0,0.0,0.0,0.0,0.0,0.0,0.0,0.2727272727272727
George Blanda,1966,0.0,0.0,0.0,0.0,0.0,0.0,0.0,0.0,0.0,0.0,0.0,0.0,0.0,0.1818181818181818
George Blanda,1967,0.0,0.0,0.0,0.0,0.0,0.0,0.0,0.0,0.0,0.0,0.0,0.0,0.0,0.0714285714285714
George Blanda,1968,0.0,0.0,0.0,0.0,0.0,0.0,0.0,0.0,0.0,0.0,0.0,0.0,0.0,0.0833333333333333
George Blanda,1969,0.0,0.0,0.0,0.0,0.0,0.0,0.0,0.0,0.0,0.0,0.0,0.0,0.0,0.1818181818181818
George Blanda,1970,4.0,0.8421052631578947,0.9545454545454546,2.208,0.9258200997725514,0.6666666666666666,0.6,0.4,3.0,0.0,3.183673469387755,-3.0,13.78081095353032,0.6129032258064516
George Blanda,1971,3.904,0.8823529411764706,1.0,2.728,1.0,0.7142857142857143,0.5714285714285714,1.3333333333333333,0.0,0.0,2.571428571428571,-0.5,14.20482913165266,0.6764705882352942
George Blanda,1972,4.0,0.85,1.0,2.616,1.0,0.8333333333333334,0.7142857142857143,1.0,0.0,0.0,2.938775510204082,-0.5,14.452394557823128,0.53125
George Blanda,1973,4.0,1.0952380952380951,1.0638297872340423,2.788,1.0,0.875,0.75,0.5454545454545454,0.0,0.0,3.0625,-0.0,15.180022427926682,0.7941176470588235
George Blanda,1974,3.828,1.0,1.1492537313432836,2.588,1.0,1.0,0.625,1.3333333333333333,0.0,0.0,3.195652173913044,-0.5,15.219239238589662,0.8235294117647058
George Blanda,1975,3.668,1.0,1.0506329113924051,2.476,1.0,0.875,0.6666666666666666,0.0,0.0,0.0,2.3125,-0.5,12.548799578059072,0.3333333333333333
George Buksar,1952,3.332,0.5,0.4615384615384615,1.716,0.0,0.0,0.0,0.0,0.0,0.0,0.0,0.0,6.009538461538462,0.6129032258064516
George Grimes,1948,0.0,0.0,0.0,0.0,0.0,0.0,0.0,0.0,0.0,0.0,0.0,0.0,0.0,0.217391304347826
George Hunt,1973,3.668,0.7619047619047619,0.7446808510638298,2.284,1.0,0.7777777777777778,0.6,0.0,0.0,0.0,2.375,-0.5,11.711363390746367,0.2647058823529412
George Hunt,1974,0.0,0.0,0.0,0.0,0.0,0.0,0.0,0.0,0.0,0.0,0.0,0.0,0.0,0.0294117647058823
George Hunt,1975,3.312,0.4615384615384615,0.5316455696202531,2.18,1.0,1.0,0.5,0.6666666666666666,0.0,0.0,2.5625,-0.0,12.21435069782538,0.2333333333333333
George Jakowenko,1976,3.5,0.8,0.7702702702702703,2.824,1.0,1.0,0.6666666666666666,1.1428571428571428,0.0,0.0,3.0625,-0.0,14.766294079794076,0.8181818181818182
George Shaw,1958,0.0,0.0,0.0,0.0,0.0,0.0,0.0,0.0,0.0,0.0,0.0,0.0,0.0,0.2272727272727272
George Smith,1942,0.0,0.0,0.0,0.0,0.0,0.0,0.0,0.0,0.0,0.0,0.0,0.0,0.0,0.2340425531914893
George Somers,1940,4.0,1.0,0.3684210526315789,0.888,0.0,0.0,0.0,0.0,0.0,0.0,0.0,0.0,6.256421052631579,0.7317073170731707
George Somers,1941,0.0,0.0,0.0,0.0,0.0,0.0,0.0,0.0,0.0,0.0,0.0,0.0,0.0,0.1590909090909091
George Somers,1942,4.0,0.0,0.0434782608695652,0.0,0.0,0.0,0.0,0.0,0.0,0.0,0.0,0.0,4.043478260869565,0.5106382978723404
George Yarno,1983,4.0,0.0,0.0101010101010101,0.0,1.0,1.0,0.0,0.0,0.0,0.0,0.0,-0.0,6.01010101010101,0.1142857142857142
Gerry Perry,1958,4.0,0.3636363636363636,0.2166666666666666,4.0,0.0,0.0,0.0,0.0,0.0,0.0,0.0,0.0,8.58030303030303,0.9545454545454546
Gerry Perry,1959,4.0,0.375,0.5192307692307693,2.0,0.0,0.0,0.0,0.0,0.0,0.0,0.0,0.0,6.894230769230769,0.6
Gerry Perry,1960,4.0,1.8571428571428572,1.0,2.6,0.0,0.0,0.0,0.0,0.0,0.0,0.0,0.0,9.457142857142856,0.7307692307692307
Gerry Perry,1961,3.636,0.7777777777777778,0.8095238095238095,1.752,0.0,0.0,0.0,0.0,0.0,0.0,0.0,0.0,6.975301587301587,0.5714285714285714
Gerry Perry,1962,3.896,0.5555555555555556,0.913793103448276,1.668,0.0,0.0,0.0,0.0,0.0,0.0,0.0,0.0,7.033348659003831,0.4347826086956521
Gino Cappelletti,1970,3.692,0.3157894736842105,0.3409090909090909,1.6,0.816496580927726,0.75,0.0,0.4,0.0,0.0,2.5102040816326534,-0.5,9.925399227153685,0.2258064516129032
Giorgio Tavecchio,2017,3.884,0.6153846153846154,0.7431192660550459,3.048,1.0,1.0,0.7142857142857143,1.2,1.2000000000000002,0.0,2.9444444444444446,-0.0,16.34923404016982,0.4090909090909091
Giorgio Tavecchio,2018,4.0,0.217391304347826,0.2072072072072072,4.0,1.0,1.0,1.0,2.0,0.0,0.0,3.1111111111111107,-0.0,16.535709622666143,0.238095238095238
Glen Sorenson,1943,0.0,0.0,0.0,0.0,0.0,0.0,0.0,0.0,0.0,0.0,0.0,0.0,0.0,0.4848484848484848
Glen Sorenson,1944,4.0,0.0,0.0333333333333333,0.0,0.0,0.0,0.0,0.0,0.0,0.0,0.0,0.0,4.033333333333333,0.6129032258064516
Glen Sorenson,1945,0.0,0.0,0.0,0.0,0.0,0.0,0.0,0.0,0.0,0.0,0.0,0.0,0.0,0.4411764705882353
Gordie Soltau,1950,3.716,0.6666666666666666,0.8260869565217391,2.0,0.0,0.0,0.0,0.0,0.0,0.0,0.0,0.0,7.208753623188406,0.6666666666666666
Gordie Soltau,1951,3.752,1.0,0.979591836734694,1.332,0.0,0.0,0.0,0.0,0.0,0.0,0.0,0.0,7.063591836734694,0.5217391304347826
Gordie Soltau,1952,3.776,1.0,1.0,2.0,0.0,0.0,0.0,0.0,0.0,0.0,0.0,0.0,7.776,0.8064516129032258
Gordie Soltau,1953,3.92,1.1111111111111112,1.368421052631579,2.668,0.0,0.0,0.0,0.0,0.0,0.0,0.0,0.0,9.06753216374269,0.9583333333333334
Gordie Soltau,1954,3.756,1.375,1.1851851851851851,2.444,0.0,0.0,0.0,0.0,0.0,0.0,0.0,0.0,8.760185185185186,0.8888888888888888
Gordie Soltau,1955,3.6,0.3,0.6545454545454545,1.0,0.0,0.0,0.0,0.0,0.0,0.0,0.0,0.0,5.554545454545455,0.52
Gordie Soltau,1956,3.716,1.3,1.0833333333333333,2.6,0.0,0.0,0.0,0.0,0.0,0.0,0.0,0.0,8.699333333333334,0.9047619047619048
Gordie Soltau,1957,4.0,0.9,0.967741935483871,2.4,0.0,0.0,0.0,0.0,0.0,0.0,0.0,0.0,8.26774193548387,0.7142857142857143
Gordie Soltau,1958,3.412,0.7272727272727273,0.8833333333333333,1.524,0.0,0.0,0.0,0.0,0.0,0.0,0.0,0.0,6.54660606060606,0.4545454545454545
Gordon Paschka,1943,4.0,0.0,0.0689655172413793,0.0,0.0,0.0,0.0,0.0,0.0,0.0,0.0,0.0,4.068965517241379,0.7272727272727273
Graham Gano,2009,3.428,0.1666666666666666,0.18,4.0,1.0,1.0,1.0,2.0,0.0,0.0,2.6538461538461537,-0.5,14.92851282051282,0.3023255813953488
Graham Gano,2010,4.0,1.0,0.9433962264150944,2.744,1.0,0.8,0.5714285714285714,1.5714285714285714,1.5,0.0,2.773584905660377,-1.0,15.903838274932614,0.2954545454545454
Graham Gano,2011,3.848,1.24,1.0,3.024,1.0,0.9333333333333332,0.5555555555555556,1.4545454545454546,2.0,0.0,3.339622641509434,-0.0,18.39505698494378,0.7105263157894737
Graham Gano,2012,3.808,0.3461538461538461,0.408695652173913,3.272,1.0,1.0,1.0,1.3333333333333333,1.5,0.0,2.8867924528301887,-0.0,16.55497528449128,0.1666666666666666
Graham Gano,2013,4.0,0.9230769230769232,0.9661016949152542,3.556,1.0,1.0,0.8,1.4285714285714286,2.0,0.0,3.055555555555556,-0.0,18.72930560211916,0.5428571428571428
Graham Gano,2014,4.0,1.1153846153846154,1.043103448275862,3.316,1.0,1.0,0.9230769230769232,1.5,1.5,0.0,3.0,-0.5,17.8975649867374,0.5277777777777778
Graham Gano,2015,3.796,1.2,1.351851851851852,3.332,1.0,1.0,0.8,1.625,2.4000000000000004,0.0,2.8888888888888884,-0.0,19.393740740740743,0.8205128205128205
Graham Gano,2016,3.648,1.1111111111111112,1.0083333333333333,3.156,1.0,1.0,0.8181818181818182,1.6470588235294117,1.5,0.0,3.0,-0.0,17.888685086155675,0.5833333333333334
Graham Gano,2017,3.676,1.1153846153846154,1.110091743119266,3.868,1.0,1.0,1.0,2.0,1.9090909090909092,0.0,2.6666666666666665,-0.0,19.345233934261454,0.7954545454545454
Graham Gano,2018,3.636,0.6086956521739131,0.6486486486486487,3.5,1.0,1.0,0.8,2.0,2.0,2.0,3.5,-0.0,20.693344300822563,0.9761904761904762
Graham Gano,2019,0.0,0.0,0.0,0.0,0.0,0.0,0.0,0.0,0.0,0.0,0.0,0.0,0.0,0.0
Graham Gano,2020,3.652,1.24,1.027027027027027,3.876,1.0,1.0,1.0,2.0,2.25,0.0,3.0,-0.0,20.045027027027025,0.8979591836734694
Graham Gano,2021,4.0,1.1153846153846154,0.8666666666666667,3.516,1.0,1.0,0.9230769230769232,2.0,0.0,0.0,3.0,-0.0,17.421128205128205,0.54
Graham Gano,2022,3.764,1.0740740740740742,1.0347826086956522,3.624,1.0,1.0,0.9,1.8181818181818183,2.6666666666666665,0.0,3.0535714285714284,-0.5,19.43527659618964,0.8695652173913043
Graham Gano,2023,4.0,0.3793103448275862,0.3416666666666667,2.588,1.0,1.0,0.6,1.0,2.25,0.0,3.0535714285714284,-0.5,15.712548440065682,0.2325581395348837
Graham Gano,2024,4.0,0.346153846153846,0.375,3.272,1.0,1.0,0.5,1.6,3.0,0.0,2.789473684210527,-0.5,17.38262753036437,0.3636363636363636
Grant Guthrie,1970,3.84,0.5263157894736842,0.6136363636363636,2.104,1.0,0.75,0.6666666666666666,0.5,0.6000000000000001,0.0,3.183673469387755,-0.5,13.284292289164467,0.5806451612903226
Grant Guthrie,1971,3.556,0.1764705882352941,0.1976744186046511,1.2,1.0,0.0,0.5,0.4,1.5,0.0,3.122448979591837,-0.0,11.652593986431782,0.3235294117647059
Greg Davis,1987,4.0,0.1764705882352941,0.180722891566265,3.0,1.0,1.0,1.0,1.0,0.0,0.0,2.52,-0.0,13.87719347980156,0.4833333333333333
Greg Davis,1988,3.704,0.95,0.845360824742268,2.532,1.0,0.75,0.6666666666666666,1.3333333333333333,0.75,0.0,3.12,-0.5,15.15136082474227,0.4871794871794871
Greg Davis,1989,3.572,1.0952380952380951,0.9894736842105264,2.704,1.0,1.0,0.6666666666666666,1.0,3.0,0.0,3.12,-0.5,17.647378446115287,0.8611111111111112
Greg Davis,1990,4.0,1.1,1.1521739130434785,2.668,1.0,1.0,0.8888888888888888,0.923076923076923,1.2000000000000002,0.0,3.18,-0.0,17.11213972500929,0.71875
Greg Davis,1991,4.0,1.0,0.8541666666666666,2.8,1.0,1.0,1.0,1.0,1.2857142857142856,0.0,3.0,-0.0,16.939880952380953,0.5757575757575758
Greg Davis,1992,4.0,0.6842105263157895,0.7204301075268817,2.0,1.0,0.6,0.75,0.8888888888888888,0.0,0.0,2.826923076923077,-0.5,12.970452599654635,0.125
Greg Davis,1993,4.0,0.84,0.9523809523809524,3.0,1.0,1.0,1.0,0.8,2.4000000000000004,0.0,3.1132075471698113,-0.0,18.10558849955077,0.7666666666666667
Greg Davis,1994,4.0,0.9090909090909092,0.7857142857142857,3.076,1.0,0.9090909090909092,0.75,1.7142857142857142,0.75,0.0,3.06,-0.0,16.95418181818182,0.6060606060606061
Greg Davis,1995,4.0,1.25,1.0,3.076,1.0,0.9285714285714286,0.9,1.5,0.4999999999999998,0.0,3.235294117647059,-0.0,17.389865546218488,0.6666666666666666
Greg Davis,1996,4.0,0.375,0.3611111111111111,2.572,1.0,0.7777777777777778,0.5,0.6666666666666666,0.0,0.0,2.94,-0.5,12.692555555555554,0.0606060606060606
Greg Davis,1997,3.876,1.0833333333333333,1.0186915887850467,3.06,1.0,0.8,1.0,1.0,0.0,0.0,2.5961538461538463,-0.5,14.934178768272227,0.2285714285714285
Greg Davis,1998,4.0,0.7727272727272727,0.8282828282828283,2.52,1.0,0.8333333333333334,0.625,1.0909090909090908,1.5,0.0,2.9423076923076925,-0.5,15.61256021756022,0.3243243243243243
Greg Gantt,1974,2.0,0.0,0.0149253731343283,0.0,1.0,1.0,0.0,0.0,0.0,0.0,0.0,-0.0,4.014925373134329,0.088235294117647
Greg Joseph,2018,3.448,0.7391304347826086,0.6846846846846847,3.4,1.0,1.0,1.0,1.4285714285714286,1.5,0.0,2.833333333333333,-0.0,17.033719881372054,0.2857142857142857
Greg Joseph,2019,4.0,0.0,0.0857142857142857,0.0,1.0,1.0,0.0,0.0,0.0,0.0,0.0,-0.0,6.085714285714285,0.0476190476190476
Greg Joseph,2020,0.0,0.0,0.0,0.0,0.0,0.0,0.0,0.0,0.0,0.0,0.0,0.0,0.0,0.0408163265306122
Greg Joseph,2021,3.6,1.2692307692307692,1.125,3.472,1.0,1.0,0.9166666666666666,1.5555555555555556,1.2000000000000002,0.0,3.0,-0.0,18.13845299145299,0.6
Greg Joseph,2022,3.48,0.9629629629629628,1.0260869565217392,3.152,1.0,1.0,1.0,1.75,2.625,0.0,3.2678571428571423,-0.0,19.263907062341843,0.8260869565217391
Greg Joseph,2023,3.788,0.8275862068965517,0.9,3.2,1.0,1.0,1.0,1.0,2.0,0.0,2.8928571428571432,-0.5,17.108443349753696,0.3720930232558139
Greg Joseph,2024,4.0,0.615384615384615,0.526785714285714,3.2,1.0,1.0,1.0,1.25,1.285714285714287,0.0,2.736842105263158,-0.0,16.614726720647774,0.25
Greg Zuerlein,2012,4.0,0.8846153846153846,0.8260869565217391,2.968,1.0,1.0,0.6666666666666666,2.0,2.25,0.0,3.39622641509434,-1.5,17.491595422898133,0.3055555555555556
Greg Zuerlein,2013,4.0,1.0,0.9491525423728814,3.716,1.0,1.0,1.0,1.7777777777777777,1.7999999999999998,0.0,3.0,-0.0,19.24293032015066,0.6571428571428571
Greg Zuerlein,2014,3.884,0.9230769230769232,0.913793103448276,3.2,1.0,0.8571428571428571,0.8333333333333334,1.3333333333333333,2.142857142857143,0.0,3.169811320754717,-0.5,17.757348013946583,0.4722222222222222
Greg Zuerlein,2015,3.716,0.8,0.7962962962962963,2.668,1.0,1.0,0.9,1.25,0.0,0.0,3.3888888888888884,-0.0,15.519185185185185,0.2051282051282051
Greg Zuerlein,2016,4.0,0.7037037037037037,0.6666666666666666,3.456,1.0,1.0,1.0,1.5,1.5,0.0,3.0,-0.0,17.82637037037037,0.5277777777777778
Greg Zuerlein,2017,3.828,1.4615384615384617,1.4495412844036697,3.8,1.0,1.0,0.9166666666666666,2.0,3.0,0.0,3.1111111111111107,-0.5,21.066857523719907,0.9772727272727272
Greg Zuerlein,2018,3.888,1.173913043478261,1.045045045045045,3.484,1.0,1.0,1.0,1.3333333333333333,2.0,0.0,3.1111111111111107,-0.0,19.03540253296775,0.7380952380952381
Greg Zuerlein,2019,4.0,1.0434782608695652,1.0857142857142856,2.908,1.0,1.0,0.875,0.909090909090909,1.0,0.0,3.2222222222222223,-0.0,17.04350567789698,0.4523809523809524
Greg Zuerlein,2020,3.668,1.36,1.2162162162162162,3.316,1.0,1.0,1.0,1.8461538461538465,2.0,0.0,3.2181818181818183,-0.0,19.62455188055188,0.8775510204081632
Greg Zuerlein,2021,3.5,1.1153846153846154,1.075,3.316,1.0,1.0,0.9375,1.5555555555555556,2.4545454545454546,0.0,3.0545454545454542,-0.0,19.00853108003108,0.78
Greg Zuerlein,2022,3.864,1.1111111111111112,1.0260869565217392,3.244,1.0,1.0,1.0,1.6363636363636365,2.4000000000000004,2.0,3.2142857142857144,-0.0,21.495847418282203,1.0
Greg Zuerlein,2023,3.752,1.206896551724138,1.0,3.684,1.0,1.0,0.9,1.8571428571428572,2.625,0.0,2.9464285714285716,-1.0,18.971467980295568,0.6511627906976745
Greg Zuerlein,2024,3.716,0.346153846153846,0.357142857142857,2.4,1.0,1.0,0.6666666666666666,0.5,1.5,0.0,2.1052631578947363,-0.0,13.591226527858105,0.0454545454545454
Hal Lahar,1941,1.332,0.3333333333333333,0.2,4.0,0.0,0.0,0.0,0.0,0.0,0.0,0.0,0.0,5.865333333333333,0.5909090909090909
Hank Soar,1940,0.0,0.0,0.0,0.0,0.0,0.0,0.0,0.0,0.0,0.0,0.0,0.0,0.0,0.1219512195121951
Hank Soar,1941,4.0,0.0,0.15,0.0,0.0,0.0,0.0,0.0,0.0,0.0,0.0,0.0,4.15,0.4090909090909091
Hank Soar,1942,2.668,0.0,0.0869565217391304,0.0,0.0,0.0,0.0,0.0,0.0,0.0,0.0,0.0,2.7549565217391305,0.3191489361702128
Hans Nielsen,1981,4.0,0.0,0.086021505376344,0.0,1.0,0.0,0.0,0.0,0.0,0.0,0.0,-0.5,4.586021505376344,0.0588235294117647
Happy Feller,1971,4.0,0.3529411764705882,0.3255813953488372,1.2,0.7071067811865476,0.4,0.2857142857142857,0.0,1.5,0.0,3.0612244897959178,-1.0,10.832568128516176,0.2352941176470588
Happy Feller,1972,3.636,0.3,0.2947368421052631,2.18,1.0,0.5,0.75,0.5,0.0,0.0,2.816326530612245,-1.0,10.97706337271751,0.1875
Happy Feller,1973,4.0,0.1904761904761904,0.202127659574468,1.332,0.8944271909999159,1.0,0.0,0.0,0.0,0.0,1.125,-0.5,8.244031041050574,0.088235294117647
Hardy Brown,1950,0.0,0.0,0.0,0.0,0.0,0.0,0.0,0.0,0.0,0.0,0.0,0.0,0.0,0.0833333333333333
Harold Deters,1967,3.6,0.125,0.2142857142857142,1.0,0.0,0.0,0.0,0.0,0.0,0.0,0.0,0.0,4.939285714285714,0.2857142857142857
Harrison Butker,2017,4.0,1.4615384615384617,1.3027522935779816,3.62,1.0,1.0,0.9411764705882352,1.6666666666666667,3.0,0.0,2.9444444444444446,-0.5,20.436578336815785,0.8863636363636364
Harrison Butker,2018,3.768,1.0434782608695652,1.2342342342342345,3.556,1.0,1.0,1.0,1.7142857142857142,3.0,0.0,3.0,-0.0,20.315998209389512,0.9285714285714286
Harrison Butker,2019,3.752,1.4782608695652173,1.4,3.58,1.0,1.0,0.9,2.0,1.5,0.0,3.1111111111111107,-0.5,19.221371980676327,0.8095238095238095
Harrison Butker,2020,3.556,1.0,1.108108108108108,3.704,1.0,1.0,1.0,1.2,1.5,0.0,3.163636363636363,-0.5,17.73174447174447,0.5306122448979592
Harrison Butker,2021,3.836,0.9615384615384616,1.0166666666666666,3.572,1.0,1.0,1.0,1.6,3.0,0.0,3.0545454545454542,-0.0,20.040750582750583,0.92
Harrison Butker,2022,3.708,0.6666666666666666,0.8,3.0,1.0,1.0,0.8,1.6,0.0,0.0,3.3214285714285716,-0.0,15.896095238095238,0.3043478260869565
Harrison Butker,2023,4.0,1.137931034482759,1.1416666666666666,3.772,1.0,1.0,0.8666666666666667,2.0,2.5,0.0,3.2142857142857144,-0.5,20.132550082101808,0.9069767441860463
Harrison Butker,2024,3.74,0.807692307692308,0.821428571428571,3.36,1.0,0.875,1.0,2.0,1.5,0.0,2.789473684210527,-0.0,17.893594563331405,0.4772727272727273
Harvey Johnson,1951,4.0,1.0,1.0,1.716,0.0,0.0,0.0,0.0,0.0,0.0,0.0,0.0,7.716,0.6086956521739131
Hayden Epstein,2002,4.0,0.217391304347826,0.2718446601941747,2.224,1.0,1.0,0.6666666666666666,0.0,0.0,0.0,2.0,-0.0,11.379902631208669,0.1333333333333333
Herm Rohrig,1941,4.0,0.3333333333333333,0.2,4.0,0.0,0.0,0.0,0.0,0.0,0.0,0.0,0.0,8.533333333333333,0.8636363636363636
Horst Muhlmann,1970,4.0,1.3157894736842106,1.2272727272727273,2.704,1.0,0.7142857142857143,0.8181818181818182,0.6666666666666666,2.0,0.0,3.2448979591836737,-0.5,17.19109435927481,1.0
Horst Muhlmann,1971,4.0,1.1764705882352942,1.058139534883721,2.224,1.0,0.625,0.4444444444444444,0.8,1.0,0.0,3.122448979591837,-0.5,14.950503547155298,0.8235294117647058
Horst Muhlmann,1972,3.872,1.35,1.168421052631579,2.7,0.9258200997725514,0.6,0.75,1.25,1.0,0.0,3.122448979591837,-0.0,16.738690131995966,0.9375
Horst Muhlmann,1973,3.876,1.0,1.0,2.708,1.0,0.8571428571428571,0.5555555555555556,1.3333333333333333,0.75,0.0,3.1875,-1.0,15.267531746031748,0.8235294117647058
Horst Muhlmann,1974,3.656,1.0,0.9701492537313432,2.444,1.0,1.0,0.5555555555555556,1.0,0.0,0.0,3.065217391304348,-1.5,13.190922200591247,0.5
Horst Muhlmann,1975,3.5,1.5384615384615383,1.0253164556962024,2.76,1.0,0.7272727272727273,1.0,1.0769230769230769,3.0,0.0,3.1875,-1.0,17.815473798353544,0.9666666666666668
Horst Muhlmann,1976,3.788,0.7333333333333333,0.6891891891891891,2.752,1.0,1.0,1.0,0.3333333333333332,0.0,0.0,2.75,-0.5,13.545855855855857,0.6060606060606061
Horst Muhlmann,1977,3.58,0.2307692307692307,0.4262295081967213,1.5,1.0,1.0,0.2,1.0,0.0,0.0,2.808510638297873,-0.0,11.745509377263826,0.3243243243243243
Hugh McCullough,1940,1.332,0.0,0.0526315789473684,0.0,0.0,0.0,0.0,0.0,0.0,0.0,0.0,0.0,1.3846315789473684,0.1463414634146341
Hunter Smith,2006,0.0,0.0,0.0,0.0,1.0,1.0,0.0,0.0,0.0,0.0,0.0,-0.0,2.0,0.0526315789473684
Ian Howfield,1991,3.448,0.6190476190476191,0.6666666666666666,2.888,1.0,1.0,0.6666666666666666,1.0,0.0,0.0,2.6538461538461537,-1.5,12.442227106227106,0.0909090909090909
Ian Sunter,1980,4.0,0.6875,0.5783132530120482,2.2,1.0,1.0,0.4285714285714285,0.4,0.0,0.0,2.625,-0.5,12.419384681583477,0.2222222222222222
J.R. Jenkins,2002,0.0,0.0,0.0,0.0,1.0,1.0,0.0,0.0,0.0,0.0,0.0,-0.5,1.5,0.0666666666666666
Jack Crittendon,1954,0.0,0.0,0.0,0.0,0.0,0.0,0.0,0.0,0.0,0.0,0.0,0.0,0.0,0.1111111111111111
Jack Helms,1946,2.668,0.6,0.325,3.0,0.0,0.0,0.0,0.0,0.0,0.0,0.0,0.0,6.593,0.68
Jack Jenkins,1943,4.0,0.0,0.0344827586206896,0.0,0.0,0.0,0.0,0.0,0.0,0.0,0.0,0.0,4.0344827586206895,0.6666666666666666
Jack Manders,1940,3.776,1.0,1.2105263157894737,2.668,0.0,0.0,0.0,0.0,0.0,0.0,0.0,0.0,8.654526315789473,0.902439024390244
Jack Morris,1959,4.0,0.375,0.4615384615384615,1.5,0.0,0.0,0.0,0.0,0.0,0.0,0.0,0.0,6.336538461538462,0.52
Jack Sanders,1941,4.0,0.0,0.25,0.0,0.0,0.0,0.0,0.0,0.0,0.0,0.0,0.0,4.25,0.4772727272727273
Jack Sanders,1942,3.5,0.0,0.3043478260869565,0.0,0.0,0.0,0.0,0.0,0.0,0.0,0.0,0.0,3.804347826086957,0.3404255319148936
Jack Sommers,1947,0.0,0.0,0.0,0.0,0.0,0.0,0.0,0.0,0.0,0.0,0.0,0.0,0.0,0.217391304347826
Jake Arians,2001,3.764,0.5217391304347826,0.5148514851485149,2.284,1.0,1.0,0.5,0.7272727272727272,0.0,0.0,2.8823529411764706,-1.0,12.194216284032496,0.1219512195121951
Jake Bates,2024,3.82,1.0,1.26785714285714,3.588,1.0,1.0,1.0,1.75,2.4375,0.0,3.05263157894736,-0.0,19.9159887218045,0.8409090909090909
Jake Elliott,2017,3.716,1.0,1.073394495412844,3.356,1.0,1.0,0.5714285714285714,1.8461538461538465,2.3333333333333335,0.0,3.3888888888888884,-0.0,19.28519913521749,0.75
Jake Elliott,2018,3.772,1.1304347826086956,1.0,3.356,1.0,1.0,0.9090909090909092,1.75,1.5,0.0,3.1111111111111107,-0.0,18.528636802810716,0.6190476190476191
Jake Elliott,2019,3.784,0.9565217391304348,0.961904761904762,3.384,1.0,1.0,1.0,1.4285714285714286,1.5,0.0,2.9444444444444446,-0.0,17.959442374051072,0.6666666666666666
Jake Elliott,2020,3.692,0.56,0.5945945945945946,2.948,1.0,0.3333333333333333,1.0,2.0,1.2000000000000002,0.0,2.9454545454545453,-0.0,16.273382473382476,0.4285714285714285
Jake Elliott,2021,4.0,1.1538461538461535,1.1166666666666667,3.636,1.0,1.0,1.0,1.5384615384615383,2.571428571428571,0.6666666666666666,3.163636363636363,-0.0,20.84670596070596,0.98
Jake Elliott,2022,3.848,0.7407407407407407,0.9652173913043478,3.48,1.0,1.0,0.8888888888888888,1.0,0.75,0.0,3.0,-0.5,16.17284702093398,0.3260869565217391
Jake Elliott,2023,3.912,1.0344827586206895,1.125,3.752,1.0,1.0,0.875,2.0,2.0,0.0,3.2678571428571423,-0.5,19.46633990147783,0.7674418604651163
Jake Elliott,2024,3.916,1.07692307692308,1.16964285714286,3.112,1.0,1.0,0.9090909090909092,1.7777777777777777,2.571428571428571,0.0,2.63157894736842,-0.0,19.164442139731623,0.7272727272727273
Jake Moody,2023,3.936,0.7241379310344828,1.025,3.36,1.0,1.0,0.8888888888888888,1.3333333333333333,2.0,0.0,3.0535714285714284,-0.0,18.320931581828138,0.5581395348837209
Jake Moody,2024,3.88,0.923076923076923,0.928571428571429,2.824,1.0,1.0,1.0,1.0909090909090908,3.0,2.0,2.789473684210527,-0.0,20.43603112676797,0.9090909090909092
James Hamrick,1987,4.0,0.1176470588235294,0.1204819277108433,4.0,1.0,1.0,1.0,2.0,0.0,0.0,2.4000000000000004,-0.0,15.638128986534372,0.75
James Tuthill,2002,3.808,0.4347826086956521,0.4854368932038835,2.5,1.0,1.0,0.5714285714285714,0.8,3.0,0.0,3.1176470588235303,-1.0,15.717295132151635,0.4888888888888889
Jamie Gillan,2020,0.0,0.0,0.0,0.0,1.0,1.0,0.0,0.0,0.0,0.0,0.0,-0.0,2.0,0.0612244897959183
Jamie Gillan,2021,0.0,0.0,0.0,0.0,0.0,0.0,0.0,0.0,0.0,0.0,0.0,0.0,0.0,0.02
Jamie Gillan,2022,0.0,0.0,0.0,0.0,0.0,0.0,0.0,0.0,0.0,0.0,0.0,0.0,0.0,0.0217391304347826
Jamie Gillan,2023,0.0,0.0344827586206896,0.025,4.0,1.0,1.0,1.0,2.0,0.0,0.0,2.142857142857143,-0.0,11.202339901477831,0.1162790697674418
Jamie Gillan,2024,0.0,0.0,0.0,0.0,1.0,1.0,0.0,0.0,3.0,0.0,0.0,-0.0,5.0,0.0
Jan Stenerud,1970,4.0,1.5789473684210529,1.318181818181818,2.856,1.0,0.8888888888888888,0.9,1.0909090909090908,0.4999999999999998,0.0,3.36734693877551,-0.5,17.00027410517636,0.967741935483871
Jan Stenerud,1971,4.0,1.5294117647058822,1.2790697674418603,2.364,0.9607689228305228,0.5555555555555556,0.5,0.8888888888888888,0.6000000000000001,0.0,3.3061224489795915,-1.5,14.4838173484023,0.7058823529411765
Jan Stenerud,1972,4.0,1.05,1.0,2.332,1.0,0.75,0.6923076923076923,1.1111111111111112,0.4285714285714284,0.0,3.0612244897959178,-0.0,15.425214721786148,0.875
Jan Stenerud,1973,3.652,1.1428571428571428,0.9893617021276596,2.528,0.9128709291752768,0.75,0.8,1.0666666666666669,0.0,0.0,2.9375,-0.5,14.279256440826748,0.6470588235294118
Jan Stenerud,1974,3.692,1.5454545454545454,1.1194029850746268,2.832,1.0,1.0,0.625,1.5,0.75,0.0,3.260869565217391,-0.0,17.324727095746564,1.0
Jan Stenerud,1975,3.872,1.6923076923076923,1.2151898734177216,2.752,1.0,0.875,0.8888888888888888,1.0,0.75,0.0,3.1875,-0.5,16.732886454614302,0.9
Jan Stenerud,1976,3.272,1.4,1.2162162162162162,2.212,1.0,0.5833333333333334,0.75,0.9333333333333332,1.0,0.0,3.25,-0.5,15.116882882882884,0.8484848484848485
Jan Stenerud,1977,3.856,0.6153846153846154,0.8360655737704918,1.776,1.0,1.0,0.4,0.0,0.0,0.0,2.3617021276595747,-1.0,10.845152316814682,0.2702702702702703
Jan Stenerud,1978,3.848,1.4285714285714286,1.148648648648649,2.668,1.0,0.8,0.6666666666666666,1.4285714285714286,0.0,0.0,3.0,-1.0,14.988458172458174,0.6756756756756757
Jan Stenerud,1979,3.864,0.9230769230769232,0.8311688311688312,2.088,0.0,0.6666666666666666,0.75,1.0,0.0,0.0,2.9361702127659575,-0.5,12.55908263367838,0.3
Jan Stenerud,1980,4.0,0.1875,0.144578313253012,2.4,1.0,1.0,1.0,0.6666666666666666,0.0,0.0,2.5,-0.5,12.398744979919678,0.1944444444444444
Jan Stenerud,1981,3.888,1.1578947368421053,1.086021505376344,3.668,1.0,0.875,1.0,1.3333333333333333,3.0,0.0,3.2448979591836737,-0.0,20.253147534735454,1.0
Jan Stenerud,1982,3.704,1.3,1.2549019607843137,2.888,1.0,0.8,1.0,1.0,0.0,0.0,3.0,-0.5,15.446901960784317,0.631578947368421
Jan Stenerud,1983,4.0,1.1666666666666667,1.1616161616161615,3.232,1.0,1.0,0.7777777777777778,1.3333333333333333,0.0,0.0,2.8235294117647056,-0.5,15.994923351158649,0.6857142857142857
Jan Stenerud,1984,3.872,1.0,0.9,3.48,1.0,1.0,1.0,1.2,2.25,0.0,3.115384615384615,-0.5,18.317384615384615,0.9714285714285714
Jan Stenerud,1985,3.812,0.6818181818181818,0.8514851485148515,2.308,0.7071067811865476,0.9090909090909092,0.4285714285714285,0.4,0.0,0.0,2.8823529411764706,-1.5,11.480425390358391,0.2307692307692307
Jaret Holmes,1999,0.0,0.0833333333333333,0.0566037735849056,4.0,1.0,1.0,1.0,2.0,0.0,0.0,2.2941176470588234,-0.0,11.434054753977062,0.0512820512820512
Jaret Holmes,2000,4.0,0.0833333333333333,0.0857142857142857,4.0,1.0,1.0,1.0,2.0,0.0,0.0,2.0,-0.0,15.169047619047618,0.3809523809523809
Jaret Holmes,2001,4.0,0.0,0.0099009900990099,0.0,1.0,1.0,0.0,0.0,0.0,0.0,0.0,-0.0,6.00990099009901,0.0975609756097561
Jason Elam,1993,3.904,1.04,1.1333333333333333,2.972,1.0,0.9166666666666666,1.0,0.8,2.0,0.0,3.0566037735849063,-0.0,17.822603773584905,0.7
Jason Elam,1994,4.0,1.3636363636363635,1.2142857142857142,3.244,1.0,1.0,1.0,1.1666666666666667,1.0,0.0,3.24,-0.5,17.728588744588745,0.7878787878787878
Jason Elam,1995,4.0,1.2916666666666667,1.211009174311927,3.264,1.0,0.7777777777777778,0.9333333333333332,1.4285714285714286,2.142857142857143,0.0,3.294117647058824,-0.0,19.3433331705771,0.9722222222222222
Jason Elam,1996,4.0,0.875,1.0092592592592593,3.0,1.0,1.0,0.8,1.2,1.0,0.0,3.06,-0.0,16.94425925925926,0.5757575757575758
Jason Elam,1997,4.0,1.0833333333333333,1.158878504672897,2.888,1.0,0.9090909090909092,0.8333333333333334,0.75,1.7999999999999998,0.0,3.0576923076923075,-1.0,16.48032838812278,0.4571428571428571
Jason Elam,1998,4.0,1.0454545454545454,1.2828282828282829,3.408,1.0,1.0,0.9285714285714286,1.3333333333333333,2.25,0.0,3.634615384615385,-0.0,19.882802974802978,0.945945945945946
Jason Elam,1999,4.0,1.2083333333333333,1.0943396226415094,3.224,1.0,1.0,0.875,1.4545454545454546,1.875,0.0,3.235294117647059,-0.5,18.466512528167357,0.7435897435897436
Jason Elam,2000,4.0,0.75,0.9809523809523808,3.0,1.0,1.0,0.8571428571428571,0.8888888888888888,0.0,0.0,3.0,-1.0,14.476984126984128,0.2857142857142857
Jason Elam,2001,4.0,1.3478260869565215,1.2277227722772277,3.444,1.0,1.0,1.0,1.5384615384615383,0.0,0.0,2.9411764705882355,-0.0,17.499186868283523,0.6341463414634146
Jason Elam,2002,3.908,1.1304347826086956,1.1650485436893203,2.888,1.0,1.0,0.7777777777777778,0.909090909090909,0.0,0.0,3.235294117647059,-0.5,15.51364613081376,0.4
Jason Elam,2003,4.0,1.2272727272727273,1.1764705882352942,3.484,1.0,0.9090909090909092,1.0,1.6363636363636365,0.0,0.0,3.0,-0.0,17.43319786096257,0.7142857142857143
Jason Elam,2004,4.0,1.318181818181818,1.29,3.412,1.0,1.0,0.875,1.5,2.25,0.0,3.0588235294117645,-0.5,19.204005347593583,0.8809523809523809
Jason Elam,2005,3.908,1.0,1.0849056603773586,3.0,1.0,0.9,1.0,1.3846153846153846,0.0,0.0,2.9423076923076925,-0.5,15.719828737300436,0.4666666666666667
Jason Elam,2006,4.0,1.125,1.074766355140187,3.724,1.0,1.0,1.0,1.5,0.0,0.0,2.9423076923076925,-0.0,17.36607404744788,0.5526315789473685
Jason Elam,2007,4.0,1.125,1.008849557522124,3.484,1.0,1.0,1.0,1.5,3.0,0.0,2.8846153846153846,-0.5,19.502464942137507,0.975
Jason Elam,2008,4.0,1.0740740740740742,1.084033613445378,3.74,1.0,1.0,0.875,2.0,0.0,0.0,2.830188679245283,-0.0,17.603296366764734,0.5121951219512195
Jason Elam,2009,3.88,0.5,0.68,2.528,1.0,1.0,0.5,1.2,0.0,0.0,2.8846153846153846,-0.5,13.672615384615384,0.1860465116279069
Jason Hanson,1992,4.0,1.105263157894737,1.0,3.232,1.0,1.0,1.0,1.3333333333333333,1.2000000000000002,0.0,3.0,-1.0,16.87059649122807,0.65625
Jason Hanson,1993,4.0,1.36,1.238095238095238,3.164,1.0,1.0,1.0,1.1666666666666667,1.2857142857142856,0.0,3.0,-0.5,17.71447619047619,0.6333333333333333
Jason Hanson,1994,3.9,0.8181818181818182,0.9489795918367347,2.668,1.0,0.8571428571428571,1.0,1.25,0.0,0.0,2.94,-0.0,15.38230426716141,0.2727272727272727
Jason Hanson,1995,4.0,1.1666666666666667,1.211009174311927,3.296,1.0,1.0,0.9411764705882352,1.0,3.0,0.0,3.294117647058824,-1.0,18.90896995862565,0.9166666666666666
Jason Hanson,1996,4.0,0.5,0.6666666666666666,2.824,1.0,1.0,0.8,1.2,1.0,0.0,3.06,-0.5,15.550666666666665,0.3333333333333333
Jason Hanson,1997,3.9,1.0833333333333333,1.0934579439252337,3.588,1.0,1.0,0.8888888888888888,2.0,1.7999999999999998,0.0,3.1730769230769234,-1.0,18.52675708922438,0.8571428571428571
Jason Hanson,1998,3.724,1.318181818181818,1.1515151515151516,3.516,1.0,1.0,1.0,1.7333333333333334,1.0,0.0,2.9423076923076925,-0.5,17.885337995338,0.6756756756756757
Jason Hanson,1999,3.864,1.0833333333333333,1.0,3.248,1.0,1.0,1.0,1.6666666666666667,1.5,0.0,3.0588235294117645,-0.0,18.420823529411763,0.6923076923076923
Jason Hanson,2000,4.0,1.0,0.961904761904762,3.2,1.0,0.8571428571428571,0.8333333333333334,1.1428571428571428,0.75,0.0,3.1764705882352944,-0.0,16.92170868347339,0.5476190476190477
Jason Hanson,2001,4.0,0.9130434782608696,0.8514851485148515,2.8,1.0,1.0,1.0,1.0,3.0,0.0,3.1764705882352944,-2.0,16.740999215011016,0.5365853658536586
Jason Hanson,2002,4.0,1.0,0.970873786407767,3.284,1.0,1.0,0.8888888888888888,1.75,2.0,0.0,2.8823529411764706,-0.5,18.276115616473128,0.8444444444444444
Jason Hanson,2003,3.852,1.0,0.9019607843137256,3.828,1.0,1.0,1.0,1.6666666666666667,0.0,0.0,3.1764705882352944,-0.5,16.925098039215687,0.6428571428571429
Jason Hanson,2004,4.0,1.0909090909090908,1.0,3.428,1.0,1.0,0.9090909090909092,1.25,1.875,0.0,2.8235294117647056,-0.0,18.376529411764707,0.7142857142857143
Jason Hanson,2005,4.0,0.7916666666666666,0.7924528301886793,3.168,1.0,1.0,1.0,1.1428571428571428,1.5,0.0,3.0,-0.5,16.89497663971249,0.6888888888888889
Jason Hanson,2006,4.0,1.2083333333333333,1.0934579439252337,3.516,1.0,1.0,1.0,1.75,3.0,0.0,3.0576923076923075,-0.0,20.62548358495087,1.0
Jason Hanson,2007,3.888,1.2083333333333333,1.079646017699115,3.316,1.0,0.8,0.8333333333333334,1.6923076923076923,1.7999999999999998,0.0,3.0576923076923075,-0.5,18.17531268436578,0.825
Jason Hanson,2008,3.848,0.7777777777777778,0.7394957983193278,3.82,1.0,1.0,0.8,2.0,3.0,0.0,3.169811320754717,-0.5,19.655084896851825,0.951219512195122
Jason Hanson,2009,4.0,0.875,0.88,3.0,1.0,1.0,0.8888888888888888,1.4,2.571428571428571,0.0,2.8846153846153846,-0.5,17.999932844932843,0.6744186046511628
Jason Hanson,2010,4.0,0.5,0.5188679245283019,3.428,1.0,1.0,1.0,1.6,2.0,0.0,2.943396226415094,-0.0,17.990264150943396,0.6590909090909091
Jason Hanson,2011,4.0,0.96,1.0677966101694916,3.312,1.0,1.0,0.8888888888888888,1.0,1.5,0.0,2.8867924528301887,-0.0,17.61547795188857,0.4473684210526316
Jason Hanson,2012,4.0,1.2307692307692308,1.1652173913043478,3.556,1.0,1.0,1.0,1.6842105263157894,2.571428571428571,0.0,3.0,-0.0,20.20762571981794,0.8888888888888888
Jason Myers,2015,3.284,1.04,1.0185185185185186,3.468,1.0,0.9,1.0,1.5,2.25,0.0,3.2222222222222223,-0.5,18.18274074074074,0.5897435897435898
Jason Myers,2016,3.624,1.0,0.9166666666666666,3.176,1.0,1.0,0.75,1.8181818181818183,1.5,0.0,3.1111111111111107,-0.5,17.395959595959596,0.4166666666666667
Jason Myers,2017,3.528,0.4230769230769231,0.4403669724770642,2.932,1.0,1.0,0.6666666666666666,2.0,3.0,0.0,2.611111111111111,-0.0,17.601221673331764,0.5454545454545454
Jason Myers,2018,3.636,1.434782608695652,1.162162162162162,3.668,1.0,1.0,0.9285714285714286,1.8181818181818183,2.142857142857143,0.0,3.1111111111111107,-0.0,19.901666271579316,0.9047619047619048
Jason Myers,2019,3.636,1.0,1.0380952380952382,3.284,1.0,1.0,1.0,1.1428571428571428,1.5,0.0,3.0,-0.0,17.60095238095238,0.5476190476190477
Jason Myers,2020,3.7,0.96,1.09009009009009,4.0,1.0,1.0,1.0,2.0,2.0,0.0,3.327272727272727,-0.0,20.07736281736282,0.9183673469387756
Jason Myers,2021,3.744,0.6538461538461539,0.7916666666666666,2.956,1.0,1.0,0.8181818181818182,1.2,2.0,0.0,2.8909090909090907,-0.0,17.054603729603727,0.5
Jason Myers,2022,3.904,1.2592592592592593,1.2434782608695651,3.676,1.0,1.0,0.9375,1.3333333333333333,2.25,0.0,3.0,-1.5,18.10357085346216,0.4782608695652174
Jason Myers,2023,4.0,1.206896551724138,1.15,3.332,1.0,1.0,0.9166666666666666,1.7142857142857142,2.625,0.0,2.9464285714285716,-0.0,19.89127750410509,0.8837209302325582
Jason Myers,2024,3.7,1.0,1.02678571428571,3.468,1.0,1.0,1.0,1.75,1.2000000000000002,0.0,3.1052631578947496,-0.5,17.75004887218046,0.4545454545454545
Jason Sanders,2018,3.888,0.782608695652174,0.8018018018018018,3.6,1.0,1.0,1.0,1.5555555555555556,2.4000000000000004,0.0,2.777777777777778,-0.0,18.80574383078731,0.6904761904761905
Jason Sanders,2019,3.868,1.0,0.9333333333333332,3.068,1.0,1.0,0.8888888888888888,1.1111111111111112,1.7999999999999998,0.0,3.0,-0.0,17.669333333333334,0.5714285714285714
Jason Sanders,2020,4.0,1.44,1.2972972972972974,3.692,1.0,1.0,1.0,1.7142857142857142,2.6666666666666665,0.0,3.0545454545454542,-0.0,20.86479513279513,0.9591836734693876
Jason Sanders,2021,3.884,0.8846153846153846,0.8583333333333333,2.968,1.0,1.0,0.7777777777777778,1.6,1.0,0.0,2.7818181818181817,-1.5,15.25454467754468,0.32
Jason Sanders,2022,3.728,0.9629629629629628,1.0347826086956522,3.248,1.0,0.8333333333333334,1.0,1.8461538461538465,3.0,0.0,2.9464285714285716,-0.0,19.599661322574367,0.8913043478260869
Jason Sanders,2023,3.932,0.8275862068965517,1.0833333333333333,3.428,1.0,1.0,1.0,1.5,0.75,0.0,3.0535714285714284,-0.5,17.074490968801314,0.3488372093023256
Jason Sanders,2024,3.716,1.42307692307692,1.22321428571429,3.608,1.0,1.0,1.0,1.4285714285714286,2.499999999999999,0.0,3.0,-0.5,19.398862637362637,0.7727272727272727
Jason Staurovsky,1987,4.0,0.0588235294117647,0.108433734939759,1.332,1.0,0.5,0.333,0.0,0.0,0.0,1.44,-0.0,8.772257264351524,0.0833333333333333
Jason Staurovsky,1988,3.732,0.35,0.3608247422680412,2.544,1.0,0.75,0.8,0.0,0.0,0.0,2.0999999999999996,-0.0,11.636824742268042,0.2307692307692307
Jason Staurovsky,1989,4.0,0.6666666666666666,0.5894736842105263,3.296,1.0,1.0,0.7142857142857143,1.6,3.0,0.0,3.0,-0.0,18.866426065162905,0.9722222222222222
Jason Staurovsky,1990,4.0,0.8,0.7282608695652174,2.908,1.0,1.0,1.0,1.4545454545454546,0.75,0.0,3.18,-0.0,16.820806324110674,0.65625
Jason Staurovsky,1991,3.636,0.6190476190476191,0.5104166666666666,2.736,1.0,0.6666666666666666,0.75,0.6666666666666666,0.0,0.0,2.4230769230769234,-0.5,12.507874542124542,0.1212121212121212
Jason Staurovsky,1992,4.0,0.1578947368421052,0.1612903225806451,1.5,1.0,1.0,0.5,0.4,0.0,0.0,2.480769230769231,-0.5,10.699954290191982,0.09375
Jay Feely,2001,4.0,1.2608695652173914,1.1386138613861383,3.136,1.0,1.0,0.9333333333333332,0.8888888888888888,1.5,0.0,3.235294117647059,-0.0,18.09299976647281,0.7804878048780488
Jay Feely,2002,3.908,1.391304347826087,1.3398058252427183,3.2,1.0,0.8,0.8571428571428571,1.6923076923076923,1.0,0.0,3.0588235294117645,-1.0,17.247384251931123,0.6666666666666666
Jay Feely,2003,3.88,0.8636363636363636,0.8725490196078431,2.816,1.0,1.0,0.8181818181818182,1.1428571428571428,3.0,0.0,2.7058823529411766,-0.0,18.099106697224343,0.8571428571428571
Jay Feely,2004,4.0,0.8181818181818182,0.94,3.132,1.0,1.0,0.7777777777777778,1.0,2.25,0.0,2.764705882352941,-0.5,17.182665478312536,0.4761904761904761
Jay Feely,2005,4.0,1.4583333333333333,1.3962264150943395,3.332,1.0,0.8461538461538461,0.9285714285714286,1.6,2.571428571428571,0.0,3.0,-0.0,20.132713594581517,1.0
Jay Feely,2006,4.0,0.9583333333333334,1.0,3.408,1.0,1.0,0.9090909090909092,1.5,2.0,0.0,2.7115384615384617,-0.0,18.486962703962703,0.7631578947368421
Jay Feely,2007,4.0,0.875,0.7876106194690266,3.652,1.0,1.0,1.0,1.5555555555555556,0.75,0.0,3.0576923076923075,-0.5,17.17785848271689,0.525
Jay Feely,2008,4.0,0.8888888888888888,0.9327731092436976,3.428,1.0,1.0,0.75,1.6,2.5,0.0,3.1132075471698113,-0.0,19.2128695453024,0.8536585365853658
Jay Feely,2009,4.0,1.25,1.22,3.332,1.0,1.0,0.8,1.5714285714285714,0.0,0.0,3.1730769230769234,-0.0,17.346505494505493,0.5813953488372093
Jay Feely,2010,4.0,1.0,0.9528301886792452,3.556,1.0,1.0,1.0,1.6,0.75,0.0,3.1132075471698113,-0.5,17.472037735849057,0.5227272727272727
Jay Feely,2011,4.0,0.76,0.7627118644067796,3.168,1.0,1.0,0.6666666666666666,1.4285714285714286,1.7999999999999998,0.0,2.8867924528301887,-0.0,17.472742412475064,0.3947368421052631
Jay Feely,2012,4.0,0.9615384615384616,0.8695652173913043,3.572,1.0,1.0,0.9,1.6,1.2000000000000002,0.0,3.452830188679245,-0.0,18.555933867609017,0.5833333333333334
Jay Feely,2013,4.0,1.1538461538461535,1.076271186440678,3.332,1.0,0.8181818181818182,0.875,1.8333333333333333,2.571428571428571,0.0,2.8888888888888884,-0.0,19.548949952119447,0.7142857142857143
Jay Feely,2014,3.332,0.1153846153846153,0.1206896551724138,3.0,1.0,1.0,1.0,1.0,0.0,0.0,2.716981132075472,-0.0,13.2850554026325,0.0555555555555555
Jay Taylor,2004,4.0,0.1818181818181818,0.23,3.2,1.0,1.0,0.6666666666666666,2.0,3.0,0.0,2.9411764705882355,-0.0,18.219661319073083,0.6666666666666666
Jeff Brockhaus,1987,3.384,0.1764705882352941,0.2409638554216867,2.0,1.0,0.6666666666666666,0.5,0.0,0.0,0.0,2.34,-0.0,10.308101110323648,0.15
Jeff Chandler,2002,4.0,0.3478260869565217,0.3689320388349514,2.668,1.0,1.0,1.0,1.1428571428571428,0.0,0.0,2.764705882352941,-0.0,14.292321151001556,0.2444444444444444
Jeff Chandler,2003,3.5,0.2727272727272727,0.2450980392156862,3.428,1.0,1.0,1.0,0.0,0.0,0.0,2.0588235294117645,-0.0,12.504648841354722,0.0952380952380952
Jeff Chandler,2004,4.0,0.2272727272727272,0.29,2.5,1.0,1.0,0.0,2.0,0.0,0.0,2.8823529411764706,-0.0,13.8996256684492,0.1666666666666666
Jeff Feagles,2003,0.0,0.0,0.0,0.0,1.0,0.0,0.0,0.0,0.0,0.0,0.0,-0.0,1.0,0.0238095238095238
Jeff Gaffney,1987,3.2,0.1764705882352941,0.1566265060240964,2.0,1.0,1.0,0.0,1.0,0.0,0.0,1.62,-0.0,10.15309709425939,0.1333333333333333
Jeff Hall,2000,4.0,0.1666666666666666,0.2,3.2,1.0,1.0,1.0,1.0,0.0,0.0,2.9411764705882355,-0.0,14.507843137254902,0.3095238095238095
Jeff Heath,2017,2.668,0.0,0.018348623853211,0.0,1.0,1.0,0.0,0.0,0.0,0.0,0.0,-0.0,4.6863486238532115,0.0454545454545454
Jeff Jaeger,1987,4.0,0.8235294117647058,0.9036144578313252,2.544,1.0,1.0,0.5,1.1111111111111112,0.0,0.0,2.88,-1.0,13.76225498070714,0.45
Jeff Jaeger,1988,0.0,0.0,0.0,0.0,0.0,0.0,0.0,0.0,0.0,0.0,0.0,0.0,0.0,0.0256410256410256
Jeff Jaeger,1989,4.0,1.0952380952380951,1.0842105263157895,2.704,1.0,0.8,0.8888888888888888,0.8333333333333334,1.5,0.0,3.0,-0.5,16.405670843776107,0.6111111111111112
Jeff Jaeger,1990,3.808,0.75,0.9239130434782608,3.0,1.0,1.0,0.6666666666666666,1.3333333333333333,1.5,0.0,3.0,-0.0,16.98191304347826,0.6875
Jeff Jaeger,1991,3.868,1.380952380952381,1.2083333333333333,3.412,1.0,1.0,0.7692307692307693,2.0,1.5,0.0,3.0576923076923075,-1.0,18.19620879120879,0.8787878787878788
Jeff Jaeger,1992,4.0,0.7894736842105263,0.7849462365591398,2.308,1.0,0.6,0.6666666666666666,1.1111111111111112,1.5,0.0,3.115384615384615,-1.5,14.37558231393206,0.28125
Jeff Jaeger,1993,3.724,1.4,1.2571428571428571,3.18,1.0,1.0,0.8666666666666667,1.2,1.7142857142857142,0.0,3.0,-0.5,17.84209523809524,0.7333333333333333
Jeff Jaeger,1994,4.0,1.0,0.9897959183673468,3.144,1.0,1.0,0.6666666666666666,1.4545454545454546,3.0,0.0,3.06,-0.5,18.815008039579467,0.8484848484848485
Jeff Jaeger,1995,4.0,0.5416666666666666,0.5596330275229358,2.888,1.0,0.8,0.8571428571428571,1.2,0.0,0.0,2.7058823529411766,-0.0,14.552324904273636,0.1388888888888889
Jeff Jaeger,1996,4.0,0.7916666666666666,0.7407407407407407,3.304,1.0,1.0,0.75,1.6,0.0,0.0,2.94,-0.0,16.126407407407406,0.4242424242424242
Jeff Jaeger,1997,4.0,0.875,0.7757009345794392,3.232,1.0,0.8888888888888888,0.8,1.3333333333333333,3.0,0.0,3.0,-0.5,18.404923156801665,0.7714285714285715
Jeff Jaeger,1998,3.856,0.9545454545454546,0.9090909090909092,3.232,1.0,0.8888888888888888,0.9,0.5,3.0,0.0,3.0,-0.5,17.740525252525252,0.6486486486486487
Jeff Jaeger,1999,4.0,0.0833333333333333,0.1226415094339622,1.0,1.0,1.0,0.0,0.4,3.0,0.0,3.0588235294117645,-0.0,13.66479837217906,0.2051282051282051
Jeff Reed,2002,3.636,0.7391304347826086,0.5922330097087378,3.58,1.0,1.0,1.0,1.7142857142857142,2.0,0.0,2.9411764705882355,-0.0,18.202825629365293,0.8222222222222222
Jeff Reed,2003,3.876,1.0454545454545454,0.9803921568627452,2.876,1.0,0.75,0.8571428571428571,1.1666666666666667,3.0,0.0,3.0,-0.0,18.551656226126816,0.9047619047619048
Jeff Reed,2004,4.0,1.2727272727272727,1.24,3.392,1.0,0.8888888888888888,0.9230769230769232,1.25,2.0,0.0,3.0,-0.5,18.466693084693084,0.7619047619047619
Jeff Reed,2005,4.0,1.0,1.1037735849056605,3.312,1.0,1.0,1.0,1.3333333333333333,0.0,0.0,2.5384615384615383,-0.0,16.287568456700534,0.6
Jeff Reed,2006,4.0,0.8333333333333334,0.9439252336448598,2.964,1.0,0.8571428571428571,0.7272727272727273,1.1428571428571428,0.0,2.0,2.8846153846153846,-0.5,16.853146678866302,0.3947368421052631
Jeff Reed,2007,4.0,0.9583333333333334,1.0,3.68,1.0,1.0,1.0,1.6,0.75,0.0,2.826923076923077,-0.0,17.81525641025641,0.75
Jeff Reed,2008,3.892,1.0,0.9831932773109244,3.484,1.0,1.0,0.8888888888888888,1.6,0.0,0.0,3.0,-0.5,16.348082166199813,0.3170731707317073
Jeff Reed,2009,4.0,1.125,1.22,3.484,1.0,1.0,0.9375,1.6,1.0,0.0,2.6538461538461537,-0.0,18.020346153846155,0.6976744186046512
Jeff Reed,2010,4.0,1.0,0.981132075471698,3.0,1.0,0.9,0.8888888888888888,0.857142857142857,1.5,0.0,3.0,-1.0,16.127163821503444,0.3409090909090909
Jeff White,1973,3.36,0.6666666666666666,0.6702127659574468,2.24,0.8660254037844386,0.6666666666666666,0.6,0.857142857142857,0.0,0.0,3.0,-0.5,12.426714360218076,0.4117647058823529
Jeff Wilkins,1995,3.724,0.5,0.5779816513761468,3.692,1.0,1.0,1.0,1.0,0.0,0.0,2.3529411764705883,-0.0,14.846922827846736,0.1944444444444444
Jeff Wilkins,1996,4.0,1.25,1.2037037037037035,3.528,1.0,1.0,0.875,1.4,0.0,0.0,2.94,-0.5,16.696703703703704,0.5151515151515151
Jeff Wilkins,1997,4.0,1.0416666666666667,1.0,2.704,1.0,0.8888888888888888,0.6666666666666666,1.0,3.0,0.0,3.0,-0.5,17.801222222222222,0.6571428571428571
Jeff Wilkins,1998,3.848,0.9090909090909092,0.8585858585858586,3.076,1.0,0.8,1.0,1.4285714285714286,1.5,0.0,3.288461538461539,-0.0,17.708709734709736,0.6216216216216216
Jeff Wilkins,1999,4.0,0.8333333333333334,1.169811320754717,2.856,1.0,1.0,0.8571428571428571,1.2727272727272727,0.75,0.0,3.0,-0.5,16.239014783958183,0.5384615384615384
Jeff Wilkins,2000,4.0,0.7083333333333334,0.8476190476190476,4.0,1.0,1.0,1.0,2.0,1.5,0.0,3.0,-1.0,18.05595238095238,0.7142857142857143
Jeff Wilkins,2001,4.0,1.0,1.2574257425742574,3.172,1.0,1.0,1.0,1.0,2.0,0.0,3.1764705882352944,-0.5,18.105896330809554,0.8048780487804879
Jeff Wilkins,2002,4.0,0.8260869565217391,0.912621359223301,3.04,1.0,1.0,0.8,1.3333333333333333,0.0,0.0,2.764705882352941,-0.0,15.676747531431314,0.4444444444444444
Jeff Wilkins,2003,4.0,1.7727272727272727,1.5980392156862746,3.716,1.0,1.0,0.8461538461538461,1.7777777777777777,3.0,0.0,3.1176470588235303,-0.0,21.828345171168703,0.9761904761904762
Jeff Wilkins,2004,4.0,0.8636363636363636,0.89,3.168,1.0,1.0,0.8333333333333334,1.0,0.0,0.0,3.1176470588235303,-0.0,15.872616755793228,0.3333333333333333
Jeff Wilkins,2005,4.0,1.125,1.1037735849056605,3.484,1.0,0.8571428571428571,1.0,1.6363636363636365,2.0,0.0,3.0576923076923075,-0.5,18.763972386104463,0.9111111111111112
Jeff Wilkins,2006,4.0,1.3333333333333333,1.2242990654205608,3.46,1.0,1.0,1.0,1.375,1.5,0.0,3.0576923076923075,-0.0,18.9503247064462,0.868421052631579
Jeff Wilkins,2007,4.0,1.0,0.8584070796460177,3.0,1.0,0.875,0.8571428571428571,1.2307692307692308,0.0,0.0,3.0576923076923075,-0.0,15.879011475250412,0.325
Jerrel Wilson,1978,0.0,0.0,0.0,0.0,1.0,1.0,0.0,0.0,0.0,0.0,0.0,-0.0,2.0,0.027027027027027
Jerry DePoyster,1968,3.6,0.3333333333333333,0.54,0.8,0.0,0.0,0.0,0.0,0.0,0.0,0.0,0.0,5.273333333333333,0.25
Jerry Hillebrand,1965,0.0,0.0,0.0,0.0,0.0,0.0,0.0,0.0,0.0,0.0,0.0,0.0,0.0,0.2727272727272727
Jerry Kauric,1990,3.556,0.7,0.717391304347826,2.8,1.0,1.0,0.625,1.1428571428571428,0.0,0.0,2.82,-0.5,13.861248447204968,0.09375
Jerry Kramer,1962,3.896,1.0,1.1206896551724137,3.272,0.0,0.0,0.0,0.0,0.0,0.0,0.0,0.0,9.288689655172414,0.9130434782608696
Jerry Kramer,1963,3.74,1.7777777777777777,1.6851851851851851,1.884,0.0,0.0,0.0,0.0,0.0,0.0,0.0,0.0,9.086962962962962,0.8
Jerry Kramer,1964,0.0,0.0,0.0,0.0,0.0,0.0,0.0,0.0,0.0,0.0,0.0,0.0,0.0,0.2272727272727272
Jerry Kramer,1965,0.0,0.0,0.0,0.0,0.0,0.0,0.0,0.0,0.0,0.0,0.0,0.0,0.0,0.2727272727272727
Jerry Kramer,1966,0.0,0.0,0.0,0.0,0.0,0.0,0.0,0.0,0.0,0.0,0.0,0.0,0.0,0.1818181818181818
Jerry Kramer,1967,0.0,0.0,0.0,0.0,0.0,0.0,0.0,0.0,0.0,0.0,0.0,0.0,0.0,0.0714285714285714
Jerry Kramer,1968,3.6,0.4444444444444444,0.42,1.776,0.0,0.0,0.0,0.0,0.0,0.0,0.0,0.0,6.240444444444444,0.3333333333333333
Jess Atkinson,1985,3.776,0.4545454545454545,0.4653465346534653,2.224,1.0,0.6666666666666666,0.75,0.8888888888888888,0.0,0.0,2.8823529411764706,-0.0,13.107800485930946,0.3076923076923077
Jess Atkinson,1986,4.0,0.0,0.0319148936170212,0.0,1.0,1.0,0.0,0.0,0.0,0.0,0.0,-0.0,6.031914893617021,0.1282051282051282
Jess Atkinson,1987,4.0,0.0588235294117647,0.0481927710843373,4.0,1.0,1.0,1.0,2.0,0.0,0.0,1.62,-0.0,14.727016300496103,0.6166666666666667
Jim Bakken,1962,0.0,0.0,0.0,0.0,0.0,0.0,0.0,0.0,0.0,0.0,0.0,0.0,0.0,0.1739130434782608
Jim Bakken,1963,4.0,1.2222222222222223,1.4259259259259258,2.096,0.0,0.0,0.0,0.0,0.0,0.0,0.0,0.0,8.744148148148149,0.75
Jim Bakken,1964,4.0,2.0833333333333335,1.7164179104477613,2.632,0.0,0.0,0.0,0.0,0.0,0.0,0.0,0.0,10.431751243781097,1.0
Jim Bakken,1965,4.0,2.1,1.6271186440677967,2.708,0.0,0.0,0.0,0.0,0.0,0.0,0.0,0.0,10.435118644067796,0.9545454545454546
Jim Bakken,1966,3.856,1.7692307692307692,1.2467532467532467,2.3,0.0,0.0,0.0,0.0,0.0,0.0,0.0,0.0,9.171984015984016,0.8181818181818182
Jim Bakken,1967,4.0,3.375,2.0892857142857144,2.768,0.0,0.0,0.0,0.0,0.0,0.0,0.0,0.0,12.232285714285716,1.0
Jim Bakken,1968,4.0,1.6666666666666667,1.7,2.5,0.0,0.0,0.0,0.0,0.0,0.0,0.0,0.0,9.866666666666667,0.7916666666666666
Jim Bakken,1969,3.8,1.0909090909090908,1.1935483870967742,2.0,1.0,0.5,0.75,0.857142857142857,0.0,0.0,3.631578947368421,0.0,14.823179282517144,0.6363636363636364
Jim Bakken,1970,3.896,1.0526315789473684,1.1022727272727273,2.5,1.0,0.5,1.0,1.0909090909090908,0.0,0.0,3.0,-0.5,14.641813397129187,0.7096774193548387
Jim Bakken,1971,4.0,1.2352941176470589,1.0116279069767442,2.624,1.0,0.6153846153846154,0.8333333333333334,0.75,0.0,0.0,2.755102040816327,-1.0,13.82474201415808,0.6470588235294118
Jim Bakken,1972,3.62,0.7,0.6421052631578947,2.544,0.8944271909999159,0.4,0.6666666666666666,1.3333333333333333,0.0,0.0,3.0,-1.5,12.300532454157812,0.375
Jim Bakken,1973,4.0,1.0952380952380951,1.0638297872340423,2.876,1.0,0.8571428571428571,0.8333333333333334,0.75,0.0,0.0,2.875,-0.5,14.85054407294833,0.7352941176470589
Jim Bakken,1974,3.332,1.181818181818182,1.0298507462686568,2.364,1.0,0.6666666666666666,0.5555555555555556,1.2,0.0,0.0,3.065217391304348,-0.0,14.395108541613409,0.7941176470588235
Jim Bakken,1975,3.904,1.4615384615384617,1.2278481012658229,3.168,1.0,0.9090909090909092,0.7142857142857143,1.3333333333333333,0.0,0.0,3.0,-2.0,14.71809651951424,0.7
Jim Bakken,1976,3.772,1.3333333333333333,1.2567567567567568,2.964,1.0,0.9090909090909092,0.75,1.0,0.0,0.0,2.6875,-0.5,15.172680999181,0.8787878787878788
Jim Bakken,1977,3.888,0.5384615384615384,0.918032786885246,1.752,1.0,1.0,0.6,0.5,0.0,0.0,3.127659574468085,-0.5,12.824153899814869,0.4324324324324324
Jim Bakken,1978,3.6,0.7857142857142857,0.8108108108108109,2.0,1.0,0.8,0.5714285714285714,0.6,0.0,0.0,2.872340425531915,-1.0,12.040294093485585,0.2702702702702703
Jim Breech,1979,3.644,1.3846153846153846,1.2337662337662338,2.668,0.7071067811865476,1.0,0.7,0.857142857142857,0.0,0.0,3.0,-0.5,14.694631256711023,0.625
Jim Breech,1980,3.668,0.25,0.2771084337349397,2.284,1.0,1.0,0.5,0.6666666666666666,0.0,0.0,2.625,-0.0,12.270775100401606,0.1666666666666666
Jim Breech,1981,3.844,1.1578947368421053,1.2365591397849462,2.752,1.0,0.8181818181818182,0.7777777777777778,0.909090909090909,3.0,0.0,3.122448979591837,-0.5,18.117953361269393,0.9411764705882352
Jim Breech,1982,3.848,1.4,1.3137254901960784,3.112,1.0,1.0,0.8333333333333334,1.2,1.5,0.0,3.125,-0.5,17.832058823529408,0.9210526315789472
Jim Breech,1983,3.804,0.8888888888888888,0.8787878787878788,2.784,1.0,1.0,0.7142857142857143,0.8,0.0,0.0,2.764705882352941,-1.0,13.634668364315424,0.3428571428571428
Jim Breech,1984,4.0,1.1,1.03,2.84,1.0,0.9,0.8333333333333334,1.5,0.0,0.0,2.7692307692307696,-0.0,15.972564102564103,0.5142857142857142
Jim Breech,1985,3.84,1.0909090909090908,1.188118811881188,2.908,1.0,0.875,0.9230769230769232,1.3333333333333333,0.4999999999999998,0.0,3.1176470588235303,-0.0,16.776085218024065,0.6666666666666666
Jim Breech,1986,3.92,0.8947368421052632,1.074468085106383,2.124,0.7071067811865476,0.8,0.7142857142857143,0.7142857142857142,1.5,0.0,3.0,-0.5,14.948883136969622,0.4871794871794871
Jim Breech,1987,3.704,1.411764705882353,1.1686746987951808,3.2,1.0,0.8571428571428571,1.0,1.0909090909090908,0.0,0.0,2.76,-0.0,16.192491352729483,0.7833333333333333
Jim Breech,1988,3.796,0.55,0.9175257731958762,2.752,1.0,1.0,0.75,0.8,0.0,0.0,2.7,-0.0,14.265525773195876,0.4102564102564102
Jim Breech,1989,3.896,0.5714285714285714,0.7684210526315789,3.428,1.0,1.0,0.75,0.0,0.0,0.0,2.28,-0.0,13.69384962406015,0.25
Jim Breech,1990,3.728,0.85,1.0,3.24,1.0,1.0,0.8333333333333334,1.3333333333333333,0.0,0.0,2.76,-0.5,15.244666666666667,0.375
Jim Breech,1991,4.0,1.0952380952380951,1.0,3.172,1.0,0.9,0.8,1.6666666666666667,1.0,0.0,2.8846153846153846,-0.5,17.018520146520146,0.6060606060606061
Jim Breech,1992,4.0,1.0,0.946236559139785,2.816,1.0,1.0,1.0,0.7272727272727272,0.0,0.0,2.7692307692307696,-0.0,15.258740055643282,0.46875
Jim Christopherson,1962,4.0,1.2222222222222223,1.0517241379310345,2.2,0.0,0.0,0.0,0.0,0.0,0.0,0.0,0.0,8.473946360153256,0.8260869565217391
Jim Gallery,1987,3.872,0.5294117647058824,0.6867469879518072,1.896,1.0,0.8,0.2857142857142857,0.857142857142857,0.0,0.0,2.88,-0.5,12.307015895514834,0.2833333333333333
Jim Gallery,1988,0.0,0.0,0.0,0.0,0.0,0.0,0.0,0.0,0.0,0.0,0.0,0.0,0.0,0.0256410256410256
Jim Gallery,1989,4.0,0.0952380952380952,0.2,1.332,1.0,1.0,0.0,0.5,0.0,0.0,2.82,-0.5,10.447238095238095,0.1111111111111111
Jim Hardy,1952,4.0,0.0,0.0192307692307692,0.0,0.0,0.0,0.0,0.0,0.0,0.0,0.0,0.0,4.019230769230769,0.4516129032258064
Jim Kekeris,1947,2.668,0.0,0.0416666666666666,0.0,0.0,0.0,0.0,0.0,0.0,0.0,0.0,0.0,2.7096666666666667,0.3043478260869565
Jim Kincaid,1954,4.0,0.0,0.0185185185185185,0.0,0.0,0.0,0.0,0.0,0.0,0.0,0.0,0.0,4.018518518518518,0.2592592592592592
Jim Martin,1953,4.0,0.2222222222222222,0.175438596491228,2.0,0.0,0.0,0.0,0.0,0.0,0.0,0.0,0.0,6.39766081871345,0.625
Jim Martin,1954,0.0,0.125,0.0555555555555555,0.668,0.0,0.0,0.0,0.0,0.0,0.0,0.0,0.0,0.8485555555555555,0.1481481481481481
Jim Martin,1955,0.0,0.0,0.0,0.0,0.0,0.0,0.0,0.0,0.0,0.0,0.0,0.0,0.0,0.24
Jim Martin,1956,4.0,0.4,0.25,1.6,0.0,0.0,0.0,0.0,0.0,0.0,0.0,0.0,6.25,0.4285714285714285
Jim Martin,1957,4.0,0.7,0.4193548387096774,2.0,0.0,0.0,0.0,0.0,0.0,0.0,0.0,0.0,7.119354838709677,0.5714285714285714
Jim Martin,1958,4.0,0.6363636363636364,0.8166666666666667,1.472,0.0,0.0,0.0,0.0,0.0,0.0,0.0,0.0,6.925030303030303,0.5909090909090909
Jim Martin,1959,0.0,0.875,0.4038461538461538,1.648,0.0,0.0,0.0,0.0,0.0,0.0,0.0,0.0,2.926846153846154,0.36
Jim Martin,1960,3.716,1.8571428571428572,1.4772727272727273,2.168,0.0,0.0,0.0,0.0,0.0,0.0,0.0,0.0,9.218415584415585,0.6923076923076923
Jim Martin,1961,3.848,1.6666666666666667,1.1111111111111112,2.0,0.0,0.0,0.0,0.0,0.0,0.0,0.0,0.0,8.625777777777778,0.7857142857142857
Jim Martin,1962,0.0,0.0,0.0,0.0,0.0,0.0,0.0,0.0,0.0,0.0,0.0,0.0,0.0,0.1739130434782608
Jim Martin,1963,3.656,2.6666666666666665,1.9259259259259256,2.46,0.0,0.0,0.0,0.0,0.0,0.0,0.0,0.0,10.708592592592591,1.0
Jim Martin,1964,3.588,1.0,1.0597014925373134,1.716,0.0,0.0,0.0,0.0,0.0,0.0,0.0,0.0,7.363701492537314,0.5909090909090909
Jim O'Brien,1970,3.788,1.0,1.056818181818182,2.236,0.8660254037844386,0.6666666666666666,0.4444444444444444,1.2,0.0,0.0,2.938775510204082,-1.0,13.196730206917811,0.5483870967741935
Jim O'Brien,1971,3.888,1.1764705882352942,1.1046511627906976,2.76,1.0,0.875,0.75,0.909090909090909,1.5,0.0,3.0612244897959178,-1.0,16.024437149912817,0.9411764705882352
Jim O'Brien,1972,4.0,0.65,0.6631578947368421,1.676,0.816496580927726,0.75,0.375,0.3333333333333332,0.0,0.0,2.571428571428571,-0.0,11.835416380426471,0.3125
Jim O'Brien,1973,4.0,0.3809523809523809,0.4042553191489361,2.284,1.0,0.3333333333333333,0.8333333333333334,0.0,0.0,0.0,2.4375,-0.0,11.673374366767984,0.2352941176470588
Jim Peebles,1946,0.0,0.0,0.0,0.0,0.0,0.0,0.0,0.0,0.0,0.0,0.0,0.0,0.0,0.32
Jim Peebles,1947,0.0,0.0,0.0,0.0,0.0,0.0,0.0,0.0,0.0,0.0,0.0,0.0,0.0,0.217391304347826
Jim Peebles,1948,2.0,0.0,0.0227272727272727,0.0,0.0,0.0,0.0,0.0,0.0,0.0,0.0,0.0,2.0227272727272725,0.3043478260869565
Jim Turner,1970,4.0,1.0,0.9659090909090908,2.172,1.0,0.8888888888888888,0.6363636363636364,0.4,0.0,0.0,2.571428571428571,-0.5,13.134590187590188,0.5161290322580645
Jim Turner,1971,4.0,1.4705882352941178,1.0813953488372092,2.632,0.9428090415820634,0.6,0.7272727272727273,1.0,0.0,0.0,3.0,-0.5,14.954065352986117,0.8529411764705882
Jim Turner,1972,4.0,1.0,1.0210526315789474,2.76,1.0,0.6666666666666666,0.75,1.0909090909090908,0.0,0.0,3.0,-0.5,14.788628389154706,0.6875
Jim Turner,1973,4.0,1.0476190476190477,1.127659574468085,2.668,1.0,1.0,0.8888888888888888,0.6666666666666666,0.6000000000000001,0.0,3.125,-1.0,15.123834177642689,0.7647058823529411
Jim Turner,1974,3.684,1.0,1.0149253731343284,2.096,0.0,0.75,0.8571428571428571,0.5,0.0,0.0,2.8043478260869565,-0.5,12.206416056364144,0.2941176470588235
Jim Turner,1975,3.54,1.6153846153846154,1.0886075949367089,3.0,1.0,0.7777777777777778,0.7777777777777778,1.3333333333333333,2.0,0.0,3.3125,-1.5,16.945381099210216,0.9333333333333332
Jim Turner,1976,3.692,1.0,1.0945945945945943,2.856,1.0,0.875,0.8,0.857142857142857,0.0,0.0,2.9375,-1.5,13.612237451737451,0.6363636363636364
Jim Turner,1977,3.648,1.0,1.147540983606557,2.736,1.0,0.75,0.7,1.2,0.0,0.0,3.0638297872340425,-1.0,14.245370770840598,0.7027027027027027
Jim Turner,1978,3.544,0.7857142857142857,0.8648648648648649,2.0,1.0,0.75,0.4285714285714285,1.0,0.0,0.0,2.872340425531915,-0.5,12.745491004682496,0.3783783783783784
Jim Turner,1979,3.764,1.0,0.922077922077922,2.476,1.0,0.7777777777777778,0.5,0.6666666666666666,0.0,0.0,3.127659574468085,-0.5,13.734181940990451,0.575
Joaquin Zendejas,1983,3.0,0.0,0.0303030303030303,0.0,1.0,1.0,0.0,0.0,0.0,0.0,0.0,-0.0,5.03030303030303,0.0857142857142857
Jodie Marek,1943,0.0,0.0,0.0,0.0,0.0,0.0,0.0,0.0,0.0,0.0,0.0,0.0,0.0,0.4848484848484848
Joe Aguirre,1941,3.556,0.6666666666666666,0.7,1.6,0.0,0.0,0.0,0.0,0.0,0.0,0.0,0.0,6.522666666666668,0.6590909090909091
Joe Aguirre,1942,0.0,0.0,0.0,0.0,0.0,0.0,0.0,0.0,0.0,0.0,0.0,0.0,0.0,0.2340425531914893
Joe Aguirre,1943,2.668,0.0,0.2068965517241379,0.0,0.0,0.0,0.0,0.0,0.0,0.0,0.0,0.0,2.874896551724138,0.5454545454545454
Joe Aguirre,1944,3.332,2.0,0.9,2.0,0.0,0.0,0.0,0.0,0.0,0.0,0.0,0.0,8.232,0.935483870967742
Joe Aguirre,1945,3.832,1.75,1.2941176470588236,2.152,0.0,0.0,0.0,0.0,0.0,0.0,0.0,0.0,9.028117647058824,1.0
Joe Cooper,1984,4.0,0.55,0.46,3.384,1.0,1.0,1.0,1.2,0.0,0.0,2.5384615384615383,-0.5,14.632461538461538,0.2857142857142857
Joe Cooper,1985,0.0,0.0,0.0,0.0,0.0,0.0,0.0,0.0,0.0,0.0,0.0,0.0,0.0,0.1538461538461538
Joe Cooper,1986,4.0,0.1052631578947368,0.1063829787234042,2.0,1.0,1.0,0.0,0.0,0.0,0.0,1.2352941176470589,-0.5,8.9469402542652,0.1794871794871795
Joe Danelo,1975,3.48,0.8461538461538461,0.6708860759493671,2.752,1.0,0.8571428571428571,0.6666666666666666,0.8,0.0,0.0,3.0,-1.0,13.072849445912738,0.4
Joe Danelo,1976,3.808,0.5333333333333333,0.5945945945945946,1.524,1.0,1.0,0.2727272727272727,0.0,0.75,0.0,3.125,-1.5,11.107655200655202,0.1818181818181818
Joe Danelo,1977,3.8,1.0769230769230769,1.0,2.436,1.0,0.875,0.6,0.6666666666666666,1.0,0.0,3.25531914893617,-0.0,15.709908892525911,0.918918918918919
Joe Danelo,1978,3.724,1.5,1.2162162162162162,2.896,1.0,0.75,0.625,1.6666666666666667,2.0,0.0,3.3191489361702127,-0.0,18.697031819053095,1.0
Joe Danelo,1979,3.864,0.6923076923076923,0.7142857142857143,1.8,1.0,1.0,0.6666666666666666,0.7272727272727272,0.0,0.0,3.127659574468085,-0.5,13.092192375000884,0.4
Joe Danelo,1980,3.856,1.0,0.9036144578313252,2.668,1.0,0.8333333333333334,0.6666666666666666,1.6666666666666667,1.0,0.0,3.1875,-0.0,16.78178112449799,0.8888888888888888
Joe Danelo,1981,4.0,1.263157894736842,1.10752688172043,2.528,1.0,0.7777777777777778,0.7777777777777778,1.0909090909090908,1.125,0.0,3.36734693877551,-0.0,17.03749636169743,0.8235294117647058
Joe Danelo,1982,4.0,1.2,1.0588235294117647,2.284,1.0,1.0,0.7142857142857143,0.5,0.0,0.0,2.8125,-0.5,14.069609243697478,0.4473684210526316
Joe Danelo,1983,3.772,0.5555555555555556,0.6363636363636364,2.0,1.0,0.5,0.8333333333333334,1.0,0.0,0.0,2.8235294117647056,-0.5,12.620781937017233,0.2857142857142857
Joe Danelo,1984,4.0,0.4,0.41,2.0,1.0,1.0,0.5,0.0,1.0,0.0,3.0,-1.0,12.31,0.1142857142857142
Joe Ethridge,1949,4.0,0.2,0.0869565217391304,2.0,0.0,0.0,0.0,0.0,0.0,0.0,0.0,0.0,6.286956521739131,0.4705882352941176
Joe Geri,1949,3.692,0.2,0.3260869565217391,4.0,0.0,0.0,0.0,0.0,0.0,0.0,0.0,0.0,8.21808695652174,0.7058823529411765
Joe Geri,1950,4.0,1.3333333333333333,1.0,2.284,0.0,0.0,0.0,0.0,0.0,0.0,0.0,0.0,8.617333333333333,0.9583333333333334
Joe Geri,1951,3.82,1.1666666666666667,0.8571428571428571,2.0,0.0,0.0,0.0,0.0,0.0,0.0,0.0,0.0,7.843809523809523,0.6956521739130435
Joe Geri,1952,3.668,0.3333333333333333,0.5384615384615384,0.444,0.0,0.0,0.0,0.0,0.0,0.0,0.0,0.0,4.9837948717948715,0.5806451612903226
Joe Glamp,1947,3.872,1.0,1.0,1.716,0.0,0.0,0.0,0.0,0.0,0.0,0.0,0.0,7.588,0.7391304347826086
Joe Glamp,1948,3.852,0.8,0.8636363636363636,1.6,0.0,0.0,0.0,0.0,0.0,0.0,0.0,0.0,7.115636363636364,0.7391304347826086
Joe Glamp,1949,4.0,0.2,0.4565217391304347,0.668,0.0,0.0,0.0,0.0,0.0,0.0,0.0,0.0,5.324521739130435,0.2941176470588235
Joe Kuharich,1940,0.0,0.0,0.0,0.0,0.0,0.0,0.0,0.0,0.0,0.0,0.0,0.0,0.0,0.1219512195121951
Joe Kuharich,1941,0.0,0.0,0.0,0.0,0.0,0.0,0.0,0.0,0.0,0.0,0.0,0.0,0.0,0.1590909090909091
Joe Kuharich,1942,0.0,0.0,0.0,0.0,0.0,0.0,0.0,0.0,0.0,0.0,0.0,0.0,0.0,0.2340425531914893
Joe Kuharich,1943,0.0,0.0,0.0,0.0,0.0,0.0,0.0,0.0,0.0,0.0,0.0,0.0,0.0,0.4848484848484848
Joe Kuharich,1944,0.0,0.0,0.0,0.0,0.0,0.0,0.0,0.0,0.0,0.0,0.0,0.0,0.0,0.4516129032258064
Joe Kuharich,1945,3.692,0.0,0.3529411764705882,0.0,0.0,0.0,0.0,0.0,0.0,0.0,0.0,0.0,4.044941176470588,0.6764705882352942
Joe Maniaci,1940,2.0,0.0,0.0526315789473684,0.0,0.0,0.0,0.0,0.0,0.0,0.0,0.0,0.0,2.0526315789473686,0.2439024390243902
Joe Maniaci,1941,4.0,0.3333333333333333,0.55,4.0,0.0,0.0,0.0,0.0,0.0,0.0,0.0,0.0,8.883333333333333,0.9545454545454546
Joe Muha,1947,0.0,0.1666666666666666,0.0625,0.8,0.0,0.0,0.0,0.0,0.0,0.0,0.0,0.0,1.0291666666666666,0.2608695652173913
Joe Muha,1948,0.0,0.0,0.0,0.0,0.0,0.0,0.0,0.0,0.0,0.0,0.0,0.0,0.0,0.217391304347826
Joe Muha,1949,4.0,0.0,0.108695652173913,0.0,0.0,0.0,0.0,0.0,0.0,0.0,0.0,0.0,4.108695652173913,0.2352941176470588
Joe Muha,1950,0.0,0.0,0.0,0.0,0.0,0.0,0.0,0.0,0.0,0.0,0.0,0.0,0.0,0.0833333333333333
Joe Nedney,1996,3.888,0.75,0.8240740740740741,2.484,1.0,1.0,0.6363636363636364,0.75,0.0,0.0,2.64,-0.0,13.972437710437712,0.1515151515151515
Joe Nedney,1997,4.0,0.4583333333333333,0.4859813084112149,2.588,1.0,1.0,1.0,0.857142857142857,0.0,0.0,2.5961538461538463,-0.0,13.985611345041251,0.1714285714285714
Joe Nedney,1998,4.0,0.5909090909090909,0.696969696969697,2.736,1.0,1.0,1.0,1.25,0.75,0.0,3.0576923076923075,-0.5,15.581571095571096,0.2972972972972973
Joe Nedney,1999,4.0,0.2083333333333333,0.2641509433962264,2.856,1.0,1.0,1.0,0.0,1.5,0.0,3.0588235294117645,-0.0,14.887307806141324,0.3846153846153846
Joe Nedney,2000,4.0,1.4166666666666667,1.2,3.58,1.0,1.0,0.875,1.6,1.7999999999999998,0.0,3.0588235294117645,-0.5,19.030490196078432,0.8333333333333334
Joe Nedney,2001,3.884,0.8695652173913043,0.9306930693069309,2.856,1.0,1.0,1.0,1.0666666666666669,1.7999999999999998,0.0,3.0,-0.0,17.4069249533649,0.6097560975609756
Joe Nedney,2002,4.0,1.0869565217391304,1.077669902912621,3.224,1.0,1.0,0.8333333333333334,1.25,0.0,0.0,3.1176470588235303,-2.0,14.589606816808615,0.2888888888888888
Joe Nedney,2003,0.0,0.0454545454545454,0.0294117647058823,4.0,1.0,1.0,1.0,2.0,3.0,0.0,2.9411764705882355,-0.0,15.016042780748664,0.3095238095238095
Joe Nedney,2004,0.0,0.0,0.0,0.0,0.0,0.0,0.0,0.0,0.0,0.0,0.0,0.0,0.0,0.0238095238095238
Joe Nedney,2005,4.0,1.0833333333333333,0.9150943396226416,3.716,1.0,1.0,0.9090909090909092,2.0,0.0,0.0,3.230769230769231,-0.0,17.854287812816114,0.8444444444444444
Joe Nedney,2006,4.0,1.2083333333333333,1.0841121495327102,3.316,1.0,0.9166666666666666,0.8,1.5555555555555556,3.0,0.0,2.9423076923076925,-0.0,19.822975397395957,0.9210526315789472
Joe Nedney,2007,4.0,0.7083333333333334,0.6460176991150443,3.58,1.0,1.0,1.0,2.0,1.0,0.0,2.8846153846153846,-0.0,17.818966417063763,0.775
Joe Nedney,2008,4.0,1.0740740740740742,1.0168067226890756,3.516,1.0,1.0,1.0,1.4545454545454546,1.7999999999999998,0.0,3.0,-1.0,17.861426251308604,0.5853658536585366
Joe Nedney,2009,4.0,0.7083333333333334,0.84,3.24,1.0,1.0,0.875,1.3333333333333333,1.5,0.0,2.9423076923076925,-0.5,16.93897435897436,0.4883720930232558
Joe Nedney,2010,4.0,0.4583333333333333,0.4716981132075472,3.384,1.0,1.0,1.0,1.0,0.0,0.0,2.8867924528301887,-0.0,15.20082389937107,0.2727272727272727
Joe Pasqua,1942,4.0,0.0,0.0434782608695652,0.0,0.0,0.0,0.0,0.0,0.0,0.0,0.0,0.0,4.043478260869565,0.5106382978723404
Joe Pasqua,1943,4.0,0.0,0.0344827586206896,0.0,0.0,0.0,0.0,0.0,0.0,0.0,0.0,0.0,4.0344827586206895,0.6666666666666666
Joe Perry,1953,0.0,0.0,0.0,0.0,0.0,0.0,0.0,0.0,0.0,0.0,0.0,0.0,0.0,0.25
Joe Perry,1954,3.428,0.125,0.1666666666666666,1.332,0.0,0.0,0.0,0.0,0.0,0.0,0.0,0.0,5.051666666666667,0.3333333333333333
Joe Stydahar,1941,4.0,0.0,0.2,0.0,0.0,0.0,0.0,0.0,0.0,0.0,0.0,0.0,4.2,0.4318181818181818
Joe Stydahar,1942,2.5,0.0,0.217391304347826,0.0,0.0,0.0,0.0,0.0,0.0,0.0,0.0,0.0,2.717391304347826,0.2765957446808511
Joe Stydahar,1943,0.0,0.0,0.0,0.0,0.0,0.0,0.0,0.0,0.0,0.0,0.0,0.0,0.0,0.4848484848484848
Joe Stydahar,1944,0.0,0.0,0.0,0.0,0.0,0.0,0.0,0.0,0.0,0.0,0.0,0.0,0.0,0.4516129032258064
Joe Stydahar,1945,0.0,0.0,0.0,0.0,0.0,0.0,0.0,0.0,0.0,0.0,0.0,0.0,0.0,0.4411764705882353
Joe Stydahar,1946,3.692,0.0,0.3,0.0,0.0,0.0,0.0,0.0,0.0,0.0,0.0,0.0,3.992,0.36
Joey Slye,2019,3.544,1.0869565217391304,1.0095238095238095,3.124,1.0,0.8,1.0,1.4545454545454546,2.142857142857143,0.0,3.055555555555556,-0.5,17.717438484221095,0.5952380952380952
Joey Slye,2020,3.668,1.16,1.0810810810810811,3.224,1.0,0.9166666666666666,1.0,1.75,1.5,0.0,3.0545454545454542,-0.0,18.354293202293203,0.5918367346938775
Joey Slye,2021,3.272,0.8846153846153846,0.725,3.68,1.0,1.0,1.0,1.4285714285714286,2.25,0.0,3.0545454545454542,-0.0,18.294732267732268,0.64
Joey Slye,2022,3.428,0.925925925925926,0.8608695652173913,3.332,1.0,1.0,0.8,1.6,2.5,0.0,3.1071428571428577,-0.0,18.553938348286177,0.6086956521739131
Joey Slye,2023,3.656,0.6551724137931034,0.7416666666666667,3.168,1.0,0.6666666666666666,1.0,1.5555555555555556,1.2857142857142856,0.0,3.2678571428571423,-0.5,16.49663273125342,0.2790697674418604
Joey Slye,2024,3.848,1.0,0.919642857142857,3.152,1.0,0.833333333333333,0.9090909090909092,1.4285714285714286,2.1818181818181808,0.0,3.3157894736842204,-0.0,18.58824618364093,0.5454545454545454
John Anderson,1979,2.0,0.0769230769230769,0.0519480519480519,4.0,1.0,1.0,1.0,2.0,0.0,0.0,2.4893617021276597,-0.5,13.118232830998789,0.425
John Aveni,1959,3.5,1.25,1.1153846153846154,2.104,0.0,0.0,0.0,0.0,0.0,0.0,0.0,0.0,7.969384615384615,0.84
John Aveni,1960,3.68,1.0,1.0,1.752,0.0,0.0,0.0,0.0,0.0,0.0,0.0,0.0,7.432,0.5769230769230769
John Aveni,1961,3.652,0.5555555555555556,0.5714285714285714,0.716,0.0,0.0,0.0,0.0,0.0,0.0,0.0,0.0,5.494984126984127,0.4285714285714285
John Carney,1988,4.0,0.1,0.1237113402061855,1.6,1.0,0.6666666666666666,0.0,0.0,0.0,0.0,1.7399999999999998,-1.0,8.23037800687285,0.1025641025641025
John Carney,1989,0.0,0.0,0.0,0.0,0.0,0.0,0.0,0.0,0.0,0.0,0.0,0.0,0.0,0.0277777777777777
John Carney,1990,3.856,0.95,0.9130434782608696,3.62,1.0,1.0,0.8571428571428571,2.0,0.0,0.0,2.58,-0.0,16.77618633540373,0.625
John Carney,1991,4.0,0.9047619047619048,0.9166666666666666,2.62,1.0,1.0,0.75,0.8,1.5,0.0,3.115384615384615,-0.0,16.606813186813188,0.5454545454545454
John Carney,1992,4.0,1.368421052631579,1.2150537634408602,3.248,1.0,0.9285714285714286,0.7142857142857143,1.75,1.0,0.0,2.8846153846153846,-0.5,17.608947343544965,0.71875
John Carney,1993,3.756,1.24,1.180952380952381,3.1,1.0,1.0,0.8235294117647058,1.1666666666666667,2.0,0.0,2.8867924528301887,-0.0,18.15394091221394,0.8333333333333334
John Carney,1994,4.0,1.5454545454545454,1.3775510204081634,3.58,1.0,1.0,1.0,1.1111111111111112,3.0,0.0,3.0,-0.0,20.61411667697382,1.0
John Carney,1995,3.88,0.875,0.8715596330275229,3.232,1.0,1.0,0.9090909090909092,1.2,0.0,0.0,2.6470588235294117,-0.0,15.614709365647842,0.3333333333333333
John Carney,1996,4.0,1.2083333333333333,1.0925925925925926,3.224,1.0,0.8461538461538461,1.0,1.1666666666666667,3.0,0.0,3.18,-0.0,19.71774643874644,0.9696969696969696
John Carney,1997,4.0,0.2916666666666667,0.2429906542056074,4.0,1.0,1.0,1.0,2.0,0.0,0.0,2.3653846153846154,-0.0,15.900041936256889,0.3428571428571428
John Carney,1998,4.0,1.181818181818182,0.9797979797979798,3.468,1.0,0.9166666666666666,1.0,1.6,2.0,0.0,3.115384615384615,-0.5,18.76166744366744,0.8378378378378378
John Carney,1999,3.828,1.2916666666666667,1.0849056603773586,3.444,1.0,1.0,0.75,1.5,3.0,0.0,2.9411764705882355,-1.0,18.83974879763226,0.8205128205128205
John Carney,2000,4.0,0.75,0.7714285714285715,2.88,1.0,1.0,0.7142857142857143,1.4,1.5,0.0,3.1764705882352944,-0.0,17.19218487394958,0.5714285714285714
John Carney,2001,4.0,1.173913043478261,1.118811881188119,3.484,1.0,1.0,1.0,1.3333333333333333,3.0,0.0,2.9411764705882355,-0.0,20.051234728587943,0.975609756097561
John Carney,2002,4.0,1.3478260869565215,1.2621359223300972,3.544,1.0,1.0,0.8461538461538461,1.8333333333333333,0.0,0.0,2.8235294117647056,-0.0,17.656978600538505,0.7333333333333333
John Carney,2003,3.892,1.0,1.0,2.932,1.0,1.0,0.8333333333333334,1.1111111111111112,1.0,0.0,2.9411764705882355,-0.5,16.20962091503268,0.5
John Carney,2004,4.0,1.0,1.04,3.26,1.0,1.0,0.8,1.6666666666666667,2.0,0.0,3.1176470588235303,-0.5,18.3843137254902,0.7380952380952381
John Carney,2005,4.0,1.0416666666666667,0.9150943396226416,3.124,1.0,0.9230769230769232,0.6666666666666666,1.3333333333333333,1.5,0.0,2.826923076923077,-0.0,17.33076100628931,0.7777777777777778
John Carney,2006,3.916,0.9583333333333334,1.074766355140187,3.68,1.0,1.0,0.875,1.6666666666666667,0.4999999999999998,0.0,2.9423076923076925,-1.0,16.613074047447878,0.3684210526315789
John Carney,2007,3.856,0.5,0.5575221238938053,3.428,1.0,1.0,1.0,1.0,0.0,0.0,2.3653846153846154,-0.0,14.70690673927842,0.225
John Carney,2008,4.0,1.2962962962962965,1.2016806722689075,3.684,1.0,1.0,0.9333333333333332,1.4285714285714286,1.2000000000000002,0.0,2.8867924528301887,-1.5,17.130674183300158,0.4634146341463415
John Carney,2009,3.848,0.5416666666666666,0.89,3.06,1.0,1.0,0.625,1.3333333333333333,0.0,0.0,2.6538461538461537,-0.0,14.951846153846152,0.3255813953488372
John Carney,2010,4.0,0.2083333333333333,0.1698113207547169,3.332,1.0,0.5,1.0,1.666,0.0,0.0,1.8113207547169812,-0.0,13.687465408805032,0.1363636363636363
John Cole,1940,2.4,0.5,0.3157894736842105,4.0,0.0,0.0,0.0,0.0,0.0,0.0,0.0,0.0,7.215789473684211,0.8048780487804879
John Diettrich,1987,4.0,0.3529411764705882,0.2771084337349397,4.0,1.0,1.0,1.0,2.0,0.0,0.0,2.7,-0.0,16.330049610205528,0.8166666666666667
John Hall,1997,4.0,1.1666666666666667,1.1214953271028036,2.732,1.0,0.9090909090909092,0.6470588235294118,0.6666666666666666,2.0,0.0,3.1730769230769234,-0.5,16.91605531613338,0.5142857142857142
John Hall,1998,3.912,1.1363636363636365,1.2121212121212122,2.856,1.0,1.0,0.6923076923076923,1.2,1.0,0.0,3.115384615384615,-0.5,16.624177156177154,0.4324324324324324
John Hall,1999,3.724,1.125,1.018867924528302,3.272,1.0,0.75,1.0,1.1666666666666667,0.0,0.0,2.8235294117647056,-0.5,15.380064002959674,0.4358974358974359
John Hall,2000,4.0,0.875,0.8857142857142857,2.624,1.0,0.8888888888888888,0.75,1.0,1.0,0.0,3.0,-0.5,15.523603174603174,0.4523809523809524
John Hall,2001,4.0,1.0434782608695652,1.0297029702970295,3.096,1.0,1.0,0.7142857142857143,1.5555555555555556,1.2000000000000002,0.0,3.1176470588235303,-0.0,17.756669559831394,0.7073170731707317
John Hall,2002,3.784,1.0434782608695652,1.0388349514563109,3.096,1.0,1.0,0.8181818181818182,1.2,0.0,0.0,2.7058823529411766,-0.0,15.686377383448871,0.4666666666666667
John Hall,2003,3.852,1.1363636363636365,0.9901960784313726,3.032,1.0,1.0,0.7777777777777778,1.3333333333333333,0.0,0.0,3.1764705882352944,-0.0,16.298141414141416,0.5476190476190477
John Hall,2004,4.0,0.3636363636363636,0.37,2.908,1.0,1.0,1.0,0.6666666666666666,0.0,0.0,2.7058823529411766,-0.0,14.014185383244207,0.1904761904761904
John Hall,2005,4.0,0.5,0.5943396226415094,3.428,1.0,1.0,1.0,1.6666666666666667,0.0,0.0,2.5961538461538463,-0.5,15.285160135462023,0.3555555555555555
John Hall,2006,4.0,0.375,0.3364485981308411,3.272,1.0,1.0,1.0,1.0,0.0,0.0,2.6538461538461537,-0.0,14.637294751976992,0.131578947368421
John Kasay,1991,3.856,1.1904761904761905,1.0625,3.224,1.0,0.8333333333333334,0.7857142857142857,1.7142857142857142,2.0,0.0,3.115384615384615,-0.5,18.28169413919414,0.9090909090909092
John Kasay,1992,4.0,0.7368421052631579,0.6021505376344086,2.544,1.0,0.8,0.7272727272727273,0.6666666666666666,0.0,0.0,2.480769230769231,-0.5,13.057701267606191,0.15625
John Kasay,1993,4.0,0.92,0.9333333333333332,3.284,1.0,1.0,0.9090909090909092,1.3333333333333333,1.7999999999999998,0.0,3.1132075471698113,-1.0,17.292965122927388,0.5666666666666667
John Kasay,1994,3.848,0.9090909090909092,0.8673469387755102,3.332,1.0,1.0,1.0,1.3333333333333333,1.5,0.0,3.0,-1.0,16.789771181199754,0.5454545454545454
John Kasay,1995,3.856,1.0833333333333333,0.963302752293578,3.152,1.0,1.0,0.7142857142857143,1.5,3.0,0.0,3.0588235294117645,-0.5,18.82774532932439,0.8888888888888888
John Kasay,1996,3.884,1.5416666666666667,1.3425925925925926,3.288,1.0,1.0,0.9166666666666666,1.4,1.2857142857142856,0.0,3.18,-0.0,18.83864021164021,0.8787878787878788
John Kasay,1997,4.0,0.9166666666666666,0.8504672897196262,3.384,1.0,0.8571428571428571,1.0,2.0,1.5,0.0,3.115384615384615,-0.5,18.123661428913763,0.7142857142857143
John Kasay,1998,3.784,0.8636363636363636,0.9292929292929292,2.924,1.0,1.0,0.8,1.3333333333333333,1.7142857142857142,0.0,3.230769230769231,-0.5,17.07931757131757,0.5405405405405406
John Kasay,1999,4.0,0.9166666666666666,0.9339622641509434,3.52,1.0,1.0,1.0,1.6666666666666667,1.5,0.0,3.0588235294117645,-0.0,18.59611912689604,0.7692307692307693
John Kasay,2000,0.0,0.0,0.0,0.0,0.0,0.0,0.0,0.0,0.0,0.0,0.0,0.0,0.0,0.0
John Kasay,2001,3.828,1.0,0.900990099009901,3.284,1.0,1.0,1.0,1.5555555555555556,1.5,0.0,3.0588235294117645,-0.0,18.127369183977223,0.8292682926829268
John Kasay,2002,4.0,0.0869565217391304,0.1067961165048543,1.6,1.0,1.0,0.4,0.0,0.0,0.0,1.5882352941176472,-0.5,9.281987932361632,0.1111111111111111
John Kasay,2003,3.868,1.4545454545454546,1.2254901960784317,3.368,1.0,1.0,0.75,1.6923076923076923,1.5,0.0,3.1176470588235303,-0.0,18.97599040175511,0.9285714285714286
John Kasay,2004,3.856,0.8636363636363636,0.84,3.456,1.0,1.0,1.0,1.0,1.0,0.0,3.1764705882352944,-1.0,16.192106951871658,0.4047619047619047
John Kasay,2005,3.908,1.0833333333333333,1.1415094339622642,3.06,1.0,1.0,1.0,1.3333333333333333,0.0,0.0,3.0,-0.0,16.52617610062893,0.6444444444444445
John Kasay,2006,4.0,1.0,0.9345794392523364,3.556,1.0,1.0,1.0,2.0,3.0,0.0,3.115384615384615,-0.5,20.10596405463695,0.9473684210526316
John Kasay,2007,4.0,1.0,0.8761061946902655,3.428,1.0,1.0,0.8888888888888888,1.3333333333333333,0.0,0.0,3.0576923076923075,-0.5,16.084020724604798,0.35
John Kasay,2008,4.0,1.037037037037037,1.092436974789916,3.612,1.0,1.0,1.0,1.8333333333333333,2.25,0.0,2.830188679245283,-0.0,19.65499602440557,0.926829268292683
John Kasay,2009,3.876,0.9166666666666666,0.97,3.26,1.0,1.0,0.9,1.6666666666666667,0.75,0.0,2.8846153846153846,-1.0,16.223948717948716,0.4186046511627907
John Kasay,2010,4.0,1.0416666666666667,0.8679245283018868,3.448,1.0,1.0,1.0,1.5714285714285714,2.0,0.0,3.1132075471698113,-0.0,19.042227313566936,0.8863636363636364
John Kasay,2011,4.0,1.12,1.2457627118644068,3.296,1.0,1.0,1.0,1.25,0.0,0.0,3.0,-0.5,16.411762711864405,0.2894736842105263
John Lee,1986,3.296,0.4210526315789473,0.4042553191489361,2.46,1.0,0.6666666666666666,0.8333333333333334,0.5,0.0,0.0,2.764705882352941,-0.0,12.346013833080823,0.2564102564102564
John Leypoldt,1971,4.0,0.5294117647058824,0.4534883720930232,2.4,1.0,0.0,1.0,1.6666666666666667,0.0,0.0,3.0,-2.5,11.549566803465572,0.2941176470588235
John Leypoldt,1972,3.868,0.8,0.8105263157894737,2.668,1.0,0.8,0.8571428571428571,0.8888888888888888,0.0,0.0,2.938775510204082,-0.0,14.631333572025303,0.65625
John Leypoldt,1973,4.0,1.0,0.9574468085106383,2.8,1.0,0.6,0.8333333333333334,1.0,1.5,0.0,3.25,-1.5,15.440780141843971,0.8823529411764706
John Leypoldt,1974,3.448,1.7272727272727273,1.2238805970149254,2.304,1.0,0.8,0.6666666666666666,0.8333333333333334,0.0,0.0,3.065217391304348,-1.0,14.068370715592,0.6176470588235294
John Leypoldt,1975,3.58,0.6923076923076923,0.9873417721518988,2.248,0.0,1.0,0.8,0.857142857142857,0.0,0.0,2.8125,-0.5,12.47729232160245,0.3
John Leypoldt,1976,3.52,0.5333333333333333,0.6216216216216216,2.132,1.0,0.6666666666666666,0.25,1.4285714285714286,0.0,0.0,3.0,-1.5,11.65219305019305,0.2727272727272727
John Leypoldt,1977,3.568,0.6923076923076923,0.9836065573770492,2.0,0.7071067811865476,0.6666666666666666,0.5,1.5,0.6000000000000001,0.0,3.25531914893617,-1.0,13.473006846474126,0.5675675675675675
John Leypoldt,1978,3.2,0.1428571428571428,0.1351351351351351,2.668,1.0,0.5,1.0,1.334,0.0,0.0,2.4893617021276597,-0.0,12.469353980119935,0.3513513513513513
John Love,1967,3.636,0.25,0.2857142857142857,1.144,0.0,0.0,0.0,0.0,0.0,0.0,0.0,0.0,5.315714285714286,0.3571428571428571
John Naioti,1945,4.0,0.0,0.1176470588235294,0.0,0.0,0.0,0.0,0.0,0.0,0.0,0.0,0.0,4.117647058823529,0.7352941176470589
John Parker Romo,2024,3.5,0.423076923076923,0.357142857142857,3.668,1.0,1.0,1.0,1.6,0.0,0.0,2.894736842105262,-0.5,14.942956622325042,0.0681818181818181
John Potter,2013,4.0,0.1153846153846153,0.135593220338983,3.0,1.0,1.0,0.75,2.0,0.0,0.0,2.388888888888889,-0.0,14.389866724612489,0.0571428571428571
John Rogalla,1945,4.0,0.0,0.0294117647058823,0.0,0.0,0.0,0.0,0.0,0.0,0.0,0.0,0.0,4.029411764705882,0.6470588235294118
John Roveto,1981,3.8,0.5263157894736842,0.5268817204301075,2.224,0.0,0.8571428571428571,0.6666666666666666,0.5714285714285714,0.0,0.0,2.63265306122449,-0.5,11.305088666366377,0.1470588235294117
John Roveto,1982,4.0,0.4,0.4313725490196078,1.232,1.0,1.0,0.0,1.0,0.75,0.0,3.1875,-0.5,12.500872549019608,0.3157894736842105
John Smith,1974,3.908,1.4545454545454546,1.3432835820895523,2.908,1.0,0.8571428571428571,0.8,0.8,0.0,0.0,3.0,-2.0,14.070971893777866,0.6470588235294118
John Smith,1975,4.0,0.6923076923076923,0.759493670886076,2.116,1.0,1.0,0.8333333333333334,0.5,0.0,0.0,2.875,-0.0,13.776134696527102,0.4333333333333333
John Smith,1976,3.652,1.0,1.1756756756756757,2.4,0.0,1.0,0.6666666666666666,1.0,0.0,0.0,3.0625,-0.0,13.95684234234234,0.7272727272727273
John Smith,1977,4.0,1.1538461538461535,1.278688524590164,2.856,1.0,0.8333333333333334,0.8,0.5,0.0,0.0,2.808510638297873,-0.5,14.730378650067523,0.7567567567567568
John Smith,1978,3.428,0.0714285714285714,0.1216216216216216,4.0,1.0,1.0,1.0,2.0,0.0,0.0,1.5319148936170213,-0.0,14.152965086667214,0.5405405405405406
John Smith,1979,3.756,1.7692307692307692,1.4935064935064934,2.788,1.0,1.0,0.8461538461538461,0.857142857142857,0.0,0.0,3.0,-0.5,16.010033966033966,0.8
John Smith,1980,4.0,1.625,1.5542168674698795,3.06,1.0,1.0,0.7142857142857143,0.857142857142857,0.0,0.0,2.75,-1.5,15.060645438898453,0.6666666666666666
John Smith,1981,3.796,0.7894736842105263,0.8817204301075269,2.5,1.0,1.0,0.3333333333333333,1.4285714285714286,0.75,0.0,3.0612244897959178,-1.0,14.540323366018733,0.5294117647058824
John Smith,1982,3.428,0.5,0.4117647058823529,2.5,0.0,1.0,1.0,0.6666666666666666,0.0,0.0,2.625,-0.0,12.131431372549018,0.2894736842105263
John Smith,1983,3.2,0.1666666666666666,0.2121212121212121,2.0,1.0,1.0,0.25,2.0,0.0,0.0,2.5294117647058822,-0.0,12.35819964349376,0.2571428571428571
John Wittenborn,1960,0.0,0.0,0.0,0.0,0.0,0.0,0.0,0.0,0.0,0.0,0.0,0.0,0.0,0.3076923076923077
John Wittenborn,1961,0.0,0.0,0.0,0.0,0.0,0.0,0.0,0.0,0.0,0.0,0.0,0.0,0.0,0.25
John Wittenborn,1962,0.0,0.2222222222222222,0.1034482758620689,2.0,0.0,0.0,0.0,0.0,0.0,0.0,0.0,0.0,2.3256704980842913,0.217391304347826
Johnny Drake,1940,1.6,0.0,0.1052631578947368,0.0,0.0,0.0,0.0,0.0,0.0,0.0,0.0,0.0,1.7052631578947368,0.1707317073170731
Johnny Hekker,2018,4.0,0.0434782608695652,0.036036036036036,4.0,1.0,1.0,1.0,2.0,0.0,0.0,1.111111111111111,-0.0,14.190625408016713,0.1428571428571428
Johnny Lascari,1942,0.0,0.0,0.0,0.0,0.0,0.0,0.0,0.0,0.0,0.0,0.0,0.0,0.0,0.2340425531914893
Johnny Lujack,1948,3.828,0.0,1.0,0.0,0.0,0.0,0.0,0.0,0.0,0.0,0.0,0.0,4.827999999999999,0.4782608695652174
Johnny Lujack,1949,3.82,0.2,0.9782608695652174,4.0,0.0,0.0,0.0,0.0,0.0,0.0,0.0,0.0,8.998260869565218,0.8235294117647058
Johnny Lujack,1950,3.884,0.5,0.9347826086956522,2.4,0.0,0.0,0.0,0.0,0.0,0.0,0.0,0.0,7.718782608695653,0.75
Johnny Lujack,1951,3.636,0.0,0.2040816326530612,0.0,0.0,0.0,0.0,0.0,0.0,0.0,0.0,0.0,3.840081632653061,0.391304347826087
Jon Hilbert,2001,4.0,0.4782608695652174,0.4455445544554455,2.752,1.0,1.0,1.0,0.5714285714285714,0.0,0.0,2.5294117647058822,-0.5,13.276645760155116,0.1951219512195122
Jon Hilbert,2002,4.0,0.0,0.029126213592233,0.0,1.0,1.0,0.0,0.0,0.0,0.0,0.0,-0.0,6.029126213592233,0.0888888888888888
Jonathan Brown,2020,4.0,0.04,0.036036036036036,2.0,1.0,1.0,0.5,1.0,0.0,0.0,1.690909090909091,-0.0,11.266945126945128,0.1632653061224489
Jose Cortez,2001,4.0,0.782608695652174,1.0,2.88,0.7071067811865476,0.8571428571428571,0.8571428571428571,1.0,1.5,0.0,3.0588235294117645,-0.5,16.142824720536204,0.4634146341463415
Jose Cortez,2002,4.0,1.0,1.0,2.876,1.0,0.8461538461538461,0.8888888888888888,0.8,3.0,0.0,2.6470588235294117,-0.5,17.558101558572147,0.6888888888888889
Jose Cortez,2003,0.0,0.0,0.0,0.0,0.0,0.0,0.0,0.0,0.0,0.0,0.0,0.0,0.0,0.0
Jose Cortez,2004,0.0,0.0,0.0,0.0,0.0,0.0,0.0,0.0,0.0,0.0,0.0,0.0,0.0,0.0238095238095238
Jose Cortez,2005,3.788,0.5,0.5094339622641509,2.824,1.0,0.8333333333333334,0.8,1.0,0.0,0.0,2.5961538461538463,-0.0,13.850921141751332,0.2666666666666666
Josh Brown,2003,4.0,1.0,1.1176470588235294,2.932,1.0,1.0,0.9090909090909092,1.0909090909090908,1.7142857142857142,0.0,3.4117647058823533,-0.5,17.675697478991594,0.8095238095238095
Josh Brown,2004,4.0,1.0454545454545454,1.09,3.68,1.0,1.0,0.8888888888888888,1.7142857142857142,0.0,0.0,3.1764705882352944,-0.0,17.59509973686444,0.5952380952380952
Josh Brown,2005,3.928,0.75,1.0377358490566038,2.88,1.0,1.0,0.8,1.1428571428571428,1.7999999999999998,0.0,3.1730769230769234,-1.5,16.01166991499067,0.5111111111111111
Josh Brown,2006,4.0,1.0416666666666667,1.0373831775700937,3.224,1.0,1.0,0.7142857142857143,1.5555555555555556,2.0,0.0,3.115384615384615,-0.0,18.68827572946265,0.8421052631578947
Josh Brown,2007,4.0,1.1666666666666667,1.1238938053097345,3.296,1.0,1.0,1.0,1.3333333333333333,0.75,0.0,3.115384615384615,-0.0,17.78527842069435,0.725
Josh Brown,2008,4.0,1.148148148148148,0.9411764705882352,3.444,1.0,1.0,1.0,1.5384615384615383,0.0,0.0,3.0566037735849063,-0.5,16.628389930782827,0.3658536585365853
Josh Brown,2009,4.0,0.7916666666666666,0.73,3.168,1.0,1.0,0.8,1.1428571428571428,0.0,0.0,3.1730769230769234,-0.0,15.805600732600734,0.3953488372093023
Josh Brown,2010,3.852,1.375,1.179245283018868,3.384,1.0,0.9166666666666666,0.8571428571428571,1.5555555555555556,3.0,0.0,3.0,-0.5,19.619610362383945,0.9545454545454546
Josh Brown,2011,4.0,0.84,0.6864406779661016,3.0,1.0,1.0,0.8571428571428571,1.3333333333333333,1.5,0.0,2.773584905660377,-1.0,15.990501774102672,0.2368421052631578
Josh Brown,2012,4.0,0.4230769230769231,0.3565217391304348,3.668,1.0,1.0,1.0,2.0,0.0,0.0,2.943396226415094,-0.5,15.890994888622451,0.1111111111111111
Josh Brown,2013,4.0,0.8846153846153846,0.847457627118644,3.54,1.0,1.0,0.875,1.75,0.75,0.0,2.8888888888888884,-0.5,17.03596190062292,0.1714285714285714
Josh Brown,2014,4.0,0.9230769230769232,1.0,3.692,1.0,0.8571428571428571,1.0,1.6,1.875,0.0,3.0,-1.0,17.947219780219783,0.5555555555555556
Josh Brown,2015,3.912,1.2,1.2407407407407407,3.752,1.0,1.0,1.0,1.6,2.5,0.0,2.9444444444444446,-0.0,20.149185185185186,1.0
Josh Brown,2016,4.0,0.4074074074074074,0.35,3.668,1.0,1.0,1.0,2.0,0.0,0.0,2.6666666666666665,-0.0,16.092074074074073,0.2222222222222222
Josh Lambo,2015,3.5,1.04,0.9814814814814816,3.248,1.0,1.0,1.0,1.375,3.0,0.0,3.0,-1.0,18.14448148148148,0.5641025641025641
Josh Lambo,2016,3.652,0.9629629629629628,1.0,3.248,1.0,1.0,0.9285714285714286,1.5,1.9090909090909092,0.0,2.611111111111111,-1.0,16.811736411736412,0.3888888888888889
Josh Lambo,2017,3.668,0.7307692307692307,0.7247706422018348,3.8,1.0,1.0,1.0,1.6,3.0,0.0,3.1111111111111107,-0.5,19.134650984082175,0.7045454545454546
Josh Lambo,2018,3.8,0.8260869565217391,0.6846846846846847,3.62,1.0,1.0,1.0,1.5,3.0,0.0,3.166666666666667,-0.0,19.59743830787309,0.8333333333333334
Josh Lambo,2019,3.8,1.434782608695652,1.1238095238095238,3.884,1.0,1.0,1.0,1.7777777777777777,3.0,0.0,3.1111111111111107,-0.0,21.131481021394062,0.9761904761904762
Josh Lambo,2020,3.2,0.2,0.2072072072072072,4.0,1.0,1.0,1.0,2.0,3.0,0.0,3.2181818181818183,-0.0,18.825389025389025,0.6938775510204082
Josh Lambo,2021,2.856,0.0,0.0416666666666666,0.0,1.0,1.0,0.0,0.0,0.0,0.0,0.0,-0.0,4.897666666666666,0.12
Josh Lambo,2022,3.0,0.0,0.0260869565217391,0.0,1.0,1.0,0.0,0.0,0.0,0.0,0.0,-0.0,5.026086956521739,0.0869565217391304
Josh Scobee,2004,4.0,1.0909090909090908,0.93,3.096,1.0,1.0,0.7272727272727273,1.4285714285714286,2.4000000000000004,0.0,3.1176470588235303,-0.0,18.790400305576775,0.8571428571428571
Josh Scobee,2005,3.896,0.9583333333333334,1.009433962264151,3.068,1.0,1.0,0.875,1.0,0.75,0.0,3.0576923076923075,-0.5,16.11445960328979,0.5555555555555556
Josh Scobee,2006,4.0,1.0833333333333333,1.1121495327102804,3.248,1.0,0.8333333333333334,1.0,1.5555555555555556,0.4285714285714284,0.0,2.7692307692307696,-0.0,17.0301739527347,0.4210526315789473
Josh Scobee,2007,3.852,0.5,0.5486725663716814,3.692,1.0,1.0,1.0,1.5,0.0,0.0,2.7692307692307696,-0.0,15.861903335602452,0.3
Josh Scobee,2008,4.0,0.7037037037037037,0.7563025210084033,3.04,1.0,1.0,0.5,1.4285714285714286,3.0,0.0,3.0,-0.0,18.428577653283536,0.7317073170731707
Josh Scobee,2009,3.872,0.75,0.84,2.572,1.0,0.875,1.0,0.857142857142857,0.0,0.0,3.0,-0.0,14.766142857142857,0.2325581395348837
Josh Scobee,2010,4.0,0.9166666666666666,1.009433962264151,3.144,1.0,1.0,0.8571428571428571,1.2857142857142858,2.0,0.0,3.339622641509434,-0.0,18.552580413297395,0.7045454545454546
Josh Scobee,2011,4.0,0.92,0.788135593220339,3.68,1.0,1.0,1.0,1.75,0.0,0.0,3.1132075471698113,-1.0,16.25134314039015,0.2631578947368421
Josh Scobee,2012,3.788,0.9615384615384616,0.808695652173913,3.572,1.0,1.0,1.0,1.6923076923076923,3.0,0.0,2.830188679245283,-1.0,18.652730485265348,0.6111111111111112
Josh Scobee,2013,3.828,0.8846153846153846,0.7711864406779662,3.68,1.0,1.0,1.0,1.6,1.5,0.0,3.055555555555556,-1.0,17.319357380848906,0.2
Josh Scobee,2014,4.0,0.7692307692307693,0.7155172413793104,3.076,1.0,1.0,0.875,1.5555555555555556,3.0,0.0,3.0,-0.0,18.991303566165634,0.8333333333333334
Josh Scobee,2015,3.428,0.24,0.2222222222222222,2.4,1.0,1.0,1.0,0.857142857142857,1.5,0.0,2.5,-0.0,14.14736507936508,0.1025641025641025
Joshua Karty,2024,3.556,1.11538461538462,1.0625,3.412,1.0,0.909090909090909,0.9,1.3333333333333333,2.499999999999999,0.0,3.05263157894736,-0.0,18.84094043675622,0.6136363636363636
Jude McAtamney,2024,4.0,0.0384615384615384,0.0357142857142857,4.0,1.0,1.0,1.0,2.0,3.0,0.0,1.6315789473684212,-0.0,17.705754771544246,0.4318181818181818
Julie Rykovich,1952,4.0,0.0,0.0192307692307692,0.0,0.0,0.0,0.0,0.0,0.0,0.0,0.0,0.0,4.019230769230769,0.4516129032258064
Justin Medlock,2007,0.0,0.0416666666666666,0.0265486725663716,2.0,1.0,1.0,0.0,1.0,0.0,0.0,1.557692307692308,-0.0,6.625907646925347,0.125
Justin Medlock,2008,0.0,0.0,0.0,0.0,0.0,0.0,0.0,0.0,0.0,0.0,0.0,0.0,0.0,0.048780487804878
Justin Medlock,2009,0.0,0.0,0.0,0.0,0.0,0.0,0.0,0.0,0.0,0.0,0.0,0.0,0.0,0.0697674418604651
Justin Medlock,2010,0.0,0.0,0.0,0.0,0.0,0.0,0.0,0.0,0.0,0.0,0.0,0.0,0.0,0.0227272727272727
Justin Medlock,2011,0.0,0.0,0.0,0.0,0.0,0.0,0.0,0.0,0.0,0.0,0.0,0.0,0.0,0.0526315789473684
Justin Medlock,2012,4.0,0.2692307692307692,0.3826086956521739,2.8,1.0,1.0,1.0,1.0,1.5,0.0,2.547169811320755,-0.0,15.4990092762037,0.0833333333333333
Justin Reid,2022,2.0,0.0,0.008695652173913,0.0,1.0,1.0,0.0,0.0,0.0,0.0,0.0,-0.0,4.0086956521739125,0.0652173913043478
Justin Tucker,2012,4.0,1.1538461538461535,1.1478260869565218,3.636,1.0,1.0,1.0,1.5384615384615383,0.6000000000000001,2.0,3.169811320754717,-1.5,18.745945100018933,0.6388888888888888
Justin Tucker,2013,4.0,1.4615384615384617,1.1864406779661016,3.708,1.0,1.0,0.9230769230769232,1.8181818181818183,2.142857142857143,0.0,3.3888888888888884,-0.0,20.628983912509337,0.8857142857142857
Justin Tucker,2014,4.0,1.1153846153846154,1.112068965517241,3.412,1.0,1.0,1.0,2.0,1.5,0.0,3.1132075471698113,-0.5,18.75266112807167,0.7222222222222222
Justin Tucker,2015,4.0,1.32,1.1851851851851851,3.3,1.0,1.0,1.0,1.8181818181818183,1.5,0.0,2.8888888888888884,-2.0,17.01225589225589,0.3076923076923077
Justin Tucker,2016,4.0,1.4074074074074074,1.175,3.896,1.0,1.0,0.9090909090909092,2.0,1.5,0.0,3.166666666666667,-0.0,20.054164983164984,0.9444444444444444
Justin Tucker,2017,4.0,1.3076923076923077,1.2935779816513762,3.676,1.0,1.0,1.0,1.8333333333333333,1.2000000000000002,0.0,3.166666666666667,-0.5,18.97727028934369,0.6818181818181818
Justin Tucker,2018,3.892,1.5217391304347827,1.2702702702702702,3.588,1.0,1.0,1.0,1.6363636363636365,2.5,0.0,3.1111111111111107,-1.0,19.5194841481798,0.8095238095238095
Justin Tucker,2019,3.864,1.2173913043478262,1.3428571428571427,3.864,1.0,1.0,1.0,1.8181818181818183,1.7999999999999998,0.0,2.833333333333333,-0.0,19.739763598720117,0.9047619047619048
Justin Tucker,2020,3.924,1.04,1.1711711711711712,3.588,1.0,1.0,0.8571428571428571,2.0,0.75,0.0,3.0,-0.5,17.830314028314028,0.5510204081632653
Justin Tucker,2021,4.0,1.3461538461538465,1.1416666666666666,3.784,1.0,1.0,1.0,1.7333333333333334,3.0,2.0,3.5999999999999996,-0.0,23.605153846153847,1.0
Justin Tucker,2022,3.876,1.3703703703703705,1.2347826086956522,3.44,1.0,1.0,1.0,1.6,2.5384615384615383,0.0,3.1071428571428577,-0.5,19.666757374670414,0.9130434782608696
Justin Tucker,2023,3.924,1.103448275862069,1.225,3.46,1.0,1.0,1.0,1.8333333333333333,1.5,0.0,2.678571428571429,-0.0,18.724353037766832,0.627906976744186
Justin Tucker,2024,3.872,0.846153846153846,1.125,2.932,1.0,1.0,1.0,1.25,0.500000000000001,0.0,2.947368421052631,-0.5,15.97252226720648,0.1590909090909091
Ka'imi Fairbairn,2017,3.656,0.7692307692307693,0.8440366972477065,3.2,1.0,0.75,0.8,1.7142857142857142,0.0,0.0,3.055555555555556,-0.0,15.789108736319749,0.3409090909090909
Ka'imi Fairbairn,2018,3.804,1.608695652173913,1.351351351351351,3.524,1.0,1.0,1.0,1.6,2.0,0.0,3.0,-0.0,19.888047003525266,0.8809523809523809
Ka'imi Fairbairn,2019,3.556,0.8695652173913043,0.9523809523809524,3.2,1.0,1.0,1.0,1.3333333333333333,3.0,0.0,3.0,-0.0,18.91127950310559,0.7619047619047619
Ka'imi Fairbairn,2020,3.7,1.08,1.063063063063063,3.484,1.0,1.0,1.0,1.5,2.0,0.0,2.9454545454545453,-0.0,18.77251760851761,0.673469387755102
Ka'imi Fairbairn,2021,3.248,0.5769230769230769,0.4833333333333333,3.156,1.0,1.0,1.0,1.0,3.0,0.0,3.327272727272727,-0.5,17.29152913752914,0.52
Ka'imi Fairbairn,2022,4.0,1.0740740740740742,0.9652173913043478,3.74,1.0,1.0,0.875,1.8,1.0,0.0,3.0,-0.5,17.954291465378425,0.4347826086956521
Ka'imi Fairbairn,2023,3.82,0.9310344827586208,0.85,3.856,1.0,1.0,1.0,2.0,2.142857142857143,0.0,2.8928571428571432,-1.0,18.492748768472904,0.6046511627906976
Ka'imi Fairbairn,2024,3.776,1.38461538461538,1.26785714285714,3.428,1.0,0.8,1.0,1.6,1.909090909090908,0.0,3.1052631578947496,-0.0,19.27082659445818,0.75
Kaare Vedvik,2019,0.0,0.0,0.0,0.0,1.0,1.0,0.0,0.0,0.0,0.0,0.0,-0.0,2.0,0.0238095238095238
Kai Forbath,2012,3.884,0.6538461538461539,0.7304347826086957,3.776,1.0,1.0,0.6666666666666666,2.0,3.0,0.0,2.830188679245283,-0.0,19.5411362823668,0.8055555555555556
Kai Forbath,2013,4.0,0.6923076923076923,0.6779661016949152,3.272,1.0,0.75,1.0,1.3333333333333333,2.25,0.0,2.777777777777778,-0.0,17.75338490511372,0.3142857142857143
Kai Forbath,2014,3.876,0.9230769230769232,0.8879310344827587,3.556,1.0,1.0,0.8571428571428571,1.75,2.25,0.0,2.773584905660377,-0.5,18.373735720362916,0.6388888888888888
Kai Forbath,2015,3.884,0.4,0.5925925925925926,2.668,1.0,0.6666666666666666,0.75,1.2,3.0,0.0,3.166666666666667,-0.0,17.327925925925925,0.358974358974359
Kai Forbath,2016,3.144,0.5555555555555556,0.4666666666666667,4.0,1.0,1.0,1.0,2.0,3.0,0.0,2.833333333333333,-0.0,18.999555555555556,0.8333333333333334
Kai Forbath,2017,3.488,1.2307692307692308,1.1926605504587156,3.368,1.0,1.0,0.8571428571428571,1.7142857142857142,2.0,0.0,2.9444444444444446,-0.5,18.295302797100963,0.5909090909090909
Kai Forbath,2018,4.0,0.1739130434782608,0.1351351351351351,3.2,1.0,1.0,1.0,2.0,0.0,0.0,2.2777777777777777,-0.0,14.786825956391173,0.1666666666666666
Kai Forbath,2019,3.668,0.4782608695652174,0.419047619047619,4.0,1.0,1.0,1.0,2.0,3.0,0.0,2.777777777777778,-0.0,19.343086266390618,0.8571428571428571
Kai Forbath,2020,3.2,0.08,0.09009009009009,2.668,1.0,1.0,0.667,0.0,0.0,0.0,1.2545454545454544,-0.0,9.959635544635544,0.1428571428571428
Karl Kremser,1970,4.0,0.0,0.0227272727272727,0.0,1.0,0.0,0.0,0.0,0.0,0.0,0.0,-0.0,5.0227272727272725,0.0967741935483871
Kay Eakin,1941,0.0,0.0,0.0,0.0,0.0,0.0,0.0,0.0,0.0,0.0,0.0,0.0,0.0,0.1590909090909091
Keith Flowers,1952,2.4,0.0,0.0576923076923076,0.0,0.0,0.0,0.0,0.0,0.0,0.0,0.0,0.0,2.4576923076923074,0.2580645161290322
Keith Ranspot,1944,0.0,0.0,0.0,0.0,0.0,0.0,0.0,0.0,0.0,0.0,0.0,0.0,0.0,0.4516129032258064
Ken Heineman,1940,4.0,0.0,0.0526315789473684,0.0,0.0,0.0,0.0,0.0,0.0,0.0,0.0,0.0,4.052631578947368,0.4146341463414634
Ken Konz,1954,4.0,0.0,0.0555555555555555,0.0,0.0,0.0,0.0,0.0,0.0,0.0,0.0,0.0,4.055555555555555,0.2962962962962963
Ken Strong,1944,3.832,3.0,1.3666666666666667,2.0,0.0,0.0,0.0,0.0,0.0,0.0,0.0,0.0,10.198666666666666,1.0
Ken Strong,1945,4.0,1.5,1.2058823529411764,1.848,0.0,0.0,0.0,0.0,0.0,0.0,0.0,0.0,8.553882352941176,0.9411764705882352
Ken Strong,1946,4.0,0.8,1.1,1.776,0.0,0.0,0.0,0.0,0.0,0.0,0.0,0.0,7.676,0.88
Ken Strong,1947,3.84,0.3333333333333333,0.625,1.6,0.0,0.0,0.0,0.0,0.0,0.0,0.0,0.0,6.398333333333333,0.5652173913043478
Ken Vinyard,1970,3.54,0.4736842105263157,0.5681818181818182,1.44,0.8944271909999159,0.0,0.5714285714285714,0.2222222222222222,0.0,0.0,3.0,-2.5,8.209944013358843,0.1290322580645161
Ken Willis,1990,4.0,0.9,0.8695652173913043,2.88,1.0,1.0,0.7777777777777778,1.75,0.0,0.0,2.94,-0.0,16.117342995169086,0.46875
Ken Willis,1991,4.0,1.2857142857142858,1.2291666666666667,2.768,1.0,1.0,0.8181818181818182,0.923076923076923,1.7142857142857142,0.0,3.115384615384615,-0.5,17.353810023310025,0.7272727272727273
Ken Willis,1992,4.0,0.5263157894736842,0.6129032258064516,2.5,1.0,1.0,0.25,1.25,0.0,0.0,2.5961538461538463,-0.5,13.235372861433984,0.1875
Kerry Brady,1987,4.0,0.0,0.0120481927710843,0.0,1.0,1.0,0.0,0.0,0.0,0.0,0.0,-0.0,6.0120481927710845,0.0333333333333333
Kevin Butler,1985,4.0,1.4090909090909092,1.4257425742574257,3.352,1.0,1.0,0.9285714285714286,1.0,0.0,0.0,2.7058823529411766,-0.0,16.821287264860942,0.6923076923076923
Kevin Butler,1986,3.892,1.4736842105263157,1.2765957446808511,2.732,1.0,0.7857142857142857,0.75,1.5,0.4999999999999998,0.0,3.0588235294117645,-1.0,15.968817770333215,0.6923076923076923
Kevin Butler,1987,3.732,1.1176470588235294,1.0240963855421688,2.716,1.0,1.0,1.0,0.3333333333333332,1.0,0.0,3.12,-0.5,15.543076777699032,0.7333333333333333
Kevin Butler,1988,3.896,0.75,0.845360824742268,3.156,1.0,1.0,0.875,1.0,0.0,0.0,2.7,-0.0,15.222360824742267,0.5128205128205128
Kevin Butler,1989,3.824,0.7142857142857143,0.9263157894736842,3.156,1.0,1.0,0.8571428571428571,1.2,0.0,0.0,2.76,-0.5,14.937744360902256,0.3888888888888889
Kevin Butler,1990,3.892,1.3,1.2391304347826086,2.812,1.0,1.0,0.625,1.2307692307692308,1.7142857142857142,0.0,3.12,-0.5,17.433185379837553,0.78125
Kevin Butler,1991,3.764,0.9047619047619048,0.9270833333333334,2.62,1.0,0.8181818181818182,0.6,1.1111111111111112,1.0,0.0,2.8846153846153846,-0.5,15.129753552003551,0.3333333333333333
Kevin Butler,1992,4.0,1.0,0.978494623655914,2.924,1.0,1.0,0.9,0.0,1.0,0.0,2.8846153846153846,-0.5,15.1871100082713,0.40625
Kevin Butler,1993,3.82,1.08,0.9714285714285714,3.0,1.0,0.875,0.9230769230769232,0.857142857142857,1.875,0.0,3.1132075471698113,-0.0,17.514855898818166,0.6
Kevin Butler,1994,4.0,0.9545454545454546,0.8877551020408163,2.896,1.0,1.0,0.6666666666666666,1.25,1.5,0.0,3.12,-0.0,17.274967223252936,0.6666666666666666
Kevin Butler,1995,4.0,0.9583333333333334,1.0458715596330277,2.968,1.0,0.8421052631578947,0.8333333333333334,1.0,0.0,0.0,2.764705882352941,-0.0,15.412349371810528,0.3055555555555556
Kevin Butler,1996,3.58,0.5833333333333334,0.5462962962962963,3.296,1.0,1.0,0.625,2.0,0.0,0.0,2.46,-0.5,14.590629629629628,0.2121212121212121
Kevin Butler,1997,3.6,0.3333333333333333,0.308411214953271,2.668,1.0,1.0,0.5,1.0,0.0,0.0,2.826923076923077,-0.0,13.23666762520968,0.1142857142857142
Ki Aldrich,1941,3.2,0.3333333333333333,0.35,1.332,0.0,0.0,0.0,0.0,0.0,0.0,0.0,0.0,5.215333333333334,0.5454545454545454
Kris Brown,1999,3.872,1.0416666666666667,0.9905660377358492,3.448,1.0,1.0,0.9,1.4545454545454546,3.0,0.0,3.0,-0.0,19.70677815894797,0.9743589743589745
Kris Brown,2000,3.88,1.0416666666666667,1.019047619047619,3.332,1.0,1.0,0.9,1.3333333333333333,0.0,0.0,3.0588235294117645,-0.5,16.064871148459385,0.5
Kris Brown,2001,3.676,1.3043478260869563,1.2277227722772277,2.728,1.0,1.0,0.75,0.8,1.5,0.0,3.235294117647059,-0.5,16.721364716011244,0.5121951219512195
Kris Brown,2002,4.0,0.7391304347826086,0.6893203883495146,2.832,0.0,1.0,1.0,1.5714285714285714,0.75,0.0,3.0,-0.0,15.581879394560694,0.4222222222222222
Kris Brown,2003,4.0,0.8181818181818182,0.7941176470588235,3.272,1.0,1.0,1.0,1.6666666666666667,1.0,0.0,2.9411764705882355,-0.0,17.49214260249554,0.7380952380952381
Kris Brown,2004,4.0,0.7727272727272727,0.85,2.832,1.0,1.0,0.6,1.3333333333333333,0.0,0.0,2.9411764705882355,-1.5,13.82923707664884,0.1428571428571428
Kris Brown,2005,4.0,1.0833333333333333,0.9622641509433962,3.06,1.0,1.0,0.7058823529411765,1.3333333333333333,0.0,0.0,3.0576923076923075,-0.5,15.702505478243548,0.4222222222222222
Kris Brown,2006,3.852,0.7916666666666666,0.7757009345794392,3.04,1.0,1.0,0.6,1.6923076923076923,0.0,0.0,2.826923076923077,-0.0,15.578598370476874,0.1842105263157894
Kris Brown,2007,4.0,1.0416666666666667,1.0176991150442478,3.448,1.0,0.8571428571428571,1.0,1.4,0.0,0.0,3.288461538461539,-0.5,16.552970177315313,0.4
Kris Brown,2008,4.0,1.0740740740740742,1.0420168067226891,3.516,1.0,0.9,1.0,1.6,2.0,0.0,3.0,-0.0,19.132090880796763,0.8292682926829268
Kris Brown,2009,3.908,0.875,1.06,2.624,1.0,0.8461538461538461,0.6666666666666666,0.6666666666666666,1.5,0.0,3.230769230769231,-0.0,16.37725641025641,0.4651162790697674
Kris Brown,2010,4.0,0.1666666666666666,0.1886792452830188,3.2,1.0,1.0,1.0,1.6,0.0,0.0,2.037735849056604,-0.0,14.19308176100629,0.1590909090909091
Kris Heppner,2000,4.0,0.4166666666666667,0.4476190476190476,2.668,1.0,1.0,0.5,2.0,0.0,0.0,2.6470588235294117,-0.0,14.679344537815126,0.3333333333333333
Kyle Brindza,2015,3.0,0.24,0.2222222222222222,2.0,1.0,0.5,0.6666666666666666,0.6666666666666666,0.0,0.0,3.2222222222222223,-0.0,11.517777777777775,0.0512820512820512
Kyle Larson,2007,0.0,0.0,0.0,0.0,1.0,1.0,0.0,0.0,0.0,0.0,0.0,-0.0,2.0,0.1
Lamar McHan,1955,0.0,0.0,0.0,0.0,0.0,0.0,0.0,0.0,0.0,0.0,0.0,0.0,0.0,0.24
Larry Peace,1941,4.0,0.0,0.05,0.0,0.0,0.0,0.0,0.0,0.0,0.0,0.0,0.0,4.05,0.3409090909090909
Larry Weldon,1944,4.0,0.0,0.1333333333333333,0.0,0.0,0.0,0.0,0.0,0.0,0.0,0.0,0.0,4.133333333333333,0.6451612903225806
Larry Weldon,1945,4.0,0.0,0.0294117647058823,0.0,0.0,0.0,0.0,0.0,0.0,0.0,0.0,0.0,4.029411764705882,0.6470588235294118
Lawrence Tynes,2004,3.868,0.7727272727272727,1.09,2.956,1.0,1.0,0.875,1.0,2.0,0.0,2.9411764705882355,-0.0,17.502903743315507,0.5714285714285714
Lawrence Tynes,2005,3.912,1.125,1.179245283018868,3.272,1.0,1.0,0.9230769230769232,1.0,0.0,0.0,3.0,-0.0,16.41132220609579,0.6222222222222222
Lawrence Tynes,2006,3.888,1.0,1.0,3.096,1.0,1.0,0.6666666666666666,1.4,2.0,0.0,3.0576923076923075,-0.0,18.108358974358975,0.6578947368421053
Lawrence Tynes,2007,3.808,0.9583333333333334,0.9646017699115044,3.408,1.0,0.9,0.625,2.0,2.0,0.0,2.7692307692307696,-0.0,18.433165872475605,0.85
Lawrence Tynes,2008,4.0,0.037037037037037,0.0504201680672268,4.0,1.0,1.0,1.0,2.0,0.0,0.0,1.0754716981132075,-0.0,14.162928903217471,0.1951219512195122
Lawrence Tynes,2009,4.0,1.125,1.26,3.376,1.0,0.8333333333333334,0.8461538461538461,1.6666666666666667,1.0,0.0,3.0,-0.0,18.10715384615385,0.7209302325581395
Lawrence Tynes,2010,4.0,0.7916666666666666,0.9433962264150944,3.304,1.0,1.0,0.5,1.5,3.0,0.0,3.0,-0.0,19.039062893081763,0.8636363636363636
Lawrence Tynes,2011,4.0,0.76,0.847457627118644,3.168,1.0,1.0,0.75,1.2,2.0,0.0,2.830188679245283,-0.5,17.055646306363926,0.3421052631578947
Lawrence Tynes,2012,4.0,1.2692307692307692,1.2608695652173914,3.384,1.0,1.0,0.875,1.5555555555555556,3.0,0.0,2.830188679245283,-0.0,20.174844569248997,0.8611111111111112
Lee Artoe,1940,2.0,0.5,0.2105263157894736,4.0,0.0,0.0,0.0,0.0,0.0,0.0,0.0,0.0,6.7105263157894735,0.7560975609756098
Lee Artoe,1941,3.0,0.3333333333333333,0.3,0.572,0.0,0.0,0.0,0.0,0.0,0.0,0.0,0.0,4.205333333333333,0.4545454545454545
Lee Artoe,1942,3.636,0.0,0.8695652173913043,0.0,0.0,0.0,0.0,0.0,0.0,0.0,0.0,0.0,4.505565217391305,0.723404255319149
Lee Artoe,1943,0.0,0.0,0.0,0.0,0.0,0.0,0.0,0.0,0.0,0.0,0.0,0.0,0.0,0.4848484848484848
Lee Artoe,1944,0.0,0.0,0.0,0.0,0.0,0.0,0.0,0.0,0.0,0.0,0.0,0.0,0.0,0.4516129032258064
Lee Artoe,1945,0.0,0.0,0.0,0.0,0.0,0.0,0.0,0.0,0.0,0.0,0.0,0.0,0.0,0.4411764705882353
Lee Johnson,1988,0.0,0.05,0.0309278350515463,2.0,1.0,1.0,0.5,1.0,1.5,0.0,3.0,-0.0,10.080927835051549,0.1538461538461538
Lee Johnson,1989,0.0,0.0,0.0,0.0,1.0,1.0,0.0,0.0,0.0,0.0,0.0,-0.0,2.0,0.0555555555555555
Lee Johnson,1990,0.0,0.0,0.0,0.0,1.0,1.0,0.0,0.0,0.0,0.0,0.0,-0.0,2.0,0.0
Lee Johnson,1991,0.0,0.0476190476190476,0.03125,1.332,1.0,1.0,0.333,0.666,1.0,0.0,3.0576923076923075,-0.0,8.467561355311355,0.0303030303030303
Lee Johnson,1992,0.0,0.0,0.0,0.0,1.0,1.0,0.0,0.0,0.0,0.0,0.0,-0.0,2.0,0.0625
Lee Stokes,1943,3.332,0.5,0.2758620689655172,1.332,0.0,0.0,0.0,0.0,0.0,0.0,0.0,0.0,5.439862068965517,0.7575757575757576
Len Barnum,1940,3.428,0.5,0.4736842105263157,1.0,0.0,0.0,0.0,0.0,0.0,0.0,0.0,0.0,5.401684210526316,0.6829268292682927
Len Barnum,1941,4.0,0.6666666666666666,0.4,1.332,0.0,0.0,0.0,0.0,0.0,0.0,0.0,0.0,6.398666666666667,0.6363636363636364
Len Barnum,1942,3.5,1.0,0.6956521739130435,1.716,0.0,0.0,0.0,0.0,0.0,0.0,0.0,0.0,6.911652173913043,0.8297872340425532
Len Dawson,1957,0.0,0.0,0.0,0.0,0.0,0.0,0.0,0.0,0.0,0.0,0.0,0.0,0.0,0.238095238095238
Len Younce,1943,0.0,0.0,0.0,0.0,0.0,0.0,0.0,0.0,0.0,0.0,0.0,0.0,0.0,0.4848484848484848
Len Younce,1944,0.0,0.0,0.0,0.0,0.0,0.0,0.0,0.0,0.0,0.0,0.0,0.0,0.0,0.4516129032258064
Len Younce,1945,0.0,0.0,0.0,0.0,0.0,0.0,0.0,0.0,0.0,0.0,0.0,0.0,0.0,0.4411764705882353
Len Younce,1946,0.0,0.0,0.0,0.0,0.0,0.0,0.0,0.0,0.0,0.0,0.0,0.0,0.0,0.32
Len Younce,1947,4.0,0.1666666666666666,0.0833333333333333,4.0,0.0,0.0,0.0,0.0,0.0,0.0,0.0,0.0,8.25,0.8695652173913043
Len Younce,1948,3.892,0.2,0.8863636363636364,0.572,0.0,0.0,0.0,0.0,0.0,0.0,0.0,0.0,5.550363636363636,0.5652173913043478
Les Murdock,1967,3.468,0.5,0.4464285714285714,1.776,0.0,0.0,0.0,0.0,0.0,0.0,0.0,0.0,6.190428571428571,0.4285714285714285
Les Richter,1954,4.0,1.0,1.148148148148148,2.132,0.0,0.0,0.0,0.0,0.0,0.0,0.0,0.0,8.280148148148148,0.8518518518518519
Les Richter,1955,3.872,1.3,1.2545454545454546,2.168,0.0,0.0,0.0,0.0,0.0,0.0,0.0,0.0,8.594545454545454,0.88
Les Richter,1956,3.788,0.8,1.0,2.132,0.0,0.0,0.0,0.0,0.0,0.0,0.0,0.0,7.720000000000001,0.7142857142857143
Les Richter,1957,0.0,0.0,0.0,0.0,0.0,0.0,0.0,0.0,0.0,0.0,0.0,0.0,0.0,0.238095238095238
Les Richter,1958,0.0,0.0,0.0,0.0,0.0,0.0,0.0,0.0,0.0,0.0,0.0,0.0,0.0,0.2272727272727272
Les Richter,1959,0.0,0.0,0.0,0.0,0.0,0.0,0.0,0.0,0.0,0.0,0.0,0.0,0.0,0.32
Les Richter,1960,4.0,0.0,0.0454545454545454,0.0,0.0,0.0,0.0,0.0,0.0,0.0,0.0,0.0,4.045454545454545,0.3846153846153846
Lin Elliott,1992,3.916,1.263157894736842,1.2795698924731185,2.744,1.0,0.8571428571428571,0.7142857142857143,1.0,2.25,0.0,3.0576923076923075,-1.5,16.58184866633084,0.625
Lin Elliott,1993,2.668,0.08,0.0761904761904762,2.0,1.0,1.0,0.0,1.0,0.0,0.0,2.4339622641509435,-0.0,10.25815274034142,0.0333333333333333
Lin Elliott,1994,4.0,1.1363636363636365,1.0714285714285714,3.332,1.0,0.8823529411764706,0.6666666666666666,1.5,0.0,0.0,2.94,-0.5,16.028811815635343,0.4545454545454545
Lin Elliott,1995,3.676,1.0,0.9724770642201837,3.2,1.0,0.9090909090909092,0.7777777777777778,1.4,0.0,0.0,2.8823529411764706,-0.5,15.317698692265344,0.25
Lirim Hajrullahu,2021,4.0,0.1538461538461538,0.1666666666666666,3.2,1.0,1.0,1.0,0.0,0.0,0.0,1.9090909090909092,-0.0,12.42960372960373,0.2
Lou Brock,1942,4.0,0.0,0.0869565217391304,0.0,0.0,0.0,0.0,0.0,0.0,0.0,0.0,0.0,4.086956521739131,0.5957446808510638
Lou Groza,1950,4.0,2.1666666666666665,1.4782608695652173,2.736,0.0,0.0,0.0,0.0,0.0,0.0,0.0,0.0,10.380927536231884,1.0
Lou Groza,1951,4.0,1.6666666666666667,1.489795918367347,1.74,0.0,0.0,0.0,0.0,0.0,0.0,0.0,0.0,8.896462585034014,0.8695652173913043
Lou Groza,1952,4.0,3.1666666666666665,1.7115384615384617,2.304,0.0,0.0,0.0,0.0,0.0,0.0,0.0,0.0,11.182205128205128,1.0
Lou Groza,1953,3.9,2.5555555555555554,1.894736842105263,3.54,0.0,0.0,0.0,0.0,0.0,0.0,0.0,0.0,11.89029239766082,1.0
Lou Groza,1954,3.896,2.0,1.5740740740740742,2.668,0.0,0.0,0.0,0.0,0.0,0.0,0.0,0.0,10.138074074074074,1.0
Lou Groza,1955,3.912,1.1,1.4,2.0,0.0,0.0,0.0,0.0,0.0,0.0,0.0,0.0,8.412,0.84
Lou Groza,1956,4.0,1.1,0.85,2.2,0.0,0.0,0.0,0.0,0.0,0.0,0.0,0.0,8.149999999999999,0.8571428571428571
Lou Groza,1957,4.0,1.5,1.2419354838709675,2.728,0.0,0.0,0.0,0.0,0.0,0.0,0.0,0.0,9.469935483870968,1.0
Lou Groza,1958,3.788,0.7272727272727273,1.0,1.684,0.0,0.0,0.0,0.0,0.0,0.0,0.0,0.0,7.199272727272727,0.6818181818181818
Lou Groza,1959,3.568,0.625,0.9230769230769232,1.248,0.0,0.0,0.0,0.0,0.0,0.0,0.0,0.0,6.364076923076923,0.56
Lou Groza,1960,0.0,0.0,0.0,0.0,0.0,0.0,0.0,0.0,0.0,0.0,0.0,0.0,0.0,0.3076923076923077
Lou Groza,1961,3.896,1.7777777777777777,1.3492063492063493,2.784,0.0,0.0,0.0,0.0,0.0,0.0,0.0,0.0,9.806984126984126,0.9642857142857144
Lou Groza,1962,3.772,1.5555555555555556,1.293103448275862,1.808,0.0,0.0,0.0,0.0,0.0,0.0,0.0,0.0,8.428659003831418,0.782608695652174
Lou Groza,1963,3.72,1.6666666666666667,1.5740740740740742,2.608,0.0,0.0,0.0,0.0,0.0,0.0,0.0,0.0,9.568740740740742,0.85
Lou Groza,1964,4.0,1.8333333333333333,1.7164179104477613,2.668,0.0,0.0,0.0,0.0,0.0,0.0,0.0,0.0,10.217751243781096,0.9545454545454546
Lou Groza,1965,4.0,1.6,1.576271186440678,2.56,0.0,0.0,0.0,0.0,0.0,0.0,0.0,0.0,9.736271186440678,0.8181818181818182
Lou Groza,1966,3.924,0.6923076923076923,1.0129870129870129,1.564,0.0,0.0,0.0,0.0,0.0,0.0,0.0,0.0,7.193294705294705,0.4090909090909091
Lou Groza,1967,4.0,1.375,1.3571428571428572,1.912,0.0,0.0,0.0,0.0,0.0,0.0,0.0,0.0,8.644142857142857,0.6785714285714286
Lou Kirouac,1966,3.168,0.6923076923076923,0.5974025974025974,2.0,0.0,0.0,0.0,0.0,0.0,0.0,0.0,0.0,6.45771028971029,0.3636363636363636
Lou Michaels,1959,3.428,1.0,0.6923076923076923,1.884,0.0,0.0,0.0,0.0,0.0,0.0,0.0,0.0,7.004307692307693,0.64
Lou Michaels,1960,4.0,0.2857142857142857,0.1590909090909091,2.668,0.0,0.0,0.0,0.0,0.0,0.0,0.0,0.0,7.112805194805195,0.5
Lou Michaels,1961,3.724,1.6666666666666667,1.1428571428571428,2.308,0.0,0.0,0.0,0.0,0.0,0.0,0.0,0.0,8.84152380952381,0.8571428571428571
Lou Michaels,1962,3.88,2.888888888888889,1.896551724137931,2.476,0.0,0.0,0.0,0.0,0.0,0.0,0.0,0.0,11.14144061302682,1.0
Lou Michaels,1963,3.656,2.3333333333333335,1.7592592592592593,2.048,0.0,0.0,0.0,0.0,0.0,0.0,0.0,0.0,9.796592592592592,0.9
Lou Michaels,1964,3.924,1.4166666666666667,1.5522388059701493,1.944,0.0,0.0,0.0,0.0,0.0,0.0,0.0,0.0,8.836905472636815,0.7727272727272727
Lou Michaels,1965,4.0,1.7,1.6779661016949152,2.428,0.0,0.0,0.0,0.0,0.0,0.0,0.0,0.0,9.805966101694915,0.8636363636363636
Lou Michaels,1966,3.888,1.6153846153846154,1.2727272727272727,2.152,0.0,0.0,0.0,0.0,0.0,0.0,0.0,0.0,8.928111888111887,0.7727272727272727
Lou Michaels,1967,3.832,2.5,1.8928571428571428,2.164,0.0,0.0,0.0,0.0,0.0,0.0,0.0,0.0,10.388857142857145,0.9285714285714286
Lou Michaels,1968,3.84,2.0,2.04,2.572,0.0,0.0,0.0,0.0,0.0,0.0,0.0,0.0,10.452,0.9166666666666666
Lou Michaels,1969,3.884,1.2727272727272727,1.2096774193548387,1.808,1.0,1.0,0.3333333333333333,0.5454545454545454,0.0,0.0,3.868421052631579,0.0,14.92161362350157,0.6818181818181818
Lou Michaels,1970,0.0,0.0,0.0,0.0,0.0,0.0,0.0,0.0,0.0,0.0,0.0,0.0,0.0,0.064516129032258
Lou Michaels,1971,3.8,0.4705882352941176,0.5,2.284,1.0,0.4,0.5,1.0,0.0,0.0,2.693877551020408,-0.5,12.148465786314526,0.4117647058823529
Lou Zontini,1940,4.0,1.0,0.8421052631578947,1.6,0.0,0.0,0.0,0.0,0.0,0.0,0.0,0.0,7.442105263157895,0.8292682926829268
Lou Zontini,1941,2.856,0.0,0.25,0.0,0.0,0.0,0.0,0.0,0.0,0.0,0.0,0.0,3.106,0.2727272727272727
Lou Zontini,1942,0.0,0.0,0.0,0.0,0.0,0.0,0.0,0.0,0.0,0.0,0.0,0.0,0.0,0.2340425531914893
Lou Zontini,1943,0.0,0.0,0.0,0.0,0.0,0.0,0.0,0.0,0.0,0.0,0.0,0.0,0.0,0.4848484848484848
Lou Zontini,1944,3.5,1.5,0.7666666666666667,2.0,0.0,0.0,0.0,0.0,0.0,0.0,0.0,0.0,7.766666666666667,0.9032258064516128
Louie Aguiar,1991,0.0,0.0476190476190476,0.03125,2.0,1.0,0.5,0.5,1.0,0.0,0.0,1.3269230769230769,-0.0,6.405792124542124,0.0
Lucas Havrisik,2023,3.456,0.5172413793103449,0.5333333333333333,3.0,1.0,1.0,1.0,0.6666666666666666,1.5,0.0,2.7857142857142856,-0.0,15.458955665024629,0.2093023255813953
Luis Zendejas,1987,4.0,0.1764705882352941,0.2289156626506024,3.0,1.0,1.0,1.0,1.0,3.0,0.0,3.0,-0.0,17.405386250885897,0.9166666666666666
Luis Zendejas,1988,3.888,1.0,0.979381443298969,2.964,1.0,1.0,0.7777777777777778,1.1428571428571428,1.0,0.0,3.0,-0.5,16.25201636393389,0.8205128205128205
Luis Zendejas,1989,4.0,0.6666666666666666,0.7894736842105263,2.332,1.0,1.0,0.6666666666666666,1.0,0.0,0.0,2.82,-0.5,13.77480701754386,0.2777777777777778
Mac Percival,1967,3.588,1.625,1.1607142857142858,2.0,0.0,0.0,0.0,0.0,0.0,0.0,0.0,0.0,8.373714285714286,0.6428571428571429
Mac Percival,1968,4.0,2.7777777777777777,2.0,2.776,0.0,0.0,0.0,0.0,0.0,0.0,0.0,0.0,11.553777777777778,1.0
Mac Percival,1969,4.0,0.7272727272727273,0.8064516129032258,1.524,0.7071067811865476,0.5,0.5,0.0,0.0,0.0,3.0,0.0,11.7648311213625,0.3636363636363636
Mac Percival,1970,4.0,1.0526315789473684,1.0,2.352,1.0,0.8333333333333334,0.75,0.2222222222222222,1.0,0.0,3.0612244897959178,-0.5,14.771411624298842,0.7419354838709677
Mac Percival,1971,4.0,0.8823529411764706,0.7325581395348837,1.82,0.816496580927726,0.3333333333333333,0.4545454545454545,0.909090909090909,0.0,0.0,2.755102040816327,-0.5,12.203479399425106,0.4411764705882353
Mac Percival,1972,4.0,0.6,0.6526315789473685,2.0,1.0,0.75,0.5,0.2222222222222222,0.0,0.0,2.755102040816327,-1.5,10.979955841985918,0.21875
Mac Percival,1973,4.0,0.2857142857142857,0.2978723404255319,3.0,1.0,1.0,0.6666666666666666,0.0,0.0,0.0,2.0625,-0.0,12.312753292806484,0.3529411764705882
Mac Percival,1974,3.2,0.1818181818181818,0.1492537313432835,1.0,1.0,1.0,0.25,0.0,0.0,0.0,2.152173913043478,-0.5,8.433245826204944,0.1764705882352941
Marion Pugh,1941,0.0,0.0,0.0,0.0,0.0,0.0,0.0,0.0,0.0,0.0,0.0,0.0,0.0,0.1590909090909091
Mark Moseley,1970,3.572,0.7368421052631579,0.7613636363636364,2.24,0.8819171036881969,0.6666666666666666,0.3333333333333333,0.6666666666666666,0.0,0.0,2.571428571428571,-0.5,11.930218083410228,0.3225806451612903
Mark Moseley,1971,3.704,0.9411764705882352,0.8488372093023255,2.46,1.0,0.8888888888888888,0.5,1.2,0.0,0.0,2.693877551020408,-0.5,13.736780119799858,0.5882352941176471
Mark Moseley,1972,4.0,0.05,0.0526315789473684,2.0,1.0,1.0,0.5,0.0,0.0,0.0,1.2244897959183672,-0.0,9.827121374865737,0.15625
Mark Moseley,1973,0.0,0.0,0.0,0.0,0.0,0.0,0.0,0.0,0.0,0.0,0.0,0.0,0.0,0.0294117647058823
Mark Moseley,1974,3.724,1.6363636363636365,1.208955223880597,2.4,1.0,0.4,0.6923076923076923,1.2,0.0,0.0,3.1304347826086953,-1.0,14.39206133516062,0.7647058823529411
Mark Moseley,1975,3.796,1.2307692307692308,1.0759493670886076,2.56,1.0,0.3333333333333333,0.9,1.3333333333333333,0.0,0.0,3.0,-0.0,15.229385264524508,0.8333333333333334
Mark Moseley,1976,3.876,1.4666666666666666,1.3108108108108107,2.588,1.0,0.875,0.7272727272727273,0.923076923076923,0.0,0.0,3.0625,-3.0,12.829327127827128,0.4545454545454545
Mark Moseley,1977,4.0,1.6153846153846154,1.3442622950819672,2.272,1.0,1.0,0.8,0.8181818181818182,2.0,0.0,3.446808510638298,-1.5,16.7966372392867,0.972972972972973
Mark Moseley,1978,3.872,1.3571428571428572,1.1756756756756757,2.532,1.0,1.0,0.7142857142857143,1.2307692307692308,1.0,0.0,3.3191489361702127,-0.5,16.70102241404369,0.945945945945946
Mark Moseley,1979,4.0,1.9230769230769231,1.4805194805194806,3.032,1.0,1.0,0.8,1.3846153846153846,1.0,0.0,3.382978723404255,-0.5,18.503190511616044,0.975
Mark Moseley,1980,3.6,1.125,0.9759036144578314,2.18,1.0,0.75,0.8333333333333334,1.1666666666666667,0.8181818181818181,0.0,3.25,-0.0,15.699085432639649,0.7777777777777778
Mark Moseley,1981,3.62,1.0,1.021505376344086,2.532,1.0,0.875,0.75,0.8333333333333334,0.0,0.0,3.0,-0.5,14.13183870967742,0.4705882352941176
Mark Moseley,1982,3.368,2.0,1.4901960784313726,3.808,1.0,1.0,1.0,1.6666666666666667,0.0,0.0,3.0,-0.0,18.33286274509804,0.9736842105263158
Mark Moseley,1983,3.936,1.8333333333333333,1.6262626262626263,2.808,1.0,1.0,0.7368421052631579,1.0,1.0,0.0,3.0,-0.0,17.940438064859116,0.8571428571428571
Mark Moseley,1984,3.764,1.2,1.2,3.096,1.0,0.9,0.9230769230769232,0.4,1.5,0.0,2.9423076923076925,-0.5,16.425384615384615,0.6
Mark Moseley,1985,3.756,1.0,0.9603960396039604,2.588,1.0,0.875,0.6153846153846154,1.1666666666666667,0.0,0.0,2.8235294117647056,-0.5,14.28497673341995,0.4615384615384615
Mark Moseley,1986,3.572,0.631578947368421,0.648936170212766,2.528,1.0,0.8333333333333334,0.8,0.3333333333333332,0.0,0.0,2.6470588235294117,-0.5,12.494240607777266,0.282051282051282
Mark Simoneau,2005,2.0,0.0,0.0094339622641509,0.0,1.0,1.0,0.0,0.0,0.0,0.0,0.0,-0.0,4.009433962264151,0.1333333333333333
Marshall Koehn,2017,4.0,0.0,0.0091743119266055,0.0,1.0,1.0,0.0,0.0,0.0,0.0,0.0,-0.0,6.009174311926605,0.0681818181818181
Marshall Robnett,1944,4.0,0.0,0.0333333333333333,0.0,0.0,0.0,0.0,0.0,0.0,0.0,0.0,0.0,4.033333333333333,0.6129032258064516
Martin Gramatica,1999,4.0,1.125,1.0,3.376,1.0,1.0,0.8333333333333334,1.5,2.25,0.0,3.1176470588235303,-0.0,19.201980392156862,0.8717948717948718
Martin Gramatica,2000,4.0,1.1666666666666667,1.2,3.296,1.0,1.0,0.8,1.5555555555555556,3.0,0.0,3.235294117647059,-0.0,20.25351633986928,1.0
Martin Gramatica,2001,4.0,1.0,0.9603960396039604,3.172,1.0,0.9,1.0,1.4285714285714286,0.0,0.0,2.8823529411764706,-0.0,16.34332040935186,0.4878048780487805
Martin Gramatica,2002,4.0,1.391304347826087,1.2427184466019416,3.284,1.0,0.875,0.9333333333333332,1.2,1.5,0.0,3.1176470588235303,-0.0,18.54400318658489,0.9111111111111112
Martin Gramatica,2003,3.884,0.7272727272727273,0.7941176470588235,2.46,1.0,1.0,0.5,0.75,0.0,0.0,2.9411764705882355,-0.0,14.056566844919786,0.1428571428571428
Martin Gramatica,2004,3.82,0.5,0.54,2.316,1.0,0.8571428571428571,0.5,0.4,2.0,0.0,3.1176470588235303,-0.0,15.050789915966387,0.2619047619047619
Martin Gramatica,2005,0.0,0.0,0.0,0.0,0.0,0.0,0.0,0.0,0.0,0.0,0.0,0.0,0.0,0.0444444444444444
Martin Gramatica,2006,4.0,0.2916666666666667,0.411214953271028,3.112,1.0,1.0,1.0,1.2,0.0,0.0,2.7692307692307696,-0.0,14.784112389168463,0.1578947368421052
Martin Gramatica,2007,4.0,0.2083333333333333,0.2035398230088495,4.0,1.0,1.0,1.0,2.0,3.0,0.0,3.1730769230769234,-0.0,19.584950079419105,1.0
Martin Gramatica,2008,4.0,0.2222222222222222,0.2857142857142857,2.4,1.0,1.0,1.0,0.8,0.0,0.0,3.0,-0.5,13.207936507936507,0.1463414634146341
Marv Bateman,1973,4.0,0.0,0.0106382978723404,0.0,1.0,1.0,0.0,0.0,0.0,0.0,0.0,-0.0,6.01063829787234,0.0588235294117647
Mason Crosby,2007,4.0,1.2916666666666667,1.247787610619469,3.18,1.0,1.0,0.9090909090909092,1.2857142857142858,0.0,0.0,3.0576923076923075,-0.0,16.97195177978364,0.45
Mason Crosby,2008,4.0,1.0,1.0672268907563025,3.176,1.0,1.0,0.7692307692307693,1.6666666666666667,3.0,0.0,3.0,-0.0,19.67912432665374,0.975609756097561
Mason Crosby,2009,3.92,1.125,1.29,3.0,1.0,1.0,0.7777777777777778,1.1428571428571428,2.0,0.0,3.0,-0.0,18.25563492063492,0.7674418604651163
Mason Crosby,2010,4.0,0.9166666666666666,1.0566037735849056,3.144,1.0,0.875,0.8,1.6,2.25,0.0,3.169811320754717,-0.0,18.81208176100629,0.8181818181818182
Mason Crosby,2011,3.944,0.96,1.1864406779661016,3.428,1.0,0.8,1.0,1.2,2.4000000000000004,0.0,3.283018867924528,-0.0,19.20145954589063,0.868421052631579
Mason Crosby,2012,4.0,0.8076923076923077,0.982608695652174,2.544,1.0,1.0,0.7142857142857143,1.5,1.7142857142857142,0.0,3.0566037735849063,-1.0,16.319476205500816,0.1388888888888889
Mason Crosby,2013,4.0,1.2692307692307692,1.194915254237288,3.568,1.0,1.0,1.0,1.5,2.0,0.0,3.166666666666667,-0.0,19.698812690134726,0.7428571428571429
Mason Crosby,2014,3.856,1.0384615384615383,1.1551724137931034,3.272,1.0,1.0,0.9166666666666666,1.4285714285714286,1.5,0.0,3.1132075471698113,-1.0,17.28007959466255,0.3888888888888889
Mason Crosby,2015,4.0,0.96,1.0,3.428,1.0,1.0,1.0,1.4545454545454546,1.5,0.0,3.1111111111111107,-0.5,17.953656565656566,0.4871794871794871
Mason Crosby,2016,3.744,0.9629629629629628,1.0166666666666666,3.468,1.0,1.0,0.8666666666666667,1.6666666666666667,1.5,0.0,2.9444444444444446,-1.5,16.66940740740741,0.3333333333333333
Mason Crosby,2017,3.772,0.5769230769230769,0.7155963302752294,3.156,1.0,1.0,0.5,2.0,3.0,0.0,2.777777777777778,-1.0,17.498297184976085,0.5227272727272727
Mason Crosby,2018,3.776,1.3043478260869563,1.117117117117117,3.244,1.0,1.0,0.9090909090909092,1.4666666666666666,1.7999999999999998,0.0,2.9444444444444446,-0.0,18.56166696340609,0.6666666666666666
Mason Crosby,2019,3.904,0.9565217391304348,1.0095238095238095,3.668,1.0,1.0,1.0,1.75,2.4000000000000004,0.0,3.0,-0.5,19.188045548654244,0.7857142857142857
Mason Crosby,2020,3.748,0.64,0.963963963963964,4.0,1.0,1.0,1.0,2.0,1.7999999999999998,0.0,3.1090909090909093,-0.0,19.26105487305487,0.8367346938775511
Mason Crosby,2021,3.844,0.9615384615384616,1.0333333333333334,2.94,1.0,1.0,0.6923076923076923,1.0,2.4000000000000004,0.0,2.9454545454545453,-0.0,17.81663403263403,0.58
Mason Crosby,2022,3.796,0.925925925925926,0.9739130434782608,3.448,1.0,1.0,1.0,1.7142857142857142,3.0,0.0,3.0,-1.0,18.8581246836899,0.7608695652173914
Mason Crosby,2023,3.428,0.1724137931034483,0.175,2.856,1.0,1.0,1.0,0.0,0.0,0.0,2.7857142857142856,-0.0,12.417128078817733,0.1395348837209302
Massimo Manca,1987,4.0,0.0588235294117647,0.072289156626506,2.0,1.0,1.0,0.5,0.0,0.0,0.0,1.6800000000000002,-0.0,10.311112686038271,0.1666666666666666
Matt Ammendola,2021,3.732,0.5,0.4416666666666666,2.736,1.0,1.0,1.0,0.8,0.0,0.0,2.672727272727273,-0.0,13.88239393939394,0.26
Matt Ammendola,2022,2.856,0.1851851851851851,0.1739130434782608,2.856,1.0,1.0,0.5,0.0,3.0,0.0,1.6607142857142858,-0.0,13.231812514377731,0.1304347826086956
Matt Ammendola,2023,3.636,0.2068965517241379,0.2333333333333333,2.668,1.0,1.0,1.0,1.0,0.0,0.0,2.4107142857142856,-0.0,13.154944170771756,0.1627906976744186
Matt Bahr,1979,3.848,1.3846153846153846,1.3506493506493509,2.4,1.0,1.0,0.5454545454545454,1.0,0.0,0.0,2.9361702127659575,-0.5,14.964889493485238,0.65
Matt Bahr,1980,3.716,1.1875,1.1566265060240963,2.716,1.0,0.8888888888888888,0.7,0.6666666666666666,0.0,0.0,3.0,-0.5,14.531682061579652,0.5833333333333334
Matt Bahr,1981,4.0,0.7894736842105263,0.8494623655913979,2.308,1.0,0.7142857142857143,0.5,0.8,0.0,0.0,2.8775510204081627,-0.5,13.3387727844958,0.2941176470588235
Matt Bahr,1982,4.0,0.7,0.7450980392156863,1.868,1.0,0.75,0.3333333333333333,0.5714285714285714,0.0,0.0,2.875,-1.5,11.342859943977592,0.2105263157894736
Matt Bahr,1983,3.8,1.1666666666666667,1.02020202020202,3.5,1.0,1.0,0.8333333333333334,1.7142857142857142,0.0,0.0,2.764705882352941,-1.0,15.799193616840675,0.6285714285714286
Matt Bahr,1984,4.0,1.2,0.97,3.0,1.0,1.0,0.2857142857142857,1.3333333333333333,3.0,0.0,2.8846153846153846,-1.5,17.173663003663005,0.7428571428571429
Matt Bahr,1985,4.0,0.6363636363636364,0.7623762376237624,3.112,1.0,1.0,0.8888888888888888,1.2,0.0,0.0,2.6470588235294117,-0.0,15.2466875864057,0.5897435897435898
Matt Bahr,1986,4.0,1.0526315789473684,0.9574468085106383,3.076,1.0,0.7777777777777778,0.875,1.0,1.0,0.0,3.0588235294117645,-0.5,16.29767969464755,0.7692307692307693
Matt Bahr,1987,3.6,0.2352941176470588,0.253012048192771,3.2,1.0,1.0,0.6666666666666666,1.6,0.0,0.0,1.86,-0.0,13.414972832506496,0.4166666666666667
Matt Bahr,1988,3.88,1.2,1.0721649484536082,3.312,1.0,0.8333333333333334,0.8,1.6666666666666667,0.0,0.0,2.82,-0.5,16.08416494845361,0.7948717948717948
Matt Bahr,1989,4.0,0.7619047619047619,0.9263157894736842,2.668,1.0,1.0,0.75,0.8888888888888888,1.5,0.0,3.0,-0.5,15.995109440267337,0.5555555555555556
Matt Bahr,1990,3.868,0.85,0.8695652173913043,2.956,1.0,1.0,1.0,1.1111111111111112,0.0,0.0,2.94,-0.5,15.094676328502414,0.3125
Matt Bahr,1991,3.84,1.0476190476190477,0.9375,3.036,1.0,1.0,0.75,1.5,1.0,0.0,3.115384615384615,-0.0,17.226503663003662,0.6666666666666666
Matt Bahr,1992,4.0,0.8421052631578947,0.8279569892473119,3.048,1.0,1.0,0.9090909090909092,1.2,0.0,0.0,2.7115384615384617,-0.5,15.03869162303458,0.3125
Matt Bahr,1993,3.864,0.52,0.638095238095238,2.888,1.0,0.7142857142857143,1.0,0.8,0.0,0.0,2.716981132075472,-1.0,13.141362084456423,0.1
Matt Bahr,1994,4.0,1.2272727272727273,1.1938775510204085,3.176,1.0,1.0,0.75,1.0,0.0,0.0,2.88,-1.5,14.727150278293134,0.2121212121212121
Matt Bahr,1995,4.0,0.9583333333333334,0.8807339449541285,2.788,0.7071067811865476,1.0,0.4285714285714285,1.4285714285714286,1.2000000000000002,0.0,3.235294117647059,-0.5,16.126611034263924,0.4444444444444444
Matt Bryant,2002,3.752,1.1304347826086956,1.0485436893203883,3.248,1.0,1.0,0.7368421052631579,1.5,2.0,0.0,2.764705882352941,-0.0,18.180526459545185,0.8
Matt Bryant,2003,4.0,0.5,0.4901960784313725,3.144,1.0,0.75,0.8,1.6,0.0,0.0,2.764705882352941,-0.5,14.548901960784312,0.1904761904761904
Matt Bryant,2004,4.0,0.1363636363636363,0.21,3.0,1.0,1.0,0.75,1.3333333333333333,0.0,0.0,2.764705882352941,-0.0,14.194402852049912,0.2142857142857142
Matt Bryant,2005,4.0,0.875,0.8867924528301887,3.36,1.0,0.5,1.0,1.8181818181818183,0.0,0.0,2.8846153846153846,-0.5,15.824589655627392,0.4888888888888889
Matt Bryant,2006,3.828,0.7083333333333334,0.6822429906542056,3.092,1.0,1.0,1.0,1.1111111111111112,1.2857142857142856,0.0,3.5769230769230766,-0.0,17.284324797736012,0.5263157894736842
Matt Bryant,2007,4.0,1.1666666666666667,1.0442477876106195,3.392,1.0,0.9166666666666666,1.0,1.7142857142857142,1.5,0.0,2.826923076923077,-0.0,18.560789912152742,0.875
Matt Bryant,2008,3.888,1.1851851851851851,1.100840336134454,3.368,1.0,1.0,1.0,1.25,0.0,0.0,2.773584905660377,-0.0,16.565610426980015,0.3414634146341463
Matt Bryant,2009,4.0,0.2916666666666667,0.31,2.8,1.0,1.0,1.0,0.0,0.0,0.0,2.9423076923076925,-0.0,13.34397435897436,0.1627906976744186
Matt Bryant,2010,4.0,1.1666666666666667,1.2075471698113207,3.612,1.0,1.0,0.8888888888888888,1.6,1.5,1.0,2.8867924528301887,-1.0,18.861895178197063,0.8409090909090909
Matt Bryant,2011,4.0,1.08,1.0677966101694916,3.724,1.0,1.0,1.0,1.4285714285714286,0.4999999999999998,0.0,2.8867924528301887,-0.0,17.68716049157111,0.5
Matt Bryant,2012,4.0,1.2692307692307692,1.2434782608695651,3.472,1.0,0.8888888888888888,0.9090909090909092,1.5384615384615383,1.0,0.0,3.1132075471698113,-0.5,17.934357913711484,0.3888888888888889
Matt Bryant,2013,4.0,0.9230769230769232,0.940677966101695,3.556,1.0,1.0,0.875,2.0,1.5,0.0,2.9444444444444446,-0.0,18.739199333623063,0.5714285714285714
Matt Bryant,2014,4.0,1.1153846153846154,1.0948275862068966,3.624,1.0,1.0,1.0,2.0,1.0,0.0,3.0566037735849063,-0.0,18.89081597517642,0.7777777777777778
Matt Bryant,2015,4.0,0.56,0.6296296296296297,3.112,1.0,1.0,0.75,1.3333333333333333,3.0,0.0,2.611111111111111,-0.0,17.996074074074077,0.5128205128205128
Matt Bryant,2016,3.928,1.2592592592592593,1.3166666666666669,3.676,1.0,1.0,0.875,2.0,3.0,0.0,3.2777777777777777,-0.5,20.832703703703707,1.0
Matt Bryant,2017,4.0,1.3076923076923077,1.256880733944954,3.488,1.0,1.0,0.7692307692307693,1.8,2.5,0.0,3.166666666666667,-0.5,19.7884704775347,0.8181818181818182
Matt Bryant,2018,3.772,0.8695652173913043,0.8378378378378378,3.808,1.0,1.0,1.0,2.0,1.0,0.0,3.166666666666667,-0.0,18.45406972189581,0.5714285714285714
Matt Bryant,2019,3.732,0.391304347826087,0.3904761904761905,2.572,1.0,1.0,0.75,2.0,1.0,0.0,2.8888888888888884,-0.0,15.724669427191166,0.2857142857142857
Matt Gay,2019,3.584,1.173913043478261,1.180952380952381,3.084,1.0,1.0,0.7142857142857143,1.5714285714285714,1.5,0.0,3.2222222222222223,-0.0,18.03080193236715,0.7142857142857143
Matt Gay,2020,4.0,0.56,0.5225225225225225,3.5,1.0,1.0,0.8333333333333334,1.7142857142857142,3.0,0.0,2.7818181818181817,-0.0,18.911959751959753,0.7346938775510204
Matt Gay,2021,3.92,1.2307692307692308,1.2,3.764,1.0,1.0,1.0,1.75,1.875,0.0,3.0,-0.0,19.73976923076923,0.88
Matt Gay,2022,3.876,1.037037037037037,1.0,3.732,1.0,1.0,1.0,2.0,2.0,0.0,3.1071428571428577,-1.0,18.752179894179893,0.6739130434782609
Matt Gay,2023,3.888,1.137931034482759,1.1166666666666667,3.22,1.0,1.0,0.9,1.5555555555555556,3.0,0.0,3.0535714285714284,-0.0,19.87172468527641,0.8604651162790697
Matt Gay,2024,4.0,1.19230769230769,1.125,3.352,1.0,1.0,1.0,2.0,3.0,0.0,2.947368421052631,-0.5,20.11667611336032,0.8636363636363636
Matt George,1998,4.0,0.0,0.0202020202020202,0.0,1.0,1.0,0.0,0.0,0.0,0.0,0.0,-0.5,5.52020202020202,0.1081081081081081
Matt Prater,2007,4.0,0.0416666666666666,0.0353982300884955,1.0,1.0,0.0,0.25,0.6666666666666666,0.0,0.0,2.5961538461538463,-0.0,9.589885409575675,0.15
Matt Prater,2008,3.9,0.925925925925926,0.957983193277311,2.94,1.0,0.875,0.8888888888888888,0.909090909090909,0.0,0.0,3.169811320754717,-1.0,14.566700237937752,0.2195121951219512
Matt Prater,2009,4.0,1.25,1.22,3.428,1.0,1.0,0.75,1.6,3.0,0.0,2.9423076923076925,-0.0,20.19030769230769,0.9767441860465116
Matt Prater,2010,3.864,0.6666666666666666,0.7169811320754716,3.556,1.0,1.0,1.0,1.6,2.0,0.0,3.339622641509434,-0.0,18.74327044025157,0.7727272727272727
Matt Prater,2011,4.0,0.76,0.7372881355932204,3.04,1.0,0.8333333333333334,1.0,0.857142857142857,2.25,0.0,3.339622641509434,-0.5,17.317386967578845,0.3684210526315789
Matt Prater,2012,4.0,1.0,1.1565217391304348,3.248,1.0,1.0,0.9090909090909092,1.1111111111111112,3.0,0.0,3.0,-0.0,19.424723759332455,0.75
Matt Prater,2013,4.0,0.9615384615384616,1.271186440677966,3.848,1.0,1.0,1.0,2.0,2.5,2.0,3.5555555555555554,-0.0,23.13628045777198,1.0
Matt Prater,2014,4.0,0.8076923076923077,0.7241379310344828,3.232,1.0,1.0,0.8,1.5,1.7999999999999998,0.0,2.943396226415094,-0.0,17.807226465141884,0.5
Matt Prater,2015,3.692,0.88,0.9444444444444444,3.668,1.0,1.0,0.8888888888888888,2.0,1.7999999999999998,0.0,3.2777777777777777,-0.0,19.151111111111113,0.7692307692307693
Matt Prater,2016,3.756,1.148148148148148,1.0333333333333334,3.444,1.0,1.0,0.8,1.4285714285714286,1.5,0.0,3.2222222222222223,-0.0,18.332275132275132,0.7222222222222222
Matt Prater,2017,3.904,1.1538461538461535,1.1926605504587156,3.428,1.0,1.0,1.0,1.75,2.4000000000000004,0.0,3.2222222222222223,-0.0,20.050728926527093,0.8636363636363636
Matt Prater,2018,4.0,1.2173913043478262,1.027027027027027,3.5,1.0,1.0,1.0,1.4285714285714286,1.2000000000000002,0.0,3.0,-0.0,18.37298975994628,0.5238095238095238
Matt Prater,2019,3.888,1.1304347826086956,1.076190476190476,3.356,1.0,1.0,0.6666666666666666,1.3333333333333333,1.875,0.0,3.1111111111111107,-0.5,17.93673636991028,0.6428571428571429
Matt Prater,2020,3.708,0.84,0.90990990990991,3.0,1.0,1.0,1.0,1.1428571428571428,1.7999999999999998,0.0,3.2181818181818183,-0.0,17.61894887094887,0.5102040816326531
Matt Prater,2021,3.836,1.1538461538461535,1.1416666666666666,3.244,1.0,1.0,0.8181818181818182,1.2,2.3333333333333335,0.0,3.381818181818182,-0.0,19.108846153846155,0.82
Matt Prater,2022,3.776,0.8148148148148148,0.7217391304347827,3.52,1.0,1.0,1.0,1.5,2.5,0.0,3.0535714285714284,-0.5,18.386125373821024,0.5652173913043478
Matt Prater,2023,3.828,0.9655172413793104,0.8833333333333333,3.392,1.0,1.0,0.875,1.7142857142857142,1.7142857142857142,0.0,3.3214285714285716,-0.5,18.19385057471264,0.5116279069767442
Matt Prater,2024,4.0,0.230769230769231,0.25,4.0,1.0,1.0,1.0,2.0,0.0,0.0,3.0,-0.0,16.48076923076923,0.2272727272727272
Matt Stover,1991,3.884,0.7619047619047619,0.84375,2.908,0.7071067811865476,0.6666666666666666,0.8888888888888888,1.0,3.0,0.0,3.1730769230769234,-0.5,17.333394021723787,0.696969696969697
Matt Stover,1992,3.868,1.105263157894737,0.989247311827957,2.896,1.0,1.0,0.75,0.6666666666666666,1.0,0.0,2.9423076923076925,-0.0,16.217484828697053,0.53125
Matt Stover,1993,4.0,0.64,0.8,2.908,1.0,1.0,0.8333333333333334,1.5,0.75,0.0,3.0,-1.5,14.931333333333336,0.3333333333333333
Matt Stover,1994,4.0,1.181818181818182,1.1224489795918366,3.716,1.0,1.0,0.9090909090909092,2.0,0.0,0.0,2.7,-0.0,17.629358070500928,0.7575757575757576
Matt Stover,1995,4.0,1.2083333333333333,1.036697247706422,3.516,1.0,1.0,0.9,1.5555555555555556,0.0,0.0,2.764705882352941,-1.0,15.981292018948253,0.4166666666666667
Matt Stover,1996,3.884,0.7916666666666666,0.8425925925925926,3.04,1.0,1.0,0.8333333333333334,1.0,3.0,0.0,3.0,-0.0,18.391592592592595,0.7272727272727273
Matt Stover,1997,4.0,1.0833333333333333,1.02803738317757,3.06,1.0,0.8888888888888888,1.0,1.0909090909090908,0.0,0.0,2.826923076923077,-0.0,15.97809177323196,0.3714285714285714
Matt Stover,1998,4.0,0.9545454545454546,0.8787878787878788,3.0,1.0,1.0,1.0,1.1764705882352942,0.0,0.0,2.7692307692307696,-0.5,15.279034690799396,0.2702702702702703
Matt Stover,1999,4.0,1.1666666666666667,1.0943396226415094,3.392,1.0,1.0,0.75,2.0,1.2000000000000002,0.0,2.9411764705882355,-0.5,18.04418275989641,0.5897435897435898
Matt Stover,2000,4.0,1.4583333333333333,1.2857142857142858,3.588,1.0,1.0,0.9230769230769232,1.6666666666666667,2.0,0.0,3.0,-0.5,19.421791208791205,0.8571428571428571
Matt Stover,2001,4.0,1.3043478260869563,1.1386138613861383,3.428,1.0,1.0,0.9,1.1111111111111112,3.0,0.0,2.8823529411764706,-1.0,18.764425739760675,0.902439024390244
Matt Stover,2002,4.0,0.9130434782608696,0.9320388349514565,3.36,1.0,1.0,0.8,1.4,1.875,0.0,3.0,-0.5,17.780082313212326,0.7555555555555555
Matt Stover,2003,4.0,1.5,1.3137254901960784,3.472,1.0,1.0,1.0,1.5714285714285714,0.0,0.0,2.8823529411764706,-0.0,17.73950700280112,0.8333333333333334
Matt Stover,2004,4.0,1.318181818181818,1.17,3.624,1.0,1.0,0.875,1.8,1.5,0.0,2.9411764705882355,-0.5,18.728358288770057,0.8333333333333334
Matt Stover,2005,4.0,1.25,1.0660377358490567,3.528,1.0,1.0,0.9090909090909092,1.5714285714285714,2.0,0.0,2.826923076923077,-0.0,19.151480293291616,0.9555555555555556
Matt Stover,2006,4.0,1.1666666666666667,1.1308411214953271,3.732,1.0,0.9230769230769232,1.0,1.7142857142857142,1.5,0.0,3.0,-0.5,18.66687042552463,0.8157894736842105
Matt Stover,2007,4.0,1.125,0.9469026548672568,3.376,1.0,1.0,1.0,1.3333333333333333,1.7999999999999998,0.0,2.826923076923077,-0.5,17.908159065123666,0.8
Matt Stover,2008,4.0,1.0,1.0252100840336134,3.272,1.0,1.0,0.9166666666666666,1.1111111111111112,1.0,0.0,2.660377358490566,-0.0,16.985365220301958,0.4390243902439024
Matt Stover,2009,4.0,0.375,0.6,3.272,1.0,1.0,0.8333333333333334,2.0,1.5,0.0,2.480769230769231,-0.0,17.061102564102566,0.5348837209302325
Matthew McCrane,2018,4.0,0.3478260869565217,0.2972972972972973,2.668,1.0,1.0,1.0,1.2,0.0,0.0,2.611111111111111,-0.0,14.124234495364927,0.119047619047619
Matthew Wright,2020,4.0,0.16,0.1711711711711711,4.0,1.0,1.0,1.0,2.0,3.0,0.0,2.509090909090909,-0.0,18.84026208026208,0.7142857142857143
Matthew Wright,2021,3.468,0.8076923076923077,0.6333333333333333,3.5,1.0,1.0,1.0,1.5,0.0,0.0,3.0545454545454542,-0.0,15.963571095571096,0.36
Matthew Wright,2022,4.0,0.5555555555555556,0.5217391304347826,3.332,1.0,1.0,0.8571428571428571,1.5,3.0,0.0,3.1607142857142856,-0.0,18.92715182884748,0.782608695652174
Matthew Wright,2023,0.0,0.0,0.0,0.0,1.0,1.0,0.0,0.0,0.0,0.0,0.0,-0.0,2.0,0.0697674418604651
Matthew Wright,2024,4.0,0.576923076923077,0.455357142857143,3.752,1.0,1.0,1.0,2.0,0.0,0.0,2.63157894736842,-0.0,16.41585916714864,0.2045454545454545
Max Zendejas,1986,3.284,0.4736842105263157,0.5319148936170213,2.572,1.0,1.0,0.6666666666666666,1.0,0.0,0.0,2.4705882352941178,-0.0,12.99885400610412,0.3076923076923077
Max Zendejas,1987,3.468,0.9411764705882352,0.7349397590361446,3.368,1.0,1.0,0.8571428571428571,1.75,0.0,0.0,2.88,-0.5,15.49925908676724,0.7
Max Zendejas,1988,3.58,0.45,0.4536082474226804,2.248,1.0,0.6666666666666666,0.8,0.6666666666666666,1.5,0.0,3.0,-0.5,13.864941580756014,0.3076923076923077
Merl Condit,1941,3.668,0.6666666666666666,0.85,0.728,0.0,0.0,0.0,0.0,0.0,0.0,0.0,0.0,5.9126666666666665,0.6136363636363636
Merl Condit,1942,4.0,1.0,0.8260869565217391,2.0,0.0,0.0,0.0,0.0,0.0,0.0,0.0,0.0,7.826086956521739,0.9148936170212766
Merl Condit,1943,0.0,0.0,0.0,0.0,0.0,0.0,0.0,0.0,0.0,0.0,0.0,0.0,0.0,0.4848484848484848
Merl Condit,1944,0.0,0.0,0.0,0.0,0.0,0.0,0.0,0.0,0.0,0.0,0.0,0.0,0.0,0.4516129032258064
Merl Condit,1945,4.0,0.0,0.0294117647058823,0.0,0.0,0.0,0.0,0.0,0.0,0.0,0.0,0.0,4.029411764705882,0.6470588235294118
Merl Condit,1946,4.0,0.0,0.1,0.0,0.0,0.0,0.0,0.0,0.0,0.0,0.0,0.0,4.1,0.52
Merv Pregulman,1948,3.852,0.4,0.7272727272727273,1.332,0.0,0.0,0.0,0.0,0.0,0.0,0.0,0.0,6.311272727272727,0.6086956521739131
Micah Knorr,2003,4.0,0.0454545454545454,0.0490196078431372,4.0,1.0,1.0,1.0,2.0,0.0,0.0,1.5882352941176472,-0.0,14.682709447415329,0.2142857142857142
Michael Badgley,2018,3.856,0.6521739130434783,0.6486486486486487,3.752,1.0,1.0,1.0,2.0,0.0,0.0,3.2777777777777777,-0.0,17.186600339469905,0.3571428571428571
Michael Badgley,2019,4.0,0.5652173913043478,0.5523809523809524,3.248,1.0,1.0,1.0,1.5,0.0,0.0,2.7222222222222223,-0.0,15.58782056590752,0.2619047619047619
Michael Badgley,2020,3.692,0.96,0.972972972972973,2.908,1.0,1.0,1.0,1.2307692307692308,1.0,0.0,2.8909090909090907,-0.0,16.654651294651295,0.4489795918367347
Michael Badgley,2021,3.904,0.6923076923076923,0.7833333333333333,3.272,1.0,1.0,0.8571428571428571,1.6,1.7999999999999998,0.0,2.509090909090909,-0.5,16.91787479187479,0.44
Michael Badgley,2022,4.0,0.8888888888888888,0.9130434782608696,3.428,1.0,0.8571428571428571,1.0,1.6363636363636365,2.0,0.0,2.8392857142857144,-1.5,17.062724574941967,0.3695652173913043
Michael Badgley,2023,3.468,0.1379310344827586,0.2083333333333333,4.0,1.0,1.0,1.0,2.0,1.5,0.0,2.196428571428571,-0.0,16.510692939244663,0.3023255813953488
Michael Husted,1993,4.0,0.64,0.7142857142857143,2.908,1.0,1.0,0.8333333333333334,1.0,1.7999999999999998,0.0,3.2264150943396226,-0.0,17.122034141958668,0.5333333333333333
Michael Husted,1994,4.0,1.0454545454545454,0.9081632653061223,2.628,1.0,1.0,0.8333333333333334,0.8,0.6000000000000001,0.0,3.18,-0.5,15.494951144094,0.303030303030303
Michael Husted,1995,4.0,0.7916666666666666,0.7522935779816514,2.924,1.0,0.8333333333333334,0.7142857142857143,1.1111111111111112,3.0,0.0,3.1176470588235303,-0.5,17.744337462202008,0.75
Michael Husted,1996,3.788,1.0416666666666667,0.8611111111111112,3.124,1.0,0.875,0.7272727272727273,1.75,1.0,0.0,3.0,-0.0,17.167050505050504,0.6060606060606061
Michael Husted,1997,3.656,0.5416666666666666,0.6635514018691588,3.06,1.0,1.0,0.6666666666666666,1.6666666666666667,1.0,0.0,3.115384615384615,-0.0,16.36993601725377,0.4285714285714285
Michael Husted,1998,3.868,0.9545454545454546,0.9292929292929292,3.0,0.0,1.0,0.6666666666666666,1.4285714285714286,3.0,0.0,3.0,-0.5,17.347076479076478,0.5675675675675675
Michael Husted,1999,4.0,0.8333333333333334,0.8490566037735849,2.58,1.0,1.0,0.6363636363636364,1.3333333333333333,0.0,0.0,2.8823529411764706,-1.5,13.61443984798036,0.1794871794871795
Michael Husted,2000,3.556,0.1666666666666666,0.1904761904761904,2.0,1.0,1.0,0.0,0.0,0.0,0.0,1.647058823529412,-0.5,9.060201680672268,0.0476190476190476
Michael Husted,2001,0.0,0.0,0.0,0.0,0.0,0.0,0.0,0.0,0.0,0.0,0.0,0.0,0.0,0.048780487804878
Michael Husted,2002,4.0,0.0434782608695652,0.058252427184466,4.0,1.0,1.0,1.0,2.0,0.0,0.0,2.235294117647059,-0.0,15.337024805701091,0.3555555555555555
Michael Koenen,2005,0.0,0.0416666666666666,0.0283018867924528,2.0,1.0,1.0,0.5,1.0,1.5,0.0,3.3461538461538463,-0.0,10.416122399612966,0.1777777777777777
Michael Koenen,2006,4.0,0.125,0.1214953271028037,1.332,1.0,1.0,0.25,0.0,1.0,0.0,2.9423076923076925,-1.5,10.270803019410495,0.0789473684210526
Michael Koenen,2007,0.0,0.0,0.0,0.0,1.0,1.0,0.0,0.0,0.0,0.0,0.0,-0.0,2.0,0.1
Mick Luckhurst,1981,4.0,1.105263157894737,1.2258064516129032,2.544,0.7071067811865476,1.0,0.6666666666666666,0.909090909090909,0.0,0.0,2.8775510204081627,-0.0,15.035484986859926,0.5882352941176471
Mick Luckhurst,1982,3.82,1.0,1.0,2.856,1.0,1.0,0.0,1.3333333333333333,3.0,0.0,3.1875,-0.5,17.696833333333334,0.8947368421052632
Mick Luckhurst,1983,3.824,0.9444444444444444,0.9494949494949496,3.092,1.0,0.8,0.8,1.6363636363636365,0.0,0.0,2.8823529411764706,-0.5,15.428655971479504,0.5142857142857142
Mick Luckhurst,1984,4.0,1.0,0.91,2.964,1.0,1.0,0.9,0.8888888888888888,2.25,0.0,3.0,-0.0,17.91288888888889,0.8571428571428571
Mick Luckhurst,1985,4.0,1.0909090909090908,1.0,3.096,1.0,0.7777777777777778,0.8,1.4545454545454546,3.0,0.0,3.0588235294117645,-0.0,19.27805585264409,0.9743589743589745
Mick Luckhurst,1986,4.0,0.7368421052631579,0.6702127659574468,2.332,1.0,0.5,0.7142857142857143,1.2727272727272727,0.0,0.0,2.8823529411764706,-0.0,14.108420799410062,0.3333333333333333
Mick Luckhurst,1987,4.0,0.5294117647058824,0.5301204819277109,2.768,1.0,1.0,1.0,1.2,1.5,0.0,3.0,-0.0,16.52753224663359,0.85
Mike Bragg,1974,3.5,0.0909090909090909,0.1492537313432835,4.0,1.0,1.0,1.0,2.0,0.0,0.0,1.6304347826086956,-0.0,14.37059760486107,0.7352941176470589
Mike Burke,1974,1.332,0.0,0.0149253731343283,0.0,1.0,1.0,0.0,0.0,0.0,0.0,0.0,-0.0,3.3469253731343285,0.0588235294117647
Mike Clark,1963,3.624,0.7777777777777778,0.925925925925926,1.868,0.0,0.0,0.0,0.0,0.0,0.0,0.0,0.0,7.195703703703705,0.4
Mike Clark,1964,3.612,1.0833333333333333,1.0,2.08,0.0,0.0,0.0,0.0,0.0,0.0,0.0,0.0,7.775333333333333,0.6363636363636364
Mike Clark,1965,3.168,1.1,0.8813559322033898,2.316,0.0,0.0,0.0,0.0,0.0,0.0,0.0,0.0,7.465355932203391,0.5909090909090909
Mike Clark,1966,4.0,1.6153846153846154,1.2597402597402598,2.624,0.0,0.0,0.0,0.0,0.0,0.0,0.0,0.0,9.499124875124876,0.9545454545454546
Mike Clark,1967,4.0,1.5,1.2678571428571428,2.18,0.0,0.0,0.0,0.0,0.0,0.0,0.0,0.0,8.947857142857142,0.7857142857142857
Mike Clark,1968,4.0,1.8888888888888888,2.1,2.344,0.0,0.0,0.0,0.0,0.0,0.0,0.0,0.0,10.332888888888888,0.8333333333333334
Mike Clark,1969,3.908,1.818181818181818,1.6612903225806452,2.224,0.9354143466934852,0.8571428571428571,0.6666666666666666,0.5454545454545454,0.0,0.0,3.710526315789474,0.0,16.326676872509488,0.8181818181818182
Mike Clark,1970,4.0,0.9473684210526316,1.0113636363636365,2.668,1.0,0.5,0.6666666666666666,0.8,0.0,0.0,2.63265306122449,-1.5,12.726051785307426,0.4516129032258064
Mike Clark,1971,4.0,0.7647058823529411,1.0,2.08,1.0,0.6666666666666666,0.0,0.6666666666666666,0.0,0.0,2.938775510204082,-1.0,12.116814725890354,0.3823529411764705
Mike Clark,1972,0.0,0.0,0.0,0.0,0.0,0.0,0.0,0.0,0.0,0.0,0.0,0.0,0.0,0.0
Mike Clark,1973,2.0,0.0476190476190476,0.0425531914893617,2.0,1.0,0.0,1.0,1.0,0.0,0.0,2.0625,-0.0,9.152672239108409,0.1764705882352941
Mike Clendenen,1987,4.0,0.1764705882352941,0.1927710843373494,3.0,1.0,1.0,1.0,0.0,0.0,0.0,2.0999999999999996,-0.5,11.969241672572643,0.25
Mike Cofer,1987,2.856,0.0588235294117647,0.0963855421686747,4.0,1.0,1.0,1.0,2.0,0.0,0.0,1.62,-0.0,13.63120907158044,0.4333333333333333
Mike Cofer,1988,3.904,1.35,1.2474226804123711,2.844,1.0,0.9,0.8181818181818182,1.2727272727272727,0.6000000000000001,0.0,3.12,-1.5,15.556331771321464,0.5897435897435898
Mike Cofer,1989,3.844,1.380952380952381,1.431578947368421,3.224,1.0,1.0,0.8888888888888888,1.3333333333333333,0.0,0.0,2.82,-0.5,16.422753550543025,0.6388888888888888
Mike Cofer,1990,4.0,1.2,1.2065217391304348,2.668,1.0,1.0,0.7777777777777778,0.909090909090909,1.0,0.0,3.3600000000000003,-1.0,16.121390425999124,0.5
Mike Cofer,1991,3.92,0.6666666666666666,0.9479166666666666,2.0,1.0,1.0,0.3,0.8,2.0,0.0,2.8846153846153846,-0.5,15.01919871794872,0.303030303030303
Mike Cofer,1992,3.924,0.9473684210526316,1.1505376344086022,2.668,1.0,0.875,0.625,1.2,0.0,0.0,2.6538461538461537,-0.0,15.043752209307383,0.34375
Mike Cofer,1993,3.868,0.64,1.019047619047619,2.46,1.0,0.7777777777777778,0.7142857142857143,1.1428571428571428,0.0,0.0,2.60377358490566,-0.0,14.225741838873914,0.1666666666666666
Mike Cofer,1994,0.0,0.0,0.0,0.0,0.0,0.0,0.0,0.0,0.0,0.0,0.0,0.0,0.0,0.0606060606060606
Mike Cofer,1995,4.0,0.1666666666666666,0.1926605504587156,1.776,1.0,1.0,0.0,1.0,3.0,0.0,3.0588235294117645,-0.5,14.694150746537147,0.1666666666666666
Mike Hollis,1995,3.856,0.8333333333333334,0.7981651376146789,2.964,1.0,0.7777777777777778,0.875,1.1428571428571428,2.0,0.0,3.1176470588235303,-0.0,17.364780450406464,0.6388888888888888
Mike Hollis,1996,4.0,1.25,1.0833333333333333,3.332,1.0,1.0,0.8571428571428571,1.25,2.0,0.0,3.18,-0.5,18.45247619047619,0.7575757575757576
Mike Hollis,1997,4.0,1.2916666666666667,1.2523364485981308,3.444,1.0,0.8571428571428571,0.8888888888888888,1.5555555555555556,3.0,0.0,3.0,-0.5,19.7895904168521,0.9142857142857144
Mike Hollis,1998,4.0,0.9545454545454546,1.0909090909090908,3.232,1.0,0.8,0.8888888888888888,1.6,0.0,0.0,2.7115384615384617,-1.5,14.777881895881896,0.2432432432432432
Mike Hollis,1999,4.0,1.2916666666666667,1.2264150943396226,3.264,1.0,0.9230769230769232,0.8888888888888888,1.3333333333333333,3.0,0.0,2.9411764705882355,-0.5,19.368557376893673,0.9230769230769232
Mike Hollis,2000,4.0,1.0,1.0,3.692,1.0,0.8571428571428571,1.0,1.75,3.0,0.0,3.0,-0.5,19.799142857142854,0.9761904761904762
Mike Hollis,2001,3.74,0.782608695652174,0.8217821782178217,2.572,1.0,0.8,0.7272727272727273,1.0909090909090908,0.0,0.0,2.8235294117647056,-0.5,13.85810210381652,0.2439024390243902
Mike Hollis,2002,4.0,1.0869565217391304,1.116504854368932,3.032,1.0,0.875,0.8,1.4,1.7999999999999998,0.0,3.1764705882352944,-0.5,17.786931964343356,0.7777777777777778
Mike Lansford,1982,3.832,0.9,0.9803921568627452,2.4,1.0,0.8,0.625,1.2,0.0,0.0,2.4375,-0.5,13.674892156862745,0.3947368421052631
Mike Lansford,1983,4.0,0.3333333333333333,0.2727272727272727,2.668,1.0,1.0,1.0,1.0,0.0,0.0,2.8823529411764706,-2.0,12.156413547237076,0.2285714285714285
Mike Lansford,1984,3.896,1.25,1.12,3.032,1.0,1.0,0.7692307692307693,0.857142857142857,1.5,0.0,2.8846153846153846,-0.5,16.808989010989013,0.6571428571428571
Mike Lansford,1985,3.896,1.0,1.0297029702970295,3.036,1.0,1.0,0.75,1.5,1.5,0.0,3.0588235294117645,-0.0,17.770526499708794,0.8461538461538461
Mike Lansford,1986,3.884,0.8947368421052632,0.9042553191489362,2.832,1.0,0.8333333333333334,0.6666666666666666,1.3333333333333333,1.5,0.0,2.9411764705882355,-1.0,15.789501965175766,0.6410256410256411
Mike Lansford,1987,3.788,1.0,1.0481927710843373,3.24,1.0,1.0,0.75,1.5555555555555556,0.0,0.0,2.88,-1.0,15.261748326639893,0.6833333333333333
Mike Lansford,1988,3.752,1.2,1.2061855670103092,3.0,1.0,0.75,0.8,1.5,0.0,0.0,2.94,-0.5,15.648185567010312,0.6153846153846154
Mike Lansford,1989,4.0,1.0952380952380951,1.263157894736842,3.068,1.0,0.875,1.0,1.6,0.0,0.0,2.88,-0.0,16.781395989974936,0.7222222222222222
Mike Lansford,1990,3.908,0.75,0.9456521739130436,2.5,0.8660254037844386,1.0,0.7142857142857143,0.6666666666666666,0.0,0.0,2.76,-0.0,14.110629958649865,0.15625
Mike Mercer,1961,3.892,1.0,1.0,1.716,0.0,0.0,0.0,0.0,0.0,0.0,0.0,0.0,7.608,0.6071428571428571
Mike Mercer,1962,4.0,0.0,0.0517241379310344,0.0,0.0,0.0,0.0,0.0,0.0,0.0,0.0,0.0,4.051724137931035,0.3043478260869565
Mike Mercer,1963,0.0,0.0,0.0,0.0,0.0,0.0,0.0,0.0,0.0,0.0,0.0,0.0,0.0,0.15
Mike Mercer,1964,0.0,0.0,0.0,0.0,0.0,0.0,0.0,0.0,0.0,0.0,0.0,0.0,0.0,0.2272727272727272
Mike Mercer,1965,0.0,0.0,0.0,0.0,0.0,0.0,0.0,0.0,0.0,0.0,0.0,0.0,0.0,0.2727272727272727
Mike Mercer,1966,0.0,0.0,0.0,0.0,0.0,0.0,0.0,0.0,0.0,0.0,0.0,0.0,0.0,0.1818181818181818
Mike Mercer,1967,0.0,0.0,0.0,0.0,0.0,0.0,0.0,0.0,0.0,0.0,0.0,0.0,0.0,0.0714285714285714
Mike Mercer,1968,3.428,0.7777777777777778,0.66,2.332,0.0,0.0,0.0,0.0,0.0,0.0,0.0,0.0,7.197777777777778,0.4583333333333333
Mike Mercer,1969,4.0,0.4545454545454545,0.6129032258064516,1.176,1.0,0.3333333333333333,0.1428571428571428,0.4,0.0,0.0,3.789473684210526,0.0,11.909112840752908,0.4090909090909091
Mike Mercer,1970,3.884,0.631578947368421,0.7954545454545454,2.528,1.0,0.3333333333333333,1.0,0.75,0.0,0.0,2.938775510204082,-1.5,12.361142336360382,0.3870967741935484
Mike Michel,1977,0.0,0.0,0.0,0.0,1.0,1.0,0.0,0.0,0.0,0.0,0.0,-0.0,2.0,0.054054054054054
Mike Michel,1978,3.0,0.0,0.1216216216216216,0.0,1.0,1.0,0.0,0.0,0.0,0.0,0.0,-0.0,5.121621621621621,0.081081081081081
Mike Nugent,2005,4.0,0.9166666666666666,0.8490566037735849,3.144,1.0,0.8888888888888888,1.0,1.4,0.0,0.0,2.826923076923077,-0.0,16.02553523625222,0.5333333333333333
Mike Nugent,2006,3.884,1.0,0.9906542056074766,3.556,1.0,1.0,0.8333333333333334,2.0,1.5,0.0,3.115384615384615,-0.5,18.379372154325427,0.6842105263157895
Mike Nugent,2007,3.832,1.2083333333333333,0.9734513274336284,3.224,1.0,1.0,0.8333333333333334,1.5,1.5,0.0,2.8846153846153846,-0.5,17.45573337871568,0.625
Mike Nugent,2008,4.0,0.0,0.0168067226890756,0.0,1.0,1.0,0.0,0.0,0.0,0.0,0.0,-0.0,6.016806722689076,0.073170731707317
Mike Nugent,2009,4.0,0.1666666666666666,0.26,2.0,1.0,1.0,0.5,0.5,0.0,0.0,2.7692307692307696,-0.0,12.195897435897436,0.1162790697674418
Mike Nugent,2010,4.0,0.625,0.5849056603773585,3.156,1.0,1.0,1.0,0.6666666666666666,0.0,0.0,3.0566037735849063,-0.0,15.08917610062893,0.25
Mike Nugent,2011,3.884,1.32,1.11864406779661,3.472,1.0,1.0,0.625,1.75,3.0,0.0,2.773584905660377,-0.0,19.94322897345699,0.9736842105263158
Mike Nugent,2012,4.0,0.7307692307692307,0.8,3.304,1.0,1.0,1.0,1.3333333333333333,2.25,0.0,3.1132075471698113,-0.0,18.531310111272376,0.5555555555555556
Mike Nugent,2013,3.924,0.6923076923076923,0.8983050847457628,3.272,1.0,1.0,0.8571428571428571,1.5555555555555556,2.0,0.0,3.0,-0.0,18.199311189751867,0.4
Mike Nugent,2014,4.0,1.0,1.0086206896551724,3.152,1.0,1.0,0.8333333333333334,1.6666666666666667,0.0,0.0,2.773584905660377,-0.5,15.93420559531555,0.1388888888888889
Mike Nugent,2015,3.92,0.92,1.0833333333333333,3.284,1.0,1.0,0.8333333333333334,1.5384615384615383,3.0,0.0,2.8888888888888884,-0.5,18.968017094017096,0.7435897435897436
Mike Nugent,2016,3.172,0.8518518518518519,0.7666666666666667,3.172,1.0,1.0,0.9,1.4285714285714286,3.0,0.0,2.611111111111111,-0.0,17.902201058201058,0.6111111111111112
Mike Nugent,2017,3.528,0.4230769230769231,0.4403669724770642,3.384,1.0,1.0,0.75,1.6,1.5,0.0,3.055555555555556,-1.0,15.680999451109544,0.2727272727272727
Mike Nugent,2018,3.2,0.2608695652173913,0.1981981981981982,4.0,1.0,1.0,1.0,2.0,3.0,0.0,2.8888888888888884,-0.0,18.54795665230448,0.6428571428571429
Mike Nugent,2019,3.752,0.217391304347826,0.2857142857142857,2.5,1.0,0.75,0.6666666666666666,0.0,3.0,0.0,2.055555555555556,-0.0,14.227327812284331,0.119047619047619
Mike Nugent,2020,4.0,0.28,0.2522522522522522,3.5,1.0,1.0,0.8,2.0,0.0,0.0,2.3454545454545457,-0.5,14.6777067977068,0.2653061224489796
Mike Prindle,1987,4.0,0.3529411764705882,0.2891566265060241,3.428,1.0,1.0,1.0,0.0,0.0,0.0,2.0999999999999996,-0.0,13.170097802976612,0.3666666666666666
Mike Scifres,2011,4.0,0.04,0.0508474576271186,4.0,1.0,1.0,1.0,2.0,0.0,0.0,2.264150943396227,-0.0,15.354998401023344,0.1842105263157894
Mike Vanderjagt,1998,4.0,1.2272727272727273,1.0505050505050506,3.484,1.0,1.0,1.0,1.7777777777777777,2.0,0.0,3.0576923076923075,-1.0,18.597247863247865,0.7837837837837838
Mike Vanderjagt,1999,4.0,1.4166666666666667,1.3679245283018868,3.58,1.0,1.0,0.8461538461538461,1.8181818181818183,1.5,0.0,3.1176470588235303,-0.5,19.14657391812775,0.8461538461538461
Mike Vanderjagt,2000,4.0,1.0416666666666667,1.1523809523809525,3.704,1.0,1.0,1.0,1.6666666666666667,0.0,0.0,2.8235294117647056,-0.0,17.38824369747899,0.6666666666666666
Mike Vanderjagt,2001,3.904,1.2173913043478262,1.2376237623762376,3.296,1.0,0.875,1.0,1.5,3.0,0.0,3.0588235294117645,-0.0,20.088838596135822,1.0
Mike Vanderjagt,2002,4.0,1.0,1.0,2.968,1.0,0.875,0.8571428571428571,1.0,0.75,0.0,3.1764705882352944,-0.0,16.62661344537815,0.5777777777777777
Mike Vanderjagt,2003,4.0,1.681818181818182,1.53921568627451,4.0,1.0,1.0,1.0,2.0,3.0,0.0,2.9411764705882355,-0.0,22.162210338680925,1.0
Mike Vanderjagt,2004,3.932,0.9090909090909092,1.19,3.2,1.0,1.0,0.8181818181818182,1.4285714285714286,3.0,0.0,2.764705882352941,-0.0,19.2425500381971,0.9047619047619048
Mike Vanderjagt,2005,4.0,0.9583333333333334,1.1415094339622642,3.68,1.0,1.0,0.8571428571428571,1.75,0.0,0.0,2.7692307692307696,-0.0,17.156216393669226,0.7111111111111111
Mike Vanderjagt,2006,4.0,0.5416666666666666,0.6728971962616822,2.888,1.0,0.8571428571428571,0.8333333333333334,0.5,0.0,2.0,2.8846153846153846,-0.0,16.177655438019926,0.2894736842105263
Mike Walker,1972,4.0,0.1,0.2210526315789473,1.0,1.0,1.0,0.5,0.0,0.0,0.0,2.2040816326530615,-0.5,9.525134264232008,0.125
Mike Wood,1979,3.58,1.0,0.948051948051948,2.476,1.0,1.0,0.75,0.6666666666666666,0.0,0.0,2.6808510638297873,-0.5,13.6015696785484,0.525
Mike Wood,1980,0.0,0.0,0.0,0.0,0.0,0.0,0.0,0.0,0.0,0.0,0.0,0.0,0.0,0.0277777777777777
Mike Wood,1981,3.516,0.5263157894736842,0.6344086021505376,2.224,1.0,0.6666666666666666,0.6,0.857142857142857,0.0,0.0,2.938775510204082,-0.5,12.463309425637828,0.2058823529411764
Mike Wood,1982,4.0,0.6,0.4705882352941176,2.4,1.0,0.0,0.6,1.3333333333333333,3.0,0.0,3.1875,-0.5,16.091421568627453,0.7368421052631579
Milt Plum,1958,4.0,0.0,0.0333333333333333,0.0,0.0,0.0,0.0,0.0,0.0,0.0,0.0,0.0,4.033333333333333,0.4090909090909091
Milt Plum,1959,0.0,0.0,0.0,0.0,0.0,0.0,0.0,0.0,0.0,0.0,0.0,0.0,0.0,0.32
Milt Plum,1960,0.0,0.0,0.0,0.0,0.0,0.0,0.0,0.0,0.0,0.0,0.0,0.0,0.0,0.3076923076923077
Milt Plum,1961,0.0,0.0,0.0,0.0,0.0,0.0,0.0,0.0,0.0,0.0,0.0,0.0,0.0,0.25
Milt Plum,1962,0.0,0.5555555555555556,0.2586206896551724,1.668,0.0,0.0,0.0,0.0,0.0,0.0,0.0,0.0,2.482176245210728,0.2608695652173913
Milt Plum,1963,4.0,0.1111111111111111,0.2962962962962963,1.0,0.0,0.0,0.0,0.0,0.0,0.0,0.0,0.0,5.4074074074074066,0.35
Milt Plum,1964,0.0,0.0,0.0,0.0,0.0,0.0,0.0,0.0,0.0,0.0,0.0,0.0,0.0,0.2272727272727272
Milt Plum,1965,0.0,0.0,0.0,0.0,0.0,0.0,0.0,0.0,0.0,0.0,0.0,0.0,0.0,0.2727272727272727
Milt Plum,1966,4.0,0.0,0.0129870129870129,0.0,0.0,0.0,0.0,0.0,0.0,0.0,0.0,0.0,4.012987012987013,0.2272727272727272
Milt Simington,1942,2.668,0.3333333333333333,0.217391304347826,4.0,0.0,0.0,0.0,0.0,0.0,0.0,0.0,0.0,7.218724637681159,0.851063829787234
Mirro Roder,1973,3.668,0.3809523809523809,0.3723404255319149,2.0,1.0,1.0,0.3333333333333333,1.1428571428571428,0.0,0.0,2.9375,-0.5,12.334983282674772,0.3823529411764705
Mirro Roder,1974,4.0,0.8181818181818182,0.6567164179104478,2.768,1.0,0.8,0.6,1.3333333333333333,0.0,0.0,2.8695652173913047,-0.5,14.345796786816903,0.6764705882352942
Mirro Roder,1975,0.0,0.0,0.0,0.0,0.0,0.0,0.0,0.0,0.0,0.0,0.0,0.0,0.0,0.0333333333333333
Mirro Roder,1976,0.0,0.0,0.0,0.0,1.0,1.0,0.0,0.0,0.0,0.0,0.0,-0.0,2.0,0.0303030303030303
Mitch Wishnowsky,2021,2.0,0.0,0.0083333333333333,0.0,1.0,1.0,0.0,0.0,0.0,0.0,0.0,-0.0,4.008333333333333,0.08
Mitch Wishnowsky,2022,2.0,0.0,0.008695652173913,0.0,1.0,1.0,0.0,0.0,0.0,0.0,0.0,-0.0,4.0086956521739125,0.0652173913043478
Mitch Wishnowsky,2023,0.0,0.0,0.0,0.0,0.0,0.0,0.0,0.0,0.0,0.0,0.0,0.0,0.0,0.0465116279069767
Mitch Wishnowsky,2024,0.0,0.0384615384615384,0.0267857142857142,4.0,1.0,1.0,1.0,2.0,3.0,0.0,1.368421052631579,-0.0,13.43366830537883,0.0227272727272727
Momcilo Gavric,1969,3.668,0.2727272727272727,0.5,1.092,1.0,0.6666666666666666,0.5,0.0,0.0,0.0,2.526315789473684,0.0,10.225709728867624,0.3181818181818182
Morten Andersen,1982,4.0,0.2,0.2352941176470588,1.6,1.0,1.0,1.0,0.6666666666666666,0.0,0.0,2.8125,-0.0,12.514460784313725,0.3421052631578947
Morten Andersen,1983,3.896,1.0,0.9191919191919192,3.0,1.0,1.0,0.75,0.6666666666666666,2.25,0.0,3.0588235294117645,-0.5,17.04068211527035,0.7142857142857143
Morten Andersen,1984,4.0,1.0,0.94,2.964,1.0,1.0,0.8,1.0,2.0,0.0,3.0576923076923075,-0.0,17.761692307692307,0.8
Morten Andersen,1985,3.724,1.4090909090909092,1.188118811881188,3.544,1.0,0.8,0.9285714285714286,1.8333333333333333,2.25,0.0,3.235294117647059,-0.5,19.41240860052392,1.0
Morten Andersen,1986,4.0,1.368421052631579,1.148936170212766,3.468,1.0,1.0,0.8571428571428571,2.0,1.2000000000000002,0.0,3.1176470588235303,-0.5,18.660147138810732,0.9743589743589745
Morten Andersen,1987,4.0,1.6470588235294117,1.4578313253012047,3.112,1.0,1.0,1.0,1.3333333333333333,1.0,0.0,3.12,-0.0,18.67022348216395,0.95
Morten Andersen,1988,3.88,1.3,1.134020618556701,2.888,1.0,0.9166666666666666,0.7272727272727273,1.25,0.75,0.0,3.06,-1.0,15.905960012496092,0.7692307692307693
Morten Andersen,1989,3.912,0.9523809523809524,1.0947368421052632,2.76,1.0,0.875,0.9090909090909092,1.0,0.0,0.0,2.94,-0.0,15.443208703577126,0.4166666666666667
Morten Andersen,1990,4.0,1.05,1.0,3.112,1.0,1.0,0.8333333333333334,1.3333333333333333,2.25,0.0,3.12,-0.0,18.698666666666668,0.96875
Morten Andersen,1991,4.0,1.1904761904761905,1.1770833333333333,3.124,1.0,1.0,0.8461538461538461,1.3333333333333333,1.5,0.0,3.461538461538461,-1.5,17.132585164835167,0.6363636363636364
Morten Andersen,1992,3.884,1.5263157894736843,1.2903225806451613,3.412,1.0,1.0,0.8,1.4545454545454546,3.0,0.0,3.0,-0.0,20.367183824664306,1.0
Morten Andersen,1993,4.0,1.12,1.1142857142857143,3.2,1.0,1.0,1.0,1.5714285714285714,0.6000000000000001,0.0,3.169811320754717,-0.0,17.775525606469003,0.6666666666666666
Morten Andersen,1994,4.0,1.2727272727272727,1.183673469387755,2.872,1.0,1.0,0.7857142857142857,1.6,0.0,0.0,2.88,-0.0,16.594115027829314,0.5151515151515151
Morten Andersen,1995,3.868,1.2916666666666667,1.1192660550458715,3.352,1.0,1.0,1.0,0.75,2.6666666666666665,0.0,3.4705882352941173,-0.5,19.01818762367332,0.9444444444444444
Morten Andersen,1996,4.0,0.9166666666666666,0.8981481481481481,3.036,1.0,1.0,0.8181818181818182,1.75,0.6000000000000001,0.0,3.24,-0.5,16.758996632996634,0.5454545454545454
Morten Andersen,1997,4.0,0.9583333333333334,0.97196261682243,3.408,1.0,1.0,1.0,1.0,2.0,0.0,3.1730769230769234,-0.0,18.511372873232688,0.8285714285714286
Morten Andersen,1998,3.924,1.0454545454545454,1.2121212121212122,3.284,0.0,0.8888888888888888,1.0,1.3333333333333333,3.0,0.0,3.0576923076923075,-0.0,18.745490287490288,0.8108108108108109
Morten Andersen,1999,4.0,0.625,0.7452830188679245,2.856,1.0,1.0,0.625,1.3333333333333333,0.0,0.0,2.8823529411764706,-0.5,14.56696929337773,0.358974358974359
Morten Andersen,2000,4.0,1.0416666666666667,0.9333333333333332,3.224,1.0,1.0,0.8571428571428571,1.4666666666666666,3.0,0.0,3.0,-0.0,19.522809523809528,0.9047619047619048
Morten Andersen,2001,3.868,1.0,0.9702970297029704,3.284,1.0,1.0,0.875,1.7142857142857142,3.0,0.0,3.0,-0.0,19.71158274398869,0.951219512195122
Morten Andersen,2002,4.0,0.9565217391304348,1.135922330097087,3.384,1.0,1.0,1.0,1.1111111111111112,3.0,0.0,2.9411764705882355,-1.0,18.52873165092687,0.8888888888888888
Morten Andersen,2003,3.932,0.7272727272727273,1.03921568627451,3.2,1.0,1.0,1.0,1.25,2.0,0.0,2.8823529411764706,-0.5,17.53084135472371,0.7619047619047619
Morten Andersen,2004,4.0,0.8181818181818182,0.99,3.272,1.0,1.0,0.7142857142857143,1.3333333333333333,1.7999999999999998,0.0,2.8235294117647056,-0.0,17.75133027756557,0.6428571428571429
Morten Andersen,2005,0.0,0.0,0.0,0.0,0.0,0.0,0.0,0.0,0.0,0.0,0.0,0.0,0.0,0.0444444444444444
Morten Andersen,2006,4.0,0.8333333333333334,0.8130841121495327,3.48,1.0,0.875,1.0,1.75,0.0,0.0,2.5961538461538463,-0.0,16.34757129163671,0.3157894736842105
Morten Andersen,2007,4.0,1.0416666666666667,0.8761061946902655,3.572,1.0,1.0,1.0,1.1428571428571428,0.0,0.0,2.7115384615384617,-0.0,16.34416846575254,0.375
Nate Freese,2014,4.0,0.1153846153846153,0.1293103448275862,1.716,1.0,1.0,1.0,0.0,0.0,0.0,1.69811320754717,-0.0,10.658808167759371,0.0
Nate Kaeding,2004,3.928,0.9090909090909092,1.14,3.2,1.0,0.8181818181818182,1.0,1.6666666666666667,0.0,0.0,3.1176470588235303,-0.0,16.779586452762924,0.4523809523809524
Nate Kaeding,2005,4.0,0.875,1.0566037735849056,3.5,1.0,1.0,1.0,1.4545454545454546,0.0,0.0,2.826923076923077,-1.0,15.713072305053435,0.4444444444444444
Nate Kaeding,2006,4.0,1.0833333333333333,1.2710280373831775,3.588,1.0,1.0,0.9166666666666666,1.5555555555555556,3.0,0.0,3.115384615384615,-0.0,20.529968208323343,0.9736842105263158
Nate Kaeding,2007,4.0,1.0,1.0442477876106195,3.556,1.0,1.0,0.8333333333333334,1.75,1.5,0.0,2.9423076923076925,-1.0,17.625888813251645,0.7
Nate Kaeding,2008,4.0,1.0,1.0672268907563025,3.376,1.0,1.0,1.0,0.75,1.5,0.0,3.2264150943396226,-0.0,17.919641985095925,0.6341463414634146
Nate Kaeding,2009,3.92,1.3333333333333333,1.46,3.656,1.0,1.0,1.0,1.5,1.0,0.0,3.1730769230769234,-0.5,18.542410256410257,0.8372093023255814
Nate Kaeding,2010,4.0,0.9583333333333334,1.028301886792453,3.284,1.0,1.0,0.875,1.8,2.0,0.0,2.830188679245283,-0.0,18.77582389937107,0.7954545454545454
Nate Kaeding,2011,0.0,0.0,0.0,0.0,0.0,0.0,0.0,0.0,0.0,0.0,0.0,0.0,0.0,0.0526315789473684
Nate Kaeding,2012,4.0,0.3076923076923077,0.2869565217391304,3.2,1.0,1.0,0.8,1.3333333333333333,0.0,0.0,2.547169811320755,-0.5,13.975151974085527,0.0555555555555555
Ndamukong Suh,2010,0.0,0.0,0.0,0.0,1.0,1.0,0.0,0.0,0.0,0.0,0.0,-0.0,2.0,0.0454545454545454
Neil O'Donoghue,1977,3.2,0.1538461538461538,0.1639344262295081,1.332,1.0,0.5,0.5,0.0,0.0,0.0,1.9148936170212767,-0.0,8.764674197096939,0.1621621621621621
Neil O'Donoghue,1978,3.448,0.9285714285714286,0.8648648648648649,2.26,1.0,1.0,0.3333333333333333,1.0,0.0,0.0,3.127659574468085,-0.5,13.462429201237711,0.4324324324324324
Neil O'Donoghue,1979,3.428,0.8461538461538461,0.8181818181818182,2.316,1.0,0.75,0.5555555555555556,0.8,0.0,0.0,2.808510638297873,-0.0,13.322401858189092,0.475
Neil O'Donoghue,1980,4.0,0.6875,0.6144578313253012,2.932,1.0,1.0,0.75,1.25,0.0,0.0,2.6875,-0.0,14.9214578313253,0.6388888888888888
Neil O'Donoghue,1981,3.892,1.0,1.0,2.376,1.0,1.0,0.6666666666666666,0.909090909090909,0.0,0.0,2.8775510204081627,-0.0,14.721308596165736,0.5588235294117647
Neil O'Donoghue,1982,3.752,0.8,0.7647058823529411,2.46,1.0,0.6666666666666666,1.0,0.6666666666666666,0.0,0.0,3.0,-0.0,14.110039215686273,0.4736842105263157
Neil O'Donoghue,1983,3.828,0.8333333333333334,0.9090909090909092,2.144,0.0,0.6666666666666666,0.375,1.2,2.0,0.0,3.0588235294117645,-0.0,15.014914438502672,0.4571428571428571
Neil O'Donoghue,1984,3.764,1.15,1.17,2.628,1.0,1.0,0.7777777777777778,1.0,1.0,0.0,3.0,-0.5,15.989777777777778,0.5428571428571428
Neil O'Donoghue,1985,4.0,0.4545454545454545,0.4851485148514851,2.224,1.0,0.6,0.6666666666666666,1.0,0.0,0.0,2.8823529411764706,-0.0,13.312713577240077,0.358974358974359
Neil Rackers,2000,4.0,0.5,0.5428571428571428,2.284,1.0,1.0,0.5555555555555556,0.5714285714285714,0.0,0.0,2.6470588235294117,-1.0,12.10090009337068,0.119047619047619
Neil Rackers,2001,3.832,0.7391304347826086,0.7326732673267327,2.428,1.0,0.6666666666666666,0.7272727272727273,0.8888888888888888,1.5,0.0,3.0588235294117645,-0.0,15.573455514349387,0.4390243902439024
Neil Rackers,2002,3.752,0.6521739130434783,0.7281553398058253,3.332,1.0,1.0,1.0,1.2,1.2000000000000002,0.0,3.1764705882352944,-1.0,16.040799841084596,0.5333333333333333
Neil Rackers,2003,4.0,0.4090909090909091,0.3431372549019608,3.0,1.0,1.0,0.25,2.0,0.0,0.0,2.8823529411764706,-0.0,14.88458110516934,0.2619047619047619
Neil Rackers,2004,4.0,1.0,0.94,3.036,1.0,1.0,0.7142857142857143,1.7142857142857142,0.0,0.0,3.235294117647059,-0.0,16.639865546218484,0.4285714285714285
Neil Rackers,2005,4.0,1.6666666666666667,1.320754716981132,3.808,1.0,1.0,1.0,1.8571428571428572,1.7999999999999998,0.0,3.115384615384615,-0.5,20.06794885617527,0.9777777777777776
Neil Rackers,2006,4.0,1.1666666666666667,1.0841121495327102,3.028,1.0,1.0,1.0,1.4,3.0,0.0,2.8846153846153846,-0.0,19.56339420081476,0.8947368421052632
Neil Rackers,2007,3.916,0.875,0.9734513274336284,2.8,1.0,1.0,0.75,1.6666666666666667,3.0,0.0,3.0,-0.0,18.981117994100295,0.925
Neil Rackers,2008,4.0,0.925925925925926,1.0,3.572,1.0,1.0,0.8181818181818182,2.0,3.0,0.0,3.0566037735849063,-0.5,19.872711517692657,1.0
Neil Rackers,2009,3.896,0.6666666666666666,0.85,3.764,1.0,1.0,1.0,1.7142857142857142,1.5,0.0,2.7692307692307696,-0.0,18.160183150183148,0.7441860465116279
Neil Rackers,2010,4.0,1.125,1.169811320754717,3.6,1.0,1.0,1.0,1.4285714285714286,2.25,0.0,3.2264150943396226,-0.0,19.79979784366577,0.9772727272727272
Neil Rackers,2011,3.9,1.28,1.1440677966101696,3.368,1.0,1.0,0.9090909090909092,1.0,2.25,1.0,3.0566037735849063,-1.0,18.907762479285985,0.8421052631578947
Nick Basca,1941,4.0,0.3333333333333333,0.6,2.0,0.0,0.0,0.0,0.0,0.0,0.0,0.0,0.0,6.933333333333333,0.7727272727272727
Nick Bolkovac,1953,3.856,0.4444444444444444,0.6842105263157895,1.332,0.0,0.0,0.0,0.0,0.0,0.0,0.0,0.0,6.316654970760234,0.5833333333333334
Nick Bolkovac,1954,4.0,0.375,0.2222222222222222,3.0,0.0,0.0,0.0,0.0,0.0,0.0,0.0,0.0,7.597222222222222,0.7037037037037037
Nick Folk,2007,4.0,1.0833333333333333,1.15929203539823,3.356,1.0,0.8333333333333334,1.0,2.0,0.0,0.0,3.0576923076923075,-0.0,17.489651009757203,0.65
Nick Folk,2008,4.0,0.7407407407407407,0.8571428571428571,3.636,1.0,1.0,0.875,1.8181818181818183,3.0,0.0,2.943396226415094,-0.5,19.37046164248051,0.8780487804878049
Nick Folk,2009,4.0,0.75,0.9,2.572,1.0,0.8333333333333334,0.8571428571428571,0.8333333333333334,0.75,0.0,2.9423076923076925,-0.0,15.43811721611722,0.3720930232558139
Nick Folk,2010,4.0,1.25,1.19811320754717,3.076,1.0,0.9090909090909092,0.875,1.0,1.5,0.0,3.169811320754717,-0.5,17.4780154373928,0.5454545454545454
Nick Folk,2011,4.0,0.76,0.8559322033898306,3.04,1.0,0.8333333333333334,1.0,1.4285714285714286,2.5,0.0,2.8867924528301887,-0.0,18.304629418124783,0.6578947368421053
Nick Folk,2012,4.0,0.8076923076923077,0.808695652173913,3.112,1.0,0.875,0.75,1.4285714285714286,1.5,0.0,3.0566037735849063,-0.0,17.338563162022556,0.2777777777777778
Nick Folk,2013,4.0,1.2692307692307692,1.0677966101694916,3.668,1.0,1.0,0.9090909090909092,1.7142857142857142,0.6000000000000001,0.0,3.0,-0.5,17.728404002776884,0.2857142857142857
Nick Folk,2014,4.0,1.2307692307692308,1.0258620689655171,3.284,1.0,1.0,1.0,1.3846153846153846,1.7142857142857142,0.0,3.1132075471698113,-1.5,17.252739945805658,0.3611111111111111
Nick Folk,2015,4.0,0.52,0.5370370370370371,3.248,1.0,1.0,1.0,1.0,3.0,0.0,3.055555555555556,-0.5,17.860592592592592,0.4615384615384615
Nick Folk,2016,3.692,1.0,0.875,3.484,1.0,0.9230769230769232,0.9090909090909092,2.0,0.0,0.0,2.833333333333333,-0.0,16.716501165501164,0.3611111111111111
Nick Folk,2017,3.112,0.2307692307692307,0.2293577981651376,2.18,1.0,1.0,0.5,0.8,0.0,0.0,2.777777777777778,-0.0,11.829904806712149,0.1363636363636363
Nick Folk,2018,0.0,0.0,0.0,0.0,0.0,0.0,0.0,0.0,0.0,0.0,0.0,0.0,0.0,0.0238095238095238
Nick Folk,2019,4.0,0.6086956521739131,0.5142857142857142,3.296,1.0,1.0,1.0,1.1428571428571428,0.0,0.0,2.833333333333333,-0.0,15.395171842650104,0.2142857142857142
Nick Folk,2020,3.636,1.04,0.972972972972973,3.716,1.0,1.0,1.0,1.8333333333333333,3.0,2.0,2.7818181818181817,-0.0,21.98012448812449,1.0
Nick Folk,2021,3.576,1.3846153846153846,1.25,3.692,1.0,1.0,1.0,2.0,2.571428571428571,0.0,2.8909090909090907,-0.0,20.364953046953048,0.94
Nick Folk,2022,3.656,1.1851851851851851,1.1130434782608696,3.46,1.0,1.0,1.0,1.4285714285714286,2.0,0.0,2.8928571428571432,-0.0,18.735657234874623,0.6521739130434783
Nick Folk,2023,3.6,1.0,0.95,3.868,1.0,1.0,1.0,2.0,1.0,0.0,2.8392857142857144,-0.5,17.757285714285715,0.3953488372093023
Nick Folk,2024,4.0,0.807692307692308,0.785714285714286,3.82,1.0,1.0,1.0,1.7777777777777777,3.0,0.0,2.947368421052631,-0.0,20.138552792237004,0.8863636363636364
Nick Lowery,1978,4.0,0.0,0.0945945945945946,0.0,1.0,1.0,0.0,0.0,0.0,0.0,0.0,-0.0,6.094594594594595,0.1081081081081081
Nick Lowery,1979,0.0,0.0,0.0,0.0,0.0,0.0,0.0,0.0,0.0,0.0,0.0,0.0,0.0,0.025
Nick Lowery,1980,4.0,1.25,1.1686746987951808,3.076,1.0,1.0,0.7777777777777778,1.5,1.7142857142857142,0.0,3.5625,-0.5,18.549238190858674,0.9722222222222222
Nick Lowery,1981,3.896,1.368421052631579,1.2365591397849462,2.888,1.0,1.0,0.8666666666666667,1.5555555555555556,0.4285714285714284,0.0,3.183673469387755,-0.0,17.423447312597933,0.8823529411764706
Nick Lowery,1982,4.0,1.9,1.4509803921568627,3.168,1.0,1.0,1.0,1.6,0.0,0.0,2.9375,-0.0,18.056480392156864,0.9473684210526316
Nick Lowery,1983,3.912,1.3333333333333333,1.1717171717171715,3.2,1.0,1.0,1.0,1.4285714285714286,1.5,0.0,3.4117647058823533,-0.0,18.95738663950429,0.9142857142857144
Nick Lowery,1984,4.0,1.15,1.04,2.788,1.0,1.0,0.5454545454545454,1.6,1.2000000000000002,0.0,3.0,-0.5,16.823454545454545,0.6857142857142857
Nick Lowery,1985,4.0,1.0909090909090908,1.0594059405940597,3.556,1.0,1.0,0.9090909090909092,2.0,1.7999999999999998,0.0,3.4117647058823533,-1.5,18.32717064647641,0.8974358974358975
Nick Lowery,1986,4.0,1.0,1.0638297872340423,2.924,1.0,0.8333333333333334,1.0,1.2307692307692308,0.0,0.0,2.764705882352941,-1.0,14.816638233689549,0.4615384615384615
Nick Lowery,1987,4.0,1.1176470588235294,1.0,3.304,1.0,1.0,0.8,1.3333333333333333,3.0,0.0,3.24,-0.5,19.294980392156862,1.0
Nick Lowery,1988,4.0,1.35,1.0721649484536082,3.376,1.0,0.875,0.8181818181818182,1.6,3.0,0.0,3.06,-0.0,20.151346766635424,1.0
Nick Lowery,1989,3.884,1.1428571428571428,1.1157894736842104,2.908,1.0,1.0,0.7142857142857143,1.3333333333333333,1.0,0.0,3.0,-0.5,16.5982656641604,0.6666666666666666
Nick Lowery,1990,3.896,1.7,1.5108695652173914,3.676,1.0,1.0,0.9545454545454546,1.7142857142857142,0.0,0.0,2.88,-0.0,18.33170073404856,0.875
Nick Lowery,1991,4.0,1.1904761904761905,1.1458333333333333,3.332,1.0,1.0,1.0,1.1428571428571428,0.0,0.0,2.7692307692307696,-0.0,16.580397435897435,0.5151515151515151
Nick Lowery,1992,4.0,1.1578947368421053,1.1290322580645162,3.668,1.0,0.9,1.0,1.5,3.0,0.0,3.0,-0.0,20.35492699490662,0.96875
Nick Lowery,1993,4.0,0.92,1.0095238095238095,3.172,1.0,1.0,0.7777777777777778,1.2727272727272727,3.0,0.0,2.943396226415094,-0.0,19.095425086443957,0.9333333333333332
Nick Lowery,1994,3.852,0.9090909090909092,0.8775510204081632,3.48,1.0,1.0,0.8571428571428571,1.5,0.0,0.0,2.94,-0.5,15.915784786641929,0.3939393939393939
Nick Lowery,1995,4.0,0.7083333333333334,0.6880733944954128,3.24,1.0,1.0,0.8,2.0,1.5,0.0,2.9411764705882355,-0.0,17.877583198416982,0.7777777777777778
Nick Lowery,1996,3.852,0.7083333333333334,0.7129629629629629,2.832,1.0,1.0,0.8571428571428571,0.5,0.0,0.0,2.76,-1.0,13.222439153439153,0.1212121212121212
Nick Mike-Mayer,1973,4.0,1.238095238095238,1.1914893617021276,2.736,1.0,0.7,0.6666666666666666,1.1666666666666667,1.5,0.0,3.25,-0.5,16.948917933130698,0.9411764705882352
Nick Mike-Mayer,1974,4.0,0.8181818181818182,0.582089552238806,2.248,1.0,0.5,1.0,0.6666666666666666,0.0,0.0,3.065217391304348,-0.5,13.380155428391635,0.5294117647058824
Nick Mike-Mayer,1975,3.636,0.3076923076923077,0.5316455696202531,1.6,1.0,1.0,0.0,0.5,0.0,0.0,2.75,-1.5,9.82533787731256,0.1333333333333333
Nick Mike-Mayer,1976,4.0,0.6666666666666666,0.6756756756756757,1.904,1.0,0.5,0.2,1.0,0.0,0.0,2.875,-1.5,11.32134234234234,0.2121212121212121
Nick Mike-Mayer,1977,4.0,0.7692307692307693,0.7213114754098361,1.82,1.0,0.8,0.4444444444444444,0.5714285714285714,0.0,0.0,2.808510638297873,-0.5,12.434925898811494,0.4054054054054054
Nick Mike-Mayer,1978,3.82,0.5714285714285714,0.6081081081081081,1.884,1.0,1.0,0.4285714285714285,0.0,0.0,0.0,2.4893617021276597,-1.0,10.801469810235767,0.1891891891891892
Nick Mike-Mayer,1979,3.776,1.5384615384615383,1.0,2.76,1.0,1.0,0.8,0.7272727272727272,0.0,0.0,2.6808510638297873,-0.0,15.282585329564052,0.675
Nick Mike-Mayer,1980,3.796,0.8125,0.9156626506024096,2.26,1.0,1.0,0.4444444444444444,1.1111111111111112,0.0,0.0,3.0625,-1.5,12.902218206157965,0.3055555555555556
Nick Mike-Mayer,1981,4.0,0.7368421052631579,0.8494623655913979,2.332,1.0,0.6666666666666666,0.7142857142857143,1.0,0.0,0.0,2.816326530612245,-0.5,13.615583382419178,0.4117647058823529
Nick Mike-Mayer,1982,3.2,0.1,0.1372549019607843,1.0,1.0,0.5,0.25,0.0,0.0,0.0,1.3125,-0.0,7.499754901960784,0.1578947368421052
Nick Novak,2005,4.0,0.3333333333333333,0.3679245283018867,3.2,1.0,1.0,0.7142857142857143,2.0,0.0,0.0,2.307692307692308,-1.0,13.92323588361324,0.2888888888888888
Nick Novak,2006,4.0,0.2083333333333333,0.2336448598130841,2.0,1.0,1.0,0.3333333333333333,1.0,0.0,0.0,2.7115384615384617,-0.0,12.486849988018212,0.1052631578947368
Nick Novak,2007,0.0,0.0,0.0,0.0,0.0,0.0,0.0,0.0,0.0,0.0,0.0,0.0,0.0,0.05
Nick Novak,2008,4.0,0.2222222222222222,0.2100840336134453,2.4,1.0,1.0,0.3333333333333333,1.3333333333333333,0.0,0.0,2.4339622641509435,-0.0,12.93293518665328,0.1219512195121951
Nick Novak,2009,0.0,0.0,0.0,0.0,0.0,0.0,0.0,0.0,0.0,0.0,0.0,0.0,0.0,0.0697674418604651
Nick Novak,2010,0.0,0.0,0.0,0.0,0.0,0.0,0.0,0.0,0.0,0.0,0.0,0.0,0.0,0.0227272727272727
Nick Novak,2011,3.904,1.08,1.0338983050847457,3.176,1.0,1.0,0.8,1.4545454545454546,3.0,0.0,3.0,-0.0,19.4484437596302,0.9473684210526316
Nick Novak,2012,4.0,0.6923076923076923,0.7565217391304347,3.6,1.0,1.0,1.0,2.0,1.5,0.0,2.8867924528301887,-0.0,18.435621884268315,0.5277777777777778
Nick Novak,2013,4.0,1.3076923076923077,1.2203389830508475,3.676,1.0,1.0,0.8125,2.0,2.0,0.0,2.777777777777778,-0.5,19.294309068520935,0.6857142857142857
Nick Novak,2014,4.0,0.8461538461538461,0.913793103448276,3.384,1.0,1.0,0.8888888888888888,1.3333333333333333,0.0,0.0,2.943396226415094,-0.0,16.30956539823944,0.1944444444444444
Nick Novak,2015,3.74,0.72,0.7685185185185185,3.428,1.0,1.0,1.0,2.0,1.2000000000000002,0.0,2.833333333333333,-0.0,17.68985185185185,0.4102564102564102
Nick Novak,2016,3.52,1.2962962962962965,1.0583333333333331,3.416,1.0,1.0,1.0,1.4545454545454546,1.5,0.0,2.9444444444444446,-0.0,18.18961952861953,0.6388888888888888
Nick Novak,2017,3.776,0.3461538461538461,0.4036697247706422,2.768,1.0,1.0,0.8,0.0,1.5,0.0,2.777777777777778,-0.5,13.871601348702267,0.1590909090909091
Nick Rose,2017,3.54,0.4230769230769231,0.5137614678899083,3.144,1.0,1.0,0.75,1.0,1.5,0.0,3.055555555555556,-0.5,15.426393946522388,0.2272727272727272
Nick Sciba,2022,4.0,0.074074074074074,0.0608695652173913,4.0,1.0,1.0,1.0,2.0,0.0,0.0,2.0357142857142856,-0.0,15.170657925005752,0.2608695652173913
Nick Scollard,1946,3.5,0.0,0.525,0.0,0.0,0.0,0.0,0.0,0.0,0.0,0.0,0.0,4.025,0.4
Nick Scollard,1947,4.0,0.1666666666666666,0.1041666666666666,1.0,0.0,0.0,0.0,0.0,0.0,0.0,0.0,0.0,5.270833333333334,0.4782608695652174
Nick Scollard,1948,4.0,0.4,0.3181818181818182,2.668,0.0,0.0,0.0,0.0,0.0,0.0,0.0,0.0,7.386181818181819,0.782608695652174
Nick Scollard,1949,3.428,0.6,0.5869565217391305,1.2,0.0,0.0,0.0,0.0,0.0,0.0,0.0,0.0,5.814956521739131,0.3529411764705882
Norb Hecker,1951,0.0,0.0,0.0,0.0,0.0,0.0,0.0,0.0,0.0,0.0,0.0,0.0,0.0,0.2608695652173913
Norb Hecker,1952,0.0,0.0,0.0,0.0,0.0,0.0,0.0,0.0,0.0,0.0,0.0,0.0,0.0,0.2258064516129032
Norb Hecker,1953,0.0,0.0,0.0,0.0,0.0,0.0,0.0,0.0,0.0,0.0,0.0,0.0,0.0,0.25
Norb Hecker,1954,0.0,0.0,0.0,0.0,0.0,0.0,0.0,0.0,0.0,0.0,0.0,0.0,0.0,0.1111111111111111
Norb Hecker,1955,4.0,0.0,0.0363636363636363,0.0,0.0,0.0,0.0,0.0,0.0,0.0,0.0,0.0,4.036363636363636,0.44
Norm Johnson,1982,3.716,1.0,0.8431372549019608,2.856,1.0,0.75,0.8333333333333334,1.3333333333333333,0.0,0.0,3.0,-0.0,15.331803921568628,0.6052631578947368
Norm Johnson,1983,3.92,1.0,1.0404040404040404,2.88,1.0,1.0,0.5714285714285714,1.6,1.0,0.0,3.1764705882352944,-0.0,17.188303200067907,0.7714285714285715
Norm Johnson,1984,3.92,1.0,1.1,3.332,1.0,0.9,1.0,1.7142857142857142,1.0,0.0,2.8846153846153846,-0.5,17.350901098901097,0.7714285714285715
Norm Johnson,1985,3.904,0.6363636363636364,0.8118811881188119,2.24,1.0,1.0,0.7777777777777778,0.25,1.0,0.0,3.0,-0.0,14.620022602260228,0.4871794871794871
Norm Johnson,1986,4.0,1.1578947368421053,1.148936170212766,2.516,1.0,0.75,0.8888888888888888,0.5454545454545454,2.142857142857143,0.0,3.1764705882352944,-0.5,16.826502072490744,0.8205128205128205
Norm Johnson,1987,4.0,0.8823529411764706,1.0240963855421688,3.0,1.0,1.0,0.5714285714285714,1.6,0.0,0.0,2.94,-0.5,15.517877898147212,0.7166666666666667
Norm Johnson,1988,4.0,1.1,1.0824742268041236,3.144,1.0,1.0,0.7777777777777778,1.4285714285714286,0.0,0.0,2.82,-0.5,15.852823433153327,0.717948717948718
Norm Johnson,1989,4.0,0.7142857142857143,0.7578947368421053,2.4,1.0,0.8571428571428571,0.75,1.0,0.6000000000000001,0.0,3.0,-1.0,14.079323308270675,0.3055555555555556
Norm Johnson,1990,3.884,1.15,1.108695652173913,2.876,1.0,1.0,0.5714285714285714,1.6666666666666667,1.0,0.0,3.06,-0.0,17.31679089026915,0.75
Norm Johnson,1991,3.896,0.9047619047619048,0.9895833333333334,3.304,1.0,1.0,1.0,1.25,1.5,0.0,2.8846153846153846,-0.0,17.728960622710623,0.7575757575757576
Norm Johnson,1992,4.0,0.9473684210526316,1.0,3.272,1.0,1.0,0.8,1.1428571428571428,3.0,0.0,3.115384615384615,-0.0,19.277610179294392,0.90625
Norm Johnson,1993,4.0,1.04,1.0666666666666669,3.852,1.0,1.0,0.9,2.0,3.0,0.0,3.0566037735849063,-0.0,20.915270440251575,1.0
Norm Johnson,1994,4.0,0.9545454545454546,0.9693877551020408,3.36,1.0,1.0,1.0,2.0,0.6000000000000001,0.0,3.0,-0.0,17.883933209647495,0.8181818181818182
Norm Johnson,1995,4.0,1.4166666666666667,1.2935779816513762,3.316,1.0,1.0,0.875,1.2307692307692308,3.0,0.0,2.9411764705882355,-0.0,20.07319034967551,1.0
Norm Johnson,1996,4.0,0.9583333333333334,0.9814814814814816,3.068,1.0,0.8333333333333334,0.8,1.4285714285714286,0.0,0.0,2.94,-1.5,14.50971957671958,0.1818181818181818
Norm Johnson,1997,4.0,0.9166666666666666,0.9906542056074766,3.52,1.0,1.0,1.0,1.5,1.5,0.0,3.0,-1.0,17.427320872274144,0.5714285714285714
Norm Johnson,1998,4.0,1.181818181818182,1.0,3.356,1.0,1.0,1.0,1.5714285714285714,0.0,0.0,2.826923076923077,-0.0,16.93616983016983,0.5135135135135135
Norm Johnson,1999,4.0,0.75,0.7452830188679245,2.88,1.0,0.8888888888888888,0.625,1.6666666666666667,0.0,0.0,2.8823529411764706,-1.0,14.438191515599952,0.3333333333333333
Novo Bojovic,1985,3.668,0.1363636363636363,0.198019801980198,1.716,1.0,1.0,0.5,1.3333333333333333,0.0,0.0,2.4705882352941178,-0.0,12.022305006971289,0.2564102564102564
Obed Ariri,1984,3.8,0.95,0.95,2.924,1.0,1.0,0.8571428571428571,1.2,0.0,0.0,2.826923076923077,-0.0,15.508065934065934,0.4285714285714285
Obed Ariri,1985,0.0,0.0,0.0,0.0,0.0,0.0,0.0,0.0,0.0,0.0,0.0,0.0,0.0,0.1538461538461538
Obed Ariri,1986,0.0,0.0,0.0,0.0,0.0,0.0,0.0,0.0,0.0,0.0,0.0,0.0,0.0,0.0769230769230769
Obed Ariri,1987,4.0,0.1764705882352941,0.180722891566265,2.4,1.0,1.0,1.0,0.0,0.0,0.0,2.34,-0.0,12.09719347980156,0.2666666666666666
Ola Kimrin,2004,4.0,0.2727272727272727,0.24,2.4,1.0,1.0,0.6666666666666666,0.6666666666666666,0.0,0.0,2.4117647058823533,-0.5,12.157825311942958,0.119047619047619
Olindo Mare,1997,4.0,1.1666666666666667,1.0934579439252337,3.112,1.0,0.9333333333333332,0.8,1.0,1.0,0.0,2.8846153846153846,-1.5,15.490073328540618,0.2857142857142857
Olindo Mare,1998,3.884,1.0,1.0,3.26,1.0,0.9230769230769232,1.0,1.4285714285714286,0.0,0.0,2.7692307692307696,-0.5,15.764879120879122,0.3783783783783784
Olindo Mare,1999,4.0,1.625,1.3584905660377358,3.392,1.0,1.0,1.0,1.2857142857142858,1.7999999999999998,0.0,3.1764705882352944,-0.0,19.637675439987316,0.9487179487179488
Olindo Mare,2000,3.884,1.1666666666666667,1.1142857142857143,3.612,1.0,0.875,0.9,1.8461538461538465,1.0,0.0,2.8823529411764706,-0.0,18.280459168282697,0.7380952380952381
Olindo Mare,2001,3.9,0.8260869565217391,0.9504950495049505,3.62,1.0,1.0,1.0,1.0,2.0,0.0,2.7058823529411766,-0.5,17.502464358967867,0.6585365853658537
Olindo Mare,2002,3.908,1.0434782608695652,1.1067961165048543,3.096,1.0,0.9285714285714286,0.6666666666666666,1.2727272727272727,1.5,0.0,3.1176470588235303,-0.0,17.639886804163318,0.7111111111111111
Olindo Mare,2003,3.884,1.0,0.9705882352941176,3.036,1.0,1.0,0.5,1.5,0.0,0.0,3.0588235294117645,-0.5,15.449411764705882,0.4285714285714285
Olindo Mare,2004,4.0,0.5454545454545454,0.54,3.0,1.0,0.5,0.8571428571428571,1.5,3.0,0.0,3.0,-0.5,17.442597402597404,0.5476190476190477
Olindo Mare,2005,4.0,1.0416666666666667,1.018867924528302,3.332,1.0,0.9,0.75,2.0,1.5,0.0,3.0576923076923075,-0.0,18.60022689888728,0.8888888888888888
Olindo Mare,2006,4.0,1.0833333333333333,0.9345794392523364,2.888,1.0,1.0,0.75,1.5,0.0,0.0,3.0,-0.5,15.655912772585667,0.2105263157894736
Olindo Mare,2007,4.0,0.4166666666666667,0.5663716814159292,2.352,1.0,0.8,0.75,1.3333333333333333,0.0,0.0,3.0,-0.5,13.718371681415933,0.2
Olindo Mare,2008,4.0,0.8888888888888888,0.8571428571428571,3.556,1.0,1.0,0.9,1.6666666666666667,0.0,0.0,2.8867924528301887,-0.0,16.7554908655286,0.4146341463414634
Olindo Mare,2009,4.0,1.0,1.0,3.692,1.0,1.0,0.9090909090909092,1.6666666666666667,0.0,0.0,2.7115384615384617,-0.0,16.979296037296038,0.5116279069767442
Olindo Mare,2010,4.0,1.0416666666666667,1.0,3.332,1.0,0.8333333333333334,1.0,1.4285714285714286,0.0,0.0,2.8867924528301887,-0.5,16.022363881401617,0.3181818181818182
Olindo Mare,2011,3.912,0.88,0.9322033898305084,3.144,1.0,1.0,0.6666666666666666,1.7777777777777777,2.625,0.0,2.547169811320755,-1.0,17.484817645595705,0.4210526315789473
Olindo Mare,2012,4.0,0.2307692307692307,0.217391304347826,3.0,1.0,0.6666666666666666,1.0,1.0,0.0,0.0,2.264150943396227,-0.5,12.87897814517995,0.0
Ove Johansson,1977,1.332,0.0769230769230769,0.0655737704918032,1.0,0.0,1.0,0.3333333333333333,0.5,0.0,0.0,2.0425531914893615,-0.0,6.350383372237575,0.1081081081081081
Owen Pochman,2001,0.0,0.0,0.0,0.0,1.0,1.0,0.0,0.0,0.0,0.0,0.0,-0.0,2.0,0.073170731707317
Owen Pochman,2002,0.0,0.0,0.0,0.0,0.0,0.0,0.0,0.0,0.0,0.0,0.0,0.0,0.0,0.0444444444444444
Owen Pochman,2003,3.6,0.3636363636363636,0.3235294117647059,2.132,1.0,1.0,0.375,1.6,0.0,0.0,2.8235294117647056,-1.0,12.217695187165774,0.0714285714285714
Paige Cothren,1957,4.0,1.1,1.1451612903225807,2.316,0.0,0.0,0.0,0.0,0.0,0.0,0.0,0.0,8.56116129032258,0.8095238095238095
Paige Cothren,1958,4.0,1.2727272727272727,1.4,2.24,0.0,0.0,0.0,0.0,0.0,0.0,0.0,0.0,8.912727272727272,1.0
Paige Cothren,1959,4.0,1.0,0.4807692307692308,1.776,0.0,0.0,0.0,0.0,0.0,0.0,0.0,0.0,7.256769230769231,0.68
Pat Cannamela,1952,3.2,0.0,0.1538461538461538,0.0,0.0,0.0,0.0,0.0,0.0,0.0,0.0,0.0,3.353846153846154,0.3225806451612903
Pat Harder,1946,4.0,0.0,0.125,0.0,0.0,0.0,0.0,0.0,0.0,0.0,0.0,0.0,4.125,0.56
Pat Harder,1947,3.9,1.1666666666666667,1.25,2.8,0.0,0.0,0.0,0.0,0.0,0.0,0.0,0.0,9.116666666666667,1.0
Pat Harder,1948,4.0,1.4,1.681818181818182,1.648,0.0,0.0,0.0,0.0,0.0,0.0,0.0,0.0,8.729818181818182,0.9565217391304348
Pat Harder,1949,3.828,0.6,1.173913043478261,2.4,0.0,0.0,0.0,0.0,0.0,0.0,0.0,0.0,8.001913043478261,0.6470588235294118
Pat Harder,1950,3.668,0.6666666666666666,0.7391304347826086,1.776,0.0,0.0,0.0,0.0,0.0,0.0,0.0,0.0,6.849797101449275,0.5833333333333334
Pat Harder,1951,0.0,0.5,0.1836734693877551,2.4,0.0,0.0,0.0,0.0,0.0,0.0,0.0,0.0,3.083673469387755,0.3043478260869565
Pat Harder,1952,3.884,1.8333333333333333,1.2884615384615383,1.912,0.0,0.0,0.0,0.0,0.0,0.0,0.0,0.0,8.917794871794872,0.8709677419354839
Pat Leahy,1974,3.788,0.5454545454545454,0.5373134328358209,2.18,1.0,0.6,0.5,1.0,0.0,0.0,2.9347826086956523,-0.5,12.585550586986018,0.3529411764705882
Pat Leahy,1975,3.6,1.0,0.8354430379746836,2.476,1.0,1.0,0.6,1.1666666666666667,0.0,0.0,2.9375,-0.0,14.615609704641347,0.6333333333333333
Pat Leahy,1976,3.2,0.7333333333333333,0.6621621621621622,2.752,1.0,1.0,0.6,0.8,0.0,0.0,2.9375,-1.5,12.184995495495496,0.3333333333333333
Pat Leahy,1977,3.428,1.1538461538461535,1.0327868852459017,2.4,0.0,0.875,0.75,0.6666666666666666,0.0,0.0,3.0638297872340425,-0.0,13.370129492992763,0.5405405405405406
Pat Leahy,1978,3.904,1.5714285714285714,1.445945945945946,2.932,1.0,1.0,0.75,1.3333333333333333,0.0,0.0,3.0,-0.5,16.43670785070785,0.918918918918919
Pat Leahy,1979,3.2,0.6153846153846154,0.4675324675324675,2.46,1.0,1.0,0.625,0.0,0.0,0.0,2.170212765957447,-0.5,11.03812984887453,0.2
Pat Leahy,1980,4.0,0.875,0.9397590361445785,2.544,1.0,1.0,0.4444444444444444,1.5,0.0,0.0,3.0625,-0.5,14.865703480589024,0.6111111111111112
Pat Leahy,1981,3.896,1.3157894736842106,1.2150537634408602,2.776,1.0,0.8461538461538461,0.75,1.3333333333333333,0.0,0.0,3.0,-0.0,16.13233041661225,0.6764705882352942
Pat Leahy,1982,3.356,1.1,1.156862745098039,2.588,1.0,0.6,0.8,1.0,0.0,0.0,3.0625,-0.5,14.16336274509804,0.5
Pat Leahy,1983,3.892,0.8888888888888888,0.8484848484848485,2.668,1.0,0.75,0.7142857142857143,1.0,0.0,0.0,2.8823529411764706,-0.5,14.144012392835922,0.3714285714285714
Pat Leahy,1984,3.896,0.85,0.89,2.832,1.0,0.8333333333333334,0.875,0.8,1.0,0.0,3.0,-1.0,14.976333333333336,0.3428571428571428
Pat Leahy,1985,3.824,1.181818181818182,1.198019801980198,3.06,1.0,1.0,0.75,1.0,1.7999999999999998,0.0,3.235294117647059,-0.0,18.049132101445437,0.8717948717948718
Pat Leahy,1986,4.0,0.8421052631578947,0.9787234042553192,3.368,1.0,1.0,1.0,1.25,3.0,0.0,2.9411764705882355,-0.0,19.380005138001447,1.0
Pat Leahy,1987,4.0,1.0588235294117647,1.0240963855421688,3.272,1.0,1.0,0.8333333333333334,1.0,0.0,0.0,2.52,-0.0,15.708253248287267,0.7666666666666667
Pat Leahy,1988,4.0,1.15,1.154639175257732,3.284,1.0,1.0,0.875,1.4,0.0,0.0,2.88,-1.0,15.743639175257734,0.6410256410256411
Pat Leahy,1989,3.868,0.6666666666666666,0.7473684210526316,2.668,1.0,0.8571428571428571,0.75,1.0,0.0,0.0,2.76,-0.0,14.317177944862156,0.3333333333333333
Pat Leahy,1990,4.0,1.15,1.0978260869565215,3.54,1.0,1.0,0.8571428571428571,1.2,0.0,0.0,2.82,-0.0,16.66496894409938,0.5625
Pat Leahy,1991,4.0,1.238095238095238,1.125,2.812,1.0,0.8125,0.8181818181818182,0.4,0.0,0.0,2.307692307692308,-0.0,14.513469363969364,0.2424242424242424
Pat O'Neill,1994,0.0,0.0,0.0,0.0,1.0,1.0,0.0,0.0,0.0,0.0,0.0,-0.0,2.0,0.0909090909090909
Pat Ragusa,1987,4.0,0.1176470588235294,0.1566265060240964,2.0,1.0,1.0,0.5,0.0,0.0,0.0,2.04,-0.0,10.814273564847625,0.2
Pat Summerall,1953,4.0,1.0,0.8771929824561403,1.5,0.0,0.0,0.0,0.0,0.0,0.0,0.0,0.0,7.37719298245614,0.75
Pat Summerall,1954,3.652,1.0,0.8333333333333334,1.776,0.0,0.0,0.0,0.0,0.0,0.0,0.0,0.0,7.261333333333333,0.6296296296296297
Pat Summerall,1955,3.68,0.8,0.8545454545454545,1.684,0.0,0.0,0.0,0.0,0.0,0.0,0.0,0.0,7.018545454545455,0.68
Pat Summerall,1956,4.0,1.0,1.0,1.82,0.0,0.0,0.0,0.0,0.0,0.0,0.0,0.0,7.82,0.7619047619047619
Pat Summerall,1957,3.692,0.6,0.6774193548387096,1.412,0.0,0.0,0.0,0.0,0.0,0.0,0.0,0.0,6.38141935483871,0.4761904761904761
Pat Summerall,1958,3.732,1.0909090909090908,1.0666666666666669,2.088,0.0,0.0,0.0,0.0,0.0,0.0,0.0,0.0,7.977575757575757,0.8181818181818182
Pat Summerall,1959,4.0,2.5,1.7307692307692308,2.76,0.0,0.0,0.0,0.0,0.0,0.0,0.0,0.0,10.99076923076923,1.0
Pat Summerall,1960,4.0,1.8571428571428572,1.6136363636363635,2.0,0.0,0.0,0.0,0.0,0.0,0.0,0.0,0.0,9.47077922077922,0.7692307692307693
Pat Summerall,1961,4.0,1.5555555555555556,1.3968253968253967,1.648,0.0,0.0,0.0,0.0,0.0,0.0,0.0,0.0,8.600380952380952,0.75
Patrick Murray,2014,4.0,0.7692307692307693,0.7844827586206896,3.332,1.0,0.6666666666666666,0.875,1.7142857142857142,2.5,0.0,3.1132075471698113,-1.0,17.754873455973648,0.4444444444444444
Patrick Murray,2015,0.0,0.0,0.0,0.0,0.0,0.0,0.0,0.0,0.0,0.0,0.0,0.0,0.0,0.0
Patrick Murray,2016,3.0,0.037037037037037,0.05,2.0,1.0,1.0,1.0,1.0,0.0,0.0,1.9444444444444444,-0.0,11.031481481481482,0.0277777777777777
Patrick Murray,2017,3.82,0.7307692307692307,0.7155963302752294,3.304,1.0,1.0,1.0,1.6,2.25,0.0,2.777777777777778,-0.5,17.698143338822238,0.5681818181818182
Paul Edinger,2000,4.0,0.875,0.8,3.112,1.0,1.0,0.7777777777777778,1.2,3.0,0.0,3.1764705882352944,-0.0,18.94124836601307,0.8095238095238095
Paul Edinger,2001,4.0,1.1304347826086956,1.108910891089109,3.356,1.0,0.8571428571428571,0.875,1.625,0.0,0.0,2.8235294117647056,-0.0,16.776017942605367,0.5609756097560976
Paul Edinger,2002,4.0,0.9565217391304348,0.9223300970873788,3.144,1.0,1.0,0.8333333333333334,1.6,3.0,0.0,3.1176470588235303,-0.0,19.573832228374677,1.0
Paul Edinger,2003,4.0,1.181818181818182,1.0294117647058822,2.888,1.0,1.0,0.6923076923076923,1.2857142857142858,0.0,0.0,3.1764705882352944,-0.0,16.253722512781337,0.5238095238095238
Paul Edinger,2004,4.0,0.6818181818181818,0.67,2.5,1.0,0.8571428571428571,0.4,1.1428571428571428,1.7999999999999998,0.0,3.1176470588235303,-0.5,15.66946524064171,0.3095238095238095
Paul Edinger,2005,4.0,1.0416666666666667,1.0,2.94,1.0,1.0,0.375,1.6,0.0,0.0,3.230769230769231,-1.0,15.187435897435895,0.3333333333333333
Paul Held,1954,3.5,0.375,0.4259259259259259,2.4,0.0,0.0,0.0,0.0,0.0,0.0,0.0,0.0,6.700925925925926,0.4814814814814814
Paul Hornung,1957,0.0,0.0,0.0,0.0,0.0,0.0,0.0,0.0,0.0,0.0,0.0,0.0,0.0,0.238095238095238
Paul Hornung,1958,3.828,1.0,0.9166666666666666,2.096,0.0,0.0,0.0,0.0,0.0,0.0,0.0,0.0,7.840666666666667,0.7272727272727273
Paul Hornung,1959,3.876,0.875,1.0,1.648,0.0,0.0,0.0,0.0,0.0,0.0,0.0,0.0,7.398999999999999,0.76
Paul Hornung,1960,4.0,2.142857142857143,1.9545454545454544,2.144,0.0,0.0,0.0,0.0,0.0,0.0,0.0,0.0,10.241402597402598,0.9230769230769232
Paul Hornung,1961,4.0,1.6666666666666667,1.3650793650793651,2.728,0.0,0.0,0.0,0.0,0.0,0.0,0.0,0.0,9.759746031746031,0.9285714285714286
Paul Hornung,1962,4.0,0.6666666666666666,0.5517241379310345,2.4,0.0,0.0,0.0,0.0,0.0,0.0,0.0,0.0,7.618390804597702,0.5217391304347826
Paul Hornung,1963,0.0,0.0,0.0,0.0,0.0,0.0,0.0,0.0,0.0,0.0,0.0,0.0,0.0,0.15
Paul Hornung,1964,3.812,1.0,1.1492537313432836,1.264,0.0,0.0,0.0,0.0,0.0,0.0,0.0,0.0,7.225253731343283,0.5454545454545454
Paul McFadden,1984,3.852,1.5,1.16,3.244,1.0,0.8,0.8125,1.6666666666666667,2.25,0.0,3.0,-0.0,19.28516666666667,1.0
Paul McFadden,1985,4.0,1.1363636363636365,1.0297029702970295,3.332,1.0,1.0,1.0,1.5,1.2000000000000002,0.0,3.0588235294117645,-0.5,17.756890136072432,0.8205128205128205
Paul McFadden,1986,3.852,1.0526315789473684,0.9148936170212766,2.58,1.0,1.0,0.8333333333333334,0.6,1.0,0.0,2.9411764705882355,-0.5,15.274034999890215,0.5384615384615384
Paul McFadden,1987,4.0,0.9411764705882352,1.0120481927710845,2.46,1.0,0.75,0.6,1.3333333333333333,0.0,0.0,2.94,-0.5,14.536557996692652,0.5833333333333334
Paul McFadden,1988,3.704,0.7,0.6907216494845361,2.948,1.0,1.0,0.6666666666666666,1.6666666666666667,1.0,0.0,3.0,-0.5,15.87605498281787,0.7435897435897436
Paul McFadden,1989,4.0,0.7142857142857143,0.6631578947368421,3.0,1.0,1.0,0.8571428571428571,0.6666666666666666,3.0,0.0,3.24,-1.5,16.64125313283208,0.6944444444444444
Pete Gogolak,1966,3.74,1.2307692307692308,1.0,2.284,0.0,0.0,0.0,0.0,0.0,0.0,0.0,0.0,8.25476923076923,0.5454545454545454
Pete Gogolak,1967,3.864,0.75,0.8214285714285714,2.4,0.0,0.0,0.0,0.0,0.0,0.0,0.0,0.0,7.835428571428571,0.6071428571428571
Pete Gogolak,1968,4.0,1.5555555555555556,1.56,2.332,0.0,0.0,0.0,0.0,0.0,0.0,0.0,0.0,9.447555555555557,0.6666666666666666
Pete Gogolak,1969,4.0,1.0,1.064516129032258,2.096,1.0,0.8,0.25,0.75,0.0,0.0,3.552631578947368,0.0,14.513147707979629,0.5909090909090909
Pete Gogolak,1970,4.0,1.3157894736842106,1.2159090909090908,2.44,1.0,0.7857142857142857,0.3333333333333333,0.9333333333333332,0.75,0.0,3.3061224489795915,-1.0,15.080201965953847,0.8064516129032258
Pete Gogolak,1971,4.0,0.3529411764705882,0.5581395348837209,1.412,1.0,1.0,0.2857142857142857,0.0,0.0,0.0,2.2653061224489797,-0.5,10.374101119517574,0.2058823529411764
Pete Gogolak,1972,3.58,1.05,1.0210526315789474,2.708,1.0,0.8,0.0,1.25,0.0,0.0,3.0,-1.5,12.909052631578948,0.40625
Pete Gogolak,1973,4.0,0.8095238095238095,0.8085106382978723,2.428,1.0,0.8333333333333334,0.25,0.8,0.0,0.0,2.8125,-0.0,13.741867781155015,0.5882352941176471
Pete Gogolak,1974,3.652,0.9090909090909092,0.7611940298507462,2.104,1.0,0.6666666666666666,0.75,0.5,0.0,0.0,2.739130434782609,-0.5,12.582082040390931,0.3235294117647059
Pete Gudauskas,1940,2.0,0.0,0.0526315789473684,0.0,0.0,0.0,0.0,0.0,0.0,0.0,0.0,0.0,2.0526315789473686,0.2439024390243902
Pete Gudauskas,1941,0.0,0.0,0.0,0.0,0.0,0.0,0.0,0.0,0.0,0.0,0.0,0.0,0.0,0.1590909090909091
Pete Gudauskas,1942,0.0,0.0,0.0,0.0,0.0,0.0,0.0,0.0,0.0,0.0,0.0,0.0,0.0,0.2340425531914893
Pete Gudauskas,1943,0.0,0.0,0.0,0.0,0.0,0.0,0.0,0.0,0.0,0.0,0.0,0.0,0.0,0.4848484848484848
Pete Gudauskas,1944,3.892,0.0,1.2,0.0,0.0,0.0,0.0,0.0,0.0,0.0,0.0,0.0,5.092,0.7741935483870968
Pete Gudauskas,1945,4.0,0.25,0.8823529411764706,2.0,0.0,0.0,0.0,0.0,0.0,0.0,0.0,0.0,7.132352941176471,0.8529411764705882
Pete Layden,1950,4.0,0.0,0.0652173913043478,0.0,0.0,0.0,0.0,0.0,0.0,0.0,0.0,0.0,4.065217391304348,0.2916666666666667
Pete Perini,1954,4.0,0.0,0.0185185185185185,0.0,0.0,0.0,0.0,0.0,0.0,0.0,0.0,0.0,4.018518518518518,0.2592592592592592
Pete Stoyanovich,1989,3.896,0.9047619047619048,1.0,2.924,1.0,1.0,0.8333333333333334,1.0,1.0,0.0,3.54,-0.0,17.09809523809524,0.7777777777777778
Pete Stoyanovich,1990,4.0,1.05,1.0869565217391304,3.36,1.0,0.875,0.8571428571428571,1.6,2.0,0.0,3.18,-0.5,18.509099378881988,0.90625
Pete Stoyanovich,1991,3.864,1.4761904761904765,1.2604166666666667,3.352,1.0,1.0,0.9166666666666666,1.4,1.7999999999999998,0.0,3.0576923076923075,-0.0,19.126966117216117,0.9696969696969696
Pete Stoyanovich,1992,3.776,1.5789473684210529,1.3333333333333333,3.244,1.0,1.0,0.875,2.0,1.125,0.0,3.0576923076923075,-0.0,18.989973009446693,0.84375
Pete Stoyanovich,1993,4.0,0.96,1.0380952380952382,3.0,1.0,0.9,0.6363636363636364,1.1428571428571428,3.0,0.0,2.943396226415094,-0.5,18.120712243731113,0.8
Pete Stoyanovich,1994,4.0,1.0909090909090908,1.0918367346938775,3.096,1.0,1.0,0.6,1.6,1.5,0.0,3.0,-0.5,17.478745825602967,0.7272727272727273
Pete Stoyanovich,1995,4.0,1.125,1.0825688073394495,3.176,1.0,0.7,1.0,1.7142857142857142,1.2000000000000002,0.0,3.0,-0.0,17.997854521625165,0.8055555555555556
Pete Stoyanovich,1996,4.0,0.7083333333333334,0.7870370370370371,2.832,1.0,0.875,0.7142857142857143,1.1428571428571428,0.0,0.0,2.7,-0.0,14.759513227513228,0.2727272727272727
Pete Stoyanovich,1997,3.888,1.0833333333333333,1.0560747663551402,3.852,1.0,1.0,1.0,1.8461538461538465,3.0,0.0,3.115384615384615,-1.0,19.840946561226936,0.9428571428571428
Pete Stoyanovich,1998,4.0,1.2272727272727273,1.1616161616161615,3.376,1.0,1.0,1.0,1.0,3.0,0.0,3.0576923076923075,-0.0,19.822581196581197,0.918918918918919
Pete Stoyanovich,1999,4.0,0.875,1.018867924528302,3.0,1.0,1.0,0.8333333333333334,1.0769230769230769,3.0,0.0,3.0,-0.0,18.80412433478471,0.7948717948717948
Pete Stoyanovich,2000,4.0,0.2083333333333333,0.3904761904761905,2.224,1.0,1.0,0.0,2.0,0.0,0.0,2.8235294117647056,-0.0,13.646338935574231,0.2142857142857142
Phil Dawson,1999,3.832,0.3333333333333333,0.4433962264150943,2.668,1.0,1.0,0.6,1.2,0.0,0.0,2.8823529411764706,-0.0,13.959082500924898,0.282051282051282
Phil Dawson,2000,4.0,0.5833333333333334,0.5619047619047619,3.296,1.0,1.0,1.0,0.8,0.0,0.0,2.6470588235294117,-0.0,14.888296918767509,0.3571428571428571
Phil Dawson,2001,3.868,0.9565217391304348,0.9405940594059404,3.52,1.0,1.0,0.8888888888888888,1.3333333333333333,1.0,0.0,2.8235294117647056,-0.0,17.330867432523306,0.5853658536585366
Phil Dawson,2002,3.884,0.9565217391304348,0.970873786407767,3.144,1.0,0.9,0.75,1.4285714285714286,3.0,0.0,3.0588235294117645,-0.0,19.09279048352139,0.9333333333333332
Phil Dawson,2003,3.808,0.8181818181818182,0.7254901960784313,3.428,1.0,1.0,0.8,1.2,2.0,0.0,3.0588235294117645,-1.0,16.838495543672014,0.5952380952380952
Phil Dawson,2004,4.0,1.0909090909090908,1.0,3.312,1.0,1.0,0.75,1.3333333333333333,2.25,0.0,2.9411764705882355,-1.0,17.67741889483066,0.6190476190476191
Phil Dawson,2005,3.62,1.125,0.9433962264150944,3.724,1.0,1.0,0.8181818181818182,2.0,2.0,0.0,2.5384615384615383,-0.0,18.76903958305845,0.9333333333333332
Phil Dawson,2006,4.0,0.875,0.822429906542056,2.896,1.0,0.8333333333333334,0.9,1.0,3.0,0.0,2.9423076923076925,-1.0,17.269070932183084,0.5
Phil Dawson,2007,3.908,1.0833333333333333,1.0619469026548674,3.468,1.0,0.9,0.875,1.75,0.0,0.0,2.9423076923076925,-0.0,16.988587928295892,0.475
Phil Dawson,2008,4.0,1.1111111111111112,0.907563025210084,3.332,1.0,1.0,0.8571428571428571,1.6666666666666667,3.0,0.0,3.169811320754717,-0.5,19.54429498088544,0.902439024390244
Phil Dawson,2009,3.788,0.7083333333333334,0.69,3.58,1.0,1.0,1.0,1.6666666666666667,2.25,0.0,2.826923076923077,-0.0,18.509923076923076,0.813953488372093
Phil Dawson,2010,4.0,0.9583333333333334,0.9150943396226416,3.284,1.0,1.0,1.0,1.2,1.0,0.0,2.716981132075472,-0.5,16.574408805031446,0.4090909090909091
Phil Dawson,2011,4.0,0.96,0.7796610169491526,3.312,1.0,0.7777777777777778,0.75,1.75,1.5,0.0,3.0566037735849063,-0.0,17.886042568311836,0.5526315789473685
Phil Dawson,2012,4.0,1.1153846153846154,1.008695652173913,3.74,1.0,0.8888888888888888,0.8888888888888888,2.0,0.0,0.0,3.0,-0.0,17.641858045336306,0.3333333333333333
Phil Dawson,2013,4.0,1.2307692307692308,1.1864406779661016,3.556,1.0,0.9230769230769232,1.0,1.8181818181818183,3.0,0.0,3.1111111111111107,-0.0,20.825579761105185,0.9714285714285714
Phil Dawson,2014,4.0,0.9615384615384616,0.9310344827586208,3.224,1.0,1.0,0.8888888888888888,1.4285714285714286,1.5,0.0,3.1132075471698113,-0.0,18.047240808927217,0.5833333333333334
Phil Dawson,2015,3.808,0.96,0.8518518518518519,3.556,1.0,0.9,1.0,1.5,2.4000000000000004,0.0,3.0,-0.5,18.475851851851857,0.717948717948718
Phil Dawson,2016,3.884,0.6666666666666666,0.725,3.428,1.0,1.0,1.0,1.5555555555555556,1.5,0.0,2.9444444444444446,-0.0,17.703666666666667,0.5
Phil Dawson,2017,3.54,1.2307692307692308,1.091743119266055,3.2,1.0,1.0,0.7142857142857143,1.5384615384615383,0.0,0.0,3.166666666666667,-0.0,16.481926269449204,0.4318181818181818
Phil Dawson,2018,4.0,0.217391304347826,0.2702702702702703,2.5,1.0,1.0,1.0,0.6666666666666666,3.0,0.0,2.388888888888889,-0.0,16.04321713017365,0.1904761904761904
Phil Martinovich,1940,0.0,1.0,0.3157894736842105,4.0,0.0,0.0,0.0,0.0,0.0,0.0,0.0,0.0,5.315789473684211,0.6585365853658537
Pop Ivy,1942,4.0,0.0,0.0869565217391304,0.0,0.0,0.0,0.0,0.0,0.0,0.0,0.0,0.0,4.086956521739131,0.5957446808510638
Pop Ivy,1943,0.0,0.0,0.0,0.0,0.0,0.0,0.0,0.0,0.0,0.0,0.0,0.0,0.0,0.4848484848484848
Pop Ivy,1944,0.0,0.0,0.0,0.0,0.0,0.0,0.0,0.0,0.0,0.0,0.0,0.0,0.0,0.4516129032258064
Pop Ivy,1945,0.0,0.0,0.0,0.0,0.0,0.0,0.0,0.0,0.0,0.0,0.0,0.0,0.0,0.4411764705882353
Pop Ivy,1946,0.0,0.0,0.0,0.0,0.0,0.0,0.0,0.0,0.0,0.0,0.0,0.0,0.0,0.32
Pop Ivy,1947,0.0,0.0,0.0,0.0,0.0,0.0,0.0,0.0,0.0,0.0,0.0,0.0,0.0,0.217391304347826
Pug Manders,1944,0.0,0.0,0.0,0.0,0.0,0.0,0.0,0.0,0.0,0.0,0.0,0.0,0.0,0.4516129032258064
Rafael Septien,1977,3.656,1.3846153846153846,1.4098360655737705,2.4,1.0,0.9090909090909092,0.8333333333333334,0.4,0.0,0.0,2.872340425531915,-0.0,14.865216118145314,0.7837837837837838
Rafael Septien,1978,3.916,1.1428571428571428,1.2702702702702702,2.46,0.816496580927726,1.0,0.6,0.6,0.0,0.0,3.0638297872340425,-1.0,13.86945378128918,0.4864864864864865
Rafael Septien,1979,3.636,1.4615384615384617,1.2597402597402598,2.62,1.0,1.0,0.6363636363636364,0.75,2.0,0.0,3.25531914893617,-1.0,16.61896150657853,0.85
Rafael Septien,1980,3.932,0.6875,1.108433734939759,2.588,1.0,0.75,1.0,0.0,1.0,0.0,3.25,-0.0,15.315933734939758,0.7222222222222222
Rafael Septien,1981,4.0,1.4210526315789471,1.3010752688172045,3.084,1.0,1.0,0.8888888888888888,1.1666666666666667,0.0,0.0,2.8775510204081627,-0.0,16.73923447635987,0.7647058823529411
Rafael Septien,1982,4.0,1.0,1.1372549019607845,2.856,1.0,1.0,0.75,1.0,1.5,0.0,3.3125,-1.5,16.055754901960785,0.7105263157894737
Rafael Septien,1983,3.864,1.2222222222222223,1.2424242424242424,3.26,1.0,1.0,1.0,1.5,0.0,0.0,2.764705882352941,-1.0,15.853352346999404,0.6571428571428571
Rafael Septien,1984,3.884,1.15,1.02,3.172,1.0,0.8571428571428571,1.0,1.0,2.0,0.0,3.0,-0.0,18.08314285714286,0.9428571428571428
Rafael Septien,1985,3.908,0.8636363636363636,0.9801980198019802,2.716,1.0,1.0,0.7272727272727273,0.8888888888888888,1.5,0.0,3.1176470588235303,-0.0,16.70164305842349,0.6410256410256411
Rafael Septien,1986,4.0,0.7894736842105263,0.9361702127659576,2.856,1.0,0.8,0.8571428571428571,1.1428571428571428,1.5,0.0,2.9411764705882355,-1.0,15.82282036756472,0.6666666666666666
Ralph Felton,1954,3.764,0.125,0.3518518518518518,2.0,0.0,0.0,0.0,0.0,0.0,0.0,0.0,0.0,6.240851851851851,0.4074074074074074
Ralph Kercheval,1940,4.0,2.0,0.7894736842105263,1.456,0.0,0.0,0.0,0.0,0.0,0.0,0.0,0.0,8.245473684210527,0.8780487804878049
Randy Bullock,2013,4.0,1.0,0.8813559322033898,2.972,1.0,1.0,1.0,1.411764705882353,3.0,0.0,2.833333333333333,-0.5,18.598453971419076,0.5142857142857142
Randy Bullock,2014,4.0,1.1538461538461535,1.1206896551724137,3.428,1.0,0.8571428571428571,0.8666666666666667,1.75,2.0,0.0,3.1132075471698113,-0.0,19.289552879997903,0.9166666666666666
Randy Bullock,2015,3.52,0.76,0.7314814814814815,3.304,1.0,1.0,1.0,1.4545454545454546,1.5,0.0,2.7222222222222223,-0.0,16.99224915824916,0.282051282051282
Randy Bullock,2016,3.6,0.2962962962962963,0.275,3.556,1.0,1.0,1.0,1.3333333333333333,0.0,0.0,2.444444444444444,-0.0,14.505074074074075,0.0833333333333333
Randy Bullock,2017,3.756,0.6923076923076923,0.7798165137614679,3.6,1.0,1.0,0.875,1.6,3.0,0.0,2.833333333333333,-0.0,19.13645753940249,0.7272727272727273
Randy Bullock,2018,3.804,0.8260869565217391,0.8648648648648649,3.304,1.0,1.0,0.875,2.0,1.7999999999999998,0.0,2.833333333333333,-0.0,18.307285154719935,0.5
Randy Bullock,2019,3.84,1.173913043478261,1.0,3.484,1.0,1.0,1.0,1.6666666666666667,3.0,0.0,3.166666666666667,-0.0,20.331246376811595,0.9285714285714286
Randy Bullock,2020,3.84,0.84,0.7837837837837838,3.232,1.0,1.0,0.8,1.75,3.0,0.0,3.0,-0.0,19.245783783783786,0.8163265306122449
Randy Bullock,2021,3.732,1.0,1.0,3.356,1.0,1.0,1.0,1.2307692307692308,1.5,2.0,2.7818181818181817,-0.5,19.100587412587412,0.8
Randy Bullock,2022,4.0,0.6296296296296297,0.6869565217391305,3.4,1.0,1.0,1.0,1.5,1.0,2.0,2.7321428571428568,-0.5,18.448729008511616,0.5869565217391305
Randy Bullock,2023,4.0,0.1724137931034483,0.2083333333333333,3.332,1.0,1.0,1.0,1.3333333333333333,3.0,0.0,3.0,-0.0,18.046080459770117,0.4883720930232558
Randy Clay,1950,0.0,0.1666666666666666,0.0652173913043478,4.0,0.0,0.0,0.0,0.0,0.0,0.0,0.0,0.0,4.231884057971015,0.375
Randy Clay,1951,0.0,0.0,0.0,0.0,0.0,0.0,0.0,0.0,0.0,0.0,0.0,0.0,0.0,0.2608695652173913
Randy Clay,1952,0.0,0.0,0.0,0.0,0.0,0.0,0.0,0.0,0.0,0.0,0.0,0.0,0.0,0.2258064516129032
Randy Clay,1953,3.636,0.2222222222222222,0.4561403508771929,1.144,0.0,0.0,0.0,0.0,0.0,0.0,0.0,0.0,5.458362573099415,0.4583333333333333
Raul Allegre,1983,3.668,1.6666666666666667,1.1313131313131313,3.428,1.0,0.8333333333333334,0.9166666666666666,1.6666666666666667,2.4000000000000004,0.0,3.235294117647059,-0.5,19.445940582293524,0.9714285714285714
Raul Allegre,1984,4.0,0.55,0.47,2.444,1.0,1.0,0.5,1.0,1.5,0.0,3.115384615384615,-0.0,15.579384615384614,0.4571428571428571
Raul Allegre,1985,3.692,0.7272727272727273,0.8316831683168316,2.46,1.0,0.8181818181818182,0.8333333333333334,0.6666666666666666,0.0,0.0,2.4117647058823533,-0.5,12.940902419653732,0.282051282051282
Raul Allegre,1986,4.0,1.263157894736842,1.1170212765957446,3.0,1.0,0.9090909090909092,1.0,1.0909090909090908,0.0,0.0,2.7058823529411766,-1.0,15.086061524273765,0.5128205128205128
Raul Allegre,1987,3.848,1.0,0.9156626506024096,2.52,1.0,0.875,0.8,0.6666666666666666,1.5,0.0,3.18,-0.0,16.305329317269077,0.8
Raul Allegre,1988,4.0,0.5,0.4536082474226804,3.636,1.0,1.0,0.8333333333333334,2.0,0.0,0.0,2.88,-0.5,15.802941580756016,0.6666666666666666
Raul Allegre,1989,3.832,0.9523809523809524,0.8736842105263158,3.076,1.0,1.0,0.8888888888888888,1.1111111111111112,1.5,0.0,3.12,-0.5,16.85406516290727,0.75
Raul Allegre,1990,4.0,0.2,0.2282608695652173,3.2,1.0,1.0,1.0,1.3333333333333333,0.0,0.0,2.76,-0.0,14.721594202898553,0.25
Raul Allegre,1991,4.0,0.238095238095238,0.2291666666666666,3.332,1.0,1.0,1.0,1.0,0.0,0.0,2.5384615384615383,-0.0,14.337723443223444,0.2121212121212121
Ray Criswell,1988,4.0,0.0,0.0103092783505154,0.0,1.0,1.0,0.0,0.0,0.0,0.0,0.0,-0.0,6.010309278350515,0.0769230769230769
Ray Graves,1942,4.0,0.0,0.0434782608695652,0.0,0.0,0.0,0.0,0.0,0.0,0.0,0.0,0.0,4.043478260869565,0.5106382978723404
Ray Guy,1976,0.0,0.0,0.0,0.0,1.0,1.0,0.0,0.0,0.0,0.0,0.0,-0.0,2.0,0.0303030303030303
Ray Mathews,1952,4.0,0.0,0.0192307692307692,0.0,0.0,0.0,0.0,0.0,0.0,0.0,0.0,0.0,4.019230769230769,0.4516129032258064
Ray McLean,1943,0.0,0.0,0.0,0.0,0.0,0.0,0.0,0.0,0.0,0.0,0.0,0.0,0.0,0.4848484848484848
Ray McLean,1944,0.0,0.0,0.0,0.0,0.0,0.0,0.0,0.0,0.0,0.0,0.0,0.0,0.0,0.4516129032258064
Ray McLean,1945,0.0,0.0,0.0,0.0,0.0,0.0,0.0,0.0,0.0,0.0,0.0,0.0,0.0,0.4411764705882353
Ray McLean,1946,0.0,0.0,0.0,0.0,0.0,0.0,0.0,0.0,0.0,0.0,0.0,0.0,0.0,0.32
Ray McLean,1947,3.384,0.0,0.9166666666666666,0.0,0.0,0.0,0.0,0.0,0.0,0.0,0.0,0.0,4.300666666666666,0.4347826086956521
Ray Poole,1950,3.528,0.8333333333333334,0.9782608695652174,1.82,0.0,0.0,0.0,0.0,0.0,0.0,0.0,0.0,7.1595942028985515,0.625
Ray Poole,1951,3.872,2.0,1.346938775510204,3.0,0.0,0.0,0.0,0.0,0.0,0.0,0.0,0.0,10.218938775510203,1.0
Ray Poole,1952,3.852,1.6666666666666667,1.0769230769230769,2.352,0.0,0.0,0.0,0.0,0.0,0.0,0.0,0.0,8.947589743589743,0.9032258064516128
Ray Wersching,1973,3.468,0.5238095238095238,0.4893617021276595,1.76,1.0,0.8333333333333334,0.4,0.0,0.0,0.0,2.4375,-1.5,9.412004559270516,0.2058823529411764
Ray Wersching,1974,0.0,0.4545454545454545,0.2238805970149253,1.82,1.0,1.0,0.3333333333333333,1.5,0.0,0.0,2.739130434782609,-0.5,8.57088981967632,0.2058823529411764
Ray Wersching,1975,3.808,0.9230769230769232,0.7088607594936709,2.0,1.0,1.0,0.5555555555555556,0.6666666666666666,0.0,0.0,2.8125,-0.5,12.974659904792816,0.3666666666666666
Ray Wersching,1976,3.5,0.2666666666666666,0.3513513513513513,2.0,1.0,1.0,0.6666666666666666,0.6666666666666666,0.0,0.0,2.8125,-0.0,12.26385135135135,0.3636363636363636
Ray Wersching,1977,4.0,0.7692307692307693,0.8688524590163934,2.352,1.0,0.0,1.0,1.1428571428571428,1.0,0.0,3.1914893617021267,-0.0,15.324429732806433,0.8648648648648649
Ray Wersching,1978,3.84,1.0714285714285714,0.9324324324324323,2.608,1.0,1.0,0.4,1.6,0.0,0.0,2.872340425531915,-0.5,14.824201429392918,0.6486486486486487
Ray Wersching,1979,3.656,1.5384615384615383,1.1948051948051948,3.332,1.0,0.8571428571428571,0.875,1.4285714285714286,0.0,0.0,3.0,-0.5,16.381981018981023,0.825
Ray Wersching,1980,3.384,0.9375,0.9397590361445785,3.156,1.0,1.0,0.8888888888888888,1.6,0.0,0.0,2.9375,-0.5,15.343647925033467,0.75
Ray Wersching,1981,4.0,0.8947368421052632,0.8709677419354839,2.956,1.0,1.0,0.5714285714285714,1.1428571428571428,0.0,0.0,2.938775510204082,-1.0,14.374765808530542,0.5
Ray Wersching,1982,3.68,1.2,1.156862745098039,2.824,1.0,0.3333333333333333,0.8333333333333334,1.7142857142857142,0.0,0.0,2.8125,-0.5,15.05431512605042,0.5789473684210527
Ray Wersching,1983,4.0,1.3888888888888888,1.2727272727272727,3.332,1.0,1.0,1.0,1.2,0.75,0.0,3.0588235294117645,-0.5,17.502439691027924,0.8285714285714286
Ray Wersching,1984,4.0,1.25,1.31,2.856,1.0,1.0,0.7272727272727273,1.0769230769230769,1.5,0.0,3.0576923076923075,-0.0,17.77788811188811,0.8285714285714286
Ray Wersching,1985,3.924,0.5909090909090909,0.900990099009901,2.476,1.0,0.7142857142857143,0.625,1.2,0.0,0.0,2.6470588235294117,-0.5,13.578243727734115,0.3846153846153846
Ray Wersching,1986,3.904,1.3157894736842106,1.2340425531914894,2.856,1.0,1.0,0.7777777777777778,0.8888888888888888,1.5,0.0,2.9411764705882355,-0.0,17.417675164130603,0.9487179487179488
Ray Wersching,1987,3.828,0.7647058823529411,1.0,3.06,1.0,1.0,1.0,0.857142857142857,0.0,0.0,2.7,-0.0,15.2098487394958,0.6666666666666666
Remy Hamilton,2005,0.0,0.0,0.0,0.0,1.0,1.0,0.0,0.0,0.0,0.0,0.0,-0.0,2.0,0.1111111111111111
Rex Grossman,1950,3.368,0.0,0.3478260869565217,0.0,0.0,0.0,0.0,0.0,0.0,0.0,0.0,0.0,3.7158260869565214,0.2083333333333333
Rex Robinson,1982,4.0,0.1,0.1568627450980392,2.0,1.0,1.0,0.0,1.0,0.0,0.0,1.5,-0.0,10.75686274509804,0.1842105263157894
Rian Lindell,2000,4.0,0.625,0.6666666666666666,3.528,1.0,0.8,1.0,1.75,0.0,0.0,3.0588235294117645,-0.5,15.928490196078432,0.4761904761904761
Rian Lindell,2001,4.0,0.8695652173913043,0.9207920792079208,2.5,1.0,0.875,0.8,0.857142857142857,1.0,0.0,3.1764705882352944,-0.5,15.498970741977375,0.4146341463414634
Rian Lindell,2002,4.0,1.0,1.0388349514563109,3.172,1.0,1.0,0.8,1.6,0.0,0.0,3.0588235294117645,-0.5,16.169658480868076,0.5555555555555556
Rian Lindell,2003,4.0,0.7727272727272727,0.7352941176470589,2.832,1.0,0.9166666666666666,1.0,0.857142857142857,3.0,0.0,2.588235294117647,-2.5,15.202066208301504,0.3571428571428571
Rian Lindell,2004,4.0,1.0909090909090908,1.17,3.428,1.0,0.9285714285714286,0.9090909090909092,0.6666666666666666,3.0,0.0,2.5294117647058822,-0.0,18.722649859943974,0.8095238095238095
Rian Lindell,2005,4.0,1.2083333333333333,1.0660377358490567,3.316,1.0,0.8888888888888888,0.8461538461538461,1.4,1.2857142857142856,0.0,3.0576923076923075,-0.5,17.56882039763172,0.8
Rian Lindell,2006,4.0,0.9583333333333334,0.9532710280373832,3.68,1.0,1.0,1.0,1.6,0.0,0.0,3.0576923076923075,-0.0,17.249296669063025,0.4736842105263157
Rian Lindell,2007,4.0,1.0,0.8495575221238938,3.556,1.0,1.0,1.0,1.3333333333333333,1.0,0.0,3.0,-0.5,17.238890855457228,0.55
Rian Lindell,2008,4.0,1.1111111111111112,1.0420168067226891,3.156,1.0,0.875,1.0,1.3333333333333333,3.0,0.0,3.0,-1.0,18.517461251167138,0.7804878048780488
Rian Lindell,2009,4.0,1.1666666666666667,1.08,3.392,1.0,1.0,1.0,1.3333333333333333,3.0,0.0,3.230769230769231,-0.5,19.70276923076923,0.9069767441860463
Rian Lindell,2010,3.876,0.6666666666666666,0.7452830188679245,3.048,1.0,1.0,0.8333333333333334,1.3333333333333333,1.5,0.0,2.8867924528301887,-0.0,16.889408805031447,0.4545454545454545
Rian Lindell,2011,4.0,0.52,0.5423728813559322,3.468,1.0,1.0,0.6666666666666666,1.6666666666666667,0.0,0.0,2.773584905660377,-0.5,15.13729112034964,0.1578947368421052
Rian Lindell,2012,4.0,0.8076923076923077,0.8869565217391304,3.5,1.0,1.0,0.9090909090909092,1.7142857142857142,1.0,0.0,2.830188679245283,-0.5,17.148214132053344,0.25
Rian Lindell,2013,4.0,0.8846153846153846,0.847457627118644,3.172,1.0,1.0,0.8571428571428571,1.3333333333333333,3.0,0.0,3.0,-0.5,18.59454920221022,0.4857142857142857
Rich Camarillo,1992,0.0,0.0,0.0,0.0,1.0,1.0,0.0,0.0,0.0,0.0,0.0,-0.5,1.5,0.03125
Rich Karlis,1982,3.752,1.1,0.9411764705882352,3.384,1.0,1.0,0.75,1.5,0.0,0.0,2.9375,-0.0,16.364676470588236,0.8157894736842105
Rich Karlis,1983,3.884,1.1666666666666667,0.9696969696969696,3.36,1.0,0.875,0.7777777777777778,1.7142857142857142,3.0,0.0,2.9411764705882355,-0.0,19.68860359901536,1.0
Rich Karlis,1984,3.708,1.05,1.01,3.0,1.0,0.8571428571428571,0.875,1.3333333333333333,1.0,0.0,2.8846153846153846,-0.0,16.718091575091577,0.6285714285714286
Rich Karlis,1985,3.728,1.0454545454545454,1.0891089108910892,2.42,1.0,0.7777777777777778,0.5454545454545454,1.4545454545454546,0.0,0.0,2.8235294117647056,-0.0,14.88387064588812,0.5384615384615384
Rich Karlis,1986,3.912,1.0526315789473684,1.1063829787234043,2.856,1.0,0.75,1.0,1.1428571428571428,1.5,0.0,3.0,-0.0,17.319871700527916,0.9230769230769232
Rich Karlis,1987,4.0,1.0588235294117647,1.0963855421686748,2.88,1.0,1.0,0.6666666666666666,1.1428571428571428,1.0,0.0,3.06,-0.5,16.40473288110425,0.8333333333333334
Rich Karlis,1988,3.892,1.15,1.0824742268041236,2.556,1.0,0.9,0.4615384615384615,1.25,1.5,0.0,3.06,-1.0,15.852012688342583,0.6923076923076923
Rich Karlis,1989,3.856,1.4761904761904765,1.263157894736842,3.18,1.0,0.9333333333333332,0.8333333333333334,1.3333333333333333,1.0,0.0,3.06,-0.0,17.93534837092732,0.9444444444444444
Rich Karlis,1990,4.0,0.2,0.2608695652173913,2.284,1.0,1.0,0.3333333333333333,1.142,0.0,0.0,2.34,-0.0,12.560202898550726,0.03125
Richie Cunningham,1997,4.0,1.4166666666666667,1.1775700934579438,3.676,1.0,1.0,1.0,1.4,3.0,0.0,3.0,-0.0,20.67023676012461,1.0
Richie Cunningham,1998,4.0,1.318181818181818,1.2828282828282829,3.316,1.0,1.0,0.7272727272727273,1.8181818181818183,1.0,0.0,3.115384615384615,-0.0,18.57784926184926,0.7567567567567568
Richie Cunningham,1999,3.912,0.625,0.839622641509434,2.4,1.0,0.75,0.8333333333333334,0.8,0.0,0.0,2.764705882352941,-0.5,13.424661857195709,0.1538461538461538
Richie Cunningham,2000,4.0,0.2083333333333333,0.2285714285714285,2.856,1.0,0.6,1.0,1.428,0.0,0.0,2.2941176470588234,-0.0,13.615022408963585,0.1904761904761904
Richie Cunningham,2001,0.0,0.0,0.0,0.0,0.0,0.0,0.0,0.0,0.0,0.0,0.0,0.0,0.0,0.048780487804878
Richie Cunningham,2002,4.0,0.0434782608695652,0.0485436893203883,4.0,1.0,1.0,1.0,2.0,0.0,0.0,1.352941176470588,-0.0,14.44496312666054,0.2666666666666666
Richie Szaro,1975,4.0,0.7692307692307693,0.5949367088607594,2.5,1.0,1.0,0.75,0.4,1.5,0.0,3.125,-1.5,14.139167478091528,0.5
Richie Szaro,1976,3.448,1.2,1.0675675675675675,3.132,1.0,1.0,0.8,1.1428571428571428,1.5,0.0,3.125,-1.0,16.41542471042471,0.9696969696969696
Richie Szaro,1977,3.74,0.3846153846153846,0.7213114754098361,1.668,1.0,0.75,0.6666666666666666,0.0,0.0,0.0,1.978723404255319,-1.5,9.409316930947208,0.1891891891891892
Richie Szaro,1978,4.0,0.2857142857142857,0.2837837837837837,2.668,1.0,1.0,1.0,0.0,0.0,0.0,2.3617021276595747,-0.5,12.099200197157645,0.2972972972972973
Richie Szaro,1979,4.0,0.0,0.0259740259740259,0.0,0.0,1.0,0.0,0.0,0.0,0.0,0.0,-0.0,5.025974025974026,0.05
Rick Danmeier,1978,3.892,0.8571428571428571,0.972972972972973,2.528,1.0,0.8,0.6,1.0,0.0,0.0,3.0,-0.5,14.15011583011583,0.5135135135135135
Rick Danmeier,1979,3.612,1.0,0.8701298701298701,2.364,1.0,0.6,0.7142857142857143,1.0,0.0,0.0,2.808510638297873,-1.5,12.468926222713456,0.275
Rick Danmeier,1980,3.472,1.0,0.9759036144578314,2.46,1.0,1.0,0.8,0.2222222222222222,0.0,0.0,2.9375,-0.5,13.367625836680052,0.3611111111111111
Rick Danmeier,1981,3.676,1.105263157894737,1.043010752688172,3.36,1.0,0.8333333333333334,0.9166666666666666,1.3333333333333333,0.0,0.0,2.755102040816327,-0.0,16.02270928473257,0.6470588235294118
Rick Danmeier,1982,4.0,0.8,0.9215686274509804,2.284,1.0,0.8,0.5,1.0,0.0,0.0,2.6875,-0.0,13.99306862745098,0.4210526315789473
Rick Donnelly,1986,4.0,0.0,0.0106382978723404,0.0,1.0,1.0,0.0,0.0,0.0,0.0,0.0,-0.0,6.01063829787234,0.1025641025641025
Ricky Schmitt,2009,4.0,0.0833333333333333,0.08,2.668,1.0,0.0,1.0,1.334,0.0,0.0,2.25,-0.0,12.415333333333333,0.1395348837209302
Riley Patterson,2021,4.0,0.5,0.4583333333333333,3.716,1.0,1.0,1.0,2.0,0.0,0.0,2.672727272727273,-0.0,16.347060606060605,0.38
Riley Patterson,2022,3.892,1.1111111111111112,1.0956521739130434,3.428,1.0,1.0,0.9090909090909092,1.5384615384615383,1.5,2.0,2.8392857142857144,-0.0,20.313601446862315,0.9347826086956522
Riley Patterson,2023,3.728,0.5517241379310345,0.7416666666666667,3.556,1.0,0.6666666666666666,1.0,2.0,1.5,2.0,2.7857142857142856,-0.5,19.029771756978658,0.6976744186046512
Riley Patterson,2024,4.0,0.153846153846154,0.25,2.284,1.0,1.0,1.0,0.0,3.0,0.0,2.736842105263158,-0.0,15.424688259109312,0.0909090909090909
Rob Bironas,2005,3.752,0.9583333333333334,0.9339622641509434,3.172,1.0,1.0,0.8571428571428571,1.4285714285714286,0.0,0.0,3.0576923076923075,-0.5,15.659702190890869,0.4
Rob Bironas,2006,4.0,0.9166666666666666,0.9158878504672896,3.144,1.0,0.9090909090909092,1.0,1.0,0.0,0.0,3.461538461538461,-0.5,15.847183887763324,0.2368421052631578
Rob Bironas,2007,4.0,1.4583333333333333,1.176991150442478,3.588,1.0,0.8333333333333334,1.0,1.8,0.0,0.0,3.230769230769231,-1.0,17.08742704787838,0.5
Rob Bironas,2008,4.0,1.0740740740740742,1.0672268907563025,3.516,1.0,1.0,1.0,1.5789473684210529,1.0,0.0,2.8867924528301887,-0.5,17.623040786081617,0.5365853658536586
Rob Bironas,2009,4.0,1.125,1.18,3.376,1.0,1.0,0.6666666666666666,1.6666666666666667,2.0,0.0,3.0576923076923075,-0.0,19.07202564102564,0.8604651162790697
Rob Bironas,2010,4.0,1.0,1.0377358490566038,3.692,1.0,1.0,0.8888888888888888,2.0,3.0,0.0,3.1132075471698113,-0.0,20.731832285115303,1.0
Rob Bironas,2011,4.0,1.16,1.0254237288135593,3.624,1.0,1.0,0.9,1.8,3.0,0.0,3.0,-0.0,20.50942372881356,1.0
Rob Bironas,2012,4.0,0.9615384615384616,0.9565217391304348,3.224,1.0,1.0,1.0,1.0,3.0,2.0,3.0,-0.5,20.642060200668897,0.9722222222222222
Rob Bironas,2013,4.0,0.9615384615384616,0.9830508474576272,3.448,1.0,1.0,0.8888888888888888,1.4285714285714286,1.5,0.0,3.055555555555556,-0.0,18.265605182011964,0.4285714285714285
Robbie Gould,2005,3.8,0.875,0.7735849056603774,3.112,1.0,1.0,0.9,0.75,1.875,0.0,2.5961538461538463,-0.5,16.181738751814223,0.5777777777777777
Robbie Gould,2006,4.0,1.3333333333333333,1.3364485981308412,3.556,1.0,1.0,0.875,1.7142857142857142,0.0,0.0,2.826923076923077,-0.5,17.141990722672965,0.4473684210526316
Robbie Gould,2007,4.0,1.2916666666666667,1.1150442477876106,3.444,1.0,1.0,0.9230769230769232,1.7142857142857142,0.0,0.0,2.826923076923077,-0.0,17.314996628739994,0.575
Robbie Gould,2008,4.0,0.9629629629629628,1.0,3.588,1.0,1.0,1.0,1.4545454545454546,1.5,0.0,2.716981132075472,-0.0,18.22248954958389,0.7073170731707317
Robbie Gould,2009,4.0,1.0,1.05,3.428,1.0,1.0,1.0,1.4,1.2000000000000002,0.0,3.0,-0.5,17.578,0.6046511627906976
Robbie Gould,2010,4.0,1.0416666666666667,1.0377358490566038,3.332,1.0,1.0,0.8888888888888888,1.1428571428571428,1.5,0.0,3.0566037735849063,-0.0,17.99975232105421,0.6818181818181818
Robbie Gould,2011,4.0,1.12,1.0254237288135593,3.5,1.0,1.0,1.0,1.2,1.7142857142857142,0.0,3.2264150943396226,-0.0,18.786124537438894,0.8157894736842105
Robbie Gould,2012,4.0,0.8076923076923077,0.8347826086956521,3.36,1.0,1.0,0.7142857142857143,1.5555555555555556,0.6666666666666666,0.0,3.0566037735849063,-0.0,16.9955866264808,0.2222222222222222
Robbie Gould,2013,3.912,1.0,1.0423728813559323,3.588,1.0,1.0,0.8571428571428571,1.7142857142857142,3.0,0.0,3.2222222222222223,-0.0,20.336023675006725,0.8571428571428571
Robbie Gould,2014,3.864,0.3461538461538461,0.4741379310344827,3.0,1.0,1.0,0.6666666666666666,1.5,0.0,0.0,2.547169811320755,-0.0,14.398128255175749,0.0833333333333333
Robbie Gould,2015,3.864,1.32,1.1759259259259258,3.384,1.0,1.0,0.8333333333333334,1.5555555555555556,1.7142857142857142,0.0,3.055555555555556,-0.5,18.402656084656083,0.6666666666666666
Robbie Gould,2016,3.48,0.3703703703703703,0.4166666666666667,4.0,1.0,1.0,1.0,2.0,0.0,0.0,2.611111111111111,-0.0,15.878148148148147,0.1666666666666666
Robbie Gould,2017,3.732,1.5,1.3302752293577982,3.804,1.0,0.875,1.0,1.8888888888888888,3.0,0.0,2.8888888888888884,-0.0,21.01905300713558,0.9545454545454546
Robbie Gould,2018,3.724,1.434782608695652,1.135135135135135,3.884,1.0,1.0,1.0,1.8,2.0,0.0,2.9444444444444446,-0.5,19.42236218827523,0.7857142857142857
Robbie Gould,2019,3.904,1.0,1.0476190476190477,2.968,1.0,1.0,0.8,1.5,2.0,0.0,2.611111111111111,-0.5,17.33073015873016,0.4761904761904761
Robbie Gould,2020,3.788,0.76,0.8378378378378378,3.304,1.0,1.0,0.8333333333333334,1.8,0.0,0.0,2.8363636363636364,-0.5,15.659534807534808,0.3469387755102041
Robbie Gould,2021,3.9,0.7692307692307693,0.825,3.48,1.0,1.0,1.0,1.5555555555555556,3.0,0.0,2.8363636363636364,-0.5,18.86614996114996,0.72
Robbie Gould,2022,3.92,1.0,1.1391304347826088,3.376,1.0,0.9285714285714286,1.0,1.2727272727272727,2.4000000000000004,0.0,2.7321428571428568,-0.0,18.768571993224167,0.717391304347826
Robert Nelson,1945,0.0,0.25,0.088235294117647,1.0,0.0,0.0,0.0,0.0,0.0,0.0,0.0,0.0,1.338235294117647,0.4705882352941176
Roberto Aguayo,2016,3.764,0.8148148148148148,0.8166666666666667,2.84,1.0,1.0,0.8666666666666667,0.8,0.0,0.0,2.388888888888889,-0.5,13.791037037037038,0.0555555555555555
Rodrigo Blankenship,2020,3.824,1.28,1.2522522522522523,3.46,1.0,1.0,0.9230769230769232,1.6363636363636365,1.0,0.0,2.8909090909090907,-0.0,18.266601902601906,0.5714285714285714
Rodrigo Blankenship,2021,3.5,0.4230769230769231,0.3333333333333333,3.144,1.0,1.0,0.75,1.6666666666666667,0.0,0.0,2.618181818181818,-0.5,13.935258741258744,0.28
Rodrigo Blankenship,2022,3.2,0.1481481481481481,0.1391304347826087,3.2,1.0,1.0,0.8,1.0,0.0,0.0,2.678571428571429,-0.0,13.165850011502188,0.108695652173913
Roger LeClerc,1961,3.904,1.1111111111111112,1.1111111111111112,1.668,0.0,0.0,0.0,0.0,0.0,0.0,0.0,0.0,7.794222222222221,0.6785714285714286
Roger LeClerc,1962,3.6,1.4444444444444444,1.293103448275862,1.924,0.0,0.0,0.0,0.0,0.0,0.0,0.0,0.0,8.261547892720307,0.7391304347826086
Roger LeClerc,1963,0.0,1.4444444444444444,0.7222222222222222,2.26,0.0,0.0,0.0,0.0,0.0,0.0,0.0,0.0,4.426666666666666,0.25
Roger LeClerc,1964,0.0,0.8333333333333334,0.4477611940298507,2.5,0.0,0.0,0.0,0.0,0.0,0.0,0.0,0.0,3.781094527363184,0.2727272727272727
Roger LeClerc,1965,4.0,1.1,1.4406779661016949,1.692,0.0,0.0,0.0,0.0,0.0,0.0,0.0,0.0,8.232677966101694,0.6363636363636364
Roger LeClerc,1966,3.84,1.3846153846153846,1.0129870129870129,2.4,0.0,0.0,0.0,0.0,0.0,0.0,0.0,0.0,8.637602397602398,0.6363636363636364
Roger Ruzek,1987,4.0,1.2941176470588236,1.108433734939759,3.52,1.0,1.0,0.8571428571428571,1.6,0.0,0.0,2.94,-0.5,16.81969423914144,0.8666666666666667
Roger Ruzek,1988,4.0,0.6,0.6494845360824743,2.18,1.0,0.8,0.5714285714285714,0.857142857142857,1.0,0.0,3.0,-0.5,14.158055964653904,0.3846153846153846
Roger Ruzek,1989,3.864,0.6190476190476191,0.7052631578947368,2.364,1.0,0.75,0.6,0.8,0.0,0.0,2.76,-0.0,13.462310776942356,0.2222222222222222
Roger Ruzek,1990,3.752,1.05,1.173913043478261,2.896,1.0,0.7142857142857143,0.75,1.1428571428571428,3.0,0.0,3.18,-0.0,18.659055900621116,0.9375
Roger Ruzek,1991,3.724,1.3333333333333333,1.15625,3.392,1.0,1.0,0.9,1.6,1.0,0.0,2.9423076923076925,-0.0,18.047891025641025,0.8181818181818182
Roger Ruzek,1992,3.636,0.8421052631578947,0.946236559139785,2.56,1.0,1.0,0.6666666666666666,0.923076923076923,3.0,0.0,2.8846153846153846,-0.5,16.958700796656654,0.6875
Roger Ruzek,1993,3.248,0.32,0.3523809523809524,3.2,1.0,1.0,0.6,2.0,0.0,0.0,2.60377358490566,-0.0,14.324154537286612,0.2333333333333333
Rolf Benirschke,1977,3.5,1.3076923076923077,1.180327868852459,2.956,1.0,1.0,0.6666666666666666,1.5,0.0,0.0,3.0,-2.5,13.610686843211433,0.6216216216216216
Rolf Benirschke,1978,3.44,1.2857142857142858,1.2297297297297298,3.272,1.0,0.9,0.6666666666666666,1.5,0.0,0.0,2.808510638297873,-0.0,16.102621320408556,0.8918918918918919
Rolf Benirschke,1979,3.692,0.3076923076923077,0.3116883116883117,4.0,1.0,1.0,1.0,2.0,0.0,0.0,2.6808510638297873,-0.0,15.992231683210406,0.775
Rolf Benirschke,1980,3.832,1.5,1.4216867469879515,2.668,1.0,0.875,0.6666666666666666,1.2,1.5,0.0,3.3125,-1.0,16.97585341365462,0.9166666666666666
Rolf Benirschke,1981,3.608,1.0,1.2043010752688172,2.924,1.0,1.0,0.625,1.5,1.2000000000000002,0.0,3.183673469387755,-0.5,16.744974544656575,0.7941176470588235
Rolf Benirschke,1982,3.764,1.6,1.568627450980392,2.908,1.0,0.8571428571428571,0.0,2.0,0.6000000000000001,0.0,3.1875,-0.0,17.485270308123248,0.868421052631579
Rolf Benirschke,1983,3.824,0.8333333333333334,0.8888888888888888,2.5,1.0,1.0,0.7142857142857143,0.5714285714285714,1.0,0.0,3.0,-0.5,14.831936507936506,0.4285714285714285
Rolf Benirschke,1984,4.0,0.85,0.92,2.616,1.0,0.6666666666666666,0.75,1.4545454545454546,0.75,0.0,2.9423076923076925,-0.0,15.949519813519814,0.4857142857142857
Rolf Benirschke,1985,4.0,0.0,0.0198019801980198,0.0,1.0,1.0,0.0,0.0,0.0,0.0,0.0,-0.0,6.01980198019802,0.2051282051282051
Rolf Benirschke,1986,3.804,0.8421052631578947,0.925531914893617,2.56,1.0,0.6666666666666666,0.625,1.2,1.5,0.0,2.9411764705882355,-0.5,15.564480315306412,0.5897435897435898
Roy Gerela,1970,4.0,0.9473684210526316,0.875,2.248,1.0,0.8,0.75,0.4285714285714284,0.0,0.0,2.938775510204082,-1.5,12.487715359828142,0.4193548387096774
Roy Gerela,1971,4.0,1.0,0.9069767441860463,2.52,0.9128709291752768,0.7142857142857143,0.5714285714285714,1.0,0.0,0.0,2.755102040816327,-1.0,13.380663999891937,0.5294117647058824
Roy Gerela,1972,3.888,1.4,1.2526315789473683,2.732,1.0,0.8,0.6666666666666666,0.6666666666666666,0.0,0.0,3.0,-0.5,14.905964912280702,0.75
Roy Gerela,1973,3.892,1.380952380952381,1.3085106382978724,2.696,0.9486832980505138,0.8333333333333334,0.5555555555555556,0.8333333333333334,0.0,0.0,3.0625,-1.5,14.01086853952299,0.6176470588235294
Roy Gerela,1974,3.772,1.818181818181818,1.388059701492537,2.76,1.0,0.8888888888888888,0.6666666666666666,1.1428571428571428,0.0,0.0,2.9347826086956523,-1.0,15.371436826782706,0.8529411764705882
Roy Gerela,1975,3.828,1.3076923076923077,1.2025316455696202,3.24,1.0,1.0,0.7142857142857143,1.0,0.0,0.0,2.625,-1.0,14.917509667547645,0.7333333333333333
Roy Gerela,1976,3.72,0.9333333333333332,1.108108108108108,2.152,1.0,0.3333333333333333,0.6,1.1428571428571428,0.0,0.0,2.9375,-0.5,13.427131917631918,0.5757575757575758
Roy Gerela,1977,3.676,0.6923076923076923,1.0,2.572,1.0,0.8,1.0,1.0,0.0,0.0,3.127659574468085,-0.0,14.86796726677578,0.8108108108108109
Roy Gerela,1978,3.912,0.8571428571428571,1.0810810810810811,1.848,1.0,0.8333333333333334,0.3333333333333333,0.75,0.0,0.0,2.808510638297873,-1.5,11.923401243188476,0.2432432432432432
Roy Gerela,1979,3.428,0.0769230769230769,0.1168831168831168,0.572,1.0,0.5,0.0,0.0,0.0,0.0,1.6595744680851063,-0.0,7.3533806618913005,0.125
Roy McKay,1946,4.0,0.0,0.05,0.0,0.0,0.0,0.0,0.0,0.0,0.0,0.0,0.0,4.05,0.44
Roy McKay,1947,4.0,0.0,0.0208333333333333,0.0,0.0,0.0,0.0,0.0,0.0,0.0,0.0,0.0,4.020833333333333,0.391304347826087
Roy Zimmerman,1940,0.0,0.0,0.0,0.0,0.0,0.0,0.0,0.0,0.0,0.0,0.0,0.0,0.0,0.1219512195121951
Roy Zimmerman,1941,0.0,0.0,0.0,0.0,0.0,0.0,0.0,0.0,0.0,0.0,0.0,0.0,0.0,0.1590909090909091
Roy Zimmerman,1942,4.0,0.3333333333333333,0.1739130434782608,4.0,0.0,0.0,0.0,0.0,0.0,0.0,0.0,0.0,8.507246376811594,0.9361702127659576
Roy Zimmerman,1943,3.716,0.5,1.0,0.572,0.0,0.0,0.0,0.0,0.0,0.0,0.0,0.0,5.788,0.7878787878787878
Roy Zimmerman,1944,3.764,2.0,1.4666666666666666,2.0,0.0,0.0,0.0,0.0,0.0,0.0,0.0,0.0,9.230666666666666,0.967741935483871
Roy Zimmerman,1945,3.516,1.0,1.2058823529411764,2.0,0.0,0.0,0.0,0.0,0.0,0.0,0.0,0.0,7.721882352941177,0.9117647058823528
Roy Zimmerman,1946,4.0,0.4,0.2,2.0,0.0,0.0,0.0,0.0,0.0,0.0,0.0,0.0,6.6000000000000005,0.72
Roy Zimmerman,1947,3.872,0.8333333333333334,0.9375,1.82,0.0,0.0,0.0,0.0,0.0,0.0,0.0,0.0,7.462833333333333,0.6521739130434783
Roy Zimmerman,1948,3.468,0.2,0.3636363636363636,1.0,0.0,0.0,0.0,0.0,0.0,0.0,0.0,0.0,5.0316363636363635,0.5217391304347826
Russ Lowther,1945,0.0,0.0,0.0,0.0,0.0,0.0,0.0,0.0,0.0,0.0,0.0,0.0,0.0,0.4411764705882353
Russell Erxleben,1979,4.0,0.1538461538461538,0.1298701298701298,4.0,1.0,1.0,1.0,2.0,0.0,0.0,2.4255319148936167,-0.0,15.7092481986099,0.725
Russell Erxleben,1980,4.0,0.125,0.0963855421686747,1.6,1.0,1.0,0.25,0.8,0.0,0.0,2.3125,-0.0,11.183885542168676,0.1388888888888889
Russell Erxleben,1981,0.0,0.0,0.0,0.0,0.0,0.0,0.0,0.0,0.0,0.0,0.0,0.0,0.0,0.0
Russell Erxleben,1982,4.0,0.0,0.0196078431372549,0.0,1.0,0.0,0.0,0.0,0.0,0.0,0.0,-0.0,5.019607843137255,0.131578947368421
Ryan Longwell,1997,4.0,1.0,1.1214953271028036,3.2,1.0,0.875,0.7692307692307693,1.0,3.0,0.0,2.8846153846153846,-0.5,18.35034148094896,0.7428571428571429
Ryan Longwell,1998,3.812,1.318181818181818,1.292929292929293,3.516,1.0,1.0,0.8666666666666667,1.8,0.0,0.0,2.5961538461538463,-0.5,16.701931623931625,0.4864864864864865
Ryan Longwell,1999,4.0,1.0416666666666667,1.0660377358490567,3.332,1.0,0.8888888888888888,0.8888888888888888,1.6,1.5,0.0,2.9411764705882355,-0.0,18.258658650881735,0.6410256410256411
Ryan Longwell,2000,4.0,1.375,1.2476190476190476,3.472,1.0,0.875,1.0,1.7333333333333334,2.0,0.0,3.0588235294117645,-0.0,19.761775910364147,0.9523809523809524
Ryan Longwell,2001,3.912,0.8695652173913043,1.0297029702970295,2.58,1.0,0.75,0.9,1.0,0.0,0.0,3.1764705882352944,-0.0,15.217738775923628,0.3658536585365853
Ryan Longwell,2002,4.0,1.2173913043478262,1.2427184466019416,3.296,1.0,0.8888888888888888,0.9230769230769232,1.4,1.5,0.0,2.8823529411764706,-0.0,18.35042850409205,0.8666666666666667
Ryan Longwell,2003,4.0,1.0454545454545454,1.1764705882352942,3.54,1.0,1.0,1.0,1.3333333333333333,0.0,0.0,2.9411764705882355,-0.5,16.53643493761141,0.5714285714285714
Ryan Longwell,2004,4.0,1.0909090909090908,1.2,3.428,1.0,1.0,0.8888888888888888,1.5,2.25,0.0,3.1176470588235303,-0.0,19.47544503862151,0.9285714285714286
Ryan Longwell,2005,3.872,0.8333333333333334,0.8490566037735849,2.964,1.0,1.0,0.6,1.2,2.4000000000000004,0.0,3.0576923076923075,-0.5,17.276082244799223,0.7555555555555555
Ryan Longwell,2006,3.856,0.875,0.8411214953271028,3.36,1.0,1.0,1.0,1.3333333333333333,3.0,0.0,2.826923076923077,-1.0,18.092377905583515,0.631578947368421
Ryan Longwell,2007,3.9,0.8333333333333334,0.8761061946902655,3.332,1.0,1.0,1.0,1.8181818181818183,0.0,0.0,3.1730769230769234,-0.0,16.93269826928234,0.425
Ryan Longwell,2008,4.0,1.0740740740740742,1.0672268907563025,3.412,1.0,1.0,0.7777777777777778,1.3333333333333333,2.0,0.0,3.0566037735849063,-0.5,18.221015849526395,0.6829268292682927
Ryan Longwell,2009,3.928,1.0833333333333333,1.32,3.716,1.0,1.0,0.8333333333333334,1.7777777777777777,3.0,0.0,3.0,-0.5,20.158444444444445,0.9534883720930232
Ryan Longwell,2010,3.872,0.7083333333333334,0.7641509433962265,3.776,1.0,1.0,0.8888888888888888,2.0,0.0,0.0,2.716981132075472,-0.0,16.72635429769392,0.4318181818181818
Ryan Longwell,2011,3.896,0.88,0.8813559322033898,3.144,1.0,1.0,0.875,1.2,3.0,0.0,3.0,-1.0,17.87635593220339,0.5263157894736842
Ryan Quigley,2015,4.0,0.0,0.037037037037037,0.0,1.0,1.0,0.0,0.0,0.0,0.0,0.0,-0.0,6.037037037037037,0.0256410256410256
Ryan Santoso,2021,3.0,0.1538461538461538,0.15,3.2,1.0,1.0,1.0,0.0,0.0,0.0,1.9090909090909092,-0.0,11.412937062937065,0.14
Ryan Succop,2009,4.0,1.0416666666666667,1.04,3.448,1.0,1.0,1.0,1.7142857142857142,2.0,0.0,3.0576923076923075,-1.0,18.30164468864469,0.7906976744186046
Ryan Succop,2010,4.0,0.8333333333333334,0.9622641509433962,3.076,1.0,1.0,0.7777777777777778,1.5,0.0,0.0,3.0,-0.0,16.14937526205451,0.3636363636363636
Ryan Succop,2011,4.0,0.96,0.7796610169491526,3.2,1.0,1.0,0.8571428571428571,1.1666666666666667,0.0,0.0,3.0566037735849063,-0.5,15.520074314343582,0.2105263157894736
Ryan Succop,2012,4.0,1.0769230769230769,0.8782608695652174,3.296,1.0,0.8,0.8,1.6666666666666667,1.6363636363636362,1.0,2.943396226415094,-0.0,19.09761047593369,0.7222222222222222
Ryan Succop,2013,4.0,0.8461538461538461,1.0,3.144,1.0,1.0,0.9,1.5,1.2000000000000002,0.0,2.833333333333333,-0.0,17.42348717948718,0.2285714285714285
Ryan Succop,2014,4.0,0.7307692307692307,0.7241379310344828,3.456,1.0,1.0,1.0,1.25,1.5,0.0,2.8867924528301887,-0.0,17.547699614633903,0.4166666666666667
Ryan Succop,2015,3.74,0.56,0.6574074074074074,3.5,1.0,1.0,1.0,2.0,1.0,0.0,2.833333333333333,-0.0,17.29074074074074,0.3333333333333333
Ryan Succop,2016,3.804,0.8148148148148148,0.875,3.668,1.0,1.0,1.0,2.0,0.0,0.0,2.9444444444444446,-0.5,16.60625925925926,0.3055555555555556
Ryan Succop,2017,3.756,1.3461538461538465,1.2477064220183487,3.332,1.0,1.0,1.0,1.6,2.4000000000000004,0.0,2.8888888888888884,-1.0,18.570749157061083,0.6136363636363636
Ryan Succop,2018,3.612,1.1304347826086956,0.954954954954955,3.468,1.0,0.8333333333333334,1.0,1.4285714285714286,2.0,0.0,3.0,-0.0,18.427294499468413,0.5476190476190477
Ryan Succop,2019,3.84,0.0434782608695652,0.2571428571428571,0.668,1.0,1.0,1.0,0.0,1.0,0.0,1.7222222222222223,-0.5,10.030843340234645,0.0714285714285714
Ryan Succop,2020,3.648,1.12,1.2252252252252251,3.612,1.0,1.0,1.0,1.5555555555555556,2.5,0.0,2.7272727272727275,-0.0,19.38805350805351,0.8571428571428571
Ryan Succop,2021,3.796,0.9615384615384616,1.0916666666666666,3.332,1.0,1.0,0.875,1.4,2.0999999999999996,0.0,2.618181818181818,-0.0,18.174386946386942,0.62
Ryan Succop,2022,3.84,1.148148148148148,1.017391304347826,3.264,1.0,0.9090909090909092,0.875,2.0,2.1818181818181817,0.0,2.8928571428571432,-1.0,18.128305686262205,0.5
Sam Baker,1956,3.368,1.7,1.1166666666666667,2.72,0.0,0.0,0.0,0.0,0.0,0.0,0.0,0.0,8.904666666666667,0.9523809523809524
Sam Baker,1957,3.868,1.4,1.1451612903225807,2.436,0.0,0.0,0.0,0.0,0.0,0.0,0.0,0.0,8.84916129032258,0.9047619047619048
Sam Baker,1958,4.0,1.181818181818182,1.0666666666666669,2.0,0.0,0.0,0.0,0.0,0.0,0.0,0.0,0.0,8.248484848484848,0.8636363636363636
Sam Baker,1959,3.82,1.25,0.9807692307692308,1.82,0.0,0.0,0.0,0.0,0.0,0.0,0.0,0.0,7.870769230769231,0.8
Sam Baker,1960,3.828,1.7142857142857142,1.818181818181818,2.4,0.0,0.0,0.0,0.0,0.0,0.0,0.0,0.0,9.760467532467532,0.8461538461538461
Sam Baker,1961,0.0,0.0,0.0,0.0,0.0,0.0,0.0,0.0,0.0,0.0,0.0,0.0,0.0,0.25
Sam Baker,1962,3.92,1.5555555555555556,1.5862068965517242,2.076,0.0,0.0,0.0,0.0,0.0,0.0,0.0,0.0,9.13776245210728,0.8695652173913043
Sam Baker,1963,4.0,1.0,1.2037037037037035,1.8,0.0,0.0,0.0,0.0,0.0,0.0,0.0,0.0,8.003703703703703,0.6
Sam Baker,1964,3.892,1.3333333333333333,1.2537313432835822,2.46,0.0,0.0,0.0,0.0,0.0,0.0,0.0,0.0,8.939064676616916,0.8181818181818182
Sam Baker,1965,3.8,0.9,1.1016949152542372,1.564,0.0,0.0,0.0,0.0,0.0,0.0,0.0,0.0,7.365694915254237,0.5454545454545454
Sam Baker,1966,3.896,1.3846153846153846,1.1948051948051948,2.88,0.0,0.0,0.0,0.0,0.0,0.0,0.0,0.0,9.355420579420578,0.8636363636363636
Sam Baker,1967,4.0,1.5,1.4464285714285714,2.528,0.0,0.0,0.0,0.0,0.0,0.0,0.0,0.0,9.474428571428572,0.8214285714285714
Sam Baker,1968,3.24,2.111111111111111,1.48,2.532,0.0,0.0,0.0,0.0,0.0,0.0,0.0,0.0,9.363111111111111,0.625
Sam Baker,1969,4.0,1.4545454545454546,1.2741935483870968,2.132,0.816496580927726,0.6666666666666666,0.6666666666666666,0.923076923076923,0.0,0.0,3.710526315789474,0.0,15.644172156060009,0.7727272727272727
Sam Busich,1943,4.0,0.0,0.0344827586206896,0.0,0.0,0.0,0.0,0.0,0.0,0.0,0.0,0.0,4.0344827586206895,0.6666666666666666
Sam Ficken,2017,3.2,0.0769230769230769,0.091743119266055,2.668,1.0,1.0,0.0,1.334,0.0,0.0,1.2777777777777777,-0.0,10.64844397396691,0.0909090909090909
Sam Ficken,2018,4.0,0.0434782608695652,0.1171171171171171,1.332,1.0,0.0,1.0,0.0,0.0,0.0,1.8888888888888888,-0.0,9.381484266875573,0.0476190476190476
Sam Ficken,2019,3.54,0.8260869565217391,0.7619047619047619,2.816,1.0,1.0,0.875,1.2727272727272727,3.0,0.0,3.0,-0.5,17.591718991153776,0.5
Sam Ficken,2020,3.2,0.52,0.4594594594594595,3.468,1.0,1.0,1.0,2.0,0.0,0.0,2.9454545454545453,-0.5,15.092914004914004,0.3061224489795918
Sam Francis,1940,0.0,0.0,0.0,0.0,0.0,0.0,0.0,0.0,0.0,0.0,0.0,0.0,0.0,0.1219512195121951
Sammy Baugh,1945,0.0,0.0,0.0,0.0,0.0,0.0,0.0,0.0,0.0,0.0,0.0,0.0,0.0,0.4411764705882353
Samuel Sloman,2020,3.54,0.4,0.4774774774774775,3.076,1.0,0.6666666666666666,1.0,1.3333333333333333,1.0,0.0,2.5636363636363635,-0.5,14.557113841113845,0.2448979591836734
Sandro Vitiello,1980,4.0,0.0,0.0120481927710843,0.0,1.0,1.0,0.0,0.0,0.0,0.0,0.0,-0.5,5.5120481927710845,0.0555555555555555
Sandy Sanford,1940,2.4,0.0,0.1578947368421052,0.0,0.0,0.0,0.0,0.0,0.0,0.0,0.0,0.0,2.557894736842105,0.2926829268292683
Scott Bentley,1997,4.0,0.0833333333333333,0.0934579439252336,2.668,1.0,1.0,1.0,0.0,0.0,0.0,1.9038461538461535,-0.0,11.74863743110472,0.0857142857142857
Scott Bentley,1998,0.0,0.0,0.0,0.0,0.0,0.0,0.0,0.0,0.0,0.0,0.0,0.0,0.0,0.027027027027027
Scott Bentley,1999,0.0,0.0,0.0,0.0,0.0,0.0,0.0,0.0,0.0,0.0,0.0,0.0,0.0,0.0256410256410256
Scott Bentley,2000,0.0,0.0416666666666666,0.0285714285714285,4.0,1.0,1.0,1.0,2.0,0.0,0.0,2.9411764705882355,-0.0,12.011414565826332,0.0952380952380952
Scott Blanton,1996,4.0,1.0833333333333333,1.0925925925925926,3.248,1.0,1.0,1.0,0.5714285714285714,2.0,0.0,3.18,-0.5,17.675354497354498,0.6666666666666666
Scott Blanton,1997,4.0,0.6666666666666666,0.7663551401869159,2.668,1.0,1.0,0.8333333333333334,1.0,0.75,0.0,2.8846153846153846,-0.0,15.568970524802303,0.3142857142857143
Scott Blanton,1998,4.0,0.0909090909090909,0.101010101010101,2.0,1.0,1.0,0.5,1.0,0.0,0.0,2.6538461538461537,-0.0,12.345765345765344,0.1621621621621621
Scott Hagler,1987,4.0,0.1176470588235294,0.1204819277108433,4.0,1.0,1.0,1.0,2.0,0.0,0.0,1.44,-0.0,14.678128986534372,0.6
Scott Norwood,1985,4.0,0.5909090909090909,0.6138613861386139,3.06,1.0,0.875,0.5,1.6,0.0,0.0,2.8823529411764706,-2.0,13.122123418224175,0.3333333333333333
Scott Norwood,1986,3.764,0.8947368421052632,0.8829787234042553,2.52,1.0,1.0,1.0,0.75,0.0,0.0,2.8235294117647056,-0.5,14.135244977274224,0.358974358974359
Scott Norwood,1987,4.0,0.5882352941176471,0.7349397590361446,2.668,1.0,0.75,0.6666666666666666,1.2,0.0,0.0,2.7,-0.5,13.80784171982046,0.4666666666666667
Scott Norwood,1988,4.0,1.6,1.3298969072164948,3.46,1.0,1.0,0.9375,1.3333333333333333,0.0,0.0,2.94,-0.0,17.60073024054983,0.9230769230769232
Scott Norwood,1989,3.916,1.0952380952380951,1.2105263157894737,3.068,1.0,0.8333333333333334,0.8888888888888888,1.3333333333333333,0.0,0.0,2.88,-0.5,15.725319966583124,0.5
Scott Norwood,1990,3.848,1.0,1.1956521739130437,2.76,1.0,0.8181818181818182,0.625,1.2,0.0,0.0,2.88,-1.0,14.326833992094862,0.21875
Scott Norwood,1991,3.864,0.8571428571428571,1.1458333333333333,2.484,1.0,0.875,0.4285714285714285,1.1111111111111112,1.5,0.0,3.0,-0.0,16.265658730158727,0.4545454545454545
Scott Sisson,1993,4.0,0.56,0.5428571428571428,2.152,1.0,0.6153846153846154,0.75,0.6666666666666666,0.0,0.0,2.264150943396227,-0.0,12.551059368304651,0.0666666666666666
Scott Sisson,1994,0.0,0.0,0.0,0.0,0.0,0.0,0.0,0.0,0.0,0.0,0.0,0.0,0.0,0.0606060606060606
Scott Sisson,1995,0.0,0.0,0.0,0.0,0.0,0.0,0.0,0.0,0.0,0.0,0.0,0.0,0.0,0.0
Scott Sisson,1996,4.0,0.9166666666666666,0.8888888888888888,3.036,1.0,1.0,0.7857142857142857,0.857142857142857,0.0,0.0,2.64,-0.5,14.6244126984127,0.2424242424242424
Sebastian Janikowski,2000,4.0,0.9166666666666666,1.0666666666666669,2.752,1.0,1.0,0.8571428571428571,1.1428571428571428,0.0,0.0,3.1764705882352944,-2.0,13.911803921568628,0.238095238095238
Sebastian Janikowski,2001,4.0,1.0,1.099009900990099,3.284,1.0,1.0,0.9,1.3333333333333333,1.5,0.0,3.0588235294117645,-0.5,17.6751667637352,0.6829268292682927
Sebastian Janikowski,2002,4.0,1.1304347826086956,1.2427184466019416,3.152,1.0,0.9090909090909092,0.875,1.1666666666666667,0.0,0.0,3.0,-0.5,15.975910804968215,0.5111111111111111
Sebastian Janikowski,2003,3.864,1.0,0.9215686274509804,3.52,1.0,1.0,1.0,1.8,1.5,0.0,3.235294117647059,-1.5,17.34086274509804,0.6904761904761905
Sebastian Janikowski,2004,3.876,1.1363636363636365,1.06,3.572,1.0,1.0,0.875,1.6,1.5,0.0,3.0588235294117645,-0.0,18.6781871657754,0.7857142857142857
Sebastian Janikowski,2005,4.0,0.8333333333333334,0.8490566037735849,2.668,1.0,0.875,0.8333333333333334,1.1666666666666667,0.0,0.0,2.826923076923077,-0.5,14.552313014029997,0.3111111111111111
Sebastian Janikowski,2006,4.0,0.75,0.6542056074766355,2.88,1.0,0.6666666666666666,0.8181818181818182,2.0,3.0,0.0,3.1730769230769234,-0.5,18.442131015402044,0.7368421052631579
Sebastian Janikowski,2007,4.0,0.9583333333333334,0.8584070796460177,2.876,1.0,1.0,0.8571428571428571,1.4,3.0,0.0,3.115384615384615,-0.0,19.065267885506824,0.95
Sebastian Janikowski,2008,3.848,0.8888888888888888,0.8151260504201681,3.2,1.0,1.0,1.0,1.0,3.0,0.0,3.2264150943396226,-0.5,18.47843003364868,0.7560975609756098
Sebastian Janikowski,2009,4.0,1.0833333333333333,0.95,3.588,1.0,1.0,1.0,1.8,1.5,0.0,3.519230769230769,-1.5,17.940564102564103,0.6511627906976745
Sebastian Janikowski,2010,4.0,1.375,1.339622641509434,3.22,1.0,1.0,0.9285714285714286,1.3333333333333333,1.7142857142857142,0.0,3.339622641509434,-0.0,19.250435759209346,0.9090909090909092
Sebastian Janikowski,2011,4.0,1.24,1.0932203389830508,3.544,1.0,1.0,1.0,1.8181818181818183,1.5,0.0,3.5660377358490565,-0.5,19.26143989301393,0.8947368421052632
Sebastian Janikowski,2012,4.0,1.1923076923076923,1.0260869565217392,3.648,1.0,1.0,1.0,2.0,3.0,0.0,3.2264150943396226,-0.0,21.092809743169056,1.0
Sebastian Janikowski,2013,4.0,0.8076923076923077,0.847457627118644,2.8,1.0,1.0,0.6666666666666666,1.4545454545454546,1.5,0.0,2.9444444444444446,-0.5,16.520806500467515,0.1142857142857142
Sebastian Janikowski,2014,4.0,0.7307692307692307,0.7327586206896551,3.456,1.0,1.0,1.0,1.8,1.5,0.0,3.2264150943396226,-1.5,16.94594294579851,0.2777777777777778
Sebastian Janikowski,2015,3.896,0.84,0.9351851851851852,3.232,1.0,1.0,0.8333333333333334,1.25,2.0,0.0,3.1111111111111107,-0.5,17.59762962962963,0.3846153846153846
Sebastian Janikowski,2016,3.796,1.0740740740740742,1.0333333333333334,3.316,1.0,1.0,1.0,1.8181818181818183,1.5,0.0,3.1111111111111107,-1.0,17.648700336700337,0.4444444444444444
Sebastian Janikowski,2017,0.0,0.0,0.0,0.0,0.0,0.0,0.0,0.0,0.0,0.0,0.0,0.0,0.0,0.0
Sebastian Janikowski,2018,3.764,0.9565217391304348,1.027027027027027,3.26,1.0,1.0,0.8181818181818182,1.7777777777777777,3.0,0.0,3.1111111111111107,-0.0,19.71461947322817,0.8571428571428571
Sergio Castillo,2020,3.428,0.32,0.2702702702702703,2.46,1.0,0.5,0.75,0.8,1.7999999999999998,0.0,3.0,-0.5,13.82827027027027,0.2244897959183673
Seth Marler,2003,4.0,0.9090909090909092,0.8823529411764706,2.424,1.0,0.9090909090909092,0.5,0.8333333333333334,0.75,0.0,3.1176470588235303,-0.0,15.325515151515152,0.3809523809523809
Shane Andrus,2009,4.0,0.0,0.1,0.0,1.0,1.0,0.0,0.0,0.0,0.0,0.0,-0.5,5.6,0.0930232558139534
Shane Andrus,2010,4.0,0.0833333333333333,0.0849056603773584,2.0,1.0,1.0,0.5,0.0,0.0,0.0,2.150943396226415,-0.0,10.819182389937106,0.1136363636363636
Shane Lechler,2000,4.0,0.0,0.0666666666666666,0.0,1.0,1.0,0.0,0.0,3.0,0.0,0.0,-0.0,9.066666666666666,0.0714285714285714
Shaun Suisham,2005,4.0,0.125,0.160377358490566,3.0,1.0,1.0,0.75,0.0,0.0,0.0,1.2692307692307692,-0.0,11.304608127721334,0.2222222222222222
Shaun Suisham,2006,4.0,0.375,0.3831775700934579,3.272,1.0,1.0,0.8571428571428571,2.0,1.5,0.0,3.0,-0.0,17.387320427236315,0.5789473684210527
Shaun Suisham,2007,3.868,1.2083333333333333,1.0265486725663715,3.316,1.0,1.0,0.8,1.5384615384615383,1.2000000000000002,0.0,2.8846153846153846,-0.5,17.341958928976627,0.6
Shaun Suisham,2008,4.0,0.9629629629629628,0.865546218487395,2.888,1.0,1.0,0.7777777777777778,1.375,2.25,0.0,2.830188679245283,-0.0,17.94947563847342,0.6585365853658537
Shaun Suisham,2009,3.848,0.8333333333333334,0.85,3.332,1.0,0.9,0.7142857142857143,2.0,0.0,0.0,2.7692307692307696,-0.0,16.246849816849817,0.4418604651162791
Shaun Suisham,2010,4.0,0.5833333333333334,0.5754716981132075,3.732,1.0,1.0,1.0,1.7777777777777777,3.0,0.0,2.716981132075472,-0.0,19.38556394129979,0.9318181818181818
Shaun Suisham,2011,4.0,0.92,0.8898305084745762,2.968,1.0,1.0,0.75,1.0909090909090908,3.0,0.0,2.8867924528301887,-0.0,18.505532052213855,0.7368421052631579
Shaun Suisham,2012,4.0,1.0769230769230769,1.0260869565217392,3.612,1.0,0.875,1.0,2.0,2.0,0.0,2.943396226415094,-0.5,19.03340625985991,0.6944444444444444
Shaun Suisham,2013,4.0,1.1538461538461535,1.0932203389830508,3.752,1.0,1.0,0.8666666666666667,2.0,0.0,0.0,2.6666666666666665,-0.0,17.53239982616254,0.2571428571428571
Shaun Suisham,2014,4.0,1.1153846153846154,1.137931034482759,3.624,1.0,0.9230769230769232,1.0,2.0,3.0,0.0,3.0,-0.0,20.800392572944297,0.9722222222222222
Shayne Graham,2001,4.0,0.2608695652173913,0.2475247524752475,3.0,1.0,1.0,0.75,1.0,0.0,0.0,2.4117647058823533,-0.0,13.670159023574993,0.2195121951219512
Shayne Graham,2002,4.0,0.5652173913043478,0.5825242718446602,2.888,1.0,0.5,0.6666666666666666,1.5,0.0,0.0,2.9411764705882355,-1.0,13.643584800403907,0.2222222222222222
Shayne Graham,2003,4.0,1.0,1.03921568627451,3.52,1.0,1.0,1.0,1.75,0.0,0.0,2.8235294117647056,-0.0,17.132745098039216,0.6666666666666666
Shayne Graham,2004,4.0,1.2272727272727273,1.22,3.484,1.0,1.0,0.8333333333333334,1.75,2.0,0.0,3.1176470588235303,-0.0,19.632253119429592,0.9523809523809524
Shayne Graham,2005,4.0,1.1666666666666667,1.2358490566037736,3.5,1.0,1.0,0.9090909090909092,1.5555555555555556,0.0,0.0,2.826923076923077,-0.0,17.194085264839984,0.7333333333333333
Shayne Graham,2006,3.808,1.0416666666666667,1.074766355140187,3.332,1.0,1.0,0.8888888888888888,1.5,1.0,0.0,2.9423076923076925,-1.0,16.587629603003435,0.3421052631578947
Shayne Graham,2007,4.0,1.2916666666666667,1.1504424778761062,3.648,1.0,0.9166666666666666,1.0,1.7142857142857142,2.25,0.0,2.7692307692307696,-1.0,18.74029229472592,0.9
Shayne Graham,2008,4.0,0.7777777777777778,0.6554621848739496,3.5,1.0,1.0,0.8571428571428571,1.6363636363636365,2.4000000000000004,0.0,2.547169811320755,-0.5,17.873916267478975,0.6097560975609756
Shayne Graham,2009,3.864,0.9583333333333334,0.97,3.284,1.0,0.9090909090909092,0.8,2.0,1.5,0.0,3.0576923076923075,-1.0,17.343116550116548,0.5581395348837209
Shayne Graham,2010,3.804,0.5,0.7075471698113207,4.0,1.0,1.0,1.0,2.0,1.5,0.0,2.320754716981132,-0.5,17.332301886792454,0.5
Shayne Graham,2011,4.0,0.24,0.2203389830508474,3.428,1.0,1.0,0.857,1.3333333333333333,0.0,0.0,2.716981132075472,-0.0,14.795653448459651,0.131578947368421
Shayne Graham,2012,4.0,1.1923076923076923,1.2,3.264,1.0,1.0,1.0,1.5555555555555556,1.3333333333333333,0.0,2.8867924528301887,-0.5,17.93198903402677,0.3611111111111111
Shayne Graham,2013,4.0,0.0769230769230769,0.1101694915254237,4.0,1.0,1.0,1.0,2.0,0.0,0.0,2.2222222222222223,-0.0,15.409314790670724,0.0857142857142857
Shayne Graham,2014,3.916,0.7307692307692307,0.8879310344827587,3.456,1.0,1.0,1.0,1.2,1.5,0.0,2.830188679245283,-0.5,17.020888944497273,0.3055555555555556
Shayne Graham,2015,4.0,0.44,0.3796296296296296,3.384,1.0,1.0,1.0,1.0,1.5,0.0,3.0,-0.0,16.70362962962963,0.2564102564102564
Sid Luckman,1947,4.0,0.0,0.0208333333333333,0.0,0.0,0.0,0.0,0.0,0.0,0.0,0.0,0.0,4.020833333333333,0.391304347826087
Sid Watson,1956,3.332,0.1,0.2166666666666666,4.0,0.0,0.0,0.0,0.0,0.0,0.0,0.0,0.0,7.648666666666667,0.6666666666666666
Skip Butler,1971,3.332,0.0588235294117647,0.0930232558139534,0.8,0.0,1.0,0.5,0.0,0.0,0.0,1.9591836734693877,-0.0,7.743030458695106,0.088235294117647
Skip Butler,1972,3.752,0.6,0.5368421052631579,2.528,1.0,0.6,0.75,1.0,0.0,0.0,3.0,-0.0,13.766842105263157,0.5
Skip Butler,1973,4.0,0.7142857142857143,0.7021276595744681,2.5,1.0,1.0,0.75,0.75,0.0,0.0,3.0625,-1.0,13.478913373860182,0.5588235294117647
Skip Butler,1974,4.0,0.8181818181818182,0.835820895522388,1.896,1.0,0.5714285714285714,0.5,0.857142857142857,0.0,0.0,3.0,-0.5,12.978574142275637,0.4117647058823529
Skip Butler,1975,3.648,1.3846153846153846,1.0759493670886076,2.4,1.0,0.8888888888888888,0.5,1.0,0.0,0.0,3.0,-0.5,14.397453640592882,0.6
Skip Butler,1976,4.0,1.0666666666666669,0.972972972972973,2.372,1.0,1.0,0.7,0.75,0.75,0.0,3.375,-2.0,13.986639639639638,0.7575757575757576
Skip Butler,1977,2.668,0.0,0.0327868852459016,0.0,1.0,0.0,0.0,0.0,0.0,0.0,0.0,-0.0,3.700786885245902,0.081081081081081
Spencer Lanning,2013,4.0,0.0,0.0084745762711864,0.0,1.0,1.0,0.0,0.0,0.0,0.0,0.0,-0.0,6.008474576271186,0.0285714285714285
Spencer Shrader,2024,4.0,0.192307692307692,0.214285714285714,4.0,1.0,1.0,1.0,2.0,0.9999999999999988,0.0,2.368421052631578,-0.0,16.77501445922498,0.2954545454545454
Stephen Gostkowski,2006,3.908,0.8333333333333334,0.9626168224299064,3.076,1.0,0.9090909090909092,0.7,1.0,3.0,0.0,3.0,-0.0,18.389041064854148,0.7105263157894737
Stephen Gostkowski,2007,4.0,0.875,1.2123893805309736,3.5,1.0,1.0,0.8888888888888888,1.2,1.7999999999999998,0.0,2.5961538461538463,-0.5,17.572432115573708,0.675
Stephen Gostkowski,2008,4.0,1.3333333333333333,1.2436974789915969,3.6,1.0,0.8333333333333334,1.0,1.6363636363636365,0.0,0.0,2.830188679245283,-0.0,17.476916461267184,0.4878048780487805
Stephen Gostkowski,2009,4.0,1.0833333333333333,1.25,3.356,1.0,1.0,0.9230769230769232,1.25,3.0,0.0,3.0576923076923075,-0.5,19.420102564102564,0.8837209302325582
Stephen Gostkowski,2010,4.0,0.4166666666666667,0.5283018867924528,3.076,1.0,1.0,0.8571428571428571,1.3333333333333333,0.0,0.0,2.4339622641509435,-0.0,14.645407008086256,0.1818181818181818
Stephen Gostkowski,2011,4.0,1.12,1.2118644067796611,3.392,1.0,0.9230769230769232,0.8333333333333334,1.6363636363636365,1.5,0.0,2.830188679245283,-0.5,17.94682697879884,0.5789473684210527
Stephen Gostkowski,2012,4.0,1.1153846153846154,1.3304347826086955,3.316,1.0,1.0,0.8333333333333334,1.3846153846153846,3.0,0.0,3.0,-0.5,19.47976811594203,0.7777777777777778
Stephen Gostkowski,2013,4.0,1.4615384615384617,1.3389830508474576,3.708,1.0,1.0,1.0,1.6923076923076923,2.5,0.0,3.0,-0.0,20.700829204693612,0.9142857142857144
Stephen Gostkowski,2014,4.0,1.3461538461538465,1.3448275862068966,3.784,1.0,1.0,0.9090909090909092,1.8461538461538465,3.0,0.0,3.0,-0.0,21.2302261876055,1.0
Stephen Gostkowski,2015,4.0,1.32,1.398148148148148,3.668,1.0,1.0,1.0,1.7142857142857142,2.25,0.0,3.166666666666667,-0.5,20.017100529100528,0.9487179487179488
Stephen Gostkowski,2016,3.756,1.0,1.0583333333333331,3.376,1.0,1.0,0.7777777777777778,1.8,1.125,0.0,2.9444444444444446,-0.0,17.837555555555557,0.5555555555555556
Stephen Gostkowski,2017,3.828,1.4230769230769231,1.4311926605504588,3.7,1.0,1.0,1.0,1.4545454545454546,2.4000000000000004,0.0,3.444444444444444,-0.0,20.68125948261728,0.9090909090909092
Stephen Gostkowski,2018,3.92,1.173913043478261,1.1711711711711712,3.376,1.0,1.0,1.0,1.3333333333333333,2.4000000000000004,0.0,2.8888888888888884,-0.0,19.263306436871655,0.7619047619047619
Stephen Gostkowski,2019,2.932,0.3043478260869565,0.3047619047619048,3.5,1.0,1.0,1.0,1.0,0.0,0.0,2.2777777777777777,-0.0,13.318887508626638,0.0952380952380952
Stephen Gostkowski,2020,3.832,0.72,0.9009009009009008,2.768,1.0,0.6666666666666666,0.8,1.0,1.5,0.0,3.0,-0.0,16.18756756756757,0.4081632653061224
Stephen Hauschka,2008,0.0,0.037037037037037,0.0252100840336134,2.0,1.0,1.0,0.5,1.0,0.0,0.0,3.0566037735849063,-0.0,8.618850894655557,0.0975609756097561
Stephen Hauschka,2009,3.856,0.375,0.54,2.768,1.0,1.0,0.7142857142857143,1.2,0.0,0.0,2.5384615384615383,-0.0,13.99174725274725,0.2093023255813953
Stephen Hauschka,2010,4.0,0.25,0.2641509433962264,3.428,1.0,1.0,1.0,1.3333333333333333,0.0,0.0,2.60377358490566,-0.0,14.87925786163522,0.2272727272727272
Stephen Hauschka,2011,4.0,1.0,0.923728813559322,3.332,1.0,0.8333333333333334,0.9,1.75,2.142857142857143,0.0,2.943396226415094,-0.5,18.325315516164892,0.6842105263157895
Stephen Hauschka,2012,3.832,0.9230769230769232,1.0260869565217392,3.556,1.0,1.0,1.0,2.0,1.0,0.0,2.943396226415094,-0.0,18.280560106013755,0.5
Stephen Hauschka,2013,4.0,1.2692307692307692,1.2118644067796611,3.772,1.0,0.9090909090909092,1.0,1.8333333333333333,3.0,0.0,2.9444444444444446,-1.0,19.93996386287912,0.7714285714285715
Stephen Hauschka,2014,4.0,1.1923076923076923,1.1551724137931034,3.352,1.0,1.0,1.0,1.3846153846153846,3.0,0.0,3.283018867924528,-0.0,20.36711435864071,0.9444444444444444
Stephen Hauschka,2015,3.636,1.16,1.1759259259259258,3.74,1.0,1.0,1.0,1.5555555555555556,2.142857142857143,0.0,3.0,-0.0,19.410338624338625,0.8461538461538461
Stephen Hauschka,2016,3.316,1.2222222222222223,1.0666666666666669,3.568,1.0,0.8461538461538461,1.0,1.6,3.0,0.0,2.9444444444444446,-0.0,19.563487179487176,0.9166666666666666
Stephen Hauschka,2017,4.0,1.1153846153846154,1.0642201834862386,3.516,1.0,1.0,1.0,1.5555555555555556,3.0,0.0,3.1111111111111107,-0.5,19.86227146553752,0.8409090909090909
Stephen Hauschka,2018,3.848,0.9565217391304348,0.8198198198198198,3.144,1.0,1.0,1.0,1.4,1.2000000000000002,0.0,3.0,-1.0,16.368341558950256,0.2142857142857142
Stephen Hauschka,2019,3.752,0.9565217391304348,0.9142857142857144,3.144,1.0,1.0,0.875,1.8,1.5,0.0,2.833333333333333,-0.0,17.775140786749482,0.6190476190476191
Stephen Hauschka,2020,4.0,0.0,0.018018018018018,0.0,1.0,0.0,0.0,0.0,0.0,0.0,0.0,-0.0,5.018018018018018,0.1224489795918367
Steve Christie,1990,4.0,1.15,1.0434782608695652,3.408,1.0,1.0,0.7692307692307693,1.6,3.0,0.0,3.24,-0.0,20.21070903010034,1.0
Steve Christie,1991,4.0,0.7142857142857143,0.6979166666666666,3.0,1.0,1.0,0.6363636363636364,1.5,0.0,0.0,2.826923076923077,-0.5,14.875489094239096,0.2727272727272727
Steve Christie,1992,3.908,1.263157894736842,1.2365591397849462,3.2,1.0,1.0,0.5,1.75,1.7999999999999998,0.0,3.115384615384615,-1.0,17.7731016499064,0.75
Steve Christie,1993,3.892,0.92,1.0,2.876,1.0,0.8,1.0,1.3333333333333333,0.4999999999999998,0.0,3.339622641509434,-1.0,15.660955974842768,0.3666666666666666
Steve Christie,1994,4.0,1.0909090909090908,1.1224489795918366,3.428,1.0,0.9166666666666666,0.8571428571428571,1.4285714285714286,3.0,0.0,3.12,-0.5,19.46373902288188,0.9393939393939394
Steve Christie,1995,3.772,1.2916666666666667,1.1559633027522935,3.1,1.0,0.9285714285714286,0.8666666666666667,1.0,1.2000000000000002,0.0,3.0,-0.5,16.814868064657055,0.5555555555555556
Steve Christie,1996,4.0,1.0,0.9722222222222222,3.312,1.0,0.8333333333333334,0.8571428571428571,1.75,0.0,0.0,2.88,-0.5,16.104698412698415,0.3939393939393939
Steve Christie,1997,4.0,1.0,0.8691588785046729,3.2,1.0,1.0,0.75,1.6,1.5,0.0,3.1730769230769234,-0.5,17.592235801581595,0.6
Steve Christie,1998,4.0,1.5,1.414141414141414,3.22,1.0,0.8333333333333334,0.8571428571428571,1.6363636363636365,1.0,0.0,3.0,-0.0,18.46098124098124,0.7297297297297297
Steve Christie,1999,4.0,1.0416666666666667,1.018867924528302,2.94,1.0,1.0,0.7,0.6666666666666666,3.0,0.0,3.0588235294117645,-0.0,18.4260247872734,0.717948717948718
Steve Christie,2000,4.0,1.0833333333333333,1.0380952380952382,2.972,1.0,0.8461538461538461,0.6666666666666666,1.3846153846153846,1.5,0.0,2.8235294117647056,-0.0,17.314393880629176,0.5952380952380952
Steve Christie,2001,4.0,0.391304347826087,0.3267326732673267,3.272,1.0,1.0,0.6,2.0,0.0,0.0,2.4117647058823533,-0.0,15.001801726975769,0.3414634146341463
Steve Christie,2002,3.888,0.782608695652174,0.8640776699029126,2.768,1.0,1.0,0.8333333333333334,0.8888888888888888,1.0,0.0,3.1176470588235303,-1.5,14.64255564660084,0.3111111111111111
Steve Christie,2003,4.0,0.6818181818181818,0.7941176470588235,3.0,1.0,1.0,1.0,0.857142857142857,0.0,0.0,3.0,-0.5,14.833078686019864,0.238095238095238
Steve Christie,2004,4.0,1.0,0.99,3.144,1.0,1.0,0.75,1.1428571428571428,0.0,0.0,3.1176470588235303,-0.0,16.14450420168067,0.3571428571428571
Steve Cox,1981,0.0,0.0,0.0,0.0,1.0,1.0,0.0,0.0,0.0,0.0,0.0,-0.0,2.0,0.0294117647058823
Steve Cox,1982,0.0,0.0,0.0,0.0,1.0,1.0,0.0,0.0,0.0,0.0,0.0,-0.0,2.0,0.1052631578947368
Steve Cox,1983,0.0,0.0555555555555555,0.0303030303030303,4.0,1.0,1.0,1.0,2.0,3.0,0.0,3.4117647058823533,-0.0,15.497623291740938,0.5428571428571428
Steve Cox,1984,0.0,0.05,0.03,1.332,1.0,1.0,0.333,0.666,1.0,0.0,3.461538461538461,-0.0,8.872538461538461,0.0571428571428571
Steve Cox,1985,0.0,0.0,0.0,0.0,1.0,1.0,0.0,0.0,0.0,0.0,0.0,-0.0,2.0,0.1794871794871795
Steve Cox,1986,0.0,0.1578947368421052,0.0957446808510638,2.0,1.0,1.0,0.5,2.0,1.2000000000000002,0.0,3.3529411764705883,-0.0,11.306580594163757,0.2307692307692307
Steve Cox,1987,4.0,0.0588235294117647,0.072289156626506,2.0,1.0,1.0,0.5,2.0,0.0,0.0,2.4000000000000004,-0.0,13.031112686038272,0.35
Steve DeLine,1988,4.0,0.3,0.3092783505154639,3.0,1.0,1.0,1.0,1.0,0.0,0.0,2.7,-0.0,14.309278350515465,0.4358974358974359
Steve DeLine,1989,4.0,0.1428571428571428,0.1263157894736842,1.716,1.0,1.0,0.5,0.8,0.0,0.0,2.94,-0.5,11.725172932330826,0.1666666666666666
Steve Jordan,1987,4.0,0.1764705882352941,0.1927710843373494,2.4,1.0,1.0,1.0,0.0,0.0,0.0,2.16,-0.0,11.929241672572644,0.2333333333333333
Steve Juzwik,1942,4.0,0.0,0.1304347826086956,0.0,0.0,0.0,0.0,0.0,0.0,0.0,0.0,0.0,4.130434782608695,0.6382978723404256
Steve Lach,1942,4.0,0.0,0.0434782608695652,0.0,0.0,0.0,0.0,0.0,0.0,0.0,0.0,0.0,4.043478260869565,0.5106382978723404
Steve Lindsey,2000,4.0,0.2083333333333333,0.1904761904761904,2.856,1.0,1.0,0.3333333333333333,2.0,3.0,0.0,2.8823529411764706,-0.0,17.470495798319327,0.6904761904761905
Steve Little,1979,3.0,0.7692307692307693,0.7012987012987013,2.104,1.0,1.0,0.3333333333333333,0.6,3.0,0.0,3.25531914893617,-0.0,15.763181952798972,0.75
Steve Little,1980,3.58,0.1875,0.3132530120481928,1.5,1.0,0.5,0.5,0.0,0.0,0.0,2.25,-0.0,9.830753012048191,0.1111111111111111
Steve Maronic,1940,0.0,0.0,0.0,0.0,0.0,0.0,0.0,0.0,0.0,0.0,0.0,0.0,0.0,0.1219512195121951
Steve McLaughlin,1995,4.0,0.3333333333333333,0.3761467889908257,2.0,1.0,0.8,0.3333333333333333,0.6666666666666666,0.0,0.0,2.6470588235294117,-0.0,12.15653894585357,0.0555555555555555
Steve Mike-Mayer,1975,3.484,1.0769230769230769,0.8734177215189873,2.0,1.0,0.7777777777777778,0.3333333333333333,0.857142857142857,0.4285714285714284,0.0,3.375,-0.0,14.206166195267464,0.5666666666666667
Steve Mike-Mayer,1976,3.468,1.0666666666666669,1.0,2.284,1.0,0.625,0.5,1.0,0.0,0.0,2.8125,-0.5,13.256166666666664,0.5151515151515151
Steve Mike-Mayer,1977,3.62,0.6153846153846154,0.7049180327868853,1.684,1.0,0.4,0.4285714285714285,0.857142857142857,0.0,0.0,3.0,-0.5,11.810016933885787,0.3513513513513513
Steve Mike-Mayer,1978,4.0,0.4285714285714285,0.4864864864864865,1.848,1.0,0.6666666666666666,0.6666666666666666,0.0,0.75,0.0,3.1914893617021267,-0.0,13.037880610093374,0.4054054054054054
Steve Mike-Mayer,1979,3.864,0.8461538461538461,0.7922077922077922,2.2,1.0,0.7142857142857143,0.8,0.5,0.0,0.0,2.617021276595745,-0.5,12.833668629243096,0.325
Steve Mike-Mayer,1980,3.74,0.75,0.9518072289156626,2.088,1.0,0.8333333333333334,0.375,1.1428571428571428,0.0,0.0,2.875,-1.0,12.75599770510614,0.2777777777777778
Steve Myhra,1957,3.5,0.4,0.4193548387096774,2.668,0.0,0.0,0.0,0.0,0.0,0.0,0.0,0.0,6.9873548387096776,0.5238095238095238
Steve Myhra,1958,3.764,0.3636363636363636,1.0,1.6,0.0,0.0,0.0,0.0,0.0,0.0,0.0,0.0,6.727636363636364,0.5454545454545454
Steve Myhra,1959,3.92,0.75,1.3076923076923077,1.412,0.0,0.0,0.0,0.0,0.0,0.0,0.0,0.0,7.389692307692307,0.72
Steve Myhra,1960,3.784,1.2857142857142858,1.4090909090909092,1.896,0.0,0.0,0.0,0.0,0.0,0.0,0.0,0.0,8.374805194805194,0.6153846153846154
Steve Myhra,1961,3.884,2.3333333333333335,1.5238095238095235,2.152,0.0,0.0,0.0,0.0,0.0,0.0,0.0,0.0,9.893142857142855,1.0
Steve Van Buren,1945,4.0,0.0,0.0588235294117647,0.0,0.0,0.0,0.0,0.0,0.0,0.0,0.0,0.0,4.0588235294117645,0.7058823529411765
Steve Zabel,1976,4.0,0.0,0.0135135135135135,0.0,1.0,1.0,0.0,0.0,0.0,0.0,0.0,-0.0,6.013513513513513,0.0606060606060606
Tad Weed,1955,4.0,0.3,0.3818181818181818,2.0,0.0,0.0,0.0,0.0,0.0,0.0,0.0,0.0,6.681818181818182,0.64
Taylor Bertolet,2022,4.0,0.1111111111111111,0.1304347826086956,4.0,1.0,1.0,1.0,2.0,0.0,0.0,1.5,-0.0,14.741545893719806,0.2391304347826087
Taylor Mehlhaff,2008,3.6,0.1111111111111111,0.1512605042016806,3.0,1.0,1.0,0.5,2.0,0.0,0.0,2.4905660377358494,-0.0,13.852937653048642,0.1707317073170731
Taylor Russolino,2020,1.332,0.0,0.009009009009009,0.0,1.0,1.0,0.0,0.0,0.0,0.0,0.0,-0.0,3.341009009009009,0.0816326530612244
Ted Fritsch,1942,4.0,1.3333333333333333,0.5652173913043478,3.2,0.0,0.0,0.0,0.0,0.0,0.0,0.0,0.0,9.09855072463768,0.9787234042553192
Ted Fritsch,1943,0.0,0.0,0.0,0.0,0.0,0.0,0.0,0.0,0.0,0.0,0.0,0.0,0.0,0.4848484848484848
Ted Fritsch,1944,0.0,0.0,0.0,0.0,0.0,0.0,0.0,0.0,0.0,0.0,0.0,0.0,0.0,0.4516129032258064
Ted Fritsch,1945,0.0,0.75,0.2647058823529412,1.5,0.0,0.0,0.0,0.0,0.0,0.0,0.0,0.0,2.514705882352941,0.5294117647058824
Ted Fritsch,1946,3.468,1.8,1.0,2.116,0.0,0.0,0.0,0.0,0.0,0.0,0.0,0.0,8.384,0.92
Ted Fritsch,1947,4.0,1.0,0.4166666666666667,1.848,0.0,0.0,0.0,0.0,0.0,0.0,0.0,0.0,7.264666666666667,0.6086956521739131
Ted Fritsch,1948,3.332,1.2,0.5227272727272727,1.5,0.0,0.0,0.0,0.0,0.0,0.0,0.0,0.0,6.5547272727272725,0.6956521739130435
Ted Fritsch,1949,3.384,1.0,0.5652173913043478,1.0,0.0,0.0,0.0,0.0,0.0,0.0,0.0,0.0,5.949217391304348,0.4117647058823529
Ted Fritsch,1950,3.636,0.5,0.8478260869565217,0.704,0.0,0.0,0.0,0.0,0.0,0.0,0.0,0.0,5.687826086956521,0.4583333333333333
Ted Laux,1943,4.0,0.0,0.0689655172413793,0.0,0.0,0.0,0.0,0.0,0.0,0.0,0.0,0.0,4.068965517241379,0.7272727272727273
Ted Pavelec,1942,0.0,0.3333333333333333,0.1304347826086956,2.0,0.0,0.0,0.0,0.0,0.0,0.0,0.0,0.0,2.463768115942029,0.2553191489361702
Ted Thompson,1980,4.0,0.0,0.0481927710843373,0.0,1.0,1.0,0.0,0.0,0.0,0.0,0.0,-0.0,6.048192771084337,0.0833333333333333
Teddy Garcia,1988,2.752,0.3,0.2989690721649484,1.848,1.0,0.6666666666666666,0.3333333333333333,0.8,1.5,0.0,3.0,-0.5,11.998969072164948,0.2564102564102564
Teddy Garcia,1989,4.0,0.0476190476190476,0.1157894736842105,0.8,1.0,1.0,0.25,0.4,0.0,0.0,2.0999999999999996,-0.0,9.713408521303258,0.0833333333333333
Teddy Garcia,1990,3.716,0.7,0.7391304347826086,2.8,1.0,1.0,0.8,1.4285714285714286,0.0,0.0,2.94,-0.0,15.123701863354038,0.34375
Thurman Jones,1942,4.0,0.0,0.0434782608695652,0.0,0.0,0.0,0.0,0.0,0.0,0.0,0.0,0.0,4.043478260869565,0.5106382978723404
Tilly Manton,1943,0.0,0.0,0.0,0.0,0.0,0.0,0.0,0.0,0.0,0.0,0.0,0.0,0.0,0.4848484848484848
Tim Duncan,2003,3.332,0.2727272727272727,0.2254901960784313,2.4,1.0,1.0,0.5,1.0,1.5,0.0,3.1176470588235303,-0.0,14.347864527629234,0.1666666666666666
Tim Lashar,1987,4.0,0.1764705882352941,0.2289156626506024,3.0,1.0,1.0,0.75,0.0,0.0,0.0,1.62,-0.0,11.775386250885898,0.2166666666666666
Tim Mazzetti,1978,4.0,0.9285714285714286,0.7702702702702703,3.248,1.0,1.0,0.6666666666666666,1.624,0.0,0.0,2.4893617021276597,-0.0,15.726870067636025,0.8378378378378378
Tim Mazzetti,1979,3.352,1.0,0.9090909090909092,2.08,1.0,0.8181818181818182,0.1666666666666666,0.857142857142857,0.0,0.0,3.0638297872340425,-0.0,13.246912038316292,0.45
Tim Mazzetti,1980,3.756,1.1875,1.2409638554216869,2.816,1.0,1.0,0.5714285714285714,1.0,1.5,0.0,3.125,-0.0,17.19689242685026,0.9444444444444444
Tim Seder,2000,4.0,1.0416666666666667,0.9714285714285714,3.032,1.0,0.8333333333333334,0.8181818181818182,1.3846153846153846,0.0,0.0,2.8235294117647056,-0.5,15.40475518599048,0.4285714285714285
Tim Seder,2001,4.0,0.4782608695652174,0.4455445544554455,2.588,1.0,1.0,0.6,1.0,0.0,0.0,2.7058823529411766,-1.0,12.81768777696184,0.1707317073170731
Tim Seder,2002,4.0,0.3478260869565217,0.3398058252427184,2.668,1.0,1.0,0.6666666666666666,1.0,0.0,0.0,2.5294117647058822,-0.0,13.551710343571788,0.2
Tim Webster,1971,4.0,0.3529411764705882,0.3023255813953488,2.18,1.0,0.8,0.0,0.0,0.0,0.0,1.7142857142857142,-1.0,9.34955247215165,0.1470588235294117
Tiny Engebretsen,1940,4.0,0.5,0.5789473684210527,0.8,0.0,0.0,0.0,0.0,0.0,0.0,0.0,0.0,5.878947368421053,0.7073170731707317
Tiny Engebretsen,1941,0.0,0.3333333333333333,0.15,1.332,0.0,0.0,0.0,0.0,0.0,0.0,0.0,0.0,1.8153333333333332,0.1818181818181818
Toby Gowin,1997,0.0,0.0,0.0,0.0,1.0,1.0,0.0,0.0,0.0,0.0,0.0,-0.0,2.0,0.0285714285714285
Todd France,2005,4.0,0.2916666666666667,0.2547169811320754,3.112,1.0,1.0,1.0,1.0,3.0,0.0,2.5384615384615383,-0.5,16.696845186260283,0.6666666666666666
Todd Peterson,1994,4.0,0.0909090909090909,0.1020408163265306,2.0,1.0,1.0,1.0,0.0,0.0,0.0,2.0999999999999996,-0.0,11.292949907235622,0.1212121212121212
Todd Peterson,1995,4.0,0.9583333333333334,1.0,3.284,1.0,1.0,0.9,1.6,0.0,0.0,2.8823529411764706,-0.0,16.624686274509802,0.5
Todd Peterson,1996,4.0,1.1666666666666667,1.0277777777777777,3.296,1.0,0.8461538461538461,1.0,1.4545454545454546,2.0,0.0,3.24,-0.0,19.031143745143744,0.9393939393939394
Todd Peterson,1997,4.0,0.9166666666666666,0.9626168224299064,3.144,1.0,1.0,0.7,1.4285714285714286,1.5,0.0,3.0,-0.5,17.151854917668004,0.5428571428571428
Todd Peterson,1998,4.0,0.8636363636363636,0.98989898989899,3.168,1.0,1.0,0.8,2.0,1.2857142857142856,0.0,2.9423076923076925,-0.5,17.54955733155733,0.5945945945945946
Todd Peterson,1999,4.0,1.4166666666666667,1.2641509433962264,3.4,1.0,1.0,0.7272727272727273,1.75,1.5,0.0,3.0,-1.0,18.05809033733562,0.6153846153846154
Todd Peterson,2000,4.0,0.625,0.6666666666666666,3.0,1.0,1.0,0.7777777777777778,0.8,3.0,0.0,2.4705882352941178,-0.0,17.340032679738563,0.6190476190476191
Todd Peterson,2001,3.856,1.173913043478261,1.0693069306930694,3.084,1.0,0.8181818181818182,0.9,1.3333333333333333,3.0,0.0,3.0,-0.0,19.234735125686484,0.926829268292683
Todd Peterson,2002,3.848,0.5217391304347826,0.5922330097087378,2.284,1.0,0.6666666666666666,0.6,0.857142857142857,0.0,0.0,2.7058823529411766,-0.0,13.07566401689422,0.1777777777777777
Todd Peterson,2003,3.828,0.5454545454545454,0.5686274509803921,3.2,1.0,0.7142857142857143,1.0,2.0,0.0,0.0,2.8235294117647056,-0.0,15.679897122485356,0.4523809523809524
Todd Peterson,2004,4.0,0.8181818181818182,0.77,3.272,1.0,1.0,0.875,1.6666666666666667,1.5,0.0,3.0,-0.5,17.401848484848486,0.5238095238095238
Todd Peterson,2005,4.0,0.9583333333333334,0.981132075471698,3.68,1.0,0.9,1.0,1.5,1.2000000000000002,0.0,2.480769230769231,-0.0,17.700234639574262,0.8222222222222222
Todd Sauerbrun,2004,4.0,0.0454545454545454,0.07,4.0,1.0,1.0,1.0,2.0,0.0,0.0,2.0,-0.0,15.115454545454543,0.2857142857142857
Todd Schlopy,1987,2.0,0.1176470588235294,0.0843373493975903,1.6,1.0,1.0,0.3333333333333333,0.0,0.0,0.0,1.86,-0.0,7.995317741554453,0.0666666666666666
Tom Birney,1979,2.8,0.5384615384615384,0.3636363636363636,3.112,1.0,1.0,1.0,1.3333333333333333,0.0,0.0,2.9361702127659575,-0.0,14.083601448197191,0.6
Tom Birney,1980,3.112,0.375,0.3855421686746988,2.0,1.0,0.5,0.6666666666666666,0.0,1.5,0.0,3.125,-0.0,12.664208835341364,0.25
Tom Dempsey,1969,3.772,2.0,1.596774193548387,2.148,0.9128709291752768,0.8571428571428571,0.5,1.2727272727272727,0.2727272727272727,0.0,4.342105263157895,0.0,17.674347788478965,0.9090909090909092
Tom Dempsey,1970,3.764,0.9473684210526316,0.7954545454545454,2.116,0.8944271909999159,0.75,0.2,1.1428571428571428,1.0,0.0,3.8571428571428577,-2.5,12.967250157507092,0.4838709677419355
Tom Dempsey,1971,3.716,0.7058823529411765,0.5697674418604651,2.824,1.0,0.8571428571428571,0.5,1.3333333333333333,1.7999999999999998,0.0,3.3061224489795915,-0.0,16.612248434257424,1.0
Tom Dempsey,1972,3.668,1.0,0.7473684210526316,2.284,1.0,0.5,0.7,0.4444444444444444,1.5,0.0,3.183673469387755,-0.5,14.52748633488483,0.5625
Tom Dempsey,1973,4.0,1.1428571428571428,1.127659574468085,2.4,1.0,0.5714285714285714,0.6363636363636364,0.8888888888888888,1.0,0.0,3.1875,-1.5,14.454697814006323,0.7058823529411765
Tom Dempsey,1974,3.468,0.9090909090909092,0.835820895522388,2.5,1.0,0.5,0.6666666666666666,1.3333333333333333,0.0,0.0,3.1304347826086953,-0.5,13.843346587221992,0.5882352941176471
Tom Dempsey,1975,3.444,1.6153846153846154,1.1898734177215189,3.232,1.0,1.0,0.7,1.6,1.5,0.0,3.1875,-2.0,16.468758033106134,0.8666666666666667
Tom Dempsey,1976,3.272,1.1333333333333333,1.1756756756756757,2.616,1.0,0.625,0.8,1.2,0.0,0.0,3.0625,-2.0,12.884509009009008,0.4848484848484848
Tom Dempsey,1977,2.908,0.3076923076923077,0.3278688524590163,2.668,1.0,1.0,0.5,0.0,0.0,0.0,2.3617021276595747,-1.0,10.0732632878109,0.2162162162162162
Tom Dempsey,1978,3.788,0.7142857142857143,0.8918918918918919,3.076,1.0,1.0,0.8,0.6666666666666666,0.0,0.0,2.9361702127659575,-0.5,14.37301448561023,0.5945945945945946
Tom Dempsey,1979,2.908,0.0769230769230769,0.1428571428571428,1.0,1.0,1.0,0.0,0.0,0.0,0.0,1.148936170212766,-0.0,7.276716389992986,0.1
Tom Feamster,1956,3.692,0.0,0.4,0.0,0.0,0.0,0.0,0.0,0.0,0.0,0.0,0.0,4.0920000000000005,0.2857142857142857
Tom Fears,1951,3.428,0.0,0.1224489795918367,0.0,0.0,0.0,0.0,0.0,0.0,0.0,0.0,0.0,3.550448979591837,0.3478260869565217
Tom Fears,1952,0.0,0.0,0.0,0.0,0.0,0.0,0.0,0.0,0.0,0.0,0.0,0.0,0.0,0.2258064516129032
Tom Fears,1953,3.332,0.1111111111111111,0.1403508771929824,4.0,0.0,0.0,0.0,0.0,0.0,0.0,0.0,0.0,7.583461988304093,0.7916666666666666
Tom Fears,1954,4.0,0.0,0.0185185185185185,0.0,0.0,0.0,0.0,0.0,0.0,0.0,0.0,0.0,4.018518518518518,0.2592592592592592
Tom Fears,1955,0.0,0.0,0.0,0.0,0.0,0.0,0.0,0.0,0.0,0.0,0.0,0.0,0.0,0.24
Tom Jurich,1978,4.0,0.0,0.027027027027027,0.0,1.0,0.0,0.0,0.0,0.0,0.0,0.0,-0.0,5.027027027027027,0.054054054054054
Tom Keane,1955,0.0,0.0,0.0,0.0,0.0,0.0,0.0,0.0,0.0,0.0,0.0,0.0,0.0,0.24
Tom Miner,1958,4.0,1.2727272727272727,1.2166666666666666,2.0,0.0,0.0,0.0,0.0,0.0,0.0,0.0,0.0,8.489393939393938,0.9090909090909092
Tom Rouen,1998,0.0,0.0,0.0,0.0,1.0,1.0,0.0,0.0,0.0,0.0,0.0,-0.5,1.5,0.054054054054054
Tom Tracy,1960,0.0,0.4285714285714285,0.2045454545454545,2.0,0.0,0.0,0.0,0.0,0.0,0.0,0.0,0.0,2.633116883116883,0.3461538461538461
Tom Tracy,1961,4.0,0.0,0.0317460317460317,0.0,0.0,0.0,0.0,0.0,0.0,0.0,0.0,0.0,4.031746031746032,0.2857142857142857
Tom Tracy,1962,0.0,0.0,0.0,0.0,0.0,0.0,0.0,0.0,0.0,0.0,0.0,0.0,0.0,0.1739130434782608
Tom Tracy,1963,4.0,0.0,0.037037037037037,0.0,0.0,0.0,0.0,0.0,0.0,0.0,0.0,0.0,4.037037037037037,0.2
Tom Wittum,1977,2.0,0.0769230769230769,0.081967213114754,2.0,1.0,0.5,0.5,1.0,0.0,0.0,1.7872340425531914,-0.5,8.446124332591022,0.1351351351351351
Tommy Colella,1944,0.0,0.5,0.1,4.0,0.0,0.0,0.0,0.0,0.0,0.0,0.0,0.0,4.6,0.7096774193548387
Tommy Davis,1959,4.0,1.5,1.2884615384615383,1.848,0.0,0.0,0.0,0.0,0.0,0.0,0.0,0.0,8.636461538461539,0.92
Tommy Davis,1960,4.0,2.7142857142857144,1.7727272727272727,2.376,0.0,0.0,0.0,0.0,0.0,0.0,0.0,0.0,10.863012987012986,1.0
Tommy Davis,1961,4.0,1.3333333333333333,1.2698412698412698,2.18,0.0,0.0,0.0,0.0,0.0,0.0,0.0,0.0,8.783174603174603,0.8214285714285714
Tommy Davis,1962,4.0,1.1111111111111112,1.137931034482759,1.74,0.0,0.0,0.0,0.0,0.0,0.0,0.0,0.0,7.98904214559387,0.6521739130434783
Tommy Davis,1963,4.0,1.1111111111111112,1.0,1.292,0.0,0.0,0.0,0.0,0.0,0.0,0.0,0.0,7.4031111111111105,0.45
Tommy Davis,1964,4.0,0.6666666666666666,0.8059701492537313,1.28,0.0,0.0,0.0,0.0,0.0,0.0,0.0,0.0,6.752636815920399,0.4545454545454545
Tommy Davis,1965,3.924,1.7,1.7457627118644068,2.52,0.0,0.0,0.0,0.0,0.0,0.0,0.0,0.0,9.889762711864408,0.9090909090909092
Tommy Davis,1966,3.896,1.2307692307692308,1.1168831168831168,2.064,0.0,0.0,0.0,0.0,0.0,0.0,0.0,0.0,8.307652347652347,0.5909090909090909
Tommy Davis,1967,4.0,1.75,1.3392857142857142,1.696,0.0,0.0,0.0,0.0,0.0,0.0,0.0,0.0,8.785285714285715,0.75
Tommy Davis,1968,4.0,1.0,1.06,2.248,0.0,0.0,0.0,0.0,0.0,0.0,0.0,0.0,8.308,0.5833333333333334
Tommy Davis,1969,4.0,0.2727272727272727,0.3548387096774194,1.2,1.0,0.5,0.0,0.0,0.0,0.0,2.2894736842105265,0.0,9.617039666615218,0.2727272727272727
Toni Fritsch,1971,4.0,0.2941176470588235,0.1976744186046511,2.5,1.0,1.0,0.0,0.6666666666666666,0.0,0.0,2.816326530612245,-0.5,11.974785262942389,0.3529411764705882
Toni Fritsch,1972,4.0,1.05,1.0421052631578946,2.332,1.0,1.0,0.5,0.7692307692307692,1.0,0.0,3.3061224489795915,-0.0,15.999458481368256,0.90625
Toni Fritsch,1973,4.0,0.8571428571428571,1.0319148936170213,2.572,1.0,0.8571428571428571,0.3333333333333333,0.0,0.0,0.0,2.3125,-0.0,12.96403394123607,0.5294117647058824
Toni Fritsch,1974,0.0,0.0,0.0,0.0,0.0,0.0,0.0,0.0,0.0,0.0,0.0,0.0,0.0,0.0294117647058823
Toni Fritsch,1975,3.8,1.6923076923076923,1.3164556962025316,2.516,1.0,0.9285714285714286,0.4444444444444444,0.6666666666666666,0.0,0.0,2.6875,-1.0,14.051945928192763,0.4666666666666667
Toni Fritsch,1976,3.144,0.4,0.3918918918918919,2.0,1.0,0.5,0.5,1.0,0.0,0.0,3.0,-0.5,11.435891891891892,0.2424242424242424
Toni Fritsch,1977,3.8,0.9230769230769232,0.9016393442622952,3.0,1.0,0.8333333333333334,0.8333333333333334,1.0,0.0,0.0,2.9361702127659575,-1.0,14.227553146771845,0.6756756756756757
Toni Fritsch,1978,3.876,1.0,0.9864864864864864,3.112,1.0,0.6666666666666666,0.7777777777777778,1.5,0.0,0.0,3.127659574468085,-0.0,16.046590505399017,0.8648648648648649
Toni Fritsch,1979,3.812,1.6153846153846154,1.3506493506493509,3.36,1.0,1.0,0.8333333333333334,1.4,3.0,0.0,3.25531914893617,-1.0,19.62668644830347,1.0
Toni Fritsch,1980,3.852,1.1875,1.0,3.168,1.0,0.7777777777777778,0.875,1.3333333333333333,0.0,0.0,2.875,-0.0,16.06861111111111,0.8333333333333334
Toni Fritsch,1981,3.764,0.7894736842105263,0.8279569892473119,2.728,1.0,0.75,1.0,1.0769230769230769,3.0,0.0,3.0612244897959178,-0.5,17.497578240176832,0.9117647058823528
Toni Fritsch,1982,3.556,0.4,0.392156862745098,2.284,1.0,0.5,0.0,1.3333333333333333,0.0,0.0,2.625,-0.5,11.590490196078433,0.2631578947368421
Toni Linhart,1972,4.0,0.1,0.1157894736842105,1.6,1.0,0.5,0.4,0.0,0.0,0.0,1.2244897959183672,-0.0,8.940279269602579,0.0625
Toni Linhart,1973,0.0,0.0,0.0,0.0,0.0,0.0,0.0,0.0,0.0,0.0,0.0,0.0,0.0,0.0294117647058823
Toni Linhart,1974,4.0,1.0909090909090908,0.8656716417910447,2.4,1.0,1.0,0.4,0.6666666666666666,0.0,0.0,2.9347826086956523,-0.0,14.358030008062457,0.7058823529411765
Toni Linhart,1975,3.924,0.7692307692307693,1.0253164556962024,2.224,1.0,0.0,0.7,0.6666666666666666,0.0,0.0,2.625,-0.5,12.434213891593638,0.2666666666666666
Toni Linhart,1976,3.92,1.3333333333333333,1.472972972972973,2.964,1.0,1.0,0.9090909090909092,0.2857142857142856,0.0,0.0,2.5625,-0.0,15.4476115011115,0.9090909090909092
Toni Linhart,1977,3.656,1.3076923076923077,1.360655737704918,2.616,1.0,0.625,0.7142857142857143,1.4,0.0,0.0,2.872340425531915,-1.0,14.551974185214856,0.7297297297297297
Toni Linhart,1978,3.484,0.5714285714285714,0.6891891891891891,1.884,1.0,1.0,0.3333333333333333,0.3333333333333332,0.0,0.0,2.617021276595745,-0.5,11.412305703880174,0.2162162162162162
Toni Linhart,1979,3.112,0.4615384615384615,0.4155844155844156,1.716,0.0,0.75,0.4285714285714285,0.0,0.0,0.0,2.4893617021276597,-0.0,9.373056007821964,0.15
Tony Franklin,1979,3.692,1.7692307692307692,1.3636363636363635,2.968,1.0,1.0,0.875,1.4,1.2857142857142856,0.0,3.7659574468085095,-1.0,18.11953886538993,0.95
Tony Franklin,1980,4.0,1.0,1.1566265060240963,2.064,1.0,0.4,0.6363636363636364,0.5,1.0,0.0,3.1875,-0.5,14.444490142387734,0.5277777777777778
Tony Franklin,1981,3.812,1.0526315789473684,1.086021505376344,2.58,1.0,1.0,0.7777777777777778,1.0769230769230769,0.75,0.0,3.0612244897959178,-0.0,16.196578428820487,0.7058823529411765
Tony Franklin,1982,3.68,0.6,0.803921568627451,2.668,1.0,1.0,1.0,1.6,0.0,0.0,2.9375,-0.5,14.789421568627452,0.5263157894736842
Tony Franklin,1983,3.556,0.8333333333333334,0.696969696969697,2.308,1.0,1.0,0.6666666666666666,0.5,1.0,0.0,3.0588235294117645,-0.0,14.61979322638146,0.4
Tony Franklin,1984,4.0,1.1,1.08,3.144,1.0,1.0,0.5714285714285714,1.5,0.0,0.0,2.7692307692307696,-2.5,13.66465934065934,0.2571428571428571
Tony Franklin,1985,3.904,1.0909090909090908,1.108910891089109,3.2,1.0,0.7777777777777778,1.0,1.1111111111111112,3.0,0.0,2.9411764705882355,-0.0,19.133885341475324,0.9487179487179488
Tony Franklin,1986,3.912,1.6842105263157894,1.4893617021276595,3.12,1.0,1.0,0.8823529411764706,1.125,0.0,0.0,2.8823529411764706,-0.5,16.59527811079639,0.7948717948717948
Tony Franklin,1987,3.896,0.8823529411764706,0.9879518072289156,2.308,1.0,1.0,0.5454545454545454,0.857142857142857,1.0,0.0,3.0,-1.0,14.476902151002788,0.5666666666666667
Tony Franklin,1988,3.428,0.2,0.1855670103092783,1.456,1.0,0.5,0.5,0.0,0.75,0.0,3.06,-0.0,11.079567010309278,0.2051282051282051
Tony Galbreath,1978,0.0,0.0,0.0,0.0,1.0,1.0,0.0,0.0,0.0,0.0,0.0,-0.0,2.0,0.027027027027027
Tony Galbreath,1979,2.0,0.1538461538461538,0.0909090909090909,2.668,0.0,1.0,0.667,1.334,0.0,0.0,1.723404255319149,-0.0,9.637159500074391,0.175
Tony Zendejas,1985,3.74,0.9545454545454546,0.9108910891089108,3.112,1.0,0.8571428571428571,0.7272727272727273,1.3333333333333333,3.0,0.0,3.0588235294117645,-1.0,17.69400899081505,0.7948717948717948
Tony Zendejas,1986,3.864,1.1578947368421053,1.0,3.26,1.0,1.0,0.7777777777777778,1.7142857142857142,1.0,0.0,3.0,-0.5,17.2739582289056,0.8974358974358975
Tony Zendejas,1987,3.88,1.1764705882352942,1.108433734939759,3.076,1.0,1.0,0.6666666666666666,1.3333333333333333,3.0,0.0,3.12,-0.5,18.860904323175053,0.9666666666666668
Tony Zendejas,1988,3.84,1.1,1.175257731958763,2.588,1.0,0.6,0.875,1.125,1.5,0.0,3.12,-0.5,16.423257731958763,0.8461538461538461
Tony Zendejas,1989,4.0,1.1904761904761905,1.2105263157894737,2.704,1.0,0.8888888888888888,0.6428571428571429,0.909090909090909,3.0,0.0,3.12,-1.0,17.665839447102606,0.8888888888888888
Tony Zendejas,1990,3.808,0.35,0.4456521739130434,2.332,1.0,0.6666666666666666,0.6,1.0,0.0,0.0,2.7,-0.0,12.90231884057971,0.0625
Tony Zendejas,1991,3.848,0.8095238095238095,0.7916666666666666,4.0,1.0,1.0,1.0,2.0,3.0,0.0,2.8846153846153846,-0.5,19.83380586080586,1.0
Tony Zendejas,1992,4.0,0.7894736842105263,0.8924731182795699,3.0,1.0,0.75,0.7777777777777778,1.2,0.0,0.0,2.826923076923077,-0.0,15.23664765719095,0.4375
Tony Zendejas,1993,3.68,0.64,0.6761904761904762,2.784,1.0,0.8571428571428571,0.8,0.0,2.25,0.0,3.0566037735849063,-1.0,14.743937106918242,0.3
Tony Zendejas,1994,4.0,0.8181818181818182,0.8367346938775511,3.132,1.0,1.0,0.8571428571428571,0.4,0.0,0.0,2.82,-1.5,13.364059369202227,0.1818181818181818
Tony Zendejas,1995,3.332,0.125,0.128440366972477,2.0,1.0,1.0,0.3333333333333333,1.3333333333333333,0.0,0.0,2.6470588235294117,-0.0,11.899165857168557,0.0277777777777777
Travis Coons,2015,3.668,1.12,0.9814814814814816,3.5,1.0,1.0,1.0,1.5555555555555556,2.4000000000000004,0.0,2.611111111111111,-0.5,18.336148148148148,0.6153846153846154
Travis Coons,2016,0.0,0.0,0.0,0.0,0.0,0.0,0.0,0.0,0.0,0.0,0.0,0.0,0.0,0.0
Travis Coons,2017,3.332,0.2692307692307692,0.2385321100917431,3.5,1.0,1.0,0.6666666666666666,2.0,1.5,0.0,2.2222222222222223,-0.0,15.7286517682114,0.3181818181818182
Tristan Vizcaino,2020,4.0,0.12,0.0990990990990991,4.0,1.0,1.0,1.0,2.0,0.0,0.0,2.5636363636363635,-0.0,15.782735462735465,0.3673469387755102
Tristan Vizcaino,2021,2.668,0.2307692307692307,0.2333333333333333,3.428,1.0,1.0,1.0,1.0,0.0,0.0,2.509090909090909,-0.0,13.069193473193472,0.22
Tristan Vizcaino,2022,4.0,0.074074074074074,0.0782608695652174,4.0,1.0,1.0,1.0,2.0,0.0,0.0,2.4642857142857144,-0.0,15.616620657925008,0.2826086956521739
Ty Long,2019,4.0,0.3043478260869565,0.2857142857142857,3.112,1.0,1.0,0.6666666666666666,1.6,0.0,0.0,2.833333333333333,-0.5,14.30206211180124,0.1666666666666666
Tyler Bass,2020,3.864,1.12,1.2702702702702702,3.296,1.0,1.0,0.6666666666666666,1.7777777777777777,3.0,0.0,3.163636363636363,-0.0,20.15835107835108,0.9387755102040816
Tyler Bass,2021,4.0,1.0769230769230769,1.125,3.5,1.0,1.0,0.875,1.6,2.4000000000000004,0.0,3.1090909090909093,-0.0,19.686013986013982,0.86
Tyler Bass,2022,3.84,1.0,1.1217391304347826,3.484,1.0,1.0,0.8461538461538461,1.8181818181818183,2.0999999999999996,0.0,3.0,-0.5,18.71007479477045,0.6304347826086957
Tyler Bass,2023,3.92,0.8275862068965517,1.0083333333333333,3.312,1.0,1.0,0.9230769230769232,1.3333333333333333,3.0,0.0,2.8928571428571432,-0.0,19.217186939497285,0.7441860465116279
Tyler Bass,2024,3.688,0.923076923076923,1.16964285714286,3.312,1.0,0.857142857142857,1.0,1.2727272727272727,2.4000000000000004,0.0,3.21052631578947,-0.0,18.833116225879383,0.5909090909090909
Uwe Von Schamann,1979,3.6,1.6153846153846154,1.2857142857142858,2.896,1.0,1.0,0.6428571428571429,1.0,2.0,0.0,3.382978723404255,-1.0,17.422934767360296,0.925
Uwe Von Schamann,1980,4.0,0.875,0.891566265060241,2.436,1.0,0.9,0.6,0.8,0.0,0.0,3.0,-0.0,14.502566265060242,0.5555555555555556
Uwe Von Schamann,1981,3.896,1.263157894736842,1.1720430107526882,3.096,1.0,1.0,0.9166666666666666,0.8,0.0,0.0,2.816326530612245,-0.0,15.96019410276844,0.6176470588235294
Uwe Von Schamann,1982,3.82,1.5,1.2941176470588236,3.0,1.0,0.8888888888888888,0.8,1.2,0.0,0.0,2.9375,-0.5,15.940506535947712,0.6842105263157895
Uwe Von Schamann,1983,3.752,1.0,1.0,2.668,1.0,1.0,0.625,1.0,1.2000000000000002,0.0,3.0588235294117645,-1.0,15.303823529411764,0.4857142857142857
Uwe Von Schamann,1984,3.772,0.45,0.93,1.896,1.0,1.0,0.4,0.0,0.0,0.0,2.1346153846153846,-0.5,11.082615384615384,0.0857142857142857
Van Tiffin,1987,4.0,0.2941176470588235,0.3132530120481928,2.856,1.0,1.0,0.5,1.3333333333333333,3.0,0.0,3.0,-0.0,17.29670399244035,0.9
Vic Janowicz,1954,4.0,0.5,0.3888888888888889,2.0,0.0,0.0,0.0,0.0,0.0,0.0,0.0,0.0,6.888888888888889,0.5555555555555556
Vic Janowicz,1955,3.612,0.6,0.8363636363636363,1.2,0.0,0.0,0.0,0.0,0.0,0.0,0.0,0.0,6.248363636363636,0.56
Vic Spadaccini,1940,2.856,0.0,0.2631578947368421,0.0,0.0,0.0,0.0,0.0,0.0,0.0,0.0,0.0,3.119157894736842,0.3170731707317073
Vince Abbott,1987,3.828,0.7647058823529411,0.7349397590361446,2.364,1.0,0.6666666666666666,0.9,0.6666666666666666,0.0,0.0,2.82,-0.5,13.24497897472242,0.3833333333333333
Vince Abbott,1988,4.0,0.4,0.4020618556701031,2.668,1.0,1.0,0.5,1.2,0.0,0.0,2.88,-0.0,14.0500618556701,0.358974358974359
Vinnie Yablonski,1948,0.0,0.2,0.0681818181818181,1.0,0.0,0.0,0.0,0.0,0.0,0.0,0.0,0.0,1.268181818181818,0.2608695652173913
Vinnie Yablonski,1949,4.0,1.0,0.3478260869565217,3.332,0.0,0.0,0.0,0.0,0.0,0.0,0.0,0.0,8.67982608695652,0.7647058823529411
Vinnie Yablonski,1950,4.0,0.3333333333333333,0.2826086956521739,2.668,0.0,0.0,0.0,0.0,0.0,0.0,0.0,0.0,7.283942028985507,0.7083333333333334
Vinnie Yablonski,1951,4.0,0.3333333333333333,0.2857142857142857,1.6,0.0,0.0,0.0,0.0,0.0,0.0,0.0,0.0,6.219047619047618,0.4347826086956521
Vito Kissell,1950,4.0,0.0,0.2391304347826087,0.0,0.0,0.0,0.0,0.0,0.0,0.0,0.0,0.0,4.239130434782608,0.4166666666666667
Wade Richey,1998,3.844,0.8181818181818182,1.0404040404040404,2.668,1.0,0.9,0.75,0.923076923076923,0.0,0.0,2.6538461538461537,-0.5,14.097508935508936,0.1891891891891892
Wade Richey,1999,3.872,0.875,0.8773584905660378,3.652,1.0,1.0,0.875,1.6666666666666667,3.0,0.0,3.0588235294117645,-0.0,19.87684868664447,1.0
Wade Richey,2000,3.824,0.625,0.8380952380952381,2.728,1.0,0.8571428571428571,0.75,1.0,3.0,0.0,2.764705882352941,-0.0,17.386943977591038,0.6428571428571429
Wade Richey,2001,4.0,0.9130434782608696,0.8811881188118812,2.624,1.0,0.8666666666666667,0.5714285714285714,0.857142857142857,0.0,0.0,3.0,-0.0,14.713469692310849,0.3170731707317073
Wade Richey,2002,0.0,0.0,0.0,0.0,0.0,0.0,0.0,0.0,0.0,0.0,0.0,0.0,0.0,0.0444444444444444
Wade Richey,2003,0.0,0.0454545454545454,0.0294117647058823,2.0,1.0,1.0,0.5,1.0,1.5,0.0,3.294117647058824,-0.0,10.368983957219251,0.0476190476190476
Wade Traynham,1966,4.0,0.0,0.0259740259740259,0.0,0.0,0.0,0.0,0.0,0.0,0.0,0.0,0.0,4.025974025974026,0.2727272727272727
Wade Traynham,1967,4.0,0.875,0.7678571428571429,1.556,0.0,0.0,0.0,0.0,0.0,0.0,0.0,0.0,7.198857142857143,0.5357142857142857
Walt Michaels,1951,0.0,0.0,0.0,0.0,0.0,0.0,0.0,0.0,0.0,0.0,0.0,0.0,0.0,0.2608695652173913
Walter West,1944,3.0,0.0,0.2,0.0,0.0,0.0,0.0,0.0,0.0,0.0,0.0,0.0,3.2,0.4838709677419355
Ward Cuff,1940,4.0,2.5,1.263157894736842,2.5,0.0,0.0,0.0,0.0,0.0,0.0,0.0,0.0,10.263157894736842,0.975609756097561
Ward Cuff,1941,3.8,1.6666666666666667,1.7,1.54,0.0,0.0,0.0,0.0,0.0,0.0,0.0,0.0,8.706666666666667,0.8863636363636364
Ward Cuff,1942,4.0,1.0,1.173913043478261,1.092,0.0,0.0,0.0,0.0,0.0,0.0,0.0,0.0,7.26591304347826,0.8723404255319149
Ward Cuff,1943,3.852,1.5,1.206896551724138,1.332,0.0,0.0,0.0,0.0,0.0,0.0,0.0,0.0,7.890896551724138,0.9393939393939394
Ward Cuff,1944,4.0,0.5,0.1666666666666666,1.0,0.0,0.0,0.0,0.0,0.0,0.0,0.0,0.0,5.666666666666667,0.8064516129032258
Ward Cuff,1945,0.0,0.0,0.0,0.0,0.0,0.0,0.0,0.0,0.0,0.0,0.0,0.0,0.0,0.4411764705882353
Ward Cuff,1946,3.732,1.0,1.075,1.668,0.0,0.0,0.0,0.0,0.0,0.0,0.0,0.0,7.475,0.8
Ward Cuff,1947,4.0,1.1666666666666667,1.0625,1.752,0.0,0.0,0.0,0.0,0.0,0.0,0.0,0.0,7.981166666666667,0.8260869565217391
Wayne Walker,1959,3.332,0.0,0.0961538461538461,0.0,0.0,0.0,0.0,0.0,0.0,0.0,0.0,0.0,3.428153846153846,0.4
Wayne Walker,1960,0.0,0.0,0.0,0.0,0.0,0.0,0.0,0.0,0.0,0.0,0.0,0.0,0.0,0.3076923076923077
Wayne Walker,1961,4.0,0.0,0.0952380952380952,0.0,0.0,0.0,0.0,0.0,0.0,0.0,0.0,0.0,4.095238095238095,0.3928571428571428
Wayne Walker,1962,4.0,1.0,1.103448275862069,1.636,0.0,0.0,0.0,0.0,0.0,0.0,0.0,0.0,7.739448275862069,0.5652173913043478
Wayne Walker,1963,4.0,1.0,1.037037037037037,1.636,0.0,0.0,0.0,0.0,0.0,0.0,0.0,0.0,7.673037037037037,0.5
Wayne Walker,1964,3.764,1.1666666666666667,1.1044776119402986,2.24,0.0,0.0,0.0,0.0,0.0,0.0,0.0,0.0,8.275144278606966,0.7272727272727273
Wayne Walker,1965,4.0,0.8,0.9661016949152542,1.456,0.0,0.0,0.0,0.0,0.0,0.0,0.0,0.0,7.2221016949152546,0.4545454545454545
Wayne Walker,1966,4.0,0.1538461538461538,0.2207792207792207,1.0,0.0,0.0,0.0,0.0,0.0,0.0,0.0,0.0,5.374625374625375,0.3181818181818182
Wayne Walker,1967,4.0,0.625,0.4642857142857143,1.332,0.0,0.0,0.0,0.0,0.0,0.0,0.0,0.0,6.421285714285714,0.5
Wayne Walker,1968,4.0,0.6666666666666666,0.48,1.716,0.0,0.0,0.0,0.0,0.0,0.0,0.0,0.0,6.862666666666667,0.375
Wayne Walker,1969,0.0,0.0,0.0,0.0,0.0,0.0,0.0,0.0,0.0,0.0,0.0,0.0,0.0,0.1818181818181818
Wayne Walker,1970,0.0,0.0,0.0,0.0,0.0,0.0,0.0,0.0,0.0,0.0,0.0,0.0,0.0,0.064516129032258
Wayne Walker,1971,4.0,0.0,0.0232558139534883,0.0,1.0,1.0,0.0,0.0,0.0,0.0,0.0,-0.0,6.023255813953488,0.0588235294117647
Wendell Harris,1962,2.668,0.1111111111111111,0.1551724137931034,1.332,0.0,0.0,0.0,0.0,0.0,0.0,0.0,0.0,4.266283524904215,0.3478260869565217
Wendell Harris,1963,0.0,0.0,0.0,0.0,0.0,0.0,0.0,0.0,0.0,0.0,0.0,0.0,0.0,0.15
Wendell Harris,1964,0.0,0.0,0.0,0.0,0.0,0.0,0.0,0.0,0.0,0.0,0.0,0.0,0.0,0.2272727272727272
Wendell Harris,1965,0.0,0.0,0.0,0.0,0.0,0.0,0.0,0.0,0.0,0.0,0.0,0.0,0.0,0.2727272727272727
Wendell Harris,1966,0.0,0.0,0.0,0.0,0.0,0.0,0.0,0.0,0.0,0.0,0.0,0.0,0.0,0.1818181818181818
Wendell Harris,1967,4.0,0.0,0.0357142857142857,0.0,0.0,0.0,0.0,0.0,0.0,0.0,0.0,0.0,4.035714285714286,0.2142857142857142
Wes McAfee,1941,4.0,0.0,0.1,0.0,0.0,0.0,0.0,0.0,0.0,0.0,0.0,0.0,4.1,0.3636363636363636
Wes Welker,2004,4.0,0.0454545454545454,0.04,4.0,1.0,1.0,1.0,2.0,0.0,0.0,1.7058823529411764,-0.0,14.791336898395722,0.238095238095238
Wes Welker,2005,0.0,0.0,0.0,0.0,0.0,0.0,0.0,0.0,0.0,0.0,0.0,0.0,0.0,0.0444444444444444
Wes Welker,2006,0.0,0.0,0.0,0.0,0.0,0.0,0.0,0.0,0.0,0.0,0.0,0.0,0.0,0.0
Wes Welker,2007,0.0,0.0,0.0,0.0,0.0,0.0,0.0,0.0,0.0,0.0,0.0,0.0,0.0,0.05
Wes Welker,2008,0.0,0.0,0.0,0.0,0.0,0.0,0.0,0.0,0.0,0.0,0.0,0.0,0.0,0.048780487804878
Wes Welker,2009,0.0,0.0,0.0,0.0,0.0,0.0,0.0,0.0,0.0,0.0,0.0,0.0,0.0,0.0697674418604651
Wes Welker,2010,4.0,0.0,0.0094339622641509,0.0,1.0,1.0,0.0,0.0,0.0,0.0,0.0,-0.0,6.009433962264151,0.0681818181818181
Whizzer White,1940,2.0,0.0,0.1052631578947368,0.0,0.0,0.0,0.0,0.0,0.0,0.0,0.0,0.0,2.1052631578947367,0.2682926829268293
Wil Lutz,2016,3.92,1.037037037037037,1.1083333333333334,3.296,1.0,1.0,0.8181818181818182,2.0,1.2857142857142856,0.0,3.166666666666667,-0.0,18.631933140933143,0.75
Wil Lutz,2017,3.76,1.1923076923076923,1.2844036697247707,3.444,1.0,1.0,0.8,1.625,2.6666666666666665,0.0,2.9444444444444446,-1.0,18.716822473143573,0.6363636363636364
Wil Lutz,2018,3.924,1.2173913043478262,1.2252252252252251,3.732,1.0,1.0,1.0,1.8333333333333333,2.571428571428571,0.0,3.0,-0.0,20.503378434334955,0.9523809523809524
Wil Lutz,2019,3.92,1.391304347826087,1.3714285714285714,3.556,1.0,1.0,1.0,1.7333333333333334,3.0,0.0,3.2222222222222223,-0.0,21.194288474810214,1.0
Wil Lutz,2020,3.932,0.92,1.135135135135135,3.284,1.0,0.8333333333333334,1.0,1.5555555555555556,2.4000000000000004,0.0,2.8909090909090907,-0.0,18.950933114933115,0.7551020408163265
Wil Lutz,2021,0.0,0.0,0.0,0.0,0.0,0.0,0.0,0.0,0.0,0.0,0.0,0.0,0.0,0.02
Wil Lutz,2022,4.0,0.8518518518518519,0.8869565217391304,2.968,1.0,1.0,0.8181818181818182,1.0,2.25,1.0,3.2142857142857144,-1.0,17.989275906058516,0.4565217391304347
Wil Lutz,2023,3.74,1.0344827586206895,0.9916666666666668,3.528,1.0,1.0,0.9230769230769232,1.6,2.1818181818181817,2.0,2.7857142857142856,-0.0,20.784758815896744,0.9302325581395348
Wil Lutz,2024,4.0,1.19230769230769,1.24107142857143,3.648,1.0,1.0,0.9285714285714286,2.0,0.9999999999999988,0.0,2.894736842105262,-0.0,18.90468739155581,0.6363636363636364
Wilford White,1951,4.0,0.1666666666666666,0.0816326530612244,2.0,0.0,0.0,0.0,0.0,0.0,0.0,0.0,0.0,6.2482993197278915,0.4782608695652174
Wilford White,1952,4.0,0.3333333333333333,0.1346153846153846,2.668,0.0,0.0,0.0,0.0,0.0,0.0,0.0,0.0,7.135948717948718,0.7419354838709677
Will Reichard,2024,4.0,0.923076923076923,0.982142857142857,3.2,1.0,1.0,0.8571428571428571,1.4285714285714286,2.142857142857142,1.0,3.05263157894736,-0.5,19.086422787738567,0.7045454545454546
Willie Beecher,1987,4.0,0.1764705882352941,0.253012048192771,3.0,1.0,1.0,1.0,1.0,0.0,0.0,2.4000000000000004,-0.5,13.329482636428066,0.4
Willie Wood,1964,4.0,0.0,0.0149253731343283,0.0,0.0,0.0,0.0,0.0,0.0,0.0,0.0,0.0,4.014925373134329,0.3636363636363636
Wilson Alvarez,1981,3.732,0.1578947368421052,0.2473118279569892,1.716,1.0,1.0,0.429,0.0,0.0,0.0,1.7142857142857142,-1.5,8.496492279084809,0.088235294117647
Win Pedersen,1941,0.0,0.3333333333333333,0.15,4.0,0.0,0.0,0.0,0.0,0.0,0.0,0.0,0.0,4.483333333333333,0.5227272727272727
Younghoe Koo,2017,4.0,0.1153846153846153,0.1651376146788991,2.0,1.0,1.0,0.5,0.5,0.0,0.0,2.2777777777777777,-0.5,11.058300007841291,0.1136363636363636
Younghoe Koo,2018,0.0,0.0,0.0,0.0,0.0,0.0,0.0,0.0,0.0,0.0,0.0,0.0,0.0,0.0238095238095238
Younghoe Koo,2019,3.752,1.0,0.8,3.54,1.0,1.0,0.9,1.5555555555555556,0.0,0.0,2.777777777777778,-0.0,16.325333333333333,0.3571428571428571
Younghoe Koo,2020,3.668,1.48,1.2972972972972974,3.796,1.0,1.0,0.9166666666666666,1.7777777777777777,3.0,0.0,2.9454545454545453,-0.0,20.88119628719629,0.979591836734694
Younghoe Koo,2021,4.0,1.0384615384615383,0.925,3.724,1.0,1.0,1.0,1.7142857142857142,2.3333333333333335,0.0,2.9454545454545453,-0.0,19.68053513153513,0.84
Younghoe Koo,2022,3.772,1.1851851851851851,1.1217391304347826,3.46,1.0,1.0,1.0,1.8,0.8571428571428571,0.0,2.8928571428571432,-1.0,17.08892431561997,0.391304347826087
Younghoe Koo,2023,3.856,1.103448275862069,1.025,3.46,1.0,1.0,1.0,1.6363636363636365,1.5,0.0,2.8928571428571432,-0.5,17.973669055082848,0.4186046511627907
Younghoe Koo,2024,4.0,0.961538461538462,0.901785714285714,2.94,1.0,1.0,0.7142857142857143,1.2727272727272727,1.5,0.0,3.05263157894736,-0.0,17.34296874178452,0.3409090909090909
Zach Hocker,2015,3.692,0.4,0.3888888888888889,2.856,1.0,1.0,0.8333333333333334,0.6666666666666666,2.0,0.0,2.833333333333333,-1.0,14.670222222222222,0.1282051282051282
Zane Gonzalez,2017,3.848,0.5769230769230769,0.6422018348623854,3.0,1.0,1.0,0.6666666666666666,1.3333333333333333,2.0,0.0,3.0,-0.0,17.067124911785463,0.4772727272727273
Zane Gonzalez,2018,2.908,0.391304347826087,0.3153153153153153,2.572,1.0,1.0,1.0,1.0,0.0,0.0,3.055555555555556,-0.0,13.242175218696955,0.0714285714285714
Zane Gonzalez,2019,3.884,1.3478260869565215,1.2095238095238094,3.544,1.0,1.0,0.9230769230769232,1.25,3.0,0.0,3.0,-0.5,19.658426819557256,0.8809523809523809
Zane Gonzalez,2020,3.896,0.64,0.7747747747747747,2.908,1.0,1.0,1.0,1.2307692307692308,2.0,0.0,3.0545454545454542,-0.0,17.50408946008946,0.4897959183673469
Zane Gonzalez,2021,3.828,0.7692307692307693,0.6833333333333333,3.636,1.0,1.0,1.0,2.0,0.0,0.0,3.1090909090909093,-0.0,17.02565501165501,0.48
Zane Gonzalez,2022,0.0,0.0,0.0,0.0,0.0,0.0,0.0,0.0,0.0,0.0,0.0,0.0,0.0,0.0217391304347826
Zane Gonzalez,2023,0.0,0.0,0.0,0.0,0.0,0.0,0.0,0.0,0.0,0.0,0.0,0.0,0.0,0.0465116279069767
Zane Gonzalez,2024,4.0,0.192307692307692,0.303571428571429,2.856,1.0,1.0,1.0,1.6,3.0,0.0,2.526315789473685,-0.0,17.478194910352805,0.3863636363636363
