PLAYER NAME,0,1,2,3,4,5,6,7,8,9,10,11,12,13,14,15,16,17,18,19,20,21,22,23,24,25,26,27,28,29,30,31,32,33,34,35,36,37
A B Brown,0.0280627125464945,-0.0185757519308447,0.0006773323593783,-0.0504553916185732,0.0033105745715056,-0.0125657794535691,0.0195300957844944,-0.0193624144373487,0.0790310430158901,-0.0339067124917975,-0.0352962529714353,0.0162160624258645,-0.0107877654234565,0.0088314007572564,-0.0188429961587151,0.0037838805240154,-0.0064618445577594,0.0100816065704534,-0.0190547850136198,0.0423059879613974,-0.0140145095393666,0.0056795503831121,-0.0115744139298246,-0.020717163699437,0.0487403814512142,0.0386595423092991,-0.0111683715429355,-0.0095385324069708,0.0051437615215712,-0.0103728022811155,0.0136451865149676,-0.0437871181890496,0.0140415756581187,-0.0174318835448941,0.0102829364479209,-0.0050297163415245,0.0084167924260477,-0.0200953044748983
A J Dillon,-0.0102814052448945,-0.0129592911699731,0.0527789785447606,0.0200528994198813,0.0023268254266541,0.0065204203565008,0.0273997670994939,-0.0259814731522778,-0.0335772181428328,0.010240732556791,-0.0246023347508206,0.0133970620641369,0.0063146050448857,0.0015429158068853,0.0159226897517205,-0.0213636670806082,0.0470016713333339,0.035241251254639,0.0051765280258267,-0.0195150273133191,-0.0452978533179775,-0.0199126319240976,-0.0487480939646243,-0.0244877712844295,0.0220227852983325,-0.0095255154078048,0.0326802742912765,0.0023167412135497,0.0013899788174473,-0.0017212425492671,-0.0367773716733919,-0.0448637836036894,0.0156271700450459,0.0284717644650768,-0.0126894352498176,-0.0094689405495553,-0.0478003761617151,-0.0124848407812809
Aaron Craver,0.0037533402948849,0.0263475207384428,0.0283229509281345,-0.0280515919434198,-0.0217640941038485,0.001046605175507,-0.0161404895943771,-0.028749213152858,-0.0036423363402542,0.0325384867189961,0.0287373212781664,-0.0041218884490056,-0.013384395241098,0.0352629298861398,-0.0208111552958787,0.0018042803539694,0.0207700765657616,-0.0631861930087596,-0.0275027174088268,0.0007467968700479,-0.0137696364993044,0.0149709862526331,0.023442996107125,-0.0326850042473656,0.0260169576656948,0.0152202725349562,0.0165576199860254,-0.0146728229121008,0.0161385519471024,-0.0031955126864813,-0.0375729949366096,-0.0021517556313427,0.0393643432742155,0.0185498295230456,0.0098745726786085,0.034398233934522,-0.0032780884029407,0.0465457583030841
Aaron Hayden,0.0165634938882832,-0.0150499330515971,0.0125673950057444,0.0076773952271811,0.017049744945048,-0.0395815597640882,0.0198866983089619,-0.0145683101115737,-0.0271030492133423,-0.0052558324223824,0.0058938952454875,0.0192491437937625,0.0132935488526335,-0.0033962181252005,0.0136148948390773,-0.0212711738795871,-0.0012284467071336,0.0109606611591344,-0.016078444252751,-0.0359527645895539,-0.0058274874942301,-0.0361300222534353,-0.012121750332976,0.0266087255371376,-0.0155735236901627,0.0234448433475624,0.0090076662949425,0.0081191910756754,-0.0105462586346339,-0.0025151918075411,0.0011521786968304,0.0238582796630823,-0.0117154000251825,-0.0014104126745624,-0.0108820485507851,-0.0269137642786115,-0.0133199831529834,-0.0111126609821859
Aaron Stecker,-0.004916278175262,0.0287012270004661,-0.0003382493440149,-0.0391519293352701,-0.0342550530223444,-0.0083403200472626,-0.0175729558107703,0.0242685587774549,-0.0365965576268331,0.0169810990035129,-0.0001477423037234,-0.0140732207830345,-0.018271004738113,0.0471870175490743,-0.0175225694595202,-0.0307358524977352,0.0333742867641656,-0.0168791296892194,0.0239406759747993,-0.0087762954648313,-0.0330144198820755,0.0366953025285071,0.0085435116432776,0.0030955687091829,0.0207776513030473,0.0367532030363779,0.0155516011846713,0.044564875916226,-0.0392162686504143,-0.0013460715826875,0.0154514816333747,0.0261123164876506,0.0452384874858506,-0.0109488759719776,-0.0543276528150802,0.007974714391794,-0.0170774149159224,-0.0093761822975158
Abdul Karim Al Jabbar,-0.0329893415283926,-0.0445345475436729,-0.0184153504050425,0.0274700044740177,0.0219537089645283,0.0089347487205005,0.0849797369613477,-0.0061027880966474,0.0052119210578373,0.004364150075223,0.0108648917847156,0.0321058919682649,-0.0565686295890725,-0.0784822643223051,-0.0165553851948857,0.0001236855751512,0.0422354692182785,-0.0736475005006955,-0.0492576692127394,0.0021805224253141,-0.0069937503626763,0.0180559320829199,-0.0242254898870405,0.019875674015386,0.0014985674517694,-0.0321317822238663,0.0372243378129273,-0.0175523697263888,-0.0323251353915466,0.0550882574551346,0.0147183789890047,-0.0150952717733542,-0.0412582377259357,0.0541282997480735,-0.0528254206629489,0.0255605655985814,-0.0242834717012037,0.02112879091914
Adam Prentice,0.0342657916678493,-0.017249843156984,0.000100742458317,-0.0355112997228423,0.0355459367411433,0.0159248749472491,0.0303861550771151,-0.0261753633417098,0.009604093066172,-0.0188682931513092,0.0076346475978241,0.0538340842963705,-0.0133709497155656,0.0271565246115839,0.001592172880538,-0.0026166567862486,-0.0303084865227894,0.0267219457308178,0.0077639259717772,-0.0161667473922888,0.0107348032475062,0.0166371025058719,-0.0054520369347895,0.0023535162256157,0.0117807065240103,0.0173418760253313,-0.0396661738463975,0.0169479810331577,0.0033636388040257,-0.0027301918774068,0.0189620122953572,0.013200434391049,-0.0028072764886704,-0.006320198451737,0.0190885578797465,-0.0056617829888645,0.0188082292408898,-0.0144508333260869
Adam Walker,0.0321143096353849,-0.0178215265703285,0.0072436794067184,-0.0049552126680999,0.0096815527227129,0.0016493695790306,-0.0011391548250356,-0.0123257527480292,0.0342125820492791,-0.0139598837760605,-0.0021865575902234,0.0048133505858327,0.0008068427911155,0.0108767781707012,0.0056689854589268,-0.0219457778806352,-0.001965713382144,0.009666125462251,0.0022278111029031,-0.0013644802211218,0.0050564654643215,0.0073065351264277,9.698256869084768e-05,-0.0072419025445041,0.0151230368195023,0.0108222824244489,-0.0011813869915134,0.0042635170348739,0.0074653141884979,-0.0056349952182609,0.012041965039122,0.0170845162506185,-0.0082011250238956,-0.0038675546401154,0.0020675141362766,-0.0019744405284507,0.0065508480753225,0.004840849238293
Adger Armstrong,0.0125080481210899,0.0343988015945408,0.001247151664236,-0.0029537420702747,0.0255288170260006,-0.0070826863558886,-0.0058614710910327,0.0045313728742055,0.000460174309169,0.0114235191695115,-0.0014199957922621,0.0043740818045008,0.0245506130478278,-0.0107447079675617,-0.0399967552376026,-0.0175669259985642,-0.0301881669221004,-0.0108285982373608,-0.0335338600122258,0.0211237847605695,0.042664762378662,-0.0323095119981267,0.0037412297515087,-0.0302550500380035,-0.0527450865483537,-0.0438063697189563,-0.0344048617490893,0.0025166249205923,0.0012139138785586,0.0123979012743282,0.015247663109195,-0.0209360999572177,0.025090015112522,0.0181022674365568,-0.0264476377298215,0.002341079236877,-0.0158634268861263,-0.0151246953922028
Adimchinobe Echemandu,0.0338487276273484,-0.0146622868138417,-0.0214597300786657,0.0050553203588974,0.0129712986015887,0.0306302240948988,-0.0031198228920151,0.0098691159995074,-0.0323051711729829,-0.0025964727504191,-0.0072147170556762,-0.0042551614467017,-0.0010169982384772,-0.006595159859642,-0.0171917439477618,-0.0141186834878384,0.0075126284838421,-0.0055835671239665,0.0039723485398368,-0.0140629028034124,0.0126294225169239,0.0091536035199291,0.0110588609554619,-0.0017534140381248,0.0142671062568911,-0.0016065800275383,-0.0122919439891864,-0.0030012294999816,-0.0111776166898177,0.0051681722930484,-0.0056053076805002,0.0037424503933911,0.0039763431870034,-0.000356552739118,0.0128274494414602,0.0075339778421188,-0.0030002853751681,0.0049675182442712
Adrian Murrell,-0.0301208246654381,-0.0080603979991892,-0.0304060149128076,-0.0286247471040919,-0.052149711922787,0.0390483069728267,0.0456221119078981,0.1068323411528224,0.0166154830608808,-0.0011831355094924,0.0082658340477475,-0.0395695262309728,-0.047307189616483,0.0400197600744959,0.0048565429598852,-0.008599802851634,-0.031616289880677,-0.0490737038149697,-0.007088673317554,-0.0378278522207201,-0.0499712657195633,-0.0107946541959016,-0.0443484950140101,-0.0106208799101823,-0.0377111971759588,-0.0331727243386104,0.0458781083008019,0.0115344950625645,-0.0137759262470431,-0.0114390837441867,0.0622212848165822,-0.012320674683847,0.0116031393869224,-0.0125006098361254,0.0264603537099248,-0.0280081156473796,-0.0001811760433083,-0.0043643034979635
Adrian Peterson,-0.102522845742694,-0.0896054245418945,-0.1343090032627446,-0.0137778518315921,0.0215696272568245,-0.0576953082243642,-0.1245598451099538,0.0142813690065438,-0.0162469854594254,0.0824290632933626,0.0269065648694057,0.0299190102113627,0.121569493830182,0.0683271966558771,0.0139146078997048,-0.0223724045260616,0.0167944988987003,0.0122088328387987,0.0032248221637511,0.0356591263619498,0.0116110134851765,0.0980876456579289,0.0756666109372805,0.0388746370242707,0.0256158885347932,0.1473572314734865,-0.0435623989011877,-0.157532237871208,0.0846710077265396,0.0343440711916346,-0.0143545315865797,0.0238054635478748,0.0470335771621948,0.192607054340069,0.131439708693369,0.0710448600469781,-0.0058248040544858,-0.0697178647923373
Adrian Peterson 2,0.0040155120865302,0.0186425296887441,0.0273550954416217,-0.0413788140237505,-0.0279307070595161,-0.0352695196791327,0.0107464220587502,-0.0110614802127142,-0.0284113652831319,0.0270895128048044,0.0002230101737966,-0.0039650366943589,-0.0033335456266793,0.0181846525760181,0.012606796934194,0.0138527106085005,0.0192749915953652,-0.0043013462550469,-0.0438211782662992,-0.0060205095205275,-0.0389091536182235,0.0248289007791652,-0.0013573489941314,0.0260618921396527,-0.0123723833855595,-0.0039430934486573,-0.0171954373301177,0.0277084261583458,-0.0034372803836953,0.0073336764521742,-0.0482758077313443,-0.0228877576989537,-0.0439506327206486,-0.0137669401123633,0.0255436565078073,0.000996955346906,0.001901710576628,-0.0110241176222283
Ahmad Bradshaw,-0.0438532647526796,-0.0102967305779007,0.0264177094454476,-0.0266834353015995,-0.0322306077228946,0.0072981136281048,0.0280113071220461,0.0492342406826986,0.0185365621297187,0.0449417555852593,-0.035644830456837,-0.0391712712266621,0.0502228018501798,0.0544552766509024,-0.0160017503339123,-0.0576927905384111,-0.0736019475977666,0.0051059526548662,-0.0040823555828865,-0.0025435526790242,0.0274608744916193,0.0138254715207695,-0.0523516059536152,-0.0085819514919937,-0.0203016114094411,-0.1014125497480959,0.0478771747615507,-0.0338203273109641,-0.0477936986470032,-0.0100312306929335,-0.0496726053806314,-0.0472725811301915,0.0343246786758207,-0.0893991152017717,-0.0034340604588336,0.0214058057003477,-0.0082661776352555,-0.0135484779572885
Ahman Green,-0.0650547677879471,-0.0129050137572263,0.0127314513756059,-0.0380612472970516,-0.0361504820151902,0.0668965485281934,0.0082391795714011,0.1207069908255834,0.0608362292773151,0.0172757268159673,0.0090291333024155,-0.0254093893200029,-0.0254979680963594,0.0268932555009067,0.0768440428236426,-0.0133383052480756,-0.0630395851222553,-0.0258188317173437,0.0438762317517231,-0.0400252502389412,0.0499836113323715,0.0458163343678519,-0.005031890430978,0.0380065337773709,-0.1025323995780871,0.0567373602417531,0.0835055297837102,0.0261925977797643,-0.0214396546838316,-0.0185808385168453,-0.0041757351605407,-0.0057333971056232,0.0013360765129581,0.0555944295784563,0.0458233097346447,0.0024901299427787,-0.1080302736284459,-0.0258894411958053
Ahmard Hall,0.0120294359443996,0.0236627293443734,-9.608243202564277e-06,-0.0756568364466586,0.0164390771380928,-0.0288427873919182,0.0413517230484615,0.009893314212112,-0.0004882499377974,-0.0136882886269473,-0.0341315211325754,0.0206686823477195,-0.0219164245562925,-0.0071487886807213,-0.0188737676836549,0.0325929997820806,0.0098807053061449,0.0152245549045878,-0.0170518412250358,0.0292486564575398,0.0078420469882061,-0.0057045553403037,0.0593588926362919,-0.0137941736011317,-0.0034949656092315,0.0419431627590453,-0.0309677311355726,-0.0065269998978565,-0.0154917149670397,-0.0125546390515681,0.043039511463852,0.0022995354542861,0.0048685716373968,-0.0204529799125304,0.0159782222723504,-0.0131161387357539,0.062812162044236,-0.0107895569001249
Aj Mccarron,0.0370158388482534,-0.02627216426515,-0.0286060157696122,0.0041377446598424,-0.0004573915671413,0.0628055670655409,-0.0081946094634386,-0.009374594210001,0.0028886193299663,0.0078802636679947,-0.0010406922644334,-0.0073673612483422,-0.0042271872681756,0.0010723882304885,-0.0027291123554188,0.0098554931339985,-0.0145133385100633,0.0064988884936762,0.0230452269245604,-0.0153514623422209,0.0127235397548168,0.0222287822732959,0.0150362877138341,-0.0060929091512319,-0.0146251176379525,-0.0208847830422709,-0.0113174279012131,0.0075758492216087,-0.0013103683864229,0.0082737794889997,0.0039298307749482,0.0075900352022075,-0.0067659909290809,-0.0109592049982708,0.0011186301685534,0.011247623869644,0.0116567213864011,-0.0144950633423347
Akeem Hunt,0.0209558394080687,-0.011442188796578,0.0168245144294748,-0.0164425424702765,0.0190065282129089,-0.0346311235398894,0.007612034038852,0.0017800922445011,0.0169078770361782,-0.0066780246910778,-0.0125258911493934,-0.0318294302286672,-0.0005935364165693,0.0020181447110135,0.0110333503484952,-0.0189605701032048,-0.0235919269664371,0.0019153769435356,-0.0183406084612317,-0.0327074937446639,0.0088610305491014,-0.000511201538726,0.0358500391349665,-0.0251422554349053,-0.0020005887740129,0.0093707235475064,-0.0090159891497353,-0.0024435935143638,0.0176043783550385,0.0001438895392781,0.0263411704347182,0.0123869146310625,0.0102732460107271,-0.0180047906509033,0.0192605651838752,-5.540771261788868e-05,0.0089041073904415,0.0079564178243522
Al Hunter,0.013520641936732,0.008386493364467,0.0262874910334686,0.031114793481893,-0.0178278503850336,-0.0560111526692509,-0.012161819817719,0.0225584390604681,-0.0108104055472585,0.0104246134361827,0.003896493437036,-0.0257231328890775,-0.0047036371444926,-0.0082555101815123,0.0379570076449277,0.0054464005964694,0.0106262949420703,-0.0111601063206667,0.0059909476265261,-0.0060322043787243,0.0207848287996134,-0.0235958032109173,-0.0058619550205893,0.0234020074323902,0.0356848265996839,-0.0061080369159483,0.0133290353598077,0.0103508030133895,0.0422599997242212,-0.0208595857778525,-0.0215693427060012,-0.0234212851497593,0.0111524382602457,0.0616767987769841,-0.0052511099560339,-0.0107859909882524,-0.015045194491932,0.0126708570927362
Alan Ricard,0.0245538432740415,-0.006673802544972,0.0123399369558376,-0.0124721935102005,0.0198052602498031,-0.0193387072648886,0.0069327711588585,-0.0103531225669379,0.020332138368456,-0.009849484681007,-0.0131032414110954,0.0183719052281157,-0.0168633221674338,0.0101057937767025,0.009219033170948,-0.0157975604469668,-0.0024116201564232,0.0117871082301623,-0.0001769074384494,-0.0123825875013005,0.0111434064444022,0.0157189013574087,0.0036884392200868,-0.0036172397060114,0.0052848490081211,-0.0039681985739851,0.0031697748077617,0.017035376956997,-0.0010251052596161,0.0007412738567644,-0.0113577082250115,0.0272916990430293,-0.0128682501895707,0.018997277994977,0.0089473615096486,-0.0118559146429387,0.0102809102082482,0.0063692033672496
Albert Bentley,-0.0247479544945194,0.0284183433611635,0.0506625083487308,-0.0218997414258474,0.0142132737292255,-0.0104405042645195,0.0337007488770404,-0.0058596548655717,0.0191393478416196,0.0723141345841158,-0.0358989539938947,0.0192941600367908,-0.0307969036783954,0.0180082537018314,-0.0046209992790064,-0.0284068366350658,0.0135367053775675,0.0245011891909773,0.001717139038006,0.0389230774033825,-0.0457226046381876,0.0331363380465002,0.0224994722797266,-0.0643738373096196,-0.0142389328613154,-0.0211755134636211,-0.0006593809869479,0.0022662320853965,0.0213021262980405,0.0277135775427277,0.0092754313854108,0.0341471584726728,-0.0275797287577352,-0.008461345495811,0.009609624349884,0.0671054459924946,-0.0215892570836057,-0.0028054356440105
Alex Armah,0.0331683217847522,-0.0169370835335462,-0.0100299576298333,-0.0210058993105687,0.0176722520782274,0.0292139569410828,0.0221007197563211,-0.0179921391152247,0.0026029574585388,-0.0071948350823375,0.0054100321827518,0.0573963920843414,-0.0069196746976912,0.0125045995820679,-0.0033975808733644,0.0051143051080525,-0.0140612720109777,0.0076417226352099,0.0048389284704063,0.0016600062975932,0.0009274724820433,0.0247887797139083,-0.002578678552231,0.0061419053765316,0.015067134812755,-0.0215492466375574,-0.0169668149807602,0.013646300937086,-0.0016646847189611,0.0010295046517055,-0.0040694154583889,-0.008239950276679,0.0034535994805368,0.016454598954743,0.0201004738750032,-0.0086199962863991,-0.0108203379931128,0.000374420422856
Alex Collins,-0.0020128256684439,-0.0300744242450618,-0.0297802457537767,-0.0047761995361929,-0.0058992831577451,0.0143096285272124,0.0451606091967149,0.038622346915711,-0.0051721414471313,0.005177543209341,0.0147897100294046,-0.0401517703937829,-0.0149987793015674,-0.0275596323184825,-0.0038547348928001,-0.0281147149621323,0.0012192748821061,0.009492283839888,0.0122125168023596,0.045542960371854,0.0477727000543323,0.0311803548367868,-0.0177102126465305,-0.0247514516542656,-0.0192613357803273,-0.0100317927713206,-0.0036887142279297,-0.0277770415194217,-0.0452098521854571,-0.0107840493847096,0.0255365399907881,0.0334986958178766,-0.0016491176257868,-0.0071122136842402,0.0085055979645151,-0.0168153875974389,0.0298481703346367,0.0397535327524569
Alex Erickson,0.0150188305958284,0.0304116346323327,0.0261095105149482,-0.0178898566579885,0.0275650747123927,-0.0454020395851004,0.0080199028757643,0.0070152030025573,-0.0160591351385606,0.0113945729506003,0.0162896690871466,-0.0046827554368834,-0.0197880476653508,0.0199883502116184,0.0078753920300886,-0.0035099266746638,0.0213623434253071,-0.0034022450947614,-0.0308629446755878,0.0014066143893496,-0.0208270988057796,0.0327647061923012,0.0180721094406668,0.0035263809283495,0.0393671772997554,0.031178366160681,-0.0024964378554394,0.0102168826528524,0.0037808451820237,-0.0082451064367441,-0.0198428483949028,-0.0326180693739257,0.0389389326002817,-0.0236955939232255,0.0163363577323523,0.0477367780724157,0.0014620926298262,0.0027803494951086
Alex Green,0.0248986080545208,-0.0121690296953103,0.0185199038437545,0.0188226426447499,0.007426526760986,0.0034359059176236,-0.0226431852868575,0.0175332183136012,-0.0032422157891644,-0.0042487394047557,0.0121843147773209,0.0054642583356507,-0.0120820217753454,-0.0005466383085551,0.0140429990696863,-0.0152492439241462,0.0100637685559957,0.0225625660812878,-0.0086345802734568,-0.0156630151237112,-0.0082192541465709,-0.0021016984117092,-0.0213505368090206,0.0195067321043094,-0.0072374567534345,0.0170030264025144,-0.0157099132757121,-0.0191663647488129,-0.0052659301262819,-0.0051422220359599,-0.00727581766077,0.0258599169841619,-0.0098861776912617,0.0129088053533841,-0.0090661802355449,-0.0108832899523674,-0.0115620097778321,-0.020840458436841
Alfonso Smith,0.0285255624984861,-0.0164994945927871,-0.0058523202075067,-0.0050780958315819,0.0121575181988288,0.0185234722947197,0.01031715385924,0.0005544580721208,-0.015987633305651,-0.0060632204178392,-0.0065068246610548,-0.0006556184946637,-0.0006331988441627,0.0098019737769431,-0.012794946285975,0.0014354436422885,-0.0126311956024038,-0.0155801475022413,-0.0069606813020545,-0.0194097971248324,0.0026593276629816,0.0047130015230381,0.0239286943997096,0.029298312151857,0.0223262853387066,-0.0023216482006257,0.0011828859955199,0.0145456749041761,0.0130267817995537,-0.0124912529120977,0.0072806273590728,-0.0027918880858567,0.0080308870692314,0.0033484003405347,0.0284231838334683,0.0298840746817002,-0.0215230098194632,0.0243890867503071
Alfred Anderson,-0.0137609608715589,0.0061134443898387,-0.0230939868365888,-0.0286435973869527,0.0039913801268111,-0.0273951663093322,0.0421008219648761,-0.0259485092862621,-0.0069572837506431,0.0012279661554738,0.0168252863307105,0.0022850230087382,0.0020202130539118,-0.0413087704177981,-0.0074499710740083,0.0261618418767571,0.0481190476803647,-0.0161769690816198,0.02515397735817,0.0005187309134074,-0.004338448452874,0.014601852669326,-0.0396209912651441,-0.0166560673405068,-0.0113340542354116,0.0048652754166425,-0.0130072837914311,0.0282517160998039,0.0492903554561077,0.0364188578251698,-0.0318575687144603,-0.0349286860672141,-0.0528593050022058,-0.0502990085271601,-0.0436177632860205,-0.0380114710873731,-0.0382943120317418,-0.0093130178782248
Alfred Blue,-0.0101820749816371,-0.0319327769511294,0.0019265899243364,0.0088371325414834,0.0124471490512784,-0.0092810345273146,0.0009031644981022,0.0128267626466241,0.0099573946220232,-0.018990559437311,1.143240492813063e-05,0.0006400903910738,-0.000364771825765,0.0278683141578464,-0.0010660789830063,0.0218921370616994,-0.0091950996260785,0.0015582807011765,0.0403698033948116,-0.0140771492188388,-0.0461941722164574,-0.0390256379648023,-0.0008857097540312,0.0300047184921747,-0.0191388593321535,0.0410022940072995,-0.0146638877711653,-0.0187836311463922,-0.0124213310536472,-0.0337216531825328,0.0408262357953337,-0.0412419927748653,-0.0322330357122798,0.0102451181519104,-0.0641887704865287,0.0172651552841454,-0.0343074172994216,0.0380391856028623
Alfred Morris,-0.0419711961933071,-0.06995936450377,-0.0779467195476507,-0.0077928942247571,-0.0002355816787038,-0.0558906643861253,0.0050486025587226,-0.0350251412542744,0.0236287900528224,0.0465498839802962,0.0649088552792742,0.0186835169892094,-0.0484762379449965,-0.1429889016745109,-0.0150482846164896,-0.0555956626370287,0.0015778776429176,0.0007655757953258,0.0071205172568795,-0.017618995302488,-0.0661458017487244,-0.0075514554478305,-0.0121701955679901,0.0423365910622737,0.0110214154010634,-0.0067065719495519,-0.0401160547287252,0.0688978454896838,0.0997795193145489,-0.0519151827354588,-0.045613698016367,-0.0005140515590672,-0.0141259666397225,0.0483322208580737,-0.0233073658199657,-0.0296024117281318,0.0480457801293953,-0.0408267597713418
Allen Pinkett,-0.0122242322586132,0.0003270960578894,0.0423292114492618,-0.0059042244024454,0.0046788233738878,-0.0039125234002046,-0.0021756275211259,-0.0277902060018255,-0.0056654173869736,-0.0176403829000375,-0.0044409462627133,0.0013463561092754,-0.0138970979950382,-0.0196128958482628,0.0141845107063545,0.0200178416375798,0.0096192249833818,-0.0140861780730379,0.0204875752099655,0.0228355517222423,-0.0119032175653292,-0.0274548829891105,0.0436792657000727,-0.0480161315877127,-0.0099433965531748,0.0002972513847162,0.0207160209350262,-0.0180354326151092,-0.0043992681421143,0.0071386762410962,-0.0316480862257596,0.0127660531829941,-0.0279753052651721,0.0410288011213825,0.0095579623503874,0.0427708071151125,0.022861845014228,0.0183415857557658
Allen Rice,-0.0004730717749891,0.0260174159290338,-0.0072341660270985,-0.0339363210278939,-0.0113264435801055,-0.0090015407651903,0.0283135039268502,0.0196610426302409,-0.0315944166409287,-0.0134571130513789,-0.0032298713027683,-0.0021761786502985,0.0162722277543353,-0.0139392073683754,0.01963199759938,-0.0064962383733068,0.0289295152070171,-0.0109069653702761,0.0263181799111077,-0.0418142023252709,0.0113020851137337,0.0317375075090526,-0.0019108173640575,0.032385733085107,0.0223523688056561,0.0092451618413963,0.0280796370959735,-0.0241398172750673,-0.0061004452031133,-0.0226212745782044,-0.0261398540461904,0.0017093773357187,0.0085335570871764,-0.0376426469003869,-0.0114096733025232,-0.0077006792073052,0.0095403725475439,-0.0273388695731422
Allen Robinson,0.0019828097872498,0.0926935288558726,0.0325987323660215,0.034537710527696,0.0850439998599047,0.0431323976151348,-0.0305396088185318,-0.004034925835483,0.0107010699359635,0.101857039815585,-0.0434773540086735,-0.0447994026930364,-0.0250391598181383,0.0079615359367061,-0.0109187070000253,-0.0664484520077411,-0.0018042558767337,-0.0144985144396706,-0.0914241802321837,0.0758013526665467,-0.028703008630101,0.0214207963715182,-0.0297301835193396,0.0610639886427528,-0.0408953773563465,0.0056065957634584,0.013666538404058,-0.0018643955075253,-0.0068895434296394,-0.0119314075516783,-0.0318136196070389,0.0178816642499563,-0.0169159212159849,0.0073309777286179,0.0145496684700643,0.0453609113828953,0.0427828891827479,0.0411011325288798
Alonzo Highsmith 2,-0.0031142891532405,-0.0095856207216407,-0.021584286814659,-0.0188159438985164,0.0040496798119144,-0.0186787622866524,0.0273396559354123,0.0709183915757673,-0.0095799126541773,-0.0186445301525278,0.021376458654329,-0.040809833065654,0.0065981365501229,-0.0195799130840435,-0.035490080971984,-0.0185531780980041,0.0041518644613825,-0.0094393969953578,0.0322269153133614,0.0180538100769295,-0.0194536142967039,0.0145310795034603,0.0171119458965109,-0.0241755702621191,-0.0350170733004792,-0.0242812958818679,-0.0007055054729637,-0.0027545878922668,-0.0445074736866407,-0.0100895577732072,0.0307495337229259,0.0504772887438409,0.0214501718575838,-0.0330093920033285,0.0286562828465203,-0.0492466235971642,0.0434663049574463,0.0189376605824171
Alvin Maxson,0.0025998973071553,0.0196439407852957,-0.029862774919515,0.0568070202262093,-0.0004784518992827,-0.0221276083963341,-0.0002712379965892,0.0036111177051107,0.028018681314541,-0.0193044399747294,-0.0145524167170334,-0.0081420644324654,-0.0621596813968395,0.0267400344168524,0.0059694200895719,0.0559830714902143,-0.0239942643389776,0.0032209159529227,-0.0216649750202409,-0.0199510622349643,0.0328557248141378,-0.0198997785429779,7.311876424835086e-05,-0.0081253023758042,-0.0170129087302081,-0.0040910019010622,0.0033085812959547,0.019864791783318,-0.0423132904473837,-0.002180176967454,0.005670584953617,-0.0102167730820738,0.0354385114850918,-0.0470356823201135,-0.0052879486945444,0.0742362392682463,-0.0153442606097817,-0.0129814071796803
Alvin Moore,0.0155851090695056,-0.0079438378011963,0.0052029823124241,-0.0093311868381711,-0.0025167356961236,0.0012130025981313,0.0239721731266954,-0.0032509049652308,0.010089378199999,-0.0091515794761425,0.0115870695065195,-0.0110111347305843,0.0062549379560986,0.0053548738833394,-0.0244969609203794,-0.0023774010052978,-0.0093713364462,-0.0010784151580669,-0.0080415859963815,0.0019866963372862,0.0170686388950467,0.0116364732827267,0.009919571578372,0.028574451804873,-0.0181291931437238,-0.0141310766944707,-0.0056613955897789,0.0111051610969354,0.0063925575829134,-0.0305209674593904,0.0364045187698128,-0.0119837789045984,-0.0175549633729032,0.0228913459572919,-0.0073028602324267,0.0021696768995775,0.0044667308338528,0.0221123072616259
Amari Cooper,-0.0241287207034182,0.1587265596408507,0.0265968838940569,-0.012323850929522,0.1479123059101965,0.0467454094093971,-0.0048597584080342,-0.0313744056824005,0.0170185214929512,-0.0011157030250172,0.0702346227380426,0.0315500972209911,0.0128450110351937,0.0256433488219876,-0.012185369332621,0.0206828255035782,0.0032105625433286,0.0198015201474411,-0.019222802540825,0.0731205294352171,0.0017716880986465,-0.0104672241702276,0.0276601416785298,-0.0262746368798677,-0.0272244965607163,0.0076910984413788,0.0395803157350532,-0.0522169032729285,-0.0641124818904943,-0.0017909224616606,-0.0079231858871658,-0.0069557146979661,-0.0345321921591641,-0.0166529303357225,0.1184700556353962,0.0912296022507726,-0.0241579507543943,-0.0078700461536248
Amos Zereoue,-0.0054054068058471,0.0093495660576934,0.0476416987764945,-0.0216536587563823,-0.010155075746693,0.0122201602400624,0.0035277426151273,0.0096653666303841,-0.0276463274041469,0.0187796477115315,0.0110715368476498,-0.0060729150563491,-0.0447628001341865,0.0179289572701748,-0.0065856580521796,0.0198124840716667,0.0421440210946645,-0.0206102293027703,0.0104342503685526,-0.0251513061543395,-0.0489419471407453,0.0453481405212825,-0.0029950446501444,-0.0092276598530942,0.0014160751183807,0.0181063867747637,-0.0073765315983452,-0.0189509304644109,-0.0025061108168388,-0.0378829353782293,-0.0429128615487164,0.0212680057238708,-0.0174023542272985,-0.013866368941433,0.0183953594542661,-0.0473084702501055,0.0112840493892865,0.0334886614975979
Amp Lee,-0.0235417584818187,0.0753179674288901,0.0087175978844893,-0.0198345157091766,0.0250969911542763,0.02278365608996,-0.0201532194300928,0.0112123298975229,0.0405923601029132,0.0821880442730313,-0.0114456968206142,-0.0222521643076008,0.003206422503763,0.0158971204274009,0.0205187718234402,0.0322503044631774,0.0052214811873077,-0.0120824400996553,0.0420858876935443,0.0088538766550549,-0.0801958519608316,0.0419144338289468,-0.008939577775387,0.0882582359209575,0.0300813439689885,0.0129449444164459,0.033854205173683,0.0036072784087636,-0.0002828596082425,0.0022200571528384,0.0007650055471272,0.0100013786558751,0.0363916938353377,-0.0503933576076574,-0.0587107237014626,-0.0083381519732811,-0.0076095327071088,0.0509215735683678
Andra Franklin,-0.0103484687038235,-0.074216023600941,0.0077040639696316,0.0186087162431038,-0.0061641233885211,0.0323057243475739,0.084550238432383,-0.047626498711237,0.0285803885864571,-0.0393928536731376,-0.0049929541244136,-0.017115990799223,0.0439320638183754,-0.0123227552122464,-0.0153816649519918,-0.0185219302575981,0.0183541280594408,-0.0288478806341087,0.0093813354198569,0.0178261214749333,-0.0177509114339209,0.013514518317431,-0.023313957752363,-0.0033970597316012,-0.0005737781957415,-0.0196451719042458,0.033502001416273,0.0183836279886732,0.0044005539574998,0.0026152600671502,0.0009517239447979,-0.0377754735886443,0.0168485096465807,-0.0318858953382375,0.0028329822895511,0.0008914996614363,-0.0309392881802638,-0.0231365493516218
Andre Brown,0.0275723281696453,-0.0263294976245455,0.0223766107438535,0.0168278821658439,0.0058032284842035,0.0588726918969103,0.0002411430391943,-0.0474961828119163,-0.0184292128921379,-0.0055303065348661,0.0352151901852954,0.0139998683493741,0.0218416486434992,0.0362118501786841,0.0108073095636042,0.0177017867143655,0.0173522980766538,0.0245673196112741,-0.000179388977781,0.0046523923293568,0.0034111958971951,0.0203204976000866,0.0111961794973032,-0.0257203124741533,0.0078567967861597,-0.0103315366861456,0.018613332302442,0.0365231865924441,0.0167175289614801,0.0030900515100641,0.0047673517232863,-0.000722067847502,0.0151724218262002,-0.0120010018038095,0.0152766778049411,0.0379968972173923,-0.0005766437461045,-0.0065190863528971
Andre Ellington,-0.0275994426219732,0.0031292239764972,-0.0082321020388589,0.0094609089113478,0.0440443465365132,-0.0452947083933319,-0.0210071654825834,0.0544049778594131,0.0267361293566253,-0.00373441635849,-0.0044783439886235,-0.0118763682754522,-0.0392121040161097,0.0035655443487003,-0.0078400626951008,0.0436256834578323,-0.0021826865241869,0.0060914188259167,0.0135668157323437,-0.0339428296916168,0.0094392022025564,0.033507753414996,-0.0356092353968443,-0.0385656545039151,-0.0400481300293796,-0.0251383673990358,0.0321387978835864,0.0157666613314162,0.0168446939885606,-0.0173918973501389,0.0824410020903955,-0.0331167826702609,0.0175167670952046,0.0121892567219434,0.0380673057216148,0.04134140274565,0.021617869642618,-0.0454353074000553
Andre Hardy 2,0.0330885466719519,-0.0116859114648443,-0.0161541201170829,0.0036228706845354,0.0072641335480814,0.0163811352294147,-0.0031843403818084,0.0115510193399517,-0.0244786285907,-0.0059840201590363,-0.0051790775453887,0.0042126602517108,0.0040274126176953,0.00035849382302,-0.0143498687848068,-0.0237325876196291,0.0066337723461495,0.0025149038697092,0.0028145244002859,-0.0194808455302214,0.0015075515211472,-0.001903631761638,0.0090413205560743,0.0222816747305829,-0.0017603516339609,-0.0070478549793996,-0.0036313655631558,0.0099472299064651,-0.012221537257008,-0.0055948974787474,-0.003366811948011,0.0036860809015666,-0.0011728504815124,-0.0099060808471761,0.0133772393938967,0.0073066078750578,-0.00507608745689,0.009334580296678
Andre Williams,0.0034402335910997,-0.0395121349989957,-0.0281214104791441,0.0213109939648246,0.0191895876709791,-0.028897542816782,-0.00643376024737,0.0134800364058883,0.0351145344240419,4.3724278086092047e-05,0.0031485246034106,0.0450046392802926,0.0080415216095767,0.0375924616359215,-0.0361706263379833,0.0266417892516513,0.0109953123394816,-0.0275805121658726,0.0164971495584154,-0.0101811685508245,-0.0087357745469796,-0.0019027414892204,0.00166313309771,0.044764515242084,-0.0037627334892428,0.0075351613295642,0.0042640738265337,-0.0156404223712152,0.0012038342425722,0.033026312984139,-0.0331163245611466,-0.0533232589485497,-0.0204690018489232,0.0073751197695198,0.0030712418826888,-0.0268956259592377,-0.0240957541738023,0.0103487879414851
Andrew Beck,0.0312639709192706,-0.0026101715836199,-0.0253193286821685,-0.0222741130940014,0.0226883109626552,0.038721544553131,0.008936003319868,0.0038416629803432,-0.0496681284362867,0.0201059443024831,-0.0530021029054658,0.0256050011784537,-0.0211971147502626,-0.0050595341659171,0.0423447692156559,-0.0119328576929273,-0.0007442456474486,-0.0334835860719483,0.0418326009278625,-0.0070501092336651,0.0157353328590663,-0.0159509677787026,0.0563247120606996,-0.0169820444192819,0.0005327000293329,0.013937046666526,-0.0118870488296946,0.000158573317716,-0.0037457738131573,0.0260461353509707,0.0213302136735368,-0.0080236777072144,0.0560220561149998,-0.0011365410517052,0.0065672985213951,0.005428615458346,0.0094362204015041,0.0284305121108943
Andrew Pinnock,0.0286412085450638,-0.0152190989497702,-0.0044810410358748,-0.0574455213220497,0.0214472393701414,-0.0129255534670052,0.0308275389102215,-0.0155868054399747,0.0372242144726943,-0.0437564398153429,0.0014949679663277,0.0406121239602703,-0.0129934175489554,0.0116546213022827,-0.0510336823163769,-0.0006283393132083,0.0040352641781904,0.0100177934947404,0.0110870862508801,0.0355032527274034,-0.004070727499161,0.0138131474245389,-0.0283728695088555,-0.0001105911815348,0.0544893094878133,0.0299670446716227,-0.0143508793527954,-0.0129630316686426,-0.0308917542401999,-0.0232316959422253,-0.0057465990402317,-0.044459481862854,0.0101254096048025,-0.004158916047531,0.0414019581328197,-0.0181365869730352,0.0006125956709952,-0.0384055265486599
Andy Bolton,0.0366285329968148,-0.0198164566897743,-0.0083646155555859,0.0272739939033928,-0.0041406652467782,0.0193000129982875,-0.0195706254478397,0.0103905665122398,0.0298504273832994,0.000684946096202,-0.0065787400121174,-0.0203010501415248,0.0089923802792798,-0.0062807262675233,0.0028255186515386,-0.0043191669331514,0.0021139733943529,0.0122001089352862,-0.0216049628352979,-0.0094228668654262,-0.0063986551551427,0.0001091258499258,-8.475047053624687e-05,-0.0033499068536932,0.0010305984933759,-0.0216207149095429,0.0034627765782945,-0.0053089323954564,-0.0099707920835352,-0.0040466050578358,-0.0004094555337412,0.0062402755618609,-0.0157114608142503,-0.0213721173634886,0.0045980029120068,-0.0016147914447582,-0.0192823370060649,-0.0053343449133862
Andy Isabella,0.0242677417722306,0.0310548697366038,-0.0259692367797903,0.025668446317723,0.0410594130306969,0.0144035934737535,0.0057669408063471,0.0530686247610743,-0.1449267261793603,0.0156577999550734,-0.0053639382271046,0.0304506952386268,0.0035701649421167,-0.0043084264906296,-0.0276499566087835,0.0045802058863661,-0.016000417857333,-0.0017621870848031,-0.0216913241504257,-0.0464725409580653,-0.0016538834420814,0.0460378050794606,0.0004061043709536,-0.0874376940348769,0.0183657937976735,-0.0262175566101944,-0.0181593160375646,-0.0209576114754624,0.0303007635611061,0.0010060542018049,-0.0104539292602847,-0.0230840420700049,0.0037622928620849,0.0084746753955185,0.0043436509451476,-0.0134903192203874,-0.0534382947900169,0.0006045894444802
Andy Janovich,0.0186109401069613,0.0042195394659652,-0.0114215152749909,-0.0898077782076419,0.0102631772356407,-0.0283799483709101,0.0569848566229034,0.0017730568728503,-0.0077810346795034,0.0019481498633668,-0.0706833566229925,0.0704349343159725,-0.0135810240050005,-0.0076386994327139,-0.000922574296296,0.0550887799026076,-0.0397613547310234,0.0292515739309108,-0.0442274738103138,0.0261682094590534,0.0018603824152616,0.0220904586604443,-0.0603097792507804,-0.0074048272694457,0.0397203272030567,0.0194266276894131,-0.0303613909609862,-0.0242303583884515,-0.0329638501596964,-0.0533736808992355,0.0037842576857434,0.0113445831058257,-0.0419490111647696,0.0044434808482343,0.0856502781117036,-0.0114978601451418,-0.0068815499513769,-0.0565940696745199
Andy Johnson,-0.0044381594506361,0.0496782656048932,-0.0184456849699699,0.0308801410436251,-0.0168753548885698,0.0177280287072318,-0.0053250866188882,0.032762795615375,-0.0382183808222202,-0.0287981656666667,0.0528894240127445,0.0296455405747532,0.0233859439640309,-0.0080508324017934,-0.0002122289056165,-0.0385096448393339,-0.0120100040117736,0.0426001202079277,0.120484674732128,0.0200902354248523,-0.0021714034617753,-0.0253350563295375,0.0236866052397558,0.0154827564186597,0.0538546308953259,0.031682412900566,0.0750466392694917,-0.0061027454959877,0.0529746806982039,0.09475010526657,0.0113260237598968,-0.020605278090422,0.0041274686631738,-0.0031337208985254,0.0109647844414071,0.0359344614397064,0.04810152016476,0.0337042105017413
Anthony Dixon,0.0162589769406475,-0.0171689284091553,0.0025512946018495,-0.0073943857210485,-0.0188370896981859,-0.0046299844800236,-0.0079833285298833,-0.0244671121157973,0.0004058541572792,0.001483015894231,-0.004796728633092,0.018419913235175,-0.0006728767680578,-0.011669468484063,0.0232854010374463,0.0225524403580408,-0.0024305610043663,0.0042993424502457,-0.0089272482094885,0.0137246542561981,0.0010972718008623,-0.0085839703555924,0.0020912601258505,0.0088048971022847,0.0106226443003532,0.0052268685558943,0.0310141257318923,-0.0205734152606363,0.0008463031224552,-0.013974794198286,0.0266413573623273,0.0136461358935282,-0.0098461012196392,-0.0243821737323752,-0.0157212473128138,0.0190542210444477,0.0115755598155412,-0.0029491911090317
Anthony Hutchison,0.0366087599307722,-0.02083637806788,-0.0036247858258048,0.0048165332367695,0.009854775744463,0.022559245742494,0.0029240631085606,-0.0066608319463238,0.0278443728699127,-0.0101897885361929,0.0114005578210707,0.0162250216446127,0.0038893270297061,0.0023866719264669,0.0085452486256877,-0.0061374819774473,0.0161771710284039,0.012313815969725,-0.0090965194434737,-0.0011722507499967,0.0018514064040263,0.0085516303822685,0.0247350498568089,0.000175666970139,-0.0076033287078464,-0.0144934221582774,-0.0045312292201797,-0.000583046590262,-0.0182724249388769,0.0043878598437009,0.0135330295805704,0.0093439956430012,-0.0068525274681046,-0.0267645448291592,0.0139547864620541,-0.0149354685260568,-0.0023197280668952,-0.0090285288274733
Anthony Johnson 3,-0.0215491528361318,0.0374393860050092,-0.0254787626001229,-0.0244433860970222,0.0029959681714868,-0.0051634211826018,-0.0014223766652726,-0.0210386184683223,-0.0372824356676434,-0.0217370735626618,0.0360852720621235,-0.0916341203584861,-0.0558457398475129,0.0263329356338877,0.0197156909427048,-0.015297025741041,0.0088292521530898,-0.0357808721680665,-0.0315138542495795,0.0023741058541664,0.0821139109799834,-0.036240678442236,-0.0093008628442672,-0.0612633114895382,0.0511200104122476,-0.0222198607394674,-0.0691015422414396,0.0221849170968817,-0.0359866534770233,0.0306966981468699,0.020728177947269,-0.0557305882533319,-0.0644677090025787,0.0034050583615909,0.0192159471042454,-0.0304252718326308,-0.001838733510623,0.0288444760744857
Anthony Lynn,0.0282533377138034,-0.0189155262037524,-0.0182774279890371,0.0022630484769889,-0.0305240499744213,0.0167797358826498,-0.0253918685218042,0.0516200605824873,0.0343168306799714,-0.0030440301029465,-0.0372620428832174,-0.0168676593197106,-0.0004728765909719,-0.0104062361804556,-0.0117736891220079,0.0367974636372822,-0.0020069139562507,0.0015678128490553,-0.0312401287132322,0.0722005402031299,-0.0348663564089938,-0.0053643456465523,-0.0220442244300835,-0.0025562030765094,0.0434783982875039,-0.0020067097962622,-0.0180279281358008,0.0321525191025875,0.0167263607068102,-0.0095352118152116,0.0116198848124972,0.005324918875353,-0.012779349107707,0.033617139901036,-0.0291743709024842,0.000760512332131,-0.0114794695677561,0.0219886441928252
Anthony Mcdowell,0.0142861277228531,0.0253173721071984,0.0098369649999954,0.0028749641755492,0.0534640013445531,-0.0039694125681611,-0.0215101115598668,-0.005865514631059,0.0172847804982304,0.0019146966672133,-0.0256009966790936,-0.0162690163502403,0.0368790227748831,-0.00993998642299,-0.0024934012282085,-0.0498575973785027,-0.0454000091436363,-0.0321971428349406,-0.0145096085253532,-0.0009947328948741,-0.0169913692508385,-0.0134428553395884,0.0067072100304109,-0.0676454555196464,-0.015834078440062,-0.026138426684963,-0.0115755020363526,-0.0125906901541994,0.0173643049222514,0.0060674506925746,0.0036771797722663,-0.0005925934648057,0.0272350493732821,-0.0025539544609058,0.0007753699775298,-0.0012373706447856,0.0133904541514273,-0.0017992138177167
Anthony Mcfarland 2,0.029717224790681,-0.0074155683049988,0.0007135128416591,0.0151578832808114,0.0188320230825343,-0.0081482604081625,-0.0034591843270934,0.0050373952394374,-0.0318178701514565,0.0097196536411863,0.0167071990718455,0.0146132687167504,0.0026878541168711,0.0054705405752848,0.0222383599344383,-0.0074251408022901,-0.0152280177624247,0.018098138769456,-0.0106446614230224,-0.0349204155381579,0.0052908184203695,-0.0184727025983145,-0.0206637237505203,0.0084178169021497,-0.0055216199549333,-0.0058765246628505,-0.0018393994987827,0.017633474135951,-0.0007542777551049,0.000957413781053,-0.0043905850456291,0.0210874878056888,-0.004629807158848,-0.0065569164426926,0.007113564380528,-0.0064008784435794,0.0068039662826784,-0.0038043996565735
Anthony Sherman,0.0199320103137803,0.014860161399871,-0.0266725086475094,-0.0653320408626874,0.0104349305322947,0.011188247634157,0.0097281751370829,-0.0370139745033235,-0.0431564091128438,-0.0217490912881221,-0.0065462649613539,0.0520276867505838,-0.005828647142086,0.0302460944713635,0.0495357175138472,-0.0096979954781825,-0.0410269079297097,-0.0016647720921949,0.0355135205033586,-0.0218061878452113,0.0276035892023116,0.0085498759171799,-0.0133755116742226,-0.0025988570329627,-0.0373191659022594,0.0014252435334311,-0.0485147396512267,0.0392357491457406,0.0424517961532882,0.0308072936699873,0.0023191788643724,-0.0025260851662529,0.0144596400686136,0.0063132577396186,-0.0222063916692519,-0.0517906718197131,0.0493205409917683,0.0193490655399524
Anthony Steels,0.0355049648673489,-0.0214719228142211,-0.012897873693196,0.0018495238282638,0.0148056222195053,0.0248050273766677,-0.0047860407918924,0.0036707528500897,0.010535012486185,-1.8168567622918764e-05,-0.0267293375995764,0.0096248135364503,-0.0065321205870355,-0.000483600199781,0.0078263010890487,-0.0127450196262107,-0.0019354014654918,0.003467513614724,0.0092518947666654,-0.0241720126156917,0.001032437417974,-0.0048837599902781,0.0063642474678262,-0.0030173570635588,0.0141252803683264,-0.0160095915568307,0.0019584385129745,0.0146274443674184,-0.0091751272632537,0.0046490531543206,0.0039912894602457,0.0098048455438383,0.011162206243699,-0.0130361647839902,0.0201535595173035,0.0040366323573893,-0.0024080489752186,0.005005719866805
Anthony Thomas,-0.0228835953461698,-0.0334097269035287,-0.0408344877015063,0.0106464788415486,0.0052160437483258,-0.0287670796553171,0.011679206092562,0.0202142941782691,0.0135249809591462,0.0352803000960511,0.0162582178987008,0.0236875002099129,-0.0525876992263443,-0.0088939486283114,-0.0008117084038594,-0.0151657556595324,-0.0176064390105278,-0.0192563362199829,0.0062039490871834,0.0227582736970353,-0.0527409770187708,-0.0274319806779034,0.0129111187118567,0.0401093057792951,-0.0493013910071346,0.0129904657602487,0.0396969777885638,-0.0093970729453783,0.047659921808827,-0.0187806524303199,-0.0158453899445443,0.0203458201506457,-0.0146447448046198,-0.004333897404516,0.0191530913671078,-0.0266676182598592,-0.0091232151642803,0.0410343688473507
Anthony Thompson 2,0.0094135854177671,-0.0423184890074505,0.0126814643787258,0.0126438461387688,0.0176934402028518,-0.006308529281371,-0.0020371006412196,-0.0099965728926574,0.0046558809547819,-0.0003348349579504,-0.0068954725282943,0.0095910966793749,0.0156649836361851,0.0094503802006544,-0.0033307672548551,0.0141765799613773,-0.0218229274985461,0.0215629464115315,0.0175249627981586,-0.0307299552442015,0.0016241027285837,0.0101323581873871,-0.0074705969875783,0.0295573389589282,-0.0062868002795549,0.0023087991385114,-0.0025595130479782,-0.0148137628853182,-0.0149098655647954,0.0065373825809026,0.0076009729739697,0.0148783048060098,-0.0070523896985426,-0.0023916697694722,0.016109539021771,-0.0140823925126834,0.008210247005675,0.0044927621098322
Anthony Toney,-0.0227898619474542,-0.0054160238075505,0.0276426241743366,0.0042682081650765,0.0219710410976798,0.0033268377830107,0.0192196444759399,0.0147794531236187,-0.0194678670513963,-0.0026233050397785,-0.0302472349726301,-0.0063949364707836,-0.0102026754116184,0.0337572702335913,-0.0452182369790683,-0.0123836064144234,0.0178694964553283,0.0183397459190636,0.0290740868771634,-0.0218345245077528,0.0112230196473087,-0.0079367145438326,0.0132793918876566,-0.0131256869898468,0.010256136712736,-0.0287080348218434,0.0151086311979816,-0.025035834185669,-0.0081175015401141,-0.0089785127422149,0.0647218131506082,-0.0332693749366252,-0.0009299267772415,0.039646898005899,-0.0088976124087295,0.0073035457809777,0.0058763237042655,0.0011607684702874
Antone Smith,0.014561822137597,-0.0019186893414945,0.0769203486446782,-0.0450808167385651,-0.0095956686485994,-0.0504744094789929,-0.0558829478965895,-0.0803304613004406,0.1197561105655711,-0.0546420445501613,0.2000950487966807,0.0362811555121652,0.0288877505688851,0.0515482242594806,-0.0217961123666609,-0.0369496970064734,0.0135406294556067,-0.0675834881896565,-0.0119148476973836,0.0158700826464079,0.0134696686738156,-0.0135525382224546,0.0734674066301827,-0.0106449415895867,-0.0226473756270844,0.0398132951726443,-0.0173428702574903,-0.0070669546878178,0.0060864930261979,0.0538366807415751,0.0432031157882914,-0.043169496884534,0.1050106493348063,-0.0493285713694806,0.0119975106225049,0.0813168748407353,-0.0622746123445514,0.0834506583439544
Antowain Smith,-0.0498484411772402,-0.0528615398798717,-0.008897175974512,-0.0105332983003054,-0.0017448148347215,-0.0228213403041576,-0.0105450357466338,-0.0096047831298642,-0.0185537095894052,0.0608102528706307,0.0167048577935218,0.0048645174435596,0.0248994081425919,-0.0250440615681891,-0.000384432522318,0.0155862655876914,0.0114721728293613,-0.037016474291396,0.0116969223150819,0.0414640290901194,0.0373101292941796,0.0169490245431526,0.0082083759708214,0.0513583923047581,0.0091824026842679,-0.0300257749162694,-0.0134189259690061,0.0225160887958119,0.0022714396330347,-0.0428636163540384,-0.046993117643588,-0.0418483431892901,-0.0548379882950412,-0.01853915763107,0.0132286608494034,-0.0494665458939053,0.0432152395947121,0.0042323100077958
Archie Griffin,-0.0112118724006738,0.0397421052367433,-0.0025722887042641,0.0434322744055207,-0.0266958506544184,-0.0219955964969152,-0.0076478252419682,0.0039117471367368,0.0305524426919694,0.0206858326743294,-0.0134735315861128,-0.0002727548248036,-0.0305621072625898,1.0244285641549212e-05,-0.039602814961262,0.0291218731635437,-0.0376208730886034,0.0349588958494503,0.0376448413744203,-0.0526232099825684,0.0005378516044634,-0.0211013910388446,-0.004668965352316,0.0113847459531032,0.0015984310514353,0.0351527670886484,0.0017642441962657,0.0185824742342651,-0.0228954160132201,-0.0055221748268115,-0.0281610468216471,0.0415004967209871,0.0292339645724108,-0.0148858873440724,-0.003857113093593,-0.0088386153356112,0.0102396518386613,0.0030489859025976
Arian Foster,-0.0722139463976942,0.0006399826117086,0.0127342674852981,0.0001634497713888,0.0163336859677734,0.0512732417594077,0.0359138522741029,0.0739867603535137,0.0132716525638465,-0.0102460184107827,0.0203610654001089,0.0765695371784744,0.0333761635045397,-0.0624231853126659,0.0425183175986004,-0.123209536970754,-0.0303692781030505,0.0552493368681665,-0.048268902052145,0.0199330776040316,0.0358361648578804,-0.0109311150603335,0.0557347913984087,0.0106784159925399,0.0430141556041118,-0.0273895885179604,0.0148958401914183,-0.0863458781849145,0.0299620576623599,0.0170705633590326,-0.0338749857832534,-0.0348767315457452,0.0014458654912325,-0.0285520590603872,-0.0378313178646639,0.0590899220190582,-0.0228956610507337,0.0211121478191954
Arlen Harris,0.0167869807090446,0.0041646964289851,0.0025591572969267,0.0022517670977326,0.0202483849283994,-0.0283498638414757,0.0204985797057562,0.0001139783309224,-0.0389054736396709,0.0191983609833524,0.0142362823197082,0.0139958251297517,-0.0188255751161722,-0.0055344998274861,0.0265205089011619,0.0205860549823858,0.002575141540329,-0.0079808642649246,-0.020402991736355,-0.0057255463239336,0.0222655026232499,0.0091117852956099,0.0098036683601767,0.0036167443021733,0.0131162992179759,-0.004731434869292,0.0070630241539944,0.0112436727935235,0.0033893951714582,0.0129887196996141,-0.0207829755942197,-0.02291189016413,-0.0036802516333317,0.0067133036859523,-0.0169705190246297,-0.0220371341807153,-0.0113778659520681,-0.0021846206805652
Arnold Morgado,0.0189708778351986,-0.0028211368333986,0.017614177829509,0.0335903840008217,-0.0206408787033652,-0.0132061979009244,0.0077959025880777,0.0040429484311649,-0.0257000867114272,0.0038538360428108,-0.0015823062518591,0.0021279019090227,0.0380750523511446,-0.0043042700353072,0.0237750300163141,-0.0274293588508985,0.0495737405652544,-0.001195688929851,-0.0204541611159652,0.0317626691436102,0.0265702990493364,0.0002982910999897,-0.0113397780930062,-0.0022498957696559,-0.0067453573190228,0.003804122664964,-0.0099479665085149,0.0138695390724874,-0.0008626527453063,-0.0110451573390655,0.0126720435111538,-0.0430398969202127,0.0402745400639228,-0.0040637966089787,0.0340500239358232,-0.0157279455713654,-0.0236873641789393,0.0038406653872234
Art Malone,-0.0088433248616335,0.0453143519347119,0.0004531044719927,0.0436793336460743,-0.0315195529035326,0.0190149494042547,0.0235827694827879,0.0230765025816435,0.0311151540046469,-0.0198599039696348,0.0121961974261977,0.0040005638660872,0.0001425235197651,-0.0134107394461973,0.0115253682259537,0.0126015246946883,0.0772865972643928,0.0375666635700061,-0.0046649608128926,-0.0342700940855739,0.0070749472404017,0.0594978299742965,0.0155067106414415,0.0350583634089086,-0.0178697223698518,-0.0045510785644323,-0.0460781888059669,-0.0312547379251551,0.016205443774121,0.0177677551534058,0.0012953833393719,0.027407471131528,0.0097169612428306,-0.013190559291946,0.0480129045688246,0.0035033996303513,-0.0038131625434101,-0.0138206540266004
Art Whittington,0.0025478904518158,0.0171213206877923,0.0054279119318166,0.0445281063840407,-0.012923115097469,-0.0279105402529956,0.0182538651602967,0.0004406001880506,-0.0059726294295881,0.0164482948405358,0.0088441402441707,0.0184946263724668,-0.0339713380017339,-0.006986945315881,0.0030479684854383,0.0384184399310687,-0.0053881844501674,-0.0131099614520584,-0.0327547388635669,-0.0030813662832243,0.0055310134686458,0.0197122591674902,0.038069062030596,-0.0007466260633231,-0.0169478236958346,-0.0270135530998603,-0.0388894920457067,0.0144948253012411,0.0003457654864814,0.0043869681338305,0.0179803362163675,-0.0233316283762405,-0.0137430730082328,0.0443615779001333,-0.0019020085099833,0.0076993938096793,-0.0170789002074696,-0.0027213740416685
Artose Pinner,0.0123406886467726,0.0035141825991031,0.022484485468542,-0.0059790064540254,-0.0015555340937094,-0.0214669341931959,0.0070512585766655,-0.012388638075132,-0.0143062809426385,-0.0230574227839497,0.0298653622805631,0.0215698014979772,-0.0068918674791495,0.0148702552608279,-0.0147344421637162,-0.0084198122997582,0.0351424242321491,0.0288955880943209,-0.0082887049480805,-0.0380344449437734,0.0120044681567269,0.0268758329747658,-0.0071035153055299,-0.0056153006544538,-0.0340125328342967,-0.0362562147239916,-0.0160533139994284,-0.0076610091371717,-0.0033670535115901,-0.0196859337128418,0.0206297467820742,-0.0173464853127961,-0.0282662751683537,0.0044990529426294,-0.0244977837563199,0.0093918292023546,0.0010545335253994,-0.025772454391125
Autry Denson,0.0260066603112782,-0.0046130364775,-0.0072649521198836,-0.001661811566196,0.0037228653668503,-0.0075783841825741,0.0002725623365883,0.0211746886389185,0.0034150087917439,-0.0038161676281673,-0.0098369623566789,0.0005363686556677,-0.0087328030931765,-0.0041065907963261,-0.016987299045928,-0.0021867631540164,0.029675553009564,0.0036220671251948,-0.0062933954869459,-0.0054813948392178,-0.0209232646582724,-0.0092368729103646,0.0220244242156694,-0.0006249274190402,0.0136254926072228,-0.0126170614848381,0.0008134999962418,0.0112929731211684,-0.0015908390574679,0.0144642760644916,-0.003598952357829,-0.0262541656277845,0.0202020765309904,-0.0298033827943536,0.0217112212288541,0.0119761979794666,-0.0269763493084472,0.0071949888617337
Aveion Cason,0.0085420179074852,0.0148880552317298,-0.0185928869531537,-0.0251742381958388,-0.0240662950206087,-0.029846199152959,-0.0271711838566154,0.0323594496281912,-0.0181463144918278,-0.0100984706129284,0.0322178034163871,-0.0066685667184891,0.0191448503113141,0.0202319959859387,0.0176008055035439,-0.0152712334146963,-0.0042004044767279,0.0531137137527841,0.0270115762192849,0.0391352513185774,0.0075264899124476,0.0081073932727259,-0.0100751895030934,0.0270040807691274,0.0108482426860738,0.0183295793450274,0.0179826499322682,0.0243880388864005,-7.50525924387447e-05,0.0577788315123131,-0.0253118804817906,-0.0143132240227625,-0.0029476512416966,-0.0430813626419032,-0.0157978182796045,-0.0116559187731651,0.0027005009259576,-0.0294845607352332
B J Askew,0.0252517830471478,-0.0015757056791342,-0.0180936969538041,-0.0425260809288945,-0.0251726857291226,0.0114850990174637,0.0123901333133337,0.0134872593980476,-0.0027694003156267,0.0149358892370432,-0.0440244050237856,0.0109100044382323,-0.0092173359769132,-0.0192680702935727,0.0151233277692924,0.0409819802526414,0.0133104687295167,0.0066383366709255,-0.0111861552241745,0.0236423024143466,-0.0136324734762211,0.0013059830429544,0.0230395210250696,0.0202641661698357,-0.0285943254582554,-0.0149699909885214,-0.0476037906075509,0.0253869118419439,0.0124703837405537,0.0134239187782851,-0.0052059075622529,0.0092538569189085,0.0068946638823279,0.0051534228041732,0.0202464221339787,-0.022147968735391,0.019268255328709,0.0467395568730679
Bam Morris,-0.0280336120624525,-0.0197890190231296,0.0065396236805206,-0.0010088043027033,0.0083623927469291,-0.0270177617692377,0.081577125425199,-0.0416543258806339,-0.0234595965508256,-0.0077318117698286,-0.0116724945504933,-0.01424221097419,-0.0117808341036974,-0.0194781708390393,-0.0391922477837258,-0.0122190066104317,0.035232244649126,-0.0122022142743228,-0.032923949359524,8.779939610164666e-05,-0.0039978819563684,0.029908705147968,0.0419806313499289,-0.048286187845453,-0.0108876349566171,0.0324743255986018,0.0069538163216143,-0.0303108309637842,0.0501785077499083,-0.0011826120144247,0.0151471807210219,0.0511374419105755,-0.0459286237676809,-0.0012023791172891,-0.0751195544496355,0.0276455585753253,-0.0323150479423926,0.0024674985066804
Barry Foster,-0.0426335976659466,-0.0547083368309263,0.1090997304899064,-0.0181239918360816,-0.004562574076684,0.030604152860892,0.009058368163331,0.0027416479670138,-0.033433094824638,-0.0312374957102989,-0.0481436074690146,-0.0598786445025736,0.0175258088774095,-0.0066174080882374,-0.0007210314409893,0.0388454725738501,-0.0365944938986453,0.0180402651786602,-0.011024096648579,-0.002577940303637,-0.030178399608597,-0.0114006873235119,0.0153444623949918,-0.0318297780318453,-0.0316900554706925,-0.0390763213773277,0.0258906574577089,0.0551042414630691,-0.0871803416492069,0.0356336935546335,0.0291435518205985,-0.0166439395781002,0.0471792741371513,0.0474434747733862,0.030166333771036,-0.0042623708027293,0.0154785564934766,0.0416612983297085
Barry Redden,-0.0008060692333875,-0.0045128408008291,-0.0072621725024804,-0.0497534479869386,-0.0392336865769392,-0.014154079869016,-0.0050244902897437,0.0362175842735854,0.0051358695472004,0.0094025559164032,-0.010568037517211,0.0155083998758458,-0.0139435474923631,0.0074878495501311,0.0184141399582074,0.0246204192665849,0.0171637721561787,-0.0091535683901867,0.0334517864222326,0.0209008585482761,0.0099734135688316,-0.0097169846546953,0.0129632159683646,0.0080295001490496,-0.0158973148711589,0.0120939867860211,-0.0492270079332308,0.0552343590509462,0.0302657967687157,-0.0004308039060785,-0.027270679681151,0.006764498739771,0.0364346472891155,0.0117096645503646,-0.0450508773632402,-0.0179185081779149,0.0238823483370183,-0.0011952365014818
Barry Sanders,-0.1421591547202111,-0.1391135605941239,0.0479305568898478,-0.0177038450431108,0.0686099319334659,0.0364050280939637,-0.3019397634192219,0.0188019967363129,-0.0636831925718253,-0.0642025885468741,0.0323561810633313,0.1531585613760601,-0.1516542842757511,-0.2992995201714485,0.0478336420056913,-0.0520619644987286,0.0318195065224764,-0.005778432006394,-0.1493138072862849,-0.0096599555045159,-0.0541312859480835,0.0731632607630445,-0.0791030994053253,0.0036680553042409,0.0305372818305096,0.0277022764420348,-0.0886845195256458,0.0587099539941036,-0.1115253769157242,0.089915410486724,0.0606788999604875,-0.0497015043681516,0.109096107219338,-0.0948723211823065,0.0609189826909592,-0.0150453393331882,0.1075003350371136,-0.0306190366562811
Barry Word,-0.0007807730944212,-0.0425003166660949,0.0399476851482381,-0.0049145803885025,-0.0156528920695878,0.033392448276015,-0.0452265235886862,-0.0552407781068218,-0.0481747756018475,-0.0367068915911901,0.0031131469409949,-0.0002503810036008,0.0112151218685428,0.0127099798503908,0.0251925917330474,0.0027293601491905,-0.0054122939581026,-0.031865600748331,0.0143008252571854,-0.0574082805448176,0.0168891357870283,-0.0386965583694948,0.0088459444023894,-0.0050378502265284,-0.0044707102862791,0.0380411474991929,0.0112783119694649,-0.0007687199785444,-0.002188995029242,0.0377923414324711,-0.0196179477982662,0.0288404945646104,0.0048583703496147,0.0242111723868507,0.012940122191468,-0.0308215366511864,0.0115009166637266,-0.035242788811512
Barty Smith,0.0028787774745338,0.0269683314105117,0.0221294446752577,0.0322014836436778,-0.0402307847037312,0.024572677392338,0.0124490099592531,0.0042022074322799,0.0059524284559633,0.0353827446649384,0.0222515789701637,0.0038531838720257,-0.0066642871699016,0.0090662903926931,0.0139260671124491,0.0090752273961991,0.0757358460734053,-0.0016983466387766,-0.0033665271686654,0.0006803485013689,-0.0154392741864181,0.061711413359264,0.0249208612842229,-0.0109427827031797,-0.0080416408481926,-0.0209341702777042,-0.053289989111691,-0.0267877831628654,0.0124145802493612,0.0167562366679787,0.0113116331890763,0.0094227906833277,-0.0098719719853182,-0.0214273365692708,0.0336739800585853,-0.0299508266540938,0.0099499588548569,-0.0126783996347991
Beanie Wells,-0.0192801588698388,-0.0339937980378976,0.0365281633810013,0.0142426598040258,0.0179813527204363,-0.0485391996929497,0.0562952651225907,-0.0239999376132664,-0.0759739341006703,0.0013785098835997,0.0212085115606086,-0.0326850401212172,0.0168934900158511,-0.0369232206576694,0.0253644852599947,0.0231287871595835,0.0085324292959636,-0.046997918636419,-0.0046531441317944,-0.0109079823872946,0.0765605277013026,-0.0084762340706641,-0.0300677269564576,0.0370536032528262,0.015195173233808,0.0299534970562523,0.0346895392386649,0.0303284425302148,0.0376858191795561,0.0215002935591805,0.0119335813302475,-0.0297746756276764,0.0107398116145587,0.0036558098423939,-0.0065864102043103,-0.0370597044019782,-0.0268104799277916,-0.0316619011876031
Ben Tate,-0.0173868558972143,-0.0548724119387884,0.0197695736664206,-0.0046189011810093,0.0280967389714499,-0.0147826163435831,0.0185770806550116,-0.0138258362458965,0.0145386825242661,0.0004824699140868,-0.0145006644508918,-0.0612471815778889,-0.0047125294662734,0.003343771491676,-0.0492056439333816,0.025666720382148,0.0093680250067605,-0.0381584392919198,0.0298205278082313,-0.0191893420900816,0.0185228175400263,0.0026042211095442,-0.0116566427160426,0.0584955423225505,0.0229292632471171,0.0343334314144308,0.0193062048224346,0.0213608574706064,0.0317843089187932,0.0186608095167266,-0.0053514289189822,-0.0349619058566078,-0.0069117512363213,-0.0083516791152907,0.0167532719091517,-0.0002225541799793,-0.0313857962937828,0.0086336617350908
Benjarvus Green Ellis,-0.0175281524402974,-0.0274063174264307,0.0615346904580159,-0.0026246504088486,-0.0280382595261331,-0.0086270983694779,0.0447457944427428,-0.0528760382789695,-0.0755203687970291,-0.027610683379208,-0.0375420056369961,0.0494419433625978,0.0425763662195374,4.392452860510504e-05,0.0310369527199362,-0.0028988609469482,0.0907142428975097,0.0065484794433604,-0.0350379144882505,0.0343471528900178,0.0131729599260598,-0.0090837854498245,-0.033692256373503,-0.0104170322092708,-0.0154575843714101,0.0186693345835186,0.0355676321160124,-0.0077135177993883,0.0017885676661563,-0.0038119985687363,0.0038215084965333,0.0399700602231822,-0.0011531441128022,-0.0375562137893943,-0.0427866909628711,0.0465786340832167,-0.0249927040039118,0.0083336056771348
Benny Cunningham,-0.0030203870436428,0.0071399512647111,-0.008726729301109,-0.013098097270943,0.0083399177974963,-0.0316227685175262,-0.0143660731114921,0.0445866720074085,0.0148605548339038,0.0293286740167804,-0.0055928943897609,-0.0332083387938534,-0.0135375850780519,0.0033021732406241,-0.021380418536823,0.0192189812311838,-0.00173737327659,0.0253326579036117,0.0073386455125221,0.0041282163278614,0.0524696782504612,0.0156952209335847,-0.0178596831171042,0.0357919930676333,0.0216031580249501,0.022142132619658,0.0008773887013656,-0.0223458941537013,-0.0269828239082735,0.0499870503139706,0.0066831684925739,0.0702512115154661,0.0256634655358792,-0.0192428383534653,0.0043219409439469,0.0242362308173536,-0.0075512991652752,0.0040562945408056
Benny Malone,-0.0046117714499934,0.0158011254590096,0.0253767330938004,0.0417484988473808,-0.0488436371776989,-0.0781385542800623,0.024333762260989,0.0149486564609121,-0.0662874900828027,0.0123972051691802,0.0121818316567546,0.025061700982058,0.0189775420609364,-0.0259484532012549,0.0198362410872854,0.0023849118995115,0.0278473346906745,-0.0134142208702239,0.032197278304017,0.0124195506234282,-0.0053985095153585,0.0079981331249269,0.0193717770583175,-0.0019910665158346,-0.0263228190222767,-0.0135030501696495,-0.0249455917679432,-0.0080553099088795,-0.0143190843686852,0.0210036512590692,0.0271546976123208,-0.0118335612016398,-0.0485055335629903,0.0022441628311044,0.0606372123100989,-0.0157586153995974,-0.0208425906112761,0.0067698263777609
Benny Snell,0.0107163332560856,-0.0314527609371645,-1.9406850621761095e-05,0.0125456057153854,0.0080297293028399,-0.0008856623455363,0.0271003957135592,-0.0003195475794422,-0.0186822418099948,0.0059789247107455,0.022856160661751,-0.0249838038004327,0.0031152027853507,-0.0169565755363444,0.0013243128653649,-0.0082851714878275,-0.0088711840196317,-0.0037324117357684,-0.001614917332702,-0.0185166632688761,-0.0073454156430874,-0.0133706694798085,-0.0121448262373314,0.0121824169296801,1.1431584896828e-05,-0.0055316756086908,0.0093683472108652,0.0213123208959927,0.0089940721056965,0.0024454856445875,-0.0055616855301542,-0.022478042894989,0.0259105899409939,-0.00791356976158,0.013339398398015,-0.007319993836212,0.0066449617762915,0.0008295685825143
Bernard Pierce,0.002612877173746,-0.0319431143282539,0.0061970647024716,0.0147171825960583,0.0004411382251799,-0.0204076772360399,-0.0069649353906557,0.0190332531097014,0.0198348360916989,-0.0014984238170139,-0.0323817257163211,0.0103790691799316,0.0001833464139127,0.0403167011619479,-0.0164937717661398,0.0295912016901688,-0.0074980776833779,0.0067881552051755,0.0254803861638844,-0.032433960705958,-0.0380457657074528,-0.051758342213525,-0.0360773502642668,0.0124045826666651,0.0273905445542599,-0.0240851336476955,0.0326054080829188,0.0218065867305691,-0.0100484523347007,0.0351579870727325,-0.0402778097274238,-0.0230186924331409,0.0321265432407027,-0.011229886120813,0.0243149363576733,0.0274606958824743,-0.033344794013881,0.012595729427652
Bernard Scott,0.0086675658148291,-0.0131171198821252,-0.0091933350179877,-0.0070361703537187,-0.0052729821242273,-0.0365474545830577,0.0035684343823806,0.0193614686814793,0.0094383047691593,-0.0198313662246256,-0.0159454138454464,0.0067819076651461,-0.0016839987591857,0.0138356696175155,-0.0568263498834571,-0.0153653323504144,0.03294408564224,0.010842027290602,0.0342759017298573,-0.0071813006172328,-0.0206364651376408,-0.0166059698748069,-0.0397671613208405,-0.0112890357995222,0.0045763522516505,-0.0154599905478262,0.0174059829423291,-0.0030216852189407,-0.0247570766097604,0.0196376601088137,0.0089470185053191,-0.0089993717561611,-0.0106030980552261,0.0015906709452461,-0.0113924773102481,0.0386981029165694,-0.0081179639072153,-0.0052039283956084
Bernie Parmalee,-0.0117597645277853,0.0079340880090415,0.0052577197146184,-0.0548430823269164,-0.0268752033987298,0.004259705511962,0.0370576737698734,0.0507189558597869,0.0419438217912814,0.059985014867903,-0.0083595629375193,-0.0163356008766483,-0.0519433999102232,-0.0013114763768138,0.074574555575833,-0.0069282684833376,-0.0150539423707217,-0.0101476599496341,0.0091327813503571,-0.0125327994442344,0.0110113484710303,0.0463475262508997,-0.0066697062445797,0.0263190872370093,-0.0651649543173624,-0.0119376482713664,0.0080129990825817,0.0097477733365413,-0.0043764201352047,-0.0191786126068173,-0.0422703005362156,-0.0343299716771099,0.0473626378021292,0.0126624433220078,-0.0195674947398974,0.0321792997670585,0.0298000019355196,-0.0254541827104001
Bilal Powell,-0.0178886827884368,0.00410461713639,0.0399451932167673,-0.0218675733414068,-0.030900013635688,0.0242625976477781,-0.037303448090795,-0.0300910693558154,-0.0206925937886788,-0.018877517372931,0.029957501372746,0.0223601314070648,-0.0406263078113291,-0.047763520452606,-0.0403553780006986,-0.0041377663278923,0.0501395293566585,0.0568772045738399,-0.0126903209778384,-0.0077241027038311,-0.0115960999404813,-0.0272478506213183,-0.0260102729939321,0.0386306894282149,0.0473614484995861,-0.0208662188346982,-0.0150415831228435,-0.0685834767943384,-0.02157072518104,-0.028327579279955,-0.0220081911534498,-0.0076719463927191,0.0337856753886857,-0.0091909731662228,-0.0693568804588829,-0.0027548662950414,0.0494863102898532,0.0164699507901267
Bill Johnson 2,0.0242527850696782,-0.0223498997894592,0.0261562535418367,-0.0165745141826357,0.005522934041121,-0.0100604751169004,-0.0005014597601493,-0.0186258333830499,0.0625470120605805,-0.0262437646504674,-0.0102839020721913,-0.0128850376274849,-0.0029024134727611,0.0040277263249774,0.0055182060053364,-0.0146117927075753,-0.0035800522890099,0.0253381155144005,-0.0114459229750878,-0.0215257606879439,-0.0077618891504867,0.000442480509431,0.0060860308801276,-0.0183088882617076,-0.0038533930519376,-0.0053114241466578,-0.0169854347091998,-0.0010136548408165,-0.0101223534943045,0.0095034650826865,-0.013147183055362,0.022538250592535,-0.0103263301396709,0.0192793739083017,0.0091796529579217,-0.0216010926933422,0.0111785918108515,0.0068857397598058
Bill Olds,0.0149148811829922,0.0062697608092802,0.0256737527634316,0.0424448756293274,-0.0092881863123704,0.0344812080311766,-0.0068597732735,-0.0088901068174354,0.0483222705265824,0.0407103334868626,-0.0011904202663869,-0.0036845109213785,0.0161223910738453,-0.0132838178744128,0.0085039379952204,-0.0116391909717479,0.0057947026061026,-0.0045283206494994,0.032404400453547,0.0200933623426763,-0.0113417762501381,-0.0147437475900501,0.0206479058647734,-0.0002988265886955,0.0255172408894864,-0.0066047745175504,-0.0027816904678239,-0.0066688044519842,-0.0018603959593023,0.0031851207969401,0.0040187122556331,-0.0418935621999837,0.0103593238039051,0.0280452296745049,0.0041622608215213,-0.0270584905069296,-0.0161180154253028,-0.0255894456672107
Bill Ring,0.0107987800933578,0.0006835155982985,-0.0037022908114739,-0.0264386116281606,-0.0136810852518346,-0.0217565116562042,0.017626659008325,0.012567802317498,0.0080751785091821,-0.0234009674708178,-0.0196603995408883,0.0020004117032782,-0.0093684141627646,-0.0077244525252272,-0.0016165717775074,-0.0040732781187568,0.0237101680694369,-0.0016671082361352,0.0108026435113034,0.0032300726121719,0.0097743369011285,0.00518878448831,-0.0264406532094331,-0.0109075689624102,-0.0014332468967468,-0.0018722811154051,-0.0114481474290584,-0.0036339705328002,0.0024005514554801,0.0106459073331401,0.0096177153875709,0.0376021511776392,0.0207828145960694,0.007194456904657,-0.0079400941434641,-0.0067261917677477,0.0070969967457086,0.0431408369538212
Billy Campfield,0.0057862823555746,0.0377528648167715,0.0123440181752643,0.0122613780728361,-0.0071316901463337,-0.0196947786428994,-0.0093645759496016,0.0115791318534979,0.0183046432576554,0.0418545348763442,0.0119235261290369,-0.001612889042961,0.0126425377053788,-0.0028901106666753,-0.0225307339052807,-0.000399943552309,-0.0446424342466318,0.0094538983443507,-0.0325465336983965,0.0114453694770857,0.0233362087257982,-0.0219781679058698,-0.0034946381365964,-0.0202227361061816,-0.0256322795077735,-0.0205613019754466,0.0031158456301509,-0.0053967689919529,-0.0146995565174622,0.0109808532875456,0.0125205822970322,0.0246064280795102,0.0088920303723442,-0.0363211380972258,-0.0381572701784143,0.0119572033723752,0.004701115810903,-0.0195289022605702
Billy Jackson,-0.000868522958781,-0.0257992383227053,0.0164245347862788,-0.0065717806369238,0.0158433623735563,-0.0055626868229831,0.0641452002218035,-0.0398046780179268,0.0111360757360091,0.008530608616045,-0.020450447069501,0.028385469804595,0.0078922295297634,0.0081350612441581,0.0160456409734925,-0.0033214934342244,0.0088870022242909,-0.0253667028991756,0.0114884262410134,0.0033377608471002,-0.0235944552545281,0.0205767678128143,0.0202191135105189,0.0503798674478356,0.0285656014883569,-0.0302320994936878,0.0505793136063857,0.0118182110088043,0.0209546640583562,-0.0081256741645295,-0.0028104997762075,0.0038524725704512,-0.0089762647061998,5.328718052647219e-05,-0.0359290395622407,0.0144611421928127,-0.0616381183873304,-0.0495954037648417
Billy Lefear,0.0346942167723439,-0.0156139566721157,0.0035144257200368,0.0286168861510254,-5.138874813633171e-05,0.0195030870006403,-0.0160047343502039,0.0130621157352497,0.0155775856695558,0.0054562082934181,0.0168861150450698,-0.0121434822666254,-0.0058556972682892,-0.0024175505966931,0.017542856562077,0.011330031837539,0.011425442428766,0.0098693140999393,0.011142563662695,0.0077383699777413,-0.0084696241602212,-0.0113971701255808,0.0138807119073942,-0.0050820260082159,0.015431564818826,-0.0140530781700645,0.0054846741046326,-0.0057264681968022,0.0178088575056526,-0.0022608563237428,0.0061141340535904,0.0272188414117878,-0.0078575946667188,0.0195939602732276,-0.0057263272637969,-0.0103900771073967,0.0061457939262485,0.013613578082912
Billy Pritchett,0.0278476602029942,-0.0084758772321338,-0.0060940190604122,0.0373780889362219,0.0072900016136358,0.0047458782446126,-0.0173531173920817,-0.0001710236416306,0.0161271705818998,-0.0173275418968344,0.0036522555859327,-0.0134329003544757,-0.015219238768993,0.0132734655234204,-0.0192528715470318,-0.0166544824905559,0.0224897203678098,0.0025448733939303,-0.0014235736942777,0.0030370358933605,-0.0022521158795999,-0.0164797444031985,0.0163804465724099,-0.0149024632392698,-0.0068383821355257,0.0120608376860084,0.0063708296404288,-0.0003281326720613,-0.0102172608924945,-0.0050776981380421,-0.0037341187676699,-0.0018808179019347,-0.0090591312100734,-0.0194645457156903,0.0070686830691803,0.001717600602298,0.00784760194863,0.0050091868074661
Billy Sims,-0.0748874303199025,-0.0096377295216997,0.053819479771255,0.0461803107077242,0.0462061940523816,-0.0085175099986946,0.0428187684154434,-0.0164823498799695,-0.057227452773339,-0.0892650992498853,-0.0035248488233167,0.0019887679482811,-0.0482743895350563,-0.0068301651565519,-0.0075049277764573,0.0394563135204101,-0.0747526911377942,-0.0233951875391583,-0.0857875190095777,-0.0256263854565884,-0.0982716083360012,0.154204393899479,0.0760099681016738,-0.0303623331001973,-0.0233769213187226,-0.035996095665438,0.0325006161963893,0.0030425745689934,-0.0857744545965223,-0.016042620435751,0.028361591643408,-0.0436632569943999,-0.0166020860504484,0.0162819943363647,-0.0199024928101204,0.0586903024553409,0.0673117407288755,0.001929006110776
Billy Taylor,0.0025297432882298,0.0210593107689364,0.0126520935994936,0.0409613200908756,-0.01544555177425,0.0034217261211152,0.0258320746292349,0.0221975843778432,-0.0003192373902877,-0.0047286373147155,0.009642936635369,0.0129299156517347,0.0206301394286779,-0.0122922806651905,0.0101455425379871,0.02017407597271,0.0181704147253913,-0.0074406361142839,0.0125960638653815,-0.0270559737595013,0.0007418745101742,0.0246993509303337,-0.0043340035164297,-0.0386443626445216,0.0245520394794137,0.0190181357947766,-0.0395497380959784,0.0205773840961215,-0.0005596070690161,0.0010547379457353,0.0506854168826518,-0.0329020838617699,-0.0306540885251222,0.0328604261982006,0.0141833277921504,0.040387230793392,0.0017953375958209,0.0288540288491758
Blaine Gabbert,0.018212151909461,-0.027709016076348,-0.0679691260822791,-0.0497860876631801,-0.0679045517246789,0.0666963630911225,-0.0288389352137256,-0.0178257702284576,0.0316068664740507,0.0354928750490209,0.0220069700688323,-0.0773136729641834,-0.0202205144195177,-0.0361702645974828,-0.0233157680690114,0.0525430082912809,0.0170406376219632,-0.0827122679023596,0.0474088122235145,0.0834958585325183,0.0517842858945522,0.0378334804210254,-0.0631829038086139,-0.0464301939030602,0.0426250489610903,0.0904350754320207,-0.0173059213134427,-0.0565345823785806,-0.0284074240946768,0.1069693344455008,-0.0399137578536967,0.0268985054154547,0.0308154365644529,0.0453595951694609,-0.0381609059906317,0.0251178633095383,0.0146702983486026,-0.043999927230648
Blair Thomas,-0.0115799858168372,-0.0182294993620239,-0.0377388139280957,-0.010384926403168,0.0185338231000034,-0.0441665154049219,0.0156626177495935,0.0145570794831624,0.0241127721815315,-0.0114758193432271,0.0018868729554208,-0.0121304659644745,-0.0058365060561429,0.0034514889085494,-0.0175295187119969,-0.0131763144269829,0.02188998371593,0.0237924931153993,0.0091272963276724,-0.0260787292596942,-0.0387432726695382,-0.062123137340557,-0.0483654045688187,-0.0465338467855254,-0.0446257054344374,0.0145488040323042,-0.000202482155239,-0.030383082693637,0.0407208199158733,-0.0115074306668638,0.0442051699865666,0.0047823054381876,0.007388221703619,0.0009148830586528,0.027926478647185,-0.013051591879581,0.0416913789896393,0.0202633074344308
Bo Cornell,0.0343720271314329,-0.0043705827200704,-0.0083785130245715,0.0249290115003038,0.0168057431787153,0.002717755773883,-0.0056794211727373,0.0248820059426887,-0.0655544558313001,0.0021397093442918,0.0233231324124983,0.014785324518204,0.0104771658277016,0.002480488888769,-0.0039546545751449,-0.0297783776567108,0.0091233650342689,0.0088074298170897,0.0040884543785797,-0.0157567942917184,0.0010689758698135,-0.0198297098709113,-0.0095496862697242,0.0346437098925982,0.0136043862442681,0.0066453586945952,0.0173932948923096,0.006848459232798,-0.0168744183743695,-0.0027588164495026,0.0023181024371579,0.0273177655575841,0.0073457337272821,-0.0103013851565343,0.0053334452161521,0.0055239116746909,0.0042265897602723,-0.0011140149032092
Bo Jackson,-0.0377354008561188,-0.0634953219870494,0.0646885063665888,0.0090641187744635,0.0294952150678766,-0.0432639365938718,-0.1270621573636799,0.0169887860131833,0.0122864552607667,-0.0551563809052121,-0.0386895824926275,0.0352581385593734,0.0088678184012169,-0.0400806441983393,0.0253336425654449,0.0817510756112757,-0.0238770710086509,-0.028308891776313,0.0765070880630232,-0.0669828743243617,-0.0100698126939285,0.0120456677926945,-0.0513775417183649,0.0337678161537363,0.0303416802028922,-0.0570793010337206,0.0426273056158222,-0.0596022372974933,0.0503101252363053,-0.0624526121602275,0.0261086968155513,-0.0495664112841859,0.0508022329962467,-0.0138172351782305,0.056914822403094,0.0121318919963251,0.0304905747754496,-0.0362999009575797
Bo Matthews,0.0071452773534113,0.0119374975154179,-0.019438751545348,0.0229235550042988,-0.050388274989519,-0.0356893638146225,-0.0170019930051206,0.0015325307662414,-0.0044113329679633,-0.0074198963508973,0.0198845726321428,-0.0020292501566664,-0.0159703175251702,-0.0066909404855695,-0.0099876482919662,0.008830436507766,-0.0004953708677383,-0.0089482310481907,-0.0182560707535872,0.0154506774946318,-0.0168213722777432,0.0069885431341844,0.0537710958298356,0.0290159039484796,-0.0007727796621839,-0.0121592316892014,0.0059456661538411,0.0031744553559387,0.017265764484182,0.0183956832838597,-0.0292433178034011,0.0009050994815115,0.0009216056168514,0.027600437012548,-0.0147935817855854,-0.0290530796209544,0.0052317577767566,0.0006040267535089
Bo Robinson,0.0240019925427928,0.0007010839677108,-0.0063739916269662,0.0166789506558174,0.0014123508848945,0.0100863979288971,-0.0221430362927011,-0.0206947550659167,0.019005038928747,0.0110071515494565,0.0187416844356211,0.0139124528787334,0.0150127558189257,0.0035866086986228,-0.0277837967304709,-0.0380449577696111,-0.0459026233091198,-0.0188177811054129,-0.0137430384164732,0.0140271489183446,0.0085301985570285,-0.044442352560705,-0.0043138347022343,-0.00877487961205,-0.0153579369020774,-0.009495375077871,0.0056885119437005,-0.0171166326608539,-0.0174289164450831,0.0061491085514751,-0.0052296450604186,-0.0113206738738165,0.0033409297750886,-0.00024624561682,-0.0151223308080168,0.0006280247125917,-0.027962514517304,-0.0148961485239481
Bob Christian,-0.0010149374573306,0.048634034697365,0.009130638342589,-0.0464615647212128,-0.0094120258266083,0.004067756916075,-0.0316532044831336,-0.0445040819616763,-0.0512070202635942,0.0341762573818176,0.0099646226869292,0.0235438370287099,-0.0191199910889082,0.0349646483772277,-0.0208857991710072,-0.047975450193963,-0.0043316823549029,-0.0171148598452475,0.0007568403029423,-0.0114348104190019,0.0121186449307745,0.0314284901958464,-0.0358751127505791,-0.0163836957366955,0.0283530124748158,0.0092172814899905,0.0386646828288251,0.0123253599024603,-0.0186188181643756,-0.0423969569320489,0.0045430964240254,-0.0395598038315096,-0.0467160991390113,-0.0211858341531955,-0.0157290092328419,-0.0104068350684487,0.0267999972056799,0.0260185449406359
Bob Ferrell,0.0252363150899982,-0.0047534731670943,0.0085279070248718,0.0268048777108042,-0.0139297921544265,-0.0100049906303185,-0.0082429953742524,0.0086758709650785,-0.0036409988556964,-0.0034128994934966,0.0175144555055484,-0.0101865953756153,0.0173911749772259,0.0028454043158176,-0.0030535689799364,-0.0277404224514768,0.0463361413703989,-0.0048859425291938,-0.0119597702269693,-0.0023715855515559,-0.0131804600409113,-0.0013947174627754,0.0149594392111814,0.035281673422459,0.0008432055062514,-0.0008537661943964,-0.0062162187187372,0.0033361517238234,-0.0231848732851229,0.0031426190759367,-0.0074591531271791,-0.0188678024400772,0.0152757495138033,-0.0015300998993017,0.0179903163599271,-0.0104748609112748,-0.0065924998064278,-0.0185924374924446
Bob Gladieux,0.0311943578276542,-0.007638861618535,0.01517484546298,0.0291149849824125,0.0038406856396384,0.0109475786615888,-0.0158227394012278,0.004832475709216,0.0132632812555022,0.0228810219494773,0.0232704063308146,-0.0169903401464914,-0.0132605926299354,0.0046932722180363,0.0325319866849443,0.0023873888511914,0.0148045920139131,0.010314754609643,0.0062723011164471,0.0003605627571115,-0.0174208388127769,0.0007122723121419,0.0226594233253117,-0.011160757806747,0.0123716119986252,-0.0010121916707285,0.0031827299482949,-0.0102373195671952,0.0049668151352249,0.004624347810281,0.0055629792756233,0.0220989923290576,-0.0200785175260816,-0.0014379895557734,-0.001056429874349,-0.0085114766421582,0.0092104378179609,0.0058580775388842
Bob Gresham,0.0015367747449739,0.0248143027675084,-0.023533600006294,0.0460498874643231,-0.0150857658113925,-0.0226344802207026,0.005490702831125,0.0205517576270649,-0.009951120966551,-0.0221560970416227,0.0095163390069304,0.0208363017927937,-0.0501477702102278,-0.0074161804192672,-0.0358613887866045,0.0171845622653461,0.0050621817063286,0.0062613254104046,-0.0141822274887917,-0.019955176527506,0.0191685304487955,0.0375872685896173,0.0727268860187328,-0.0370394781742909,-0.0089956095693963,-0.0142778248583103,-0.0001504165176472,-0.0245660225013051,0.0202048123073112,0.0257546255829272,0.0102456453622368,0.0559108626496524,-0.0049471067891977,0.0290174499633951,-0.0139454627134001,-0.0155078688427908,-0.0094619862519604,-0.002824250648891
Bob Hudson,0.0349815200998345,-0.0172427564992381,0.0038847957887037,0.0253035813619631,-0.0039153800733334,-0.0023822892453016,-0.0271783249188711,-0.0016141727275291,0.0456721365091757,-0.008741037690857,0.0220403667335636,-0.0254340276109891,0.0178344436192381,0.000237942012221,0.0082146753474699,-0.0332322098749338,0.0168569641254852,0.0122663925043236,-0.0146084993814904,-0.0381777655286714,0.0064152267624177,-0.0019187394205977,0.0297468214358872,0.006007851767715,-0.0291702941357789,-0.032123945554545,0.007452459439441,-0.008030273238969,-0.0354213450139629,-0.001983672092563,-0.0040920276764046,0.0108891376340183,-0.0356501103194599,-0.0567522030535326,0.0052288323931125,-0.0053041852993137,-0.0240762404386246,-0.0352715761837977
Bob Perryman,0.0013061794905782,-0.0100353064119172,-0.0086047979362579,-0.0166825979865419,-0.003135617194514,-0.0086902192996913,0.0418244824978045,0.0145966397815046,0.0161874768243771,0.0389185288079029,-0.0037384957450928,0.005512138171946,-0.026842994059336,0.0432878863682511,0.0122236570537101,0.0255438592160424,-0.0097262634870372,0.0254253368065615,0.0038735039121327,0.0003207009236587,0.0067233441357254,0.0093222609490433,-0.0476063877375512,0.0263714241148368,0.0209613428311951,0.0139509409546057,-0.0129099188285929,-0.0524613412572897,-0.0140556581148011,-0.0031476635373219,0.0268819566555017,0.0330581613847456,0.0078329758552128,-0.026818136765309,-0.0227544394802743,0.0198045884441774,0.0088219221106042,0.0570990674251573
Bob Thomas 2,0.0170240055271331,-0.0005478743276562,0.009356179646284,0.0435957652527037,0.0004704519418142,-0.0321212356539929,-0.0166840765859294,0.0024012185527803,0.0113143797984469,0.0157258016491453,-0.02383681394254,-0.0133390572390085,0.0005995822519366,-0.0062949360802334,0.0125808612116947,-0.0017275768247675,-0.0294850980199598,-0.000784172496787,0.0124009079041937,-0.0204046595278652,0.0203658648690344,-0.0036665908132446,0.0060926141650278,-0.0237360129024966,0.0178372108631689,-0.0107303295775244,0.0441985842432489,-0.004186634835232,-0.0195972977144557,-0.0193527928615087,-0.0145773379341558,0.0199166877355518,-0.028161541881045,-0.0103846748827813,0.004984524531911,0.0027303281339267,-0.0297720484378703,-0.0282366955302571
Bobby Anderson,0.0009550560148765,0.0297118788481378,-0.0263812178863376,0.0404845514301534,-0.0223293122451947,-0.0218955254466236,0.0098516634022836,0.0458077360571968,-0.0069720881529848,-0.0148898354275574,-0.0133694384396174,0.0106790624959347,-0.0335988056971958,-0.0189265931679119,-0.0455057111064722,0.0204581514950298,0.0049842452412979,0.0157883813886675,-0.0281683554641615,-0.0024630211676976,0.0007869736403956,0.0247324825347702,0.0126836275393603,0.0268982136183538,0.0156717792291408,0.0084676637205694,-0.0007771965743192,0.0062766154726438,0.0114990964112754,0.0210167970231091,0.0108243013838053,0.0762551496507085,0.0313539202766578,0.0353788447321952,0.0099126683746527,0.0165950352284843,-0.0089877782944875,0.0502557576566487
Bobby Hammond,0.0071890656315801,0.0155369779939968,0.0071249242362198,0.0502626587271679,0.002427426123914,-0.0213288024845598,-0.0022764009123626,-0.0085448962493576,0.0156384455872783,0.0115633507666198,0.0061127293532973,0.0023682980507462,-0.0129681565868172,-0.0128601044193679,0.0042402372441464,-0.0132237376994144,-0.0166813407397406,-0.0162665722050034,0.0043355730966217,-0.0071856729277068,-0.0009202389143043,-0.0366073736842687,0.0368820084975689,0.0009111513665708,-0.0032824484401392,0.0152639068900494,-0.0119490723743943,-0.0170146639828772,-0.00806634324932,0.0122301757726813,-0.0091183775110035,-0.0639745294645756,-0.0069175817256866,0.0023856385133229,0.0020806479389467,-0.021127743262257,-0.0123125266797992,-0.0222988129893445
Bobby Humphrey,-0.0297105322548941,-0.0606738847426128,0.0006169146163419,0.0227343214532783,0.039521516100271,0.0075289583342803,0.0590887357100475,-0.0395899440965829,0.0200707348467745,0.0160883155303479,0.0157254621828202,-0.0436789136328659,-0.0138392127391271,0.0042610710018236,-0.0343213017799252,-0.0147797066104723,-0.0194207664867234,-0.0078269373765946,-0.0027217576693892,-0.0185904970810274,-0.0715482090605414,-0.0248803829581416,-0.0177001197519043,0.0559039253243165,-0.0298960436705152,0.0255063794445881,0.0044688936949803,0.0200261682218015,0.0220935929777222,0.031992695942539,-0.0265657686178484,-0.0658837653278817,-0.0036365783742624,-0.0261949827093877,-0.0009331957213972,0.0190559574025969,0.0157019447310024,0.0134638987900712
Bobby Morse,0.0287334836650453,-0.0145892855094948,0.0100847973631681,-0.0189722980285094,-0.0171841924515781,-0.0292083676992328,-0.0256931041276623,-0.0172427456346881,0.0910636951639469,-0.0649409491150628,0.0512462632413941,-0.0088357344063689,0.0132260751549447,0.013916627144479,-0.059180148901195,-0.0482558538802579,0.0524328462577755,-0.0090596395136173,0.0012650628738995,0.0182421748650503,-0.0301164407806981,-0.0024172664659327,0.0387701615663275,-0.0107421329145792,-0.0322821980316408,0.0140843760243385,0.0102454503864634,-0.0072709304272508,-0.0193242768560673,0.0418386447946715,0.0292686886194937,-0.0124285501320314,0.0281430504517018,0.0269582664021267,-0.0013390881059857,0.0239442253510336,0.0226769204927265,0.0180578813314071
Bobby Rainey,-0.0021110844832397,-0.0134904190999116,-0.0293712413553741,0.011043120952254,0.0190686766589841,-0.0283658790747928,-0.0068201154736202,0.041666187055797,0.0463032105300278,0.032440192407698,0.0052815310214942,-0.0116171931280937,0.0144427007934177,0.0374591338779548,-0.0032638671494738,0.0568939446563514,-0.0179974452805262,0.0127712654559704,0.0142159057509427,-0.0120423341823476,-0.0228746059747173,0.0260238335897088,0.0038168203712081,0.0324918717803337,0.0105660410786708,-0.0144856731279688,0.0310163918167702,0.0002209001143731,-0.0617004048221572,0.0331914551894752,0.0339123284224599,-0.0126469815461429,0.0310912445498581,-0.0277353131409617,-0.0284326422065805,0.0299259091008404,0.0052085497180731,0.0198227083442167
Boobie Clark,-0.0107121297368293,0.0298640787956721,-0.0512384104914796,0.0576872834747743,-0.0266173001067821,-0.0214423877914416,0.0113420037827365,-0.0228938901286473,0.016774291267221,-0.0419884405133522,0.0122871434722125,0.0332746710809306,-0.0556676211483374,-0.0039289210120447,0.0089282494554574,0.0092153517745858,-0.015166065147481,-0.0256089308705668,-0.071939538084828,0.0077250650609764,0.0541466061210677,-0.0106810948606783,0.0822016408930153,0.0302707745119357,-0.0056280397603781,0.040245045906416,0.0245921336877599,-0.0161559698174892,0.0106164190395912,0.032544672645174,-0.0349463343568028,-0.0396210629603322,-0.0059758302879711,-0.0130888707885473,0.0221285495427519,0.0026040851701044,0.0397012048363137,-0.0112477244546484
Booker Moore,0.0160959096074449,-0.0028947037824517,0.0143513121113374,-0.0164276083130662,0.0226203562545173,0.0108427839667605,0.0178481441958396,-0.0016732658791785,0.0100533872021828,0.0111496908338052,0.0132813431633798,-0.0266637230982607,-0.0209776214838939,-0.0026685639166875,-0.0298182234631149,-0.0054148477512474,0.0118134487616922,0.0087542234841375,0.0198821570571575,-0.0001486045156035,-0.0009101578824188,0.0159267511019206,8.501794665033077e-05,0.0413859044758453,0.0383790345124513,0.0174627627591285,-0.0091367574940222,0.0229421711787725,-0.0117718357663778,0.0218088427512179,-0.0169875973885491,-0.0218886477042977,0.026381397935449,0.0056283175746089,0.0122013527208044,0.0039662902705194,0.0036574689084489,0.0143510455766567
Booker Russell,0.0229193755892401,-0.0134826883491135,0.0189721507693766,0.0158469015417365,-0.031507527896093,-0.026703631619956,-0.0212652699521696,0.0019085035444795,0.0573223271207498,-0.0262266965571577,0.0017316117390685,-0.0351022585962346,0.0273303044085346,-0.0096749543875894,-0.0100780598000009,-0.0072619513920405,0.0176963001133688,0.0205922911953974,-0.0087309598620898,0.0207685226749321,0.0045942828075108,0.0200195224403197,0.0066632563979178,-0.006663744472678,-0.0044491398288972,-0.0410382985248827,-0.0043948426541454,0.0379355611648811,0.0592391679340644,-0.0075270737207323,-0.0143000679314974,-0.0192901475029737,-0.007196893679218,0.02752994347803,-0.0135993044449317,0.0059613803596548,-0.0126603645533858,0.0309071883761266
Boston Scott,-0.0020389170534597,-0.0158720552646347,0.0028405264775784,0.0053931738870127,0.005606276525526,-0.0126357136161649,0.0164376872244622,0.0100328360909885,-0.0098603297916129,-0.0211554147652947,0.0074877330119366,-0.0003830060421237,-0.0116963016536202,0.0066278259501616,-0.0011146938017655,-0.0014076554706165,0.0107664896507716,-0.0103634253612735,0.0019131074571306,0.0187129239887798,0.0477601937636187,0.0220942077512208,0.0035929916424375,-0.0203742656869644,-0.0074636592716133,-0.0098925426282497,0.0399660638708259,0.0410612829513669,-0.0099881736244422,0.0232388641509318,0.0162878111234942,0.0096838697284647,0.0044687762302453,0.0452124025427213,-0.0396834158022452,-0.0148219040111499,0.0136922974135673,-0.0100758004421761
Boyce Green,0.0037340077509928,-0.0113834490589603,-0.0268702030880882,0.0103309745532813,0.014828368005197,0.0022733690558332,0.0133892131529286,0.0145557973933817,-0.0004018170052063,-0.0087610112012669,-0.0120108008195386,-0.020300749219331,-0.0037355135147207,-0.0220117309719583,-0.0132008729112465,0.0173249576351737,0.0082192082243832,-0.0097802635864731,0.0056366952492181,-0.0404642612153739,-0.0480682305188239,-0.0127518214305791,-0.0114599391798411,-0.0417847689013683,-0.0151298164971649,-0.0419640457109188,-0.0259633215598101,0.0365865984449917,0.0298257504263939,-0.0177343278352297,0.0366010419746112,-0.0161900426271081,-0.0030427400154191,0.0207755474138642,0.0306576489481863,-0.0084174777079147,0.0181240117748261,-0.0218005805525536
Brad Baxter,-0.0214636718796055,-0.0324523410214121,-0.0028589767982047,-0.0084721317934253,-0.0078476990623108,-0.0256599201929914,0.0942913004235062,-0.0096411269896941,-0.0167853365024608,0.0002002848597526,0.0069753054052246,0.0029268432072267,-0.0129865353727243,-0.0278132105832971,-0.0016984303023502,-0.0344346193126972,0.0266754774302518,-0.0150403072502482,-0.0127496212801527,0.0367487490894353,-0.0004280542244148,0.0382727368717137,-0.0199471392658562,-0.0144953001169446,-0.0315637679867387,-0.0274990368098338,0.0482622584249986,-0.0192080478708894,-0.0273347319717236,-0.0126570079245396,0.0274903814107216,0.0249262366058045,-0.0367012005971467,-0.0075755375872223,0.0161273155420889,-0.038788353007516,-0.0080143376851425,0.0570150040292063
Brad Hoover,0.0036461064643019,0.0291528151570867,-0.0308406200096441,-0.0570060780631712,-0.0200501433815839,-0.0067684674686495,0.0042570500905273,-0.0126368644547094,-0.0129960357735013,-0.0128731188338706,-0.0006044118074226,0.0150662109494115,-0.0025151312253641,0.0067807801659252,-0.019036513442054,0.0350333976332456,-0.008933870280392,0.0250179487478835,-0.0133908766757105,-0.0250506189920315,0.0083984530837174,-0.0107467317570328,-0.0286019645256631,0.0082445304218346,0.0029070043640314,0.029028612273653,0.0160122320725096,0.0248696922901055,-0.0074905828652052,-0.0032698334022719,0.0253421444441883,-0.0225719699282046,-0.0504439170811365,-0.0005677957015446,-0.0010287832663668,0.0130499095429614,0.0007189648808062,-0.0173818384663376
Brad Muster,-0.0229833073911965,0.0344067253248888,0.0197995199023612,-0.0207731356469424,0.0117025375535215,-0.0036600164692727,0.049610921223727,-0.006237953077391,0.0008146409057247,-0.0158985187716755,-0.0014871939756014,-0.0038739896221469,-0.0202334747397456,0.0170303532564236,0.00958817004351,-0.0244129869853602,0.0151991823459911,0.0039466029124896,-0.0158507964819399,0.0045882087889923,0.0285517461049171,0.022838169191754,-0.0455709519578891,-0.0266458406797935,-0.0095119535861018,-0.005951975402278,0.0026926419816372,-0.0153581694166022,0.0409657055497475,-0.0040113361026498,-0.0308342112948231,0.0398369054363252,0.0190948750265318,-0.0024799235357725,-0.0060211855535803,-0.0222309548358939,0.0256040711492664,0.0350978037277851
Branden Oliver,0.0067371126118884,-0.0059538741592086,-0.0325715493680866,0.0152800963500149,0.037841279879017,-0.0132313623013839,-0.0025228719604237,0.013255344306423,0.0070173420931438,-0.0119490723251761,-0.0316367178748563,0.0309800374646337,-0.0222308347533018,0.0329965060993329,-0.01751457784858,0.0467004684595321,0.0061613376735435,-0.0117214813144728,-0.0015623147698233,-0.024322117364505,-0.0157940541502798,-0.0302517973064631,-0.0030150399425157,-0.0117591633401608,-0.0122289590936869,-0.0047922909725323,0.0063507753796965,-0.0014857681878017,0.0323943434918176,-0.0088918035312838,-0.0289619818535425,-0.0314002678530454,-0.005025490268589,-0.0132812092988244,-0.0303836687596671,-0.0035048145384162,-0.0076381418231265,0.0023971762370546
Brandon Bennett,0.0053120919374459,0.0108089825506237,-0.0007760380749456,-0.0217236578536029,0.0041951311292204,-0.0258800584308058,0.0003832072482196,-0.0104256358983928,-0.0400723633604067,-0.0219585505998078,0.0207625173596619,0.006426005890952,-0.0260253464360948,0.0287292115064628,-0.0642875087972345,-0.0413015145733475,0.0058364883530675,-0.0311454122211309,0.0223184744996162,-0.0219993666119849,0.0004638171020387,0.0070559394549,-0.0059592912885167,0.010658674059165,0.0068363766950805,0.0100843398427414,0.0116369794662435,-0.0035608800658584,0.02223695307619,0.0149298976094738,-0.0549864114082869,0.0356896844182421,-0.0091929081961999,0.034524756864668,-0.0108651223393561,-0.0103577346507551,-0.003973652621347,0.0364576482073349
Brandon Bolden,-0.0008966151769117,0.0084913489598744,-0.0328767604002669,-0.0486443124213721,-0.0558345039735585,-0.0201630948522061,-0.0492969791838077,-0.0184905326504697,0.0040886773307933,0.0237356784027835,-0.0097445193020634,-0.0019520374999361,0.0210955168102524,0.0033204750570728,-0.0144297663513387,0.0080963170206729,0.0016155698761869,-0.0388177200254664,-0.0212098326802041,0.001654042710673,-0.0202573852483937,-0.0322490463254301,0.0380301844818559,0.0085360843872421,0.0194606457383327,-0.0098013785592789,0.0334390425314494,0.0266766774149565,0.0428859771751235,0.025158446568473,0.0407512913537142,-0.0185721796044266,0.0029388518505621,-0.0053902698650046,0.0494758590628487,0.0307449752302106,-0.0644558748857331,0.0683620428704818
Brandon Jackson,-0.0036699030270917,0.0070340270432161,0.005095020902775,0.0037565086374278,0.0002954533548302,-0.0046447796078686,-0.0154717322458661,0.0251454257808976,-0.0009862093986614,0.0089851854774377,-0.0202506302468815,-0.0026808063969681,-0.0178303145457928,0.0256521804711536,-0.0296350427220896,0.0311658236692782,0.0207865125378698,0.0252099815084392,0.017647371521445,-0.0002056908132934,0.0303700729577154,-0.0213810497306211,-0.0045977017625766,0.0349521277960396,-0.0053807124033623,-0.0031725784244073,0.0262050514156273,-0.0276770369325491,-0.0130816882023089,-0.0385383006882991,0.0080010522893418,0.0154770068888149,-0.0009153858615827,0.0109892202622343,0.000591464233339,0.0017361135736917,0.0235384967062072,0.0173620066186382
Brandon Jacobs,-0.0370409462046671,-0.026421424503338,0.0191685762303882,-0.0344763997213458,-0.0317967517945795,0.0229757555716187,0.0617117789618601,0.0254469695781538,-0.0126777457537369,-0.0156250665893531,0.0143309794019905,0.0055281940813213,0.0281095311961248,-0.0483660589872059,0.0548287088800918,-0.0210033237466856,0.0144027964005918,-0.0484787739291486,0.0164380358076645,0.0058660713299407,0.0317744600332682,0.0325982892180338,0.0916892971616237,-0.0100761550867996,-0.007006193927718,-0.0652512938610135,0.0278373736828872,0.0190611923047965,0.0130825965962638,0.0544902730124171,-0.018217361441083,-0.0078867030308673,-0.0086889388820636,-0.0137653723945435,-0.018561368466392,-0.0546133706327718,-0.0054688215611878,0.0503083732002527
Brandon Powell,0.0276481426388019,0.0075692439773668,-0.0140336902259677,0.0080153658665787,0.000590383479261,0.0272187807540382,-0.0283582761952634,-0.008961186699493,-0.032462480522065,0.0078316515883402,0.0146997036787161,-0.0003908709002415,-0.0011434159365327,0.0153259573804484,-0.0128691983896361,-0.0381937823099775,-0.0095784383295578,0.0042871164863592,-0.0172047000905528,-0.0060511833186963,-0.007080232087606,0.0132892464317929,-0.0112828986956438,-0.0239162995170719,-0.0226819056163551,0.0214660484168279,0.0210030602738926,-0.014508877406861,0.0214813487827394,0.0138994055200039,-0.0040894855904399,0.0095694771427474,-0.0354241450204993,0.0232054731021681,-0.0139101274270185,-0.0111493754758165,0.043404712907991,0.0058460178038853
Brandon Wilds,0.0376866108470935,-0.0143010869621924,-0.0161865076807794,0.0198394648382625,0.013536712937383,0.0284162415086694,-0.0058696367597029,0.0143792021999707,-0.0259142118918288,0.0001349134213358,-0.0012514583052517,0.0087919865163134,0.0035230647078681,-0.0001824162033008,-0.0037990453155978,-0.01944949752133,0.0064787019770709,0.0065516013631754,-0.0092534085010485,-0.0114037887957708,-0.0040834111960962,-0.0038485004242855,-0.0034063917766165,0.0098704481759198,0.0128283861707267,-0.0006206960382552,0.0015990848664581,0.0029702957521464,-0.0095400092710489,-0.0017348920384992,0.0025586875423577,0.0078634590397813,0.0022117104900952,-0.0096883868326801,0.0073438374604361,-0.0003550231436958,-0.0056273224125036,0.0030518080988491
Brent Fullwood,-0.0112769991393969,-0.0303725088572545,0.0481522307811685,0.0030411802989065,0.0112588544602213,0.0043866350770489,0.0623531254315702,-0.03551770241763,-0.0113968160464505,-0.0034417448167,0.014846273284816,-0.0144699280196389,0.0090679002341397,-0.0051752027909808,0.0084587072115075,0.0130171584655904,-0.0132164304021689,-0.0221362252947625,-0.0148011227092351,-0.0051519474501549,-0.0069953929491261,0.0477560169611016,0.0468961249804112,-0.0418762592798294,0.0580144777728413,-0.0255978745063414,0.0418538427543389,0.0064391245036612,0.0133592508730246,0.0340362191897642,-0.0322792979990981,-0.0350749121921657,0.013703851022571,0.0172216485572004,-0.0034493445731237,0.0094654553098447,-0.0250809683557984,-0.0137824829955523
Brent Mcclanahan,0.0084413722471291,0.0281303655130792,0.0172882627404884,0.0219013094793014,-0.0381517451498553,0.0265932811825535,-0.0039017409036816,0.0180664608835351,0.0173891255530783,0.0510287689300894,0.0056963737477905,-0.0074421355430027,0.016647067531768,-0.0142970420569801,-0.0185674976458828,0.012304676313195,0.0386165702543569,-0.0115422715720795,-0.0135521182081802,0.0009228296192531,-0.0137281126389354,0.0085223718488747,0.0017600585094477,0.0065986073545882,-0.0149453647226587,-0.0147843908540743,-0.0435702684086289,-0.0093614965707278,0.0103913513435024,-0.0061803275960153,-0.0031076964899845,0.0133866335187,-0.0048260405546645,-0.009441667959744,-0.0041762201551512,-0.0399105567416434,0.028057933669005,-0.0109673403632896
Brian Duncan,0.0304132419642861,0.0048026214554622,-0.0079518153596585,0.0262845727957136,0.0201318147001723,0.0179368512739974,-0.0183643300872468,0.0178130734504557,0.0039809610313162,-0.0087516055835784,-0.0023954693500479,-0.012210932621752,0.0585807426075494,-0.0275874799070392,0.0044107085532192,-0.0214678287415293,-0.0131035275625635,-0.0190804370397646,-0.007622761068073,0.0205810020137012,-0.0298871515090637,-0.0234301096988829,-0.0125355252209238,0.0003562140621602,-0.0049825395478817,-0.0180091388104411,-0.0101858680990227,-0.0208083228403791,-0.0086999128274206,-0.0063755270422925,0.0081220917317171,0.010811060994019,0.0194633633834677,-0.0083335584969192,-0.021883361292752,-0.0007238584852626,-0.0171421851492864,0.0020253307804003
Brian Hill,0.0094714874680441,-0.0120286281736675,0.0419710701302525,-0.0116129470141827,0.0042100924366006,-0.039936719328573,-0.0341519829375187,0.0134797076425531,-0.0390657564974796,-0.0364362603795066,0.0056099268905509,-0.0005804716495689,0.005817505538337,-0.0202515326895385,-0.0239045492679925,-0.0229621759362077,0.0114311578667772,0.0165446250060262,0.0281396185654265,4.594889424268519e-05,-0.0046664693179547,-0.0225130224397634,0.0094768861804153,0.0422036456112189,0.0291765016624069,-0.0067852810305667,-0.0058532266183079,-0.0017269825016329,-0.008275281098972,-0.0362024306451464,-0.0297161752405344,-0.0225704239992988,-0.001265428932215,0.0333755084210401,0.0008808028646895,0.0162702611408868,0.0141708623393205,0.0118066160896278
Brian Hoyer,0.0222958527345091,-0.0127552541154308,-0.059393892224351,-0.066878514551431,-0.0803415228961811,0.0827607131702187,-0.0230563414300952,-0.0308201037789086,0.0007544807864677,0.0145388140618528,0.0192989872726534,-0.0122249504580265,-0.0173830877498643,0.028479046822227,-0.002420939562042,0.0510135684673941,-0.0156440223413289,-0.0558772503877281,0.0448901750538508,0.0080163397704716,-0.0085770622982667,0.001035533245256,0.0471167888975323,-0.0022404703773395,-0.0580019002728694,0.0092355080997904,0.0529197900798126,-0.0565548734774653,-0.0125999688179986,-0.0381997327177007,0.0182082841470091,-0.0019975460456355,0.002735727936622,0.0035911895574404,0.0077268084598756,-0.0332754297885185,0.0461829750964436,-0.0115653333548288
Brian Leonard,0.0075860085411922,0.0191917143201075,0.0080605810068567,-0.0197003906730316,0.0017331414696514,-0.0232537934291013,-0.0264823610123905,-0.0246229820880342,0.0288132325920999,0.0047098655525541,0.0211338113910288,0.0064143036500346,-0.0471867482453141,0.0334764457776962,-0.0033472466181942,0.0234098760769089,0.003109391033984,-0.0052247540471369,-0.0308808115190286,-0.0013703654897417,0.0130719098947356,-0.0209743741844944,-0.0156827257079,0.0084372099666048,-0.0203021044995281,0.0490592844751966,0.0114006602306733,0.0154807946979714,0.0208408091588117,-0.0296106362180968,-0.0445240065419171,0.0033304395823398,-0.0070696953017759,-0.0028904238575482,0.001248479281764,0.0268409692462125,-0.0108867182149618,0.0221152790099444
Brian Milne,0.0190328248998842,0.0075535010828983,0.0095121960400049,-0.0420988272540876,0.0108430125767633,-0.0213822528277772,0.0168225840123646,-0.0142990799198022,0.0326065111521988,-0.0306120944449846,0.0140038421355988,0.0384011982660418,-0.022297374154163,0.019811400674312,-0.043985245145753,-0.0291536277925532,0.0400957189571916,0.0102486904451971,-0.015404470964621,0.0019875968166005,0.0012169166579163,0.0272519143330234,0.0125061535883584,0.0188937263098646,0.0120856285515898,0.0001360981919678,0.0039630788123219,-0.0057490218504395,-0.0275511805536405,0.0106161124578551,0.0234059950585568,-0.015442183098562,0.0036986596296965,0.0045356627460454,0.0233142824703153,0.0148158717192006,-0.0103722378691609,-0.0173240605204491
Brian Mitchell 2,-0.0169148414876243,0.041158045906441,0.0099493132035295,-0.0912898093138442,-0.0800537997183587,-0.0299728063563917,-0.0188129817172842,0.0012005842654347,0.0363579425110437,0.0523662941029705,-0.0297480235184575,-0.0146021392450262,-0.0503108903627178,-0.0128835036545225,0.040102132519419,0.0313196232124836,0.0317671505037703,-0.0146622345591648,0.0041779624959237,-0.0454721431104628,-0.016136383371893,0.018355245929857,0.0301493165022538,-0.0095261945429745,-0.0321629390309434,-0.0061318081703284,0.025413961221285,-0.0215403285369564,0.0191734510301891,-0.0303652279053932,-0.0213112766655649,0.0310209361107898,0.0456120757950141,-0.0079552506941922,-0.0296814395527807,0.0249265819961119,0.0465186977138246,-0.0167795363079914
Brian Westbrook,-0.0719342519822123,0.0965761496589353,0.0679962701889242,-0.007507378167098,0.0407504154897672,0.1300544592755396,-0.004120543893472,0.050224235071396,0.0736683183940412,0.0704673556519404,-0.0273675694293458,0.0822677133569444,0.158582270648987,-0.0847845336046052,-0.0711833655620819,-0.0676163128919018,-0.001676527309612,0.0345875752961668,0.0229378845632058,-0.0466685129833629,-0.0223994496333093,-0.1217689390308061,-0.004251988546072,-0.0553816515660288,0.050714918044961,0.0084918947653599,0.0330902787786442,0.0896998546780485,-0.0657865268783718,0.0712267533397118,-0.1267882201577846,0.0219965554969554,0.050832397455071,0.0394547272285705,-0.0755904709521639,-0.0433048574309952,0.0097498282549135,-0.0469104801903263
Brock Olivo,0.0345186156803092,-0.0205245322048492,-0.0105024638620092,-0.0745848668555452,0.0527947247689082,0.0239953830272289,0.0508937209012577,-0.0393267175623879,0.0143155355716252,-0.0288926498635464,-0.0469500572133234,0.0966351664016467,-0.0383260055461983,0.0277224797103615,0.0065353058054977,-0.0233243594305709,-0.0286030010273863,0.0073329468449475,0.0738274672008523,-0.0540447004613967,0.0364004966474329,0.0356985803194624,0.0281124414906212,-0.0035135532379277,-0.0105625601096567,-0.0008265154208788,-0.0869690535601427,0.0714663890867025,-0.0066816380036758,0.0256814295237679,0.0097829958680332,-0.0008916618698455,0.0315091843679291,0.0153419921746207,0.0363976734274391,-0.0182079950178487,0.0212007341162054,0.0539185017787172
Broderick Sargent,0.0298227059252921,-0.0174552657008655,0.0037943243875818,0.0012506333640647,0.0164773396780454,0.0037349423052881,-0.0172852975659908,-0.0070893181637888,-0.0030687889499958,-0.0049948265483178,-0.0207065440174577,0.0141632764871639,-0.0127805961403835,-0.0110810535605263,0.0179627564101712,-0.0232153686793715,-0.0063670808671744,0.0024205623206832,0.0148201063590162,-0.0400060681223622,0.0192354405840116,-0.0022850937436733,-0.0099317488291366,0.0029063765872287,0.0192814851220371,-0.0011665550135478,-0.0024654504880806,-0.0071383804966689,0.0044335902797146,-0.0251752761288302,0.0014918998975402,0.0057760593687067,-0.0223931148378602,-0.0042797261228444,-0.0106266217228498,-0.001964684548156,-0.008944600304838,0.0233664892786324
Bruce Harper,-0.0200386568858277,0.0678794439766418,0.0345983529308578,-0.0008158925880242,0.0020705721891446,-0.0274249651002034,-0.0645467264527687,-0.0052862297991739,-0.0178845644728926,-0.0342702245425639,0.0188222375312664,-0.0025410871567296,0.0087134776282171,-0.0520805980458934,-0.0302387512494796,-0.0051411314555119,-0.026741344042262,0.0307849008285013,-0.0034529980703321,-0.0575998342054743,0.0061770180639519,0.0261699396354084,-0.0147031411107414,-0.027699598961403,-0.0199739515813125,-0.0614693135912985,-0.0194639235510469,-0.0462765653365966,0.0577485169248922,0.0059197451257277,-0.0235810496056542,-0.0444686891859756,-0.0549193343330934,0.0022537008972991,-0.0470066520213503,-0.0478095471499412,0.0708771635946442,0.0371405264139587
Bruce King,0.034749589957388,-0.0156838410279924,-0.0070308117587349,0.0086069810120812,0.0135004819898575,0.0168310566685431,-0.0022046242639378,-0.004415857845905,0.0115327044301454,-0.0142111159389968,0.0062723803342979,0.0133059007590462,-0.0029775158238024,0.0110044236478911,-0.0111250623704177,-0.0134126023397266,-0.0023977967490372,0.018370602395507,-0.0133196268331069,-0.0020920197231896,-0.0060739638214394,-0.0011809325468535,-0.0207659229099781,0.0030364214948672,0.0096503053990066,0.0099577532184752,-0.00790065461319,0.0003909439112934,-0.0057470466469571,-0.0112410099916014,-0.0009465391007212,0.0076352701881307,-0.0134540027891216,0.0007947185118933,0.0094739610486398,-0.010129328559956,0.004520291196922,-0.0085046565379181
Bruce Miller,0.0126281848595858,0.0303068693109877,0.0097237120888343,-0.0659183723066217,0.0544329063895784,-0.0041058475808446,0.0456763014286601,-0.0167321608623845,-0.0262401759552772,0.0156232936446623,-0.0134671153754298,0.0375967106612053,-0.0195994693601748,0.0058754157849318,0.036697695598749,0.0318671257932168,-0.0292997250620077,-0.0048791085662733,0.0228467902342058,0.0088974395831818,-0.0030400121858955,0.0471107753741081,0.0061158960600011,-0.0249997469689893,0.0066761177258788,0.0166617349142248,-0.0642782760997859,0.0143456257828989,-0.0041312069984709,0.0161985525108489,0.0387588174738692,-0.0169076911215643,0.0468199061902457,0.009553689539133,-0.0155397116484501,0.0120474738430154,0.0256876756512694,-0.0126694286059647
Bryan Johnson 2,0.0325464754727965,0.0030053742011725,-0.0142549611521754,0.0234998710044694,0.0156894497809609,0.0237324200492718,-0.0096176524838769,0.0151755617980815,-0.0451894097436946,-0.0004432855636619,0.03706483996684,0.009621651386024,-0.0100948662874206,0.0131131576521994,-0.0048918633787331,-0.0015131686666008,0.0257944199148142,0.01627159603327,-0.0143597009876143,-0.0109672174836024,0.0053485013520149,-0.0020919963650312,0.0310740342154,0.002180719773509,-0.0144464854474315,-0.0209276434335606,0.0032735667669206,0.0059608814742285,-0.0072567380976302,0.008807884590977,-0.0060317186330944,-0.0050218756412547,-0.0025628901144064,-0.0275339955510931,0.0049394234832206,-0.0026352966118351,0.0158120826502083,-0.0157927986358747
Bryce Brown,-0.0096566419476206,-0.0370070274377631,0.0072014589337141,-0.0051073967463687,0.0328823213764262,-0.0495912821005547,-0.0249864848487684,0.0399278840538243,0.0265078561130876,0.0435205402936612,0.0090342982806174,-0.0053416228792385,-0.0024894739678534,0.022929375162523,0.0011749614260306,0.0617828493940241,-0.0089185221374017,-0.0155412073651141,0.0460775009791595,-0.0051938739790147,0.039458627834073,0.054699005386274,-0.0132652342903529,0.012918861531541,0.0298287727983283,-0.0135634246697645,-0.0001085822766104,0.0102396552053939,0.0278342331103582,0.037072204108859,-0.0435382011612777,-0.0390305830943882,0.0026677591378944,0.012618792374999,0.0093011779364318,-0.0111405368166799,-0.0265036158957529,-0.0138344084777196
Bubba Bean,0.0110584083272537,0.0153157811662343,0.0015652126984229,0.0505165906613205,0.0190776620369171,0.0063097555780797,-0.0084773452957616,-0.0157652950408429,-0.0206749056572488,-0.0009012966712827,-0.0098904064505968,8.700670830585814e-05,0.0074620724827082,0.0100014910093316,0.007938761450613,0.0017883743707442,0.0015230391838228,-0.0525609110154575,0.0390379984304634,-0.0283898711581279,-0.0373482421858389,0.0249202171628785,0.0147771500987037,-0.0723365159371071,0.0184620200359522,0.0205206496857288,-0.01479899339694,-0.0300584178663835,-0.0176065041263282,-0.0420654954271245,-0.0186621673404038,-0.0405447311147159,0.0111456393805943,0.0011321988245565,-0.005242544729325,-0.0170827903155708,-0.0210274725848277,-0.0375038439344348
Buddy Howell,0.0391041967674764,-0.0229322611438218,-0.0112127187839162,0.0137747019238048,0.0086192980398555,0.0404844804659396,-0.0035049300819557,0.0021893209854027,0.0201327439895478,-0.0060819125613955,0.0047313626257917,0.0078618393272091,-0.0036575824235345,0.001288063162569,0.0014602045965204,0.0016352849039286,0.0148561793971252,0.0103684984587595,0.0008923328172053,0.0021449312677489,-0.0120309647831535,-0.0027384899317387,0.0201065820380393,-0.0062092255552957,0.0056477195239664,-0.0101554400276347,-0.0114685806907754,-0.002702533691222,-0.0057511481939629,0.0068769244483623,0.012501330893798,0.0058340009906842,0.0027423064222311,-0.0108227731458661,0.0058695816686393,-0.0101448777298987,-0.0007930387136189,0.0085593388417461
Buford Jordan,0.0084543403508421,-0.0004673225602931,0.0047641519679918,-0.0254213879793437,-0.0030482099987901,-0.0416058603585897,0.0035537051677289,0.0165869193028282,-0.0280587657641089,-0.0175377925914046,0.008516962117042,0.0189185361622436,-0.0148242262715515,-0.0185107655954649,-0.0171008301505552,0.0271287933315741,0.0185679246396518,-0.0171907745665266,0.0151946815111723,0.0516325114798656,0.014719841273603,-0.0139032976241951,0.0157406826325312,-0.0103039196518452,-0.0076476620623405,0.013317303108266,-0.0019003739691177,-0.0050971543506184,0.0105467443913392,0.0129512137830977,-0.0076588177983455,0.0135139250798085,-0.0124058178565902,0.0334163204373977,0.0068532151841388,-0.0083584040206191,-0.0288673682018944,0.0296990130545564
Buford Mcgee,-0.0059884031620014,0.0230670333353271,-0.0144989831764641,-0.0438488894479985,0.0074623656775232,-0.0013085892314644,-0.009707058385538,-0.0405376800505292,0.0093445137602014,0.0558234618923269,-0.0025115585139846,0.0111395523236715,0.0357213105787557,-0.0049775608780252,-0.0187110408563424,-0.0597200605593507,-0.0376316866407179,-0.0370092449008402,0.0385684402322048,0.046217762775634,-0.026417377835016,0.0208962257159789,0.0405492072663279,0.0337289872180857,0.0088311249245549,-0.0477324313532989,-0.0093272367019351,0.0058880940758835,-0.0061304659150407,-0.0393083100349068,-0.0140916768940233,0.0028001145221214,0.0115884354301549,-0.0287239115830739,-0.0819747349743295,-0.0052877297814509,0.0390980919461654,-0.0410594059057078
Butch Woolfolk,-0.0225680627943625,0.0360877359003879,-0.025829831902783,5.0673615260271456e-05,0.0486295935240138,-0.0029724183010001,0.0094042057388069,-0.0060636541938055,0.0043819544718117,0.0110639163348448,0.0357530938539881,-0.0499579832539015,-0.0255139522089227,-0.0720716720330134,-0.0123220429063049,0.005545309595038,-0.0005427013554083,-0.0628095303279099,0.0359792383423483,0.0019058420556431,-0.0046831023946761,0.0465293127519025,-0.0172986728100695,0.0167373829604768,-0.0200695658755372,-0.0060540928670786,-0.080500868701181,-0.031156765774694,-0.0387964922067456,-0.0355006470416286,-0.0676327179354505,0.0627937151903048,-0.0146356021593861,-0.0442366064076184,-0.0752715898685501,-0.0443072591700707,-0.0061544075650188,0.0377871938029226
Byron Hanspard,0.0079257685825547,-0.0339287067657875,0.0075453425022119,0.0107980827504475,0.0381898696147012,-0.0214243416784049,-0.0967081560993677,0.0305747915195162,0.0062433409007436,0.0248425206075373,-0.0442092221393425,0.000315782034457,0.0522828933163157,0.03902458236757,0.0099213892547302,0.0244545992365481,-0.0430758844433119,0.017389363996131,0.0441583592282794,-0.0342465297988834,0.0389517816792348,0.0363022610912344,-0.0361499077874176,0.0323389752434358,0.0329964666277698,0.0153377189888958,-0.0237602680018148,-0.0893112572894547,-0.0117178450192567,-0.0098754665819506,0.0138811891729805,-0.0250600016634137,-0.0083881201081385,-0.0353183118538876,-0.0113885953214041,0.0237330924006726,0.0074557025533031,0.0199244005528308
Byron Marshall,0.0328797678343585,-0.0135207234835183,-0.0001152002157932,0.0045204415694766,0.0124159102213008,0.0068099769155958,0.0003103824785313,0.0012212846999162,0.0143219010021519,0.0036312619497358,-0.0022463474269983,0.0031218495046098,-0.0062792639683431,0.0009719773736146,0.0206773968794519,-0.0072232167236751,0.0072781972733054,0.006878032024633,-0.0082880775237583,-0.0107360289202333,-0.0002476194796434,-0.0097594861606774,0.0145140402592267,-0.0040892946946784,0.0045311927342962,0.0086865394694834,-0.0063684063601064,-0.0009441058464579,-0.006101214813527,0.0086723569846743,0.0103024515275666,0.0094332816800131,0.0030831688016991,-0.0171881406212233,-0.0052001172396203,-0.007274837401356,-0.0059634273860657,0.0065765995744257
C J Anderson,-0.0212166567883504,-0.0174524392204778,0.0280892068991576,-0.0207397892019477,-0.0278388724096266,0.0226837720181446,0.0164856414615028,0.0235931497710177,0.0266883715679148,-0.0310133666413821,-0.0286337564201564,0.0260752688415429,-0.0168835701393407,-0.0425386540073028,0.0535273342080253,-0.014898413769088,0.0402464311259718,0.0210873070039793,-0.0161309513778284,-0.0187274962957604,-0.0288521391443473,-0.0388422391194668,0.0118843117879112,-0.0197474723288765,-0.0121428607093984,-0.0369712675051376,-0.0358641673030201,-0.0510830578356505,0.0142209206647996,0.0082749414973783,-0.0125254990955527,0.0295128255489374,0.0080715576739872,-0.0002067214518695,0.0205343960292247,-0.033323164107389,-0.0220474746821213,0.003356733800265
C J Moore,0.0274779477871509,-0.0197124425295591,0.0530548266322762,-0.0262168487478519,-0.0104987801056781,-0.0842301899003399,-0.050413039708348,-0.0599298790778906,0.2014549776376735,-0.1126796337701774,0.111045702494777,-0.0247866129915423,0.0329042093982015,0.0171905482916156,-0.0589279899747515,-0.1259115858105364,0.0774298752929441,0.0217144521188246,-0.0406757355614133,-0.0212115758375353,-0.0132784751828185,0.0263692393567831,0.0746571603089586,-0.0133172323818201,-0.0929418841864504,0.0155235302463535,-0.0202122198896174,-0.0368805138154705,-0.0541875735049106,0.0414852350400841,0.0356287778674033,0.0159883862773136,-0.0215684858124293,-0.1078738097527978,-0.0166637259959604,-0.0348440626538684,0.0403949300821322,-0.0339419762447228
C J Prosise,0.0167249573090404,0.0075912482439636,-0.0242694813352778,0.0119721713660237,0.0049348198753325,-0.0211627808239067,-0.0075048353250306,0.0419897518012206,-0.0682388983655634,0.0163913677960794,-0.0393913151488361,-0.0065348896346869,0.0086424923370425,0.0225377104138364,-0.0250413694836182,0.043430892981786,-0.0445426404034326,0.0268015570863111,-0.0165721517115247,-0.011777590831281,0.0190753456199977,0.0060636067909887,-0.0020378850997287,-0.0033360282956759,0.0038909132760309,-0.0530629958159069,0.0093778657571231,0.012838381831192,0.0021149689839368,2.296805060647241e-05,0.0116976065777608,0.0041789743163232,-0.0165918096875213,-0.0251053530449788,0.0132655187925407,0.052597814608088,-0.0174372659015133,-0.0318415193580777
C J Spiller,-0.0439163382344606,0.0006495962819662,-0.0080783038890131,-0.0214839286972131,0.0288456818508436,0.0355064543508309,-0.0447426510621731,0.1638095948117141,0.0324217729936848,-0.0453389660771296,0.0553593923482814,-0.0291686169297333,-0.0243241522154703,-0.0013962889743144,0.0445766780032859,0.0008550581563635,-0.0947615592545464,-0.0375216747183832,0.0314568744500321,0.0652461182547049,-0.0081525669555086,0.0735184964311962,0.023904246767842,0.0078951863988824,-0.0566911629934854,0.1250247942716706,-0.0323333369633674,0.0584994121113566,0.0928131476220104,0.0368172856224301,-0.0373987119000623,-0.056063078052235,-0.0104816505715036,-0.0142768315025164,0.0398408101032939,-0.0693538544927653,-0.1280305704975132,-0.0879411459148542
Cadillac Williams,-0.0245723060956563,-0.0238920956285686,-0.0097760288834298,0.0040200837809276,0.0124251328228213,-0.0163794918282053,-0.0003690084487096,-0.0575362766404099,0.0106118806444128,0.0626323695624887,0.0011953686733839,-0.0112636359719977,-0.020609390355422,-0.0468636072201507,-0.0325437420028231,0.0046274881357669,-0.0030708949755838,0.0250821990229365,0.0129172403470806,0.0236141457762777,-0.0263194946916586,-0.0784244931167822,-0.0315696594069048,-0.0006427712032645,-0.0228741385806291,-0.0249949486869454,0.0123976008437627,0.0088660754670099,0.0114076955661831,0.0159425771342104,-0.0092198289143113,0.010450397170842,-0.0052853454747789,-0.0298397871198669,0.0170849881099902,-0.0147905438605781,0.0025738093458105,0.019424206328753
Calvin Thomas,0.0186510277506772,-0.0142840922996373,0.0072022233429525,-0.0349397533338785,-0.0246373177587028,0.0069106500288905,0.0115098556824412,-0.0141421953754812,0.0237886570829165,-0.0205648048901404,0.0365684184124451,0.0091742820683666,-0.0014665186311544,0.0138989894436651,-0.0124576188204443,0.041937167424693,0.0220585011069617,-0.0055130457991584,0.0226533421625611,0.0211273083927209,-0.0063940144319703,-0.0066398183418695,0.0148844094426784,-0.0049634722822049,0.0143512704694396,-0.016498528910609,-0.0280814729711048,-0.0004811302087432,0.0102708652817129,0.011168843780844,-0.0262773075039472,0.0175908717994261,0.0004710021878703,0.0090530330144482,0.0184267065599806,0.0104025431064332,-0.0010477375414917,0.0049377361729592
Cameron Artis Payne,0.0179758527268409,-0.0130299082381491,0.0101969484275269,-0.003670433182225,-0.0011819680679587,-0.0392813916192479,-0.0123107326909155,0.006924957717058,0.0011917248283725,-0.0286969114107819,0.0060712910290154,0.0288790092605399,0.007290737305541,-0.0078944308009599,-0.0162025924224811,-0.0098601551719191,0.0064744881316574,-0.0018980705648689,0.0028209185297961,-0.0071809240368736,0.0047075793678418,-0.0053504499005036,-0.0348237812464056,0.0327088664823061,-0.0026178774704711,-0.0178125904334784,0.0101577343321417,0.0316021676385833,0.0204827644582553,-0.0152232796277165,-0.0068759205409342,-0.0193073140959096,0.0077319480779394,2.6205176756863985e-05,0.0231577079104809,0.0024178107229332,-0.0228718696704,0.0082649695578897
Carey Davis,0.0306469183393266,-0.0074860600179098,0.0031207290941324,0.0079049822070785,0.013411603145908,-0.004558736197817,-0.0092832604750393,-0.0098429490270308,0.0293780247716716,-0.0178106627123439,0.0131937671351654,-2.376688750654924e-05,-0.0037752817255576,0.0164952245341285,-0.0078179610118444,-0.0270356472680273,0.0018202769653982,0.0217938256133113,-0.0267895376982975,-0.023906693406503,0.0079151810647503,0.0139357088852239,-0.005333056913945,-0.0086326667866725,-0.0223176361250734,-0.0067121137330638,-0.0182240104957254,0.0092826567642112,-0.0026030171779391,-0.0034469963630834,-0.012725435013769,0.0090120857994967,-0.0274808992328192,-0.0076704144387135,0.0057203996629873,-0.0106785218385339,0.0014456065016573,-0.0112511302178408
Carl Byrum,0.0184590352920613,-0.014977884974942,0.0131687017520084,-0.0076284178269959,0.0252814642984941,-0.003336292187637,0.0166407037080399,-0.0098123210996841,0.0106376373011343,-0.025753299250992,-0.0115049766873174,-0.0167398729532082,-0.00034511134593,0.011196992727595,-0.0079912814697709,-0.0114497744156071,-0.0259424526764804,0.0085149668378865,0.0191107804896243,-0.0273247694911378,-0.0121143155350689,-0.0151888321332059,0.0155315163320361,-0.0121022001744101,-0.0084918057052415,-0.0015811637732175,-0.0288499008323028,-0.0066110215098366,0.003392185376431,-0.0154605159716555,-0.0061871841769925,0.0169189796319439,-0.01671544011624,0.0110084316250838,-0.0043909230452955,0.001681332216655,-0.0126413847792259,0.0111129507120511
Carl Garrett,-0.0183028219998198,0.0441916954005307,-0.0096642865488945,0.0504465800017632,-0.040203637675597,-0.0328393656145029,0.0068048597751243,0.0003866221956228,-0.0134577032834384,-0.015766507647527,0.0070391227512303,0.0143527609624535,-0.0416781010144123,0.0081885683778029,-7.154072332064211e-05,0.0012858877997163,0.0078556846306346,0.029936369311739,0.0107147919482584,0.0125971970722254,0.0522018948993161,-0.0151403179732034,0.0459428763689513,0.0062019840996089,-0.0145048083068686,-0.0380988635356843,-0.0215140325075822,-0.0050528837250909,0.0359136872412456,0.0445784915391019,0.0089334980018173,-0.0308070072872924,-0.0001895716845385,-0.0081304789046882,0.0180222051018209,-0.0548336053973271,0.0052507296940898,-0.0406966675884479
Carl Monroe,0.0211123485398991,0.0217794239250397,-0.0148764793308663,-0.02374692537963,0.0155341440263392,-0.0331281025751098,0.0092416469435897,0.0339601579420734,-0.0835024495332342,-0.0314636885259919,0.0063057941448647,0.0358055963730948,0.0178962232154328,-0.0103551258650255,-0.06902425310281,-0.0553353728159306,0.0184534052567432,0.0282974400706971,0.003737572373711,-0.002494341948145,-0.0199578595034576,0.0054796603713485,-0.0027305705424888,-0.0038406793473006,0.0041805539770826,0.0065048591926992,0.0154313655861577,-0.0209268863083606,-0.037053726036454,0.0128339560228141,0.0447056539225626,-0.0296996980052793,-0.0491985061251271,-0.0217523008658425,0.0008019554077075,-0.0129121447183102,0.022927138697528,-0.0788540299009232
Carlos Hyde,-0.0341525415757279,-0.0545520674375344,0.0205459877790119,-0.0053096121260612,-0.0271472821388739,0.0531267749510901,0.0121849316216883,0.0102044866348181,-0.0113846355654698,-0.0555419630166449,0.001249517526765,-0.0443042149275808,-0.0179577534658052,-0.0490731362613573,-0.0035778323461665,-0.0055264884515019,-0.0171349079119658,-0.0157375449939903,0.0078171858243334,-0.0098658151958865,0.0369197208341469,0.0230799293394372,0.0113361531312151,0.0639777099042508,-0.0082705546393794,0.0372318675162957,0.0203732744027625,-0.0506614511540743,0.0364168375753782,-0.0632258182947501,0.0220915918465662,-0.0373933985596532,0.0005993300317575,-0.037859859952066,-0.0116527626666294,0.0128340743732216,0.0392659806017737,0.008059411372585
Carwell Gardner,0.0101438318199658,0.0031123044826286,0.0021424860857742,-0.0508202834265694,-0.0273448181961948,-0.0215603713005659,0.0338277460709054,-0.0032725138508766,0.0085010355759571,0.0066872314167384,0.0466716020730842,0.0243736141449558,0.0140695577369221,-0.0153378699647153,0.0129759910224636,0.0477665056026736,-0.0066800989549619,0.0208644470341531,-0.0133442036168328,0.0220520829915734,0.01196752776274,0.0082276186265535,-0.0141720693728685,0.0063893564613483,0.0146122041997767,-0.0251298557167562,-0.0036479876597596,-0.0299194075166375,-0.0318594289936416,-0.0603076941681798,-0.0399414628458094,-0.0206846592068882,-0.0447995244881767,-0.0140216290373858,0.0102720182086074,-0.0254158759461083,0.0005654691805088,-0.0289842805790561
Cecil Martin,0.0221817193384873,0.0131487142867226,0.0126098661318104,-0.0075018849853299,0.0242520989812179,0.0238977029876286,0.0081354354292015,0.0081346576974282,0.0031113384080847,0.0418607758968537,-0.0018678004205244,0.0023308476011311,-0.0407048192590101,0.0002421744438064,0.020347782769353,0.0170610466194099,0.0117790727465138,-0.0043931053349328,0.0038453540246098,0.0299071288547363,-0.0022394219223649,-0.0145237899428035,0.0609719586341641,-0.0093653999546369,0.0464021011734659,0.015481271993887,0.0075551645695276,0.0076552457040204,0.01539551528867,0.021508038730542,0.014667935033194,-0.0376100625608449,0.056501854761523,-0.0107837284046276,-0.0017311427902412,0.0010988870021203,0.0172106669482613,0.0297448765149644
Cecil Sapp,0.0228499150386916,-0.0038004788673441,0.0139543363610616,-0.0372754734333183,-0.021769574468142,-0.0121308469174042,-0.0026432978310004,-0.0094321366457967,0.0640475926555866,-0.0046041819983627,0.0138568086901697,0.005227242070917,0.0033193221182685,-0.0049691830597173,-0.0127843415916991,0.0264934880986034,0.019145624075744,-0.0109291234395951,-0.0335222107835888,0.0752168537810877,-0.0326654332378511,-0.0320786497455513,0.0093275949553689,-0.0136399346435673,0.024716053105817,0.0060215570140947,-0.015782199676339,-0.0218333887226285,-0.0083110554272818,0.0028517226887073,0.0152738240423565,-0.0047253342920514,0.0350417619021557,0.0044515646431194,0.0094627621956641,-0.0146817870256134,-0.0083370279118625,0.0359426447933023
Cedric Benson,-0.0332600984543229,-0.0384968014806388,0.0472413233417417,-0.0042212309891318,-0.038919836249847,0.0361307270942136,0.0392292264679562,-0.0138730883914653,-0.0498725667716246,-0.006303763686979,-0.0172576640348672,-0.0508087103933583,0.0262012796221067,0.0267149079955384,-0.0157301108607671,0.022808793641481,0.0055095530654616,0.0343047732404422,-0.0132307592368172,-0.0220580699407317,-0.0364293404663772,-0.0128099276272638,0.0518186863130175,-0.0007672004056392,-0.0208962817916408,0.0017838416044443,-0.0791242153370109,0.0187713755825372,0.0622122524615464,0.0063989016894403,-0.0125171228103496,0.0098644246664883,0.0088585251615399,-0.0556949009200717,-0.0010891743123624,0.0397167314920325,-0.0577508498847108,-0.1096025378987151
Cedric Cobbs,0.0390899471749577,-0.0283844968988688,-0.0191203223048154,0.0192996195589683,0.0121504212457128,0.0525165112667246,-0.005612713163207,0.0008638187928506,0.0125542862628674,0.0018498207529131,0.0022039993960813,-0.0097577731159325,-0.0036940670132752,-0.0038106454881831,-0.0079150556739657,0.0043871221014357,-0.0002776723251509,0.0068246838388511,0.0121279194430264,-0.006365454372267,0.0042764617547946,0.0125292547181157,0.0114338934804755,-0.0063370966891292,0.0167795909580581,-0.0174173512752344,-0.009716053884042,0.0015803533213088,-0.009021126776099,0.0062359194943068,0.0033513302269342,0.0062712364908312,-0.0079027206659721,-0.0206242132517744,0.0062893534291842,0.0039367612170668,-0.0104909264028258,-0.0014370312860735
Cedric Peerman,0.0220718116891219,-0.0057122620262055,-0.0098577318231786,-0.0069637346014335,-0.0318770730122651,0.0059123890776781,-0.0220605669126345,0.0386527105975196,-0.0125498855624654,-0.0191559147103529,0.0325216594694293,-0.0033320684673483,0.003214073923519,0.0106307648350642,-0.033567972371738,0.0115158750076998,0.0173640585682571,-0.0136565654118061,-0.0101069645974963,0.0569559863067012,-0.0398256908592954,-0.0173319076709239,0.0075065425466424,0.0189865373167356,0.0161628840652346,0.0364986608667269,0.0102746987345486,0.0037201862700643,0.0339990887564261,0.0182977711430281,-0.0136392521122522,0.0335208034923038,0.0384846505576094,0.0079038502636502,0.002992907997565,0.0156124349092273,0.0138858563195009,0.0295200721322096
Cedric Smith,0.0301776252156726,-0.006691994305009,-0.010802259808273,-0.022718454824794,-0.0191537924258011,0.043170327560592,-0.0168820289663449,-0.042188539644967,0.0188177949738581,0.0122672883696016,0.0553897788116947,0.0343521548317142,0.0106582203010388,0.0338498812557968,0.0015687320399188,0.0118064585655036,-0.0307465318437248,-0.0138036105511279,-0.0069231657526286,-0.0269420609991756,0.0066696851903661,0.0162560255378652,-0.0190496238174897,-0.0197309062569292,-0.0192139864762089,-0.0142833853045208,-0.0190556304886545,0.0038944857844112,0.0074637089989034,-0.0124935380551383,-0.0278275392867626,-0.0099193574567053,0.0158776192380847,0.0126621496539848,0.0087124160445913,0.006439488780967,-0.043285626460688,0.0107422156766926
Chad Morton,0.0212716509025834,0.0085173466704497,-0.0216076192407438,-0.0041304927085688,-0.007063490735879,0.0062359894884868,-0.0219090099695303,-0.0032936830700668,-0.0153599934438398,-0.018012243695012,0.0123266830497919,0.0030291964789107,-0.0064763966055414,0.0166159382754558,-0.0209188106005199,-0.0003290000121765,0.005853000096684,-0.0146602529201464,-0.0234061976730144,-0.0438536927430285,0.0250594146650847,-0.0124528405728291,0.0275611621640598,-0.0294749208568021,-0.0732576775214634,-0.0408876359104274,-0.0196526945597676,0.0159500506889584,-0.0122123124983522,-0.0045535977234617,-0.0561993161230967,0.0019764695487196,-0.0297938991995671,0.0099014563013838,0.0069609452102652,-0.011195326085435,0.0219099737604658,-0.0211012592707614
Charcandrick West,-0.0045816477103354,0.0102730969928499,-0.0048136938220444,0.010397616711205,0.0450769960843156,-0.0209777060288673,0.0272263326213103,-0.0018461535594197,-0.0022023670916655,0.0155872571064548,-0.0043876801974848,0.0409770236512962,-0.0034861796966126,-0.0254308422682966,-0.0240918984357539,-0.001679774924271,-0.0272052453007572,-0.0468503645037949,-0.0014788239557626,-0.0292656373470054,-0.0243670674406902,-0.0284682784730086,-0.0268126989299531,-0.0738275036574727,0.0081609408876454,-0.0149884103049356,0.020168424470043,0.0170841477788835,0.0625731223517573,0.0383874123828137,-0.011589795869987,-0.0438542282368892,0.0455996280784801,0.0179451074351343,-0.04366480087524,-0.0258737809887653,-0.0326581516187589,0.0087138961090684
Charles Alexander,-0.0033793679788505,0.0158315288433782,0.0096259741312147,0.0094670595653298,-0.0255409073646127,0.0061932555646691,0.0251652752625425,-0.0182586993157143,-0.0001176301397168,-0.0017400345955254,0.0055465950673513,0.0185211862051724,-0.0140966039407814,0.0184394510856295,-0.0336974484769088,0.0117470056305177,0.0024405649818735,0.0495024956644535,-0.0114597335295043,-0.007101850818138,-0.0270799372310446,-0.0057192433048097,-0.0230226585536436,-0.0136754763017501,-0.0090651108990081,0.0318988290448824,-0.0339536042246305,-0.0104148210538137,0.0037658550623523,-0.0118953993597394,-0.0263784426153663,0.0102443820475609,-0.0182977870729797,0.0063232158467613,-0.009161852430571,-0.0234130061993172,-0.0211057722036032,-0.0130787990102687
Charles Sims,-0.0084805416711155,0.0174486441295068,0.0351361126392985,0.0038735053117776,0.047156385855184,0.0077188168156314,-0.0055500803673514,0.0107101531819567,0.0013741807977291,0.0284598051650185,0.0272557210701354,-0.0350119566153315,-0.032793633897892,-0.0227648240740253,-0.0346076518031279,-0.0088610027317291,-0.0136651807110344,0.0122515684419739,0.0341602933271067,0.0013159229231479,0.0282680307041058,-0.0011304586555507,0.0023002687818126,0.0215730696111293,0.0175280137251548,-0.0064623493017329,-0.0168321958384645,0.0159880568700572,-0.005755585327596,0.0279308585737233,-0.0497297147332715,-0.0448185213106515,0.0037674342359935,0.0276245237245907,0.0066337718422283,0.0016764123746818,-0.0010366011489807,-0.0084527641826231
Charles Way,-0.0065552590540226,0.029233676607857,0.0480759487752269,-0.0053619499811269,0.0199466140307086,0.002963097635087,0.0012107933171945,0.0088168919117383,-0.0302781945130734,-0.0238329853592675,0.0094570603847114,0.0080464636583645,0.0039678899669682,0.0112512948779793,-0.0475885521238498,0.0046535156114044,0.0315059338440317,0.0251148687687536,-0.0218592379353928,-0.0108671901172508,-0.0320203277264582,0.060970314984391,-0.0222729259679744,-0.0462130546026283,-0.0060645160850745,-0.0150414445217893,-0.006195923174378,-0.0008915629327225,0.0003832088456004,0.0031724478180498,0.0183014372461306,-0.013763389321381,-0.0020978337122991,0.0493519165898292,-0.033624785545329,-0.0019682163798247,-0.0247094104679969,-0.0143853410798944
Charles White,-0.0059665003012126,-0.0040349628851242,-0.0125239437944558,-0.0084706483908951,-0.0279420303019717,-0.001116992948821,-0.0259619309539903,-0.0741326994136606,-0.0479263443884471,-0.0481929212764149,-0.0001881136148977,-0.0111667613354467,0.0015625608276898,-0.0238749170181222,0.0077692296468473,-0.0043597505846858,0.003263087471404,0.0948011040732856,-0.0063650004125784,0.0018256536891364,0.0232334807834707,0.0085772108977671,0.0578862739687436,0.0131615656021992,-0.0089400714444962,-0.0123128300017745,0.0339687087504976,-0.0243775508137339,-0.0069385429627274,-0.049806682636584,-0.0072152272110514,-0.0391289647749105,0.0632735976456303,0.0178825946353874,-0.063678830807528,0.0069379112241593,-0.0286095157409878,-0.0787229823615303
Charley Young,0.0128706056820473,0.013059595562348,0.0355799415832785,0.0383410882316068,0.0017176321023059,-0.0403387153744723,-0.0303589115337959,0.0037345809604915,0.0342480134512477,0.033257552498288,-0.0150152298174959,-0.0362636573708525,-0.0020620491636212,0.0010748059579004,0.0129788786630931,-0.0235324506700265,-0.0223693151204271,0.0034400970376671,0.0305654418194225,-0.0108699941490928,0.0237752172845165,-0.0287586225886888,0.0037119933468946,-0.032871248959369,0.0104875736449749,-0.0248616431575277,0.0288100624337944,-0.023481833228307,-0.0102290234371358,-0.0151821627856213,-0.0122731487914025,0.0271754192521527,-0.0348390727832761,-0.0104589339957113,-0.0008392403543637,0.013608403253781,-0.0317092391639128,-0.0246738799109078
Charlie Davis,0.0232419952515892,-0.0002254993289409,-0.0054621627667803,0.040836726345175,0.0146864441758423,-0.0047545499741348,-0.0187287653262378,-0.0039785476060473,-0.0097474704609653,0.0060150739610397,-0.0238346647708758,-0.020274750578266,-0.0252761696637924,0.0169821615426811,0.0093710354794043,-0.0124540735105505,-0.0114387009398224,-0.0009865325479292,-0.0183777559953536,-0.0203962775007798,0.0111919844643763,-0.0158630332049345,-0.0090229286540316,-0.0388738860954922,0.0105853853974526,0.0321973817413749,0.0055124524463359,-0.0058939299599098,-0.0094621249172575,-0.0232410165848154,-0.0177776190543102,-0.0173876031560328,-0.0203895925216448,-0.0168836745722349,0.0070091276372547,-0.0033752904512249,-0.00509334535369,-0.014996669110583
Charlie Evans,0.0100456898364984,0.0168499825916208,0.011985618433787,0.0435687390636263,0.002166588828758,-0.0153825426986038,0.0060937537448483,-0.0015969241890496,-0.0209284210303902,0.0205194044771905,-0.0001706658198045,0.0115207344761586,-0.0096400449636046,0.0037842993866732,0.0361613873560698,-0.0136795879239789,0.017913960419648,-0.0134492466699088,-0.0254045774620038,0.0224028583360508,0.0432771429644092,0.0268591071934373,0.015342293133142,0.0238122607727455,0.0307099197933841,0.0145565647485642,0.0605618008885045,0.0161150099699526,0.017031234693237,-0.0015932852147076,-0.0020094748413518,-0.0055905888374626,0.0332461229297712,0.0259822298716367,0.0006016320282321,-0.0082556394881896,0.016350318623995,-0.0157421963458808
Charlie Garner,-0.0551098119362581,0.0180048336754127,0.0504335692679598,-0.0343673274616058,-0.0100353290505431,0.0239252766608436,-0.0514751633110344,-0.0309691686563477,-0.0115147530982206,0.114207150174477,-0.0309534627285342,-0.0136006178670736,-0.0320670119823106,0.0318882167700535,-0.0643052453790403,-0.0614702175810414,0.0019964169863335,-0.0571074299709006,-0.0185133889711096,0.0376200349144073,-0.1045178043776184,-0.0018693629883514,0.0023514162289609,-0.013175038058458,0.0541167766804075,-0.0192140988124469,0.0007300605038157,0.0810265406797382,-0.0234407627324136,0.0601818495617883,-0.0056175076894062,0.0244457797870262,-0.0048777382241802,-0.0266137142435581,0.0151921647258001,-0.0373417636874728,0.034015125996936,-0.0465508703688524
Charlie Smith 2,-0.0101299410290685,0.0427942417229323,0.0255552513324192,0.0564539737483716,0.0033181946968009,-0.0317192705100722,0.028340927014303,-0.014728540838212,-0.0580655566326391,0.032210781481831,-0.0036155313725288,0.0288870775575986,0.037092520562439,-0.0264056348219687,0.0295038270937265,0.030421894237018,0.0303683750510323,-0.0175147999357106,0.0079310453398452,0.0292860828616717,-0.0112531822672923,-0.0018043992247485,-0.0017716182481615,0.0639541102814168,-0.0968013640561195,-0.0275225057925901,-0.0346280279323029,0.0423609177500945,-0.0637469538952104,-0.027676732031537,0.0179046649212146,-0.0641293075426454,-0.0465805304859837,0.0019878643322534,0.0549839856111593,-0.0032917666047229,-0.0129972926409483,-0.0196796759390381
Chase Claypool,-0.005921132921858,0.0924523862444004,0.0303121705452201,0.0106568378818444,0.1206691181989461,0.0146542821771476,-0.0072808043682435,-0.0311529812717125,-0.0130200051835451,0.0186838160142708,-4.6212899386520195e-06,0.0069021431149552,-0.0227410253326756,0.0369913944362383,0.024515947701271,-0.0228422304826775,-0.0054087011986117,-0.0363454466075167,-0.0020387589567869,0.0486566327051156,-0.0338884262323761,0.0493630531021522,0.0212219955177551,-0.0441866165264531,-0.0391982652302925,-0.023836837620277,-0.0002253428717055,-0.0199704398563327,-0.0021795314813504,-0.0182667428031795,-0.036135206384397,0.0417722131488671,0.0209515419479813,-0.0018559241959282,-0.0169023523382739,0.0325435438588775,0.0553464482376821,0.011556717291518
Chase Edmonds,-0.0112289889855169,-0.0018813983476507,0.030968532676909,0.0008030339963841,0.0027604060670388,0.0136731374624857,-0.021402937662607,0.0144823507125669,0.0055753998432988,0.0131112508502308,0.0067559176174556,0.0111173811126237,-0.0498796889875929,-0.0377976468457773,0.0034183415545148,0.0244635290946806,0.0289363451849605,-0.0075245788395333,0.0186870261877338,-0.0246842947584554,-0.0212104809713825,-0.006124990778347,-0.0115945782129389,-0.0123449516907831,0.0064650336876259,-0.0061934614509742,0.021525559293283,-0.0037190621592072,-0.0214561076014874,0.0185168871250107,-0.0214622763445448,0.0490300788196505,0.0099192791365032,0.0134528896034008,0.0055600758264201,-0.0122642379586608,0.0336997029073081,0.0062403291128973
Chester Taylor,-0.0351511359386511,0.0220667807245836,0.0164620505607951,-0.0194460185364231,-0.0222270701283609,0.0238736920201681,0.0020992656196396,0.0619858055402342,-0.0002079832598876,0.0033506654428071,0.0126902947596015,-0.0420726185658204,-0.0494668510454019,0.0681345566680311,0.0100966361384039,-3.822989853182471e-05,-0.0030391583172207,-0.0649800536325685,0.0225062574179671,0.0147629106879168,-0.0257600866134031,0.018924739474486,-0.0357237262062107,0.023168355381593,-0.0035798040242766,-0.0030866000540584,0.0121336964567249,0.0607958242597768,-0.0082962499639048,-0.0448989543880908,0.0121595859943867,0.0331476769390863,0.0412404396160099,0.0294504849012434,-0.0222304546199979,-0.0180617187793606,-0.0340682450143102,-0.0069437403862735
Chester Willis,0.0298781390338902,-0.0069993423212467,-0.0229099253531392,0.0103804177870302,0.0019946541305962,-0.0036515023717495,-0.0003237777080051,0.0421660264168786,-0.0654201380261581,-0.0194353368744619,-0.0156475412537404,-0.0030524232702188,0.0231360146996645,-0.0090257438955499,-0.0701624273999642,-0.0407574296016926,0.0154897134063259,-0.0079090442819956,0.0003265761850131,-0.0007355673573082,-0.0165761723732864,-0.0005191882807841,-0.0029706566135437,0.0654249873291061,0.0197366363350232,-0.0099687494517922,0.0079022034568547,0.0217719862107831,-0.0231428423918407,-0.0186499886331282,-0.0178677744361928,0.0200524248644672,0.0081917867068819,-0.0029909509446988,0.0455913099519556,0.0383900884769425,-0.0206003427394165,0.0382794392690171
Chris Brewer,0.0342790454207136,-0.0115200914280283,-0.0191425993653306,0.0143622251435773,0.0089521815017456,0.0338406364330848,-0.0069666218485516,0.0102750904282467,-0.0384319581305326,0.0105974385544875,-0.0062415440036912,0.0049143518167995,0.0064482121169889,-0.0048037306764148,-0.011390476230757,-0.0138619715443814,-0.0025802796785295,-0.0006273729861847,-0.0018547240544223,0.0075955131901389,0.0069166265565002,0.0013228972001456,-0.0167848862955658,-0.0059501905517349,0.0134854410975313,-0.003532191945758,0.0014356170380297,0.0014973765135027,-0.0014163221062303,-0.0002662902046816,0.0002661012407664,0.0038868556333524,0.0112490102313498,0.0073776443528946,0.0090601248653449,-0.0054836767482997,-0.0159706678849975,0.0163350933396985
Chris Brown,-0.0165739353746094,-0.011425074970928,-0.0114130649139216,-0.0112292358984136,-0.0091351957623828,0.0058271583110291,0.0305525847152156,0.0603628406933741,0.0011057426637011,-0.0096174834720339,0.0366945882239382,-0.0307229906225622,-0.0011895167424291,-0.0530988334991434,-0.0290191871062893,-0.0050588326682365,-0.0026211238840226,0.0415891013312075,0.0166659997005994,0.0039088588354143,0.0122809337915681,0.0254622587194892,-0.0206052978701761,-0.0175018753934496,-0.0270769330211101,-0.0095089972131638,-0.0021440350144389,-0.0029722214629847,-0.0307756478300491,-0.0589254152923576,-0.039046221301769,0.0060268645099618,0.0223502730412863,-0.0109721024228479,0.0645917502172138,-0.0225758144816995,0.0114541129375848,0.0853708145290105
Chris Carson,-0.033235135102209,-0.0520434195093793,0.0646746606045022,0.0010831855983012,0.0023842940587903,0.0532530449644531,0.0518270269029582,0.0152465436914132,-0.0277901271921046,-0.0316547772209468,-0.0024657150779576,-0.0730322339511771,0.0260614476774386,0.0235996123044746,-0.0256293426706375,-0.0242658931640609,-0.050850818500932,-0.0191634928070052,-0.0142259079025066,0.0082919973373906,-0.0302284029318867,-0.0346973910553823,0.0138669550846495,0.028639266518304,-0.0125170262703663,-0.0297307001228027,0.0010855692683988,0.0166147475491031,-0.0292960583890121,-0.0379184664767346,0.0686540269389589,-0.0062254945183651,-0.0017714041993533,0.0151335230214745,-0.0102950528109192,0.0520028044075523,0.0071889902320688,0.0275190289379015
Chris Evans,0.0314305803620364,-0.0016782315280152,-0.014250335396346,0.0221495050583402,0.0262058010050062,0.0224778333497626,-0.0156742800917687,0.0041229006383594,-0.0044846997305694,-0.0152011196761277,-0.0054506084913284,-0.0039422219738619,0.0200035726998085,-3.127119686884152e-05,-0.0033196252922322,-0.0313137937789627,0.0036844658551907,-0.0105113323770297,7.279904848033229e-05,-0.0084890754589493,-0.0127135703435524,-0.0081696947876071,0.000339721091289,0.0027311900414926,-0.0072630404162559,-0.0172845885666466,-0.0031348415103411,-0.005731476365542,-0.0200326586080693,-0.012968723295235,-0.0080705073430055,0.0076128791227192,-0.0015165329876391,-0.0244739663770546,-0.0052111438244881,0.008252727172657,-0.0133835306929381,-0.009174506998725
Chris Floyd,0.0317398527235316,-0.0051746040578686,0.0053030221361203,-0.0091569009549832,0.0198315978596751,-0.0142957535945048,0.0148343714215435,0.0106069168237796,-0.0293456261276872,0.0287643871649585,-0.0138350118889379,0.0139497407782673,-0.0027316617123913,-0.0063431732094721,0.0801292089286966,0.0026429475685336,-0.0189169106665669,5.6723915841125816e-05,-0.0186286100412468,-0.0191694206251791,0.0358031531608343,-0.0348386244598713,-0.0021931677481083,0.0263679334000265,0.0149847998885489,0.0351563270164585,-0.0076145055703804,0.0125927388907332,-0.004254332821841,0.0143767777187797,0.0247149506012106,0.0219882123693017,0.0423190724234409,-0.0042754313037812,-0.0146888145359827,-0.0131253628274061,0.0088844748272657,0.0128556217964436
Chris Fuamatu Ma Afala,0.0077142736832529,0.0067378686519764,0.0113376416760659,-0.0342524747384578,-0.0200804305088976,-0.028207678309564,-0.009560703842745,0.0118065754396148,0.0153013839699963,-0.0388878904358883,-0.0075851024848179,0.0131327292122081,0.009879489319973,-0.002901333744177,0.002071536941277,0.007426108751571,0.0248259638924587,-0.04441238686607,-0.0229350784102409,0.001694914276352,-0.0165425703786609,0.0115690463429688,0.0068885613994069,-0.0271425283687896,-0.020725411746685,-0.0032472938875222,-0.0323367428999601,0.0004853222407293,0.022303708355488,0.0026114764908354,-0.0527626495204363,0.0363372291100677,0.0211737721411058,0.0194527580769998,-0.0065727180287363,-0.0403675509332541,-0.0052299649622829,0.0098335391712538
Chris Hetherington,0.0270465824807279,0.002955177920694,-0.0277098668926257,-0.004961041881531,-0.0245244013472975,0.0343371753908075,-0.0083291334972933,0.0183025690117585,-0.0125790827626182,0.0114765517594408,-0.0001727136164997,-0.0043633429807628,-0.002686534823614,-0.0147710981807046,0.0238800307808599,0.0302404559260287,0.0096502691574048,0.0304971094142705,-0.0245340983198766,0.009648267776368,-0.0063695524719109,-0.0021865629517132,0.0076388024707272,0.0120169228836007,-0.0052435374932692,-0.0037665630341193,0.0227550212246253,-0.0338416992905637,0.0036190198923889,0.0084037271610373,0.0175694032461109,0.0107572197646109,-0.0204385350714734,-0.0190615536037152,0.0030604966738231,-0.0205796075723704,0.0132320769135617,-0.0489979192360991
Chris Howard,0.0326873979343864,-0.013710581399479,0.0102400563226563,0.0085542927316172,0.0101184368248153,0.0012564949287198,-0.0013630534897317,0.0003333904015971,0.0003536597499887,-0.0012249491157981,0.02814490415538,0.0011414915412917,0.0090592807374189,0.0059236430601301,0.0242208092640798,0.0050726347157419,-0.0138638491410747,0.0218767245087024,-0.0245411215984796,-0.0002780009019826,0.0026986318707945,-0.0137261067763689,-0.0045093386601753,0.0097103791034217,0.0075554522310737,0.0085537808851659,-0.0040492189405547,0.0030640778233047,0.0109208326155546,0.0015866116860392,0.0134563420878869,0.0289051338566339,-0.0019036725914403,-0.0011459498751495,-0.0001098420365321,-0.0030728707897712,0.019291907437535,-0.0096345725471655
Chris Ivory,-0.0403802526071072,-0.0555091096187619,0.0338189123868412,-0.0257003414137581,-0.0260130394298529,-0.0075747561434921,-0.0422474735747147,0.0027987810933716,-0.0346083662437619,0.0126921056504453,-0.0246843948295618,-0.0463769632148411,0.0261597813306673,0.0010610107968567,-0.0480405206487476,0.0058001378107217,-0.0364772467678761,-0.0793604457203938,0.0458361407733472,0.0155039474371956,-0.0060957547020616,0.0051952644959195,0.0119690767259873,0.0734522524453739,0.0690585692056076,0.0931503159773097,-0.0081564110932904,0.0356622512709129,0.0863909458006463,0.0381518648325921,-0.0064814804625165,0.033061582466035,-0.0328206548844468,-0.0595533326735244,-0.0403949196049105,0.0803636359670871,0.0033433696759612,-0.0728896570039898
Chris Johnson,-0.0833142071692483,-0.0474646030135128,-0.086095112517423,0.0173331809962492,0.0299343311612884,-0.0277080422664549,-0.0659220442249274,0.0718158660607824,0.0556276228588418,0.0292409325949246,0.036536294114394,0.0681181700274725,0.0248766829368281,0.0844957319150942,0.0430889104632854,-0.0016236596578385,0.0055363963439176,0.04633614665519,-0.055173090906775,-0.0523088135810677,-0.022762009627546,-0.0375655815461008,0.0747162450167612,-0.0017000288970969,0.0947090354878186,-0.0275411868789776,-0.1129765938240438,0.03815108131916,-0.0257143642727447,-0.1130502577689975,0.0621424623920078,-0.0183804699537892,-0.0033560243247206,0.0288330187126651,-0.0068830752172786,-0.0218201448713395,0.0603076205487841,0.0457788889426604
Chris Ogbonnaya,0.0098379286351984,0.0128963526521564,0.0264451644672148,-0.0147996384971598,0.0038966989279635,-0.005352730548171,-0.025663047092364,0.0038592191848777,-0.0325930188297466,0.0130288963333269,0.0086573290370916,-0.0042893171357792,-0.0200210016290861,0.0154391580318188,-0.0526102264039475,-0.0650098413266647,0.000883874948073,-0.0126251496234312,0.0081200682917432,-0.0221678867836469,-0.0201552425615352,0.0295337940567361,-0.0128197766337453,0.0599312808348408,-0.0106539320955497,0.0204180599128458,-0.0011896335620265,-0.0095548860823465,-0.008003572972823,-0.0219399820838331,-0.0114713411859733,0.0618159462703251,-0.0326440474261979,-0.0098396135588056,0.0134179010668307,0.0189995409946541,0.0120894816736161,0.030165418566853
Chris Perry,0.0147947453018524,0.0174689550061006,-0.0002830830887455,-0.0031629093494018,0.0130875535680486,0.0250948687230191,0.0075940211187049,0.0245681936151427,-0.0038523650722711,-0.0356660866268127,0.0298066189120033,0.004028913614898,0.0224813075749843,-0.0081194973030107,-0.0545889529054798,0.0136527810413572,0.0350722707273792,0.0490479181935136,0.0020519298478503,-0.0089809256829234,-0.027258049740367,-0.0171880741554923,0.0211777207416619,0.0309264040454021,0.0445114359286452,0.0305722993586994,0.010842848879382,0.0351846351275541,-0.0017186482041472,-0.0021393426292269,0.0492616795828934,0.0156547596819594,-0.0060705103246984,0.0285936681074324,-0.0004155241315583,0.072753142940232,0.0161931689429412,-0.0215369033985757
Chris Polk,0.0102197146465509,-0.0042774477707815,0.0297458368941244,-0.0196662252988331,0.0103043072140465,-0.0772537543913451,0.0073911075946372,-0.0081681340072973,0.0011313192269654,-0.0146571169027723,-0.0580238502032843,0.0111667584484779,0.0253823500942954,-0.0069274530524676,0.0128037605073835,-0.0639198669252622,0.0040213331921069,-0.0024463778668367,-0.0261062866847223,-0.0209898994501101,0.0244322545535996,0.0067344661580217,-0.0229807824141926,-0.0224308500519122,0.0037363583295879,-0.006538674188628,0.0334696042272191,0.0144064512996406,-0.0116059412832293,0.0083599518351437,-0.0122453270412558,0.0315504730194335,0.009981303408519,0.0189605991839561,0.0247009433577665,-0.0195541720656107,-0.003584059540522,-0.0199609772652503
Chris Taylor,0.0302677068815514,-0.0099738369710508,-0.0099180706566854,0.0081694995628765,0.0175101955718119,-0.0028149848005783,0.0011413461227108,0.0107894628231325,-0.0356199918172789,-0.0066735468611068,-0.0214343719242499,0.0077483678328145,0.0071374182033567,-0.0009316026791411,-0.0094261819789864,-0.0370820772451728,-0.0010139614559434,-0.0015245717686796,-0.0051196244868409,-0.0257660188753467,0.0083268583671266,-0.0020361025295403,0.0018160216308385,0.0154197097676013,0.0157837441504124,0.0071936309548251,0.0058235912374996,0.0092854088006387,-0.0008380559353304,-0.0061778486962632,-0.0003101589938811,0.0138879845596255,-0.0040860530480146,-0.0039303024804605,0.0021162550707803,0.01231332616391,-0.0141638113810255,0.0030180377014177
Chris Thompson,-0.0079095316652862,0.0338933477484265,0.0244837117703262,-0.012733716005397,-0.0047763743399604,0.0174273620064004,-0.005565060099607,0.0483174019179461,0.0372369193506499,0.0193580684068434,0.0179531828681111,-0.031882219608458,0.0120807606606546,-0.0005536178985552,0.0047656662559206,0.0310436486782168,-0.0067195019301811,0.0045249305707395,-0.0146875373938446,0.0210198230673535,-0.0257794067367964,0.0348868455678613,-0.0006074877394335,0.0053522225156951,0.0189896366952332,0.041909867808575,-0.0093978792092464,-0.0084976444045846,0.0358641776742673,-0.0442229425877038,-0.0138183431096427,0.0469774436401557,0.003291310197551,0.0089915611606197,0.0039067084096327,-0.0169391908517119,0.006890481819421,0.0033792857907778
Chris Warren 2,-0.0485498042184863,-0.0370942134111969,0.0575712278767796,-0.0496608406787328,-0.0470167996410357,0.0709066393105909,0.0177936838430741,0.0609212332677236,0.0019027330672287,-0.0209249791059865,0.0114805993508054,0.0268849983968099,-0.0743377908579828,0.0226315711859419,0.0528639637049892,-0.0374964606779401,0.0270998178008988,-0.1096327619142165,0.03925900559657,-0.0560177447984176,-0.0476535431068695,0.0114215864946528,0.0560931638412555,-0.0270489854597917,-0.1276562000777126,-0.0506667860758628,0.0022426830155504,0.070533709971637,-0.0404654448357063,0.0880137631685108,-0.0032518619528772,-0.0258293399457163,0.0401779502453198,0.0001334481268225,0.0403653169655921,0.0479059849848272,0.0974005088188551,0.0784278163962614
Christian Okoye,-0.0412902704729087,-0.0807790923031203,0.0263128121806778,0.0127596296061516,-0.0110109752098248,-0.0016764902598583,0.0527938279136941,-0.0311608880141065,-0.0245418524798529,-0.0408484159037985,-0.0129591368364595,-0.0378388772808975,0.0395663527206503,0.0381618435062879,-0.0121408338943823,0.035595479179553,-0.0056326740860775,0.001439492862539,0.0447689970130866,0.0386135320579625,0.0660836821784159,-0.0485235333899559,-0.0263690407361988,-0.0013916510597289,-0.0383767153105759,0.0586807226182325,-0.0342958095819034,-0.0160669159903836,0.0147215557458476,0.0164659954781987,0.0162857173148856,0.0528050752801259,-0.0375088148110856,-0.0075162176313727,-0.0597340483422891,-0.0102198656907638,-0.0019811220634624,0.0143679432960175
Christine Michael,0.0077273654878522,-0.026928857510699,0.0129735266449629,-0.02578891417524,-0.027474456076399,0.0115620152239575,-0.0153635667467118,0.0444117298228276,0.0246157542732722,-0.0160314927601715,-0.0340202887878643,0.006435550654945,-0.0016888179475933,-0.0121186751111206,-0.0156674591688883,0.0433281057264154,0.0223416614013677,-0.0171471951179895,0.0207311530170685,0.0758152811442052,-0.0110381378397603,-0.0223053773266429,0.0050317984513927,0.015378679227201,-0.0053211070627781,0.0071958323534427,-0.0248233122803034,0.0053642131933148,-0.0141133620518809,-0.0223441116895971,0.0155202608265697,0.0107168624280256,-0.0184442947618401,-0.0093890973010052,0.0045585319861996,-0.0261044593418762,-0.046439507409266,0.0197828432104238
Chuck Evans,0.0164926751627982,0.0182119574025464,0.0049077031332361,-0.0187204412913061,-0.0122718823828509,-6.614642810813309e-05,-0.0048292966176105,-0.0077636945542811,-0.0175738399906275,0.0183615392046557,0.0139263061302092,0.0075518764222701,-0.0106216137591728,0.0160451119452187,-0.0077783072904478,-0.0080381637389037,0.0247377939856752,0.0092626147708223,-0.0041220063681513,0.0107949375743601,-0.0224823404834221,0.021561319360798,-0.0041505707573674,-0.0023182002603333,-0.0087924713560621,0.0340893783359972,0.0197459208415552,-0.0035739589963786,0.011817259036027,-0.0037414144929617,-0.0066671046003356,6.4847780739276e-05,-0.0014384916010673,-0.0016403018934128,-0.0076583337223131,-0.0118110867355521,0.0239420162380636,0.00213987222082
Chuck Foreman,-0.0530170825034709,0.0916932146192111,-0.0285808077025883,0.0974836289023773,-0.0078534788212178,0.0556171083782207,0.0629204047151164,0.000133394824018,0.0662826529722951,-0.0813116036086018,-0.0297427674890294,0.0587407629397266,0.0572724480800221,-0.0380008407357442,0.0554064873257153,-0.0024802186068747,0.0254751609891433,0.0079069369587206,0.0678075648909886,-0.0240586594552107,0.0504758158910592,0.0556404866021294,-0.0248024283422909,0.0906113966102816,0.0602049769753887,0.0526882347308663,0.0258698067950027,-0.0132660755579687,0.0227003916453461,0.0483476015306173,-0.0027001532487799,-0.0395710433081035,-0.0351178383553888,-0.0185731052336643,0.1035680451741527,0.0390648671591569,0.0418424468890615,0.001353095722419
Chuck Levy,0.026699818553197,-0.0072449038616381,-0.0072427809657463,-0.0109192915101908,0.0012384890219828,-0.0029818183637612,-0.0195682947534064,-0.0040081750436825,-0.0106887477950197,0.0115986711621204,-0.0287163000564906,-0.0037678274569378,-0.0024006146445335,0.0054699444954038,0.0189481953841036,-0.0342754082008369,-0.0064724077049756,-0.0046031608762399,0.0082037895822233,-0.0389302982479356,0.0064244657699986,-0.0018210596980108,-5.842964398758638e-05,-0.0093467700676258,-0.0040273937639713,-0.0029447551126186,0.0239811054801418,0.0078707705709054,-0.0100494142319175,0.0030371547189999,-0.0093536751649276,0.0062547350420318,0.0131957971821237,-0.0024429436478311,0.0256640564291106,0.0145297449604786,0.0114472192007078,-0.0151051543487872
Chuck Muncie,-0.0448633057150956,0.0100777891547605,0.0392684933208535,0.0508397824737986,-0.0605648473437108,-0.0016011991418483,0.0079177004900734,-0.1037077271165147,-0.0356372017463625,-0.0539375544301867,-0.0477812971244399,0.0200591481140363,0.0015100482055078,0.0481573658544614,-0.0262346160764761,-0.0020113952609217,-0.0073680412320855,0.038359837329664,-0.0032272221180564,0.0618460469467156,0.073318793425162,0.0297367068982936,-0.0189853212363378,-0.0108359084891556,0.0119026320431267,-0.0141441755065679,0.006587126445631,0.086035280320061,0.0905696160603354,0.0192839078963087,-0.0108793083204257,-0.0180921568101341,0.0063179914086413,-0.0197232422102783,0.0269009598476485,0.0239576312829324,0.0104219781953975,0.0781945164120612
Cierre Wood,0.0421375493252806,-0.0248997666825692,-0.0218221832604693,0.0282703551239237,0.0034005842547111,0.0575827604320424,-0.0153373461468128,0.0092879998280168,0.0176829580174337,-0.0042996011301294,-0.004980225300011,-0.004335639209121,0.0014136405620923,-0.0030697303203236,-0.0162983726730565,-0.0026180027858962,0.0115330308341839,0.0114268577281393,-0.0166767214675152,0.0010223684065856,-0.019599751298347,0.0150976835404394,0.0056646862184068,-0.0127050943983849,0.0086329635104566,-0.0263121331612859,-0.0049925382095387,-0.0045168323021956,-0.0009994987776964,-0.0039635100642068,-0.0002973001429208,-0.0026411831768239,-0.015229674642698,-0.0095142136345242,0.0131111809524009,-0.0032137966612255,-0.0136465405620645,0.0043374297891422
Clarence Davis,-0.0116729402120305,0.0215341166430784,0.0134316550668737,0.0399989514436424,-0.0725766620210022,-0.0466626678525095,-0.0028249106370079,0.0006826320817216,-0.0030522425113583,0.016875520090216,-0.0314935410760887,-0.0076736279722854,0.0075970250784103,-0.0032057901686252,0.0107116478948545,0.0082807926570137,0.0118051776517808,-0.003660487337487,0.0202662029591623,0.0314625104269263,0.0088855816846628,0.0185613979986428,0.0124166354411594,-0.0126290550504024,0.0187581228185045,-0.0181397559288292,-0.0109218156205544,0.0197382228622783,-9.72633867510446e-05,-0.0279466956130414,-0.0487221531405363,-0.0031069430683042,-0.0282531246629847,0.0047742162820334,0.0300386121774846,-0.019072325625094,0.0111920113878932,-0.0154646454994214
Clarence Harmon,-0.0030407314140184,0.0549878792598734,0.0250345591302698,0.0288194532920149,0.0031429821222527,0.0046884020564353,-0.0106844433126175,0.0103613016770849,0.012531659291609,0.0350659450870217,0.0130951277566945,0.0046732887736114,0.0668414297772182,-0.0475462999365678,-0.0206413118650793,0.0098325680443893,-0.0117848440473406,0.000499368537465,0.0121481198395627,-0.0062405802102354,-0.0065819694657637,-0.0485221318432563,0.0047616394685576,-0.0182831661441947,-0.0449258722574665,0.0283802231046363,-0.0102903626878184,0.0183992596926583,-0.0417083476330714,-0.0060186739822294,-0.0011320848490117,0.0151200061301987,0.0226263385294086,0.0044833644422041,-0.0223226918921883,-0.0010408762260665,0.0304499864920633,0.0266182872709116
Clarence Williams 4,0.0065393935060461,0.0104156230328502,0.0254646255495894,0.0401113442367347,-0.0288671532308967,-0.0120045256683963,0.0088913266360202,0.0003674742647986,-0.0187628003530563,0.040060993210151,-0.0224294208091637,0.0041980146850644,0.0078128753068429,0.0101930550338323,0.0044064683870967,0.0013152625056,0.0391003098119263,-0.0017169606442159,0.0146321686424727,0.0423638499445179,0.0088421547771646,0.0260926893195001,-0.0392114320266224,0.0532621214586387,-0.0189544378335446,-0.0213083315190249,0.0258238189672372,0.0439069233340285,-0.0219064300014053,-0.008378136563096,0.0322277685347563,-0.0036189998490931,-0.0003336945347349,0.0216653391533718,0.0288918610038198,0.0020410361268791,0.0098584560949601,-0.0029256893416923
Clark Gaines,-0.0084743518908739,0.0447193664712509,-0.0442878591259015,0.050938119957867,0.0011471636629021,-0.0055497848445374,-0.0138852231457145,-0.0077520392333839,0.0267888463012206,-0.0645933079989497,-0.0138079699070223,-0.019635248610215,-0.0129660083172566,0.0009948778298664,0.0198818598125271,0.0277820260450951,-0.0147387127523177,-0.0258809951732768,-0.0096967012734439,0.0517818910323081,-0.0241550347454031,-0.0647388502539452,-0.0116272410830021,0.0798081716789577,-0.0192785921189193,-0.0128357226762784,-0.0602135805295504,-0.0218942990667955,-0.0007127267046629,0.000651785973457,-0.0227071894474412,0.0410114853836751,0.0446649184443616,0.0050494304404777,0.0223874368626037,-0.0038923049642066,-0.0275254427194155,0.0303321487033875
Clem Turner,0.0285376889866461,-0.0049269419781578,0.0038912760138179,0.0326875351009754,0.0063900504042085,0.0047018963224559,-0.0095218289138129,0.000853625086168,0.0110656095849376,0.0134298787091909,0.0083228966672451,-0.0044042439081892,0.0112463147779171,-0.0116389291003601,0.02526199485167,-0.0100365390015903,0.0034783877819679,0.0012073654083598,-0.0330419557522594,-0.0017285666527641,0.0154341931160298,-0.0042419440619456,0.0228942358107204,0.0039436623641546,-0.0057188707616843,-7.899043428233376e-05,0.018568219784747,-0.0055561388679086,-0.007552997526322,-0.0005697701412859,0.0069976325149533,0.0130844994280671,-0.0079062175475833,-0.0048830051539963,-0.0030352515932875,-0.0225606899603485,-0.0031812960322275,-0.015545748437047
Cleo Miller,-0.0035207688240742,0.0291151637725101,-0.0050356039601409,0.0233420804048921,-0.0562833472338161,-0.0288006289591174,-0.0159011892246463,0.0060557600946781,-0.0032353356815729,-0.0108972083194061,0.0124884936768117,-0.0103758585358062,-0.0215576488305348,0.0284659379050796,-0.0247989568341255,-0.0172105196946877,0.0266683848002573,-0.0043160743363772,0.0202053189040413,-0.0466836481987558,0.0356092931644943,0.0243035097483505,-0.0100153853073816,-0.0033621237826571,-0.0180889848715145,-0.0156901781137217,0.01879125841656,-0.0221499443431962,0.0205432104602079,-0.0116201491409071,-0.0191989442156023,-0.0257223839474619,0.020669867397474,-0.0118510347914032,-0.0147067534175862,0.0502011424946542,0.0291448805676356,-0.0106330993457441
Cleveland Franklin,0.027282387757904,-0.0084460387104586,0.0025022702348037,0.0126581788292681,-0.0157412347566266,0.0367566440049889,-0.0107233758948958,-0.0244729866033423,-0.0192234553251887,0.0121943333952455,0.0480695354647041,0.001321882369966,0.0022733608601944,0.023495342834837,0.0254166534402096,0.0173757065059484,0.0038720959734052,0.0192659069198204,0.0124750895401008,-0.0079071771502087,-0.0023714779199159,0.001312171311878,0.017242712431813,0.0030139330936235,-0.0138166122887846,0.0020964910352822,-0.0140284824134232,0.0095092165832462,0.0264335353142041,0.0016684424710615,0.0224362470664076,-0.0122340902800949,0.0071339396101967,0.0149917718763145,-0.0011893209708167,0.0139377277631064,0.015123305097578,-0.0160035014695852
Cleveland Gary,-0.0267881593496561,-0.020679632692966,0.0555720567170189,-0.0088966007647599,0.0007257353345245,0.0391688161075961,0.0147208600472147,0.0113487516456229,-0.0029672084230539,0.0127192277136133,0.0005982365136355,-0.0021298025264637,-0.0068966676039238,-0.0118330411247037,-0.0092912882935088,-0.0228509956621905,-0.0588133507154069,-0.0266134737576327,-0.0365261303046297,0.0343138438539619,-0.0156815594665908,-0.0105006108013163,0.0271953039256306,0.0187816473276149,0.0426106835169292,-0.0119272028112271,-0.0058988507144435,-0.0426838647864696,0.0005529004396267,0.0136204573473911,0.045534848678291,0.0416204093687482,0.0034387403153307,-0.0145387666035261,0.020863258443151,0.061880650814217,-0.0143141705158226,0.0045734842139421
Clif Groce,0.0199175347906261,-0.0098693312902825,-0.0221058302579975,-0.0220370650637397,0.0074935086794711,-0.0050954307454305,-0.0009626386468196,0.005211890094533,0.020765909939717,0.0038739034890134,-0.0272936384673325,-0.0160330780496731,-0.0293264350701466,-0.0056904208939332,-0.0305029540268427,0.0005392009328597,0.0036599067189552,-0.0065633852389378,-0.0007439816966767,0.0439046487520488,-0.010033625491163,0.0070322662246491,-0.0505479587934806,-0.0322012594860947,0.0336762430457443,0.0285348147972455,0.0073257556103144,0.0290588845376695,0.0080912477878403,0.0096526228922685,0.0077082715876456,-0.0054096553212799,0.0307152890942971,0.0114649241149832,0.0095771316085878,0.0059791265391827,0.0481962799304618,-0.0008874160927532
Cliff Austin,0.0221810480887764,-0.0004822672638555,0.0184881697516289,-0.0246805538994293,-0.0023407729294963,-0.0376080855754405,0.0050834676200959,-0.0067539265550453,-0.0249135330801922,-0.0062390150777785,0.0134444978644426,0.014533890894534,0.0156067094423106,0.0020372710959821,0.030063187890476,-0.0058784654591188,0.0069654281646942,0.0062289307508888,-0.0288417254751263,-0.0092439850543782,0.0080349818884265,-0.0356702014463811,-0.0204272639119353,0.0200217274680965,-0.0095719346911578,0.0280236124456283,-0.0065936184185696,0.0038057738725319,-0.0212788858840981,0.0169858488538968,-0.0022232806479446,-0.0029104955514892,0.0201350713416844,0.0500369744543472,0.0010130827732352,-0.0065451128970879,0.014053523383846,0.000757471131132
Cliff Mcclain,0.0189543268709497,-0.0094263377784306,0.0304350478892284,0.0314844150430231,-0.0282195796187123,-0.0643506770904483,-0.0361778706400452,0.0098584748726393,0.0783642226276485,0.0061471451366745,-0.0282145204648219,-0.0617092603049621,0.0136291609888558,-0.0117437718323331,0.0277821139214828,-0.0135683130156763,-0.0110615617358634,0.0052513465645776,0.0026517384456083,-0.0218385229995496,0.0151467212901611,0.0110335871497307,0.0046652479570683,-0.0220145806471542,0.0137052404393926,-0.0385558270416685,0.0439063343488627,-0.0171615514169086,-0.0073888247019689,-0.0151017149664254,-0.0147865606798849,0.042021534869081,-0.0423744863706347,-0.0038182921326205,-0.005416531735694,0.0056692195172453,-0.0375010990343208,-0.0269286498689108
Cliff Taylor,0.0357564042621438,-0.0132510459715403,-0.0079444700960056,0.0298179611174313,0.0122384261594446,0.0246016478859441,-0.01012590762666,0.0042055239185406,-0.0262395023384441,0.0115416678416067,0.0120130321287036,0.0079440618643526,0.0039651258089887,0.0048796863996737,0.0244408952182994,-0.0120191247429847,-0.0003527124823986,0.0038342209173141,-0.0089782412566566,-0.0063483516112871,0.013215673054081,0.0003570008137556,0.0001039805986052,0.0038434250124504,0.0218930260417157,6.117727276113685e-05,0.0307082752206726,0.0030812358666486,-0.0058416853921573,-0.0092101127377269,0.0074593099949841,0.0205247030836046,0.0016649595466957,-0.0122362284942059,-0.0018642209031378,-0.0081765636379096,0.0011596631635096,-0.0079822288139987
Clinton Portis,-0.090059936581449,-0.05310653093335,-0.0521985204259242,0.0080241110399597,0.0507918440781876,-0.0368829440753134,-0.0011224815505866,-0.0024290929813814,-0.0221336213969203,0.0688449632373099,-0.0035610811100431,-0.0145984956008317,0.082165187858652,0.0940800027356912,0.0276217417209815,-0.0306153583498058,0.0721936498431334,0.0795997383116348,-0.0432650929974096,0.008259445995025,-0.0314495640476074,0.0938696321605594,0.1021192896525936,-0.049445182353116,0.092126328635736,-0.0041139068568227,-0.0936513010297602,-0.0299382462835715,0.026728615261023,0.0260111717677874,-0.0952062939975235,-0.0615143101822253,0.0282431350073685,0.0279294839227008,-0.0771558213787718,-0.019309844083704,0.1053433766394596,0.0406889760287838
Corey Clement,0.0118388669763981,-0.0073227465187359,-0.0328909861875462,-0.0028669713425787,0.0037203857060546,-0.0043751563629014,-0.0005970428398035,-0.0030651734529802,-0.0167820603793982,-0.0063541793831714,-0.0096572587249257,-0.0063697745405808,-0.000751495812612,-0.0259100049863101,0.0094627808363082,-0.0309520733077998,-0.0099627187549329,-0.004448161752465,0.0229309467023478,-0.0043643244491096,-0.0207640888864273,0.0031459029629429,0.002699379784239,0.0152034864438993,-0.0190274641992146,-0.0242143163370752,0.0422302840402211,-0.0077469670012347,-0.0113097936036023,-0.0170127667914725,0.0179086319763292,0.0278947813382919,0.0022649136834173,0.0158797833604527,-0.0184525624650253,-0.0224964744182425,0.0112823786225859,-0.0003225834855448
Corey Croom,0.0249594462711788,-0.0150561631627752,-0.0076458274050927,0.0099285309848178,0.0275869919928978,-0.0048935444842341,0.0010407767716912,-0.0037592129122227,-0.0297221406278287,0.0060802360581616,-0.0039309306636466,0.0011094708332813,-0.0032297923342109,-0.0011230462963495,0.0062798216856138,-0.0251592193218698,-0.007976822569849,-0.0021935879776585,0.0018134998891189,-0.0376885325787652,0.0161838170465941,-0.0133655857098494,-0.0117084695320065,0.0020233924211807,0.0123950290878261,0.0110267374675036,0.0114688488644869,0.0169149049312539,-0.0040219740150762,0.0115986234755643,-0.0034081803208454,0.0204309016123208,0.0085137096503247,-0.0125717709325377,0.0010396270535858,0.0041629027936022,0.002644742658926,-0.0117628917507854
Corey Dillon,-0.0805168640278724,-0.0634179861885848,-0.0246433500013854,-0.0041350619671512,0.0068111843308709,-0.0145025928008423,-0.0297293954129564,0.0168019458054181,-0.0037572567742951,0.0262877218334772,-0.0260950556475899,0.0162829629961285,0.0532016775103845,0.0776908485123403,0.0085248768331504,-0.0105531585382882,-0.0160654402509465,0.0539808939123135,0.0150268657211665,0.025544201222031,-0.014430915441939,-0.0387171729560127,0.0153933771764078,0.003314564954915,-0.0652489486070128,0.0156182600274038,0.0826222007975202,0.0639561676428671,-0.02503801396039,-0.0172929945666927,0.0852133988774833,-0.0633491372142103,0.0374031970588634,0.0822447927023788,-0.0205746336897526,-0.0233946854349003,-0.0235213215834363,0.0194432292735498
Corey Grant,0.0153671203738662,-0.0140271382836187,0.0413549230119553,-0.0097866288049633,0.0097260356766879,-0.0254997813358318,-0.0420885470179678,0.0117081436613943,0.0032326520284649,-0.0233707000421401,0.0565712248562838,0.0326587674901523,-0.0089113941363826,-0.026636879868461,0.0236909098301073,0.0156580135547647,0.0052589698808098,-0.0152111990293575,0.0643832073176805,0.0087814168604489,0.0428994755969052,-0.0127861577614631,0.0039627975005037,0.0371040434558506,0.0239653746668513,-0.0105183341228415,0.0097435559631718,0.0042648857435398,-0.0050494513901692,-0.0124569406020053,-0.0028655092815084,-0.0363649681879115,0.0151128384221302,-0.0067795321587117,-0.0033302426357486,-0.0047607712169584,-0.0312525332514052,0.0035744752178428
Correll Buckhalter,-0.0104877271464868,0.004393509297862,0.0001850627774606,-0.0174501728122421,-0.0049480628228665,-0.0012799042167144,-0.0498499882045189,-0.0661139791288138,-0.036273755928602,0.0752188484833345,0.0267945213043964,-0.0081385735938226,0.0269194581829372,0.0210607620222039,-0.0003819917770454,-0.0257832484665195,-0.0189191644254712,-0.0118443025606972,0.0115040821046677,-0.0257126777255403,0.0017559710104365,0.0058977293167165,0.0072744228523747,-0.0186687658967246,0.0154571927504107,-0.0030370572144024,0.0250460406008429,0.0019784648059691,-0.0588840959522539,0.0319110970932434,-0.0214429966772306,-0.0187264423305807,-0.035745461995464,0.0039518232880877,-0.0392454426479508,0.0842015411636305,0.0248191002880642,0.0399327260545272
Cory Schlesinger,0.0076215257162823,0.0325393855355672,0.0172093781967002,-0.0565737905758321,-0.0221693996808606,0.036314828202368,0.0071832034524369,-0.039556352599986,-0.0202061610029856,0.0504449499089565,0.0771034399032039,0.0233961119853145,-0.0119908168943515,0.0478487362857625,-0.0185633852962351,0.0532243060605737,-0.0307933849605229,-0.0029814784584002,-0.0173417791043062,0.0497530486884039,-0.0555718190858904,0.0447263323033057,-0.0421212667695493,0.0093559041134765,0.0124391995518939,0.029151948174382,0.0290146881195601,-0.0280214719588129,0.0138614313096223,0.0010513810069828,0.0147975636244406,-0.041960545185242,-0.0550176375902228,0.0243783237484085,0.0585446327525087,0.0218398669571279,-0.0088271789362501,0.022465959413554
Craig Heyward,-0.0250011195541306,0.003290170631267,0.0068473661399206,-0.0327744497117616,-0.042328921895099,-0.018278398286873,-0.0024061134455055,-0.0462594368244006,-0.0193477056283919,0.0498058843948111,-0.0246823529106466,-0.0126017049369385,0.0335401623239159,0.0670533541754173,0.0043327079644022,0.0058238525898799,-0.0157438967857879,0.0188287789418429,-0.0082663368644764,-0.0097542402634029,0.004054526935993,-0.0394557414059913,-0.0099978216877443,-0.0064108227434751,0.0091073231306749,-0.0065744658308559,0.0196917992055503,-0.0039540267159363,-0.059317400555521,-0.0141507463638232,0.0061222223244964,0.0008998836072299,-0.0246601544731537,-0.0572235964088136,-0.0316458543581128,0.0598547793710513,0.0053580813601435,-0.0200226206433256
Craig James 2,-0.0259814357737108,-0.0305586729853013,-0.0220193413329696,0.00602778385541,0.0302587274984146,-0.0251630038712769,0.0120444180286049,0.0868397312076556,0.0225233222539757,0.0330370061888002,0.0041719630889263,-0.0196797143205652,0.0083791025749204,0.051280172170376,-0.0137918406646395,0.0344433528493965,-0.0272379261851029,0.026164482848962,0.0169534372774919,-0.0149475893071833,-0.0012233992101987,0.0155987043966421,-0.0196775838929834,-0.025858903952759,-0.0430587253255468,0.0129039962553439,-0.0289033348579737,0.0322469562394732,-0.0365100757148035,0.0098505991406268,0.0772586176928202,-0.0721257210181954,-0.0297160975587561,-0.0146899781669882,-0.0001032898809873,0.0154902524830903,0.008840303850876,0.0011448751325171
Craig Taylor,0.0151596933259542,-0.0064479197538176,0.0252826821289498,-0.0091814281794049,0.0290535021315721,-0.0162701858334116,0.0197253143749757,-0.0228588912759852,-0.0024768006721953,-0.0167749218911626,-0.0048674799972879,0.0122302181985632,0.0403247140528544,-0.0045667059060741,0.0152141236208606,-0.0273599777843848,-0.0300999848191084,-0.0080814964080211,0.0242294789918277,0.0011835518816557,0.000234355253648,0.0069626446812788,0.008930480003305,0.0110918579198128,0.0029290683570419,-0.0075281227122694,0.0135166591934625,0.0060562745433643,-0.0036117354896867,-0.0161516814200068,0.0111307325353732,0.0399463806106284,-0.0055566333952021,0.0059546374062097,-0.0060737310996069,-0.004956319666771,0.0008926386035018,0.0092627935902894
Cullen Bryant,-0.0007221616814922,0.0279914669514749,-0.0517338642013333,-0.0142030746433244,-0.1019775413012435,0.0170732267344659,-0.0130485069819926,0.0146784923886588,-0.0275436279698794,-0.0192131307605971,0.0318902678793635,0.0157851010365524,-0.0002797924493306,0.0147527265067513,-0.0526451464210307,0.009450429512024,0.0080852935661459,-0.0340385755427688,-0.03975127887011,-0.0238433299626312,-0.0095067256113827,0.0028794543604011,-0.0360561536439482,-0.0014420429733488,-0.0155533334063153,0.0085378259567445,-0.0284940443763915,-0.0370895375309421,0.0185659199833533,0.016920229260665,0.0030348762048511,-0.0084636672220531,0.0226473491904591,0.0404894183435065,-0.0073379393913194,0.0274007914860606,0.0231094572259768,0.0100812028294819
Curt Warner,-0.0613841094786289,-0.0476117646145008,0.0143640463742801,0.0049857574121911,0.0030006296555258,0.0173366941744874,0.0573712363299877,-0.0348710732476515,-0.0217639642143043,-0.0193075584618416,-0.0254063256846835,0.0042616850273736,0.0316579614224568,-0.0040910090927007,-0.0482766914499757,0.0233589716813172,0.0227751956455343,-0.0806003976012751,-0.0215697137127673,-0.0100674859367906,-0.0243377184596242,-0.0813772701818265,-0.013959281404122,0.0415663592877529,-0.0195214657557684,-0.0379702543687206,0.0293254592367527,0.0196090232177724,0.0469117979943519,0.076120245592574,-0.0561363927638835,0.0088899467582207,-0.0263068203254235,-0.0594600870242219,0.0122436109968527,-0.0422460403259837,0.0462044731962432,-0.0624997446883045
Curtis Adams,0.0149923101204367,-0.0206729335144485,0.0205023155686185,-0.0035359264007608,-0.001642012494277,-0.006584615238742,0.027685558955711,-0.0052163681978267,-0.0281980336553433,-0.0263237980570745,0.0031013097724778,0.0022113117875126,0.0204030861092468,0.0097780794077447,-0.0115860469134395,-0.0153362343952343,0.0104532526940449,0.0111026076899021,0.013293101420676,-0.0148897242811489,-0.0061073979857152,-0.0108099970781679,0.0086336020076631,0.0221316989139618,0.0134262603836515,-0.0171280767475284,-0.0176006074751687,0.014912237344509,-0.0146402806297539,-0.0174854167671422,-0.0265940167203406,-0.0202921487191328,0.0110282474141104,0.0212314128721011,0.0278349054699374,0.0099849052901489,-0.0212969695756944,-0.0027251491957057
Curtis Brinkley,0.0302403174691947,-0.0151845198982408,0.0113818317294241,-0.014293688783921,0.0098003789366499,0.0023045198211897,0.0081211832576959,-0.0132767149442057,0.0447616252787479,-0.0015860380244265,-0.0251615677928963,-0.0032839518906585,-0.0038649930743425,0.0029397542265732,0.0230740005693491,-0.0143185065473637,0.0014909125425621,0.0124272904759546,-0.0213269377926697,-0.0140630505879127,0.0034382191513058,0.0174998792359266,0.0160898417469508,-0.0080763588972285,-0.0023650252411416,0.0096626383411284,-0.0335975090433936,0.0040799393258288,0.0048801739101829,0.0062773133265997,0.0085457200492359,0.0045944586685133,-0.0115442682445881,-0.0050661176588871,0.0085019013403589,-0.0049545214014742,-0.0064175379642441,0.0023051657514506
Curtis Brown 3,-0.000172722576423,0.0232563571698168,0.005999166080266,0.0187031413788769,-0.0378602517088902,0.0036444438952545,0.0157201881725162,0.0204005516205579,0.0162370445191735,-0.022396770965434,0.0121062180017467,-0.0119776406919,0.0211569355627557,-0.0032413220805067,-0.0069772607198969,0.0302887925225048,-0.0165403343957568,0.0291931486877514,0.0084237620277401,-0.0485101354532368,-0.0116510360385839,0.0346087475761404,0.0065998826649846,-0.0384189184026479,-0.011478755214721,-0.0127952851632022,-0.0996795929305877,-0.0223606095874187,0.0727854990687616,0.0139045413904127,0.002054662626276,0.035354105340726,0.0093781649944913,0.0197585815937014,-0.0146092605690162,0.0012716778784891,-0.0014602346188342,-0.0189793759309877
Curtis Dickey,-0.0416868969327332,0.0034836263152883,0.0061745533051088,0.0142504742068865,0.0050419150852148,-0.0327952104923305,0.0232009905076194,0.0393498987047054,-0.010179951183332,-0.0253534695387652,0.026113007625556,-0.0100872040544078,0.0222199893146737,-0.012377919611705,0.0222838846100262,0.0542430075545126,-0.1068842086494537,0.0122740819907159,-0.0242424241528587,-0.0076176771377207,-0.0470648129930774,0.0647943378905528,0.0788351734646945,0.0350628883734934,0.0015405744477536,-0.0246589837215737,0.0207839634025817,0.0094295973335875,-0.054381482446715,-0.0414822238022606,-0.0304573636156381,0.0940979026357427,0.0562102277789884,-0.0027667442432168,0.0260288018685099,-0.0565876641866712,-0.0190449529419278,-0.0683303689613421
Curtis Enis,0.0055723709506075,-0.0160632739563306,0.0273856092154331,0.0158063035231015,0.024030033375044,0.0247673502482691,0.0437973062557107,-0.0236190707984016,0.0100148042435083,0.0258422512334279,-0.0106747503344753,-0.0286735149205892,-0.0024887092139601,0.0062901544378656,-0.0041413682061632,-0.0064813177215679,-0.0095617388842146,0.0278214029522408,0.0126650268491535,-0.0331227532896089,-0.0129687085813522,-0.0401669444127334,-0.0149466719513172,0.0076253461327144,-0.0182645258879459,0.0482770917308521,-0.0279580749423972,-0.028841760915265,-0.0005908741717755,-0.0082246439774165,0.0067604808307079,0.0114567521192968,-0.0161066453268309,-0.0080832601121417,-0.0338851170444983,0.0029359769076953,-0.0453104071303675,-0.0136575852131747
Curtis Keaton,0.031918792290236,-0.0183698881141294,0.0116420998854441,-0.0182352244808489,0.0044440288922145,-0.0147224065516659,0.005120164799806,-0.0064367081423557,0.0654468100742208,-0.0291508905268764,0.0061965925177263,-0.0012005801639745,0.007208006730045,-0.0013700927836112,-0.0065027601883729,-0.0034904997630974,0.0099136441309531,0.0200992456721868,-0.0314522158345304,0.018164632298072,-0.0118030622254694,-0.0049370487460225,0.0142987127555119,0.0006521866094973,-0.0032709458960477,0.0112057947852325,-0.0225610311093645,-0.0106790934136345,-0.0070454023374518,0.0074667917360436,0.0188979061899542,0.0115910319388338,-0.0051095334282242,-0.0110486674655239,0.0185653682419621,-0.0097090893077904,0.0143422995672914,-0.0083494621873767
Curtis Martin,-0.0916156699372194,-0.039099481222017,-0.0393429344255219,0.0149086804521604,0.0173390783264694,0.0074992657960157,-0.0034122443129149,-0.073862049876683,0.0040996300401389,0.033022258974899,-0.0002678907681244,0.0137209946831952,-0.0279732809470433,-0.0176339417259287,0.0022050663943384,-0.0114093984941333,0.0945945982748668,0.0155502791312894,-0.0116198988840466,-0.0397262314434465,-0.1065198230337673,-0.0015882327408359,-0.048687919523782,0.0340820074890318,0.0555928714139755,-0.0117902151491074,0.0381685000662095,0.0973376024141727,-0.0220075668664536,0.0194878257675017,0.0297506202282592,0.0473525737599301,0.0371526919899781,0.061284568341748,-0.0206810109074418,-0.0616551347662256,-0.0317221372321759,-0.0483984759493977
Curvin Richards,0.035547581932099,-0.0276193754564632,-0.0054912413581792,0.0151952426011364,0.0082895363417731,0.0462093880996617,0.0075274447792812,0.003990584631722,0.0139979503137825,-0.0116188219431476,0.0154665230922256,-0.0216135851018292,0.004551561267572,0.0083489200648655,-0.0153884580915715,0.0104554100636993,-0.0125670277186718,0.0168600988032357,-0.0148329508871782,0.015584257255643,-0.0100317937637228,0.0117661856082037,0.0198776478540323,-0.0016024287948576,0.0114997451476338,-0.0027322794412016,-0.006161835896195,-0.0170461344008297,0.0144501716252106,-0.0210089381931772,0.0309125291956843,0.0091070905851929,-0.0057730917038225,-0.0097283526176194,0.0134813459889031,-0.004353161158573,0.003963891619007,0.0074882763905455
Cyrus Gray,0.0282854127665003,-0.0064334787547692,0.0056371373453215,-0.0166784502583983,0.0127387233862595,-0.0275695547887571,0.0055799758350999,0.0035976607902795,0.0169455627172825,-0.0112404538222087,-0.0299274724715608,0.0022557089177956,0.0045930319445036,-0.0049329910512072,0.006300503704746,-0.039675158801201,0.0100004241768825,0.0055308837710111,-0.0190053048060314,-0.0287414843797114,0.0146115464394654,0.0073744216458194,0.0086066225703293,0.0021260388765586,-0.0121239149323349,0.0083596140965953,-0.0223783654440589,0.0116980767709796,-0.0138683297708014,0.00684283016388,-0.000515045760779,0.0058144411328553,-0.0007595179182363,-0.0120865404963598,0.0130338431679076,-0.0053897201233016,-0.0158003792812928,0.0066892512429881
D J Dozier,0.0053429177233349,0.0002754809876735,0.0014609942606316,-0.0314880991513508,0.0223334290408063,-0.0489007962264406,0.0389520004923954,-0.0257048879192689,0.0132663122875195,-0.0286194905359119,0.0259706688192587,0.0368793227437862,-0.001325309210835,-0.0162992852893426,0.0266212573306797,0.0413454916772841,-0.0380293061411195,-0.0132559734930816,0.0156711995548809,-0.0087686538533944,-0.0152611076132544,0.0557145509174995,-0.0323457223202094,0.028297700581266,0.0006476053564044,-0.0373681863455942,-0.0212989722514722,0.0162187972501051,0.0043959736530276,0.0092276909225971,-0.0122430098286528,0.0239769566964279,-0.01898461616951,0.0985537707171177,-0.0595269153342574,8.821360952874537e-05,0.0057560265417323,0.0020253157026889
D J Foster,0.0349095185403488,-0.0089897665773306,-0.0253102782636809,0.0178739764071138,-0.0136356526066273,0.0426152655798233,-0.013071591399357,0.0221332250002718,-0.012348318981353,0.010735017634102,-0.0033178717761502,-0.0079288947870914,-0.0011322542793104,-0.0072272966782671,-0.0006092656194177,0.024140809620466,0.0076880182325589,0.0136846560192722,-0.040221259075179,0.0123311710679789,-0.0122293633826926,-0.000275550114455,-0.0135479173946205,0.0059298243334726,0.0090183686388647,-0.0109712334280408,-0.0050129553797288,0.0029682162489248,0.0119420082082549,0.0056943411844316,0.0177665337049261,-2.9459979376427955e-05,0.0051115158533391,0.0106091460058164,-0.0091647249954989,-0.0028265425064803,0.0021994575588701,0.0138540832060562
D J Ware,0.0193020346380336,0.0001567655732921,0.0209491343464065,-0.0431503562801269,-0.0071284458076059,-0.0242996996901214,0.0155580456845864,-0.0089655168873309,0.0445587840748342,0.019976151648537,-0.0308933662273012,-0.0174781557367042,-0.0203773322709961,-0.0032750784786386,0.0397402744272612,0.0082088382217629,0.009059596161286,0.0012328035756346,-0.0396939980913177,0.0196595240394929,-0.0155469371133875,0.0136272246393688,-0.0014026116446879,0.0035563434764444,0.0119262186736284,0.0256830471453606,-0.0246520650744886,-0.0037528945179659,-0.0108795222247821,-0.0096152011259152,0.0191276389162785,-0.0326489616738109,-0.0152166975183122,0.0355857170140678,-0.0076913876419654,-0.0166593165771743,0.0174349254241648,0.0073949548094242
Da Rel Scott,0.0323151142808814,-0.0132393110181444,0.0002367833119249,-0.0044323650722694,0.0234570603681456,0.0117868353746342,0.0039832280307519,-0.0067792149960565,-0.0031887900750171,0.0076271099931335,0.0022931681515578,0.001337778501965,0.0004993882831933,0.0003262762171307,0.0076096449471147,-0.0275181892888335,-0.0155061903216374,0.0007992565228223,0.0036598878980871,-0.0047332578420149,0.0225468131687525,-0.0006719679289466,-0.0044586165744571,0.0072240017948053,0.0210081524489612,0.0129280608280182,-0.0178799449625802,0.0001571986608173,-0.010615412731582,0.0085381711067957,0.0072595117074982,0.0131760737045321,0.0018244196468945,-0.0056682322068458,0.0031006817197712,-0.0061709134363977,0.0018522327980828,-0.0076229158501889
Daimon Shelton,0.0277196318954643,0.0014214467580871,-0.047368643682946,-0.0059122094944318,-0.0406789900143178,0.0533225053140518,-0.0163730125744662,0.0200506587563951,-0.0486567329783252,0.0144282484732985,0.0185472741715075,0.0030377503569481,-0.003235897915851,-0.0178967668577907,-0.0150296256581979,0.0473712471757498,0.0228564021424,0.0247932477143132,-0.0047645422249164,0.0274588847181869,-0.0088062310146119,-0.0097832644384132,0.0228553323096728,0.0206606032328895,-0.0316423190368068,-0.0489774780256854,-0.0085282581580475,-0.0021933886628435,0.008795524732036,0.0309328826631022,0.0001772135285804,-0.0037240324041174,-0.0240769401834417,-0.0099536480440158,0.0107875053146585,-0.0089581932775721,0.0163619287052267,-0.003746029585756
Dalton Hilliard,-0.0412160259700861,0.0037532748997809,0.0059602692135036,0.0033878699945027,-0.0006256503498484,0.0254585735736319,0.0500017012885779,0.0136244604742199,0.0087972254912037,0.0310731739145239,0.0202115881367198,0.0021390207127748,-0.0256294437031704,-0.0601521943206495,-0.0044180949924681,-0.0497613745844107,-0.039336360811808,-0.0108293025711731,0.0398661919188536,0.0182216377672175,0.0285229570027635,-0.0100265917581219,0.0336981357745104,0.0394312991502117,-0.0261903705617989,-0.0571926299778558,0.0287735555262753,-0.0324434218720801,0.0588444251597473,0.0122417711462824,0.0112987637051943,-0.0338250048862063,-0.0093507443078626,0.0008727653509063,0.0064777505300825,0.0280618554791971,-0.0080018038432786,-0.017186943963246
Damien Anderson,0.029234707483745,-0.0058842693532647,-0.0092377886369748,-0.0025419747559689,0.0029958221200733,-0.0084979386062073,0.0011502526923714,0.0195820314681238,-0.0151719879234839,-0.0174186434853947,0.0023861743376358,0.011013439654589,0.0048471093282383,-0.0018402870114377,-0.0325900275036907,-0.0190845016658633,0.0273053674886671,0.0098463931531704,0.0012406720554856,0.0007962654142777,-0.0159977074510297,-0.014631176082424,0.0041772378980227,0.0379345667564783,0.0073742701625436,-0.0099836907326703,0.0010603399930881,0.0121144084512924,-0.0238351438042398,-0.0054112935621281,-0.0164523224819571,-0.0090990696007677,-0.0015151797306353,-0.0208695788997907,0.0209868238071707,0.0121616131256652,-0.012802022111283,0.0012181218904951
Damien Harris,-0.0069704200969971,-0.0450256760497285,0.0563547531397235,0.0124142878268588,-0.0238644014795134,0.0316480977037166,0.0016576846228633,0.0086913686895819,-0.0132753299482384,-0.0321876461205543,0.021567729392261,0.0111803142997889,0.0086520478983933,0.0243874909778832,0.0381880981560011,0.0106612352709677,0.0130253707752876,0.00218598722076,-0.0186569317811678,0.0210682104256512,-0.0068357060675938,0.0017822844710458,-0.0563973062298938,-0.0316102076436073,-0.0297845327045934,-0.0388256555619645,0.0226702227779943,0.0522468580702291,-0.0292738949513633,0.0213356339037644,0.0031908516692185,-0.0074457200990719,0.0053632008045694,0.0404470952558327,0.0009476150985294,-0.0033394582659844,0.0362787785503914,0.033981479916111
Damien Williams,-0.0040227043618931,0.0180243488501407,-0.0359031928356836,-0.0202305083470013,-0.030046424006412,0.0206888139467364,-0.0282681920607568,0.0496407916292777,-0.0141089437670034,-0.0528242070497167,-0.0120473394780251,-0.006990029034801,0.0003778488149256,0.0067867594992533,-0.0049909425089284,0.0317081579816235,-0.0003487743497273,-0.0506699112844818,0.0429526654062224,0.0278459739873237,0.0062084182911545,-0.0023958147429893,-0.0109570708904268,-0.0240759924281806,-0.0082303963991446,-0.006786755780995,0.0385508443928776,0.0331257364201769,0.0079456372201465,0.0206246153318961,0.0318066380229851,-0.0145255654132186,-0.0537911434979658,0.0316823695399921,-0.0142209231500034,-0.0020799651945223,-0.0421662432934843,-0.0127062111158749
Damiere Byrd,0.0238496246832602,0.0031982166149615,-0.0105866157213177,-0.0450030597614372,0.0169567961912537,-0.0070360603188472,0.0067286005719197,0.0070050026590006,0.03066880077321,-0.0012675736162693,-0.136110047004511,-0.0334072204451186,0.0029342322876235,-0.0313620104668803,0.0250835312427056,-0.0481494433207267,0.0113745556900987,-0.0528572474968283,-0.0350067423245457,0.0056473353198033,-0.015975437453647,0.0181810924215034,0.029656432662855,0.0086104484725965,0.0222340108905921,0.0468209092200153,-0.0381035174878895,-0.0013917915766669,-0.0086614632147352,-0.0008663803645662,-0.0002784526193372,-0.0309253456784964,0.0175077805450637,0.0013637783528525,0.0370073627422914,0.0393579905726742,-0.0243027575567092,0.0533659519761351
Dan Doornink,-0.0139847971099842,0.047418480491983,0.0148003592117713,0.0016955935566567,-0.0083690937377928,0.0059525366720716,-0.0007044976150342,0.0070515019138571,-0.0031991449320245,0.0196862083070054,0.0222360207052137,0.0117345927025715,-0.0163008198987545,-0.0151451346478878,0.0060292694559335,0.0275082951507884,-0.0798428061583808,0.0120914439566555,-0.0613984836644982,-0.0182699070687455,0.0129077570763006,0.0160336649531416,0.0051560063697669,-0.0136004694709131,0.0477599178178245,-0.0036058324836306,-0.009710704368948,-0.0343869191122327,0.0519176261970113,0.0171935154026728,-0.0368054612000989,-0.0162251778351962,-0.032144453040533,0.0161662970318232,0.0281283152827209,-0.0216860982105431,-0.0468487656602929,0.039178200341258
Dan Herron,0.0096623360640542,0.0230151347401381,0.0686141677064816,-0.0216921466621834,0.007954281875195,-0.1003239028209329,0.0203689896963451,0.0281480014658347,-0.092888273621308,0.0369200179030508,0.090780356226368,0.0182299391066965,0.0189077032913862,-0.0211279706783071,0.1094261419664018,0.084877257665301,-0.017375478721366,0.0535229382341968,-0.0386259834895164,-0.0082860732881899,0.0293228777480278,-0.0607476822067916,0.0034218203187776,0.1411060956694424,-0.0276953605925368,-0.0326451473492038,-0.0257974063528002,0.0507894621269164,0.0180966579751686,0.010732506418102,0.0060800384694526,-0.0550234727580116,-0.0203226637228837,-0.0266934046837866,-0.005705992673241,-0.0440339566555549,0.0310475657801155,-0.0528464317982422
Dan Kreider,0.0113532668111848,0.0213063795633598,-0.0140708546750749,-0.0714731792583534,-0.0405700352403264,-0.0460566106430884,-0.0048419329903196,0.0131067075421123,0.0160539201353746,0.0191134068266127,-0.0869008851885839,-0.0285801586557859,0.0149517891305465,-0.0344421152814983,0.0459765118562705,-0.0303635093085157,0.0260231616534654,-0.0357156788296633,-0.0569571009719625,-0.049721362454965,0.0397572710521421,-0.01696205074961,0.0381549984552101,0.0409025181064531,-0.0152255777905336,0.0281312052483807,-0.0009674783760565,-0.0072820394349374,-0.0273991441170377,-0.0175540853210064,-0.0234435963968204,-0.0403796701867744,0.0253769624016127,-0.0376498941092722,0.0100247306456272,0.0083801739641566,-0.0257858840192141,-0.0305302243294707
Daniel Thomas,-0.0045989691664064,-0.0105510648705025,0.0252846508410673,0.0105949589182923,0.0287999726910161,0.0021460283592186,0.0187830314271801,-0.0147353649749209,-0.0037056471449456,-0.0016494776933782,0.0187032320127521,-0.0304227927530248,0.0266180362003622,-0.0382576697245268,0.0078255580956066,0.0160125851219559,-0.0163946463240508,-0.0310472322251824,0.0433701941854339,0.0004182649477921,0.003254312071878,-0.0033533394801899,-0.027548765287634,0.01203726739786,-0.0067717293292656,0.0088442294351468,-0.0139601506882302,0.0210032966502662,0.0208329297083273,-0.0324460700479506,0.0022541642328048,-0.0519888460255462,0.0103489174380743,-0.0422171832383247,-0.0106266427338967,0.0158901634089379,-0.0257490985460164,0.0177936908673034
Danny Woodhead,-0.0191347099962038,0.0650555294780353,0.0045039286150566,-0.0239729820008421,-0.0055289917652159,0.031018827623572,0.0164710229435215,0.0119024168376482,0.0173751301843009,0.0337836905994559,-0.0062598428540705,0.0282112440402651,0.0452919294690915,-0.0452575877019261,-0.0670596795614098,-0.0554423227128461,0.0061419119937791,0.0261117556834305,-0.0186373967349067,-0.0101095284528589,0.0145109193419278,-0.0452294660392552,0.0029145260794171,0.0264661002287464,0.0200426730938442,0.0108492717765979,0.0362177173849386,-0.0087822707917899,-0.0065325300710925,-0.0438046800103992,-0.0226155361321894,0.0017331798498598,-0.0194380088484486,0.0158899567419131,-0.0542512032081943,-0.0181535817020785,0.0582028148011641,-0.0159341407023798
Darick Holmes,-0.0112497102407055,-0.0086632354551993,0.0138402201780929,-0.0022761196771617,0.0355238493487751,-0.0404261685427539,0.0530202271760208,-0.0276391216412084,-0.0056833504923207,-0.0043331339848404,0.010753272089207,-0.0044451245299471,-0.0218159828962861,0.0089556393858368,-0.0366767646756506,-0.0056436445527501,-0.0082945442688015,-0.0135563418905453,0.0083083320509817,-0.0216249807174799,0.0071040843504296,0.0161586394553267,-0.0249351271841067,-0.0531733203305047,0.0137598670726376,0.001274146231433,0.0061061860698819,0.0146903886434885,0.0422771264706655,0.0005455761000739,-0.0357667557528689,-0.0538592945328374,-0.0008470123076666,0.0137436252799114,-0.0306057205140747,-0.0080508926365544,-0.0530802280434019,-0.0140972858487428
Darnell Autry,0.0271197107073591,-0.0157471095504258,-0.0191838259181376,0.0212185555538492,0.0158561545912872,0.0351667840987656,0.0018597060484119,-0.0107885940733189,-0.0259544137356371,0.0258602855631537,-0.0035530211796102,-0.011748196805551,-0.0115633364955146,-0.0042740661995203,-0.0046680930562679,-0.0032537904034101,-0.0158211595041133,-0.007728767794391,0.0008432160227195,0.0099457089191786,0.0069384056050112,-0.0031139024806175,-0.0125623382240158,0.0009583857605896,0.0105851707613359,0.0263994136818887,-0.0009983917043501,0.0049002613849662,-0.0019761998171308,0.0162544803778093,0.0009443348289602,-0.0043005208447951,-0.0075064804416666,-0.0144455351368965,-0.0072554056273026,0.0094290532866971,-0.0161928014220107,0.0088865444541515
Darnell Powell,0.0365993638397846,-0.0183389457182383,-0.0111195151579994,0.0283248384759318,0.0027727702803834,0.0225170645617257,-0.0195113683657544,0.0097572368031337,0.002370184387974,-0.003798295094152,-0.0030226615921264,-0.008364337796925,0.0088636953537415,0.000947778326667,-0.0077164895302095,-0.0193237954238727,0.0040783629896597,0.0099332598452317,-0.0004467512956855,-0.0157967875078634,-0.0008907154956483,-0.0004869591344083,-0.0053192437952388,0.0002133006179183,0.012432586912493,-0.0184864737731346,0.0160691189586157,-0.0010054535327127,-0.0121049755986386,-0.0136883594025717,-0.0038562904991647,0.0113018192593113,-0.0160996659443392,-0.0168023451902577,0.0066477496248922,0.0014287770774929,-0.0161669520161145,-0.0086875830581878
Darrel Williams,0.0061097501568618,0.00440131397802,0.0280785832115741,-0.0110206910638964,0.006704116059364,0.0074094331287802,0.0117040671836566,0.0049355627159195,-0.0193620698686852,0.0087529594450341,-8.075905768294157e-05,0.0211480962154405,0.0094909800078214,0.0197438708794375,-0.0036445831085047,0.0037647694237521,0.0386286176638572,0.0105629649880777,0.0134759856444852,0.0136446751715009,-0.0172875096603642,0.0319492168997507,-0.0021630698175701,-0.0110531218937666,-0.0026381806129535,-0.021938343178093,-0.0208793636247014,0.0421160045559206,-0.0365857279880701,-0.0122040882109311,0.0053198066003911,-0.0096163657413421,-0.0368572556120157,0.0134232945366769,-0.0335018449805,-0.0242931196124226,-0.0436187218628187,0.0083803965638827
Darrel Young,0.0058908969567768,0.031678214407294,0.0290016315376489,-0.0945981874154991,0.0189540210793381,-0.0366026551020911,0.0653212484439,0.0025361430991569,0.021948446460098,0.0162508085308631,-0.0226818566739053,0.0770093377712577,0.0456376077426572,-0.0429984680241278,0.0236568682110854,0.0863662855717868,-0.0367883891502482,0.0115896980346774,-0.0127616557993815,0.0665417062315849,0.0059713688371371,-0.033154214102464,-0.016565314140768,-0.0421829083470067,0.047228257379989,0.0065927345858382,-0.0295758834445288,-0.0366310965521444,-0.0442668586851906,-0.0688065001489922,0.0265149635607341,4.438184132673703e-05,-0.0113922631735586,-0.015908636602205,0.0393012897737442,-0.0143413711265106,-0.0332368318897559,-0.0496039089334624
Darrell Henderson,-0.0026044352646466,-0.0073691802128471,0.0255226115242895,0.0076018467612908,-0.0061531032300918,0.0073079223846658,0.0223770164267353,0.0169745814663636,-0.0090161125268751,0.009311066707534,-0.0077699374834401,0.0432382404266714,0.0115310935351035,0.0106214601167787,0.0130863052398087,-0.0251750499426913,0.0409612567686443,-0.0005398640145616,0.0155310123163031,0.0094060541013221,-0.0267257625563817,-0.0444356018049457,-0.0345220833990779,-0.0265307378685072,-0.003670711753015,-0.0029921484804059,0.0101077157102202,0.0251824440489299,-0.0176886259349861,0.0105993768760875,0.0134768148779765,-0.0143857822347121,-0.0243348686880659,0.028001417316566,-0.0458345580207245,0.0257746079112415,-0.0309218292472232,-0.006081016321987
Darrell Thompson,-0.0089071630903209,-0.035525957014309,0.0292004910194476,-0.006439491371047,0.0093034690341537,-0.0011360542050092,0.0031399105067832,0.0164793720045962,-0.0079976179480868,0.0296974011996646,0.0261505838801932,-0.0408917505716573,-0.0214174069589527,-0.0447823928414301,-0.0034729562963491,0.0730090712876638,-0.0173523555243357,-0.0188961458395193,0.0408372915199131,-0.0032939306307934,0.0110683248432488,-0.0002940374708661,-0.0377287771973935,-0.037440805907682,0.0530461979822072,-0.034133607344873,-0.0441650361655525,0.0242691980079609,-0.0324772629671973,0.0340383957583353,-0.012225855766942,0.0042814266426209,-0.0143706510847415,0.0240451263977705,0.0185786474432304,0.0257122376930663,-0.0105979100982394,0.0111009077792098
Darren Lewis,0.0243372357582408,-0.0199802203711805,0.0189924463065466,0.0084350824491828,0.0121322126727553,0.0221077284833116,0.0168288627529129,-0.0003696575678865,0.0072277637217996,0.004375153794711,0.0119438087363134,-0.0163202193577725,-0.0089906476784899,0.0087331252938434,0.0229046783790527,0.0137719467495802,-0.0115591182631308,0.0170003387366189,-0.0041386947756275,-0.0001905542518823,0.0003072376467154,0.0126439367713113,0.0276478103373561,-0.0182476283646909,0.004308665893241,-0.0024902823425222,0.0054036436892806,-0.0092135765880877,0.0067199231647331,-0.0023161241989864,0.0202944258673746,0.0232503220243574,0.0035115216727228,-0.013974115650309,0.0202168594297082,0.0051015654678323,0.0147209266365513,0.0165532883573769
Darren Mcfadden,-0.0474881360125854,-0.012156161866149,-0.0393317742938773,-0.010574050094562,-0.0004096844897435,0.006037931186183,-0.0450608714178382,0.0517666937372999,-0.0146794416246693,-0.0246430582008158,0.0180575753950476,-0.0206320750784496,-0.005880205911452,0.0135158469621205,-0.0209358714075896,-0.0054543760144506,0.0268253590937104,0.0712684288892536,0.0205256164037361,0.0181705955466259,0.0289935396397832,0.0159969181746332,-0.015099787347103,-0.0064927171846389,0.0294096312837755,0.0478234509574199,-0.0466067629217745,0.0560956111594832,-0.0700938774990268,0.0553639557906074,-0.0140978374185295,-0.0026433156518651,-0.0653420334473152,0.0685768759965984,-0.0344060456847354,0.0584535356241229,0.0759985312701721,-0.0293734182474976
Darren Sproles,-0.0362252849235483,0.0930649334764484,0.0110793157979112,-0.0507847956108256,-0.0508452159734055,0.076927646354661,-0.0026912438940653,0.0529304516367835,0.0717868216333117,0.020251309959437,0.0338873851097605,0.0202812803988587,0.1045620362185404,-0.0822692890020846,-0.0280107976828354,0.0842200694612088,0.0110594354974791,0.0160044224328719,0.0247342221778828,-0.1753564195302134,0.0201297266302546,0.0320262900373229,0.0301208178438353,-0.0518956637525648,-0.02233452496674,0.1570447581637511,0.1444150691132718,0.037971573460903,0.0545128836715517,-0.0232462022756388,-0.046429759546998,0.0080831138402116,-0.0050376180031706,0.0650816806018772,-0.0012403224549939,0.0741132607514993,0.0566796472418718,0.0113624326598148
Darrin Nelson,-0.0366456650397288,0.008337252766136,-0.0190906743456513,-0.02964389253997,-0.0253791696065927,0.0017863297619661,-0.0221405715740128,0.0476571475420138,0.0074227460654569,-0.0230126716581966,0.0403448494439868,-0.0336363036091839,-0.0795404580208669,0.03318519428057,0.005859549721685,-0.0419852996415416,0.0032905228650211,-0.0095806674438826,0.0164418433666429,-0.0369653019095662,0.0050595747627743,-0.0432232781005537,-0.0300332882170283,-0.038205751477183,0.0181551970728506,0.0207926277512434,0.0483200257904341,0.0429053552033023,-0.0471362890766633,0.0095853421227794,-0.0034301847384052,-0.0138122669085096,-0.0096355165987536,0.014256704662818,0.0385872533618118,-0.0228040760579437,0.0577021785651206,-0.0197440390903577
Darryl Clack,0.026059279599938,0.0047968907524617,0.0084077289414311,-0.0134680072209521,0.0137990812512257,-0.0204810289677115,0.0021222279122446,0.0048809088120878,-0.03101936640777,0.0117911301893474,-0.0072586700423624,0.017128863250533,0.0112168537463455,-0.0001750575330395,0.0033207366933608,-0.0391617312470778,-0.0005518657700827,-0.0149788078213635,-0.0100500882759534,-0.0137048699830734,0.0097028116534984,-0.0080020914390046,-0.0165230888083315,0.0182799138253003,0.0246211739080363,0.0264629206214413,0.0023400358905033,0.0138244353485384,-0.0075928481640407,-0.0102615714199513,-0.0110998079721774,-0.0118706435244694,0.0306100626724257,0.022623339343888,0.0211905197886311,0.0178380743009635,-0.0268591115116986,0.0273708164398258
Daryl Johnston,-0.0066119594295136,0.0525809108111157,-0.0184713141758958,-0.0632728853498222,0.009329249965239,0.0178192518971614,0.0176456599001024,-0.0180067935974983,0.0027499288557052,0.0036325753193144,0.0056638747186696,0.0068731034809656,0.0037793452602888,0.0002933205558212,-0.0277266359572482,0.032104271754336,0.0141791908905986,-0.030873173844153,0.0045307366795559,0.0231290320505543,0.000287909715546,0.0148923523610687,-0.0508389802999242,0.0333906042353197,0.0380032315113812,0.0354309619309084,0.0012677761472439,0.0015237946590038,-0.0227970840623318,-0.0073304362006298,0.0196185961273541,-0.0062774902860619,-0.0074036641378868,-0.0200540227669723,-0.0264326784443692,0.0231766434280462,-0.0037498063092742,-0.0300916504942231
Daryl Richardson,0.0141318532194453,-0.0181736217107728,-0.056983543727361,0.0110244941198532,0.0193808888297627,0.0012280261856663,-0.0236370884819499,0.0478856562924819,0.0011617473173948,0.0181922655475394,-0.0363908741107604,-0.0067861231953129,0.0028594431048268,0.036320843096202,-0.0434380704946872,0.0422327990029018,0.0226046767686918,0.0249955720317502,-0.0015940107829376,0.0050446074503082,0.0225054376705402,-0.0112516280296853,-0.0147569170073062,-0.0077095970231286,-0.0245352777182001,-0.0121264319259924,-0.0234250741119522,-0.026078713577812,-0.0166991627490306,0.0276032456107589,0.0021807005994932,-0.0438519398948265,-0.0042212880578933,0.0001302797556862,0.0066443564268274,0.0179599123742236,0.0213522915494911,0.0055709834865493
Dave Atkins,0.0404130663908362,-0.0259044399216405,-0.0155579549155673,0.0284266853987177,-0.0025211181378252,0.0453190893254482,-0.0198481618071479,-0.0003415844058481,0.0442168220571719,-0.0051095887230077,-0.0064147486471146,-0.0151595314418429,0.0074504204248019,-0.0047913701717126,-0.0014225448662639,-0.0123170483196551,0.0119395186440907,0.0065316784610564,-0.0347453833824466,-0.0030126701243075,-0.0076432777997768,0.0229400802396721,0.0149751824690118,-0.0141596770460935,0.0001952134257508,-0.0257423665081266,0.0045782406375854,-0.0078194212572803,-0.0052918492977903,-0.0025105897875767,0.0019053276800965,-0.0010950286090265,-0.01815950132138,-0.0183929747974389,0.0054174823222663,-0.0122553682259445,-0.018101505672248,-0.0111615024162199
Dave Meggett,-0.0245444220242374,0.0606200131321786,-0.0318157518549737,-0.0451130245351824,0.0109336330656564,-0.0230046380467913,-0.020839590555455,0.0146143153593584,-0.0122344263920502,-0.0474145463104432,-0.037577315224836,-0.0643747733264552,-0.0384630801223097,0.0577032355628383,0.043217056899615,-0.0021496128868755,0.0202628667020561,-0.0176799924420185,-0.0054409634501429,0.0207453548136698,0.0062211327694375,-0.0131926393806653,-0.0355556687438355,-0.0410542325549784,0.0498709024497301,0.0012715175055402,0.0267302055383877,0.0380374460199333,-0.0402411693010655,0.0015088704187368,0.0090256761636523,0.000692579611185,0.0227975177873775,-0.0196827072784359,-0.0178474873649718,-0.0100715216541404,0.0605694004281658,0.0060586523315703
Dave Preston,-0.0011716116861334,0.0311927527105847,0.0206172894986679,0.0267283739071473,-0.0070237700347836,-0.0039056770362927,-0.0009602494016745,-0.0140852392362414,-0.0063423745342546,0.0026003210340878,-0.0013188854900036,-0.0328790865608569,-0.0196914565081301,0.0264979625779652,0.0192638899040838,0.0086183814709053,0.0296338580514766,0.0084478913318332,-0.0324912883076957,-0.0028280099490762,-0.0142746593071694,0.0209556258192276,-0.0146930323516573,0.0210906112471498,-0.0262225577786159,0.0237132971993772,-0.0239976987792216,-0.0055423318839925,0.0139808833127131,0.0017104987627505,-0.0071444101752635,0.0178528480871406,-0.0155487075139284,0.0190086419984343,0.015594768588936,0.0232506683255299,0.0345437985012111,0.0040576530008479
Dave Williams 2,0.018123615102397,0.024852883116404,0.029865451386005,0.0114755995753719,0.0070230704415769,0.0363017663270301,-0.0110662380651015,-0.0189988211087908,0.032905063590406,0.0593759826765782,0.0352359647310957,0.0154792993081466,0.0294097564345207,-0.010009114417083,-0.0025146092752734,-0.030542880523907,-0.0366375650110956,0.0142135069364478,0.0001103402652041,-0.019583522771886,0.0042892538917947,-0.0015705154044695,-0.0004403946974578,-0.0178729237751905,-0.0642840360815983,-0.031538929449521,-0.044445975624286,-0.004565720128852,0.0054343891757826,0.0197462961441534,0.0101321540821195,-0.0255065218242151,-0.014666221894938,0.0545548549165873,-0.021150473769071,-0.0181522120627493,0.0127687062520291,-0.0431876130812648
David Hughes,0.0020979073857754,0.0221559137842574,0.0022433529659442,-0.0181723303155786,0.0201095376423055,0.001775057462636,0.0241785724281612,0.0009715280372471,-0.0075800061595583,-0.018877031106416,0.0055832157221774,-0.0305821681917757,0.0155823679375412,-0.0007351666466472,0.0092463125759482,0.0358464778216606,-0.007443252016391,-6.847634290373871e-05,0.0141540301879286,0.0085032470732472,-0.011200636722331,-0.0285280497611612,0.0248330860072728,-0.010685554480433,-0.0051028847577533,0.0341055071639665,-0.021577371391927,-0.0098925266593487,-0.004707610037886,0.0096093119498134,0.0154475341596033,0.0213362477477634,-0.0283381713775705,-0.0197012167762457,-0.0019589561148318,0.04157736032002,0.0027633260555016,-0.0052211867380952
David Johnson,-0.0478772295496061,0.0104305159694664,-0.0559495364605989,0.0144437987085717,0.0460347249391131,-0.0014108144193823,0.0101412644023991,-0.009631548743837,-0.0160351290007002,-0.0085709060912822,0.0131062230262014,-0.0203912732436394,0.0269217158335097,-0.0448866358980885,0.0520543912446256,-0.0354337256305896,0.0100761035346374,0.004825284577376,0.0166008297539427,0.0352649932845362,0.0336347667445334,0.0409022827611918,0.0201576068859971,0.0686868384903744,0.0518248272989551,-0.0454110685229512,-0.0136394003708616,-0.0383193127083745,-0.0184172647843016,-0.0278636800205068,-0.0574416413983867,0.0415824328701788,-0.0331648607020464,0.0054663312560647,-0.0321213446882424,-0.0842105662897205,-0.0368302748062857,0.0511296524945966
David Lang,0.0009253434048114,0.0074597869940134,-0.0006547475264807,-0.0071008785580579,0.0257182685990852,-0.0960868932031311,-0.0198387881267671,0.0458728073821753,0.0003065209404307,-0.0299596636777982,-0.0215135618418607,-0.0130697901798222,0.0264714860361649,0.0261382367065223,-0.0393700249258181,0.0070882412433497,-0.0057489754632685,-0.0429109991740036,0.0253920203817521,-0.0332839025798215,0.0275833823591365,0.0424964440896759,0.057246486146335,-0.0130483883596622,0.022830562094417,-0.0677118906112218,0.0421447530523251,0.0116460749334047,-0.0173391900152849,0.0157842654188519,-0.0400704106221631,-0.0089020731946918,0.0422723903968193,-0.0228175871707753,0.0268409046638954,0.019804335943555,-0.032589938827681,-0.0251142628371274
David Palmer,0.0160360370535272,0.0310293563391526,0.0121316692723459,-0.0119334448911623,0.0078589175768101,-0.033318984816847,-0.0087656683075603,-0.0023777236458304,-0.0511404652087831,-0.0045116131043891,0.0609840870503103,0.0166092814789021,0.0013761586433895,0.0335843258372067,-0.0475715935974486,-0.0462712157537171,0.0062718202704805,0.015025143061209,-0.0220407950317824,-0.0100869056844631,-0.0095422634186315,0.0366997327963238,-0.0055679957764748,-0.0092787511520265,-0.0270956874269421,0.0160664074312355,-0.0061860408297013,0.013674783603577,0.0256941445861068,0.0290603414413465,0.0151864766844058,0.0169602267710348,-0.0099480824467411,0.0014862024276893,-0.0096605664743311,-0.0110832387719995,0.0266729256967503,0.0237940730435754
David Sims 2,-0.0016502501418008,0.0317613336252376,0.0171757970746925,0.0634074417732213,0.0309289280542267,-0.0150173433385949,0.0175775266664109,-0.021119946434137,-0.034880825267925,-0.0127107684714598,-0.0224668856981339,0.0311280118530356,0.0624126825863481,-0.0149542384362688,0.0281239162342259,-0.0509670020951285,0.0118565821774043,-0.0720002260682703,0.0125096968238653,0.0502014535038671,0.0029214152900439,0.0905786565185187,0.0314415333010613,-0.121233476815268,-0.0142576120333323,0.0045683048568652,0.0200766259554132,-0.0479930671053884,0.0162809569957941,-0.0102074729165759,0.0400950758525634,-0.0115637159916178,0.0432271430596748,-0.0162477404395255,-0.0173983672679269,-0.0458745617545312,-0.014702571079238,-0.0232770124310093
Deacon Turner,0.0237557734740949,-0.0100271166292227,0.0093298301528032,0.0393166205844811,-0.0014540167638099,-0.0166409556090108,-0.0230828424633968,-0.0014001946711778,0.0202835787157211,0.009677107346051,-0.0046250001880061,-0.0181079004877065,-0.0047256374008933,0.0074404834736564,0.0069200044329554,-0.0016564455720295,-0.0164039075597707,0.0101184435550822,0.0383350348243406,-0.0160351053287236,0.0113095839324908,-0.0437833311891695,-0.0046270472330702,0.008559650236301,0.0055093954388106,-0.0206559959919795,0.0208913071971475,-0.0009966771681129,-0.0275796308926028,-0.0217146521282185,-0.0096389670279512,0.0179439905099352,-0.0309555634125348,-0.0246288309618903,0.0052572250506843,0.0052469633517849,-0.0180234893235314,-0.017545190023512
Deandre Washington,0.0047749914466345,-0.0135597756003488,-0.0072947613161453,-0.0031041306382294,0.013968177628395,-0.0101449460683912,0.0161714012674191,-0.003211095003163,0.0066993654224802,0.0221742683309395,-0.000328690305363,-0.0282810076281224,-0.0121447523571936,-0.0117369378811943,-0.0006016011020704,0.0124462932241615,0.0173947496942092,0.0007144771798547,-0.0241329657600922,-0.0176969461295814,-0.0063334359862548,-0.0174746923763091,-0.0377984595167091,0.0069144373703022,-0.001855963413573,0.0033429770027779,0.0205927670023061,0.027708890390967,0.029527021470817,-0.028787885381065,0.0365901898201181,-0.002574043666115,0.0160411468453571,0.0385216024900434,0.0550912455045005,-0.0050733516445987,0.0311390456387093,-0.04446838414109
Deangelo Williams,-0.0619946266148819,-0.0115894928395605,-0.0023941555294297,-0.0134361707808805,-0.0040667011745676,-0.0185002686659174,-0.085847924230057,0.0202030069276548,-0.022170015601872,-0.0061858315659327,0.0052204858296898,0.0322299429628405,0.0099479122277094,0.0284487429333726,0.1056662109078898,-0.0409484549946468,-0.034809577285529,-0.0041110934948261,0.0023971702581395,0.068993479804161,-0.0553147474449467,-0.0365208861290583,0.0285462153343987,-0.0752602972592799,0.0428695500113506,-0.0049984577092878,-0.0558992361404618,0.070790077501809,-0.0177221406999725,-0.059423917638796,0.0092352919410915,0.0111701197370081,0.0088148955598222,0.0004273488956747,-0.0772716356075879,0.1251665895704495,-0.0050521528943478,0.0098370309478454
Dee Brown,0.0241067400825143,-0.0171103286874973,-0.0409914796251426,0.0127436138831028,0.0214092724473891,0.0320795313243361,-0.0043139459722635,-0.007990465881068,-0.0060189846737957,0.0292325217215497,0.0122609827127454,-0.0312608022109828,0.0115621226419532,-0.051947916660927,0.0051302001359451,-0.0018912535535768,-0.0121857867593901,-0.0418284438346649,0.0167114659143206,0.0150568893797306,0.0409141095491529,-0.0005133306499213,-0.0131808120810946,0.0115972414286049,-0.0044851435908698,-0.0023618443906146,-0.0020825530536135,-0.0145126938369322,-0.034214332921977,0.0341155903311581,-0.0145161135397967,0.0138585978560842,0.0297503736766124,-0.0051162757465342,-0.0180476013492684,0.0052294201984802,-0.0048307471915712,-0.0404912328272701
Deji Karim,0.0266132694370768,-0.0122184697843547,-0.0108438817330673,0.0014642634468757,0.0040872197436966,0.013285440777102,0.0079635799775203,0.0086846819019376,0.0042188933362134,0.0062295057048196,-0.0113073450064071,-0.0090856765489525,-0.0122075694166461,-0.0108694473782712,-0.0072341019561684,0.0074334774416921,0.0090998236597108,0.0169211051568281,-0.0073106454952883,-0.008736823786311,-0.0021662926936078,0.0021981273262071,-0.0182965066307432,0.0128159270293233,0.0046019260617158,-0.0090526487623747,-0.0240086285634413,0.0056078242977572,0.0011328802714542,0.0043484629048775,-0.0189858749378958,-0.019539968856781,-0.0169617089019465,0.0005327388113998,-0.0048562891508954,-0.0137748450432847,-0.0213340149712156,0.0037079948805156
Del Rodgers,0.0249514416098033,-0.0109823819005831,-0.0303930540867815,-0.0039192366530742,-0.0034222273830193,0.0117282070100549,0.0033850215298514,0.0025705338308697,-0.0269464629499084,0.0190219401276293,8.86322810702942e-05,-0.0077829736003551,-0.0102386339468049,-0.0259293312606891,-0.0035497455805508,0.0123567329127339,-0.0068206218926714,-0.0054492325152932,-0.0019490531635898,0.0075638349175185,0.0152547224323818,0.0075313059136138,-0.0150199609004543,-0.0053451857208875,-0.0083906839198277,0.0313283580553479,0.0006996337310269,-0.0194209493058059,-0.012923097187142,0.0211545636260709,-0.0048273957211513,0.0236581604773946,-0.010969698990394,-0.0001845909169856,-0.0178653889154991,-0.0101950911866952,0.0076250464113906,0.0003408067391081
Delvin Williams,-0.0298177325404475,0.0321313274644059,0.0365129044585677,0.0687811474460364,-0.0722237459988369,-0.0251876124914731,0.0322304640363558,0.0188032493133031,0.0203425387241475,0.0074996944525335,-0.0507084239116881,0.0201954151435364,0.0437382220004339,-0.0136173406245549,0.0081345450231994,0.0107703649490244,0.0168208902944763,0.0277169015710757,0.1337426087680215,-0.0162516590266006,0.0388519258197961,0.0273140818791462,-0.0128668323171118,-0.0565840930453139,0.0430945052032717,-0.0125437504323679,-0.0024772298955609,-0.0185789083260391,-0.0220860291388346,0.0049980047374896,0.0008283920580812,0.0373963930167352,-0.0226842622432043,-0.0013445204174318,0.0744307992290581,-0.0220312396515052,-0.008219361511085,-0.0836556946440004
Demarco Murray,-0.0756817874218818,-0.0570836211049514,0.0678097759787253,0.0036309573810625,0.0138666804158816,0.0533958370337291,-0.0362206697388435,0.0192086347532654,-0.0003637787095897,-0.0078369190620869,-0.0592248260154371,0.0143432415388126,-0.0420139863583098,0.0524151357093219,-0.0228706053774718,-0.0048486999165332,0.0209582756807598,0.0217371301981943,-0.0154853157308503,0.0247799119665323,0.0084160924219406,-0.0235415216216982,-0.0438920206220821,0.0367504808306654,-0.0737344030943254,0.0313760146514725,0.0167183057759368,-0.0010795854580964,0.0146597087743793,0.0018770524395652,-0.0370670789499584,0.0402419916645211,0.0050958044870789,-0.1145349018071798,0.0415674420228887,0.0074581990509512,-0.0411550068706402,-0.0349314052557936
Denard Robinson,0.0041556815006245,-0.0394706931629136,0.0285632416232105,-0.0016106506594002,0.0118460841661851,0.0219148857549422,0.0082984177818688,0.0006022877055607,0.0185586294467843,0.0059769605444217,0.0409264982865277,-0.1001546129407922,-0.0136974875079458,-0.0128020313347447,-0.0097150535286269,0.0133187514867296,-0.0196323701289617,0.0045719551800205,0.0269814314103173,0.0171116196445936,0.0539194313473732,0.0523623494035625,-0.0024858860900659,0.0293437928836929,0.0381703474337699,0.0191667506561574,-0.0223160615253718,0.0118507717665523,-0.015040097650293,0.0123039970458151,-0.003807038861301,-0.030998176776893,0.0411019968801079,-0.0083246636906952,0.0174372734321936,-0.007905389371815,0.0191001599839725,-0.0237042083676639
Dennis Bligen,0.0245731893985422,-0.0160024640936365,0.0100290020783803,0.0048467590702785,0.0122235655221876,-0.0117575495049678,-0.0017796962495739,-0.008337545668425,0.0072370937795807,-0.0058622137768101,-0.0043987154819426,-0.0241929817547517,0.0110653610763983,0.0064666270276955,-0.0032516403508384,-0.0274892445286649,-0.0142438831078341,0.0091435039163416,-0.0102772706385198,-0.0135221170932427,0.0147921048180561,0.0139521114223672,-0.0021785925273904,0.0047657277050517,0.0106976121565298,0.0083772229048902,0.0072540653076024,0.0147086309529999,0.0057345838252074,-0.0058346971472119,0.0077446551884037,0.0251273392988749,-0.0063368631188405,-0.0099060695372996,0.017534421655497,0.0084939267773353,0.0099505772541146,-0.0074917860372111
Dennis Gentry,-0.0102193888613215,0.0484943051931794,0.051371591287966,-0.0837742888407446,-0.0379699499200301,-0.0700728534469127,-0.0266687964349199,-0.0226565487336354,0.0394355804894142,0.0585557192817365,0.0437354491239634,1.918095858815697e-06,-0.0246660997054611,-0.0022338170116536,-0.0064090156095439,-0.0112105562268181,0.0034762793609136,-0.0642302380128346,-0.0315974016315368,0.0379011497795863,-0.0322358209097363,0.0190701191976906,0.0035586161678304,-0.0359636699112073,0.0466697269497016,0.0339817034949366,-0.0025557754137148,-0.0262921277284463,-0.0350198426164017,0.0007572156558857,-0.0386649740498339,-0.0164512118891648,-0.0113404068405824,-0.0062032933463454,0.0169786962390737,0.0625330281014429,-0.0114448384630476,0.0177412602675899
Deon Jackson,0.0291046857989826,-0.0155666740443007,0.0055877279274756,0.0183024797531292,0.0152446740755737,0.0450672306825643,0.0119309836301637,-0.0017995763252975,0.0077840232247322,0.0127485672510098,0.0075703456585453,-0.007806897530752,-0.0058491313250964,0.0086079426615009,-0.0003916238111616,0.0150177728669172,-0.0096240095367416,0.0209469437367493,-0.0012246532630098,-0.0001682927354141,-0.0077287888371121,0.0191586019912641,0.0312770116606923,-0.0017080854831769,0.0134340856058491,-0.0036192435336096,-0.0032837203555252,-0.008848424441585,0.0212312435818185,-0.0080801778821454,0.0245256360078616,0.0228680785414049,-0.0062950837332942,-0.0086380057434767,0.0046407666407629,0.013373981505163,-0.0048080739791483,-0.00140650422668
Deonte Harris,0.0122056600916089,0.0311736797549354,0.0193186656232552,-0.0192177571433829,-0.0013506201225744,-0.021482005068713,0.001240185990887,0.0422777780676944,0.0235028631088982,0.0444482582104666,-0.041317262208571,-0.0253151666216526,-0.0131224966366085,-0.043326394963645,0.0135222074878928,0.0212936834418678,0.021834780926163,-0.00828311878431,-0.0608465952643328,0.0310918366956967,-0.0232596784266454,-0.0044757449929981,0.0437194161129956,-0.0439544298821025,0.014096106956956,0.0084186257736294,-0.0098203925146416,-0.0043128835546263,0.0010398402725538,0.046082932073554,0.0451791377636412,-0.0322479010356197,0.0404093195325307,0.0330435652408268,-0.0146799222743203,0.0262847186192984,0.0055721633499427,0.03208644068331
Derek Brown,-0.0149868632403342,0.0039543681710012,0.0082749189719431,0.0187588938499362,0.0467147864060672,-0.0170564035493978,0.0165230213037685,0.012675514210894,0.0169296283178897,0.0393101999189441,-0.0031838248982094,-0.0166648706275489,0.0092061725214944,0.0119287690696424,0.0025417889661204,0.0360564256463383,-0.0141224482654773,-0.0203997005988601,0.0427816185611695,-0.0318054012183356,-0.0426660625190375,-0.013328443095922,-0.026236243681671,0.0410178697182143,0.005852432490622,-0.0015483308285333,0.0229637290523564,0.0182823822498476,0.029106839294024,-0.0157699282394108,-0.0143126071913516,-0.0441539459895787,0.0266985148442656,-0.0397520211777933,-0.002002813722813,0.031954237062107,-0.0232224696304456,0.0201265988547522
Derek Loville,0.0093274754101386,0.0129157416044221,0.0210639821950365,-0.0189407553976647,-0.044226011263384,0.032160825541684,-0.0013334841640689,-0.0304385111064017,0.0068929316709042,0.0436551482266351,0.0702525437881287,0.0281194549511843,0.0318966617379589,0.0392235714049035,0.0218004033225371,0.0452181190298142,0.0164616912025686,-0.0591256138776221,-0.0254680321666429,-0.0679710495634323,0.0329106734287892,-0.0035201737385571,-0.0290886276764686,-0.0195472399319603,-0.009022727917221,-0.0227298038093223,-0.011859489354588,0.0189356371372791,-0.0209147742154104,-0.0703848798279143,-0.0354967710739057,0.0096003370708763,0.0245129227360666,0.00421755471611,-0.021825948068123,0.0083384131375126,-0.0091678036351436,-0.0393161018940518
Derek Watt,0.0208021093453561,0.0066249557375294,-0.034722066531784,-0.0785526507281245,0.0075355761432477,-0.0091161999346564,0.033250903086508,0.0121560588985827,-0.0747440966701668,-0.0305977369484761,-0.0668643334306437,0.0660680515357732,-0.0204107565047989,-0.0012499599897519,-0.0421805575223568,-0.0324226332402306,0.0152421562385414,-0.0081993569887288,0.0663457288045842,0.008298800559521,0.0026504685637549,-0.0066569674631213,0.0385117082451698,0.0090819580887334,-0.0125698618363882,0.0132082343872308,-0.0328292515911356,0.024557590309769,-0.0001091712151007,0.0339744493104052,0.0241315156688971,0.0040356840485133,0.0183710542796516,-0.0005926671439944,0.0174412215050644,-0.0311430863371265,0.0485924475274485,0.0355852239751507
Derrick Blaylock,0.0039447966352583,0.021584589329798,0.024615489863731,-0.0158546966211881,-0.0007985882484428,-0.0297322681534151,0.0274725191702435,0.0333415825421604,-0.0214183515275082,-0.0019015611802661,-0.0086255998738535,0.0229831443780857,0.0106308442780103,-0.0131654025474336,-0.0105940473816526,0.0175836363803383,0.041271622919395,0.016881040880165,-0.0516622851416562,0.0031753432068868,-0.0175330562031197,0.016806009032832,-0.0157581848754497,-0.0503298492553012,0.0022094171617762,-0.0327221178842457,0.0090487628058334,0.018605935005946,-0.0311545607596267,0.0299594424981203,0.0256044571542596,-0.0245926885269462,-0.0023523267228815,0.015976772051869,-0.002827622130169,0.0183687966316283,-0.0135851712322621,-0.0059315227104315
Derrick Coleman,0.0326434141970931,-0.0064905305046426,-0.0229850344578842,0.0014544085815236,-0.0029901302938982,0.0324243613204783,-0.0176640149382216,-0.0045341585632351,-0.0129608193810943,-0.0154370196288205,0.027528171858719,0.0057210722841094,0.0075644562937099,0.0184184255964458,0.0098960458801301,-0.0014564616620018,0.0022462342924218,-0.0120029035275576,0.0041378518121791,0.0216987819175567,-0.0221201233472531,-0.0146434087062493,-0.0167247427139098,-0.0016505822238217,0.0169345776785185,0.0341332662307608,0.031362454606338,-0.0369895594478318,-0.0074288655506404,-0.0062738164261485,0.0137808334060257,0.0286814612306179,0.0080097728592335,-0.0140082502865655,-0.0076394725502467,0.0088190074416711,0.0145969721417652,-0.0176247968504951
Derrick Fenner 2,-0.0219313441707718,0.0099779272497277,0.0059749406502469,-0.0289640355743371,-0.0182483843664906,0.0163657009386494,0.042009353744475,-0.011907699766003,-0.000984419743299,0.0513707446396589,0.0308723441544585,-0.0022306364675775,-0.0154569096385876,-0.0156870971514331,-0.0087707330332159,-0.0832417378842255,-0.0384432735638085,-0.0132427735348607,-0.0220340985320995,0.0658994306531768,-0.0433924980230686,-0.0094784861087854,0.0372987336815158,0.0238750286847122,0.0613844568118206,-0.0657393107230166,-0.0089179998506575,-0.0534121222634844,0.0183468458777918,0.0009269432177214,-0.0105491654449418,-0.0034421003207494,0.0015684363009838,0.0014140609925879,0.0019994519096728,0.0118473790193973,-0.0209988305532108,-0.0126630930529482
Derrick Gainer,0.0311596472565945,-0.0095791165416669,-0.0140678921916829,-0.0056345785352194,0.0144481255958235,0.0054757480308203,0.0038862920742385,-0.0062263106858712,-0.0052615381210017,-0.0251809351493267,0.0119027713992513,0.0319451741001066,-0.001107415191648,0.0177263616693883,-0.0351313394710933,-0.0216616980814041,0.0023580709275247,0.0004659469151295,-0.0132452763985448,-0.0103433459385539,-0.0027636198432514,0.0090428147162168,-0.0194651924067918,0.0168150929537906,0.0091966848099409,0.0034601727045738,-0.0040439862048738,0.0116176044072174,-0.013702694293872,-0.0079135245907252,-0.0172169882486241,-0.0122399981121264,0.0016651106679169,0.0092816570206484,0.0320218681889157,0.0154055673112952,-0.0218478897307189,0.0076868464617201
Derrick Gore,0.0192418590899,-0.0183591893507502,-0.003798881796486,0.0178251630858327,0.0274243034485014,-0.0217329876577282,-0.043484925734556,0.0074417338677455,-0.0138024614856925,-0.008463091063633,-0.0105736822802763,0.0292086673723264,0.0055388302255675,0.0267168657929955,-0.021411801853229,-0.0244473300376641,-0.0108709547970335,0.0076695600469982,0.0234797638346945,-0.0565835423765464,0.0104860283691059,0.0261616205351609,0.0005426522460512,-0.0317672389957816,0.0087610907523253,-0.0259257356051389,0.0263784047494673,-0.0230393339794686,0.0010518688401886,-0.0015737075999274,-0.0054959328429459,0.0002361564618772,-0.0164049714177582,-0.020035961034867,-0.0008611331087754,-0.0049421756437905,1.78562053630444e-05,0.0055431177418817
Derrick Harmon,0.0247437669834434,-0.0124963760731463,0.0145262776117628,-0.0003971813250579,0.0104451530301425,-0.0099772950875407,0.0091867929845929,-0.0096771505815103,0.0261897936630775,0.0110212436385439,-0.0148834502909043,-0.0074315442603211,-0.0071572534085734,-0.0003784943456763,0.0274846739732524,-0.0020128954542204,-0.0055437047494557,0.0124466237997274,-0.0128899240812799,-0.0237069752468186,0.0010367029567457,0.009834800566959,0.0157494171336312,-0.0128734332272317,0.0025267739629914,0.0116405868358769,-0.0115025819248127,-0.0013576202189844,0.0091409978156415,-0.0021944109498487,0.0080526688773656,0.013827119456177,-0.0193143625360413,-0.0109517408694245,-0.0077941746317331,-0.0039542263447839,-0.024564205147515,0.0007449303289203
Derrick Harris,0.0357433321631893,-0.0150837389751854,-0.0073827193727534,-0.0107497568473735,0.0309085383295911,0.0417228424786285,0.01051287881223,-0.0147932436139684,-0.0013165735482287,0.005242783481662,-0.0133944141583004,0.0365397425208179,-0.0072070101533475,0.0109210303131705,-0.0017259061869515,-0.0196058753196903,-0.0291395152699729,0.0047014356021768,0.0170871138321945,-0.0073466092953567,0.0141764253532265,-0.0040004098015788,0.0103130738677013,0.004192461218779,0.0059160791225944,-0.018200547342819,-0.0388185438549338,0.0199983183310483,0.0103582014362445,0.0088353612975535,0.0149411107997423,0.0068184909983244,0.0081506854854495,0.0064477173101509,0.0055162339867915,-0.0080627626611774,-0.0028095451361355,0.0154734901608708
Derrick Jensen,0.0193695609069386,0.0040080207793186,-0.0280340288593638,0.0019227099045873,-0.0254204495567853,0.0188630735481787,-0.0016843870998705,0.0172054646612328,0.0010936865350303,-0.0186412881425864,0.0119774673335906,0.0128123126287658,0.0119599044517366,-0.0097966201509739,-0.0344017794054768,0.0121604632280209,-0.0008135698184906,0.0118887592597223,-0.0098780846140382,0.0211572605611605,-0.0313399975301181,-0.0119870126997793,-0.0233947394449206,0.0170691179327517,-0.0491522992466329,-0.054228282472476,-0.0248844415822668,-0.0177754721409638,0.0148014201018737,0.0105610040526471,-0.0098630067928532,0.00554203435883,-0.0128904516416955,-0.0339454989083721,0.0014772035664655,-0.0144634176716533,-0.0261538261520739,-0.0038519925656203
Derrick Moore,-0.0063178329492881,-0.0385645198023875,0.0215670732131787,-0.0154593366314584,0.0599746532218858,-0.0124645885683595,-0.0099999072122418,-0.0392782150939641,-0.0095053265310295,-0.0179887461668739,-0.0233241384132847,-0.0152479006228677,0.0561931372310948,-0.0314867998901375,-0.0057091036130774,0.0378958555916665,-0.0264944166415871,6.674823863163479e-06,0.0387321547851193,-0.0028631857576785,0.0514219082058777,0.0143053645954135,-0.0360659309485556,0.0303231905355629,0.0148857740498446,-0.0260194604235293,-0.0159606139896977,-0.011577746244348,0.0140159056015675,-0.0033256476282578,0.0026405903902913,0.0447066370681446,-0.0073496494915772,-0.0113165745083988,0.0090474168159892,0.0433375044094309,0.0251027347761713,-0.0270563937751247
Derrick Ned,0.0212684847841428,-0.0074984292463437,0.0112184662558211,-0.0201818384913514,0.0117836235352888,-0.0403727548614975,-0.0023599636007288,0.0001914810536131,0.0440354573082748,-0.0048169935269445,-0.0572570870527199,-0.0050489756852581,-0.0116735578882284,-0.0043493709457991,0.0121523094178932,-0.0202775798562377,-0.0134029090934567,0.0056001409846251,-0.0139139265889767,-0.0293656942912915,0.013949457633836,0.0167438521643655,-0.0091566216735286,-0.0224574032246311,0.0070314316629748,-0.0152907836038462,-0.0009024436851798,0.0244707787442199,0.0151192445463137,0.0045442457927603,-0.011227030197643,0.0222131033607771,0.0035395412387393,0.0219390835530714,0.0274796287454177,0.0024583467130834,0.0018998332659529,0.0110677976636239
Derrick Ward,-0.006480664752029,-0.0014792089171017,0.0480555754027841,-0.0127943063653987,-0.0123466256009849,0.0272555827530307,-0.0069736605683838,0.0131923509285064,0.0056825951077892,0.0028801366625222,0.0275156697208315,0.0073159401340799,-0.0042154695136888,0.0210131733613706,0.0005474014134499,-0.0011542920221501,0.0157269612735535,-0.0427230786242375,-0.0027536888699181,-0.0545417845291011,-0.0139664445060425,-0.0199546600749088,-0.0091478607513897,-0.0033978371525862,-0.027650685606374,0.0225698504972816,-0.0041212908924619,0.0004820260750586,-0.0267458640131791,0.0053613337436505,-0.0774287937978815,0.042540556188517,0.0265289263508507,0.0100335537293992,-0.0061171521782653,-0.0619300966020752,-0.0259209844223707,0.0139875533489665
Deshaun Foster,-0.0287495259026919,0.0104769155948613,0.0405666740164655,0.0015832448313023,0.0200186835796591,0.0079925397596691,0.0070324405644615,0.0131210864387476,-0.0340101344747449,-0.0292588917769523,-0.0235434946409455,-0.0421798786327159,0.0093689482235926,0.0275065934871415,-0.0451080224919478,0.038853827585488,-0.0129125740908474,0.0023299274580289,0.0414569023924982,0.0163956811458879,-0.0441941459193956,-0.0212063086076212,0.0429821285946409,-0.0280131905193694,-0.0207238692908751,0.0261972117956184,-0.0827268161645059,-0.0083760120448882,0.0686067373266679,0.0136718834245805,0.0256656925314768,0.0667158857196271,-0.0242185700092588,-0.0134847441320447,-0.0703270618569391,0.0400239973518952,-0.0592832210754053,-0.0587666894566879
Deshawn Wynn,0.0092724961915615,-0.0140262120038848,0.0338087180858632,0.0017179681246601,0.0119493247419909,-0.0813769103581226,-0.0521078813927426,0.0172179632052285,0.0376237161326177,-0.020889067325685,0.0067100121901677,0.0221328363019444,0.0056999640313905,0.0073476647681308,0.0189148747234409,-0.0083028623346394,0.0164406360900824,-0.0017732075859712,0.0115833840294157,0.0142725960319492,0.0398638842182777,0.0087697412278858,0.025101762042761,0.0302932226561166,-0.0065038376218559,0.0214600202815827,0.0435820947715493,-0.0304307966073728,0.0037991773198328,-0.0015620145850045,0.0267680304891104,0.0375626508724002,0.0031204755781344,-0.0058956429507934,-0.0240607664961554,-0.0146572551592455,0.014138019402853,0.0120881907554696
Detron Smith,0.032847735719428,-0.0039336781418663,-0.0062064978482981,0.0047134298849631,0.027706199918067,0.0091507850276196,-0.0054692295890841,0.001892388190281,-0.0150047892201537,-0.0056045488115961,6.037254684454564e-05,0.0114275158992767,0.0188026035040665,0.0017977231261716,0.0202082910695879,-0.0401947312030025,-0.0027378898203081,-0.0113337177725334,0.0169455836305207,-0.0239917045600475,0.002442646394576,-0.0095317434173391,0.0110850150960044,0.0138330312292362,0.0016820363694917,-0.0036975991679398,-0.0001093054321189,0.0017298107555756,-0.0299665419196368,0.0003700859782967,0.0067697102018952,0.0167867874212846,0.0162324044522034,-0.0361360762306549,-0.0051778664391041,0.0047547773045947,-0.0080945327080679,-0.0092230994113226
Deuce Mcallister,-0.0567429366623081,-0.0330581923195286,-0.0180589711227488,-0.0085441489728004,0.0074129087110709,0.0110203050169868,-0.0039607942738813,0.1141148463684341,0.0222287321503311,-0.0204689898654924,0.014467378494509,-0.0089447213295825,0.0044837671097727,0.0936181505723942,0.0665599557916258,-0.0788523651201403,-0.0095251296611653,0.0994956164823056,0.0212477427306704,0.0526581153352888,0.0165874716268912,0.0846399884180632,0.0015467288878813,0.0346567889157624,-0.0228835207787845,-0.0104205525612498,0.0036076141723556,0.0182650015243506,-0.0345323152485059,-0.0675920918369015,-0.093007546396818,-0.0371405396899878,0.0789688895463093,0.0077519269643399,0.022387795653045,-0.0053034302753307,-0.0066521683935723,0.0322217937539271
Devine Ozigbo,0.034211958285953,-0.0052058011651307,-0.0245898964375055,0.0107982699539218,0.0011202198244041,0.0349863490398858,-0.0033289337885087,0.0169152572299469,-0.0577868169222495,0.0197295628517132,0.0030769033948655,0.0174282369678618,-0.0012465158344224,3.4525365839272205e-05,0.0161401905646754,0.0168223500838227,-0.0145378225271095,0.0150173207565508,-0.0140218033459284,-0.0158616720999437,0.007294250928239,-0.0039467054805042,-0.020949043700014,0.0150822496967875,-0.0060249470187967,-0.011707922506192,-0.003233137438494,0.0116910207873437,0.0072276987335184,0.0009755583231072,0.0056719637053808,0.0090633422405128,0.0005224953366107,0.013704172190668,-0.0044549758228194,-0.0040628371890594,0.0101595105804799,-0.0042132336739562
Devonta Freeman,-0.0418493141350591,-0.0033086488705539,-0.0315457602697401,0.0045452871077245,0.0072899875837108,0.0267402755501369,0.0449627566169324,0.034473931366932,0.0224970150354404,-0.0402899007595976,0.0208087755252131,-0.0267218146825222,-0.0397407404976205,-0.0176493032657436,0.0384965786802016,-0.059503439753421,-0.0163944473449611,0.0413709546951705,-0.0083447279239118,0.0517783814552807,-0.0019337247811222,-0.0306117271966038,0.0205515988431025,0.0187942291235769,0.0010460528394874,-0.0298126033606375,0.0561972477706189,-0.0231907069501792,0.0490615414720195,0.0018089761822708,-0.0294064850738915,-0.0213570754777386,0.0284096219537058,0.0315864384608182,0.0215128042430858,0.0351238842872949,-0.0324807317081933,-0.0055356010642611
Devontae Booker,-0.0060535120109856,0.0028369527717947,-0.0089792208427817,0.0056696980785399,0.0171253516678986,-0.0207434833616554,-0.0026566659577108,-0.02843091248129,-0.0163568827996588,-0.0130131014991681,0.0144891480200019,-0.0322118669372072,-0.048038367559875,-0.0507987460224884,-0.0149882477136065,0.0251342589817297,0.0367477049331375,0.0170690224714537,-0.010510980468598,0.0222944352374116,0.0093947037901094,0.0047842967561369,0.0139205842549829,-0.018640083964769,-0.0149306731173372,0.0277277127495319,-0.0114512302730073,-0.0366866986937985,-0.0296156809409244,0.0319759451002949,-0.0218182968348069,0.008315810593829,0.0030808560544159,0.0060592246660092,-0.0429898471219682,0.0020944061570987,-0.0120554562670801,0.03468164688734
Dexter Bussey,-0.0147391865649068,0.0320952635300052,-0.0123160299463077,0.0171233977692666,-0.0788754552818563,-0.0055081611222078,-0.0078103111083134,-0.0078454610782426,-0.0136483909683256,-0.0286455321000811,0.0307735793781712,-0.0147069058659578,-0.0132555187605588,0.0253038447995598,-0.0040653828330644,-0.0173774310112494,-0.0026462362760034,0.0234104429049496,0.0312800049747364,-0.0301576126284453,-0.0294220598539665,0.0081987899945033,0.0071247773686415,0.0108390471357662,0.0312225875482161,-0.0003095702692725,-0.0797008962556851,-0.0025052736780402,0.039900756817542,0.0530830043301144,0.0713801664677513,-0.0127694706681479,-0.0220153525498961,0.0106693172451793,-0.0151955217221774,0.0263569717845378,0.0189564373031821,0.0074430210317973
Dexter Carter,-0.0127223512642498,0.0194915692021264,-0.0113843282150054,-0.0273766629604418,0.0023694391530598,-0.1249472568816903,-0.0094214127298574,0.0597183962885346,-0.0358904354917441,0.0129256696937598,0.0405965162103839,0.0249042169222612,0.0277479419100744,-0.0076739980289857,0.0011676478052334,0.0911188004303706,-0.0166756835668989,0.0662395257973207,0.0246091679150558,-0.0065470265873021,0.0481612186742645,-0.0340961964591564,0.0082745627832395,0.0718938933667619,-0.0770514598535659,-0.0862695193755966,-0.0444314445258328,0.0687120838169154,-0.0565058850923679,-0.0106392084399891,-0.0963863606563858,0.0230250120323991,-0.0729475258552013,-0.0584775290489975,0.0854221970575206,0.0321046632114659,-0.051645793343766,0.0842321092508049
Dino Hall,0.0221895731974458,0.0026236388478573,0.0042396325344842,0.0104842173771566,-0.0406574859717136,-0.0463424498896257,-0.0369664234301853,0.0235648568381819,0.063300081956172,0.015071930568743,-0.0258079609396903,-0.0617543763071143,0.0322950662580419,-0.0229548409000688,-0.0022842350262933,-0.0277306732195342,-0.0145434430148503,-0.0252599732474713,-0.0801832842247042,0.0635767457584967,-0.0184135106212363,-0.0375786164310287,-0.0236170533603363,-0.0067365005554477,0.0348152304281727,0.0312024552714591,0.0236376409104035,-0.0068745134233869,0.0034102441117212,0.0277448895811274,0.0323755924432579,0.000897578299114,0.0682079489455303,-0.0154797829520853,-0.0680284662780833,0.0136619118734029,0.0002302717180727,0.0446578190230415
Dino Philyaw,0.0375024990806781,-0.02069475714756,-0.0170706578903755,0.0082945454267774,0.0027153071252832,0.0426545623525329,-0.0067582831191636,-0.0049304884550305,0.0089016536811798,0.0130723811660598,-0.0106739562351547,0.0073397162466592,-0.0069970483380615,-0.0001837045874487,0.0323022627143384,0.0027048118539478,-0.0134866016517419,-0.0018911040911396,-0.0099780672557895,-0.0074286967820184,0.0053033662813454,0.0032330646191125,0.0023263403764845,-0.0070469582947587,0.0155229023120963,0.0040726923246773,0.0081412605741083,-0.0056927557727032,0.0094633923402733,0.0052027971460103,0.0146544375605023,0.0037439560039072,0.005363295987323,0.0052300626640946,-0.0112679534919201,-0.0090421117789515,0.0046491568083592,0.0011940769242144
Dion Lewis,-0.0003528262340351,0.0042969848622344,0.0223870669263988,-0.0318586126560058,-0.0441253363641026,0.0466171023297031,-0.0216261784584407,-0.0464013728000162,-0.0041277684627387,0.0333277487959384,-0.0179223918653334,-0.0110749425013503,0.0110667476255446,0.0217192368192901,0.0012132006456044,0.012423134997865,0.0254616843565994,-0.0536223988325778,-0.0162637242615982,-0.0483410790287128,-0.0105758846030878,-0.0194926199850923,0.0342774712228323,0.0085694335316876,0.0277812966355169,-0.0068662732833804,-0.014341389039388,0.0050339601891477,-0.0074404498328414,0.0016839624585513,-0.0192938702344308,-0.0103486968325093,-0.0245290251761154,-0.0315577380181687,0.0054749528324864,-0.0019776131578568,-0.0430887519516041,-0.0065633223788385
Domanick Williams,-0.0417167565785758,-0.0129078546669089,0.0723457287191944,0.0416954372778055,0.073318223203975,0.0517425763884473,-0.0343918312546997,-0.0611751723593892,0.0031651832649754,0.0604424737711164,-0.0498259519800583,0.0395699919289515,-0.0366978882899682,-0.0039255406733966,-0.0428979118332609,-0.0332412486073879,0.0212675185348882,0.0100926628378441,-0.0335278240091631,0.0611523956740384,0.0401952076551532,-0.0184341289788665,-0.0300302571696656,0.0815582257791002,-0.0834757233525729,-0.0043056603239399,0.004543958689921,-0.0447001863391987,-0.0079826322658735,0.0167203579463215,0.0044919668527644,0.0226860148816707,-0.0012669160960721,-0.0092483986113136,-0.007606693919982,-0.0012523201467862,-0.0244747121255912,-0.0217018776183509
Dominic Rhodes,-0.017063919465537,-0.0076757676211294,-0.0380479068601283,-0.0145931273027202,-0.0043912001155218,-0.0238752328351643,-0.0104468443023143,-0.033047947815597,-0.0040367479891519,0.0688128050136132,-0.0004430714101398,-0.0058491766334478,0.0282000654830247,0.02075889819727,-0.0744109039063713,0.0949763813381315,0.0369322678801187,-0.060443709756451,0.003314689683288,0.0228281498707329,0.0126762784471605,-5.668810161469501e-06,-0.0043367173040461,0.0601900386439759,-4.702388249519171e-05,-0.0315625522644807,0.0237834533001016,-0.0039185387995074,-0.0517941948140119,0.0915445338411712,-0.0173764913888489,0.0021465077850788,-0.0807950728403441,0.0191087527469616,-0.0189767684690671,0.0009261485633081,-0.0087133357415963,-0.0335958571068113
Don Calhoun,-0.0048087737007473,0.0162824444538969,0.0144994984827302,0.0279442898292094,-0.0755249235029046,-0.032276474525548,-0.004607013852586,0.0137798625336021,-0.0233404202582883,-0.0189905081095559,-0.0096255542598451,-0.0130404250458942,0.0274105791653758,-0.00338761350513,-0.0144609480963616,-0.0049859942304538,0.0444786833330812,0.0330354721562154,0.0707348982187191,0.0268506316487254,-0.0074089307594362,0.0037012895438672,-0.0114374910133486,-0.0326213872322721,-0.0213028370662018,-0.0354193815865727,-0.0370639383447257,0.0140165018184384,0.038027546738245,0.0258012914761646,0.0236104303528933,-0.0359779072248985,-0.0133653045585782,0.0115923041455342,0.01488211332897,-0.0695689838573399,-0.004603617725795,-0.0155230054922188
Don Hardeman,0.0128432194409489,-0.005745605348944,0.0024830852795011,0.0437680519175752,-0.0273123855473164,-0.0152555497847819,-0.0119342823913316,-0.0205152367367314,0.0422594729823792,0.0199392862034566,0.0011239753270953,0.000326884256065,-0.005969827392831,-0.0124314128774258,-0.0048661868376268,-0.0014714111374947,-0.0146414084379856,-0.0205679455786324,0.0144569420868147,0.0185324425871709,-0.0236415717845305,0.0003473430835244,0.0280267249054043,0.0080661532981666,-0.0053467386846878,0.0079978673275288,0.0300226182445095,0.00095343628728,-0.0229223409302889,0.0063254678319247,0.0208967314650705,-0.023591135846562,0.0033736089081994,0.0002713127942589,-0.0132663395745234,0.0008637207767161,-0.0275191885493893,0.0083375542451849
Don Highsmith,0.0264095993572697,-0.0002958410473583,0.012295305822767,0.0278795276305202,-0.004826914603546,0.0073408321340013,-0.0004680959131896,0.0160350828562757,-0.0232736107658471,0.0290037597582529,0.0356951780181632,0.0003996703064548,-0.0088047867873153,-0.0013327616983898,0.0520954423144479,0.0378727414693424,0.0124088969546248,0.0149127728701438,0.0039323697659445,-0.0023549123037902,-0.0002617605176861,-0.0019950688491238,0.0269929736878312,-0.0203974264447007,0.0195763841815469,-0.0228708743341134,-0.0127538075668402,0.0027941094651642,0.0216024834061217,0.0090253771392329,0.0022303003811244,-0.0294936894926515,0.0161471771495903,-0.0019934819627254,-0.0017921406449089,-0.0101306428568368,-0.0089783446570149,-0.0012639060549966
Don Mccauley,-0.0153765952902629,0.0606848033710429,-0.0052176870060748,0.02644083320072,-0.0522422773461358,0.0432828651514355,-0.0144673327493562,-0.030323703360428,0.0095040019023805,0.0844675659821307,-0.0016434427065862,0.0165316466240734,0.0152645542229266,0.0024209058339019,0.0014475917079253,-0.0207708580172464,-0.0008648708717535,-0.0377217231252918,-0.0369842374825322,0.0544664928032443,0.0195745546567398,0.0474701310763065,-0.0251706910753079,0.0032487109458049,0.0026491473984345,-0.0355114171064241,0.0250889135498732,0.0633426540408382,-0.0068053242082601,0.0062766662817933,0.0668400670079779,-0.0369137003075028,-0.0357808102484252,-0.0845782048230029,0.0225274358013228,0.0077395081852486,-0.015667903177534,0.0572202530866438
Don Nottingham,-0.0045204550463578,0.0054368533119593,0.0048763957344302,0.0477635662539865,-0.0566370731922221,-0.0442574592557729,0.003250601394326,-0.0251203891051934,-0.0137485224247779,-0.0139860148843217,-0.0129741949284905,0.0152339334393196,0.0143056483751436,0.0060430465191724,0.029564371336652,0.0140650062908095,0.0344379813465254,-0.0127196105402734,0.0071538235960402,0.0588915541437552,0.0739940341035808,0.0248790487355336,0.0218539110696419,-0.0492428580878015,-0.0126781438618882,-0.0081111820666207,0.0516307801456304,0.0393463366072449,0.028871342086707,-0.0149120531488857,0.0180748947369058,0.0081190776925282,0.001759247741566,-0.0249883527194702,0.0470577798991633,-0.0543696885481393,-0.004816502548422,0.021125653202446
Don Smith,0.0191961131567612,0.0184088956360041,0.0270094357954991,0.0084685576644634,0.0244884798001008,-0.0504666332840705,-0.0005821501049572,0.0055969431641038,-0.0315605323480413,0.0251603044912074,0.0124682715007212,-0.0042121354340005,-0.0159497310469733,0.0113066979779012,0.044523205625364,-0.0181428310885311,0.0112866580315877,0.0049165049759167,-0.0239280463314421,-0.0098162319845491,0.0201118877204669,0.0090756486495675,0.0231411120674271,-0.0162929281104752,-0.0005438518677493,0.0222047301574388,0.0195449605636414,0.0048923315864457,-0.0075105326945949,0.0045535992214921,-0.0017968607085443,0.0258439402831988,-0.0117877261131256,-0.0212852967172454,0.0068732705442634,-0.0006989672549141,0.0120420581300702,0.0001442887013497
Don Testerman,0.010618975824199,0.0317704601004603,-0.0270731529310324,0.0373077551917983,0.0116921393566722,0.0190844669730259,-0.0044733948912406,0.0276906296559396,0.0201227704729681,-0.0492832164603954,-0.0004390266147394,-0.0140394238207096,0.0308803642970077,-0.0247955260914094,-0.0025535565800938,0.0245206813727514,0.0196910087858755,0.000393805034878,-0.0110995077115506,-0.0221548453554146,-0.0249724369865567,-0.0056604712248027,-0.0049424191002166,0.0155325758660708,-0.017064249786265,0.0164262052461515,-0.0194992604067139,0.0139129108598539,-0.0279494718053004,-0.0069103924079783,0.0214470938412585,-0.0069613451736811,-0.0046027725677015,0.0284661669748732,-0.0169308670151174,0.0362956490350119,0.0260179989697888,0.0019679584147399
Don Woods,-0.0171858654473782,0.0466930816542525,-0.0372854330861482,0.0632237014590595,-0.0039654896633962,-0.0372158864848556,0.0068996424959503,-0.0102564864435804,-0.0141021878931867,-0.0213958308207709,-0.0340228081888764,0.0109454685898689,-0.0208736976960521,-0.0125737497496886,-0.0150746317508935,0.0413899671402454,-0.0312046371412666,-0.0494837048804906,-0.002799588945651,-0.0238431916797507,-0.0720375363219564,0.0783114048618906,0.039059609427643,-0.0454066896973401,-0.0043835527282366,0.0290719505346224,-0.0273271741407803,-0.0287717139068622,-0.0147142153073704,-0.0197583388736004,-0.0359327979577451,0.0026606481809152,0.0155032196229869,-0.0472643154929198,-0.0197409414558676,-0.0328932571104942,-0.020570126530628,-0.0036203330057324
Donald Brown,-0.0229939934368266,0.0030792975192518,0.0129556792718419,-0.0038583375288905,-0.0003791620947139,-0.048434064148125,-0.0443222303126296,0.0324813776472295,-0.0387321539087493,-0.0051790912255825,-0.0087452431079023,0.058024750084885,-0.0308036484229698,0.0245986777991312,-0.0266692571089048,-0.0378762690528299,0.0187141306635579,0.0079414813616358,0.052035171318505,0.0404075963530646,0.0039100438204598,0.0055893110735048,-0.0043815214563792,-0.0439598227058234,0.0149422343477102,0.0036756705489522,-0.0006901365464205,-0.0432900891546415,0.0168240956107159,0.0119852768589292,-0.0286983075261612,0.0114790006581329,-0.0043829134053379,-0.0049357254669652,-0.0521501429091375,-0.0129631073931756,-0.0167773734467138,0.0063067723877087
Donnell Bennett,0.0009577127650926,-0.013139758359902,0.009740546526367,-0.0312321908423696,-0.031968660192812,0.0022792132200008,-0.0008693193554804,-0.0257078879245586,-0.0248246003838291,-0.0226558260352897,-0.0181537790433047,-0.005202816114622,0.0123635114583876,0.0029099214054134,-0.0271592219584106,-0.0048424303087428,0.0113917783144102,-0.0227533442965158,0.0151725368061933,0.019117980179254,0.0188657277519863,-0.012505945936829,-0.0285460288641185,-0.0006576651467726,0.0343112575785499,0.0328696285736858,0.0259498481291278,0.0160637239745808,0.023656772151375,0.0288022342331814,-0.0034445371316966,0.0026224732705674,0.0040907454265556,-0.0353578871837994,-0.032214287466735,-0.0320414789551603,0.034412232268154,-0.0068177166921111
Dontrell Hilliard,0.0167934654548208,-0.009234656467035,0.0309675517387927,-0.001273019765298,0.007205240896623,-0.0058491172719611,-0.0301176257283748,-0.01391113437864,0.0199880086929851,-0.0179028748923365,0.0078925759217457,0.0015825624217275,-0.0143460168064098,-0.0026906025624449,-0.0155080405431453,-0.0259418776656066,0.0023087900763279,-0.0273594186034378,0.0195296375556029,0.0115088854850172,0.0053842043517949,-0.008431057759106,0.0354087772451079,0.000583820894346,0.0278021848974601,-0.0345761845880319,0.01523653848957,-0.026322089051172,0.0184390048236696,-0.0047596921826386,-0.0068899464344235,-0.0235965278878576,-0.0116386074291381,0.0300188481958489,0.0064327226123825,-0.006117938893682,-0.0210479314150487,-0.000691249453361
Dorsey Levens,-0.0357706622727877,0.0361728731802565,-0.0103504049368586,-0.0386127759557302,-0.019012520322771,0.0407579227594995,0.0186769540563395,0.056319854740807,0.0066555424209289,-0.0498169669540298,0.0230623206151816,-0.0197614917680635,-0.0094579143039922,-0.0306962821767924,0.0748608790718335,-0.0318883105303739,0.0273551860570403,0.0109723747281544,0.0711268049862179,-0.0670957750644497,-0.0225084825369498,0.0368332663963093,-0.0165785212676992,0.0120279439189165,0.0125039404233269,-0.0148393453566256,0.0566574509434911,-0.0464936896755925,-0.0082371165649381,-0.0115356490347801,0.095191743377135,-0.0149447745206256,-0.0104973242669802,0.0243479696377731,-0.0112090955371386,-0.0062354279829104,-0.0489941800139974,0.0236028390782266
Doug Chapman,0.0202776060032409,-0.0040018564024334,0.0053826190902405,-9.618078931751668e-05,0.0326096362314781,-0.0172770795918818,0.001806016628973,-0.0098950266408304,0.0147075267525442,-0.027852310965247,0.0127263517398226,-0.0225839004914717,0.0036199733556634,0.0069983638666907,-0.0147135610544881,-0.0192178993815426,-0.0130501040829899,-0.0110601067903643,0.0077000652925548,0.0084721882453325,-0.0019318020298695,-0.0100028194621159,0.0062965527600703,-0.0347487203618101,0.0118965817857761,0.0299395074183634,-0.010751558954964,-0.0216612797817122,0.0021651508253798,0.0028558642551348,0.0087097160830467,0.012549212347588,0.0104439641081867,-0.0130321802627822,-0.0271023810144056,-0.0019687201671272,0.0086271535644921,-0.0036214369364416
Doug Dennison,0.0129181443199353,-0.0067460817919656,0.0106502606615534,0.039056139857872,-0.0365076247900082,-0.0256896192139165,0.0145845445329105,-0.0035656524563585,-0.0071509152034365,-0.0088011294450199,0.0166549934743909,0.0249185826790068,0.0296849347761127,-0.0005156246080499,0.029698140049846,-0.0455499901662422,0.0424155337573489,-0.0352415807419037,-0.012124830446205,0.0265693079621152,0.0309439322563402,0.0536777696157796,0.0267710650590367,0.0064839982746016,-0.0014450199651207,-0.0189101068838218,0.0376907552345606,-0.00877309003989,-0.024752163908241,0.0165969687499801,0.0385419025251021,0.0042807600368766,0.0032206101022564,0.010871498698083,0.0128924486197086,0.0215673072339402,0.0223933858848453,-0.033573588705032
Doug Dressler,0.0126521562298159,0.0114204326725194,0.0025875697861155,0.0306430192683108,-0.0370415273265862,0.0257067052014556,-0.0025911498668042,0.0209077579004235,0.0326993362754101,0.0195477403693276,-0.0123221098251125,-0.0138408541429056,-0.0185134207837052,0.0014014489820033,-0.0082276908529838,0.0148089729446746,0.0376653150551758,0.0161925735341589,-0.0118078420852321,0.0110161990666464,0.0062432399452669,0.0284426596915777,-0.0152764682693996,0.0025411923603528,-0.0081019018506892,-0.0129169989110669,-0.0202833589884083,-0.0072270042126821,0.0291357865755714,0.0076529851792243,0.0211577545424139,0.0573359183300649,-0.0112312965378434,0.0001017798949017,0.0060767112778006,-0.0042675405056278,0.0201470907820279,0.0229143006894413
Doug Kotar,-0.0070193349044377,0.0160512230982665,-0.0152648880451316,0.0462911201754627,-0.0589980273652804,-0.0187263902113451,0.00714738230198,0.0010001836012222,0.0088240627640114,0.0131837382940754,-0.0059161342411564,0.0186169156920784,-0.0393873563660691,0.0119315289212134,-0.0149301029994108,0.0171160630891937,-0.0141117473793623,0.0045002778854245,0.0255984945038157,-0.0163395951484009,-0.007024274214742,0.0191682555388885,0.0222638862416332,0.039828271772274,0.0424162755604507,-0.0168538553797485,-0.0110570666687717,-0.0039638604564295,-0.0111626792009301,0.0085965244400273,-0.0275384609115565,0.0089850553908797,0.0369515142804163,-0.0229918480834472,0.0037851558387314,-0.0069228902345199,-0.0073924385462097,-0.0229046312988823
Doug Martin,-0.0551611622032776,-0.0530843829302913,-0.0310754196175768,0.0249943635843051,0.0528343675683005,-0.0375181307662784,-0.078130232254182,0.0190078566758969,-0.0057023112015808,-0.011368101413451,-0.0320858222532851,0.0480195294576532,0.0465672987810901,0.1324087455931271,-0.001712845291208,0.0866891398416446,-0.0069640063484608,-0.0344843673801762,-0.0179889294166794,0.0228338160603248,-0.0243840881485048,-0.0078705325845024,0.0553706155570239,0.0450367829236503,-0.057807079553747,0.1001280325747739,-0.0308667898877598,-0.0766682138926697,0.0976417623451982,0.0221309981834483,-0.0169549807971117,-0.0104963208982017,-0.0196355689626949,0.0130592599196794,-0.0145374529865533,-0.0745097721601933,0.0452722238563251,0.0049864248122874
Duane Thomas,0.001699935905234,-0.005145613626932,-0.0220516575221766,0.0612704808936699,-0.0363970775309243,-0.0215392987348995,0.020403142988736,0.0029218484795513,0.0189032859222783,-0.0061999338473546,-0.0327285631753883,0.0392451437453171,0.0036282742424796,-0.0431124087822416,-0.0009616662226993,0.0041328043562097,-0.0416255745480604,-0.0184067125299738,0.0104027841801028,0.0178763281969237,-0.0023234307029642,0.0302469416326332,0.0032313133223126,0.0315730827125784,0.0263161801886435,-0.0255159335608514,0.019576373022055,0.0193330309676289,-0.0248074513160909,-0.0121883013820014,0.0336856102472083,-0.0166394119856276,-0.0467081578850927,0.0268360047725727,-0.0002936525237429,0.0324377590744808,-0.0020320151179211,0.0252915206185635
Duce Staley,-0.0450575116754368,0.0221830528983149,0.0310837588243701,-0.0212005201131156,-0.0039124633405142,0.0291455237326995,0.0031708998277743,0.0211522149417601,-0.0075072848335863,0.0295996382990102,0.0058378466912495,-0.0257874500242783,-0.0254368646430038,0.0098664238265659,0.0077076620319398,-0.0633784142073295,-0.0247490783654087,0.0495404394394831,0.0176245642674146,-0.012104353030101,0.0144722393546689,-0.0409026259899994,0.0345818046739015,0.0397123362192589,0.042209800735346,0.0219167361953695,-0.0359721498799834,0.0388900152466046,0.0426499940211489,-0.0706054996131313,-0.0247540762797333,0.0107434306027489,0.0490329481462498,-0.0011728526662853,-0.0347537823426674,-0.0225955600281449,-0.0222662523177512,0.0203582652508893
Dujuan Harris,0.018225879796558,-0.0070847087284193,0.0103525866071025,-0.0256728733942389,-0.0134162405976892,-0.0159132492223472,-0.0186087677653793,-0.0121951058848862,-0.0105666447815052,0.0139751825732254,-0.0108852259406906,0.0005163446848706,-0.0061681873155123,-0.0147662289402718,0.0482040798087884,-0.0046569438866691,-0.0280652996259469,0.0119604595530405,-0.0018857366655141,-0.0057801311417298,0.0062835517671626,-0.0254226760424807,0.0012982918799733,0.0159440296728533,0.0125146865638747,0.0022469238086093,0.0101765195285744,-0.0239216378725768,0.0085751363458983,-0.0003085721366644,0.0276365207618954,-0.0036783322779823,-0.0023951545425395,-0.0039285670359844,-0.0077881757488835,0.0374620497073491,0.0282819708806493,-0.022978656781642
Duke Johnson,-0.0223216977970434,0.0388036600612428,-0.021465444613783,-0.0068105700380426,0.0218917509086281,0.0077237957509959,-0.0004964630280698,-0.0005441861956724,0.0021400521027954,-0.045314630813589,-0.0118074033731637,-0.0337509137138514,-0.0422765583495623,0.0071480093408684,-0.0052979121330076,0.0476105466171235,0.0161448211697131,0.0239165465951805,-0.0361810109636734,-0.0098479251694466,0.071633183849425,-0.0853524146638736,0.0298087725307388,0.006585387462392,0.0022607977775954,0.0175622689489173,0.0182595125668216,0.0085441851749136,0.0687707119020818,-0.0531908857557739,-0.038831757077246,-1.941247591432868e-05,0.0164506393741031,-0.042224141627115,0.0054655941640933,0.0135089499794417,0.0249632508711563,-0.0053961171713694
Dwayne Crutchfield,0.020747773559424,-0.0297283500637498,0.0197352295851266,-0.0040053713570805,0.0113928844227805,0.0177594046897847,0.0260679569851261,-0.0363442076425473,0.0379869964115754,-0.0123300075698266,-0.0076330011971428,-0.0057510081797464,0.0094202657450795,0.0034960638356689,0.000920828775545,-0.0162376438796522,0.0082719752264766,0.017805788984314,0.0058867770536233,-0.0086857101001796,0.016656507547058,0.000804312709591,0.0122255031632872,0.0034258237445571,-0.008450061672094,0.0006372706911103,-0.0326554125812071,-0.0115017234656372,-0.0037465749247238,0.0046042109540043,0.0055147058511566,0.0207030422570585,-0.0151012835433634,0.0096728693699443,-0.0176548096610509,-0.0228600330626351,-0.025002914556826,-0.0153040367699327
Dwayne Washington,0.0216018839911447,-0.0114492007140301,-0.022650745254714,-0.0064626199060495,-0.0284052896292218,-0.0070590054173776,-0.0202129409924793,0.0035624739370131,0.0207928057962848,-0.0121980829664393,0.016198999075664,-0.001468480260682,-0.0074910169687134,-0.0003573339062803,-0.0195635193408011,0.0067862063636902,0.0103436747605182,-0.0173901264308826,7.046176247476471e-05,0.0240752022758227,-0.0400328179580888,-0.0498634624697405,0.0078995243788978,0.0020583542514743,-0.0011090600757866,0.0227017840518474,0.0398591178632694,-0.0024506787035501,0.0024010285333449,0.0165268902674535,0.0003890884045001,0.0041699764825976,0.0182047597933216,-0.0218359657582879,0.0069435947418044,0.013439455991736,0.0077528054484173,0.0151053346384602
E J Jones,0.0368632612932801,-0.0110635958814559,-0.0129160391792045,0.020005899693255,0.0188900895170241,0.0256084445444427,-0.0045181591530255,0.0118732133360734,-0.0377935105743224,0.0067206504230359,0.0091519362818095,0.0143371325229832,-0.0015403823021493,0.0061552563261696,0.0078727971058236,-0.0184043929813942,0.0020891017412566,0.0053815811866694,-0.0003553392111647,-0.0145818219911178,0.0010727716290109,-0.007742426164884,0.0004998665647204,0.0088202073040184,0.0174689200628041,0.005048698092819,0.0091249043714263,0.0040486893646116,-0.011990249424392,0.0003575369681608,0.0050704627731783,0.0131559322480827,0.0063706094921243,-0.0167337818863747,0.0033996850335486,0.0017781020678766,0.0006954469831785,0.0007365795178102
Earl Campbell,-0.0515122121633186,-0.0431281117711663,0.0184690449304976,0.0613735469414827,-0.0763922130497493,-0.0161038990464267,0.0760822791759994,-0.0666846091488607,-0.0002198720121987,-0.0319408995595092,-0.0189100573861645,0.0697319626125181,-0.0555294331490681,0.0012118656379138,0.0337144690640215,-0.0029436000410091,-0.150308424058651,-0.0180429905008424,-0.067040301214999,-0.0154468913474355,-0.0679931588714354,0.0711221546859704,0.0107631306569872,0.0125032192401059,0.0745840803574453,0.0431363301455525,-0.005366214855267,-0.0680450876951645,-0.0267273846320272,0.0561661963731662,-0.0194971850605264,-0.0312220384126739,0.0426809391905923,-0.0507538086274989,-0.0470639911027565,-0.0146663191744366,-0.0009998628793535,0.0200492087743193
Earl Cooper,-0.0066153535358472,0.0520258541884384,-0.045980473767008,0.0242648692609521,0.0471888530607539,-0.0022409818927269,-0.0060322323255483,-0.0219533530126827,0.0258465357090523,-0.0451464756641806,-0.0116370703335487,0.0057024063820155,-0.0173112820217267,0.003495417187741,-0.0006175805693311,0.0289462969655266,-0.0829882808966475,0.0110283670594635,-0.0245861198484985,0.0403195315063458,-0.0075283094430834,-0.0168891592102418,-0.0147966727994626,-0.0110724409146096,-0.0798784288264889,-0.0389227502885058,-0.0140216429479395,-0.0086185341358749,-0.0151176333226739,-0.0061223537001374,0.0080518321591128,0.042747232984213,0.0061010987013093,-0.0191406915499272,-0.0479002121586404,-0.0264704165260404,0.0203835351584843,-0.0308393700333474
Earl Ferrell,-0.0210216853298503,0.0052466302743744,0.0698373929316509,-0.0422278782201414,-0.0154645362688727,0.0315694602088444,0.0108974953522626,-0.0396875658757283,0.0123150237958007,0.0102896090607228,-0.0861473085591288,-0.0444847437191046,0.0232096789253973,-0.0384851640477632,0.0100541298419004,0.0253785058781817,0.0224351160916755,0.0513015839085526,-0.009767654040335,-0.0178870161214713,0.0025970684957784,-0.0019922053659137,0.046503184052005,-0.0087772605782377,0.0020092996976299,-0.0028437902521077,0.0094773895696691,0.0131074898558607,-0.0219795131683644,-0.0134409845070261,-0.0113100837235164,0.0312772492375507,0.0381223614791664,0.0199876818144411,0.0187741871112883,-0.035173885381114,0.0179875179438269,0.0405358669686152
Earnest Byner,-0.0553407323791075,0.0219836924721234,-0.051834166593106,-0.0352246948334449,-0.025548257409213,0.0117749202420365,0.0289398472970365,-0.024497059759278,-0.0040888602295063,0.0184411932891195,-0.000413947704367,-0.0442859796748961,-0.0219783117655969,0.0293524599586435,0.034981588184874,-0.0441480276632734,0.0443547942128058,-0.0304340256778187,-0.0035670902396303,-0.1090812023366334,0.0308714834394264,-0.0354240189973392,-0.0393030084749862,0.0260733118470835,0.0035212539175803,-0.0154611277295116,0.0681532456279759,-0.0373832041678847,-0.0033569558976066,0.0336202257722406,0.0749773041168235,0.002091185982447,0.0161049839497245,0.0268383145418851,0.1218414049678382,-0.0197054890689657,-0.0729233907167039,0.0339228542021558
Earnest Graham,-0.0023319404576834,-0.0064222287762558,0.0451813716523978,-0.0269355086223358,-0.0370711421733882,0.0153889683785128,-0.0302533030397966,0.0014327873900833,0.0343026427100114,0.0085551152079327,0.0067150412721792,0.0001428342590519,-0.0511126350588176,0.0008438885531494,0.040021128906127,0.0199589788690491,0.0113615081313743,-0.0565929848989783,-0.0225978400290124,-0.0137438360364676,0.0241207035228495,0.0316377217818623,-0.0459755769234111,0.0412218212973299,-0.0056984994732913,0.0045213659780812,-0.0092567857178366,-0.0513281188200447,0.0575560324806219,-0.0411092466574452,-0.0064324006682384,-0.0115965189848163,-0.0318899986135693,-0.0264894459506909,-0.0064219481615263,0.0133212096214957,0.0253571084612543,-0.0256028718809688
Earnest Jackson,-0.0246220833963683,-0.0303207944047789,0.0509723728880157,-0.0089921537196052,-0.0178021901190693,0.0207428933587315,0.0495788303687263,0.0088530776013595,-0.0241619705000705,-0.0412180627848329,-0.0104068812542999,0.0062224984660761,-0.0108523908242535,0.0085781707460631,0.0459643261609754,-0.0123748944808491,0.0260249863927725,0.0078220197549256,0.0152553171814723,-0.028857140202579,-0.0183579485768199,-0.0752352379556467,0.0088618641677626,-0.002513301452388,-0.0036065776097631,0.0378249182440228,-0.0512937427379864,-0.0471114649570434,-0.0323165166024832,0.0208546073880867,-0.0188814936816237,0.0487743476287682,-0.0250335805950949,0.0549419722612765,-0.0024568315308162,0.0040919493895531,-0.0328596794764786,0.0137559640474174
Ed Marinaro,0.0025647605949529,0.0443992090597653,0.0153331616270018,0.0423150181453384,0.016402891339598,0.028715281476845,-0.0140246969932279,-0.0107920766555362,0.0202825804560474,0.036316215899484,-0.0066335803338357,-0.0146918574731561,-0.0031493656246611,0.0086776485062215,-0.0004815945511997,-0.0087105929798564,0.0160178502022653,-0.0010363677898782,0.0045660319862906,0.030338635973687,-0.0033814941440047,-0.0322484918790391,-0.0089990866859692,0.0332376286740545,-0.0182526484417571,0.0167312577385906,9.412516457565022e-05,0.0337888915076451,-0.0414482691463517,-0.0156175604429811,0.0071511885512433,-0.0183674913076443,-0.0113562583779043,0.0153902714058141,0.0054593864478202,0.0246044122541137,0.0230838983137439,-0.0048260715057273
Ed Podolak,-0.0276971989772311,0.0535338719865425,-0.0194273919364772,0.0702096394637104,-0.0233942660949279,-0.0035624056496958,0.0049178533218057,-0.0426911773351981,0.0227144095502224,0.0084993458053928,-0.0351741348677781,0.0135787493019262,-0.068582459978341,0.0251925391598554,-0.0111847846901124,-0.0225140067701598,0.0026324915286599,0.0292028572715225,-0.0023748437513978,0.0039582651138756,0.0348332975827009,0.022202156293501,0.0010806037819367,0.0684041826886693,0.0019641763578809,0.0549291453185417,0.0250714883793416,0.0134432754649894,-0.0067701314494234,-0.0291586038482295,-0.0138316328057562,-0.0234737970087917,0.0739048113324355,-0.0324079083339072,0.0055422975268797,-0.0095296120510222,0.0173384105447266,-0.0123894471079316
Ed Williams 3,0.0123476599132931,0.0145772715159222,0.0122152300912328,0.0399463277428626,-0.0002133537677935,-0.0123194076450803,-0.002522217702544,-0.0011858583839193,0.0059285334133229,0.00587413682263,0.000656396273051,-0.0065715299197872,0.0172125424325039,-0.0071958557689126,0.0206974750235863,-0.0042187834076015,0.0273924058061794,-0.0229462447931921,-0.0112422908908253,0.0107623944049552,-0.0096040507143089,0.0214179410714251,0.0170597236739925,0.0234967234242558,0.0078139763925013,0.0009140132206169,0.0164102992349434,0.011454333722059,-0.0079841008331215,-0.007088611123022,-0.0133574134875439,-0.026701034968504,0.011957020186271,0.0062719708271277,0.0061089597491855,-0.0097299676584565,-0.0021624195751318,-0.0164334467317732
Eddie George,-0.0772492592995803,-0.0462067626553107,-0.0244596456495397,0.0167366218434345,0.0171320282031428,0.0169474426348024,0.0947111665428471,-0.0233849110785854,0.0021525493833705,0.0856979167391363,0.0131798123136122,-0.0503637825159186,0.0803674688380793,0.0069231109826516,-0.0522450609368889,0.0160257231345151,0.0254983369023909,0.0288985384163443,0.0001708126931996,-0.0673345407942726,-0.0123494957578905,-0.0242532801953781,-0.0034922443962493,0.0618082863488927,-0.0288646478011315,0.0469122238073411,0.0317193895681898,-0.001884479264702,0.0242433181795123,-0.0891777680304067,0.0306640636778497,-0.0888427610800008,0.0280609801408879,-0.0565642911644939,0.0215200818600476,-0.0499392449971443,0.0639886524200042,0.0661649700540789
Eddie Hill,0.0183678256878569,0.0006049984391085,0.0068068287849945,0.0027000606573669,-0.0085964153966646,-0.020264826053602,-0.0123269015838385,0.00281609025753,0.0093288358225791,-0.0307475318173054,0.0230405577172161,-0.0144080716408184,0.0297589988106595,0.005691817476529,-0.0268122355335805,-0.0087225293519154,-0.028269769670584,0.0049182749236522,0.0007775986854918,-0.0166673305774188,-0.0283691281702243,0.0200463146966162,-0.0179808592768034,0.0152415739703037,-0.0252086586122011,-0.0330831047766262,-0.0153084003384245,0.0252606240459211,0.0062453127632927,0.0026419973174256,0.0010267445358222,0.0117529692081947,-0.0108403286461644,0.034926151134144,-0.0106899142836843,0.0201826904838115,0.0209531033941912,0.0019582186562416
Eddie Lacy,-0.0464989819370513,-0.0302470406428447,-0.0147209205833669,0.02435389987281,0.0428051424181517,-0.0186564410850658,0.0556017850782089,0.0396596157295443,0.0342275135568581,-0.0007398655241063,0.0213990754886996,0.0260456526843159,0.0188295216847176,0.0026177246871106,-0.0124303872329708,0.0223951271934401,-0.0183370897757902,-0.0153184928812611,-0.0383829617016135,-0.0547050740556994,-0.0203971537929738,-0.0263655730730712,0.0403285781820378,0.0038850151874448,-0.0189662456353739,0.0045034246301525,0.038629785386891,-0.0274918671159947,-0.0826747806115977,0.0542705608269022,0.0304178851765556,-0.0551938617211133,-0.0524417846504537,0.0716022821809461,-0.0863356456228044,-0.0011377498334771,-0.0011066872016246,0.0367483965838251
Eddie Lee Ivery,-0.0189626952742983,0.0093926401723662,0.0442021001983816,-0.0222509953497723,-0.0432749379943085,0.0023906308828153,0.006188906712341,-0.0144667671507959,0.0342325041841394,-0.0172950423424144,-0.0189501148233113,0.0249847628159934,0.0139139382980659,-0.0248904901276559,0.0181878042437649,-0.0100600565107893,-0.0404551972809794,0.0301332265780583,-0.0768357700163661,0.01634087386693,0.0006124214881143,-0.0018978419711004,-0.0790004839670907,-0.0495270551007641,-0.0022396929269703,-0.0788180414296408,0.0022955060921158,-0.0292812903359709,0.0083767750496502,0.0495920467573648,-0.0529217015313857,-0.0358523518379634,-0.0509645969435675,0.0177512878893716,0.0369112811068846,-0.0249851855237768,0.0347228387437538,-0.0199962442327443
Eddie Moss,0.0387948756195541,-0.0235653101060578,-0.0104888935106891,0.028446511697741,-0.0016805436223918,0.0335646690151077,-0.0204268301856147,0.0033216297695169,0.0355498903476006,-0.0096436177909765,0.0074444322393513,-0.0130555619689896,0.0065059978374023,0.0004621239254425,-0.0092695881774576,-0.0110508821608346,0.0170948322671671,0.0091536196901762,-0.007536039135122,0.0009538680046973,-0.012698907397703,0.0030561246700407,0.0153019865846018,-0.0130236738799048,0.0026221303850164,-0.0158191371253505,0.0071003676482053,-0.0051487461354179,-0.0076211248732803,0.0015922357056689,0.0092927799873377,0.0060679655147545,-0.0050636667230183,-0.0256357934338981,0.0010868892429801,-0.0052358090323989,-0.0092447006904496,0.0025571194481165
Eddie Payton,0.0375583393522704,-0.0158105926036715,-0.0218798973242792,0.0232291044247944,-0.001919685592421,0.0363930211890731,-0.0207589437212903,0.0102824319895256,0.0004957885642107,-0.0062810139711932,0.0019889235471418,-0.0069813614805785,0.0063099197792684,0.0036642003743299,-0.0192877480735122,-0.0151547981412048,0.0083879872923313,0.0034563382823407,-0.0170167329959572,-0.0150331646530106,-0.0089091946959998,0.0141267496013167,0.0067284533294246,-0.0174904680452825,-0.0041783709845097,-0.0230253189174086,0.0029168779367151,-0.0090687682655615,-0.0082350179477386,-0.0040930292435273,-0.0055435304261863,-7.212898823568797e-05,-0.011513337961766,-0.0179690335982831,0.0052165661644759,-0.0008454463759954,-0.01705581479292,-0.0114471578152784
Eddie Ray,0.0190734686700413,0.0070799636748269,0.0072825525554658,0.0121653493667019,-0.0523990629042164,0.011133626701571,-0.0074829361169637,0.0213778511787151,0.0199894042693422,0.0248060190331361,0.0092184105238864,-0.017632823515643,0.0347503814677377,-0.0193002426243043,0.0085767205311383,0.0381260494917007,0.0505787664328406,-0.0332782570388316,-0.0536820680549196,0.049075383072571,-0.0047202307672228,-0.0001514964504471,-0.001051942748283,-0.0108372560408744,-0.0078460381992966,-0.0052405790753267,-0.0277118881248279,0.0010847780641004,0.0323897527396195,-0.0088187692613015,-0.0048526203726848,0.0109489243881755,0.0176835078718732,-0.0012544690133865,0.005180856307657,-0.0129487042914918,0.0418338991504587,0.0435863789167095
Edgar Bennett,-0.029006119600167,0.0294087360178519,-0.0159336304810564,-0.0020418062437114,-0.0028542085989,0.0479769580435081,0.0633255511484216,0.0402288474850178,0.0209960120018468,-0.0306460193624722,0.0054209320806519,0.0088425600743617,-0.0127309764027826,-0.0505376639809966,0.0060025812075072,0.0015074576537589,0.0414438459908441,0.052071835948287,0.0143268530902662,-0.0792076623561875,0.011360479969464,-0.0254520965143595,0.0115372235852503,0.0022911510300431,0.0405589974762826,0.0260118776333149,0.0248649744264916,-0.0488295369663205,0.0308786902239983,0.0437226859556094,-0.0564804740740381,-0.0177674562667121,-0.0003739850619061,0.0174267218013285,-0.0296301938272799,0.0324220405138043,-0.0011222843140126,-0.0406830994547959
Edgerrin James,-0.0910585259942783,-0.0215008500898908,-0.0767861845758284,0.0107019176855971,0.0646144530108537,0.003013663598396,0.027265088804415,-0.1038220079009656,-0.0226240459359377,-0.0064889337377588,-0.0082037587497877,-0.0881598127288117,0.0643261081385253,0.0875615413378954,0.0036500977249578,0.0560704521860478,0.1099478446353853,-0.0851977821548221,-0.0557006108597352,-0.0266105094163757,-0.0397343348634328,-0.0001856655813818,-0.0426350418118415,0.070817034209284,0.0766179450888931,0.0055323747604091,-0.0515454568414481,0.005334843190902,-0.0152537550584405,0.0075231938043707,0.0673065873641126,0.0022439731523044,-0.0035054374124309,-0.0344666193072511,-0.0491532218663668,-0.1303084266067768,-0.0164484632077241,-0.0119848476940881
Elijah Mitchell 2,0.0016195144087495,-0.0413933094159762,0.003922806904152,0.0306683717619384,0.0220625597235978,-0.0103163372018188,0.0022639572782465,-0.0481137934037162,0.0284071851323825,-0.0134364606969368,-0.0168937946540462,0.0351738575551025,0.0053124402328345,-0.0156229062040251,-0.0107582009679337,-0.0053704047929477,0.0341972747607789,0.0026122779394757,0.0029390889834306,-0.0378181507761804,-0.0936053208951895,-0.0792573991085007,-0.0422004605810954,-0.0264309320192904,-0.02770004420111,-0.0125455224706904,0.0516783030100442,0.0377038414174736,0.0231168214722348,0.0153628414295633,-0.0161957665957355,0.0306586166524728,0.0065705873793159,0.0168511278941788,0.0205674654502458,-0.0224303612843915,0.0063343579357191,-0.0239945148690713
Elijhaa Penny,0.024546853199878,-0.0036922708032336,-0.0093753422436196,-0.0190753200592443,0.0008414935121194,-0.010059910967802,0.0122949224145593,-0.0009069598391228,-0.0122254055695081,-0.0003845823136148,-0.0090584015867459,0.025782613384216,-0.0018801821323263,-0.0041655120956601,-0.0007277305314164,0.0004340890343776,-0.0045792750319192,0.0063361620922245,-0.0249339577575659,0.0072702497822728,-0.0081079106468854,-0.001050063618429,-0.005746459115225,0.0145482161296901,0.0034268228409255,0.0028740937666679,-0.0034741525838754,-0.0003897249835361,-0.0093854575935739,0.0045407738660377,0.0123820589396644,-0.0070607456264776,-0.0019320428577099,0.0242481615390157,-0.009547663080742,-0.0061802211796832,-0.0138639508781159,-0.009899288993341
Emerson Boozer,-0.0176669109009796,0.0297968071069389,0.0127004549517163,0.0689965049683519,-0.0275810412783307,-0.0208086610993103,0.0302421203152797,-0.0160452152864228,0.0094745098699349,0.0012135364960294,-0.0111282989120458,0.0566538360936629,0.0393776379661526,-0.0423682975718275,0.0020551870161281,-0.0173653291159514,-0.0107116496448574,-0.0530943446580938,0.0177084358051958,0.0536044312696238,0.0650352769471206,-0.050364491661391,0.0419409893405749,-0.0179011915139693,-0.0273958883396679,0.0119526045325019,-0.0112132710552085,-0.0262888155915098,-0.0120772023171955,0.0035702595162373,0.0297560626857359,0.0015512595517793,-0.0531697224261213,0.0457162544776357,0.0425002340387163,-0.0246660222813474,0.0307852764256498,0.0005372758893097
Emmitt Smith,-0.1109501160324899,-0.0680590274233404,-0.1065608757407584,-0.0025522219683032,-0.0152747500118337,-0.0098261810672915,-0.0064173848908288,-0.021006546412712,0.0210815867241209,0.0212823029539469,0.0366090934763494,0.0871822453218425,0.015379926576574,-0.0012447638114621,0.0462817960185179,-0.0639070451726759,0.0113711552922734,0.0279982319665921,-0.0894606160690516,-0.0280330989987189,-0.0362737325063483,-0.0219221169337307,0.1140547647216729,-0.0536508101273678,0.0724416343410488,0.0289869752425914,0.0244172779373563,0.0122300253012396,0.0744394244115854,-0.022968035096532,-0.019888351771057,0.0907280555660608,-0.0551000353568292,0.0226042892363718,0.032222848164837,0.0937743642445725,-0.0270128247525662,-0.009353139831142
Equanimeous St Brown,0.0186457394821405,0.0237025631377752,0.0192051721985616,-0.0198456665670612,0.0249298747686888,-0.0460576089726953,-0.0152410823673495,-0.0247446489215382,-0.0314617453256475,-0.0064549011991086,0.044851575284005,0.0216289536144037,-0.01076160416855,0.0205407713434697,0.0157039845418903,-0.0336163904383262,-0.0323305093332593,0.0198768528456638,-0.0522869267825626,-0.0089570089661915,0.0340771881582632,0.0110859372853354,-0.0374741054932776,-0.0292216410041789,-0.0331916396229604,0.0277291698728338,0.0060636869706137,-0.0425496564562008,0.0127889818826205,-0.0070764451252959,0.0024678798292382,-0.0348172662864317,-0.0199723714267968,0.0421509889129241,0.0028301800254766,0.0063571201549022,0.049393861616163,-0.0443929170598354
Eric Ball,0.0082897862250278,0.0102538394177557,-0.0186133725875989,-0.0249447429039375,-0.0094665735157714,-0.0469731317391854,0.0180527910500113,0.0089631969556296,-0.0350181875794175,0.0150070559237736,0.0263051380021712,0.0213776304402919,0.0299391622824258,-0.0491638884824649,-0.0321504157068593,0.0296773402395988,-0.0126068012010251,-0.0026988365318266,0.0049687905304739,-0.0038927259827651,0.0113717692097663,0.0146093214056642,-0.0065008667546137,0.0096215802943348,-0.0075547339452456,-0.0254941279861096,-0.0142759110819572,0.0255535861756797,-0.0103264647848135,0.0261512978985438,-0.0205338950394455,0.0172531368898993,-0.0579185487010568,-0.0423907911473904,0.0134533736023738,-0.015124831367283,-0.0239608086814516,0.0011143112129603
Eric Bieniemy,-0.0038158371677487,0.0115571582521845,0.02667570200562,-0.0492923331569053,-0.0376789629197607,-0.0127653271915904,0.0022065835785314,-0.0075020592985845,0.0201392024425767,0.0425378705804136,-0.0021069580837602,-0.0243465223235225,-0.0449700897395663,0.016034269395499,0.036489937487059,-0.001224242175687,0.0102948167058402,-0.0281708372314132,-0.0140784194461021,-0.025770659597695,-0.0449171434043995,0.0427651965244679,0.0144163224461062,-0.005681433645124,0.002509753186276,-0.0286390748667317,-0.0094801343372032,0.0456177354079037,-0.0056430999797233,0.0106298590813115,-0.0639706678046975,0.005918745419625,0.0001972335071416,-0.0066653529793631,0.0185643466917117,-0.0102667191815246,0.0533089194414799,0.0465467309984396
Eric Dickerson,-0.1111861639577699,-0.1157913379564868,-0.0851786273828867,-0.0003002593833989,0.0478114021928738,-0.0183263889857565,0.0090445268973636,0.0026117559377599,0.0185344122049051,0.1097020270067111,0.0662873796369531,-0.0439661522461323,0.0479295704232213,0.0340740419378854,0.0076436665800107,-0.0292139144110521,0.0277595503477403,-0.0593425960147518,-0.0587626713591941,0.0008684601734132,-0.0513448186918996,0.0301841381936414,0.0533080962953728,0.0461185264595707,0.0504935336382734,-0.0209055867338193,-0.1502939945867796,0.0090279516794004,-0.028728762283204,-0.0684135483668922,0.0467783859347051,-0.0399042617658019,-0.0281455285464461,0.0123677233878531,0.0380080390298092,0.0367288680312657,0.1077173166767217,-0.0586414168119938
Eric Lane 2,0.0201413697442638,0.0039049739214424,0.0029934980308337,0.0019059235185362,-0.012100451778124,0.0234407037311233,-0.0220472444606095,0.0077019267647503,-0.0374096409447658,0.0177414688907795,0.0420775531294859,0.0118341507678481,0.0002372583329895,0.0195088110412168,0.0049977078762343,0.0114335739545016,-0.0109495212804084,-0.0453646599578429,-0.0117339169048521,-0.0148358796862729,0.0146172133679259,0.0130026964909525,-0.0077332201231438,-0.0238761941487137,-0.0006232392598371,0.0020256859346388,0.0037437606008998,-0.0195895602142976,0.0127245870756199,-0.0314707636172871,-0.0251046238146629,0.0112077571173144,-0.0179500068398973,-0.0011451988339209,0.0129470722631565,-0.0100381857627207,-0.0379054369875916,0.0044994132813083
Eric Lynch,0.0285937050973614,-0.0120076485078507,-0.0280035514810894,0.0133114963469595,0.010610804916229,0.0190675021987051,0.011967500456167,0.0199395576619095,-0.0338660217347047,0.01227336928554,-0.0179153503458456,-0.0011835803512364,-0.0072105817140936,-0.0205381674427554,-0.0027229333456405,0.0213941240517895,0.0025257422115348,-0.0122602294139904,-0.0257362875240992,-0.0004155367434348,0.0149059773781178,-0.0041607226769375,0.0086620044706717,0.0321214572194025,0.0105692004156486,-0.0104312851175222,-0.0055889272224916,0.0121016217554262,-0.0054584961646429,0.0107375381785235,-0.0119157414650656,-0.0031211761983821,-0.0059678465437016,-0.0090167300202736,0.0129460132298456,0.0118314333976445,-0.0218417159609348,0.0127553585314983
Eric Torkelson,0.0116056301622953,0.0143672026280777,-0.0108114096775056,0.0088508229953072,-0.0572643763376695,-0.0157030120809773,-0.0042306721989229,0.0219693809652523,-0.009966397417386,0.014030920566032,0.0044423001032019,-0.008954136293293,0.0022583033733884,0.0020074261093785,0.0079057584273752,0.0219685750880059,0.0005833060420955,0.0216922595450445,-0.0385365419184011,-0.0150526545294268,0.0038432896175997,0.0221011343726804,-0.0241351971295637,0.0206834001089208,-0.029003994595347,-0.0378453181051371,-0.0507841207044867,0.0179985611251244,0.0221897955602561,0.0060427764558488,-0.0268432841138905,0.0062320200638063,0.0225769281652029,-0.0039477595070522,-0.0059616749018747,-0.0069159790020545,0.0028228800766558,0.0011947633778497
Ernie Thompson,0.0302345126049645,0.0070997973034245,-0.0033486661500343,0.019262244775782,0.0212623558317396,-0.0169863770468301,-0.0118616318706449,0.0235388003084783,-0.0619925394970058,0.0020551678616736,0.0042905964928577,-0.0017396018488247,0.0393897027320753,-0.0087923578450368,0.0173503948503381,-0.0534412903745658,-0.013089296819552,-0.0094762801650786,-0.0222663150385401,-0.0178454388236926,-0.0016608280810112,-0.0147801188628236,-0.0388105784969991,0.024703764086953,0.0156862292991494,0.0182526966057301,0.0097392372783306,-0.0084409541590695,-0.0098199579912494,-0.0111262031485699,0.0008901713571957,0.0224752340967457,0.016013688949026,-0.0050198795516229,-0.0176956181550026,0.0011192502865495,-0.0072350846484533,-0.0097161273756548
Erric Pegram,-0.015869286691258,-0.0209773292169509,0.0380709670400423,-0.0173525931949761,-0.0239195109316377,0.0056142753054726,0.0514584093556359,-0.0080069378491976,-0.0007160363487564,0.0088600873105534,0.0197220632988777,-0.0579134565582578,-0.0166105499835555,0.0119427678083598,-0.0099603447624465,0.0300823661237058,-0.0176784889570943,0.0091871321690003,0.0015335359308907,-0.0341785605157313,-0.0529991981251359,-0.0332010532002707,0.0247394342932096,0.0043661702412518,-0.0380827952724161,-0.0266226934745198,-0.0213984502659219,-0.0160105113548016,-0.0038677869512878,0.0009884429919528,-0.0109370844881219,0.0058003430099276,-0.0052050928223219,-0.0513407575358386,0.0245566540034293,-0.0362986457336613,0.0190230586920709,0.0004607070830925
Errict Rhett,-0.0215142195327095,-0.0429967923128026,-0.0311267456954186,0.0033527934040044,0.0009732150097551,-0.0244197272393159,0.0130650863752038,-0.0489860099793037,0.0278537681912909,0.0228503998539175,0.0145206659233422,0.0364059317011555,-0.0524754111834277,-0.1013047939100344,0.0032917151905771,-0.0516740662347736,0.0098265955822822,-0.006131891119879,0.0342130221916082,0.0062913515212664,-0.063205848227907,-0.0626930309645376,0.0004571149295726,0.0139751141152541,-0.0233711929530818,-0.0183105508374186,0.0697793726508585,-0.0569091062446946,0.0665018271140965,-0.0493869594023103,0.0236521964792261,0.0013236285258895,-0.0564845834684136,0.017773503420344,-0.027274367336169,0.0003191598165188,-0.0062203365542128,0.0754392185948742
Essex Johnson,-0.0235131533720779,0.0728680847994102,0.0052627992403881,0.0460807966996498,-0.0184432738650759,-0.0341083084923927,0.0167912217936335,0.0501062431812175,-0.0154945107303499,0.001426172992451,-0.011295578131236,0.0074885812016735,0.0278197531820153,-0.0375004111427922,-0.0035766422529642,0.0119392271830125,-0.0221640964746509,-0.004734518735658,0.0491809703381895,0.010999726954157,-0.0374011992218159,0.0313452388539609,0.0160193073209124,-0.0547065425682987,0.0027426639665861,-0.0432142825636635,-0.0551127570722825,-0.0448547424252317,0.0197764602265677,0.0419668122701266,0.0062366521860873,0.0310930589760393,0.0050750044440799,-0.0178402154226667,0.0034605713212997,-0.0062082004837915,-0.004371782429944,-0.0132351219555776
Evan Royster,0.019061761140562,-0.0073608602180007,0.006299984831926,-0.0126240029972507,0.0226187283074523,-0.0229255780657485,0.0177303752125314,-0.0026939149966708,0.0117476011502603,0.0026984030771319,-0.0392291412853648,0.0143941207878123,-0.0190880179892786,0.0006493365755525,0.0059180347921087,-0.0089943813779073,0.01187195892326,0.0139107830408591,-0.0199422167867397,-0.0206179028308526,-0.0069798541471427,-0.0121819654299563,-0.0214078957383103,-0.0125689393620237,-0.0019202373207743,0.0169612937580621,-0.0011209606238337,0.0105127268429654,0.0044311092859305,0.0031220970312173,-0.0044284972757179,0.0107580964976031,-0.0003313073315363,-0.0090204569990679,0.0106748921555479,0.0109490614021559,-0.0133861902347904,0.0094700902031906
Felix Jones,-0.0255009145018648,-0.0011701091103311,0.0403026138778612,-0.0164984936093496,-0.0004751021905721,-0.0114689786218797,0.0020841261721233,0.0449922577199536,0.0360118780545024,0.0639200206571043,-0.0464215803049507,-0.0263110468437003,0.0048705258225397,0.0467474920330372,-0.011726111578867,-0.0008573153969169,-0.0308946474643975,0.0297803241283115,-0.0333358299097238,0.0023937763024445,-0.0301999131188141,0.0102367558557206,0.0203444026167788,-0.0090848420716759,-0.0066481422215804,-0.002780395240376,-0.0614776675449528,-0.0402476465806615,-0.0019595085166047,0.0084265500538855,0.0132389503390781,0.0618908149917331,0.014983613776411,0.002015332354411,-0.0357412273016196,0.003455474923678,-0.0353346580708858,-0.011517718190466
Fitzgerald Toussaint,0.0311745840910358,-0.007978101334372,-0.0024659078881216,0.0039146998319949,0.0043592803532716,-0.0022092525205904,-0.0061283479872343,0.006024574695984,-0.0082357481933943,-0.0077785274800086,0.0183403092241365,0.0076091448035295,0.0043187102997158,0.0089131573839626,0.0005171088849866,-0.0146051645470417,0.0176235015723224,-0.0060138597860464,0.005082391964634,-0.0167037710415648,0.0025252471013796,-0.0140105032687001,0.0172977780890692,0.0141391376660176,0.005863295146175,-0.0052015631593216,-0.0030366300617446,0.0089123593090269,-0.0172877682296449,-0.0005291403861279,-0.0085503260226095,-0.0081773314119864,0.026222672415946,-0.0058019553239396,0.0107071244267973,0.0093937303472532,-0.01768321290774,0.0057568688663512
Floyd Little,-0.0388055941859694,0.0467350408480519,0.0339206855136476,0.0940306186506087,-0.0336255799242523,-0.0290860413579642,0.0493455773352702,-0.0215884386674144,0.0059304899875569,0.0644649440445129,-0.0451955422493523,0.0522850118419811,-0.0481718365783091,0.0036603337433412,0.0022698193465327,0.0030984033485208,-0.0234632600746043,-0.0152789197887592,0.0886030871875385,0.0287939127083912,0.0093714598144877,0.0501812199487636,-0.0085315887650647,-0.0866592609316958,0.0038990564527424,0.0543626221302082,-0.0073017084658725,0.005292281248633,-0.0200426935557205,0.0105149290092796,0.0539221018325502,-0.0230683120489667,-0.0335211706310605,-0.055662643768032,0.0787411281090432,0.0425580965408939,0.0181172402052246,0.0529797325715908
Fozzy Whittaker,0.0111717171545004,0.020193957637994,0.0089138438520029,-0.0138539880363338,0.017361265958829,-0.0220005552641631,0.0089261943765676,-0.0021230531416275,-0.0038365491374638,-0.037055750085575,0.0144089965055032,-0.0034807406337874,0.0219926376949891,0.0091729405129304,0.0083224971978208,0.0195442045116797,0.009326520277926,-0.0062865523990925,-0.0043028003627316,0.0123328601280791,-0.0429747610724393,0.0007469735046542,-0.0039109697746176,-0.0101079670342522,0.0027465131622911,0.0015011917870174,-0.0182670018656909,-0.0033860350738738,-0.0007558244165516,-0.0059642730007754,0.0222735306348616,-0.0175536847616647,-0.0116035466243435,0.0118448188903589,-0.0317613391817224,0.0221787359918627,0.0097445066266806,-0.0054086506696468
Fran Lynch,0.0171642987056637,0.0132273165807603,-0.0234189990593938,0.0156268523728943,-0.0343484496315422,-0.0218228487156081,-0.010352257320848,0.0520648218519364,-0.0370950324879678,-0.0199429869955281,-0.0228254033225663,-0.013843448964116,0.0220172565554071,-0.0338723513239723,-0.0513902143945966,0.0179199819467003,0.0152524123536577,0.0234065655754128,-0.0217311020566449,0.0557569926720537,-0.0307010062631272,-0.0005482186541908,-0.0043428972716251,-0.005892984261528,-0.0238977812472468,-0.0321896602756407,-0.0063766998677003,0.0059582072626163,0.0247254400768998,0.0355592543627016,0.0256775288593455,0.0200297567951359,-0.0295517406800819,0.0262870158209347,0.0035010878863018,-0.0171125667071253,0.0164830555651192,0.0489706732562392
Franco Harris,-0.0496909129593881,0.0093112786377461,-0.0205009345199281,0.0622098096795045,-0.1090873792815747,-0.0100270765074246,0.0063290464243775,-0.1112156529006214,-0.0055139783572394,-0.0212046175893363,-0.054215365821039,0.0490795968952722,-0.0117260239683249,0.0077432067519552,-0.0114917844353228,-0.0208912719469556,-0.0946309369714688,-0.0171690297319336,0.008262852536248,0.0060239300577764,-0.0160618660641405,0.0513918171732293,0.0107926196640151,0.0492072908744614,0.0072968667854184,-0.0095583327131296,-0.0288465817711104,-0.0574357756972964,-0.0462977261262185,0.0465249771089241,0.0073169557964634,0.0275727577878954,-0.0165594382289528,-0.0038367055671836,0.0290217318205558,0.1020125086740364,-0.0065096759489946,-0.0015863073946204
Frank Gore,-0.0924513386677438,-0.0235313468672364,-0.0758398321103634,-0.0210453947707764,-0.0132449043746823,0.0126848130568201,-0.0439127000881366,-0.023736953323971,-0.0244771452889693,0.024301062331949,0.0244254174293765,-0.0580617258755989,0.1045272657679263,0.1071922863549154,0.0169638549707116,-0.0327624176027999,-0.004229393388542,0.0194773992865398,-0.0255925162067432,-0.0072600768368951,0.0322660848193636,-0.0974247599947153,0.0263757701417076,-0.0368105426998078,0.0718747002334204,0.0188375079941925,-0.0847232272040939,-0.0549508046884347,-0.0059416407649179,0.0323646345058849,-0.0258002301306287,0.0118854429885242,-0.0229614881292886,0.0668967689156676,0.2016940107742396,0.0338407144829845,-0.0596026902178785,0.0297636549063802
Frank Hawkins,-0.0012879376003026,0.0036779249349464,0.0014064534253258,-0.0343532039632368,-0.0065590358469052,-0.0002982302107468,0.0399046798098602,-0.0014818775367183,0.0022806841975814,-0.0256767185558862,-0.0103954924923974,0.0092403073516123,0.0123135061622202,0.0041446378548409,-0.0011971157159703,-0.0232439289058634,0.0242832475385632,-0.0100684057643474,0.0281221912415808,-0.0063265066844367,-0.0113511584599768,0.0080299276531633,-0.0165250690740958,-0.0142656415594164,0.0074412409079379,0.0302953197304091,0.0441538837726235,-0.022238751362493,-0.0144852354430304,-0.0013106059337006,-0.0298232888497604,0.0113530240454698,-0.0482881952146946,-0.022266240114066,0.00613226883461,-0.0117497084547106,0.0063432461921932,0.0089278432857058
Frank Middleton,0.020264308100268,-0.0040206209832222,-0.014596647635034,0.0027892042727339,0.0223746598205071,0.0021610203229615,0.0110102546184276,0.0046688340071829,-0.0195243673526304,-0.0010362330267988,-0.0085451014789039,0.0134849409896248,-0.0051918695866394,-0.0140194656067134,0.0109480335859666,0.0263042214506466,0.0021935447058798,-0.0022127429525509,0.0045382378026374,-0.0055181230552561,-0.0177946684871445,-0.0077965954916367,-0.0122849479902845,-0.0109190630457739,0.0080964539736034,-0.0116133971303256,0.0030684953546227,0.0144962984911866,0.0068406312497454,-0.0023888497428077,-0.0166881343675784,-0.0148836257216041,-0.0052472608214267,-0.0158543030324992,-0.0016009874137616,0.0030361100237311,0.0002668768927204,0.0040917036131812
Frank Pollard,-0.0157242871443895,-0.0228959966501142,0.0266757675740944,-0.0251958713042675,-0.0525931542421284,0.0162483838697948,0.0206708443803801,0.007299925310418,-0.0038710549763769,-0.0153526521349802,0.0292724204558786,-0.0522886110005323,-0.0167452516852571,0.0180833737528737,0.0116622807842134,0.0167610757814583,-0.0071606344552433,-0.0061273810794032,-0.0103335174306217,0.004709063815585,0.0048549379062323,-0.01625240066525,-0.0331500020860217,0.036063876152887,0.0149617973766773,-0.0103647581430929,-0.0044051483258783,-0.0307252072758802,0.0149969813515353,-0.0724471018226959,-0.0094787913590587,-0.0103902442594291,-0.0277360755216839,-0.0027342117637601,0.0054410659960371,-0.0894858284516386,0.0107424382597092,0.0012171255251462
Fred Beasley,-0.0010469323442234,0.0230614387609832,-0.0247639472850649,-0.041992949617401,0.0418179482612487,-0.020108941563707,0.0248678379213892,-0.0043967449898053,0.0115192143052934,0.0121212992953422,-0.0261291316386814,0.0407588773188931,-0.0040063655392499,0.0118099303437059,-0.0068121604538425,0.0356636680315421,-0.020314873362516,0.0334779941615265,-0.0120896457658473,0.0213198497633853,0.0451192951769297,0.0166257847008748,-0.0289612929239607,-0.0047781853856102,0.0204618842750538,0.0186279232543396,0.0093894160275021,-0.0231412323328945,-0.0196943283297929,0.0354733934969209,-0.0121326886558216,0.0215817424233838,-0.0346725744923887,0.0401470340208265,0.0100201525022525,0.0109492958526605,0.0121859656480947,-0.0030898841043482
Fred Jackson,-0.0505421263747093,0.0242383723857274,0.0313068431045195,-0.0095471822071304,0.0018198323439733,0.0222927156896811,0.0137361706309482,0.0036573520446789,-0.0289461514820168,-0.0108481404882821,-0.0124760766752653,-0.0474809471295353,-0.0457694126105113,0.0343377378180988,-0.0452073007994732,-0.0487204405631743,-0.0052668661824496,0.005614000395427,-0.0084349763363296,-0.0132245691080107,0.0006022348406764,-0.0079695276958089,0.0164767540148863,-0.0682996842895384,-0.0191011085682743,-0.0020416670850023,0.0204453383957691,0.0114309434117713,0.1168693729448352,-0.0427714893592025,0.0115062612634079,-0.0779533170559449,-0.0258730803272862,-0.0039937745147929,0.0223518418354476,-0.0313918223663034,-0.0184889798819044,0.0285671105595151
Fred Lane,-0.0115094343142544,-0.0630760364136163,0.0347595773325224,0.0134450988777155,0.0283519692493487,0.00096247395718,0.0056118799003222,-0.0465554740130986,0.0047767524514985,0.0012166547086031,-0.0123403379205998,-0.0336305787058971,0.0100341817770891,-0.0136120383515042,-0.0108781753841416,0.0180355243014529,-0.0171766209488127,0.0109059131552671,0.0059537156917417,-0.0267335277953038,0.0224377877401125,0.0378168598881826,0.0073618703762772,0.0384490598077179,0.0009490787870645,0.0127239805766252,0.0210673040034676,-0.0202988821097961,3.823500592851236e-05,0.0182940934596974,0.0058751198381105,0.0321730723735997,-0.0288873741717591,-0.0130419108990093,-0.012945847911708,0.009672379165192,0.0141525683481906,0.0169059193739314
Fred Mcafee,0.000638844095797,0.004198367909218,-0.0453778788944304,-0.0927754681270714,-0.0884977372185259,-0.062762863489692,-0.0703566419531125,-0.0896892112940553,0.057987785257044,-0.0413443572456488,0.0817914698440312,0.0101066379229284,0.030969305166595,0.0080809304374616,-0.0920264504467341,-0.092425296906393,0.0215238571281751,-0.026800182375571,0.0370809652908711,-0.1324775448573132,0.0113537731631562,0.053789508490118,0.0167870246532733,0.0410581703742517,-0.1975365288626021,-0.0312131053194178,-0.0050786935557298,0.0330473704302677,-0.0287320738513382,0.0234085432894898,-0.0307056577278039,0.0042433103791494,-0.0493967010263574,-0.0590395850440212,0.0101628885990827,0.0228861571051854,-0.0087494858522882,-0.0937513062508558
Fred Mccrary,0.0271655026796788,0.0068571172661655,-0.0259202659098901,-0.0182669044708808,-0.0124176934170271,0.0635303015807139,-0.0235797788459426,-0.0314854524258675,-0.0427224061626585,0.0415516226480327,0.0290148099235057,0.0304474704603178,-0.0046618595982191,0.0265571502211354,0.0061778565380066,-0.0213301334918267,-0.0443900374226094,-0.0349120636005703,0.0252957712434681,0.0127610507797059,0.0097948572296593,-0.0206842438225803,0.0181377236050664,0.008428127546537,-0.0273678189778555,-0.0098976976810291,-0.0001625643451428,0.0063937730556238,0.0290715459918583,0.0366573521709063,0.0074265647090254,-0.0057297030628478,0.0337597289663461,0.0287664871244841,-0.0202494894645438,0.003527286640622,0.0120477597524904,0.02579669270868
Fred Taylor,-0.0762649766873765,-0.0272901992854712,-0.0571010592476801,-0.0123342611855228,0.0059669272248748,-0.0475668871250978,-0.0967342805462221,0.0084365838449304,-0.0159006987222076,-0.0110488207589794,-0.0120258201662228,0.0352206576914401,0.0103139769445116,0.0410506464431211,-0.0022799615296106,0.0568026110693633,0.0107526772504376,-0.1102315873827753,-0.0083016609425497,-0.0817688453308691,-0.0248741676572357,0.0216422113126837,0.0523320641107086,-0.0274620617017271,-0.0296872068439317,-0.0166527856015112,-0.0239116097340158,-0.0970047176788831,-0.0135764257775902,-0.0593126526712669,-0.0160946178233555,0.1146453100094854,0.0632725796310629,0.0366698056560403,0.0003025926637198,-0.0896833446055955,-0.0081345167144257,-0.0164580443851195
Fred Willis,-0.0147163767304077,0.0404490513587561,-0.0008464434731063,0.0655852454496796,-0.0111449346636584,0.0071514131928555,0.0054940011757485,-0.0167461365223682,0.0308009776499713,0.0105890120535764,-0.0313117060873489,0.0075879734391027,-0.0548204303657914,0.0071408437095454,-0.0242786673449168,0.0054902958450956,0.0170665005205917,0.0312498681311432,0.0220932093306063,0.0009390442070743,0.0258811640922494,0.0235856552883803,0.0299877136727936,0.004299269194476,-0.0039525562884515,0.0380253250701912,0.0305195642047039,-0.000105707102058,-0.0127842151519136,0.0027833408671211,0.0136848876048775,0.0387551299397889,0.0119976768859651,0.0370481325439243,0.0248629316830067,-0.0144082997013656,-0.0057140397075547,-0.0315983607109937
Freeman Mcneil,-0.0614124785655991,-0.0079689382896521,-0.0483545736010467,-0.0242422110800571,-0.0066868096081959,-0.0202072730442933,-0.0155945741119847,0.0166009692876273,0.0103444077500905,0.0634909239905324,0.0504609591512454,-0.0556448022951821,0.0224559434646883,-0.0082449901562498,0.0466119588762748,-0.0444794400926465,0.0283640296826554,-0.0012914420174405,0.0489346712526697,-0.0551321859899631,-0.0400674405389396,0.0033933246358216,-0.0754774813240326,-0.0201297632193282,0.0391101933483897,0.0237715992495517,-0.0250051781207522,0.046468109187164,-0.0676405285764248,-0.0529768585775627,0.0398660082362429,0.0144475158549314,0.0508448302463748,0.029346488715087,0.1302025137758362,-0.0501849374857893,0.0228165017344602,-0.0661801873313129
Garrett Wolfe,0.020912185659122,-0.0040197458680771,-0.0010825551042234,0.0017785677850525,0.0069570369462243,-0.0322538565429765,-0.0126612333160986,0.0185056561003331,-0.0078971155597614,-0.0429068798962371,0.0056346865152924,0.0084647528171675,-0.0047039747528285,0.0149329813325027,-0.0559723185389428,-0.0143633563317011,0.0219015984996756,-0.0113135776323856,0.0258996529630604,-0.0119631156647786,-0.0067362691085273,-0.0174129656297568,0.0003456377086891,-0.0234411705063561,0.0262364512225285,-0.0355663970511318,0.0167432520231284,0.0183619658690482,0.0047157192402233,-0.019979222227605,-0.0429626211219678,-0.0082717562717079,0.0220693190316998,0.0241457312640753,0.0268366046945112,0.0176009854543039,-0.0198996722594352,0.0138754102689654
Garrison Hearst,-0.0440835458630621,-0.0082695424594962,-0.0140967941922794,-0.0293468879138341,-0.0393185689967913,0.0222713700432877,-0.0236104824828646,0.0228802463824786,-0.0340219081675869,0.0419523898943186,0.0005720662951713,-0.0420946677724076,-0.0153272271605539,-0.0515456145909342,-0.0205663223291784,0.0029122031018758,-0.0184346831697465,0.0991265373703931,0.0824885697944271,-0.0126119990323424,-0.03055708808726,0.0389527223979153,-0.0240485824024269,-0.0941179673773624,-0.1212040552332819,-0.0233587264659994,0.0273027421596654,-0.0436915221515825,-0.0833403111096815,0.0234230114769945,0.0250734736912719,-0.0861098449806184,0.0398500576055119,0.0288304415044456,0.0139137121421118,0.0472723010314131,-0.0198078710966221,-0.0307571974617817
Garry James,-0.016987337501142,-0.0261681788567061,0.0409848754763121,0.0274923235076746,0.0513013633670799,-0.0058969761704315,-0.0240189538434873,-0.0312679545315043,-0.0165282315217642,0.0499598323066661,-0.0291184009270729,-0.0140132935723905,-0.0047746465087289,0.0486570895233958,-0.008605539416526,0.0394701358503855,-0.0202103541313981,0.027467615554193,0.0170428189532231,-0.0060932395409694,0.0329647684690928,0.0368910964147215,0.0137674322222865,-0.0152532522386986,-0.0085050321074839,0.0280368337954634,-0.0133703582901381,-0.0429186535539812,0.0246720859826736,-0.0115007694306882,0.0198156549472376,-0.0191711922085461,-0.0396527424537219,-0.0379602976982383,0.0288783460357555,0.0182034465587791,0.0132799077469706,0.0136757548260729
Gary Anderson 3,-0.03345566281332,0.0390526662556799,-0.0357859342595242,-0.00499258784166,0.0340913294589702,0.023060097904519,-0.0114396515208732,-0.0309745948387675,-0.0231044035674547,-0.0618821039660833,0.000405523904478,-0.0519584616074738,-0.0372581195837474,-0.0087413202109352,0.0683314232044849,-0.0238050535992454,0.0118579171776814,0.0364708674479375,0.0342358789940958,-0.0161171527695174,-0.0318952060317712,-0.0229523892164603,-0.0335312452199386,-0.0174838014926299,0.0325709761303805,-0.0050158894039719,0.0314239045778383,-0.0155315853210631,0.0798112294834891,0.080301855723232,-0.0012563361094665,-0.0292145100349293,-0.0258692019481747,-0.0047129584969738,0.0105774866092281,-0.0298660258680027,-0.0012125515890349,-0.0334566082369747
Gary Brightwell,0.0317342815753694,-0.0095924483615116,0.0086120317992517,0.0151137047238617,0.0078537878179659,-0.0005720159944163,-0.0035677213431315,0.0098156348848211,-0.0078419083726368,0.0064599104095685,0.019195151910283,0.0002760086033012,0.0050017418537705,0.0007545788858491,0.0296717509171142,-0.0079251479617408,0.0046175316773071,0.0140040236437409,-0.0259812316772871,0.0011265833109794,-0.0012524392888629,-0.0157140006892602,-0.0124172216008363,0.0038142608250868,0.0110065527572764,0.0122453766758635,0.0097661334449579,-0.0096502622645128,-0.0033748543565593,0.003074361309344,0.0052462917413585,0.0244921295656199,0.0024648345569903,0.0001011041349718,-0.004978977405925,-0.0105807139804227,0.008987689413504,-0.0061577965838932
Gary Brown 2,-0.0131672665465863,-0.0154342775064981,-0.0081754115348015,-0.0377959467712565,-0.0543610967087805,0.0158920934969185,0.0319589608773518,0.0169267980846266,0.0140228701832977,-0.006335416270892,-0.0860902826372452,-0.0701882079062312,0.0291282447457828,-0.0682604818844613,0.0279965763402161,-0.008790832987279,-0.0100466023440593,0.0635619148842013,0.0012916420302921,-0.0387549390025467,-0.0315383299427017,0.0115674288081921,0.0104831545089928,-0.0046204742537535,-0.0609824485560294,-0.0339423255674258,0.0379896328394234,-0.036176355133676,-0.0349032504428604,-0.0563559956592314,-0.0275932580259149,-0.0870366388971067,-0.0144253960822976,0.0552551381108215,0.0075081728249811,-0.0074516215097191,0.0066299197938435,0.0017342579125796
Gary Davis,0.0031312555423315,0.0134063237413406,0.0285863390915164,0.0395838225167694,-0.0362754404272722,-0.0375937458415238,-0.0139465178275172,0.0243944151436516,0.0360480633198724,0.0234337834993284,-0.0115091137388684,-0.029397423767079,-0.0235589159989221,0.0120518708522055,0.0039708562523707,0.0213717216047632,0.0077467659531348,0.0017772841444554,0.0644780859408758,-0.0064649377749777,-0.0151967157398825,0.0245771584488594,-0.0137122347057393,0.0027892605501228,0.0453557975432439,-0.0360488775974561,0.0249944422421006,0.0368979632244273,-0.0099904801687182,-0.003098485389409,0.0215476425315974,0.023385750053956,-0.0248969588723216,0.0405726211971322,-0.0151787533232183,0.0413158079309633,-2.0931743677253537e-05,0.0052257309701368
Gary Downs,0.029899318817874,-0.0108542130387008,-0.0131565906406828,0.002996184184607,-0.0042813137820843,0.0135661572903515,-0.012380922030633,0.0103707057270736,-0.0186841578914186,0.0041604539350717,0.0015274466210089,-0.0078008849655547,-0.0018132997856183,-0.0093833838959667,0.0005868551482543,-0.0097512001177538,0.0035089440300522,-0.0027180780903147,0.0031108255765336,-0.0054742966693519,0.001068726020909,-0.0055582758233441,-0.0105667179685198,-0.000358874169077,-0.0032792772502565,0.0053364290636709,0.0124859439297175,-0.011549033359234,-0.0166658413329544,0.0167700110860624,-0.0053960686461842,0.0028101619082279,-0.0038069501402219,0.027367003404077,0.0043376883142807,0.0084162154378069,0.0167474215750676,-0.0172070424375399
Gary Ellerson,0.0107014249051334,-0.0214050526204307,0.0312089640043233,-0.0134185167743835,0.0177647083481636,-0.0294924960384389,0.0179050930231277,-0.0212521823185862,0.0080013287967836,0.0051026915429396,-0.0234852911336662,-0.0172581507439922,0.0176572583134447,-0.0101222663022512,0.014324469198445,-0.0186374380417365,-0.0181549912696257,0.0128870941493378,-0.0043339311137215,-0.0240501789548518,0.0267501975676424,0.0057644029734637,-0.0139634216939621,-0.0258679845530897,0.0046246102043197,-0.0155082426687803,0.0068499342120008,0.0126219864311545,0.0081440060963849,0.0048456297442697,0.0032895389459234,0.0365506597047351,0.0069346363092222,0.0051706366922156,0.0344029232594213,-0.0054251638148953,-0.0001743369848024,-0.0137608212340879
Gary Kosins,0.0350873573647983,-0.0082568698815686,-0.0056978319087297,0.0275790054107909,0.0142216059453116,0.0272995295612269,-0.0141884548590994,0.0072710902643866,-0.0042595776939983,-0.0052966224938872,0.019428902007275,-0.0019219488899965,0.025995951977109,-0.0046748378716679,0.0104522822449492,-0.0186873074889705,0.012186740889374,-0.0010696157991831,0.0030892314215051,0.0010786022952481,-0.0170510075256744,-0.0065586000451442,0.0058067395954634,0.001906459214703,-0.0002639270868224,-0.0111669942050666,-0.0005352514914113,-0.0094443568977034,-0.0116816451778515,-0.0039395311201813,0.0115970032947206,0.0163928439860313,0.009858332552332,-0.0220792869195701,-0.0080793072844319,-0.0057734677516295,-0.0064254628688712,-0.0058796367281502
Gary Russell,0.0356745630404785,-0.0231973256639027,-0.0040194996687396,0.0002123726406045,0.0122410169557796,0.0373044856936261,0.0069536845697334,-0.0143684820452876,0.0307332664221023,-0.0029072040412261,-0.0091956008127195,0.0212663274218049,-0.0094291296899171,0.0147092177147944,0.0087393095080053,0.0004660453355615,-0.0133870387531724,0.0167919133674367,-0.0086805312935393,0.0118505316072801,-0.0068421195808821,0.0241566985880019,-0.0306679845754116,-0.0251475680378452,0.02304337974291,0.0046869624308641,-0.0063489855947246,0.0035390574539391,0.0177744811152525,-0.0063390846663435,0.007178207963829,0.0079573617734236,-0.0082535508950651,0.0102622624772977,-0.0021105560243868,-0.0111495492362544,0.002365809503189,0.0139241333068965
Gaston Green,0.0023190781266302,-0.0336484413945942,0.0586526210093988,-0.0037736200204595,-0.0038894155641099,0.0148834957546052,-0.0579893085806629,-0.0374779424222546,-0.0382776552203964,-0.0513371821452034,-0.0141283834043262,-0.0119701664474633,-0.0129596887790469,-0.0374630520693925,-0.0012000054932796,0.014250790489173,-0.0061396819172384,0.0125194058267289,0.0179756513716837,-0.0346280259585718,0.0065892450042204,-0.0520300732236344,-0.003592707987556,0.0058226958419837,0.0343606113400661,0.0295117216308317,-0.005666223786768,-0.08630641979348,-0.0189014432445561,-0.0362923112434075,0.0158809941674144,-0.0212725746311229,-0.0011574167659478,0.0451939403471898,-0.0216274319629717,-0.0167287263299355,0.0335864022849469,0.0063639187336777
Gene Lang,-0.0041623951313926,0.0280843533541244,0.0162447733252848,-0.037722650416323,0.0037662341315142,0.0101598581621937,0.0220344356527637,-0.003376477481256,0.0116985610688536,0.0397081610938035,-0.0474839301725908,-0.0100811543750939,0.0073191490491442,-0.0371365921131918,0.0572578004119472,-0.0198881277777983,0.0039942179591744,-0.0323800973261945,0.0474242305799486,-0.0102301315627773,-0.0307315653842227,0.0165098723164207,0.0674050324678668,0.0057236689660166,0.0259433225213486,0.0060833638367903,-0.0043517882965879,-0.0133290978291957,-0.0145130990222329,0.0059507181468344,-0.0151809467935553,0.0397004799000811,-0.0232756581715481,-0.0027606444923133,0.002278904110903,-0.0025107121612285,0.0121455882146967,0.0330312158192666
George Adams,0.0062710290440506,0.0194090596838402,-0.0381157393091839,0.0013978816105014,0.0245312767202182,-0.0011743341846497,-0.0102063193729216,-0.0189525518444412,-0.013058140994965,-0.0162126198840028,0.0087909910189202,-0.0127732320134749,-0.0205153957442578,0.0115604642430349,-0.0147715788897463,0.0033863509407854,0.008621589233072,-0.0302237734563654,0.0238304234646172,-0.0350042518504793,0.0069495609821601,0.0159105259586978,-0.0208380483675046,-0.0243135655022714,-0.0329065606542004,0.0075579584922097,-0.0061616257569133,-0.009057767495106,0.0250893404849857,-0.0065839394744652,-0.0400202755683466,0.026352869076838,0.0198006692389728,-0.0202767790470882,-0.0359291087978621,0.00198229829389,-0.002070859619926,-0.0091501575103826
George Jones,0.0195535749588354,-0.0109646869520002,-0.0017499763726306,0.0111535936299427,0.0291715489635313,-0.0042482139607309,0.0007860269935256,-0.0023060994354944,0.0004339125386679,-0.0076040216705996,-0.0039336511870164,-0.0168994959233419,0.0037509982196784,-0.0106642868458551,-0.0028728792077719,0.0106507362045508,-0.0128790412473553,-0.0045515598233248,0.0274006358491618,-0.0034422604395814,0.0039195499054501,-0.0186153180822721,-0.0074207365901101,-0.0084204172515274,0.0080795038507269,-0.0202052844318473,-0.0028498585572803,0.0024877018766918,-0.0084754321014217,0.0023905529492931,-0.0164495997680846,0.026948587160631,-0.0059091586957513,-0.0010245347406498,-0.0012061009298405,0.0100305501250561,-0.0013040222118762,-0.0128051931545457
George Layne,0.0234673634650332,-0.0142028572609606,0.0375982323869632,-0.1317881823176195,0.0349460048234955,-0.0907642342918552,0.0545131162364977,-0.073555183512497,0.1546700840799208,-0.0886807079947501,-0.0171587863672721,0.0710873044767731,-0.0083858428358849,0.0306787738057405,-0.0144842847021781,-0.0803665225154323,0.0019281323569161,0.0196821481396072,0.0070121351925762,-0.0231580742001339,0.0301075079649517,0.0308346571649897,0.0257547682627696,0.007269031356986,-0.0468438978474785,0.0668939947806682,-0.099520153112308,0.0339514984449518,-0.0421564223957062,0.0368255900561732,0.0359170768262999,0.0007112749732462,0.0251148024391367,-0.0223753065721566,0.0382561378294683,-0.0442665002410882,0.044162627593048,0.0043496115046585
George Nock,0.0148208398024155,0.0010641274788478,-0.0027512916161127,0.0564222345494544,0.0146988221096971,0.0107049521199559,0.0082916018593965,-0.0244160379285151,0.0099739871309319,-0.0053516103180552,-0.0075652742760656,0.029887606743227,0.0353851923629048,-0.0237022029084335,0.0028269826851519,-0.0177808143524563,0.0028392243965043,-0.0272948241201796,-0.0043522075204968,0.0322069430526746,0.0100692348597949,-0.0007130617563608,0.0318223578306317,0.0157989716016191,-0.0314448660687008,0.0051967377423365,0.0242912217557512,0.0058255472437042,-0.036932970143865,-0.0140609952934064,0.0065739424849279,-0.0009553491588108,-0.0075700662988395,-0.0086517681625479,0.0213979281352804,-0.028167664245054,-0.0074628330407464,-0.0213800294854473
George Peoples,0.0394434443131157,-0.0258102001233428,-0.017932292267986,0.0043492194748029,0.0117649543010223,0.0459613519592894,-0.0006152075074467,-0.0007598646084308,0.0247527301890277,-0.0033720787954282,-0.0253829853316388,0.0102519626240444,-0.0086705751937582,-0.0016672262608975,0.0029371434494881,-0.003871304210841,0.004749529703139,0.0042760146742618,0.0049697087910833,-0.01278299166865,-0.0038613745691913,0.0064333488319697,0.0182766388381938,-0.0086883144926314,0.0085915417965749,-0.0150824660993116,-0.0156964427945391,0.0068272145951584,-0.0072663806053234,0.0035533518386968,0.0059678057763795,-0.0030472379815559,-0.0004393612754619,-0.0127767842702665,0.0106671285586639,-0.004010953998393,-0.0146652052143231,0.0138190464091469
George Ragsdale,0.0264320441541731,0.0054730749612384,0.0174868186943942,0.0192364133803658,-0.0038689485918703,-0.0416084311227446,-0.0153456493940529,0.0249479583208687,0.0091097144814552,0.0154292393818192,-0.0023382058988356,-0.0359382772623536,0.0352982679512962,-0.0263223656743453,0.0345590623624158,-0.0337984065011153,0.002419263830772,0.0006200454293296,-0.0709618822333718,-0.0051898996602535,0.0127168370678562,-0.017725010044755,-0.0027009409713623,-0.007600422351054,-0.01137697269808,0.0203837364205693,-0.0009197604766889,-0.0200208820240849,-0.002646115704457,0.0120591212149596,0.0064823354423649,0.0081924970883933,-0.001985526170005,-0.0100719379050798,-0.0072928108774127,-0.0061678478460232,-0.0143516064178253,-0.0056684480274722
George Rogers,-0.0592368601713294,-0.1064602636558024,-0.0088970650209943,0.0050182692837958,0.0090205826444105,-0.0344362620655568,0.0080724187109042,-0.0515262225251144,-0.0113387715490255,0.0259043726635299,-0.0096536035905896,-0.0361425257345455,0.0613462458600556,-0.014044877927812,-0.0503936676633832,0.0532122455009677,-0.0092987574992247,0.0666573681967495,0.0377789691777154,0.0113500357330992,-0.0032635923273115,0.0091830044323088,-0.001051876262725,0.001943450560737,-0.0083625889380703,0.0567837229519529,-0.014570499641038,-0.0156700697012729,-0.0459787998505902,0.0751110455211082,-0.0437613484157586,0.0368511025827431,0.0800300345799456,-0.0396775271382991,-0.0597348756287179,0.0009985402324363,0.009272099838666,0.020424529888591
George Wonsley,0.0036719643479714,-0.0041603068466205,-0.0087423909685791,-0.0251228933026916,-0.00766007534301,-0.0089119540833565,0.0340429110618715,0.0479997635763402,0.0048453938512007,-0.0147991121743843,-0.0008706148681778,0.0205967843371513,-0.0460399578536874,-0.0038389733531422,-0.012471720540267,0.0405762526929203,0.0169685441169186,0.0050735838834281,-0.0057660117922943,0.0233826060640819,-0.0032951961100221,0.0064277366298229,0.0217932971963471,-0.0393189912301719,-0.0014744463498808,-0.0179582190234197,-0.0373874306067961,-0.0042096446893378,0.0196409121031372,-0.0189626648804473,0.0181504149894474,0.0426278635710506,0.0048678801309042,-0.0028208644244413,0.0166025267340514,0.0036377875655057,-0.0574964660724769,0.0504180266896581
Gerald Everett,-0.0030755590982226,0.071897457377264,-0.00249306254473,-0.0731543675894424,0.0301649090436423,-0.005867184835253,0.0072640613576171,0.0103830263188095,-0.0045089867591148,0.0556211402016938,-0.1665391479188751,-0.0209019120489598,-0.0186201082361101,-0.0404199890630099,0.0067166066195078,-0.0718305626077976,-0.0049320965935367,-0.025625900293528,-0.0354844895978233,0.0206628955988832,-0.0038437029816265,0.0341070246999866,0.0177138532668186,0.0134466995936548,-0.0260439550378041,-0.0054005562818473,-0.0545127151482848,-0.0215708226738701,0.0121882501170127,0.0221846430408344,0.0021696132743397,-0.0218786352668177,-0.0217409395433962,-0.0083705477436832,0.0309780234263973,-0.044144276283052,-0.021959571469782,0.0271218729522595
Gerald Riggs,-0.0589914797984778,-0.0517312589113711,-0.0197843959261098,-0.0149811518140921,-0.024317874027486,-0.0066430292665485,0.0268840039865203,0.0027360418571532,-0.0015975615703129,-0.0208943867860146,0.0034972907707848,0.0317402290074753,-0.0838443811611465,-0.0071544969450073,0.0499119630247097,-0.0409506093371984,0.018505349497145,0.0033328312639219,-0.0109156097808422,-0.0281788288093479,0.0154384426140221,-0.0225407292803785,0.0271431471394116,0.0146714119594369,-0.0085268256413496,-0.047916173623321,0.0089155195651731,-0.0560513320679865,-0.0410446365173148,-0.0865115261747876,0.039954335750399,0.016759732705297,0.0099721140737067,0.0649046576798164,-0.1142421715341966,0.0466931079574119,-0.0371195680992835,-0.0190730712256903
Gerald Willhite,-0.0202309685134399,0.0188431155580013,0.0033382790086896,-0.0142815229104367,0.0161417639213387,-0.0212276824570239,-0.0156763535250012,-0.004009865500389,0.0144460391465405,0.0139684279982144,-0.0141798656073574,-0.0037609739592125,-0.0445332692806677,-0.0337424265888423,-0.0536083855383172,0.0165458475246437,0.0370217065763924,0.0027702099554082,-0.0054611666290932,0.0241164754595263,0.0181821081394819,0.0276056816025455,-0.0032366460529376,-0.0072059178330296,-0.0284050638971394,-0.0248948628215932,-0.0161185867128097,0.038990112233332,0.0484057921154367,0.0096038479798055,-0.0486846429431754,0.0376409700074672,-0.0298950313461827,-0.0056363183027076,0.0442900995148079,-0.007284925558376,0.0308771522413362,-0.0368615254590414
Gerry Ellis,-0.0429926815821944,0.0228032407371926,0.027031990670999,0.0052203223500336,0.0346403054413861,0.0097269613833697,-0.0199109488913554,-0.012450533200416,-0.0029796567063798,-0.0784992133552204,0.0190805432817833,-0.0469085712674268,-0.0393194831957318,-0.0266242940914037,-0.0079061436342259,0.0127191452364965,-0.0584722556156711,-0.0130922981092809,-0.0141425468825427,0.0131180498964268,-0.0150100262475131,0.0335932255115727,0.0041556722394083,0.0018237030855659,-0.0203922713565337,-0.0148168873744433,0.029346112999829,-0.0309050608373724,0.0003465840142298,-0.0747060359948018,-0.0167106555665273,0.0424048153784679,0.0320589085361607,0.0058506897087596,0.0229872239920477,-0.1159495654480863,0.0312048135434344,0.0722242427696099
Giovani Bernard,-0.0318960206686427,0.0387916935317736,-0.0678424938907488,0.0007352703731153,0.0150470286432387,-0.0156922620025064,-0.020288436918666,-0.039939476586821,0.0056993692671089,-0.0236256728687127,-0.0216459644219021,-0.0108848487619277,-0.0322753532594284,0.0196932010790317,0.0150873976121262,0.0110032204568446,0.0058550405008864,-0.0087769219927215,-0.0260568941458874,0.0174550811676783,-0.0432457781715183,-0.0599573956622116,0.0181527902237124,-0.0276014976544566,0.0259530965403178,-0.0650686122528422,-0.0239862037821691,0.0425124550345496,-0.0027337585513437,-2.8460953399886062e-05,0.0279695317404683,0.0120191522514077,-0.0257418474627971,-0.0521069545701978,-0.0489808541726905,0.0598812823152482,-0.0446569108437288,-0.0340658048267564
Gordon Bell,0.0210437993833605,0.0055104120852274,0.0029759320625184,0.0399617900794508,0.0162158261768572,-0.0169449985445231,-0.0128299034482028,-0.0054886600043945,-0.0024632978549,0.0029451943466222,0.0034842233279114,-0.012121957170153,-0.024877647735788,0.0176925970782809,0.018358283927226,-0.007453080441591,0.0128549322935412,0.0007650760345462,-0.0288286783830633,0.0028822688852066,0.025625054410561,-0.0117697451744187,0.022208495895143,0.0063113981409935,-0.0080512253728393,0.0154971348543639,0.0309390086866715,0.0093654890228762,-0.0179980398211734,-0.0084950270727842,-0.012462181843373,0.0173436110328605,-0.0100192768449175,-0.0124789941368793,0.0088814896790817,-0.0015853015443837,0.0202649219917947,-0.0145081700663913
Greg Bell,-0.0545121126798783,-0.0359761174749208,-4.944694343907777e-05,0.0110358411827481,0.0229987203190385,-0.0172617136999416,-0.0247021004239347,-0.0484304905114671,-0.0209927964952998,-0.0284869723756074,-0.0380858517430722,0.0174874660523174,0.0453476675686457,-0.0598126163803803,-0.045209337196346,0.0697296044849649,0.0093598929469241,0.1010320907978872,0.0305659033361862,0.0373550537883319,0.0613732610679743,0.0046042535262974,0.0179419837294671,-0.0429986906531146,-0.0237769461436666,-0.0325398272661712,0.0172732756820408,0.010084428640923,0.0009283889564386,-0.0401144613607169,0.0188175362178469,0.0470712252765048,0.0377705927220941,-0.0971254142776728,-0.0102506990602203,0.0078122902686685,-0.05226911991122,0.0229189359464622
Greg Comella,0.0225993808709862,0.019816473977595,0.0140805481134345,0.00638692963467,-0.0030059066924251,0.0067011430259361,-0.0130352434363991,0.0100050287794205,0.0043947752500554,0.0544766747090873,-4.833145441528487e-05,-0.0246317520316393,-0.020845938141544,0.0022921237380305,0.0111565097415228,0.0024066067598327,0.0132213890376431,0.0064525539431848,-0.0712120388297742,-0.0012752019523696,-0.0272694699354119,0.0458188459603396,-0.0184117097988325,0.0011674351835591,0.000193846791219,0.0056373661669878,-0.0082187789842939,-0.0032391777855042,0.0107244671001481,0.0010849075556961,0.0057483582843767,-0.0133305390201283,-0.0159232166204397,0.0259454903224474,-0.0041522540700959,0.0065690407403648,-0.0095580678775459,0.0021025519672342
Greg Hawthorne,0.0088916219277592,0.0312814704074151,-0.0114059749387675,-0.0148247275650937,-0.0313307286194121,-0.0176039867170742,0.0068056065856798,0.038754969183802,0.0021206615111209,0.0003721907788908,0.0270192788272711,0.0225723257658695,0.041084166526729,-0.0425201097269937,-0.0496231496666737,0.045396803190365,0.0039373655974536,-0.0076701949151556,-0.0644263873297913,-0.0043781731571498,-0.0201183516404159,0.0108892058794888,0.0273557891538286,-0.0057707154296647,0.0282419220786886,0.0029335157995503,0.0056318245483612,-0.0076888332862287,-0.0254093410564297,-0.0323230334808484,-0.0536435989864479,-0.0253017642221418,-0.0051053472591082,0.0022981710068092,0.0257795932847383,0.0281666102845385,-0.0211327244668571,0.0253089992824644
Greg Hill,-0.0143212839539288,-0.0151693540954912,0.0342896746735949,-0.0108936143276536,-0.0105836390430301,-0.0560481956985613,0.0042229704409129,-0.000822516753864,-0.0222321269568203,-0.0161665097206892,0.0203893893861328,0.0062937310219709,-0.0208844539169647,-0.0614460534110269,0.0140035738374583,0.0268121836892582,0.0065106472498204,0.0175862179633085,-0.016334420155993,-0.0394046522297176,-0.0299571792060274,-0.0630170808205878,-0.0294078026221177,-0.0238950481502902,-0.0485884098523157,-0.0296151261292417,-0.0332021765188223,-0.0330584361669569,-0.033340110324637,-0.017185833760209,-0.0158031937497333,0.0022326690942542,-0.0126240700117918,0.002650231240728,0.0190498054149903,0.000632453120868,0.0364630969185426,0.0642821015616209
Greg Jones,0.0102382302358454,0.0100583029100867,-0.0374596526968815,-0.0455344624149335,-0.0278760039210107,-0.0010773516893608,-0.0014265818882033,-0.0219241034839522,0.0097982550695466,0.0091561008664046,0.0386522742959153,0.0373911719844053,0.0189973739321507,-0.0261457040960619,-0.0020131291229584,0.0191818758602534,0.0013365562904728,0.0024798967955775,-0.0134118500699173,-0.0260906489344158,-0.0243363766703252,0.0118230606183577,0.0062131436680448,0.0052146454056266,0.0019576620832562,0.0469647782653535,0.0128988045614302,0.0492698650207502,0.0294847880955534,0.0092564249750052,0.0051703126076222,-0.0115915642519543,0.0105529765373161,0.0391984808871881,0.0190504103203644,0.0355543547790533,-0.0063092356875166,0.0319798615637838
Greg Pruitt 2,-0.0343569315272804,0.0747177501035462,-0.0390102297846434,0.0275609553246442,-0.0601971579819855,-0.0289797077428,-0.020672176056257,0.0002937946042138,0.0331434485786735,0.0079293770348754,-0.001831999691198,0.0192724910517929,-0.0139185970745723,0.0036453667371868,-0.0395184114253875,-0.0492716263836142,-0.1348644978226805,0.0106883252158286,0.0282542711452115,-0.0257665291033926,0.0241070826053376,-0.011051711721164,-0.0247159702174699,0.0142150356273817,0.0202907740507736,-0.0511637080426937,-0.0202603227262255,-0.0140666262610648,-0.0187613426421662,0.0414918719390777,0.0657469888415308,0.0728250439156243,0.0798817309153213,0.0256556283528542,-0.0697965860256354,0.0222338333224363,-0.0517954906897992,-0.0125231650004144
Greg Robinson 2,0.0151327049473454,-0.0140296365537748,-0.0174081972237291,0.0144566208981553,0.0233290990764619,-0.0174873225737774,0.009164283658431,-0.0081313977869465,-0.0220810478317573,-0.0183952694853736,0.0096559607594133,-0.0092180044993063,-0.0229207079315289,-0.0126189081313279,-0.0420631318256859,-0.0015337621134368,0.0033782455146646,-0.0409976173482869,0.0052328576390988,-0.0554007969738952,0.0147999792752772,-0.0044364908237683,0.0017147921768429,-0.061226251855047,-0.0029489948855754,0.011119295807726,-0.0346233723637576,-0.0134865494479944,0.0226520188573756,0.0131465805975413,-0.0298109871538777,-0.0442559864809825,-0.0089203066111008,0.014402898680437,-0.042571387914927,-0.023623868176475,-0.0518434593187573,0.0341705285504783
Hank Bauer,0.0234820504075067,-0.0028466236004362,-0.0151713415817317,0.0216614527690035,-0.0131450155862249,0.0190856442963908,0.0052040298366694,0.0105053584479225,-0.0207416314614536,-0.0409058029610266,0.0233914190728144,0.0378065633816454,0.0551726226946358,-0.0017061373131483,-0.0217892303139808,-0.0409799857809759,0.0301157485835718,-0.0102194216197166,0.0217653112813737,0.0298096766568663,0.0071412372931955,0.0479932525947673,-0.0278873166720678,0.017320308019452,-0.0166888312150538,-0.0433478535911212,0.0178053374021705,0.0423363397008206,0.0074953702619831,0.0102544034453697,0.0369937003307502,0.0139289520302904,-0.007233372940189,-0.0083704176396223,0.0016358174702947,0.0373678139692281,0.0319080262418971,0.0348930658057246
Hank Bjorklund,0.0287973171024606,0.0016982344676164,0.004108512931136,0.0266316104447341,0.0127543562901033,-0.0184217137197028,-0.0118007653126424,0.0196508477145381,-0.0404141136705714,0.0058480158448049,0.0156573064960407,-0.0074344270666123,0.0025682713946877,0.0032029948304226,0.0160624786677277,-0.0211810241280662,0.0050418318264096,0.0025256686784393,-0.0123881403353586,-0.0177211931144187,0.007152333352901,-0.0134855610269253,0.0075556016239419,-0.0173940879998154,0.0108559989154987,0.012469252254555,0.0074847817599921,-0.0139074243569278,0.0010527462818663,0.0005992111587394,0.0039143827673283,0.0135793467676207,0.0014306812459414,-0.0054282602455593,-0.0096591323785815,-0.0119244633410794,0.0009725243297448,-0.0078052296817495
Harlan Huckleby,0.0129081055433476,-0.0039722360893576,0.0048851556880398,-0.016755142842271,-0.0088495132623456,0.0012188660681242,0.0156067230160034,-0.0114249973622589,0.0226091145111872,-0.0293080243646722,0.048664141784585,0.0085498148192355,0.0107183573006954,0.0062151979909407,0.0050180097210908,0.0035090659060127,-0.0027014512600164,0.0266050869844255,-0.0038618253316082,0.0055878372204661,-0.0066462509930729,0.015736438240144,-0.0042171323111031,-0.0088549177873219,0.0171495973043784,0.0023725709284411,0.0318251843024172,-0.0156116167477926,-0.0059647087181074,0.0013418966436656,0.0336611911345772,0.0128870700335857,-0.0124553826272552,0.0134293183143642,0.0068686645709838,-0.0049008759739092,0.0051981864088021,0.0114441136416067
Harold Green,-0.0313729456856914,-0.0063451067328935,-0.0079177473834748,-0.0165562684518131,-0.0142543152844929,-0.0096690628623948,0.0018699967170579,0.0104836420843614,0.0037161695654498,0.0547400850284779,0.0085450528986423,-0.0233644115043716,-0.0319476914742248,0.0400000375575729,0.0175389045880728,-0.0398462232282351,-0.0436536405674214,0.0522476754251171,0.0334198230762421,0.0104185950978817,-0.0626662402679487,-0.048625933062804,-0.0200854266175849,-0.0200659084335532,0.0100269818331824,0.0154023036644535,-0.0288535434924782,0.0646783791708627,0.0055774391624837,-0.0271771645664151,-0.0577043663036408,-0.018044778354065,0.0391629943888987,-0.0367521048293317,-0.0496978858417679,0.0460886110260091,0.025464997926189,-0.0370947014576533
Harold Hart,0.0280696693765296,-0.0156722958951682,-0.0296941789080134,0.0284694678750635,-0.0275199530108176,0.0188609618169654,-0.0108030533681988,0.0155808390688393,0.0159642938614074,0.0011245727871737,-0.0236325386400908,-0.0043572820664523,0.0007332569530363,-0.015941416897126,-0.0152023689830398,0.0005272510785594,-0.0163499002325211,0.0002285311659112,-0.0305334644849156,0.0056749631492339,-0.0205200689247741,0.029098436698695,-0.0067153562410164,0.0063126111769405,0.0042689109390231,-0.0271412938877698,0.0067698517833601,-0.0026718609812915,-0.0086086230886502,0.0064151536340952,0.0111649284979974,0.0003658238021363,-0.0235161445674614,-0.0002348493792118,-0.0095461832952646,0.0111001953266908,-0.0016783917727535,-0.0102050725283785
Harold Morrow,0.0381307985653203,-0.0174536269920043,-0.0114727697752001,0.0190658178945794,0.0014586367874288,0.0459324097129932,-0.0181935936131443,-0.0081055060451098,0.0061446464213045,0.0155965405462571,0.0138494433723493,-0.0004052911564755,-0.0051722193754046,0.011411897795539,0.0245943936324901,-0.0023034526572822,-0.0167331836073019,0.0128044085716009,-0.0084984895383848,-0.0039236639538568,-0.0068824241258939,0.0106246025600975,-0.0117363984718745,-0.014038199463766,0.0071467126630978,-0.0001312417624503,0.0108274576786952,-0.0013069096964101,0.0140121967782601,0.0052838578253153,0.0080765139359537,0.0061307759533271,-0.0091318498189729,0.0022666486271495,-0.0155700640626952,-0.0072234281233551,0.0156947371706082,-0.0033821204993153
Harry Sydney,0.0081969423029876,0.001517541195054,0.0330792953383722,-0.0473818723899399,-0.0074746917999736,-0.030606507207664,0.0133764270167651,-0.034988727230032,0.0271800118633139,0.0241147295680901,-0.0074783722603904,-0.0109212102028041,0.0137925401852417,-0.0196244968460808,-0.0055942754624785,0.0108097110761224,0.0075044290022179,0.0085231081895999,0.005607131992571,0.0733645453096398,0.0070265702834147,-0.0324044365148603,0.0067035840995278,0.0109409389068043,-0.0082269052585582,0.0089298620803449,-0.0267644176734098,0.0147595928317576,0.0025876267753689,0.0261612520943787,0.0201867817905427,0.0024106577324527,0.0118884450530689,0.0032458185268124,-0.0073356920332158,0.0110425532684907,-0.0081503275096396,0.029269128126136
Harvey Williams,-0.024360523990766,-0.0002647778769588,0.0360735146092851,-0.0113906626801684,-0.0074152037059552,0.0219797715165271,0.0059791591118765,-0.0164308490855956,-0.0166715979275695,-0.0196032806064046,0.0009364268650299,-0.0474228752095649,0.0005657908464398,-0.0006116449676921,-0.0132887813676705,0.007949430431589,-0.0159917124884645,-0.0852656329834248,0.0066583369619686,-0.042938482050818,-0.0298653768019946,-0.0076120019473157,-0.0296016463152781,0.0468307181511442,-0.0079137047569395,0.0102760563846301,-0.0208620114562032,-0.0033328086431966,0.0362325521794515,-0.0227903523854001,-0.0163777967418049,-0.0026943985626359,-0.0088623984554114,-0.0444043309996826,-0.0116019286704244,-0.0227242860534213,0.0489330444549361,0.0516395968187441
Haskel Stanback,-0.0040320329488765,0.0148911240132342,0.0300688111198348,0.050484203292563,-0.0431358737602736,-0.0044656906626546,0.0133359000084262,-0.0151664575164437,-0.0001618595128526,0.0206223192502926,-0.0184834088359831,0.0044311045466334,0.0087640008164714,0.0084009619054594,0.0192487753216351,0.0003358566108654,0.0623975239714304,0.0026155410186694,0.0330522324898962,0.0134081403222719,0.0206321955584062,0.0312838575069946,-0.0024058579152197,-0.0333367783410735,-0.0107499099195956,0.0317556509002733,-0.0091820773340274,0.0073159525361007,-0.0158224922456139,-0.0296933508119322,0.0213693472364867,0.0001172986496477,-0.0109371059136613,0.012095784976085,0.0435634158605589,-0.0283027781275432,0.0214870977245564,-0.0192918216407924
Heath Evans,0.0093790469066644,0.0188715364335931,-0.0022716550902038,-0.0690326273104394,-0.0379069240100645,-0.0134296013381222,0.0110530782022746,0.003660984149691,-0.0239862476473937,0.0423259295895033,-0.0048745493893918,0.00634720107944,0.0071779740773459,-0.0135579169260248,0.0528012910289559,0.0262813402740803,-0.0158742627879954,-0.0397865036925318,-0.0198345005130705,0.0065667793646827,0.0348030390103219,-0.05088041857117,0.0072069595945877,0.0162824597125788,-0.0152374871636201,-0.0030923479714562,-0.0165347477295916,0.0115114777811843,-0.0191134172132366,0.0223279486133443,0.02963797986673,-0.0266476081550655,0.0156447559485342,0.0012311682462158,-0.003217582254657,-0.0308752060482343,-0.0174811615165833,0.018675183093587
Heath Sherman,-0.0127384183779595,-0.0138984088636502,0.0332155585375339,-0.013628442416498,0.0140067638511131,-0.0039275758618772,0.0409849948733619,-0.0056883088176555,-0.0149233536970925,0.0036552111621288,0.0041123680117339,-0.060481395757036,0.0081246782385175,0.0029505258255019,-0.0104694707779429,-0.0027987066769226,-0.0393649989554966,0.0072482253959662,0.0093510734838351,-0.0328869205856195,-0.0152838266625418,-0.0245797405731102,0.0056749221715952,-0.0350308315655614,0.0463629246701304,0.0058870283368779,0.0076778101201129,0.0316388215603682,-0.0491122402282757,0.0095423897588074,0.0167543638773702,0.0084417342017905,0.0095249323191315,0.0085116224008768,-0.0066170220156284,0.0342369138135362,0.0021313769270594,0.0041758133724042
Henry Hynoski,0.0348072173062749,-0.0050231761415757,-0.0157386242711219,0.0159502232464779,0.0261471257834662,0.0427997703943851,-0.0117272108035039,-0.0064382203823958,0.0170725025548591,-0.0199400873106519,-0.0026685511024702,0.0059820496714168,0.0399486197858794,-0.0026793604368061,0.0018463648560927,-0.0151585283839453,-0.0292308133020931,0.0008946272837818,-0.0179041451444569,0.0063258195141308,-0.0263717119888812,0.014136358424844,-0.0487995474621713,0.0030358716810052,-0.013203429333868,-0.0279190335851618,-0.036945117448084,0.0061586755559503,0.0079974755739361,-0.016452668695338,-0.0084567713893159,0.0113773930651161,0.0031679331327822,0.0118489827003605,-0.0158940968397632,-0.0073226707156051,-0.007667389799988,0.0029777794529375
Herb Mul Key,0.0272921737082903,-0.0070570706922109,-0.0045795019233754,0.0305551763310932,0.0013401493489492,-0.0248867228957608,-0.0226088570240928,0.017123153274871,-0.0082505197906037,-0.0109809090167068,-0.0134973195184269,-0.016053072201632,0.0101208806676256,0.0030967352517088,-0.0208508049861722,-0.0382739122421483,-0.0037429054993501,0.0003872732759064,0.0036925166516409,-0.0184175693127641,0.0061679319778604,-0.0025347257321605,-0.0105462548361739,0.0004331887896884,0.0181172029135026,-0.0078778761067203,0.0384727067352286,-0.0004337046372351,-0.0188567812533821,-0.011878707635859,-0.0096294062270702,0.0221171169940054,-0.0088476397732683,-0.01790626907617,0.0012287540653942,0.0118238025602787,-0.0169290915497441,-0.0105633818966803
Herman Fontenot,0.0040094043250393,0.0460401957411674,0.00504009490045,-0.0005953787308915,0.0442915726275168,-0.02057649986109,-0.0112489778975458,-0.0072082603255027,-0.0264820710115273,0.0102883557916755,-0.0194327966992812,-0.0113058203111994,-0.0420405844067832,0.0163206097338944,-0.0160830159279388,-0.018206311582201,0.0048252393560021,-0.0239037723824588,0.0011998985988856,0.0207719237299837,0.0375752303778023,-0.0118653466869443,0.0530150996261366,-0.0626036995546896,-0.0349661640818894,-0.0242966275546716,-0.0023467868163464,-0.0083526937339535,0.0149824459093716,0.0108383019971578,-0.0105157289204674,-0.0363185985581402,-0.0218147860010957,0.0424494804233791,-0.01592339790435,0.0085749290209475,0.0210746549225408,-0.0115741418812461
Herman Heard,-0.0264263889836103,-0.0274972593984604,0.0103010122966861,-0.0039751379539788,0.0202948158413699,-0.0238343382024614,-0.0133415166361817,-0.0019303988745078,0.0139050806410887,-0.0054094214472603,0.0089489914986496,-0.0498933881868905,-0.0279117199426029,-0.0031718743168824,-0.0165403960177107,0.0287564497414522,-0.0388832854094064,0.0105683200051956,0.0505504132224266,8.052721879495562e-05,0.027803684612274,-0.0044573032463784,-0.0034942134182375,0.0341177929166116,0.0158496358922521,0.0351888134665627,0.043828577504216,-0.015404916699897,-0.0254492974036935,0.0286139276455204,-0.0047013282685054,0.0353594973596253,-0.0431810260974088,0.0048243933948101,0.0272088847819852,0.0438179253770041,0.023318228538281,0.0369964772247617
Herman Hunter,0.0051739875080882,0.0146772393007171,0.026567457486549,-0.0189296728500739,0.0516487542153926,-0.057008799942704,-0.0286137591958207,-0.0067675197494524,0.0302800243956902,-0.0240901613705888,-0.0220677554679427,0.0265712376368786,-0.0092996744361066,0.0497225009482048,-0.0222353293847565,0.007497819888742,-0.0298603404918664,0.0270755987553695,0.0354386569214602,0.0051179462131653,0.0310253327455064,0.0054742441016298,-0.0295279831582899,0.0110960275427814,0.0231322716578681,-0.0019268732028513,0.0252583853801623,-0.0332650372885083,-0.0205076860260034,-0.0391825001043779,-0.0198458830427489,0.0345705238008161,-0.0246330032431747,0.0048772078570691,0.017009283707975,0.030430504661793,0.0396401761429617,-0.0087429440610615
Herschel Walker,-0.0920416634632972,0.0186472691986133,-0.0571456764225656,0.0013669727119698,0.0506529550912685,-0.0279884944954148,-0.0442302062619388,-0.0344401063466654,0.0226459187101389,0.019700030044726,0.028116720334377,-0.0174402184275111,-0.0503078161344329,0.0467146752826804,0.0196475729729434,-0.0565383280276946,-0.0852480311809281,-0.0846371296950938,0.0123561210334081,-0.0089036913693733,0.0641276090501201,-0.0842679770868845,0.0518666758551724,-0.1158021453782892,0.08902844867707,-0.0798108551179355,0.0312467674922628,0.0168690675150908,-0.0205971283208118,-0.045097275842889,0.0114802946017777,0.049334264628288,-0.1273155173359839,0.0515306061171552,0.0711019474086172,-0.0405487053191256,0.0653040562092663,0.0300236840985972
Hokie Gajan,-0.0024794895990325,-0.0150270998971794,0.0707616870157766,-0.0129104804740215,0.0072087942610158,-0.0090079222123048,-0.0321486284542873,-0.0135286956631748,0.0295790582744688,-0.0145650250540395,-9.134718824367202e-05,0.0145878676764188,-0.0204045623547256,-0.0116846703826932,0.0096655200449363,0.0022175704843142,-0.0041274158015879,-0.0038804631080046,0.0120063145890748,0.0009076567180849,0.0081907951074843,0.0112178207990238,0.0020008655438768,-0.0351732363187528,0.034029095432358,-0.018346201924258,0.012468967823275,0.0084987056662404,0.0089017583117447,0.0008093476356457,-0.0368770214634644,-0.0513755166795108,0.026449336550351,0.0165945018748446,-0.0142713105108474,0.0076330723360196,-0.0113883533778107,0.025822227045192
Horace Belton,0.0248857996916297,0.0073778097335219,0.0184576428366817,0.0298535265796841,0.0145960152127224,-0.0217865186793711,-0.00611311623458,0.0025861628294205,-0.0355786353315951,0.0263707761341314,0.021527180609691,-0.0125723102163917,-0.0018138192490073,0.0097309041078146,0.0649859576502296,-0.0125712568094769,0.0091897598645301,0.0036812501094631,-0.038250392379697,-0.0123708507921485,0.0231089189301366,-0.0167597543034796,0.0146623403250444,-0.0328767256198843,0.0001078463103948,0.0427629256211212,0.00088964588258,-0.0137680512306883,-0.0072413252110036,0.0050846660792349,0.0100428955802366,0.0048990059612478,0.0050777174790423,-0.0251750670450762,-0.003950744862548,-0.020254978226103,0.0079245300477337,-0.0222090062902534
Horace Ivory,0.0117573112514529,0.003726720647653,0.0085478385564489,0.0258703835607994,-0.0432763234321685,0.0017130059532299,0.0033033679821007,0.0165724192373055,0.0296296715974937,-0.0012595428377901,0.019596129356272,0.0083859293137744,0.0088212260534974,-0.0225957397227677,0.0171429980134894,0.0093028158810309,0.0154394893416527,0.0079035916778318,-0.0063659073827081,0.0005639993773576,0.0080858895989284,0.01117915385649,0.0050119731375829,0.0101663425816606,-0.0045698303722911,-0.0311113109994743,-0.0283703396268048,-0.0173702025168858,0.0099288765988124,0.0111076006052126,0.0092867687673285,0.0377849157526148,0.0029808433818786,0.0504081750795077,0.0066145935884818,0.0168884997980449,0.0410296140228859,0.0411265792747427
Horace King,-0.0049229321753661,0.041745643667493,-0.0103945937210172,0.0215792309694445,-0.041866393883852,-0.0082484058956642,-0.0179093962945207,0.0102782232328661,0.0107784616491625,0.0187460980988787,0.0186705615118779,-0.0051829622287227,-0.0417470650879765,0.0058253523962964,-0.0054205943158898,0.0064205927393956,-0.0319654354069871,0.0204438150900066,-0.0173113363284813,-0.0222260908659005,0.0401207402265747,-0.0248963745892733,-0.0030705830940408,-0.0023884750053512,-0.0100641614949146,-0.0087310743414653,0.0003947304578601,-0.0107876140571438,0.0399480729535805,0.0438752723579757,-0.006228564090132,-0.0149846452152675,0.0831010781451599,0.0178528906152413,-0.0359249479853836,0.0179976281587142,0.0093626487783006,0.0078954504389656
Howard Griffith,0.0122817443605423,0.0318460618412826,-0.0028549123902285,-0.0237852919147628,0.0073617460670447,0.012328084363694,-0.0044024607500815,-0.0139064328748642,0.0017445300552573,0.0136460503038107,0.0180358356228934,0.0205920582834859,0.0220010751127783,-0.0045306912480153,-0.0086416844386339,-0.022053100591538,-0.0369464223776355,0.0111077790155349,-0.0011064942070416,0.0227975022738386,0.0002871893302618,-0.0077332421998984,-0.0318417487832678,0.0170124678063814,-0.0377010573823437,-0.0335397740627759,-0.024930414292253,-0.0128992216754682,0.0128126443722985,0.0055225924594393,-0.0034186262679353,0.0038336669680856,-0.0040618078878206,0.0156981789815247,-0.0003742535202655,-0.0125247162284366,-0.0189527641558701,0.0112990996230902
Howard Stevens,0.0251773261809074,-0.0051608746564234,-0.0110829044297127,0.0306977586337233,-0.0110925445435623,0.0002398934946966,-0.007732586439667,0.0191033663210709,-0.004478743927758,-0.0086780245578121,-0.0055963770969047,-0.0036360065182141,7.890373304969613e-05,-0.0068519722920892,-0.0247969515355031,-0.0129415238578042,0.0206358604608822,0.0035300202536262,-0.0158687146286557,0.0091567090614726,-0.0112345266507293,0.0176645426849933,0.0077737242875803,0.0144807244624929,0.0098297998517563,-0.0156974918601066,0.0083394975412137,0.0127232531009695,0.0052491457902247,0.0020637610610166,-0.0122188226234813,-0.007166961295072,0.0027665061556752,-0.00134321299827,0.0083784444643041,-0.0028090602124325,-0.0061686975208652,0.0083422449245771
Hoyle Granger,0.0227130799068572,0.0016315317186584,0.0091030261846592,0.0370072878190787,0.0090901271063784,-0.0109398777387937,-0.0136022124091005,-0.0053346012381218,0.002381250055872,0.0004960589726125,0.0052330023337468,-0.0155161743616513,-0.0146286448436888,0.0135325380912993,0.0005553227066975,-0.0358530063731511,0.0338107292862369,0.0032210883014872,-0.0149649982270654,-0.0038620043212979,-0.0018196110764556,-0.0010715948558327,0.0165865859932055,0.0127112639736128,-0.0076156563925435,0.028380043927443,0.0114927918838839,0.0009440237547092,-0.0194972445251803,-0.0058940323527238,-0.0069782546984064,0.0090384921007726,-0.0177851555965357,-0.0112525001002742,0.0143870517560416,-0.0075813117757431,0.0150278537825749,-0.0118382819822122
Hubert Ginn,0.0223066885711891,-0.0045862370485211,-0.0082972345540975,0.0081518247175985,-0.060532982051944,-3.256673902608694e-05,-0.0315290454170737,0.014816410810033,0.0181183867705092,-0.0073193397636179,0.0486755073195604,-0.0160212295794536,0.0108255491409209,0.0024987141026319,-0.0107942859423174,0.032177541949054,0.0285665791129996,0.0030333810733005,0.040771046065554,0.0361598662149366,-0.0207205806970584,-0.0220810986774995,0.0371331393505019,0.0141976366833816,-0.0148525686989036,-0.0522344358421302,0.0131781481797968,0.0156712188587712,0.0211351208987076,0.0122357057216463,-0.0139033966926456,0.009797385937291,-0.0021948094624847,-0.0192064720274673,-0.0174367125584039,0.00676062988445,0.0370660246280538,0.0177304508081707
Hubie Oliver,0.0119040001152156,-0.0013294955860703,-0.00934944106599,-0.0037424752590835,0.0002442636630578,0.0228848122897735,0.0115099541469774,0.0046262952910807,0.0293899434402732,0.018708505205126,-0.0116554356018879,-0.0091894701129787,-0.0207135986003401,0.0147089954406901,-0.0342668607667193,0.0182904294704598,0.0065536436194782,-0.0070712729744127,0.008043158940634,-0.0490943013979264,-0.0109152452840655,-0.0036497251846491,-0.0031965215894369,-0.0076965857952607,-0.0037011008563466,0.0145118646418839,0.0197169522334276,-0.0166189931514895,-0.0224635403404429,-0.0214061093311287,-0.0150318603056734,0.0497420753943186,0.0056132720690591,-0.0361761596392055,-0.0220169563309158,0.0013532937093824,-0.0227859298263148,0.0013081065862182
Hugh Mckinnis,0.0108025180849014,0.0129211153505333,0.0350037694904874,0.0422449531295025,-0.0086286923222016,-0.0008555865428774,-6.066289226237716e-05,-0.0053900532918106,-0.0069615566802537,0.0357441131138261,0.0088212353436025,-0.0119795039182185,-0.0314123150166259,0.0226809626568006,0.0365340391906457,0.0039461530774135,0.0486723504118622,0.0212699440198298,0.0295830146769172,0.0077867379359882,0.0011736202611023,0.043779642103497,0.0140390238347974,-0.0460825214264992,0.0258394468944589,0.014073711046982,0.0086486889933579,0.0231032136542794,0.0307318148793893,-0.0003767479994755,0.0097851469568438,-0.0491644922376722,0.0268896637764887,-0.0071023351090548,0.0102470764620116,-0.0173034093163263,-0.0079201538282735,0.0012406582135522
Ickey Woods,-0.0149047230649861,-0.0500468403399848,-0.0213075086855965,0.0007522264239078,0.0378612380523286,-0.0426167553661987,0.0426655046459267,-0.0307290639604356,0.0385341375028183,0.0195512758475572,-0.0150276903863497,0.029183758775144,-0.0009967156509472,-0.0104230404064375,-0.0284923206608401,0.0141629239841358,0.0213182318181919,-0.0836949706258858,-0.0217027992684731,0.006947299661497,0.0331818835685425,0.0706006320128181,-0.0325966930781097,0.0252037386652043,0.0248965444701193,-0.0222855867298787,0.1004293095179826,0.05118258481417,0.0340346345235431,0.0530100041769633,-0.0305987207638916,0.0079970648891636,0.0158337233575936,0.024564232174488,0.0266779468568866,-0.0272188491708761,-0.0103657759307032,-0.0179133647145813
Ike Forte,0.0197324565016704,0.0102388136757469,-0.0069928853260861,0.0189794113457762,-0.0161121438659925,-0.000867251292987,-0.0197464102933337,-0.0016823561696502,-0.0048704151380449,0.0112678889679473,0.0148641512580776,-0.0189665655811983,0.029387667435076,-0.0053402791505701,0.0522037601172139,0.006526029625107,-0.0115669956929625,-0.0090846679273271,-0.0069050449926431,0.0094960896432146,-0.0327278974413,0.0192075998281735,-0.0096139211066043,0.019520320808094,-0.0107451067497819,-0.0255561036874948,0.005588148585115,-0.0157026287051855,-0.0135494186086817,0.0038226705407235,0.0179527987092224,0.0128281027435288,0.018488283918808,-0.0252892886434089,-0.022920026834837,0.0172365961511717,-0.0157037573014951,-0.0125346899525751
Irving Spikes,0.0046229686236257,-0.0244604110779942,0.0252171124699141,-0.0095959934659814,0.0133611060459137,-0.0262330365261707,-0.0262015115793623,0.0105171234841166,0.0295621439714866,0.0162025018111811,-0.0188810327758412,0.0221511030662569,0.0235935394945433,-0.0019712824053342,0.0156873776078661,0.0264108593228881,-0.0224210679609425,-0.0245909297296578,0.0248713239882707,-0.0058565819067486,0.0119991283335084,-0.0249648156519594,-0.0173860745817718,-0.0043838785387172,0.0331591524951979,-0.0086103403395847,0.0365618717948742,0.0012262385897488,0.0110244723656406,0.0291630517188837,-0.0019843589153347,-0.036744824956874,0.0292303034425013,0.0002046311346817,0.0138809164412383,-0.0107860098216193,-0.0294687112881267,0.0115456110492336
Isaac Redman,-7.787733608272509e-05,-0.0075656358779048,0.0274069186394636,-0.0156653648009872,0.0280864580998054,-0.0029063051289689,0.0391197654453718,-0.0035059741659527,-0.0060166398075762,-0.0077621027911904,-0.0106669906118194,-0.0471106664669189,0.0152017040144327,-0.0033792910748096,0.0161294137229049,0.0233595628743507,0.0031123498130165,-0.0229754247519054,-0.0093539709159844,-0.015291950068264,-0.0510036289078169,0.0024119743582213,-0.0081140246690498,0.0019086318430057,0.0426732094991455,0.0072291699203558,-0.0078856568143272,0.008536015632563,0.0047760924081251,-0.023607492064164,-0.0379312633911394,-0.0243761987705985,0.0435747624400731,-0.0187331065943129,-0.009963113221404,0.0627295899118445,-0.0296080425376454,0.0206366154584417
Isaiah Crowell,-0.0433850501978984,-0.0556587654368188,0.0579873233341257,0.0098741278199054,0.0176616916690777,-0.0048823466706837,-0.0413698882622979,0.0053220654923348,-0.0275791753567892,-0.0194266145822811,-0.0008780793197155,0.0184323777732028,-0.0656340467197885,-0.085940763384264,-0.0082219133521039,0.0214901818969814,0.0444455011738806,-0.0125190595525148,0.0366524265641515,-0.0183811009617109,-0.0059062061482275,0.0677450800029595,-0.0303435530122061,-0.0007904084815313,0.0091870538612522,-0.0116640713357488,-0.0053768433763719,-0.0179010542714218,-0.0327578484698625,0.0163804133906066,0.0068729309895914,-0.0101845234062248,-0.023805945418307,0.0778358933562906,-0.0273511699904323,0.0237657381019818,0.0007720974178565,-0.0421801131951056
Isaiah Mckenzie,0.0089572031551757,0.0403392279568993,0.0177102008504028,-0.030378904750999,-0.0068907117481658,-0.0058632569032083,0.002424995917197,0.0078394101565195,0.0042790638678302,0.0490504136131162,0.0059516471632453,0.0136180613102402,0.0014586317621808,-0.0187006175760111,-0.0179485921853498,-0.0030346459566579,-0.0014513466266638,0.013695682198802,-0.0382646714195593,0.0422755870058629,-0.0134078428268242,0.0022814196167612,0.0142872733094884,-0.0212741100767359,0.0021971997458904,-0.0093273777530318,-0.005486028393262,-0.0432801221920313,0.0047667981449378,-0.008416434975041,-0.0011861855151013,0.0091127654406389,-0.0247752010886315,-0.0167374842683401,-0.0033937054563927,-0.0393574134997664,0.0025026033191544,-0.0442547115061127
Isaiah Pead,0.0298439723635028,-0.00904616185472,-0.0242148322068744,-0.0046469529726482,-0.010870593715508,0.0186464676443509,-0.0039109634856969,0.0251839781256311,-0.0038531964618947,-0.0026519506112961,-0.0408723521203365,-0.0147635231596304,-0.0031525046851924,-0.0108511785900241,-0.0161658632558423,0.0102802340372849,0.008206548468959,0.0049779557728145,-0.0240377933174892,0.0109533966399815,-0.0081206768356503,-0.00696631628992,0.0103278078774349,0.0081959698674298,0.0164858830573117,-0.0067069954838637,0.000658397441067,-0.0033487231666581,-0.0060727632061297,-0.0038073857170412,0.0241236645056316,-0.0065374712139249,-0.007874339396864,-0.0103884626913899,0.0030135413952368,0.014431572220394,-0.0056160724655393,-0.0127402422492294
Ito Smith,0.0146846389788298,-0.01481446250911,-0.0024012451545112,-0.0031912306635247,0.0150451628664111,-0.0077394404010681,0.025144372441916,-0.0200824456767731,0.0218896606563147,-0.0177831689788253,0.0117788154492272,0.0191903381571582,-0.0276423124710513,0.0020320774138009,-0.0171647952526482,0.0133040746933612,0.0140717199563352,-0.0072235541131666,0.0006625179164617,-0.0014745025003653,0.0159674337696499,0.0130408623250743,-0.0094426628295915,0.0095288675727764,0.004726499646103,-0.0154009484225237,-0.0045599394283936,0.028342549889244,-0.0006967365974099,0.0120350651167347,-0.0430363500071154,-0.0189644321268424,-0.0050017037297694,0.0270095946812094,-0.0141321496180733,-0.0285382792642052,-0.0014721926941877,-0.0028022308655241
Ivy Joe Hunter,0.0361567782231556,-0.0210145735629614,-0.0055250864305553,-0.0003743786757035,0.0164270821164947,0.033055977356431,0.0009891946586236,-0.0138108485469044,0.0216703272888317,0.0102919771740169,-0.0171884287400328,0.0136009250330487,-0.0136167988332023,0.0095858468817923,0.0275032830849149,-0.0053917467062306,-0.0171715464663842,0.0082439307537551,0.0039482226075191,-0.0212666252267854,0.0004836593169701,0.0119453616075117,-0.0008185059693672,-0.0167020917633146,0.0160710809196487,0.0010145423941102,-0.0156348226753149,0.0120696335506838,0.0024899580647442,0.0041785817866159,0.0022208047409828,0.003889834785644,-0.0064890618383458,-0.0059870948428818,-0.0029175622537063,-0.0075674988187531,-0.0081100259815987,0.0146214129564425
J D Mckissic,0.0063232369457801,0.0224945437742223,0.0277234969307555,-0.0036174833595962,-0.0068899298369608,0.0331202008349695,-0.0331788992169371,-0.0210794702051012,-0.0013086866000872,0.0364066613299892,0.0207535497282284,-0.0117531563730726,-0.0245286727312912,0.0282526907352233,-0.0096092355540037,-0.0293716087043889,0.014142723796965,0.0116570523285119,0.0097136258351768,0.0341275649978039,-0.0587606716616089,0.0181975658641898,-0.0054244214816132,0.0267616086436108,0.0151285728009634,0.0403142144294515,0.0190638120225725,0.0057592900494188,0.0267662189744766,0.0145222363206762,0.0013920572526811,0.0225554052162406,-0.034456138948108,0.0168489852825266,-0.0030252056645361,-0.0071025159887818,-0.0021712175195074,0.0092254957193192
J J Arrington,0.0109215581111907,0.0162565391001252,0.010523938147121,0.0170199442293962,0.0339831383868996,-0.0018076788314921,-0.0036622446091084,-0.0120908989312023,-0.0044039080290976,0.055098598757665,0.0119960270530436,-0.0019629299675242,-0.0351022753986575,0.0025322971169865,0.0057663991846949,0.000374752769181,-0.0054711118383546,-0.016369696388523,-0.0169168908921558,-0.0090904442546067,0.0107986674977903,-0.0254172217093094,0.0024923167067593,0.004385098707015,-0.0062660724961154,-0.016093816735154,0.012307859629463,0.0242670766117858,-0.0030108677667995,0.0124653007412898,-0.0316339485689889,-0.0217031276519208,0.00976799767924,-0.0033603573754528,0.014283524711796,0.0132650237096553,-0.0001467791535974,-0.0063341693327508
J J Johnson,0.013368095593641,-0.0198885286953191,6.985272044769465e-05,0.0239574860745676,0.0219525764749932,-0.0170675237130268,0.0164609742268342,-0.0224807524863554,-0.0021484798146715,0.0076986354201324,0.0020313149341076,-0.0151164416731242,-0.0116609468695699,-0.0097928595754313,-0.0038908022740638,-0.0035868189279234,0.0094906624551542,-0.0058321943043663,0.0092018228838027,-0.0157522363523157,0.0200924903481747,-0.0054685494935441,0.0073558225747077,0.0122746291950596,-0.000779278142242,0.0225928733114051,0.0146547934590654,0.0131781801521223,-0.0118763742007532,0.0149813850948164,-0.0072644551585755,0.0232435751436273,-0.0188945810197811,-0.0204183163919409,-0.0166095097751151,-0.0009851651340346,-0.0170849863327268,-0.0191953245702975
J R Redmond,0.0175606955331576,0.0075746101335104,-0.0186784981405533,0.0056114888995801,0.0160791213982557,-0.0048097534704334,-0.0024043720103595,-0.0044572078812068,-0.0137951630825107,-0.0117121907659495,0.0082335048806492,-0.0145752373229955,0.0051808637919669,-0.0068627661200366,0.0154863100263204,0.0159207263945842,-0.005311442907115,0.0033932826746452,0.005269400725777,-0.0015355065337373,-0.0337876968179277,0.0023030841536233,-0.0161668377334383,0.0370691385079927,-0.0285397172064131,-0.0027569429855184,-0.0160442988446484,0.0227978772001499,0.0014090265901018,-0.0007204029556951,0.0046754714403259,-0.0047703434991068,-0.0135538267698237,-0.0141124224290501,-0.0184638950612166,0.0422990644453165,0.0122791519439918,-0.003338952996518
Jack Deloplaine,0.0320209554574627,-0.016861902825174,-0.0076069627456899,0.0228793647456922,-0.0201027860112852,0.0003878939480312,-0.0251662596835412,0.0054477036327389,0.0488612833681435,-0.0108539429489758,-0.0021178785555238,-0.0275448636828829,0.0157332203010011,-0.0093768788604259,-0.0053012551441628,-0.02426788855082,0.0156138401602393,-0.0176686453980208,-0.0429143152483735,0.0144786813628826,-0.0131596679910038,0.0107522357932121,0.016134139417574,0.004212710856855,0.0176680914190872,-0.0002866890349534,0.0273814956292008,-0.01019055321114,0.002552224752819,0.0142594639337419,0.0014308381404284,-0.0075868622877586,0.0149389795356498,-0.0004508465765906,-0.0081276947420037,-0.0001158116805815,-0.0161212052688397,0.0053101124031435
Jack Holmes,0.0236721498116792,0.0025932397182969,0.018576874763162,0.001666459951901,-0.0088749533116152,0.0159411518727368,-0.0041427776101699,-0.0216985000429546,0.0266019667382,0.0142685090856499,0.0369378707642035,0.0139815982316838,0.0053071501853049,0.0225086904898899,-0.0016463814017339,0.0030576629701896,0.0021278025693346,0.0249188961545451,-0.0140347511246003,-0.0014034599114556,-0.0089531449321014,0.0405256525434613,-0.0385119736529172,0.0107203877322514,-0.0401431309904753,-0.0214050835154463,-0.0359971765730964,0.0579673678981258,0.0322243905430378,0.0057447863460844,0.0040016404987438,0.0032230936394555,-0.0041456712717953,0.053522266901296,-0.0250684064335156,-0.0199044092249973,0.0351093919906398,0.0319522152495789
Jack Maitland,0.0269358915998216,-0.0054549096383085,-0.0048982400970653,0.0383432602539848,0.0127620218300885,0.0075912014710647,-0.007842213594163,-0.0018842158410691,-0.0070693212260935,0.0026550804244188,0.0019502123929273,0.0005500637272415,0.0162713652337934,-0.0041372690364543,0.0227500583263112,-0.0041312176950459,-0.0068729702715229,-0.0054942572962115,0.0036841887576489,0.0023434903437716,-0.007060089224126,-0.0225651165455791,-0.0092033795629616,0.0241406613572434,-0.0047997841933196,0.0046021451939662,0.0070843614712448,0.0022834965322673,-0.0248926828979258,-0.0151084133401345,0.0034000575561165,0.0118042606300501,0.0015777562262063,-0.0229813525682022,-0.0018984379574986,-0.0053538042576094,-0.0051870231005377,-0.0098916214015836
Jackie Battle,0.0132542695619306,-0.0075896417596049,0.0256389380529759,-0.03201220076671,-0.0233807337724065,0.0170126216898106,-0.0194037675001065,-0.0452035336441581,-0.0085296418299841,0.0097650500672046,0.0143549403977435,0.0347685357406734,-0.00184203730755,0.0070731468871369,0.0316007999660599,0.0160534743873055,0.0017234029905247,-0.0318578950782989,0.0129476316950997,-0.0087439993117782,0.0118504911892582,-0.0344725269681551,-0.0224641056647426,-0.0125498705803387,0.0207940886887224,-0.0105177675804862,0.0026986061241614,-0.0369345654664675,-0.002641554099064,-0.0297439119750147,-0.0390188807500524,-0.0084095564437647,-0.0096501461830982,0.0425385726471569,-0.003688961101826,-0.0318552456112524,-0.0103228313385769,-0.0023277789717496
Jacob Hester,0.0157951903787881,0.0058025808078949,-0.0011143681537186,-0.0267186806327751,0.0190157846609772,0.001527119087177,0.0107098181104894,-0.0104024203733317,0.0233368646117362,0.002615869399097,-0.0092243941309588,0.0025474989039392,0.0136883443070789,-0.0081936454684944,-0.016073880110712,-0.0050870199962097,-0.0198488371028675,0.0012891092941156,0.0055665145522255,0.0218129829552569,0.0096874457091515,-0.0134799972390995,-0.0395972626257203,0.0056701074529033,-0.0057910871751086,-0.0095395805173766,-0.0059338277279175,-0.0027179071212962,-0.0267044772056009,-0.0182289292556339,0.0057043801150794,-0.0011326771351324,0.0181621646557027,0.0296242365392334,-0.0207745220997224,-0.0086611973221444,-0.0017445755238196,-0.0339421623602572
Jacquizz Rodgers,-0.0103371346677944,0.0262431694473941,-0.0264470020537266,-0.0189328809471542,0.0096722888302229,0.0022267378228419,-0.0109700816860294,-0.0072134733256678,-0.0002588584174792,-0.064519653321002,-0.0091420470571918,-0.0113904105403978,0.0015310436634194,-0.0004734380086512,0.0488036451585264,0.0080130277935338,0.0382386713780247,0.0609437514913485,0.03187471893527,-0.015310892215085,0.0240727208128981,-0.0422340246722076,-0.0024021652777964,0.0294782768050906,0.0151659444012876,0.0208166890558299,0.0101547961185117,-0.0117101066959186,0.0166041246696603,0.015511985636147,-0.0333973114431523,-0.0042018285807579,0.0164322331175427,0.0212459112837428,-0.0352459867527459,-0.0142298857475779,-0.0214208210735991,0.0160541996764001
Jake Funk,0.040653022803288,-0.0199509782821388,-0.0104983550250202,0.0274865871718433,0.0093154356814681,0.0417711404086857,-0.0136801104145822,0.0021314519868319,0.0021864315289458,0.0117756715513859,0.0190545342563462,-0.0001550216629958,0.0009165991597044,0.0054751937639049,0.030104962427865,-0.0014723381234139,-0.0026216422048496,0.0087587436985956,-0.0135878415812242,-0.011948154474869,0.0040977967540797,-0.0067005622642388,0.005845596486927,-0.0039729184632065,0.0134112259039453,-0.004241871155414,0.0107803821603258,-0.0071449266819066,-0.004847713186834,0.0005048842963105,0.0143277881377454,0.0120161971931251,0.0039848005866579,-0.0238464323312576,-0.011744794710986,-0.0113790341254689,-0.0014701322449838,-0.0117389697614334
Jakeem Grant,0.0174961706308359,0.0328839116581227,0.0207974587827399,-0.0013472857657744,-0.0012814621746073,-0.0024391495792681,-0.0077176479838111,0.0074847231457738,-0.0187461734615423,0.040515211817588,0.0630399655942126,0.0056833842746953,0.0099135620188702,-0.0110428787992362,0.0267901674326683,0.0320248953607605,0.0098467392231082,0.0336644936545835,-0.0292967892655751,-0.011898627842954,-0.0191562353093053,0.0300688763263038,0.0233213075140354,-0.0150180363182549,-0.0354671664537381,-0.0282530970577221,-0.0141388208870653,0.0052181662297892,0.0100847931200872,0.040876614827628,0.0212230506988728,0.0030201654261829,-0.0300900253166404,-0.0073120201449641,0.0028144288640262,-0.0138987536408687,0.0039700346269847,0.0287554597219769
Jalen Parmele,0.0280054539012749,-0.0127212971133205,-0.0262473536951515,-0.0130389592089578,-0.041575196781647,0.0275247536152401,-0.0307935939443472,0.0037742131545203,0.0237415349062958,0.0361184512781461,-0.0983087024986038,-0.0474933763849018,0.0045555511768252,-0.0230252262811976,0.0446970131537143,-0.003607398323116,-0.0306163270455179,-0.0166068364847301,-0.0626807401329005,-0.0330971377829609,0.0054162581316437,0.0167363083804138,-0.0359319226405155,-0.0259581569507336,-0.0003031219529991,-0.0055216302413762,-0.0184354574191912,-0.0114361655223139,0.0248100663625689,-0.0239599150535383,-0.0398487511096065,0.0107799437245555,-0.0285584286254759,0.0219536825428926,0.0028981780088033,-0.0106481118509226,-0.0118413535285551,0.0081379489482517
Jalen Richard,-0.0109867749972492,0.0138443778540636,-0.0093345246047397,-0.0041411163471046,0.017786980871799,-0.0271435586556873,-0.0113708736787458,0.0325012372063955,0.0326532499488113,0.0096390086503122,-0.0178472632560374,-0.0484196264817619,-0.0165289949949846,0.0443748059392345,4.929542752772067e-05,0.0448493836109216,-0.022613904038514,0.0416755339064232,0.0006040530512717,-0.0181554540559398,-0.0455320263583362,0.0347761779317496,-0.0257555506096323,0.0047662926710852,-0.0243935073066237,-0.0124742770609637,0.0196409320342289,0.0201481100420388,0.0061023369348498,-0.0311137889130266,0.0209108295798868,0.0727416819228545,0.0471136197336486,-0.0456203184864742,0.0174391778587917,0.0273763132723489,0.03630322153452,-0.0032551711265879
Jalston Fowler,0.0295222513263131,-0.0062594306193036,-0.0023290483685869,-0.0402912477580222,0.0411219246834641,-0.0025348418751491,0.0385670181162325,-0.0109851150680253,-0.0176401343787436,-0.0089888238586027,-0.0245131284579771,0.0619082921921094,0.0018447829699084,-0.0014536854525841,0.0332686899545487,-0.0073945834511599,-0.0077356802236046,-0.0011014901941196,0.0252564056399302,-0.0188002313627103,0.0236753758595836,0.0026123624047627,0.0224408414687248,0.024376213809588,-0.0207736447896746,-0.0039279461826456,-0.0481164976171349,0.0479707435602673,-0.010878101498758,0.0210312554450715,0.0164953766767227,0.0173632918055344,0.0369004050547923,0.0012421004773744,0.0117093535633529,-0.016413293729985,0.0076157868956598,0.0427400434798525
Jamaal Charles,-0.0729639388218376,-0.0033207329103912,-0.0104607439865634,-0.0321630391122836,0.0077846410142653,0.037336581210271,-0.0337416825699743,0.0983185635408502,0.0415690941065078,-0.0360059161969431,0.0199854309829306,-0.0052828755236214,0.0837064999700378,0.065386133669269,-0.0323589149032355,-0.0401269622614614,-0.0570146081081548,-0.110913238784035,-0.0416299113365613,0.0039701571070393,0.0485421795192013,-0.0392541436733598,0.0241276343242586,-0.0655268601126271,0.0595011558963687,0.0839380645781366,-0.0595088517600504,0.1525886192064743,0.0088135738634248,-0.1107816383529636,0.0731106063415477,0.0178170493040812,-0.0634209067355488,-0.0218644587439374,-0.0940237906044306,-0.0646634970227789,0.0286231546450408,-0.000727865105566
Jamal Anderson,-0.0335213892606637,0.0025462366380843,0.0833608622521407,-0.0107650207930309,-0.0232263633073474,0.044492105055346,0.057606779516911,0.0210311902723366,-0.0543196181241598,0.006113948650882,0.0712627324297325,-0.0065579008021376,0.005377743559835,0.0017997873287351,0.0746392291373395,0.0380252424622366,-0.0110954611259367,-0.0193930336813454,-0.049941751482629,-0.0308191256388419,0.0109381407321627,-0.0697071422616028,-0.0038566609004554,-0.0105027481731507,0.021111647920652,0.0242187824159166,0.0629250469341559,-0.0580668910186335,0.0174479471639023,0.0681312520752068,0.0094037846082625,-0.0287682931803298,0.0672422304997417,-0.0631529478697007,-0.0010705024058212,0.0004032242188635,0.1534815534820799,-0.0197693405485216
Jamal Lewis,-0.0705610272335219,-0.0528371036125927,0.0081178999962153,-0.0006768647583287,0.0085964632796876,0.0217165024423445,-0.0107152777145578,0.0478643462365413,-0.0410408829144754,0.0196720980821452,0.0415429957705377,-0.0319340448090913,-0.0090582222549454,0.0202103596254444,-0.0298802665734075,-0.0309377154159421,-0.0370588154417941,-0.013545106450446,0.0268686120886752,0.0712602884097604,0.0228541882906602,0.0017586743469678,0.0105276376451462,-0.0190226284361773,-0.1554893739873617,0.0664517007887639,-0.0177360454043207,-0.0047369300997407,-0.0460862929623596,-0.0213027245171132,0.0311996422578019,-0.067743176017588,-0.0060130416560103,0.0870367578264138,-0.0396359850715392,-0.0241280291044481,-0.0268036603644271,-0.0651347117804107
Jamal Robertson,0.0273781222401115,-0.0267266203609338,0.0085835920545609,-0.0115619508103102,0.0127160706823558,0.0030640658008391,0.0090932764572882,-0.0098072018453401,0.0399685383552306,-0.0141032078113065,-0.0021207147372658,-0.0104497804474589,0.0071091268632831,0.0032679994842098,-0.0062949223173858,0.0066403449470415,-0.019829327339535,0.0246496389056537,-0.0159816260336665,-0.0154197184661562,-0.00721720295335,0.0032402423657508,0.0077818239294427,-0.0008623326418634,-0.0077222580241699,-0.0164608633835627,-0.0121985253809994,0.0127848899520966,0.0205150824450446,-0.0097102105837382,0.0234548802485333,0.019829322759288,-0.0060675034677841,-0.0135968900679897,0.0375886720127302,0.0052512899634767,0.0127560426955996,-0.0027212652140362
Jameel Cook,0.0314677757333117,0.0013965166167422,-0.0283739015633995,0.0046157300687954,-0.0013323921463585,0.0579948743668582,-0.0223030539516894,-0.0213621355111116,-0.0319030096207346,0.0012196831823476,0.0427787824670717,0.0238420363411497,-0.0081025244336574,0.0296905555527628,-0.002101189004366,-0.0020324125201933,-0.0163343537753694,0.0213179930273337,0.0059906307214001,-0.0384510292474957,0.016698102966418,0.0199664440355054,-0.0056666040494187,-0.0114558368911652,-0.053608444816085,-0.0123953444216277,0.0090930690727383,0.0110985962877753,0.0139919989847858,-0.0015049720960691,-0.0216014960022917,0.005037061821379,-0.0391000186656377,0.0196801938751895,0.0006283208508921,-0.0008708917215811,0.0407936446420643,-0.0242284689029266
Jamel White,-0.007486521528261,0.0222761014068448,0.0063135582171278,-0.0006524112804733,0.0035376595629201,0.007897840622057,0.0053665301522669,0.0556073836831942,0.0147973109100706,-0.0126649554316285,0.0048710080412769,0.0193183175432391,-0.0587091793313939,0.0314972036991185,-0.0417229317853433,0.0136929854749661,0.0459147032167136,0.0278672650188671,-0.0005563247506832,0.0001201563059762,0.015081167758186,0.0271348375782081,0.0151638810360847,0.0183309064809681,0.0061049290153037,0.0015092830491469,-0.0077122302337813,0.0004824381823674,0.0086718717741724,0.0064457089564036,0.0004473767400944,0.0792060360188829,0.0051052835861843,0.006789452262761,-0.0148351506577658,0.01660516441509,-0.0448998055268831,0.013250523382222
James Allen 2,-0.0102971365677316,0.0043308972478902,0.0344932548844792,-0.0025323878046672,0.0165547943741456,-0.0104645889457952,0.0113084641185899,-0.0009072601850483,-0.0248504690424147,0.0213380407779787,-0.0308998205170331,-0.0492748477419806,0.0259207168937697,0.0484613508964549,-0.0407028581420794,0.0132255380512813,-0.007850417701968,0.0316070662432989,0.0132840808775171,-0.0028298870270718,-0.0606504952873686,0.0062357399497182,-0.0034296573198847,0.0218494199710172,-0.0043502247345593,0.0077319938365863,-0.019878398570362,-0.0315806164417077,-0.0447912636501092,0.019676295850124,0.0030174363141131,-0.0227926376874438,-0.0023583768740455,0.0403442555038354,-0.0117734656062496,0.0312336978892416,0.0024850142838013,-0.0455928175045714
James Brooks,-0.0697667417989554,0.0049215491934994,0.038988139655179,-0.025705195131464,-0.005741864540151,0.0485640623675995,-0.09707129503477,-0.0297415474934388,-0.0087447918164999,-0.0048210832264622,-0.0247292452213169,0.0228144639340564,0.0376930500907618,-0.1019740507228362,-0.0166715111876512,0.0219754981828255,-0.0440456500326717,-0.0075978580607688,-0.0049950799416195,-0.0279949019347701,0.0273452606297072,-0.0505158644143428,0.0579364880284736,-0.0036856006459188,-0.0378653318059278,-0.032692368047968,-0.0342361685823184,-0.0252088556120566,-0.0656635705324567,-0.0877194231423835,0.0010838863807811,0.0265061201656281,0.072078054659978,0.0048096689245457,0.0004840670452887,0.0950458006529725,0.0176429279837422,-0.0568817445685487
James Develin,0.0284354752436149,-0.0056451592038382,-0.0466732305445212,-0.0394884833729749,0.0007799303946173,0.0391741132442445,0.0014114446621441,-0.0067580184170923,-0.0622573937129588,-0.0136537918955563,-0.0681177004012848,0.0402759871581746,-0.0156915884681544,0.0030140691815923,-0.0151163653027654,-0.0606993368277711,0.01172306720774,-0.0173643510771899,0.0704398397768481,-0.0380150587942415,0.0276979959674659,0.0181347011297428,0.053264593532882,0.0060116618454808,-0.0511470590954591,0.0047926593850785,-0.018131314117288,0.0637171919243387,0.0215844475844425,0.0502308418346174,0.0168912985182745,0.026389563575575,0.0355405712782184,0.0139067180702776,-0.0132862030619745,-0.0234270612114962,0.0486622418960727,0.0745107283023156
James Hodgins,0.0295398576686845,0.0018259176620968,-0.0050838123602934,-0.0065199113452781,0.0062189703459882,0.016091134133747,-0.0045912138936933,-0.0082915710891571,-0.0063653949021037,0.0100268063379893,0.0266286168481762,0.0271703907891045,0.0118081053289728,0.0031846565585959,-0.0055316260295042,-0.0174157175503256,-0.019074817056505,0.0015392929245751,-0.0140424053990318,0.0150747802409296,0.0046716268817517,-0.0128969438236903,0.0009138010355466,0.0159395118299679,-0.0294561093750418,-0.0180927601424652,-0.0176184597588408,0.0129528594460063,0.0089238580825955,0.0293485950939345,0.0148092208907903,-0.0038044085593888,0.0203495977404896,0.0294050414116823,-0.0101554040429009,-0.0076604955168209,0.0107129723925864,0.0152966438987117
James Jackson,0.0097594201335829,-0.0128060034728067,0.0051702337657426,-0.0024850179802088,0.0024208039197767,-0.0351794893319983,0.0203802005279517,-0.0150156766632812,0.0037981631365741,0.0047186436620371,0.0334690576056523,-0.0216776835545245,-0.0134935983765061,-0.0053673369287461,-0.0019531266652229,-0.0015436362084317,0.0004546830925735,-0.0202555669753626,-0.0039821143039096,-0.0051764080342351,-0.0094929094107578,-0.0307940329800559,0.0145657309088712,0.0259133472292904,-0.0059211029814828,0.0517702830406643,0.034833759778058,-0.0095340865629566,0.0059807705133828,0.0083468488766212,0.0399108504481664,-0.0135415612967717,-0.0009273009913368,-0.0165114507769405,-0.0489247161485049,0.0291566248660968,-0.0067311353079977,0.0138709556724186
James Jones 4,-0.0313059361025984,0.031318364239054,-0.0675375963882136,-0.0053134839863057,0.0238543228178343,0.0196607000078836,0.0574371005198956,0.0144950251206933,0.0100710296581745,-0.0526341644574464,0.0279218333922075,-0.057229995628091,-0.0601580478386584,-0.0210444448322134,0.0807462204531358,-0.004319461766136,0.0235276929935881,0.0103704249876144,0.0135457200895422,-0.0138156711241956,0.0311899133057951,-0.0295357932328765,-0.0152072343852884,0.0224295025650657,0.0416287031126263,0.027842314535519,0.0369387137728808,-0.0395303199304292,0.0171065979409508,0.0022879158705991,-0.0189513820809061,-0.0324816647191972,0.0034560242538453,0.0145363651698864,-0.038671066444401,-0.0365854791876225,-0.0250890766662985,0.0104439386267563
James Jones 5,0.0239640159368042,-0.0052897619603186,-0.0265829322770221,0.004793693806396,-0.017515908500416,0.0197648269084103,-0.0239003223798185,0.0295527349300421,-0.0178904943290483,0.0197184795032542,-0.015941937152363,0.0088416515619805,-0.0096715341932108,0.0129645971547359,-0.0074651913260911,0.0027265895550106,-0.042532084495159,0.0164988785683735,0.0059990077295781,0.0604743189035268,-0.0271864931221752,-0.004690082173695,-0.0275103379637387,-0.0182894312087307,0.0179606761221427,0.0197680207101922,0.0078128978404015,0.0165696686958073,0.0145856582349445,0.0179628947130579,0.014722449831914,0.0185270317554235,-0.0027348583814478,0.0077877161085118,-0.0329346028493829,0.0076678073160335,0.0148112569563838,0.0076977581426916
James Joseph,0.0063418276287699,0.0079850129809699,0.0121191093925929,0.0031978011821217,0.0323642997851594,0.0058201660679883,0.0034693999662205,-0.0300658347130487,0.002063207965257,0.0757814920655758,0.0218200427071882,0.0122531518301757,-0.0182014313193849,-0.0216870351787674,-0.0113580557240568,-0.0093702015964345,-0.0253775842566322,-0.0280785051253863,0.0053084481055365,-0.0178695507210714,-0.0308061532160136,-0.0123222855063819,0.0003246042860242,-0.0259758657934147,-0.010456736407223,0.0082399071758936,0.0125472088478,-0.0052013085940725,0.0173649951241805,0.0122538077487388,-0.0065684634605001,-0.0128348367199925,-0.0081606109920509,0.024517492174925,0.0080566231957891,0.0337753925669856,-0.0072698790808638,-0.0214199172311935
James Mayberry,0.028398764157542,-0.0120807095520173,0.0028144817231972,0.0280663876467443,-0.0009904744930147,-0.010018865933038,-0.0203485884220052,-0.0004805955500984,0.0274776448486638,-0.0191324793618008,0.0026727764524593,-0.0208615480583855,0.0033585722618613,0.0039132716210438,-0.0166827873713463,-0.0335070595732257,0.0097607258794588,0.0018202327452734,-0.0087175815404048,-0.0117745686130858,-0.0080988428003124,0.0048448315944411,0.0151256599719306,-0.0222412505255565,0.0021530922742123,0.0071795199865229,-0.0003640589402712,-0.0085457834130358,0.0048691033529129,-0.0025461236505342,-0.0012196385006986,0.0065479077638299,-0.0171154461922464,-0.0025939738502354,-0.0039034926761816,-0.00805856086397,-0.005988946868256,-0.0053519371566623
James Mcalister,0.0179525319452098,0.011935479294072,-0.0163193171750291,0.039798276237443,0.012939592775242,-0.0008728008389757,-0.0079772596823531,0.0094333764855836,-0.0118225771047266,-0.0248106784407427,-0.0012238411637179,-0.0102646457019961,0.0064019838219984,-0.0037220801196792,0.0088985377090058,0.0146339697370495,-0.0027322541805345,-0.017299388531558,0.0053192091773007,-0.0183318526066781,-0.0307334655539164,0.006386582191997,0.0062691706436694,-0.0484472968441864,-0.0052538283747212,0.0133790188792291,-0.0263329127788598,-0.0124409805454818,0.0092111176899479,-0.0143804779017371,-0.0044261863517765,-0.0329396247915135,0.0258498468621248,-0.0247749477572545,-0.0389088307414498,-0.0193005817177901,0.0018933230376786,-0.0130743609708687
James Mungro,0.0150590967179999,-0.0231321880098492,-0.0171265946766441,-0.00026339747317,0.025253917981972,0.0032362811969818,0.0015476664804495,-0.0020011438653947,0.0426450481871221,0.0277507788717785,-0.0038441811232297,0.0355926384718182,0.025548833875812,0.0019136947371632,-0.0214963954701757,-0.0038569999082446,-0.0268718644422319,-0.0478875646170444,0.005829908060804,0.0296099266672895,0.0412447004187166,0.0147496392550246,0.0080639751535175,0.0132985530694121,0.0362338479440046,-0.0099927276225051,0.0408130260500188,-0.0141527080096131,-0.019380662574837,0.0335763731939291,-0.0056365336737837,-0.0057839526642931,0.0298443020391232,0.0075445855707196,-0.0009407191169587,-0.0099064631490729,-0.0193179777902223,-0.0184551811613652
James Owens,0.0130512917947808,0.0041435130222567,0.0158086595689854,-0.0071756460865396,-0.0087046825254026,0.0071122341604699,0.0069262098320013,-0.011832298582594,-0.0154796579811496,-0.0049835887019557,0.0078365859373922,0.0189474550220071,0.0325516800785032,0.0222552942288548,-0.0345616303636688,-0.0210573324780853,-0.0330723980682307,0.0032814545379525,-0.0190903973043249,0.013037926442659,0.0156749095523863,-0.0333124236402681,-0.0629882353608103,-0.0100945747672705,-0.0407511780883444,-0.0161739695839706,-0.0391289192209782,0.003257492125536,0.0288148873508004,-0.006253355230031,-0.0250495804858,0.0448824679808673,-0.0214867096489972,0.0679761154427896,0.0025201098410129,-0.0340879435233641,-0.0069978374552917,-0.0094458614041234
James Robinson 3,-0.0277352771601696,-0.0457811594151071,-0.0029537116171486,0.0428473236621031,0.0397202820324438,0.0146439409269765,-0.0008104422510271,0.0062397293791135,0.0193035544102745,-0.0267467485299299,-0.0023414968897084,0.0209636924624556,-0.0131445349062541,-0.0140030395001259,-0.0247821399850829,0.0400457177121637,0.0058430248610628,-0.0558529222970669,0.0024766571307421,-0.0090152750923464,-0.0171000993992083,-0.0203081264846864,-0.0132807656957268,0.0413853190306061,-0.0268932457723029,-0.0162671197190726,0.0252172675472777,0.0132376029198367,0.0509511167883404,-0.0230792307623869,-0.0357234846039604,-0.0574872837277343,-0.0004872513684065,-0.0144430188525818,-0.0167415727500838,0.0174135825372151,-0.0229648278007043,0.0245623895428028
James Saxon,0.0129810087627867,0.0065432541727718,-0.0398826937984905,-0.032895850541778,-0.0177199342812718,-0.0146208052581368,0.0024631943404604,0.0024032297710506,-0.0217844790501047,0.0027333482038782,-0.0281026699329515,-0.0019442860682506,-0.0291897469522984,-0.020041246043495,-0.0058294809509005,0.0019996179388702,0.012984449079139,-0.0088817919473316,-0.0132043858340695,0.0223955771150074,0.0019741313926524,-0.0152381906074653,0.0511531491079277,0.0169899147206458,-0.0114798631200592,-0.0045851720279033,-0.0046422380529006,0.0105689725782031,0.007135961350591,-0.0109016435645027,-0.030005813177814,-0.0075182088077626,-0.0220632582484921,-0.0129494386848186,-0.0109199106312716,-0.0186666902186611,0.012488667278157,0.0439861881514026
James Starks,-0.0135352362303212,-0.01186622833875,0.0463490146675366,-0.0255237757644818,-0.01076355515789,0.0047158443300255,-0.0313894725083811,-0.0012317265693288,-0.0218207902856872,-0.0068814935734167,0.0120193998885649,-0.0170492829380719,-0.0212288971981361,-0.0200109461288351,-0.0148837048835009,-0.013047661292808,-0.0221083431933541,0.0193716055864113,0.0006088813691826,0.0343923416655058,-0.0189982386439902,-0.0548197187267045,0.0123418228220309,0.0351390902605795,0.0070538197811895,-0.011333872251934,-0.0143622520795691,-0.0392633362210256,0.0133794401669641,-0.0132967902026612,0.0026276000705632,0.0228901009876378,-0.0119592283612142,-0.0131756628190682,0.0376165529224536,0.0220407961142102,0.0074354402886136,0.0367398913840531
James Stewart,-0.0419082494673219,-0.0071911610351789,0.028220816315286,-0.0090472368721223,0.001889316152869,0.0146282076106323,0.0036073394240342,-0.041905517502392,-0.0380853549643272,-0.0365995374890918,-0.0192478112335474,-0.0027183479274374,0.0027683159001817,-0.0304350630157062,0.0257040127974965,-0.0299537110772833,0.0080363527660437,0.0111424270843972,9.027364431816608e-05,0.0518725966311473,-0.012937509235276,-1.7038505076706623e-05,0.0077973678865629,-0.0248804357888737,0.02446230618785,0.0254139216869738,0.0616507565293817,-0.0247128939653194,0.0780084677488136,-0.0094558863903935,0.0186583219969963,-0.0463888551021707,-0.0172586148612444,-0.0454010489901767,0.0146105133756021,-0.019686666984009,-0.0347988210102973,-0.0075193042520227
James White,-0.012759507991339,0.0737053979536045,0.0242404725984484,-0.0104282304764429,0.008750060788636,0.0614547428978304,0.0007527466627918,0.0059826205413125,0.0247018071341564,0.0329359716663275,-0.0055388456540097,0.0036089972241245,0.0336827955174628,-0.0313633878875976,-0.0167914172672004,0.0053624505253351,0.0253048402037677,0.0384477006311928,-0.0124231603566046,-0.0404796633303423,-0.0137161817754872,0.0207272440113735,0.0072925585681773,-0.0101706048065051,0.0422999332545706,0.0295120122840798,0.0387444790325668,0.0065882371164073,0.0349993665638218,0.0515023617340471,-0.022328533646861,-0.0182259067684974,-0.0241114729741045,-0.0027148435758857,-0.0008512415155509,-0.0327337848859377,0.0019409227831892,0.0079732052422324
James Wilder,-0.0534415284969828,0.0171339963777753,-0.0468828777218241,-0.0016104828566721,0.0110947013423248,0.0260672715049562,0.0359310088042989,0.0308184486657099,0.0263674934437852,-0.0411850860933009,0.0362935277207335,-0.0501988277376422,-0.1031031947996667,0.0720267729733053,0.0387337420448658,-0.0635543374631422,-0.0219749677411161,0.0016616318186015,-0.0232912881848104,-0.0130420740476163,0.057915806528314,-0.0559747437483484,-0.0268758189065361,0.0219711906756856,0.0110593941882551,-0.0634242790579456,0.0210964937323323,-0.0111715684976718,-0.0651789014015668,0.0032357996141664,0.0160025720304019,0.0215021775737757,0.0276521749635519,0.0216854932137156,0.0145335440784072,-0.0316476264256987,0.0129111703525254,-0.0127263078002947
Jamie Morris,0.0170139211849506,-0.0379894216028365,-0.0002341150529776,0.0180272673274795,0.012055530021008,0.0126928879397534,0.0255781791351404,-0.0137249711412788,0.0063879652642702,0.0044812097270423,-0.0079259370896537,-0.021162248252558,0.0035590155182067,-0.0133647216454386,-0.0090948330420847,0.0079485974217452,-0.0029264728069035,0.0078532722095931,0.0115592840356119,-0.0271254948302955,-0.016996458020759,-0.0198595326068099,0.0040103349405028,0.0110865242010587,-0.0087727239393753,0.0061442732172849,-0.0107002504973344,0.0034976961205823,0.0004727010015228,0.0059294272878559,0.0167767620873254,0.0125845811677833,-0.0052728205456951,-0.0211033762662381,0.0157912695166559,0.0011248083845081,-0.018237846972673,-0.0106224255901875
Jamie Mueller,0.0107296800785199,-0.0279197895440043,0.0037601861080698,-0.0093827905201538,0.0183398624883231,-0.0104092087410527,0.0297800037452756,-0.0208649374252823,0.0129094628099169,0.0153894978012035,0.0195571382352387,-0.0296898347900205,-0.0130423058870654,-0.0234722447825783,-0.0057899819346571,0.0085441186323929,-0.0160415947276565,-0.0093202487528241,0.0069221483126708,-0.0040070610170999,0.0004108133311495,0.000352144262696,-0.0133475582476857,-0.0063099106713068,0.0257514159425137,0.012719912633353,-0.0191086818717427,0.0030889744991594,0.0068226967859627,0.0316747492485998,-0.0137770454097741,-0.0339045574093669,0.0030900802670843,0.0037249505096069,-0.0107325785356577,-0.0169791989816065,-0.0191702377272685,-0.0118729135922206
Jamison Crowder,-0.0100753381322716,0.1106043672006567,0.0207974088808991,-0.005285829857436,0.089938497523959,0.0308016285190097,-0.0145974928134161,-0.0143153537586388,0.020223093765167,0.000594732685017,0.0590123212180558,0.0047934407313735,0.0004005284122366,0.0082082647418921,0.0214525604566745,0.0032956152904431,0.0215475158047958,0.0416966221632689,0.0013535621964238,-0.0026610354688433,0.0308045008579913,-0.0149516389550253,0.051757940166362,-0.003512068602226,-0.0449383644504211,0.0100484938073737,0.0613478254320718,-0.0161126632555224,-0.0456307741837773,0.0339369114986064,0.00154638675408,-0.0035749682741763,-0.0475750942280061,-0.0056145274421083,0.0850917541888982,0.0508804369878184,-0.0072152820988587,-0.0285042758687903
Jamize Olawale,0.0201523970747149,0.0165766812200654,0.0198124287938059,-0.0096968519471138,0.0180294797615593,-0.0079956134043149,0.0056336301151252,-0.0181633211895121,-0.0327851582206954,0.0101599606564379,0.0534202596548933,0.0317218226520972,0.0305540618772631,0.0174290788081667,0.0220175564087191,-0.0014768981082539,-0.0332659800404335,0.0125435231085804,-0.0166476005039634,-0.0221486299708038,0.0162933922215777,0.0143267254909608,-0.0297999656889132,-0.0327615309255431,-0.0080859755282586,0.019313797428918,-0.0025343290903508,0.0152751797023605,0.0139663899759146,-0.0103836311117205,0.0011670466615009,-0.0038761652799996,-0.016052647422848,0.0340107392718598,-0.0092091587686301,0.0113359642073694,0.0053863105156862,-0.010708447577753
Jarrod Baxter,0.0361842219152741,-0.0105778902422409,-0.0183762013420431,0.0039749795572879,0.0291044233913264,0.0402432407706241,0.0049910458680862,0.0067907555597973,-0.0204106162712047,-0.0008276374659017,-0.0184592443537932,0.0234172827871424,0.0085220478306249,-0.0045795162464713,0.0166305900938819,-0.0063371098682049,-0.0087558467265494,-0.0085134130880954,0.0185573172824027,-0.0028649450865937,-0.0081539720997179,-0.0079879684776882,0.0009359874330208,0.0070790408845863,0.015393810218302,-0.0072337289912769,-0.0152697406073478,0.0065624314561807,-0.0093222408406694,-0.0009418981801693,0.0105839837387771,0.0093053315020831,0.0263854328593686,-0.0068323268686346,-0.0014546447618419,0.0004460265343037,-0.0053521248359634,0.0150873013346326
Jarrod Bunch,0.0228684564621843,-0.0192010660629989,0.0256151274387853,0.0092825529155771,0.023524005450536,0.0390176422716147,0.0143642865896501,-0.0124851410902969,-0.0094431959300844,-0.0049890171478973,0.0399328137837309,0.0043873573747717,0.0220507138253223,0.0134677731350146,-0.0130716781825384,-0.0140128427880245,-0.0361477025093883,0.0192420528265909,0.0072938175856114,0.0215778097030168,-0.0012366202885182,-0.0299023037723029,0.0143697604534269,-0.0143113908875294,0.0009718724671879,-0.0164416416157226,0.0073249040341073,-0.014166343632535,0.007178303224034,0.0015079146566814,0.0233967649758423,0.0328113152355106,0.0086910186931032,0.0042159410041882,0.0033080110977401,-0.0088182626695746,0.0164703484188623,-0.0010080896870147
Jarvis Redwine,0.0351944990343984,-0.0282632204329623,-0.0058304646611897,-0.0293952699589475,0.0206092822467669,0.0257032100084259,0.0116734613482746,-0.0218560326537662,0.0486889078044343,-0.0174322768337524,-0.0365971553092592,0.0145733212072166,-0.0130878304263229,0.000495412767708,0.0079890616481404,-0.0176943297354136,-0.0068556593476459,0.001275831809357,0.0261449563344265,-0.0325504531197266,0.0224921305529715,0.0173288680909012,0.0329667982375382,-0.0047523354680984,0.0029547387614462,-0.0097055823830457,-0.0440336917694401,0.0234148931049472,-0.0073478108030076,0.0164290927025401,0.0055669474767246,0.0018786770469671,0.0036192546009925,-0.0032990013193362,0.0160097844856183,-0.003367556919639,0.0007589417647375,0.0235922577614096
Jason Cabinda,0.0325528773622356,-0.0129012614287619,0.0012718767886567,-0.0217825178822865,0.0130341993087411,0.0140652146271465,0.0101315362258705,-0.0122918832785106,0.0264412206754711,-0.0270766972674475,0.0460583728013029,0.046809100724656,0.0032955196597654,0.0156321739007041,-0.0253070771301551,0.0166967144250832,-0.0136072112730008,0.0285186243280109,-0.0041540837971127,0.0264622757870676,-0.023541458926197,0.0004532035267276,-0.0295443492767622,-8.400210729928026e-05,0.0298271005058618,-0.0064663174993326,-0.0093000033634039,0.0105166881924448,3.842284738424977e-05,-0.0048990081671678,-0.0098740924249454,-0.0292634873988917,0.0105981712147715,0.0154878655376808,0.0228647310359948,-0.0129966106375334,0.0146549359795071,-0.0092371249583423
Jason Mckie,0.0216934289873542,0.0159898201490155,0.0023933905503994,-0.0145806995707176,0.0152329924860995,0.0064790125658844,0.0023947465562464,-0.0091445880423328,0.0093031348733831,-0.0199163201568169,0.026790108925092,0.0020020191327054,0.0099272769571072,0.0173516978375953,0.0045191295758992,0.0261572063019584,0.0098708109912747,0.0066252506883603,-0.0212741228086302,0.0452641506666852,-0.0490828252911768,0.0312239230844429,-0.0202726071461121,0.0016436687766246,0.0040546304181765,0.0098934948759516,-0.0190229254043886,0.0114876344780509,0.0173639369548585,-0.0068263733962681,0.029394050704593,-0.0051965801452063,0.035195535994804,0.005492082333481,-0.0243840692027814,0.0181558540182172,0.0251808453563085,0.0141820566040042
Jason Snelling,-0.0020919316797718,0.0276021047147565,0.0271476836759909,-0.0330173620346049,-0.0028246384115877,0.0301853748423883,0.029325407284092,0.0122366167680709,0.0326575720923698,0.0614752018158365,-0.0138673250247382,0.0205666941148881,-0.00504193876021,-0.0188742615531722,-0.0151527489923769,-0.0173911487500973,0.0024743656073931,-0.0212511948999442,0.0194065092143837,0.0182798104412283,-0.014298323277048,-0.0516817644354737,0.0410696922019135,0.0224507228403273,-0.0373589749202689,-0.062464643817782,-0.0070900537887437,-0.025063448136936,-0.0058881449894252,0.0282427022883946,-0.0025112569388125,0.0052269884177179,0.0130077408806252,-0.0120342229132672,-0.0064282569699539,-0.0345860789935039,-0.0148179494655083,-0.0003213416403115
Jason Wright,0.0135266587041905,0.019544352352432,0.0213811873707362,-0.0216918004547102,-0.017259941691649,-0.0062244921463748,0.0126843002096977,0.0006171909966214,0.0049818218112662,0.0325756403201748,0.0539661352444446,0.0053936774776421,0.003652463585416,0.0145659758746022,-0.0100707886184531,0.0287111862814677,-0.0066647796031996,0.012884366630383,-0.0439791779678797,-0.0072098904489081,-0.0137391743951259,0.0175483831592163,-0.0029008332446325,0.01687758575187,-0.0523376610012803,-0.0643049607401506,-0.0576984866016772,-0.0179569674388311,0.0042140169588856,-0.0013106917964818,-0.0140937369165043,0.0052513082595461,-0.0144783786838655,-0.0072972298936748,0.0043223803251762,-0.0457339824629967,-0.0394617410005598,-0.0144646552214512
Javon Ringer,0.0173523196394503,-0.0154795752322766,0.0267824063716058,-0.002423346048954,-0.0112836321190315,-0.0167242560753422,-0.0289392700175301,0.0093459738074241,0.0565883818441533,0.0005562574027501,-0.0180172242450148,-0.0083022905264188,-0.0173227425684497,0.0015139693334442,0.0253251335497333,-0.00095916689205,0.0208876378447816,0.0015360556696447,0.0201313965597542,0.00731128564078,0.0027043502195216,0.0069433416815547,0.0009845578390983,0.0209125127246665,0.0215197753126164,-0.0093542086564475,0.0150673366562892,0.0155552305727646,0.0075773203884666,-0.0210463258871632,-0.0159231122572675,-0.0200920584763717,0.0053888465887135,-0.0015973667810054,-0.0129274066090633,0.0064564158533033,-0.0215573636075928,-0.0109407899705155
Javorius Allen,-0.0027875767613443,0.0005027101891337,-0.012583880814564,0.0131018348908952,0.0305322442906923,0.0001067242010504,0.0040477234067975,-0.0200570675948825,0.0222390807020327,0.0018005440426565,-0.0186671241913035,0.0014172989375156,0.0084561285237914,0.0270069497555207,-0.0204023208798006,0.0215201972591722,0.0281171217787493,-0.0025881767282841,0.0197264232988735,0.0246324192463413,0.0219139382483391,-0.0317729558332841,-0.059255393663973,-0.0092466117233111,-0.0591206437251983,0.0139603266622786,0.0054970352537507,-0.0026185709360144,-0.0044705018943669,0.0095629536616638,-0.0251676826170881,-0.0267289884562509,0.0052996156046597,0.0436256697126894,-0.0664213620715519,0.018222597692145,0.0037109249268376,0.0169870375097066
Jay Ajayi,-0.0220399032530578,-0.0537395100357203,0.027869117308761,-0.004229909214386,0.0050836550756342,0.0192208667476824,-0.0009425235836353,0.0745107568989834,-0.0069448520688916,-0.0483819448038636,0.0260625242045356,-0.0251706081432729,-0.0273057824663023,0.0139542873127755,-0.0355841188243593,-0.0336695405325157,-0.0440530011831769,-0.0247211641288759,-0.0065180229278784,0.003980602904612,-0.0215459792337574,0.0010657328470713,-0.0054613271996344,0.0391775248116444,-0.0226762241863535,0.0028472077962959,-0.0235124643662945,0.0423952552466952,-0.0120177021762162,-0.0560032872159619,0.0657339245030149,-0.0128500687961723,-0.0112853428262125,0.0432372911469647,0.0290218629770592,0.015559597984423,0.0230227490913665,0.0007069391022934
Jay Graham,0.0253117668311272,-0.0110739395962247,-0.0384583855006923,-0.0068776826678513,-0.0071367729189351,0.0165224120876404,-0.0033124189722826,-0.0013309582662872,-0.0095081180339213,0.0011219443982096,-0.0292514919467819,0.0111292435792407,-0.0193866788262141,-0.0129882347344729,-0.0012525773470538,0.0020982246826764,0.0008767791917325,0.0016558557447817,0.0007678517460012,-0.0122993252191659,-0.0026341853462323,-0.0215322948824214,0.0240188749690323,0.0016749934306724,-0.0274366404203892,-0.0057824657283165,0.0089063562410373,0.001051802893306,0.0102366913566177,0.0094286032653474,0.0143614969885848,0.0104686374292809,-0.0356710982163112,-0.0109955344121079,-0.0407365760267604,-0.0091309883791869,0.003677442724251,0.0124934015496087
Jaylen Samuels,0.0171478262589015,0.0104794087988763,-0.0108977743820205,0.0134702713732942,0.0247566697395777,0.0146514807326566,0.0064946474446592,0.0097621842837929,0.0043337267101761,-0.0003684826978791,-0.0165833350934999,-0.0002668776883551,-0.0105358096368321,0.0009720409837285,0.0120305622216974,0.0196287857294826,0.0223488849057586,-0.0059724589634783,0.0001849957905403,-0.0148877524064005,-0.0268355721941453,-0.0161174610839606,-0.0069550209449331,0.007135514430392,0.0078041818153004,0.0030166629882266,-0.002751852606014,0.0121538410233756,0.0067375383459344,-0.0123357205780606,-0.0163585131375769,-0.0210367238688626,0.0308793832358452,-0.0209745228571498,-0.0108512471358359,0.0224629086605707,-0.0271106569907469,0.0079051944990083
Jazz Jackson,0.0257797248218359,0.0128728968429164,0.0067519358324837,0.0221174557289815,0.0186064821537727,-0.04077197996628,-0.0112727588449997,0.0265491245619843,-0.0561900565389586,0.0023142959285135,0.0207891841320709,-0.0058074765306596,0.0405999441989413,-0.0100320369396813,0.0160522682864972,-0.0488521781855137,0.0012112354742367,-0.0020509805997081,-0.0109598872130977,-0.0254998957258044,-0.0015071149232757,-0.0263424955159729,-0.0168503484689733,0.0471909659493301,-0.0114923652495616,0.0059851084914319,0.0107466196833974,-0.0021197490401071,-0.0356983534380036,-0.0046976159782347,-0.0016105634217638,0.032393031752184,0.0089464493320357,-0.0342211945568612,-0.0044284862925574,0.0103618448873526,-0.0106054092421062,-0.0180095545044346
Jeff Cothran,0.0266190828219198,-0.0041761867841076,0.011112849075383,-0.0021731446174804,0.0212113274835393,-0.0098343481890083,0.0044910687108717,-0.0068795694913144,0.0116216452474242,-0.0066940757925228,0.0084874209442791,0.004210282551527,0.0194121045214804,0.0042176592880421,0.0172750475104243,-0.0110664314849296,-0.0244489076061292,0.0103403517182805,0.0011812010014421,-0.0057741479886724,-0.0096336388696653,-8.767059871889887e-05,-0.0221765920997174,0.0024474889353733,0.0014499346320536,0.0059129812672498,-0.0135854189390984,-0.0015114414329583,-0.0015806610924264,-0.0131657380480805,0.008591363692495,0.0239969960968879,-0.0015100696716742,-0.0090398216168464,-0.0114416677777438,-0.0069255239229216,-0.0072304944614808,-0.0028365188874307
Jeff Kinney,0.0134758464208644,0.0150569083718201,0.0158123356144452,0.0303115095357745,-0.0134974656852846,-0.0097941630053666,-0.0114196742512003,0.0044552651153055,-0.0196352935878053,0.0165082276268175,0.0077573672407694,-0.011389788305651,-0.0012162152587069,0.0049001968996886,-0.0174205191386379,-0.0172674385042968,0.0456839976080883,0.0128528382198521,0.0108632123529132,-0.0084654422656825,-0.0187754475781079,0.0018951409592491,0.0158867207732853,0.0229656060672163,-0.0120636747678124,-0.000232667922314,-0.0074010922203806,0.0061520825111855,-0.03109667218974,-0.003766798198882,0.0093154699498118,-0.0165948429730598,-0.0233775236322811,0.0308387612836124,0.0146198606703101,-0.0088316133240672,-0.0027691995217798,-0.0284524961972216
Jeff Moore 2,-0.0056222251795432,0.0424067825644715,0.0528860538501749,-0.041998758243002,0.0109189538630833,-0.0290096503497384,0.0295247288638916,-0.0339107272850953,0.0618139523398977,0.019485005866264,0.0203285149839688,0.0328895230665667,0.0447785687329311,0.006876805826176,-0.1034832099388443,-0.0177918830473023,-0.0586319906414209,-0.0074267420347253,-0.070597245459422,0.1324747962348401,-0.0020555034875178,-0.0479595430238697,-0.0251661521585361,-0.0375764245664189,0.0108863510333333,0.0304319098132326,-0.0263394128346327,-0.039125147429994,0.0237879094437204,0.0017556160078795,0.0612774138538745,-0.0075719668757816,0.0358421537269557,0.0176930643012715,0.0107655649948515,-0.0150081234830647,-0.0290392415730669,0.0172101979781143
Jeff Queen,0.0106869466869501,0.025422610670272,-0.0375431776912691,0.0394857184231455,0.0068785309703153,0.0060047271347996,-0.0040671078141774,0.0396150991658756,-0.0075549953058949,-0.0557845574908069,-0.0091226983858346,0.005858290087947,0.0134595634322776,-0.0200697755104088,-0.0445281437154668,0.0158890289536631,-0.0017371483132134,-0.0042192597754449,-0.0020549191974632,-0.006125136697784,0.00231772608011,0.0065535447091558,0.015991118141189,-0.0447282056830191,-0.0045781646002092,-0.0336459394608169,-0.009534061383012,0.0110627847930466,0.007821655918502,0.0149222535106362,0.0348341668948848,-0.0168976969031995,-0.0222224604555195,0.0253304577818516,-0.0298767091265108,0.0190223062323129,-0.0011322014365217,0.0098328321916197
Jeff Smith 6,-0.0010612394252438,0.0195155774962238,0.036139782376723,-0.0064276585399655,0.0379782826412528,0.0059754730035493,-0.0085549642699411,-0.0018035257151825,0.0152658006980267,-0.0135139782752343,-0.0217754285182033,0.014052268635341,0.0228116467530625,-0.0224396595293492,0.0021203538211328,0.0026927476160364,-0.0115142968468707,-0.0306672982247522,0.0597446707386887,-0.0042590815841701,-0.0148409368472461,-0.0171632187370927,-0.001914258520735,-0.033319222193394,0.0318189101427576,-0.028277315025189,0.0101924960870983,-0.0088649727424845,0.0192229879478943,-0.0423137488117181,-0.0219927838675299,-0.0375971941328785,0.0199730963574267,0.0214593692561402,-0.0151008077589128,0.0035578844457303,-0.0228750740951822,-0.0049529643558194
Jerald Moore,0.0163699316976317,-0.0191381196292003,-0.0007288784875117,-0.007961178012047,-0.0064858315547985,0.0151730368740372,0.0200507346024741,0.023042472274107,-0.0116529875058276,-0.0155272240637452,0.0111465105311176,-0.0316347341888604,-0.0076173087335393,-0.0075063123088954,-0.024927194661178,0.0167242475109945,-0.0140137368303159,0.0134752925484212,-0.0073095024100071,0.0124808817094965,0.0072630761923524,0.0197479805250056,0.0079300204130786,0.0254945363237769,0.0013825849053452,-0.0447725850272926,-0.0001876171811794,-0.0064174621203076,-0.0102937311261259,-0.0589479922363173,0.0573484462711888,-0.0148629176380864,-0.0182342441162475,0.0113491853389309,0.0131164923911245,0.0088133917016813,0.0272913862993438,0.0271092645611943
Jerald Sowell,0.010992263049919,0.0349852795352177,2.342547879057354e-06,-0.0426078500257352,-0.0157429440292866,-0.0117000306248491,-0.0144218248655544,-0.0092797471886998,-0.0556718104758069,0.1013611645263826,-0.0187456846243894,-0.0103246774128875,-0.0188266781302358,-0.0122136306064094,0.0650831670544283,-0.0370395180684013,-0.020331547416635,-0.0081819604014732,-0.0008884535946729,-0.0147368517924712,-0.0016372730336742,0.0109016714405029,0.0534229126267311,0.0192555236890503,-0.080581723223024,-0.0578774175728224,-0.0312390042792166,0.0292357513476728,-0.0322221105147929,0.0166926240987853,-0.0289121582020583,-0.039144556437147,-0.0339822029500648,-0.0415745209407975,0.0332131523624395,0.0118604638431752,-0.0061565305294152,-0.0145780342598794
Jeremi Johnson,0.0172973792303252,0.0228393627874153,-0.0206915318038098,-0.0162036537019594,0.0079567133614175,0.0373193515402005,-0.0002678861143268,0.0138767516199464,0.0049004343081466,-0.0102719615312075,0.0142378039854078,0.0081682084981016,0.0696201699562475,-0.0474260489808456,0.0066745804186872,0.0241051152512517,-0.0141257600730825,-0.0235180948373883,0.0298694787384087,-0.0250154097691086,0.0133459628154925,-0.021493307198785,0.0426626653384265,-0.0165780300267071,-0.0103137957620108,0.0196667258673802,0.0162166638614496,-0.0008825779167275,-0.0162482153209835,-0.0115797329891595,-0.0124245592298039,-0.0040643563499118,0.0014677044206977,0.0096081036559174,0.0091978746659741,-0.0010463999389071,-0.0136937271050884,0.0507594008884446
Jeremy Hill,-0.0386461484189447,-0.0686007318588618,-0.0345875695413897,0.0203578376083137,0.0335715019462761,-0.0420169204304146,0.0223739221596376,0.0267760104319305,0.038087809008092,0.0297385935555203,0.0020094555400621,0.018588535345029,0.0033553239922033,0.0055108384368124,-0.0125644617277801,0.0147306309549901,0.0303290918312199,-0.0454717314225218,0.0415160003100303,0.0172276756624177,0.0789137097273555,0.064019570119068,-0.0540189229950942,0.0258244189664081,-0.0340309817108069,-0.0141805184697207,0.0321634794506829,-0.0687857368785552,-0.0277766661734225,0.0646263124319562,0.0180652980827548,-0.0432540840405101,-0.0377307417036262,0.0637967633910233,-0.0498679062499495,0.03541319443513,0.0365510363386816,0.0005072416419007
Jeremy Langford,0.0057521596236754,-0.0061809582203998,-0.0310531024824704,0.0227729625931631,0.0286770931814324,-0.0059820517761013,0.0391325028824739,0.0077763863298561,-0.0350473014106458,-0.0302267384979616,-0.018011343098002,0.0111654199083619,-0.0175941411923606,-0.0090269185526721,-0.0493828156018664,-0.0001765225050294,0.0047457007002554,-0.0414940382700287,-0.0316957021561394,-0.0128861628875605,-0.0064732201230449,0.0430730058311781,0.0543028951732809,-0.0224656613509329,-0.0029495010293103,-0.0279792377950313,0.0210860673603359,-0.0037929817468676,0.0457027757063272,-0.022283151571348,-0.0043768457995168,-0.0265579938959179,-0.0036930990000782,-0.0130589784960233,-0.026667600109464,-0.0088120486068528,-0.0219167501750976,0.021783974136232
Jeremy Stewart,0.029615266977658,-0.0072588227727124,-0.0040926791037866,-0.0033210360664001,0.0236044920981397,-0.0016078847762544,0.0062366452266515,-0.0061251734063954,-0.0004823027179876,-0.0173193659286632,-0.0071775313848511,0.022685317450615,-0.0104230493797604,0.0157191621410702,-0.0155258805548602,-0.0157215980723908,-0.0108601808370677,0.0154986225925603,-0.0169349781948072,-0.0123147409841767,0.0049565781921608,0.0203521042622142,-0.0189601470196044,-0.0383430052136242,0.0112641636565692,0.0058856033214844,-0.011937255808171,-0.009055586537321,0.0027623434220247,-0.0179102011113546,-0.0060478240505004,-0.0055629644806837,-0.0263477870356806,-0.0020730807593055,0.0142021149036628,-0.0139520865046955,-0.0043092194475628,-0.016381204328229
Jerick Mckinnon,-0.0145023998342429,0.0163764299918412,-0.0442581858111988,-0.0057769215894727,-0.0113574395726418,0.0157784788944822,-0.0660800154923925,-0.0237278601391783,0.0133794567302308,0.0656008753534974,-0.0393599237390011,0.0011327212702872,-0.0039503296527561,0.028679987003209,0.0245979526146951,-0.053983449945261,-0.0730146805506026,0.048995027827196,0.0539209731079375,0.0293904756727711,0.0184097912260584,-0.0721525644976678,-0.0060782067294141,-0.0090453932773054,-0.0349204369712071,-0.0559824011546072,0.0391801761397974,-0.0267355576020369,0.0243402491082772,0.0344143746581088,0.0623736741945536,-0.0451497063940434,-0.0704448920857493,-0.0673954779663983,-0.0164304140091688,-0.000212075135859,-0.0307731516588037,0.0470395248865369
Jerious Norwood,-0.0225246551264604,0.0079622561988553,-0.0064556271761927,-0.0125970117226732,0.0133630775698858,-0.0558785202122003,-0.0378386758612431,0.1122158309428913,0.0294022218595637,0.0319200844005562,-0.0330826578226241,0.0550665026686963,0.0012820916120039,0.0539268086870361,-0.0235166457712883,0.0515122538337672,-0.0151982692798493,0.0469807808984656,-0.0118346747569337,-0.0153526031317695,0.0035118134844471,0.0227920747454417,0.0169407952759086,-0.0401147900150536,-0.0511008771939988,0.0295924911716529,-0.0471824158320721,-0.0039667330319622,0.0082640208190874,0.0291442709553523,0.0139190751349867,0.059691213370847,0.0076964514193108,-0.0410637651248895,-0.0395760554922934,-0.00326847757172,-0.0554117322471095,-0.0048336631572303
Jerome Bettis,-0.0695410008187094,-0.0656193959285579,-0.0693296384420587,-0.0118990700998221,-0.0227028784584028,-0.0324160739671583,0.0048812502401543,-0.0645674729903911,-0.0284060600811608,0.027947422243743,0.0179854027187708,-0.0118916168952567,0.0130930307517132,-0.0241483916687953,-0.011873899326239,0.0030844967717943,0.0293453438015875,-0.0313127331060043,-0.0040097501497407,-0.036673656509251,0.0088112865027832,-0.0554019265465913,-0.0642147136770983,-0.0207791282264438,-0.0485938744935397,0.0896209608289793,0.0008942496858133,-0.0432013154574821,0.0002130371961,-0.0208553088907815,0.0095269518713872,-0.0109164212304868,-0.0111238226150525,-0.0494399640884425,-0.0261916174297765,0.0136866826931315,-0.0622541019925481,0.1025856238107593
Jerome Felton,0.0200216813261297,0.0049529746069074,-0.0329395661794121,-0.0684275334172324,-0.0196878508996408,0.0078134868811587,0.011592131986746,-0.0161486534278862,-0.0176059282606716,-0.038133577142054,0.0146185294610518,0.0441702988446575,-0.0205946929442144,0.0128651358125085,-0.0374901797277936,0.0164785241999101,-0.0087888768931995,0.0547925031151154,0.0046587416170014,0.0302202804090196,-0.0003455279657687,-0.0072115798013452,-0.0210716314588748,0.0002230892299201,-0.0265695261086185,-0.004623183501172,0.0030944480484496,-0.0282059731602244,-0.0087287868811454,-0.0132911579380326,0.0112952213286815,-0.0280473470271278,-0.063064080282646,0.0014229848310112,0.017972839653501,-0.0559727628359434,0.0838959336830724,-0.0897671779238207
Jerome Harrison,-0.0043525559405569,-0.0033734096803753,0.0521823970647887,-0.0227050096820227,-0.0164962132483196,-0.0151408259211405,-0.0219907215778172,0.0114548021445551,0.0069466554406588,-0.0236811245394415,-0.0029276637225982,-0.0093579221046167,0.0027929422293416,-0.0262563286207884,-0.0378251499146475,0.0349067030809641,0.0273135794144376,-0.0171894679278512,0.0393409570570452,0.0408884462913428,0.011233432615959,-0.0463495251179388,0.0189737734983185,0.0265609016107993,0.0145619492689942,0.0081275030328773,-0.0272231186656406,-0.0074564301341439,0.017698300924618,-0.0153918922223844,0.004978482590087,0.0454737037201028,-0.0351827069565617,0.0304778077223964,-0.0102324478588075,-0.0045615498723284,0.0040525032795454,0.0157140282519111
Jerry Eckwood,-0.0035722422285617,0.0094401859796364,0.0446704807878356,0.0599851525502238,0.0159713453353024,-0.0221926781413318,-0.0207566798481666,-0.0337472242458268,-0.0274044811220664,0.0121019749882797,-0.0254253609031574,0.0044029180723448,-0.0544733008195077,0.0075515888108949,0.0023305365071583,0.0051253376750453,-0.0009147085721822,0.0237405601756406,0.0629681173297746,-0.0447321979777109,-0.0009708266641645,-0.0303070912327202,-0.0160593709329257,0.0021447581030253,0.0165684036887994,0.0342128525440778,0.0001297892896483,-0.0167544313478672,-0.0377643862239036,-0.0312361397583118,-0.0406686283427519,0.0116941013670137,-0.046066841591666,0.0290294360901311,0.0274710631602385,-0.0045326504961621,0.0321101663866305,0.0057003637360077
Jerry Ellison,0.0066897428509527,-0.0044290576622107,-0.0124617206097879,-0.048854517930766,0.0056519592942354,-0.0792910158685587,0.0100011541179678,0.0269818038648637,0.0462646879462635,0.0077275658974898,-0.0589940343884057,0.0184417644072895,0.0093900540584704,0.0195304009555345,-0.0104216763236623,0.0195408667538327,-0.028814200691164,0.0358317935625225,-0.0320421126270537,-0.013468703870453,0.0038716917185795,0.0360352300034153,-0.0160466719049821,0.009075657907634,-0.0061947278854652,-0.0403661485156265,0.0236367369510877,0.0050790880933471,-0.0191300344835851,0.0207364248373536,0.0581279720287129,-0.0072808054105599,0.0192089810234477,0.0214115275812036,0.0270424622578284,0.0004921517541324,0.0206145433268461,-0.0823530598603088
Jerry Latin,0.017192066373117,0.0015702686759994,0.0116213705362436,0.0297337854347796,-0.0205941713820919,-0.0534657894618275,-0.0140571096974767,0.0286156151021293,-0.0070633521942485,0.0025821572631918,-0.0052271828624177,-0.0179597746586381,0.0171290114171637,0.0057269071649806,-0.0123630077100225,-0.0029510530304122,0.0066633272831954,-0.0039963741692775,0.0211829774860048,-0.0020112888709749,0.0054040548793839,-0.0023292855081966,-0.0138243270845013,0.0202003518131969,0.0229041945675856,-0.0317556516516477,0.0391070558665876,0.0360690268851579,-0.0206154600518799,-0.0029085939431948,-0.0219253251674785,0.0007989189880537,0.0258805886465864,-0.0315156742619744,0.0134708639978004,0.0285917289401267,-0.0393540928400289,0.0038542958353921
Jess Phillips,-0.0057577823285714,0.0124610135084595,-0.0184856101227774,0.0471185936954997,-0.0493361627195575,-0.0432177742007895,-0.0259731876179214,-0.0336746156629595,0.0350181304028532,-0.0188064791022081,-0.0034446841844429,-0.0251206473782341,-0.0295972228406284,0.0145165723900665,0.0396972127331222,0.0409292066243309,-0.0297869036057245,-0.0026484233818369,0.0435695610330234,-0.0410315774326935,0.0102778805809892,-0.0482618560407771,0.0119512367443516,0.0067249298728595,-0.003882823603735,0.0032044128212884,0.0009136764795356,-0.0101201230326304,-0.025732739532715,-0.0319028848155362,-0.0311449957214194,-0.0079808362923938,-0.0241156642472233,-0.058434418378796,-0.0124217742404736,-0.0341166567799286,0.0062067044774124,-0.0638312941046989
Jesse Chatman,0.0147498614485206,-0.0032553515485814,-0.0169618958236309,-0.0122329610960957,-0.019917532737939,0.0079259668056333,-0.0292667866012096,0.048436969660942,-0.0636282319324715,-0.0179448128386604,-0.0154557426034316,0.0129920075702411,-0.003606992752744,0.0048228453359496,-0.0407713043549877,-0.0353800294022447,0.0139388335949852,0.0123344470113031,0.0176554210654583,0.0402851676384459,-0.0419818648788124,0.0078956230186773,0.0012900026425275,0.01421724264328,-0.0343435565622237,0.0235758216706828,0.0172165552010676,0.0163170042966296,-0.0036256947567864,0.0439171410809226,-0.0354712547001163,0.018047252051041,-0.0401075856021814,0.0054423555620501,0.0151204666401811,-0.0277254024689434,0.0106841534634805,-0.0046123471383504
Jessie Clark,-0.0109508946677654,0.0088451539806065,-0.0529458412097979,-0.0148391790589615,0.0006227397479318,-0.0183644397183574,-0.0336189727301148,0.0650225802048459,-0.0065737116474053,-0.0413752511116244,-0.023146518628978,0.005630617091196,0.0165780965646309,0.017349359790535,-0.015241472397067,-0.0103489437876694,-0.0201822133123543,0.0289515911000692,0.0756644976340712,0.0095214266798619,-0.0013704995221367,0.0154870049761339,0.0062230290195303,-0.024035690672572,0.0225463704411322,-0.0088768867608763,0.0023519342015867,-0.0146645400433543,0.0437317711324071,-0.0094211043172154,-0.051298201559787,-0.0294708966347096,-0.0097436207881079,-0.0060721101651788,-0.0339448815536998,-0.031971416956693,0.0123913276552215,0.0221613748796297
Jewerl Thomas,0.0127454465494157,-0.0128447781653722,0.0003230330020622,-4.3565692515384095e-05,-0.0231162544655713,-0.038937802777701,-0.0122375915452768,0.0209134718475895,0.0389118430773004,-0.0106162196792782,-0.0205782761612955,-0.0140604713883331,0.0034790243193746,0.0204448900056281,-0.0399278734900299,0.0272276653850616,-0.058531496540166,0.0225698253530286,-0.0089187742963351,0.0213532588270586,-0.0205553817878628,0.0234218068663546,-0.0288288337779613,0.0312722369500771,0.0064709236979962,0.0005291768750738,-0.0013637807035242,0.0512118600011045,-0.0149856300344965,-0.0116663179315885,0.0110197723837081,0.0176099924466462,-0.0168802541858527,0.0001300587797019,-0.0190430461333896,0.0453130973082191,-0.0318942923065206,-0.0266140620600613
Jim Bertelsen,-0.0104754098705111,0.0278724002504615,0.0035807370578531,0.063188295573591,-0.0151414650831094,-0.0420447576185608,0.0201733816907538,0.0040627140786882,-0.001915568707935,-0.0123614825416596,-0.0210987023915131,0.0040154914336542,-0.0239951350569627,0.0137015793541659,0.0279928055083754,0.0316374780449987,0.0168563664905118,-0.0029212941370632,0.0080960417175839,0.0005364510054431,0.0213980228259606,-0.0003891764572235,-0.0074118750801583,0.051706256536569,-0.0103496704202065,-0.0056027531169168,-0.0109902982910692,0.0426997042313605,-0.0601688731035282,-0.0138169077899687,0.0189482477667391,0.0008346891937172,-0.0005177163072074,0.0314483305770967,0.0217224875991748,0.0326781857035721,0.0202574304294317,-0.0337245238866362
Jim Braxton,-0.0070820465030219,0.0375097966201473,-0.004170885596501,0.035884821699342,-0.0460489182103547,0.0079072818252462,0.0113478462295216,0.0162611523466855,-0.0168555504851909,0.0110007252401438,-0.0126553864437696,0.0147470984960553,0.0068869535504623,-0.0010128785456887,-0.0123273555986706,-0.0189548971741907,0.0248038479344871,-0.013108365692859,-0.0135674083975876,0.0633403319766462,0.0251300625598979,-0.0134959509300332,-0.0093078700916703,0.0294230032422836,-0.0057791937415651,-0.0323553268603878,-0.0379429449185166,0.0012608151492601,0.0274639408625607,0.0236738665685038,-0.0163793757980506,-0.0338591376215583,-0.0232186215127826,-0.00257228085579,0.0531834421788267,-0.0082049753212892,0.0549707705061832,0.0050471862216647
Jim Culbreath,0.0309329807129579,-0.0073002645641649,-0.0068814626988762,0.0217129114451324,-0.0124451574607976,0.0049961108152309,-0.0165417537212679,0.0210272890028885,0.0109832032409893,0.0026851599765007,-0.000691846207143,-0.0227479603759259,0.0062099803770222,-0.0086898694597498,-0.0008942496380982,0.0020695400407471,0.012849867388956,0.0108110825651746,-0.0325273245331817,0.0018414597863021,-0.0120226383637317,-0.0028773782344236,0.0010089281461276,0.0071083725232206,0.0026037221922201,-0.0149435986045882,-0.0042525766971214,0.0036086656762418,0.0073600099596955,0.0086927124198692,-0.0059530813070128,-0.0176766577101809,0.0016842257011273,-0.0098453899154875,0.0004055088501774,-0.0039254892461482,-0.0151856808229262,0.0068658762932856
Jim Finn,0.0324349166488942,-0.0022911678330219,-0.024745291515169,0.0083646159162504,-0.0101449600691278,0.0512455366207995,-0.0240103900019519,-0.009997984689762,-0.0286382909910879,0.0166452061963032,0.0442871526679394,-0.0047395587017936,0.0036109742541855,0.0114263932687834,0.0236934781232568,0.0138549450607307,0.0065448253831614,-0.0091272565927545,0.0084924615516612,-0.0044998076491502,-0.0182751823046581,0.0227134598980637,-0.0112715413680657,0.0102392731204155,-0.0242410070870389,-0.0092678082028583,0.0003386053832541,-0.0030361481668574,-0.0023468031345307,0.0057529204445317,-0.0153403292723859,0.0108271322212984,0.0040340386860635,-0.0021487241046623,-0.0094737043491793,0.0049968698870616,0.0173960955274107,-0.0057381663160309
Jim Hadnot,0.0053878339324404,-0.0103438428387514,0.0298523735901298,0.0078299781895011,0.007608702712852,-0.0067543346193004,0.0185760748993379,-0.0070003657337637,-0.0080133807450554,-0.0137633399639725,0.0220729575737792,-0.0102013027209804,-0.0298892456845583,0.0123635148717145,0.0020074251601167,0.0116987815768625,-0.0121707491145977,0.0157278855641172,-0.0377679186841828,-0.0164695212582158,-0.0321634365919051,-0.0123594028969407,-0.0012285671562154,0.0054936197247279,0.033937985734515,-0.008623533509549,0.0144045672993619,0.0056677869362714,-0.0063415724674517,0.0092851680852313,-0.0519629360369377,-0.0348512269247423,0.0268338950725379,0.0303204206110161,0.0088827966832938,-0.0009532100445759,0.0262024624229599,0.0017347936084043
Jim Hargrove,0.0350665956125024,-0.0209220129690544,-0.0433231305141016,0.0046527941203351,-0.0224432121880611,0.0652155855913451,-0.0248174436306471,-0.0066935959972826,-0.0048710037031691,0.0279841249413109,-0.021941547243709,-0.0037258841283469,-0.0030103908275383,0.0004239785955197,0.0117228106496974,0.019611523663292,-0.0200265529508176,-0.0016834777158639,0.0088298758613216,-0.0197041837678459,0.0036450537844718,0.0143290449508365,-0.0069453081673018,-0.0129430002625412,-0.0132555277332362,-0.0250240609329533,0.0197208475752652,0.0023441300275974,-0.0041605877969359,0.0004416515037318,-0.0077883079655877,0.0152800104731604,0.002524127218931,-0.0101783897777724,0.0047060351471469,0.0140442069273151,-0.000506539886272,-0.0173978403627682
Jim Harrison,0.0162647030667685,0.0086445689596174,0.0256314877813462,0.0364195199639601,-0.0066297357890094,0.0077868727460393,-0.002504657296668,0.0039473565885144,-0.0063710616129248,0.0269404983388966,0.0111153395350592,0.0010527909921809,0.0245766945151477,-0.0057455257557087,0.0018158058045804,-0.0287873919101884,0.0203215999341036,-0.0088587682956272,0.0298049930498,0.0042964258823493,-0.0120808637544933,-0.0278583118197258,0.0146361220182066,-0.0203888868319138,0.0203745084994893,0.0086303658866543,-0.0300856523700304,-0.0166819213043043,-0.0167939555759063,-0.0054157913006544,-0.0023707949137446,-0.0474503649191116,0.0251250771169859,0.0169096475206908,0.0171898225344521,-0.0124111705545877,-0.0212698278748788,-0.022770552281712
Jim Hooks,0.0298470333398894,-0.0096605178121578,0.001378257141248,0.0290110795570971,-0.0045275799322754,-0.0034320447580709,-0.0144035840819587,0.021410543867193,0.0049487431729004,0.0101220103159804,-0.0165659888469835,-0.0232262298469923,0.0013697728098346,-0.0080068181872434,0.0104215669508053,-0.0033564603740965,-0.0023280338090195,0.010682569104568,-0.0136211615147483,-0.005623136662898,-0.0070679625936679,-0.0095290086617456,-0.0196659311166329,-0.0009725257030844,0.0202408959502031,0.0041158069541069,0.0028635458295215,-0.0091985581482243,0.0050522387771057,-0.0069326728753235,-0.0010800291986786,0.0162348919870353,-0.0034954142579485,0.0112811351381176,-0.0002806113464143,0.0002523292373188,-0.0117001632543462,0.0027301449995258
Jim Jensen 2,0.0127743775278759,0.0180144598865848,0.0133017023004907,0.0218535581043086,-0.0100955119101028,-0.0021874420108364,-0.0154997278550006,-0.0060663542468934,-0.0248615523312518,0.0159274221891041,0.0173051697329707,-0.0020064149717232,0.0090877927202536,0.0129320229621426,-0.0268654591965695,-0.0471373965678396,0.0076962498033503,-0.0242681248412544,0.0132820994373023,-0.0183879003482654,0.0007932696714613,-0.0095384511155465,0.0030581798053531,0.0040684942761865,-0.0132263328880264,0.028490583887715,-0.0091817536722375,-0.0257777755441827,0.0186117478453954,-0.0028201180515725,0.003395740550572,0.0187188681414261,-0.0031560539461026,0.0349816465797265,-0.0055278666128258,-0.0108132452529793,0.0103089493047349,-0.0186896898901657
Jim Jodat,0.0208037070795575,-0.003085510622144,0.0089162332814706,0.0141912061460972,-0.0250357700466673,0.0194850188089581,-0.0110297213289163,-0.0196344307347862,0.0005336367254338,0.0045529743658458,0.0153401282272596,-0.0154987378372743,0.0402807659021427,0.0088157540838497,0.031247164088001,0.0045716407639887,0.0061588151946633,-0.0113420751898693,-0.0056352773095134,0.0160372734102286,-0.0098452059330274,0.0061451501376461,-0.0106927510207481,0.0136285566395925,-0.0072722910934324,0.0062148885138109,-0.0188057903463087,0.0071999847965939,0.0210335902411297,-0.0123723038804012,0.0238815837248201,0.0102662852815496,0.0099214182483202,0.0179658639221582,-0.008227231846233,-0.0124278904333662,0.0105260715034938,-0.0179441173373976
Jim Kiick,-0.0102916881737254,0.0327086739332954,-0.0658745060749062,0.0563856741848729,-0.021223380434412,-0.0176099379889463,-0.0086910818738092,-0.0135109487317379,0.0083931401937868,-0.0339386091580545,-0.0213186832807096,0.0189645066331042,-0.0742175605063949,0.0077552505639799,-0.0302117626527943,0.0246926875833744,-0.0571713761016327,0.0100943580139457,-0.0490928319676664,0.0443866148728817,0.060933566560011,-0.0738188724716193,0.0445733383411084,0.0507705448523828,0.0038425599759106,0.0049762284589731,0.0204122542789074,0.0145220518027456,0.0051842504243619,0.0094727817022946,-0.050962614594209,-0.0035268919690196,0.0257394123198336,-0.0072570709130783,0.0219137152152081,-0.002889885101041,0.021570294057411,0.0051677243610108
Jim Nance,0.0099295299513845,-0.0107787544278393,-0.0171973674045167,0.0639726423084305,-0.0136345702582209,0.0021806767275152,0.0154440778777835,-0.0199356234774933,0.0233952293536097,-0.0164449276900249,-0.0181009470523906,0.0300637343507442,-0.0399971934237631,-0.0018474077104878,0.0055502205010738,0.0040351288910943,0.0052187093099886,-0.025629271460904,-0.0095465207484533,0.0247559953471174,0.0285069800818546,0.0229785695470808,0.0325642391946555,0.0513464049891542,0.0152193782406408,-0.0054658087117083,0.0350658403897289,0.0144440101045449,0.0066392094875987,-0.0151918552846867,-0.0208889964146766,-0.0096671415456843,-0.0142597677704686,0.0381336972946935,0.0131939436592841,-0.0157660618933115,0.0334054323094519,-0.0256392568501291
Jim Otis,0.0002732655253678,0.0107731341672998,-4.532025413383913e-05,0.0313557827085234,-0.061909182459209,0.0037831703518024,-0.0213933852916136,-0.0342229001267114,-0.0176585748394637,-0.029237109036109,-0.0023570781662195,-0.0264711178996655,0.02984934034407,0.0252592487640496,0.0154268789512583,0.0117752657756311,0.0680328355236548,-0.0016387997442257,0.0397061574783915,0.0105565049690074,0.0052806221878683,-0.0837386021338877,-0.0028469788743686,-0.007411272472885,-0.0224953516936037,0.0561641830945626,-0.0568913706199422,0.0029723558025307,-0.0228229026743145,-0.0130354255674859,-0.00317821488885,-0.0553044438814604,-0.0170665015028804,0.0273445550650786,0.0373408038339938,-0.103206072676153,-0.0040387844641033,-0.0685023345785942
Jim Strong,0.0302561878767229,-0.0145495327434678,0.0129290179689707,0.0362192983012664,-0.0009431303196537,0.0298168692788279,-0.0092980761386561,-0.0037066916915448,0.0201590150459732,0.0085928925592601,0.016692344302311,-0.0069202196392823,-0.0110215597356729,0.0127013850884493,0.0193388141042105,-0.0096562317518624,0.0350973052281323,0.0113434380065403,0.0242700443363959,0.0069260562557665,-0.0087891880533134,0.0068829733137044,0.0150856694757597,-0.0043228591206855,0.0070149745778823,0.0009987861099081,0.0011035158626122,-0.0080562335273777,0.004570153108736,-0.0020616216085079,0.0129774607529393,0.0201321214306967,-0.0117737150385945,0.0060496021966433,0.0072980707720569,-0.0157958889914372,0.0157912981953892,-0.0034327384242191
Jimmy Dubose,0.026350423217016,-0.0065474558968957,0.0099662654459874,0.0348126141295672,0.0014015587109327,-0.0024862514951302,-0.0127369693979147,0.0032899942884365,0.0020984159341465,-1.837502346993006e-05,0.0047004170778607,-0.0152945057826781,0.0012290847923821,0.0114592300428378,0.0038212268411538,-0.0138022565867457,0.0264451002368401,0.0160803599702401,0.0076961696096555,-0.013855795519736,-0.0006074659874528,-0.0039196410573313,0.0160362390637487,-0.0280874311100509,-0.0031013871899505,0.0067712086729322,-0.0028293598762719,-0.0097021514781106,-0.01756777027575,-0.001516959093959,0.0078884466469134,0.0077528871052827,-0.0001486418659509,-0.0219695811479045,0.0069456214855384,-0.0214694120027328,-0.0092490734193765,-0.0249364302482124
Jimmy Graham,0.0259417189996707,0.015254395612623,-0.0615143721677972,-0.0112754851192308,0.0373048666987741,0.0713361948908879,-0.0318370049767008,-0.0210481102310281,-0.0498322472747346,-0.0392901642775852,-0.0741372262117672,-0.0183908156628583,0.0121131070891573,0.0095551830824888,0.0620613224673317,-0.0364174756958203,0.0005431446748327,-0.0842464443608639,0.0871777407837474,0.0530761087726176,-0.0531280221472824,-0.0101066722742476,0.0345391309396615,0.0031064911555944,-0.0566026941663846,-0.036601624425391,-0.0153107328594729,-0.0281820446976024,0.0065106777450451,0.0316181158870751,0.0150573714732442,-0.0178502176506099,0.0553232975176739,-0.0066900116460878,-0.0054010305621392,0.0453777505579129,-0.0009766231457352,0.0581711424405898
Jimmy Rogers,0.0126654699091201,-3.890852886686864e-05,0.0011474202560907,0.0176931149014441,0.010109252947458,-0.0156096503950184,-0.0085996804814647,-0.0006446705740386,0.0052366590937758,-0.0639577288004131,-0.0065936517997905,-0.0093778907409147,0.0269346719284496,-0.001195209749222,-0.0231350606814502,0.0225095160652157,-0.0070595346809992,-0.0219157127131937,-0.0093914802195666,-0.0111355993550923,-0.0291644327057589,-0.0060689619488768,-0.0299349022287251,-0.0192034237770401,0.0062629541471568,-0.0270874316808499,-0.0104810302930567,0.0164484557546195,-0.0016835977514338,-0.0210516912779841,-0.0560168403049963,-0.0183270049579935,0.0203285596872848,0.0232258122588006,9.809121761122442e-05,0.0059897089265637,0.0080165477951284,0.0156795162002562
Joe Banyard,0.0338133977366373,-0.0143800499137077,-0.0137673371312011,0.0124962440138403,0.0136995482891269,0.0184903750152906,-0.0077403967815259,0.0041209906491398,0.0059178565611003,-0.0067614619118409,-0.0221677632654369,-0.0016062274881934,-0.0065769754211075,0.0027099163657136,-0.0052033679895183,-0.0239555563889164,0.0090905838912689,0.0034234857420802,-0.010455197405196,-0.0191048911853328,0.00443568482484,-0.0055229756850891,0.0044808822357327,0.0036215207553805,0.0019123551175359,-0.0032407662039705,-0.0019738737659032,0.0069748871415391,-0.0121890609111374,-0.0053309375889488,-0.0079571112934412,0.0011689507944848,-0.0107482207867791,-0.0129022735968783,0.0077079388465098,0.0043566172147069,-0.0126358293100644,0.0034297195164032
Joe Burns,0.034721240057321,-0.015787838552877,0.0047973959144385,0.0216306733110255,0.010126447909536,0.0239802163827835,-0.0043593758054673,0.003284751813957,-0.0029878728674768,0.0093970242363031,0.0313789337597978,-0.0061757921935805,0.0003843442714688,0.0041707520014888,0.0280311655629638,0.0133877891628657,-0.004002989014033,0.0201431406120511,-0.0097273482108841,-0.0109148183333015,0.002453105478472,-0.0101615412988411,0.0157476621015177,0.0074979765535465,0.0033152645229572,-0.0089432162561767,-0.0019801949285946,-0.0086523855848,-0.0009531030565628,-0.0018148032105268,0.0151297261867992,0.022435351786944,-0.0036036252093596,-0.0098914292800408,-0.001004270546607,-0.0134499619681579,0.0112244079470383,-0.000762705417869
Joe Carter,0.0168230396674544,-0.0278834694801045,0.0037643220587529,0.0068525444133696,0.015863794344373,-0.0284661321475474,-0.0069508409341211,-0.0114335536403677,0.0336137450723912,-0.0070759340866473,0.0001653394503766,-0.0416339180522918,0.0029374023760628,-0.0178669154984189,-0.0174382710609248,-0.0224830616721057,0.0046648982156137,-0.0024469013731574,-0.0047956028840582,-0.0334718158025175,-0.0065433634468596,-0.027169991527261,-0.0016162085761304,-0.006987371110436,-0.0023521661706756,0.0106453083303131,0.00500020309633,0.0104214385367069,-0.0013629053785392,0.026268694013988,0.0042018621082751,0.0200861861413224,0.008559851860292,-0.0250904752778577,0.0220776800654307,0.007316657375582,0.0151736230391309,-0.0247900182100201
Joe Cribbs,-0.0479652215561922,-0.0053725317922397,-0.0695297197536012,0.0103813177997279,0.0177247206799187,0.0102492562203258,0.0247171448646629,0.019808816624225,0.015332953581071,-0.0337906863877566,0.0428903676888247,-0.0405063829724221,0.0040768644382619,-0.0569768027476711,0.0336405352700616,-0.0256402701474846,-0.1229807983566485,0.0863202726824964,0.0127664709131819,0.0263034678066381,-0.1026883019647034,0.0156993407966527,0.0489483031378088,0.0087301488489393,-0.0608687478516417,0.101528121226285,0.0849342494871349,0.1301801460423196,-0.0654336532517715,-0.0833556446561151,-0.0674380151043084,-0.0677743430663077,-0.0026294515184646,-0.0089280571181521,0.0403594493361852,-0.0500769478479787,0.0645102526309815,-0.1074346131381948
Joe Dawkins,-0.010351356444888,0.0371503539618146,0.027948845595024,0.0463213564472808,-0.03338099776145,-0.0174799717603423,-0.005319844326342,-0.0123160544567307,0.0047324155944515,0.0686579061769617,-0.0140538459180073,-0.0084479006250699,-0.0451923578190555,0.0181892001867571,-0.0123200676537478,0.0262929519394079,0.0126396335187479,-0.0182531420965298,0.0241058091687109,0.0134075789811644,-0.0280439961116506,0.0132628652436426,0.0218753719679786,-0.013643597110217,0.0084274671081638,0.0098942221768575,-0.0332971192003033,0.0051552419199961,-0.0128154140749626,-0.0108524131775864,-0.0377907583199696,0.0166068424585794,-0.0134816417125924,-0.0197807279348715,0.0302765626234229,-0.0266974389770282,-0.0262987013260208,-0.0079033465602936
Joe Mcknight,0.0144223859570829,0.0030175936266402,0.0149834455897901,-0.0118293333588691,-0.0064533289391601,-0.0392990364857297,-0.008948692631347,0.0396629595396257,-0.0233750980390391,0.0062445246958798,0.0034960843220369,0.0006072522276978,-0.0087208104008646,-0.0304269519592811,0.0142384272566768,0.0303100020469613,-0.0091071283899526,0.0042500889894412,-0.0219330589263941,0.0189801107974756,0.0046633572152534,-0.051812728949317,-0.0080304731929381,0.0527046814365813,-0.0179120462959685,-0.0186698394605142,-0.0110264640408168,-0.0129671720136272,-0.0045371332849728,0.0038244679825185,0.043577013912219,-0.0162256797139043,-0.0158085254367898,0.032332217537708,-0.0095697715437995,0.0148467914937089,-0.0273799842041555,-0.0089241802606429
Joe Montgomery,0.02790015580628,-0.0352945782174295,-0.0238282053526462,-0.0397581154031171,0.0184709830864246,0.0232921742821615,0.0449402433915343,-0.0286354071044181,0.059832789398441,-0.0143031688894459,-0.0115396787085107,0.0353984684035274,-0.0265689388278802,-0.0155609531049861,-0.0287770137440494,0.0263163583123296,-0.0077291649945591,-0.0048823456172264,0.0067116756526856,0.0396148003574709,-0.0082716577705175,0.0299378614807165,-0.0249358755920922,-0.002471232679667,0.0464002920334891,0.0257336250016126,-0.0097604489992122,-0.0230922860758324,-0.0246207588885448,-0.0063102736594538,0.0024288221644561,-0.0390136035111589,-0.0292616669818598,-0.0240223760839371,0.0042085768906668,-0.0405880760140491,-0.0033918954131868,-0.0406878775607819
Joe Moore,0.0332903271389793,-0.0106872130945813,-0.0070357969224993,0.0296099189930862,0.0095831176770192,0.0103728223034646,-0.0134396555283432,0.0102904923692532,-0.0307069548403439,0.0032223042594735,0.0015184382109333,-0.0020721591784234,0.0048174755165505,0.0016885096277804,0.004012165763456,-0.0245969207855896,0.0016771035722626,0.00521510161347,-0.0018806197585963,-0.0224359629144155,-0.0011289486798161,-0.0136097627059091,-0.0088830450878566,0.0022112258125939,0.0190135971960318,0.0106060405395356,0.0062544365915081,-0.0086725083678289,-0.0092675718218111,-0.0146250469688017,-0.0023450893019222,0.0055351048892031,-0.0120553268433132,-0.0030606093308191,0.0009049372779971,-0.0101348702808984,-0.0079087868384256,-0.0132601196691106
Joe Morris,-0.0283890709825734,-0.0368644155334036,-0.0106243918498886,-0.0158614025206193,-0.0578438135677496,0.0541416373727753,0.0549429905588831,0.1241591812819523,-0.0057196636106121,-0.0304521437924659,0.0217657563046601,0.0142592208339398,-0.0343184785986917,0.0600101859556181,0.0400669210001483,-0.0119271082947368,-0.0108402348119459,-0.0982129420273675,-0.0313873409176939,0.0575782859340003,-0.0433940669357956,0.021519174167221,-0.0281345258207976,0.0166084956951211,-0.094850144556085,-0.0089895421250811,-0.0093703508087428,-0.0251154949093636,-0.0411742611947402,0.0340285615843453,-0.0327286088152481,-0.0247930073129158,-0.0134444577511466,0.053126692261662,0.0290857130199162,0.0272379881101124,-0.0202065203223763,-0.0908334901803017
Joe Orduna,0.0289165041398499,-0.009478391122143,0.0017385312132628,0.0346384465328466,0.0037165800916808,0.012895090901611,-0.0127852123701546,0.004268125917589,0.0167066033527932,0.0052521842057756,-0.0019808582914171,-0.010315334698524,0.0204856194850297,-0.0104617394891938,0.0303509218731985,0.0067123198527928,-0.0060952880086267,-0.0033023390379264,0.0067653346526855,0.0085690607789806,-0.0059198946570439,-0.0012583263063171,-0.0032618427172784,-0.0089406227293596,0.0046725756775836,-0.0182739882069959,0.0100640628238947,-0.0050619756950002,0.0010591964894183,-0.0130132492210846,0.0089019272642398,0.0207592854242445,0.0028844741609863,-0.0082319443738322,-0.0108579586935287,-0.0102021009897458,-0.0156584699254051,-0.0037270518733049
Joe Profit,0.0321201605613611,-0.0141761886792861,0.0112064693670482,0.0301505948546858,-0.0019714956412114,0.0135705726789646,-0.0142741339937482,-0.0050360507210367,0.0181943239859928,0.0119246891330747,0.0101611050914416,-0.0164416531959196,0.0076034059766641,-0.0008280892714296,0.0341770249052605,-0.0117408946499025,0.0237064713270378,0.0070525157126099,-0.0171481608317278,0.0026050952200306,-0.0032632601444856,0.005043857839635,0.0202101843540955,-0.0119562992019153,0.0050819488767375,0.007308994461648,0.0035165001935346,-0.0095949426440653,-0.0036369479747611,-0.0023095414872135,0.0104783899378114,0.0111040971338607,-0.0143995685478948,-0.002540752527331,0.0026872799705905,-0.0301934608880215,-0.0004403891244499,-0.0133472942539609
Joe Washington,-0.0341828468901319,0.058926113890828,0.0222532604356097,0.0227133397945755,-0.0033808122415976,0.0557670379596922,-0.0330939721741854,-0.0169893554612145,0.0248704760074035,-0.0374379086644343,0.0186193956176836,0.0031673928032116,-0.0273740156558389,-0.0230044093232548,-0.0535314316423806,-0.0085436774166818,-0.0640538125161633,0.0357897640119562,-0.0489002590739869,-0.0470362783746776,0.0626470474715305,-0.1277883403858847,-0.0037115349050844,0.0315850708503348,0.0130824824731931,-0.0163630326445007,-0.049526294734048,-0.0345361667380911,0.0237093055213355,0.0693662213655679,-0.0211314110451663,-0.0472030576590632,0.019053119948783,0.0180551057040983,0.0255200770252356,-0.0075820709102819,0.0557024908281174,0.0635972507279876
Joel Makovicka,0.0212944183437138,0.0117489750996382,0.0356322397771763,-0.0215892366514279,0.0254823580713408,-0.0456878548785496,-0.0176273499743796,-0.0507320906938552,0.0843559043137476,-0.0436499632363893,0.1159318594534061,0.0092928150238954,0.0447631922322681,0.0288154348360587,-0.0493011475867247,-0.0784366927524016,0.0046879624804054,-0.0096750645765651,-0.003520608702378,-0.0054496235627842,0.0084516213933143,0.0124229200431138,0.0095718875241352,0.005656237697715,-0.0463480294815478,-0.0336186796733941,-0.030953355469646,0.0015586872342867,-0.0449921638784332,0.0309599885963242,-0.0154097688306092,-0.0570933094744789,0.0403421725916506,-0.0303342788049519,0.005400790358263,0.0026488291359569,-0.0418452794298836,-0.0342792747270098
John Avery,0.0207480532070672,-0.0172494580453367,-0.0619342911380364,-0.005810252801187,0.0086724561345801,0.0188106830358376,-0.0041291124216292,0.0121323840973837,-0.0172162650789038,0.025869050608547,-0.0314935950215041,-0.0250303043675968,-0.0032308214189759,-0.0443656283936416,-0.0170470552363976,0.0323023859784087,0.0013676075178018,-0.0079265933551899,0.0372209001788429,0.0522857774374411,0.0069773777106389,0.0037573607681779,-0.0348208236668168,-0.0053687451630482,0.0184897923559096,0.0198107887280826,0.0021807705271676,-0.0315807756354794,-0.0409058370548871,0.0488814789059582,0.0053697804515213,0.0028484840070635,0.0107837172422838,-0.0362844348682648,-0.029606360626419,0.0088190605672612,0.0228927020724119,-0.0213823643183226
John Brockington,-0.0256851787316126,0.0224223782344381,-0.0068637561665018,0.0812065484918931,-0.0537075393297439,-0.0229244465842292,0.0409878044774634,-0.0232824249207417,0.0127238965201498,0.011196838170328,-0.041215280382062,0.0331591579529343,-0.0483465098674363,0.0008235365602103,0.0003507300600242,-0.0042985606569023,-0.0118300069827562,-0.0084149608487803,0.0599102443098802,0.0115084895477358,-0.0546972497832408,0.0466639453229688,-0.020179389251336,0.0091616261780485,-0.0124755015114688,0.0423183153475873,-0.073113106397785,-0.0162783075647564,-0.0060470414651205,0.0130336156704785,0.023074701816192,-0.0256457267154051,-0.0015779043235676,-0.0607307520960633,0.0562331091541319,-0.0271794715007548,0.0014209411509928,0.0181057681653965
John Cappelletti,-0.0034876428915191,0.0193888995613238,-0.0164062539257693,0.0096202483109433,-0.0625075588459587,0.0084681728054198,0.0007446253197413,-0.0233049136569998,0.0090027276837013,-0.0116166273774544,0.0247684188624652,0.0204970743847935,-0.0004120049683913,0.004682116878793,0.0249990420911814,0.0050858766666098,-0.0514043387964859,0.0628958772400577,0.0093601904156854,-0.058576922761885,0.0448116910297491,0.037451134447617,-0.0369383623080714,0.0143261518557786,-0.0493661466215331,-0.0098286679085235,-0.0218949294855418,0.0152983936961534,0.0526012926709283,0.013363400272718,0.0340544773215647,0.0330807599298598,-0.0215642222147598,0.047255111466366,-0.0387869991553565,0.050054232019109,0.0558418418828359,-0.0086968032471872
John Conner,0.0292209183952361,-0.011477749997728,-0.0203104580533715,-0.022876676099678,-0.0053887153143008,0.0147170698496952,0.009253298758086,0.0119626177130462,0.0030917137369128,0.0090520837777613,-0.0494420639957702,0.0108056298299295,-0.0099648265160958,-0.0158949805929505,0.0137021293085911,0.0080310600805473,-0.0101111751020646,-0.0006341907316968,-0.0202207721639141,0.0416059852083951,-0.0072727450033667,-0.0184445472853991,-0.0079104725489482,0.0005896486447847,0.042017345952895,0.0127713194527633,0.0244745961804049,-0.0361161559970968,-0.0155050683824768,-0.0068847488161049,0.0365990083142954,-0.0170013958503739,-0.0071563067869736,0.0004899097351708,-0.0085154908583745,-0.0060087060470839,0.0078176490389321,-0.0475700381437857
John Kelly,0.0342335131096213,-0.0137795235737234,-0.0209382405453124,0.0056915160864068,0.0058212766488132,0.019670039230985,-0.0044691800899449,0.0111154469914127,-0.0164798572192197,-0.0160436795503365,-0.0011075086232844,0.0144697744379988,0.003453979874371,-0.0006014714159978,-0.0340771548393196,-0.0281691512877101,0.0221985761073086,-0.0011255504432957,0.0069773554511254,-0.0157827277746972,-0.0154393334369419,-0.0012051647537834,0.010776905926979,0.0144887104994587,-0.0068669901115193,-0.0111919602299485,-0.0111860182317116,0.0112116076858601,-0.0108708807499489,-3.413967076610746e-05,-0.0090939664132572,0.0001203625413029,-0.0031499432521107,-0.0115329569215255,0.0100325017754478,0.0070824875500224,-0.0092830089951142,0.0213953755131029
John Kuhn,0.0069471053409493,0.0244566034921283,-0.0207410585045324,-0.0733820411379921,-0.0427242888025334,0.0150066950981244,0.0103555115394086,-0.014311029076739,-0.0110753152283764,-0.0010936660314488,-0.0154830865945475,0.0352873348069702,0.0579480008192383,-0.0093227989589701,0.0132674418942771,-0.0203050834616579,-0.0042633774878265,-0.0434236378296751,0.0075531240529903,-0.0731766135894607,0.0262633027844332,0.0346857533642591,-0.0433803671100099,0.004427232343786,-0.0439416889639261,0.0713680764689946,0.0492345821929682,-0.0118912055081142,-0.0305250244928717,-0.0349022047651309,-0.0267723861857649,-0.0003203604850483,-0.0208585041170505,0.0617103661140243,0.0388631334686279,0.0794876048886518,-0.0374632795724099,0.0312516409564028
John L Williams,-0.0562913838897418,0.0563694712573855,-0.0230169147497421,-0.0166014598994678,0.0293357860676182,0.0353591738823787,0.0045959508546882,0.0087254747061621,0.0357459275680215,0.0107258352765839,-0.0063601465785985,-0.0247373402721239,-0.0565701580315804,0.0294806069173607,-0.0228941126823687,-0.0168805278717054,0.0264688016490642,0.0827958231397527,0.014906795006489,-0.0977268708526328,-0.0180086689537761,-0.0337822672360217,-0.0052766645946801,-0.0124840420547142,-0.0030914570356388,-0.050614744087189,-0.0162345251019878,0.0700124500151715,0.0534552544035419,0.0470801246027144,0.1299556075267433,-0.0228374411092082,-0.0349982009856187,-0.0238677535248254,-0.0352532604024912,-0.0116083324664325,-0.0508268030079183,0.003939930622388
John Riggins,-0.0401789011454025,0.0213306680816088,-0.0464661595370615,0.0313671816304935,-0.0953345422995884,0.0089244511089909,-0.0191600834058518,-0.133706469717099,-0.0666267543567681,-0.0867630960996899,-0.0426810074549052,0.0151126246058312,0.075540892205996,-0.0057417547002877,-0.0157084053216926,0.0635017599567073,-0.0246771114010611,0.0641013130669449,-0.0224607161136614,0.000912610680491,0.0098714947282222,0.007462131893526,0.0106426053474114,-0.0582148321441268,-0.111704102161266,0.0814220731960379,-0.0270144990567707,0.0527362188959836,-0.0083452151717764,-0.0879522184784411,-0.0206394328892577,-0.045031708643123,0.0838015534783898,0.0605447768522744,-0.0120490327870578,0.0392825351185079,-0.1215614800096794,-0.0141064333195801
John Ross,0.0161778152656791,0.0328641649625159,0.0138564851160584,0.0013044861357244,-0.0043115216372808,-0.011119816720716,-0.0122284868909422,0.0270887370724227,0.0241182734549078,0.0650948301945481,-0.0217276732219986,-0.0597656479760747,0.0584242494375739,-0.0768014237004658,0.0617153046352346,0.0014271683148224,-0.0497166869468242,0.0229506911677253,-0.1060331053231249,-0.0324646656766244,0.0291437210076062,0.0471476753649677,-0.0577395920336493,-0.0383918249339476,-0.0380083291629329,0.0174718702248286,-0.029373773159757,-0.0073498843042415,0.0031101700504346,0.0280550558004747,0.0032764607174093,-0.0320056346110354,-0.0623302171556847,0.0599740717800531,-0.0330782998224063,-0.0156496733852793,0.0103833195825357,-0.0478780200295531
John Settle,-0.016074173311393,0.0061677404988935,0.0528372845604117,0.0164808486018984,0.0226437786232942,0.0280983702534812,-0.0092408531888569,0.0173860491272866,-0.0129552077903935,-0.0154597406909218,-0.0228437276561105,0.0353613712161487,-0.0503152339112832,0.0233215006352628,-0.0372827658713918,-0.0210982852734862,0.0564828682606606,0.0404236976503847,0.0050776917980278,-0.0024439695561003,-0.0148462813410265,0.0148991537077572,-0.0237264622258351,0.0070524006813996,0.0124682260765395,-0.0047923905419042,-0.02423960692816,0.0177475335323716,-0.000135561688111,-0.012455385890646,-0.070446664804667,-0.0605132716322144,0.0459913185955649,0.0413446419417161,-0.0148742498522605,-0.0019375198881767,-0.033264956578997,-0.0141518728014564
John Stephens,-0.0274824347899966,-0.0263186509829919,-0.0262626995509376,0.0105375399064613,0.0143937075916719,-0.0397873510738349,0.0548208504831681,0.0074874611253432,0.0194231688757802,0.0552684080742442,0.0171500869765403,0.0343429214414313,-0.0544296829038846,-0.0067827475877012,0.00250440921552,0.0053263197138511,0.0081629722205616,0.0226280259383119,0.0023898508227022,-0.0538924052997349,-0.0875636419503409,-0.042174784096105,-0.0461932318628992,-0.0524722309939266,-0.0457561621318138,0.0150882455846747,0.0008410197564702,-0.010479853873962,0.0059598481293036,0.0110147749681196,0.0067406595460807,0.0208598151778314,-0.0064961496272014,-0.0455574765828993,0.0045205701639961,0.0218904876173501,0.0071763075630365,0.0324457381369933
John Tarver,0.0180147558108343,0.0012662823649771,0.0009735816075163,0.0382538693377052,-0.0072311417248309,-0.005333682270901,-0.0077265128293547,0.0079362708771216,0.0019018424879764,-0.019086605613165,-0.0029539215921176,-0.005477723938392,0.0139212992811522,0.0048803638075802,0.0016368067461645,-0.0030142949630498,0.0301431953064177,-0.0138183073765628,0.0195095376738906,0.0169260016796466,0.0050625345920519,0.01789685369908,-0.0021462440731737,0.0001084798349372,0.0109812639857361,-0.0226707285283645,0.022085497985559,0.0222631991692176,0.0059481154772039,-0.0250376322659065,-0.016938870608947,-0.0099555541433213,0.0150077232618907,-0.005397140880059,0.0087229627884335,0.0157727683711379,-0.0008284736881237,0.0079036959790284
Johnny Bailey,0.0103062617636015,0.0159892509813894,0.0443861582834542,-0.0197857884033968,-0.0034398575295005,0.0030680382431142,0.0047354729250309,-0.0405652887232245,0.0418895713781992,0.0451682063701762,0.0318147640225753,0.0001261570529488,-0.0344306062386148,0.0401081902104719,0.0170689453784402,0.0156162157551227,7.115689388629935e-06,0.019301022063058,-0.0325211896929045,0.002244835783565,-0.0496428159965135,0.0649690378911485,-0.0355581067408219,-0.0076032202081196,0.0064725675523887,0.0381488227682869,0.0024564543607636,0.007097399959948,0.0114197643709687,-0.0148722082327421,-0.0239771720123679,0.013803069804526,-0.0276973093537543,0.017905745533744,0.0036286613801972,0.0119364631821057,0.0236028173415994,0.0234165342299802
Johnny Davis,0.0179961271581238,-0.0083837348328631,-0.0459655672813759,-0.0328926544745373,-0.0538170887219825,0.0134816684676413,-0.005698548141362,-0.0311508290199694,0.0249910492139523,-0.026991184920604,0.0168276084539413,0.0348324186052563,-0.0074488829139755,0.0149186367770099,-0.050010398746268,0.0037981555665682,-0.0346106410156444,-0.0156224728368694,-0.0474658512146324,0.0298962760801625,-0.0358559070781853,0.03019637218047,-0.0382434196651695,-0.0033708571707365,0.0410969485614577,0.0186489002314745,0.0224418349014929,-0.0423466264279532,-0.0179870996351881,-0.0338056075555027,-0.0007088511507587,-0.0358829216012892,-0.0502520478084184,-0.016677806226393,0.0168231483071144,0.0121341993021403,-0.033732478134827,-0.0158888116822011
Johnny Hector,-0.0286650095166534,0.0002510071236963,-0.0094857618871694,-0.0299171768987326,-0.041040096838235,-0.0147814487206729,0.025390469896936,0.0091586989010698,-0.0033492247485272,-0.000227921324381,-0.0111279387620113,0.0221036175330589,0.0029188110475791,0.0666884897488332,0.0163079416465266,-0.0392594359542552,0.039324384641585,-0.0048529621276404,-0.0001517960577871,-0.0314368089534702,0.0538355267662573,0.0282510032585995,-0.0807718200172654,0.0020164520488425,0.0515593328680976,-0.0677970946096429,-0.0167094655835285,-0.0832390648459691,-0.0574257652747499,-0.032411807545172,0.0018560514320558,0.0004768708807569,-0.0234438378220227,-0.0519220603503746,-0.0725882020698263,0.0541951909422674,0.0235398789412442,-0.0172086321236713
Johnny Johnson 2,-0.0480068606283796,-0.0234819405115288,0.0502375090054004,0.0129117865599325,0.0462657269829514,-0.0043752475363522,-0.0024483286136245,-0.0369089538464842,-0.0130912859484449,0.0260894365025376,-0.0188578704353539,0.0226063089710558,-0.0325304589374287,-0.0182469032778334,-0.0286466651055045,0.0085709608706536,0.018142460536791,0.0126193683138075,0.0241068105887778,-0.0493192291900637,-0.0730631804804501,-0.0407719644659629,0.0039587980257689,-0.0378542679539146,-0.0272004727125147,-0.0260560617408683,-0.0011927056548306,-0.0414443029981553,0.0569226117104277,-0.0404044797385321,0.0601203146296349,-0.0745884154318994,-0.0612551867788307,0.0607100092130726,0.0167185789035495,0.051240818511305,-0.0029400513930922,-0.0310638890115129
Johnny Musso,0.0302491662761827,-0.0176985931601767,0.0102061330129508,0.0309304460550978,-0.014031447937909,0.0032308577638731,-0.0132953872257706,-0.0024294465769174,0.0394956523146754,-0.0021253889115641,-0.0084327925431752,-0.0227097612292681,0.0263730045943769,-0.0044448037911094,0.0235011280819146,-0.0253631739964261,0.0311490583803249,0.0056277131077565,-0.0313026270990988,0.0110508096862942,0.0182721851540124,0.0203781681040501,0.0016235652430808,-0.027395123324777,-0.0135008873267238,-0.0060943905351076,0.0139678835586684,-0.0031322843339515,-0.004272673546757,-0.0056137345929997,0.0142994262583032,0.0016013683747613,-0.0119331748715028,-0.0348255296616427,0.0159169292832236,-0.0073367714590938,-0.0129584085701317,-0.0026055826118906
Joique Bell,-0.0405321824484727,-0.0040457015794385,0.0154152460628055,0.0146339868582406,0.0467787654074334,0.0041448417787622,0.048396861831615,0.0276457963000461,-0.0221441740691752,-0.0406890709152943,-0.0132070276618766,-0.0903949679570581,-0.052551239912807,0.0748774849611161,-0.0568247257966853,0.0478416695383141,-0.0108322205308479,0.0034049352626502,-0.0663630449499029,0.0070986188027116,0.1380745522308923,0.0287368860414187,0.0402651355826405,0.025402372929645,-0.0336568659436704,-0.0553974557287304,0.0487356396514873,-0.0143605433747253,-0.0100937313480868,-0.0706591433846929,0.0646639553705977,-0.0146709464753924,0.0143936435102603,0.0470733961137067,0.0366151776942896,0.0384956771512515,0.0528885232434268,0.0224737930326122
Jon Keyworth,-0.0062487729372064,0.0234993305303724,-0.0201410162976525,0.0502090471301166,-0.0346979303605393,-0.0142983750657599,0.0085943718125937,-0.0145879888822403,0.0192458999194688,-0.0031076673146684,-0.0045165120515239,0.0247554674076256,-0.0107348713981143,-0.0268891039958267,0.005897750675788,-0.0156177197744398,-0.0047803486773265,0.0128826414634262,-0.027793600697832,-0.0026286695949935,0.005659035985067,0.0416876631139817,0.075751915519095,0.0651598238419315,0.0167389908403442,0.0147742457428867,0.0386960830237821,-0.0252751473859478,-0.0287654427386089,0.0278630036119923,-0.0051532440212681,0.0486645722740361,0.0047882439295225,0.0409474080682095,0.0283379275112727,-0.0520931668970503,-0.0052994778866185,-0.0488125088979318
Jon Ritchie,0.0215148685382873,0.0121592119029413,-0.053196247113494,-0.0241882604694068,0.024915772999118,0.0496322981048466,0.0068610413504478,0.018387184764986,-0.0272003092438734,-0.0251445470839519,-0.0567266660570632,0.0077113164842738,-0.0518916716524242,-0.0087205046091687,-0.0261728832543604,0.026369608951806,0.0373389338867149,0.0210329215719027,0.0161749155457415,0.0560216125986571,0.0609908563883836,-0.0656653890257672,0.0486876594357806,-0.0101313952824722,0.0096941739680156,-0.0115299103952525,0.0262334692491387,-0.0447659869050443,-0.038455602569866,0.0174556563316406,0.0301823848823466,-0.0142952043471196,-0.0009839959886962,-0.0160181032746554,0.0531324568895626,0.001009711751908,0.0003684201198223,-0.0569283848280546
Jon Vaughn,0.0030263740759845,-0.0234437682813414,0.0193960906361088,-0.0170384094333107,0.0179922555033117,-0.0207783498407213,0.013730842124008,0.0061906079406761,-0.0083906399758491,-0.0447882170907907,0.0037655304569396,-0.0541328409363785,-0.0055830927760768,-0.0063392431697229,-0.0588568458758758,-0.0200322341174045,-0.0409508371213076,-0.0017498231052301,0.0059371485480468,-0.0254228457504434,-0.0049192866348786,0.0039972153801336,0.054533795069095,-0.0376676956759948,0.0282393641982833,-0.0480084377249609,-0.0049719052996194,0.0135991878421738,0.0299300909717043,0.0027583594855434,-0.0237401622630194,-0.0315166841769939,0.0352994298826934,0.0342856518438068,0.0441669782509789,0.0132487392917476,0.0273015664031466,0.0068621066269836
Jon Witman,0.0243583062080102,0.0093708626536584,-0.0039839019116015,-0.0061461416227587,-0.0113549071782391,-0.007764274158133,-0.0106823741770918,0.0083314166614496,-0.0226085338169602,0.031870526960069,0.0010946551220717,-0.0089788447467884,-0.0073124223583388,0.0011729059392853,0.0275281904710551,-0.0043750251334818,0.0028592531775887,-0.0025919458545209,-0.0317898202026954,-0.0234290270650302,-0.0030466928826345,0.0129713717083723,0.004630176262919,-0.0054094706400579,-0.0135401773203919,0.0190817217547631,-0.0022741933313912,-0.0020156863924479,-0.0033302622771294,0.0079504881821256,-0.0033559974918591,0.0115512779102534,0.0132841395370903,-0.0152485879693857,-0.0101181634514782,0.0138622882666409,0.0041893177242033,0.0071909538719653
Jonathan Dwyer,0.0115115277766502,-0.0174739004935947,0.038635473924503,-0.003051723058255,-0.0263779642205966,-0.0114952029785496,-0.012973159245841,0.0045243530285261,0.0346260949565281,-0.0165502171567059,0.0198126781905229,-0.0247664973282442,-0.0044752620657013,0.0221189339669419,0.0062316552170324,0.032975520493726,-0.0059191811372314,0.0117433057765194,0.001726634883073,0.0231955981510519,-0.0366976713507819,-0.0210215121341432,-0.0190323058673632,-0.008557127249508,0.0327119730826627,-0.0133487040929641,-0.0030875645213763,0.0324331540995865,0.004101980528351,0.0123496243618121,-0.0117887928434735,0.0208606186878149,0.010174473034069,0.0786409467901979,-0.0374146356740979,0.0020423776532799,0.0183040000369606,0.0312183268203686
Jonathan Grimes,0.0171303729087456,0.0111301079079862,0.0299776925131058,-0.0085760784658059,-0.0065285067720316,-0.0296628069956714,0.0039704375361653,0.0006236334873672,-0.0136701196089142,0.0147404035609592,0.0381163904240605,0.0061830268145062,0.0036866250981337,0.0040625296599429,0.0197424683756537,0.0190477599742615,0.0266920625390369,0.0192136689685583,-0.0323254527081191,-0.004291832570862,-0.0182432010670257,-0.0093706037210689,0.0005754683362667,0.0108956858326115,-0.0079851325946262,-0.0288291409572534,-0.0247146252953224,0.0047531881497043,-0.0274129253636024,0.0044214939167837,0.0032702748007205,-0.018110649312422,-0.0364687429083861,0.0240926501364841,-0.0041905882216935,-0.0124030300542756,-0.007743955265032,-0.0155011776637039
Jonathan Linton,0.0106817458523941,-0.0145599903853821,0.0287819040667081,-0.0050760863281542,0.0208539301452101,0.001295848426821,0.0456920077809292,-0.0101732924271737,-0.0130782543544914,0.0002271182921594,-0.0156148206141102,-0.0210163661065718,0.0284652370160557,0.0084135412639,-0.0146749284226851,-0.0340975513395288,-0.022248837711438,0.018138873562026,-0.0142360922068365,-0.018178716005525,0.0115524068274473,-0.0135380611282375,0.021183759649203,0.0340499013669653,-0.0183629414886743,0.0173473567080661,-0.0143928371508567,-0.0135965140511026,0.0184130648802478,-0.017628376792022,0.0379788757720311,0.0295169068141887,0.0008299758595621,-0.0181552555157865,0.0024228819390416,0.0294084840025335,-0.0283222598521867,-0.0111175360368644
Jonathan Stewart,-0.0525426546459905,-0.0390164798519323,-0.0244251094963228,-0.0209429860226474,-0.019180108539233,-0.0106217210845986,-0.0341903911279341,-0.0513255209258771,-0.028731419730137,0.0199690161068445,0.0088741580838269,-0.0221340939926597,0.0841330280791096,-0.0630857047678897,-0.0325647494722588,0.0267289094177421,0.0325515607440537,0.1233301089521985,-0.0023240464940219,-0.0262076998070639,-0.0288981370312764,-0.0103061454392357,0.0955351378464986,0.0201029199381777,0.0511000188930132,0.0177893483467655,-0.0382685513712217,0.0343528771488846,0.0178322825597614,-0.0795421683924026,0.0727675296098204,0.0138393584392419,-0.0002549054680355,0.0266914913892402,-0.0283865247975758,0.0425426561192031,0.0070165823160296,-0.0264538766873693
Jonathan Wells,0.0101340924767734,-0.0118617858068454,0.0085833245893975,0.006353447502894,0.0208745817855029,-0.0125161749619805,0.0287824813008565,-0.0232376715257026,-0.0069872753695334,0.0423146851288321,0.030801210988577,-0.0070761269356058,0.0081189408224812,-0.018348021985873,-0.004237743368254,0.0133206652737995,-0.0216078578438177,-0.0171990243141624,0.0114113856178018,0.0099801017564184,0.021646992610159,-0.0085275343879487,-0.0353310516108112,0.0143901635922384,0.0017478939245244,0.018136459457843,0.0005991577486993,0.0350463908318389,-0.0243161497435693,0.026210680540797,-0.0108276081324886,-0.0306148966307881,0.0111516898761332,-0.0283960012233291,0.0009297522354059,-0.0243646682795737,-0.0275734023547555,-0.0188049444514158
Jonathan Williams,0.0201566593524591,-0.0148462886751797,-0.0070480899588915,-0.0130714332453701,-0.0232053750694833,0.0166053308633938,-0.0255231230332836,-0.0114634830910368,0.0002954763295167,0.0292680210386805,0.0504654078163413,-0.019729559532665,-0.0004887963373948,-0.0066059545979673,0.0218223181389856,0.0446910474656749,0.0067822774437211,-0.044371662611857,0.0138859780967113,-0.0158340453466596,0.0342321203660866,0.0208750481693642,0.0044257318544613,-0.0064933290510849,-0.0039619973134629,-0.0022323131997127,-0.024548884408466,0.0088315243544932,-0.0098231274036534,0.0353209902116996,-0.0499284693981364,0.0178100444420467,0.0024762610134087,0.0180084608922601,0.018313153370166,0.0302989106264512,-0.0553339224249204,-0.0065072058889096
Jordan Howard,-0.0327133072203822,-0.0576783009040735,-0.076575965763756,0.0184636267522201,0.0093439027381321,-0.0272813393206561,0.0271710609469921,0.0329829431706011,0.0356758903079141,0.0263190894478991,-0.0090154093971374,0.0675677789605962,0.0119297437968998,0.0196991186631915,0.0177606712834919,-0.0345516420552716,0.0270825148527864,-0.00306981662146,-0.0016351192734747,0.0386344313442557,-0.0490929424369842,-0.0234633044869045,-0.0277337383937121,-0.0041219332139177,-0.067644190110404,0.0025877387740359,0.0097792666944682,-0.0171444325795379,0.0636003142291403,-0.0369872980678824,-0.0185125448100545,0.0234861641532826,-0.0156901390456498,-0.0481259154822379,-0.0174500631329409,0.0416685995899144,-0.0184982805382408,0.0316480125944874
Jordan Todman,0.0147153284895042,-0.002345993304026,0.026936728523637,-0.004048550128231,-0.0110784254699758,-0.0039218045624745,-0.0246725310672786,0.0109948157290852,0.0595951091191193,-0.0260244449108017,0.04641424359737,0.0178349484198179,-0.0044114612669908,-0.0072906160051795,-0.0173601903581184,0.0088443125189396,0.0171760791867407,0.0097212363922295,0.0169758757874669,-0.0113292164907262,-0.0124361914095514,0.0151510447650492,0.0039769168871171,-0.0062786415051132,-0.0137835589284832,-0.0466465046435619,-0.0101816365288025,0.0105966181782248,-0.0011904805586166,-0.0080069058992682,0.0145103505755512,-0.0060217141226694,-0.0426070260762636,0.0439275662870153,-0.01939089673323,0.0116330923835309,-0.0125077147263515,-0.0084129753664521
Jordan Wilkins,0.0102105328674973,-0.0193808304234627,-0.0131551763864297,0.0040471969238531,-0.0087528444019033,-0.0157959227613853,-0.0158850355194669,0.0437158953602377,0.0215772105883589,0.0110238883235648,-0.0368234107550768,0.0172206132829098,-0.0062027442427566,0.0353593414050738,0.0026670326967854,0.0338833896815852,0.0007177803976095,0.0096327570030505,0.0162999570202027,0.0237961278917426,-0.0182626666632577,-0.0194697072770033,0.0031678495649091,-0.0009839602212802,-0.0012273443809818,0.0016221313861519,-0.0009786389881628,0.0069707771464396,-0.0245930655939455,0.0261460505980346,0.0063264343327396,-0.0118559373432922,-0.008094934041755,0.0140130795896953,-0.045497756799603,0.0343636941418213,-0.0111884785330141,0.0045821895568006
Jorvorskie Lane,0.0233769499295514,-0.0060643020178861,0.0065717936680908,-0.0132955911118348,0.0265509989802989,-0.0176141395604015,-0.0245835505788969,-0.0151358027928157,0.0539539935405916,-0.0706911733630903,0.0545406208354651,0.00514329470069,0.0231773351921881,-0.0096826241025112,-0.0089241891119135,-0.0271635924587124,0.0593899030511996,-0.0723718188486657,0.0344462971349141,-0.0106980280772556,0.0021872037935015,0.0205542899553081,0.0714387655550579,0.0143630462457768,0.0051673073035334,0.0013099204232236,0.0050654649383833,-0.0144795467065101,-0.040532283795045,0.0049963153217571,0.0027752104022715,-0.0430887295024645,0.0709089344432843,-0.0321553789986993,0.0033990900605272,0.0230071850750245,-0.0568448805275141,0.0186440026406034
Joseph Addai,-0.046268815453793,0.0219396387234395,-0.0114880502340992,0.0236128755560571,0.0471674045157822,0.0218449195482743,0.0682963204241647,-0.0208424475583184,0.0235635675920278,-0.0218244878180417,-0.0222724173275381,0.0386845815258263,0.0760737778906401,-0.0616217611320983,0.0169398749446367,0.022672843484986,0.0641744477507394,0.018121219556572,-0.002893098886589,-0.0251447847408206,-0.0141534122219258,0.0086649940454062,0.0123977590061317,-0.0176853096648686,-0.0433066803820313,0.0101643039238008,0.0231142735780178,-0.0495365697893334,0.0173946880189473,0.0101848120292689,0.0398685287963012,0.0288138725917065,-0.1017556242296105,-0.0053600815616482,-0.0797263024178622,0.0609992014839602,-0.0775104492707489,0.0458880642525781
Joseph Randle,0.0103637703759119,-0.0286856112899811,0.0421186017978794,0.0076969767272669,0.0123709893497158,-0.0154658469041243,-0.027770578805752,-0.0057747732768163,-0.0011248253525112,-0.0364696690477182,0.0103374275928868,0.0018722293707629,-0.0038851645844005,-0.0014119532614542,0.006182418445985,-0.0076661168998745,-0.014429427769374,0.007839255649958,0.014328779736259,0.0119518146507656,0.0340419928153742,0.0208527748339845,0.0195226660200559,0.0171139257326452,-0.0107526579804436,0.0324972275837966,0.0191672886652862,-0.0014762719832849,0.0167074700183924,-0.0338699434042286,0.0237951834400684,0.035837029211667,-0.0191330587982224,-0.0061051373695356,-0.0083170320009457,-0.0045178877547141,-0.0040110189612508,0.0085963177054679
Josh Adams,0.0191879308675032,-0.0347057316158888,-0.0057877414706628,0.0173203112897007,0.0209880660651945,0.0060744291992934,0.004073985383241,-0.0275111370768133,2.2778295325283927e-06,0.0005283210650198,-0.0036342437776177,0.0028336765803522,0.0016919988685402,-0.0153262397277311,-0.0119372282363646,-0.0113806426831597,0.0029779552122029,0.0023002437714837,0.00723265448804,-0.0338556615854977,-0.0137332829169684,-0.0134886426830624,-0.0179546534548837,-0.0054261850133268,0.0055738599467298,0.0044134195022017,0.0137627609129987,0.0278821277255909,5.552299452970047e-05,0.01895061051155,-0.0075629391091769,0.019467573754122,-0.0021794743644337,-0.0045670530782983,0.0140781228115971,-0.0110282560608276,0.0014616556065641,-0.0142107752992194
Josh Ashton,0.010446817008718,0.0079752063692612,-0.0070343364934392,0.0481054295210099,-0.0028374226267682,-0.0288980385998376,-0.0101418267687542,0.0104734551396773,0.0185189116897414,-0.0265070504693855,-0.0063137450965546,-0.0131119313284992,-0.0201371574722423,0.001440851662829,-0.0137310601385557,0.021794619632014,-0.002391141624322,-0.0156832279465054,0.0247245844149412,-0.0226364061475814,-0.012215945157068,-0.0039028907905435,0.0258132306206296,-0.0125830378208134,0.0061480843805518,-0.0241842007314986,-0.006400644605963,0.0074235069903465,-0.0063378873010773,-0.0102757158688979,-0.0395874808596849,-0.0314119923560754,-0.0095551349142089,-0.0073853501155257,0.0083286288372262,0.0125853173622708,-0.0262050900840726,-0.0187910849610323
Josh Ferguson,0.0333543015375723,-0.0063835007329398,-0.0178670437197437,0.0205005976750623,0.0042012897555196,0.0219253392196642,-0.0141086990062065,0.0100416657871343,-0.0040518339417444,-0.0169226111499403,0.0201768057085379,5.878342093493572e-05,-0.0040652451092467,0.0117994125566043,-0.0199835577940055,0.0018998516262768,0.0179482130220278,0.0146388266663442,-0.0220912792016027,0.0058611759213132,0.0032843049654565,-0.0097752357436709,0.0080813266334037,0.00855889845509,-0.0144020158192755,-0.0184456739157065,-0.00356039785346,0.0172593697020655,0.0020677738018892,0.0028681243315544,-0.0118597339667705,-0.0001709442266136,0.0091130977078338,-0.0100275398982373,-0.0016143599227504,-6.19786706487508e-05,0.0219158729657147,0.0057899040403197
Josh Vaughan,0.0385808048833739,-0.0242871987924512,-0.0235558930129671,0.009743159832112,-0.0036739301568543,0.0512272855118585,-0.0077678497177972,0.0070797854611157,0.0257295702935748,-0.0059346407937435,-0.0172711754887646,0.0026119917245099,-0.0063733572334034,-0.0068272121671206,-0.0102754963186983,0.0055453830973199,0.02333973179217,-0.0080975925963051,0.0003247523449143,0.0157572070892733,-0.0187101506174281,0.0078652762043058,0.0377233006799904,-0.0048538441608097,0.0192335151753963,-0.0190597176565937,-0.0005224243645784,-0.0027200349393082,-0.0038981647558291,0.0071073130190109,0.0044013966077706,-0.0045983597315229,0.010379060912771,-0.0067110770435505,0.0118601685402374,-0.0002416673010321,-0.007324559595858,0.02173877383814
Julius Jones,-0.0396834750065469,-0.0264980861186666,-0.0038608935787611,0.0078915229059322,0.0100293884413121,-0.031366943169764,0.0077762113727832,0.0141633315745912,-0.0192197016080085,0.0309110747785944,0.0178702091186625,-0.0204276479705362,-0.0429590879403021,-0.0096480722559175,-0.0240080601555619,0.0058456688448373,0.0073630332019552,0.0424987733265466,0.033396949064388,0.0047626735872031,-0.0146498599789971,-0.0210091142433912,0.0288869177881334,-0.0017137515664363,-0.0150833517660978,-0.0452289155801475,-0.0510851447537134,-0.0431298320837183,-0.0067770664882412,0.046857417743678,-0.0724906693400287,0.0293388988537929,-0.0095172423516043,0.0233970995326232,0.0027833112313503,-0.0053338203776542,-0.0046360270039884,0.0107179502634952
Junior Tautalatasi,0.0074376981911889,0.016315192639978,-0.0101028844864507,0.017441118389687,0.0460161837538752,-0.013327470258211,-0.0204872132028631,0.0257417817541828,-0.0134022344908809,0.0109478227769275,0.0002694618211596,-0.0184487053552943,-0.0231786224868543,0.0547583145997216,0.0018342243206768,0.0555839276150439,-0.0177926845913634,-0.0011812161917603,0.0186919395981129,-0.0188729278829176,0.0264358136147882,0.0322491527374399,-0.00505458539036,-0.0512327046711534,0.0171883791116993,-0.0084335669782674,-0.0007164530272485,0.0037122941920778,0.0209702569077529,-0.0067936016310526,-0.0318510412155337,-0.0264083403137087,0.0426762258418656,-0.0106831485161866,-0.0031733876751726,0.0031885123273859,0.0075158953771465,-0.0130021917185448
Justin Fargas,-0.0085520423435825,-0.0248331082883526,0.0465063791085525,-0.0292977125908594,-0.0245487406602741,-0.007266517906532,-0.0318710348136262,-0.0253899241311076,-0.0149849498988424,-0.0066934709656799,-0.0438629518168719,-0.0308430820429329,0.0121961197416029,0.0095613458648307,-0.0073944934832894,0.0725874571476428,0.0283151557464051,0.0432797737432882,0.0137926440246105,-0.0040279281632155,-0.0075612776618741,-0.0247179765308283,0.0324159561844478,0.0423602900516092,0.031684536205788,0.0256397588019439,-0.0502362280079388,-0.06499012304596,-0.0081422248460762,-0.0126853581512653,-0.0010218188277063,0.0040474831730999,-0.0356371732528299,-0.0265293782496546,-0.0075534835457897,0.0069618166334878,-0.0164274459440078,-0.0281926783353997
Justin Forsett,-0.0290718803547817,-0.011738837371507,0.0155489006559695,-0.0124880991122169,0.0034805964437876,-0.0236251746323362,-0.0848834448222477,-0.0597642452533636,-0.0248646009723077,-0.0626256359902063,-0.0354940198254139,-0.0042596637979905,-0.0565798443208747,-0.0494004207732399,-0.0206775999603808,0.0252602505404155,0.0562692314343766,0.0354768155656858,-0.0389410864663166,0.0082271454725544,-0.0263506891770413,-0.0498590347070159,-0.0005133881515199,-0.0011512113954251,-0.0041217613038957,-0.0256024591588145,0.0022284947668058,0.04188274275353,0.007704175123139,0.0468083112114131,-0.0836076406354807,0.0126259732214915,0.0121948943589071,0.0224833558267909,0.018914809213586,0.0086253053247724,0.0392356629833771,0.0299714294840853
Justin Griffith,-0.0005091897897588,0.0637701056939457,-0.0026392283122173,-0.0262884894059977,0.0254283330519511,0.025551655881585,0.0010273417001854,0.0247081479750058,0.0342126455234051,0.0041156702373433,-0.0113548214054338,0.0060627930917769,0.1071351848049674,-0.0805181967113845,-0.019209739245735,0.0066924640735581,-0.0458034933116976,-0.0291389490249759,0.0136452263755779,0.0018151249356477,0.0012861641754542,-0.0616916019813832,0.0504369399624511,-0.0383079140280979,-0.0180395723096813,0.0347784054511168,0.0057934394662459,-0.0005094569256115,0.0219728713373291,0.0168275332412732,0.031928528145999,0.0009784432993088,0.0085890163325627,-0.0021527724176409,-0.0518571554063258,-0.0428102870993056,0.0254488927867738,0.0427972073343908
Justin Jackson,0.0025275279096497,-0.012660415917264,0.0333182085054984,-0.0093199975402874,0.0014724121034669,-0.0194718865875856,-0.0352701253404584,0.0057039594155104,0.0077097444268513,-0.0095292489155643,-0.0092422518167116,0.0062164141656903,-0.0432193447764203,-0.0009564256587385,0.0103064302306581,0.0119296595617296,0.0166688381792397,-0.013132887330029,0.0218749271701279,0.001646745925111,-0.0287410497582183,-0.0319338683805453,0.0259115193115791,-0.0102769009770701,0.0286292862442919,0.0045083363112617,0.0194874335007406,0.0107993001602513,0.0119641609783922,-0.0002737506171511,-0.009799688871131,0.0051615193268822,-0.0152045482369012,0.0586507173217913,-0.0252626327570656,0.0192190411446776,0.0099012210311311,0.0127068245641781
Justin Watson 2,0.023137894689751,-0.0348176118074689,0.0071576072411855,0.0032899758254443,0.0099339529359779,0.0161769690434169,-0.0107240120159134,0.0056957317153345,0.0350448753937927,-0.0101344261703393,-0.0051254716965244,-0.0140399307804418,-0.0120962902165374,-0.0237644262445002,-0.0090241703998466,0.0191167793952057,-0.0019896537819317,0.006355598093331,0.0242655605758554,0.0167863236405602,0.0207218460048877,0.0253272648440198,-0.014619874153939,-0.0092188802128228,0.0117403728888481,-0.0006595829775934,-0.0171568380555123,-0.0022238598020178,0.0123266342386969,0.0050201618678061,0.0037448672677038,0.0207512021292227,-0.0127917937833162,-0.0011024005615851,0.01159054786034,0.0116380139129574,-0.0100143331664411,-0.0039953721780127
Juwan Thompson,0.0166184396030293,-0.030158605240948,0.001987632941678,-0.0055330469312081,0.0230041419950576,-0.0224777435998787,-0.0140362592632335,-0.0002791135552127,0.0199115756024183,0.0024663373398965,-0.0251541477812638,0.0096540776746531,0.0123788966132588,7.545484723012311e-05,-0.00529952342761,0.0047632091946007,-0.0037490160152309,0.0100933692680465,0.0157951271785361,-0.0244822418905349,0.0346601119557423,0.0293253582615516,-0.0031028953153384,0.021553719495031,0.0020961966291925,-0.0076100581424258,-0.0050277503264897,-0.0063778151434604,-0.0024688173082668,0.0101229070238394,0.00273456025544,0.0122024684221484,-0.0142719485952514,-0.0070178471268426,-0.000351084222383,-0.0034280699508235,-0.0086404460043424,0.0146598601251725
K J Hamler,0.0216134425122351,0.0247037684761195,0.0084816282097757,0.0129806308711346,0.0511484193922306,-0.0172289214121161,-0.0171717252799473,-0.0172659778927078,-0.0224636061784124,0.0024396232956811,0.0157015311259094,-0.0056066182962255,0.0001451366876843,0.030684722446001,0.0525190928359267,-0.0489402373707619,-0.0265074973635007,-0.0213855506463534,-0.0229846790386715,-0.02597700761854,0.0215893879499969,0.0040483796141888,0.0012480873999756,-0.0459185417520147,-0.0060319251589874,0.0201396891234033,0.0028118174796004,-0.0121683817236001,-0.0066003625785712,-0.005589070071932,-0.0119277976212754,0.0113481100136451,0.00482529758856,-0.0340059638293296,-0.0276237376407747,0.0058576917814201,0.0154215662359269,-0.0202901683871277
Ka Deem Carey,0.0210861648861945,-0.0085844867268634,0.0157047349517843,-0.0152604773311211,0.0224018156997422,-0.0270456194137277,0.0219368944671222,-0.0105342505608197,-0.0060280897941609,-0.0079644605012507,-0.0122210127641961,0.0128352276154655,0.0106897445000484,0.0021207893437451,0.0168071998162698,-0.0338170678031767,-0.0038739902652787,0.0078474678113666,-0.0107471862363805,-0.0222899187003862,0.0171039502403176,-0.0342310104937063,-0.0101836714513752,0.013241977386104,-0.0043247056816552,0.0334775865962809,-0.0055132676337864,-0.0044678000645143,-0.0109334160748009,-0.0051908079698527,0.0040950101327477,0.0132011226057201,-0.0094107827714314,-0.0039736906576663,-0.0146717580836283,-0.0066446262698396,-0.0113480451690388,0.0059275395718568
Kahlil Bell,0.0205331363796731,-0.0179324675883746,0.0045837954104967,0.0053568451624602,0.0054727900085821,0.0083233949397424,-0.0151878413014837,0.0099952663395609,0.0238750047593404,0.0274348973562201,-0.0269449935102127,-0.0069081684456616,0.0184386794006782,0.0203503567182747,-0.0131727108725319,0.015286892554279,-0.0453201214055365,-0.0142998759180365,0.0224816726726811,-0.0204457300834885,-0.0058052940613331,-0.0345837894604605,-0.0106642093299156,0.0107685123606226,0.0358077800120839,-0.0154222921102101,0.018810045989012,0.006430374601136,-0.0069087308994143,0.0013987113907288,-0.0046913909392902,-0.0031915529846157,0.0280682352210891,-0.0075221315926456,0.0165777369257637,0.0361350522678047,-0.0491298989331289,0.0066733855499955
Kalen Ballage,0.0112704731307188,-0.0208470516739228,-0.0015489679321041,0.0079828893200102,0.0105481188078297,-0.0004641448251401,0.0059954727836752,0.0137203757819568,0.0020246629471084,0.0179020624825777,-0.0318859181731094,-0.0055630598521903,0.0043258060277667,0.0478495032959515,-0.0193063881772457,0.0318235635635316,-0.0022942790766036,-0.0034687099549267,0.0393048588456652,-0.0054330991785496,0.030326944284437,0.0392182454657063,-0.0128225363964559,-0.0134525649001706,0.0369682495155677,-0.0090625219792347,0.0164559149477784,0.0004826020459015,-0.0106101713378993,0.012717255797143,-0.0156737993305308,-0.0204174776311088,0.0168620376769936,-0.0284767154892227,-0.0089496512077938,0.0083462134939465,-0.062002375096927,0.0055614705584587
Kapri Bibbs,0.0109824305271011,0.033130145619472,0.025743405050376,-0.0099215776254838,0.0439575912345118,-0.0919481096299358,0.0114696329608718,0.0223000167904193,-0.1100927101007542,0.0055316508004744,0.0066587331328041,0.0312151212539434,0.0455371103680318,-0.0046688162584107,0.0047074303529661,-0.0814145070219717,-0.0227050834079329,-0.0068814035650461,0.0036829869140497,-0.0390111882817321,0.0019888958979333,-0.0226445830917473,-0.0472714370179679,-0.0031250178079791,0.0036134063832152,0.038769137155438,0.0070744611075564,0.0056668510981137,-0.0075225151147161,0.0060003341433295,0.0024928300957218,0.0354533521889047,0.0342162486855854,-0.0072339527792882,-0.017003227846969,-0.002478393941164,-0.0111913671588819,-0.0037642215966626
Keiland Williams,0.0099879018370696,0.0087723247039183,0.0007558332394719,0.0205508695212617,0.0460982988654228,-9.21385703690818e-05,0.0078292746074308,-0.0151269183321764,-0.0036008732502431,-0.0138282551610429,-0.0206173107664737,-0.0104166773661935,0.0080768972421794,0.0102349721927852,0.0156894033549067,0.0040717211868907,-0.0115356672428641,-0.0178527652550874,-0.0139584635157102,0.0218515359024903,0.0032793390659903,-0.0123703366417971,0.0033967455368932,0.0061649979790212,-0.0181602945655396,-0.0214821115843933,0.0310207350703559,0.0055023408363697,0.0073928928091568,-0.0337881350587599,-0.0039444415482583,0.0339725954764974,0.0072322080280596,-0.0014441130192965,-0.0029834280041838,0.0127971715870074,0.011780099583935,-0.0078493585297274
Keith Byars,-0.0426291557904403,0.081630530397962,-0.0446428684717206,-0.0282768269464319,0.0047120897787816,0.0342452595206791,-0.0107266139391938,-0.0050419881813888,0.052028212274867,0.0685271948538946,0.0504209511013363,0.0251776362114655,-0.0169389871035538,-0.0525561544615482,-0.0486733765465082,0.0225837702543624,-0.0402792428429603,0.0299308389514441,0.0029358055977801,-0.0241960141484643,0.0805279695945826,-0.0527445562879562,-0.0119860409174457,0.0089309107302051,0.0313169951503966,-0.0078191083616665,0.0080668520935871,0.0545856262034085,0.03746691491392,0.0272884639058104,0.0431900415367415,0.0522198659472826,0.0373180298976845,0.0013470755559641,0.0039370035195712,-0.0193556990019103,-0.1407026511180612,0.0443821194297848
Keith Elias,0.0294706693412626,-0.0005407322677746,-0.0116914043449966,0.0041767130855718,-0.0233388405585186,0.0139033671272518,-0.0121490492768598,0.012870708427202,-0.009260724447443,0.0112032157200747,0.0263297392270017,-0.0040358790378127,0.0051409723678838,-0.0023719855004499,0.0158105550523156,0.0323120442829766,0.0007932113730077,0.0244746310814918,-0.0380769902369187,0.0082431657173387,-0.006635659509686,-0.0016322778900099,-0.0096609157972455,0.0037945623393277,-0.021154295565797,-0.0121834965795419,-0.0191227147745682,0.0041211770222544,0.0215727523364951,0.019629876175887,0.0198651523055151,0.0238709102227605,0.0046083144022506,0.0084073021784225,-0.0198657897921545,-0.0207574621697359,0.0182930179716533,0.0203037697765288
Keith Griffin,0.0008790721610167,-0.0157436613918767,-0.0049115309843907,-0.0102369035496889,0.0094014639958799,-0.0182939961642125,0.0168709878204171,0.0250825974255832,0.0278475735455558,0.0237593880820403,0.0138440338927385,-0.0368516437802421,-0.0257651643298763,-0.0225293714366403,-0.0253316229261847,0.0196368974003752,0.0119219775746071,-0.0029738855635185,0.0319026278694209,0.01940743317242,0.0393387674351859,-0.0227350135055334,-0.0356841752363078,0.0051263025657069,0.0152810908615621,0.0004470501675712,-0.056936813556561,0.0217012423858757,-0.0326880877635651,0.0338254314545417,0.0138484096733015,0.0011566852166379,0.0024277887728313,0.0073046326960692,-0.0343430442264149,0.0183926339970859,-0.0492360613096667,-0.0547756048455393
Keith Henderson,0.0041280958615448,0.0294049535459505,0.0263528865187866,-0.0109843488013879,0.0275857328026225,-0.088435996778169,0.0316368109666348,0.0388678310150842,-0.1670109538157212,-0.0220961450831803,0.0071262984863372,-0.0122694814348164,0.039200441698431,0.018408036204821,-0.0863659643843244,-0.0666780150782907,0.0197735984210985,-0.008537759166147,-0.0233103661280057,-0.0438652813596406,0.0045858615608606,0.0175498862702729,-0.0013609991884432,0.0874820874032172,0.0219711172475069,0.0282654620385442,-0.0305026943142865,0.035351920715932,-0.0088080209287883,-0.0190763001986612,-0.0313059042777187,0.0051683777890096,0.028099425910506,0.0164184372638889,0.0522261328112558,0.0521142998309139,-0.0210728573647531,-0.0167513503056715
Keith Jones,0.0046383316591134,0.0073131567612741,0.0056517802907447,-0.0034229547238371,0.0325483351679663,-0.0324249609543684,0.0249506023420087,-0.0164197707360508,-0.0112076319170779,-0.0277916649127072,-0.0100718098603521,0.0054351808020173,-0.0467498474536933,0.0273953357604427,0.0011232086105031,0.0195060128507841,0.0077397752229241,-0.0076842100168473,-0.0383591015207437,-0.0147221827843461,0.0461403700200582,-0.0163931782617947,0.0556711423172148,0.0126255498990584,0.0147548801781466,-0.0158184519284439,0.0168847886219475,0.0102397664333443,0.0116624630228982,-0.0188986800011773,-0.0495246650909747,-0.012019597219907,0.013103892257485,0.0485876422471602,-0.0135071407956463,0.0067385586125042,0.0052460564868151,-0.0284123541020328
Keith Smith,0.0278704062970343,-0.0045998265841418,-0.0151096287939891,-0.0639952214821336,0.0094447531433222,0.0228498219714175,0.0232444562619625,-0.0315306780615886,-0.0272347026648564,0.0133604494591476,-0.0184811766907633,0.061327301898441,-0.0249009363806255,0.0228763783975747,0.0443154952859937,0.0064702160354876,-0.0213233485336342,-0.014721051439664,0.0393788437941473,-0.0536191576216031,0.0332067133843775,0.0097801740285952,0.0226894064769582,0.0160583029986942,-0.0323003344695835,0.0038835741188353,-0.0527616529260651,0.0452623635482934,-0.0020933390768461,0.0139379576552067,-0.011939005616834,0.0030800619575583,0.0269784248904946,0.0248580148712596,0.0181807982447523,-0.003428703562884,0.0062974487290105,0.0450617418607663
Keith Toston,0.031741955955187,-0.0018789366363005,-0.000914718927802,0.0161107729877557,0.0203765897092189,-0.0109648220031262,-0.0041757226754993,0.0118048987400572,-0.0581782460411455,0.0129858986695091,0.01358642935901,0.0102624393146169,0.0079360924388678,0.0070440901126617,0.0281211678195483,-0.0392563824665642,-0.009716151499237,0.0022780418239355,-0.0130770636959853,-0.0310613495417978,0.0146421201880025,-0.0188606846643116,-0.0186874010847912,0.0163714338903215,0.0191070778863616,0.0312875113117439,0.014731396853718,0.0012826455526902,-0.0111321727853632,-0.0003912220878762,0.0051840410358296,0.0200836694497265,0.0110153653249027,-0.014603505166675,-0.0143165725495221,-0.0035632566579695,0.00053315971961,-0.0087464756994521
Keith Woodside,-0.0120003653977566,0.0260479251551358,0.0332361528071791,0.0077951957319737,0.0543438980549305,-0.0090813469883152,-0.0167761107847148,-0.0139124962323479,0.0069408747155526,-0.0313078078803506,0.0148772999884666,-0.0220736351730449,-0.0736886537259702,0.021801059060953,-0.0082131517255277,0.0308692111854148,0.0225346292404846,0.0125274084386862,0.0287158220582087,-0.0007819013495587,0.0098256082613501,0.0606656950696101,0.0055011171135264,-0.0013807057229413,0.036273840579357,-0.0036268826550524,0.0062259143402999,0.0323571293439307,0.0227259342812241,-0.0234019677816856,-0.0880891875826587,-0.0152637691682999,0.0218977265815177,0.0605952065291009,-0.0366931172780835,0.008636782912819,0.0494260844165774,-0.0185876106766376
Kelvin Bryant,-0.0166121334376147,0.053858308966844,-0.0024227166225558,0.0012469868684962,0.0633739187679941,0.0331547904797168,0.0301760933099334,0.0241121218266103,0.039509458709319,-0.012556773447097,-0.0037618669717936,-0.0026225323336989,0.044700920925777,-0.0605155408889194,-0.0244352548355909,0.0125712083349076,-0.0266590640333157,-0.008091415529855,0.0143416207056895,-0.0107829894811017,-0.0046476114296648,-0.0380682905992996,0.0062689407516663,-0.0286384715053024,-0.0226620750396188,-0.0077938244324848,0.0170077983635928,0.0165756609762431,-0.0338015542401156,0.011138509322752,0.0315427501222864,-0.0131475619272805,0.0020662514598943,0.0913304701735105,-0.0333702754857481,0.0322249056673778,0.0362568414188292,-0.0216908172258877
Ken Bell,0.0340464952032658,-0.0163493052879655,-0.0017737397521825,-0.0021727949049395,0.0165024572829039,0.0102711483041565,0.0047158887754073,-0.0038536874080257,0.0078795099986603,-0.0103267848749166,0.0062066203588969,0.023628721160239,-0.0037050940766017,0.009643568615391,0.0039605437448464,-0.0076556594744393,-0.0023264431234794,0.0164676783196404,0.0196209091446886,-0.0203029116357096,0.0050527570830906,-0.0008215385890569,0.0081708777984918,0.0023298105870451,-0.0031984715180333,-0.0134852114396366,-0.0181768485157335,0.0165111219844082,-0.0071699720638008,0.0057938205972006,0.0032454343289597,0.0182017537092598,-0.0030504627195334,-0.0046998044596008,0.0063065958528744,-0.0085382547959459,6.761557476570078e-05,0.009253662753409
Ken Brown 4,0.0209693841091986,0.0051564659349655,0.0355721562761899,0.0306547609847886,-0.0051817265917675,0.0447772677778462,-0.0061139358463414,-0.0337171878210412,-0.0291216966786737,0.0455625824343656,0.1171634334757034,0.0347696043337996,-0.0155778599379643,0.0502871173242393,0.0314580155997385,0.0328088523496981,0.0733126104554241,-0.0180270426649506,0.1014977039325653,0.0426136232022679,-0.0285779698384612,-0.0342367404088059,0.0864886128523249,-0.0106351030015815,0.0089189304829871,0.0046630573726322,0.0011147908566503,0.0069872862168979,-0.0274641368292924,0.0208324474044452,0.0337504908750991,0.0005411732892318,0.0660896567271384,-0.0206618326112482,0.0151679819351591,-0.0135455503486616,0.0124954382138294,0.0135426177230601
Ken Clark,0.0230803921942596,-0.0067452890421652,0.0200957435160464,0.0197137709601791,0.0202618672429261,0.0206673568915412,0.0096295890478083,-0.0012053355555025,-0.0177171898680704,0.0140876207336285,0.026457978548026,-0.0142842241683245,-0.0232808094736621,0.0284553425927998,0.0138837489965692,0.0056855553339113,-0.0097503378665361,0.0348852485743065,0.0019096515208702,-0.0239894197213562,-0.0094571350700501,0.0014615107483928,0.0030006550431262,0.0053401234479288,0.0096447125083764,0.0125691679021571,-0.0035316258203231,-0.0142674967681682,0.0024277640575494,-0.0106987940810551,0.0037491072138258,0.0349205933162717,-0.0018222538487939,0.0054654151576628,-0.0017794767148611,-0.0056152063110681,0.0124939293398901,-0.0146533459403935
Ken Lacy,0.0247566417994953,-0.0152559692978249,-0.0272168746900567,-0.0034484718765126,0.0222874121629681,0.0231502228988299,0.0042176495957001,-0.0016964389324551,0.0220773808241984,-0.0346565665324954,-0.0177871980507729,-0.0157837169466834,0.0272342931793467,-0.0158332259955246,-0.0203601749019298,0.0096952445077062,-0.0094644298301493,-0.0248046968784958,0.0163370286987244,0.0005975750128208,-0.0230994332275577,0.0274138091475726,-0.0049730643308704,0.0010129726909148,0.0113167013999689,-0.016212738461815,-0.0164546590608102,0.0108940120423848,0.0058911816130095,-0.0182790730643387,-0.0094500218937126,0.0122810176147342,0.0182902636118254,-0.0082186170731163,-0.0062219816446364,0.0194060042110188,0.0082771050826063,-0.0063834583301219
Kendall Hunter,0.0011088569701331,-0.0212745000532187,-0.0149729429851558,-0.0022877276946383,0.0055302520009821,-0.0253004330907456,-0.0249654115532024,0.0526927154303641,-0.0144043900128547,-0.0466421845013308,-0.0338543478484527,0.031604548323965,-0.0299141245000074,-0.0120073533804564,-0.0493286333976806,0.013180702653164,0.0131806652076561,-0.0161922483049371,-0.0129192209591043,0.0196108429734511,-0.0167634264607802,-0.0254860705558227,-0.0017870954397903,0.0123618722869008,-0.0249475297506177,-0.0069096239398089,0.0251340473969167,-0.0077609651296761,-0.0010031810357675,0.007999830147102,0.0403406288405506,-0.0208206571559889,0.0053544324989904,0.0057394353378886,-0.0006003039464612,0.0458930995294589,0.0083404666590746,0.0040735019014955
Kene Nwangwu,0.0338564406363891,-0.0147586323547142,-0.0044666913174984,0.0145720784403539,0.0086131122984568,0.0131760916067911,-0.0045606448794978,0.0094467853445592,0.0047503944109167,0.0052918396687345,-0.004476461654188,0.0010173349287015,-0.0029362516077884,-0.0027897182205596,0.0134153864483814,0.0084329202184358,-0.0009591644924606,0.0138801568487971,-0.0028469236329327,-0.0137901874673615,0.0014750752030596,-0.0064044968264511,0.0062585068400917,-0.0053929681879248,0.0045664820794737,-0.0204015719749988,-0.0030779983775389,3.866422034039859e-05,-0.0051881698583914,-0.0051430587953692,-0.0020966074201882,0.0112396711528851,-0.0169482608392871,-0.0101345632334259,0.0066684331960924,-0.0022311311109826,-0.015263307499439,-0.0001586564087936
Kenjon Barner,0.0230626881633136,-0.0019487524004332,-0.0128359509896831,-0.0222418265465125,-0.0428592082887927,0.0133144848735927,-0.0067571470088342,0.0002941736092902,0.0082685621130202,-0.0068573085141041,0.0613171008546516,0.0083303651672611,-3.3441661993248915e-05,0.0172606696025228,-0.0138152869730469,0.0396316651103474,0.0315761683719318,-0.0226825759023497,-0.0102083246865643,0.0294381011206267,-0.0191407719848113,-0.0120328213420973,0.0100532790174704,0.0020463728593898,-0.0041993692748082,-0.0045442311856474,0.005527259181552,-0.0318979247945403,-0.0069978528773118,-0.0178720854717294,-0.0147875370237229,-0.0136651219267832,0.0182476165859882,0.0107688203821302,0.0176162769062144,0.0223898521614292,-0.0159995005500082,0.0133051342284392
Kenneth Darby,0.0165100650326082,0.0053119384783889,0.0272305766330693,-0.0298611282196925,0.0137062778602334,-0.0267455813281919,0.0066737447931608,0.0035769342092707,0.0044433270577503,0.0016205679334114,-0.0189605598901988,-0.0015480299866723,-0.0221967923428814,-0.0052226838839666,0.0036754634157391,-0.0175839711976735,0.0309789472329734,-0.0004677207115184,0.006338133700848,-0.0022171480472991,0.0073583015934924,-0.0018777968096252,0.0321524962761001,0.037833623406068,0.0215439896360194,0.0076982535590046,-0.0127885887285319,0.008116946794772,0.0004982489027631,-0.008274144594016,-0.0027968296317957,-0.0439856291419192,0.0221231035603304,0.0050440705528233,0.0250265864591839,-0.0022055648069071,-0.0352581030113158,0.022798131132576
Kenneth Davis,-0.0263384697079063,-0.0207432685536874,0.0244285229327114,-0.0258593723041961,-0.023036713108614,-0.0262426973988399,-0.0622389012206625,-0.0445316876701852,-0.0157705033709562,-0.0279104895123462,-0.0185420311041045,0.0155446026906137,0.0264451572987056,-0.0157219140895323,-0.0300774936564732,0.0573599767028513,-0.0094656225740016,0.033426220985783,0.0364162127166147,-0.0272190655118317,-0.0027813703102333,-0.0397227424283148,0.0122476546591043,-6.554108132403834e-06,0.0198747967234535,-0.0454652119818938,0.0045180866579809,0.0311928342775556,0.0831565637782288,-0.0811937863546171,0.0006299854470879,-0.0215409804090286,-0.0375482643258444,-0.0390660355358776,0.0258742219452589,0.0532208333647029,0.0098283326295501,0.0628947488282877
Kenneth Dixon,0.0178391515400752,-0.0217107775270855,-0.0034953027995965,0.0115331234358103,0.0376149063077169,0.0274943486896195,0.0071413336428301,-0.0408786101052599,0.0049812734266256,-0.0089618550864028,-0.0177497359751021,-0.0263345303961719,0.0088311973256304,-0.001364294864806,-0.0013345877347367,-0.002954197141213,-0.0140123295423677,-0.0041720829212248,-0.007363991284233,-0.0200472923235107,0.0088916304394451,-0.0114850810910931,0.0090650066323608,0.0052094962250421,-8.009804533938134e-05,0.0079727789314052,-0.0197122591494422,0.0230850679408786,0.0230721507546233,0.0024136437887875,-0.0142260868248014,0.0205885276165224,-0.0242232907007932,-0.0061082548368254,-0.027041505077946,0.0313414041072617,-0.0117058472976161,-0.0117879622210983
Kenny Bynum,0.0191672730670897,0.0035030252031801,0.0295362262440762,-0.0007425680206179,0.0120880785029394,-0.004944930988136,0.0101502064677002,0.000183656402679,-0.0065134356953639,0.0451710067733847,0.0216922491193365,-0.0067879661396175,0.0031439477898198,0.0023742823269011,0.0388377395915146,0.0279710033058231,-0.0408146750431386,-0.0132059058135154,-0.0105863369445476,-0.0176539030991381,0.0043844022167941,-0.0086776823715772,0.0242787732386982,-0.0437251288888707,0.0355086787535119,-0.009913531888269,-0.0116017666926622,-0.0081064023419321,0.0042012557303553,-0.0088053801416975,-0.0120459800025526,-0.033220370531001,0.0246363765727898,-0.0103258709171785,0.0002670126057467,0.017916435285693,-0.0448473383158469,-0.0069598025995231
Kenny Flowers,0.0326679173556532,-0.0148142352720341,-0.0156276688164854,0.013277667800655,0.0191675189502526,0.0242345131866838,-0.0035962983227811,0.0044006296668008,-0.0079561632564919,-0.0033881090291271,-0.0177958129787539,-0.0078005623830134,-0.0088437032074114,0.0016927346302253,-0.0131515956346017,-0.0122157200298863,-0.0032098207339381,-0.0003742961580284,-0.0030204766067043,-0.0140862619882383,0.0118373216870304,0.0215115781912335,0.0080170733240981,-0.0411363458596342,0.0162205737265369,-0.0028446672705218,-0.0127089395462383,8.818556583075468e-05,0.0052075874511381,0.0038353153962591,-0.0023568937092572,-0.0060990991603479,-0.0037459600614877,-0.0102584536363144,0.0009149724156446,-0.0039079415365371,-0.0134823562534537,0.0037098657450188
Kenny King 2,-0.0071240488733735,-0.0122621054820131,0.0274646876781526,-0.0021184343109249,-0.0379905068983841,-0.0009884189204368,0.0082350790474725,0.0445345256677946,0.0251950420727502,0.0017716523382374,0.0464572547890435,-0.0197167003295416,-0.0329716285082625,0.0392659588098738,0.0233838126716514,0.0216559611464153,-0.0760255388838037,0.0109988401462369,0.0098819699421901,0.0374397253031005,-0.0250145237480784,-0.005583080106234,-0.0108671044544529,-0.0062689792148227,-0.0044662650969219,0.0097207984633972,-0.0197750535143025,0.0116126231026853,0.0172127288544538,0.0228135164406153,-0.0258997437584778,0.0456835920353991,0.0470769767099295,0.0065800591851198,0.0024441866950256,-0.0281957246310904,-0.0043938537973712,-0.0119613426804465
Kenny Lewis,0.0365235259426891,-0.0118992630002838,-0.0047395736107439,0.0173384723022103,0.013325660855005,0.0157774518319715,-0.0099534497502406,-0.0002814454140295,-0.0103455738587064,0.0048115183703232,0.0172463604484409,0.0069076473620854,0.0066036067942827,0.0115534541252998,0.0150732625272447,-0.0262040006478394,-0.0144195203696884,0.0146727434162328,-0.022276444940048,-0.0222230144477566,0.0048986435934026,0.0071662682834108,-0.0235407727041743,0.0056667689761566,0.006125943881626,0.0054350743487479,8.645798553699909e-05,0.0088233839476732,-0.0021600197314867,-0.0001892777500816,0.000666863449273,0.0160822368833696,-0.0050533097142818,-0.010735463285126,-0.0058433299248293,-0.0073382206502744,0.0021819380918433,-0.0057242231994247
Kenny Watson,0.0036170367175239,0.0153194544964419,-0.0062023707805882,-0.0083519430537802,0.0166403407739457,0.002493494978112,-0.0152961729072145,-0.0501302800948384,-0.0146477123951304,0.0118753227079499,-0.01959808142386,-0.0327234299582173,-0.024745301197673,0.0284545101006113,0.0058853657650804,-0.0156448944366256,0.0164170332294707,-0.0068707763467232,-0.0018515020838957,-0.0029973748196629,-0.033266170040435,0.0168674534596114,0.0327399087259771,-0.054855063820338,-0.0408652244618248,0.0642683428769465,0.0377920065091672,0.0211043634231377,0.041759989266042,-0.0242226195248409,-0.0202425582940667,-0.0124319295917555,-0.0246871203527273,-0.0339226350293528,-0.014390583431712,-0.0098956733354026,0.0059884151022166,0.0451569289038883
Kenyan Drake,-0.0379795476161444,-0.0266540001244436,0.013802290364373,-0.0066220455672493,-0.0206650918438348,0.0272016435702282,-0.0071852342243062,0.0751729365588173,0.0092658315680591,0.0006158219554486,-0.0116468040237334,-0.0165759135103814,0.0103173151747417,0.0538365251228382,0.0319253833814991,0.0024125736707908,-0.0217609902244927,0.0261825799074767,0.0235487271894148,0.016710931018723,0.0458373276674596,0.0342145010694012,0.0038566748509216,0.0081396134455648,0.0305760974164241,-0.0091359770256288,0.0199700509069495,-0.0041254544035745,0.0217272215536658,-0.0010037844426935,-0.0361359932995469,-0.003179295984033,0.0013125858634739,-0.0245511647048227,-0.0013468043225249,-0.0450458053447921,0.0263424676451952,0.0295621098382213
Kenyon Rasheed,0.0275875919075959,-0.01152235761951,0.009219233453183,0.0036567387286309,0.0099386020539784,-0.0146303524971075,-0.0033484879339247,0.0075465149671858,0.0129702937897061,0.014770449755544,-0.0070290260968597,-0.0106927893518244,0.0036234114497893,-0.0074417222068648,0.0362514496734682,-0.0043158637838441,-0.0058461289162473,0.0091636452641732,-0.0249856433243551,-0.0246991389889151,0.0084221445751242,-0.0021599673321753,0.0151490512577481,0.0044331229883478,-0.0006777409937612,-0.0125773750484832,0.0135534319857067,0.0090477114680335,-0.0054780766381417,0.0103041963396607,0.0156451687265046,0.0275310532076958,0.0172995838915481,-0.0215872411041924,0.0238725843142768,-0.0015953037682307,0.0079421184612608,-0.0103884180542271
Kerry Porter,0.0367932880570022,-0.0240844785872313,-0.0059143433222836,-0.0248153581980796,0.0213566844430722,0.0443002934384616,0.0089982607165778,-0.0342988454701679,0.0195146734429492,-0.011712083474705,0.0159781850999962,0.0537457488253333,-0.0221444961578904,0.0263346856665768,0.0202124693282951,0.0032503376657791,-0.0266057950902524,0.0094768729746125,0.0468586412477014,-0.0298554748258342,0.0120558601274651,0.0134965358491683,0.003550134613581,-0.0107438017812836,-0.0016949005507215,-0.0109393465495221,-0.0277174502769154,0.0367476347851491,0.014729749218001,0.0229484947716273,0.006793639487706,0.0003659961305251,0.0207630284324391,0.0325070329190834,0.0024198920372902,-0.0155227505036319,0.0276702688036115,0.0286880680213703
Kerryon Johnson,-0.0051592481682248,-0.0272628615052885,0.020509785625147,0.0181574172607259,0.0418134820074119,-0.0155467494816069,-0.0061092186729737,-0.0192914679513684,-0.0062244208233914,0.0267769584696637,-0.0233021289701698,-0.008731083124502,0.0098846596365084,0.0114353662085179,0.0107172397439945,0.0303299305485036,-0.0214659408430543,0.0103339885223569,0.0189197546135156,-0.0270342456136425,0.0072479131198987,-0.0247709005072517,-0.0050782357893567,-0.0036442536379875,-0.0105053730010973,-0.0046192332264814,0.0148130828268867,-0.0078058681133408,0.0145036035703548,0.0089686223793311,0.0058174540764868,0.0207650490303889,-0.0078443674400143,-0.025303232713198,0.0099616630866,0.0277960420171625,0.0062121907379002,-0.0105488371720006
Kerwynn Williams,0.0128298046207401,-0.0236288704132234,0.0321522456405913,-0.0195739284556939,-0.0037353189544819,-0.0449595109291055,-0.004727990105471,-0.0173672452366198,0.0403038254598726,-0.0311416271622607,0.0169211591809543,-0.0238060336216333,0.0044457651367084,-0.0200049888633426,-0.0033565528608157,-0.0066527331012352,0.0135199452400693,-0.0035167795757859,0.012333432650372,0.0030615556432301,0.0128706603625058,-0.0228166106441773,-0.0175675813035381,0.0130746933627719,0.0228194372511593,0.0097474516938609,0.0034912679783011,0.0129549556058234,-0.0160356627338286,0.0132652893363744,-0.0313207967120358,-0.04337759483984,0.0132798187264273,0.0205533483018296,-0.0025546403238389,-0.0158818335837337,-0.0168126084986008,0.0284298049365642
Kevan Barlow,-0.0368176543481007,-0.0093221968910992,0.0333063281493076,0.0038336041546216,0.0165794604088707,1.915543270354838e-05,0.0084394407412472,0.0265106612008198,-0.0397596903209432,-0.0436811358232721,-0.0178585845208418,-0.010946082246906,-0.0347851600547829,-0.0084094048180367,-0.0308296575338237,0.0113511516207477,0.0287502915237921,-0.0279164738073591,0.004656361158184,0.0109064160868461,-0.0474858265174379,0.0326613718149159,0.0076297983878264,-0.0256771692190201,-0.0322949277108131,0.0308946710197348,0.025989227472762,0.0132922819957476,0.024103891792666,0.0025124394705531,0.0001017936246434,0.0767215421359729,-0.0291766507915022,0.0164812188296436,0.0080193687564035,-0.0454487833399298,0.0088260403482601,0.0339761395544472
Kevin Faulk,-0.0304410469376487,0.063747625584452,-0.0323327835438341,-0.0382613262762788,-0.0098801758280339,0.0034346047913966,-0.0490559892319448,-0.0365763008763796,0.001770091839697,0.0369242309556021,0.0284092463863668,-0.0343277263541567,0.0067608210459864,0.0028495923859027,-0.0310385703599474,-0.0132467480454603,0.0321571078031589,0.0102942747797905,0.0099520112308839,-0.0094320553580897,0.0416747342451659,0.0074972124751827,-0.0368774612054909,0.0327385761696682,0.0158848374478801,0.000745483695281,-0.0283599759520341,-0.0271809246916515,-0.0806500284437289,0.0348608063432275,-0.024587389350842,0.0448610357435281,-0.0048602416630687,-0.0131945915662196,-0.0372946175583785,-0.0377546197527614,-0.0303569229580228,0.0026895297909378
Kevin Jones 2,-0.0414574145738652,-0.0231903180205963,0.0086653084747677,0.0191820278624079,0.0555257567855838,0.0090096330634134,-0.0027449323832545,0.0185316138772198,0.0309408638780672,0.0497521459091717,-0.0138874213334549,-0.0064304704226722,0.0228345178766977,0.0360521088407498,-0.0592196728422148,0.0277948340603458,0.0047309900318229,-0.0077373431209056,0.0106111507798109,-0.0097486104551309,-0.0189320503519854,0.0106711012341673,-0.0254568488441451,0.0218941442976784,-0.0702962032287133,-0.0224403888383128,0.0494486116237366,0.0376637487660677,0.0536189491767574,-0.007213666341621,0.0729745589957828,-0.0242429614080121,0.041688675291287,0.026403737812506,0.0317632334222329,0.0543711539851603,0.0599793326850255,-0.0095146110192994
Kevin Long 2,0.0055539039277538,0.0003951716331703,0.0246488851971336,0.0424082405368911,-0.0347048128557705,-0.000227829271611,0.0273406784841475,-0.0185989934723215,0.0030294488891454,0.0071205492776578,0.0054861788552336,0.0207436861228526,0.0110979579393277,0.0128925646674995,0.0317634364537034,-0.0135530027769818,0.0441675240508326,0.0027014792438472,-0.0123043337496171,0.0368579862767956,0.0396071048090471,0.0149744059597276,-0.0246672334059483,0.0027290086737777,-0.0281745432612038,-0.0088436532819688,-0.0463570859197323,0.0274810264971276,0.0123369661487347,0.007656998671044,0.0663589692692044,-0.036336132114162,0.0173982202538288,0.0135919262688606,0.0200812313954649,0.0125861555975259,0.0163029449685178,0.0145395007892108
Kevin Mack,-0.0461183533507826,-0.0216729591109604,-0.0342573687761243,-0.0068407558732853,0.0189523774762665,-0.0150274288915233,-0.0056625382569491,-0.0598941142936305,-0.0027652091349928,0.0114725797935141,-0.0205502923167135,-0.0093395383777951,0.0494483095855043,0.0372228564961988,-0.0077345103992133,-0.0110617838458364,0.0023052557307417,0.0311408560892143,0.031132332432265,0.0382176424569094,-0.0486251668909371,0.0149929052967569,0.0135452155347713,0.0469548083322115,0.0132136279342273,-0.0290736302845999,-0.0021905863045087,-0.063678593992277,0.042932265905864,-0.0579579819116735,0.0036839607045381,-0.0681953729503654,0.0123574283310843,0.0062774102854846,-0.0506583958848145,-0.0690458631544136,0.006766378377796,0.0869140875771688
Kevin Smith,-0.0246595108030092,0.0112826635227635,-0.0073526723861931,0.0206527584034322,0.0511980061395006,-0.0262614026010155,0.0208143697855446,0.0030869524184371,0.0234823470228208,0.0596012309022668,0.03518891159566,0.0268149679865469,-0.0087059413916215,-0.0247418174227597,-0.0338412290800522,0.0001552633496153,-0.0127604813462822,-0.0200020153955773,-0.0265062899134341,0.0069184240314846,0.0543754971079998,-0.0916274672682858,-0.0037945504508488,0.0043857708697458,-0.0603039755124713,-0.083609698827042,-0.0134179033214775,-0.0142827207268611,1.5699450783420235e-05,0.0094003163261846,0.0642123195012079,-0.0446073887831905,0.0098053272654438,0.036185428458432,-0.0220736289037387,-0.0287449754849293,-0.0401728659340341,-0.0145559151578538
Kevin Turner,-0.0087976276106766,0.056624470575628,0.0007410741320494,-0.0442464861446987,0.0227544134296088,0.0034786923292664,-0.0042157606553602,0.0061186984916989,0.0287909379045515,0.012286087157174,0.0248522654404457,-0.0374939474088225,0.0204683510741156,-0.001234482576456,0.0130433949893002,0.0008051952281947,-0.0089054665217759,0.0520002584748414,0.0281899551613345,0.0451219977568443,-0.0533132876599818,0.0600825094311923,-0.0493811782104865,0.0471361171654445,0.0478612839389922,-0.0060031319660748,-0.0008352578749703,-0.0228102004224379,-0.0274845445957024,-0.023602679776558,-0.027510585910535,-0.0071041469807016,-0.0306404674480528,-0.0397902738030551,0.0079854931062215,-0.0445093526769624,-0.0163190873503964,-0.0027906715733196
Khari Blasingame,0.0388381650269341,-0.025561119296109,-0.0188844216612742,0.01264674762587,0.0202084345611419,0.053685533174202,0.0012195893653763,0.0007060313268995,-0.0033455216964317,0.0039495861624749,0.0081517684503692,-0.0099246106848131,-0.0059980755546973,-0.0050512804820973,-0.0062051123534586,0.0007842379366518,0.0014884091709838,0.0027110303631737,0.0113189925021138,-0.0031775003568363,0.0152800635324104,0.0205801844267027,0.0187763694825853,-0.0051444350163007,0.0200953071409104,-0.0063314524450286,-0.0208549412598797,0.00363223251436,-0.0093684104586546,0.014692445072221,0.0062232274105413,0.0056461638470561,0.0008391910449661,-0.0176563961130954,0.0118606034317489,0.0026607655625751,0.0020039458325128,-0.0025152572858577
Khiry Robinson,0.0097531044490592,-0.0327891210058405,0.0224977413971826,-0.0098357781162667,-0.0009786929321625,-0.0030787036363214,0.0025591468270196,-5.629076454684946e-05,0.0398008833133589,-0.008725483001404,-0.0077181777729369,0.0104878516343418,-0.0074938193223577,0.0039429063079293,0.0086544754956882,0.0208679248646214,0.0020373406076451,0.0112575274174926,0.0112010109056833,0.0154972937582258,-0.014902874585967,0.0056517302040982,-0.0135264370927636,-0.0016816477637726,0.0204329345656604,-0.020113337433638,0.0154185031818774,0.0341257170678244,0.0522035194264009,-0.0337206882046697,0.0012109606524926,-0.0294367608672254,0.0138849708411837,-0.0129574094586129,0.0094876627057347,0.0235523057177813,-0.0200114480029199,-0.0178401979032233
Ki Jana Carter,0.0037549736328443,-0.0049243176760635,-0.0640467437547876,-0.0091686046751244,-0.0191113197952626,-0.0116117778122856,-0.0267902867353531,-0.0263667904594624,-0.0213593041561951,0.0025273272681037,-0.0091275075536748,0.0176841608555298,0.0011752413391748,-0.0012996644078692,0.0101146393577141,-0.0021187806331239,-0.0106416391732104,0.0111300386693054,0.0114384148807222,0.0177242041082061,0.0116767327599201,0.0150204127207111,0.0455551826109319,0.0233463432977499,0.0336837032053029,-0.0542455610256847,0.0442264403591693,0.044148015743313,-0.0039736148420648,0.0008952120920691,-0.0375378677579269,0.0517832701663841,0.001357737124847,-0.0116872217237283,-0.043575172142967,-0.0265608941273824,0.0241253699973512,-0.0308418199687156
Kim Jones,0.0305761042186897,-0.0005172136186018,-0.0060475095695541,0.0166177180666151,-0.0059777628122705,-0.0178691988646336,-0.0119775909753066,0.0320617349587346,-0.0336410450568614,-0.0065450975911408,0.016370959969348,-0.0086586403477745,0.0244404068402331,-0.0094868726540149,-0.0206012894461589,-0.0216612409583676,0.0286994813534031,0.0014921715133529,-0.0309580707240846,-0.0027488593682577,-0.012331962627672,-0.0140748828111968,-0.0006084150946978,0.0407826772861253,-0.0020866928639149,-0.0111782881411644,-0.0023108184271841,0.014296076023306,-0.0136179928506104,0.0029920648964995,-0.0157883389971383,-0.0087682772888183,0.0157185656702168,-0.0091132230747678,0.0166409363340314,0.0107408504514062,-0.0204260003617568,0.018032694357975
Kimble Anders,-0.0223692875645061,0.0605204686190794,0.0387034164643073,-0.0240908078755405,0.0030235617989352,0.0274342685393064,-0.0400772092990318,0.0147278665923514,0.0131560597983818,0.0022966538882115,0.045083686275224,0.003532115627723,-0.0511442106203348,0.0126807997728944,-0.0672270490273233,-0.0207011163013856,0.0351558411155348,0.032733467523637,0.0029593507342331,-0.0015608720019672,-0.0131004664862012,0.0450678822073945,0.0025088228135713,0.0539450613758323,0.0321903210879095,0.036669604033584,-0.0024267595785454,-0.0096239995940132,0.0506978538112333,-0.0066960346028126,-0.0062687629046741,0.0071120846998636,0.0267008503807053,0.0080368901357755,-0.0463770724508806,0.0039669863183498,0.0084701958068544,-0.0192163983837161
Knile Davis,4.830084691336581e-05,-0.0146433215205662,0.0179250698178123,0.0083759541166519,0.0185458095928759,-0.0081832694930702,0.0272131136812124,0.0194055471790584,-0.0331388279387057,0.008959143718718,0.0250820430209108,-0.0187105503255535,-0.0009361811128134,-0.0258001807400439,0.0132779348475305,0.0186672331407511,-0.033298666337768,-0.0060474792241065,-0.0115989141026558,0.0168886984538489,0.0426005726606212,0.0536770581039622,0.0358188818450118,-0.0152114334375103,0.0267772324553623,-0.0122367070632857,0.0062113638071999,0.0006188191267286,0.0193109365541224,-0.0081273797228657,0.0034408729009761,-0.0547703844065403,0.0159389235717509,-0.0165025166545419,0.0090108789677068,0.0022677047192643,-0.0296398136061182,-0.0047686569852718
Knowshon Moreno,-0.0321268863532644,0.0127732068622181,0.0036898937690136,0.0137528921407144,0.0344965049327181,-0.0050884073309915,0.0494769447893944,-0.0487321287492336,0.0038567703587356,0.0005527984345868,0.0114645134705396,-0.0151379988701888,0.0396581073397284,-0.0650679727567579,0.0023085137536835,0.0078954038210874,0.016997876979567,0.009288613782296,0.0002722784874745,0.0201152300677859,-0.0463813290465322,-0.0141236718042833,-0.0057260321822942,0.0049362809709562,-0.0499993504529694,0.0199146009655892,0.0217119305473785,0.0324174264038949,-0.0415957051257949,0.0220172885217212,-0.0013789908594741,0.0436095573318031,-0.031598196024119,0.0028921149148838,-0.0500907671416852,-0.0278204107891945,-0.0487977770164196,0.0782079533288109
Kolby Smith,0.0188070926301713,-0.0074139873401369,-0.0037443528369059,0.0178838856355696,0.026330180853535,-0.002791466193615,0.0124830861994632,-0.0170071957412358,-0.0032262539131625,-0.0005465167977955,-0.0204086857809,0.0122589187775282,-0.0309071228313652,0.0128519466107229,0.0058865728546208,-0.0057459131046104,0.0234800135396032,0.004833603012404,-0.0126459127925896,-0.0139896386546419,0.0056893230256499,-0.0324903167705984,-0.0019042850713654,0.0123305493928602,-0.0138485679965975,0.0229972800905959,0.0110962336803764,0.014245390158219,0.0063387823219081,-0.0113578947589638,-0.0200732015423886,0.0109277817944635,-0.030050899068382,0.0075976323973202,-0.0295963024947144,-0.0034333755687579,-0.0200612087742259,0.0128076653777904
Kregg Lumpkin,0.0214465968700536,0.0026288234748692,-0.0036362926767669,-0.0376669719671282,-0.0192594201735473,-0.0276831050658192,-0.0043337330632106,0.0201262340863006,0.0224750786666557,0.03289935241487,-0.1595141533883648,-0.0623461105624903,-0.0006045746270128,-0.0482306443319767,0.0415888661107113,-0.0388536899387301,-0.0001578939883963,-0.0188791292021548,-0.0949034859335585,-0.0254238937923744,0.0149405942278043,0.0194159096959344,-0.02309081200553,0.0404709408016144,-0.0233663220461479,0.0273584029543193,-0.049637484238982,0.0064370970140304,0.0100723881517295,-0.0190717810206763,-0.0244325230552043,-0.0197201681952613,-0.0312017169340338,0.0716083593472252,0.0188630659570735,0.0029397669098282,0.007368436005082,0.0102012381208574
Kyle Eckel,0.031638669449457,-0.0186339349072148,-0.001903036526791,0.0010836935896411,0.0140073517408178,0.0036470924829108,0.008660725658316,-0.0133312187202634,0.0077914002700345,-0.0117400465023071,0.004891952686334,0.0303089654062251,0.0040889027499452,0.0109694435792564,0.0042404348395024,-0.0188122305865299,-0.0151242441208528,0.0141072760288544,-0.0029009960269606,-0.0103083652424369,0.0043893196556476,0.0093703954259759,-0.0246846199720801,0.0103513906811123,0.0097307073623828,0.0075564865032349,0.0014119942684667,0.0153428753554741,0.0032775221735831,-0.0013067980564299,0.0050001913770532,0.0257046299104253,-0.0011221451588958,0.0130703677199699,-0.0122678372211345,-0.0200778097368132,-0.0006507829177637,0.0016259394815967
La Mical Perine,0.0282509027568748,-0.0185518655033245,-0.0202204970728145,0.0148680554456959,0.006405710578159,0.0159035228954429,-0.0026413996540079,2.8356230288388345e-05,0.0051124705905602,0.0043918082253898,-0.0058106391099511,0.0098365443583658,-0.0140063501681158,-0.0011675597936419,0.0059580836364038,-0.0024133426172515,0.0029849282753756,-0.0125996112139179,-0.0056810248521969,-0.0075033842984188,-0.0148427081846647,-0.0227174151536037,0.0025988436988233,-0.0063418812075233,0.0130037353370788,0.007080666616986,0.0253713753450402,0.000865428029163,0.0209983666925708,0.0063292675842828,0.0051116396717733,0.0014496405287357,0.0008044650244742,-0.0076812623950834,-0.0251484076778592,-0.0001267171179892,-0.0035830186034245,0.0021049201227651
Labrandon Toefield,0.015465189457148,0.0024384594175922,-0.0137403255744277,-0.0001373609825346,0.0020120972650621,-0.0046906045823893,0.0036318701257929,0.0120592921446695,0.0146875432934132,-0.0318762444742075,-0.0147625821855128,0.0096977164439637,0.0076855123907346,-0.0065066617434982,-0.0063699495426074,0.0173612716543598,0.0215863119784209,0.0042480396781537,0.0041955722355373,-0.0003134992236977,-0.006015321583736,-0.0066311650082161,-0.0169015115552872,0.0059240818427184,-0.00284605448982,-0.0193888547457885,0.0256681924477123,0.0222687874081823,-0.0013748261090312,-0.0063876816325378,0.0204461214338932,0.0123858664799376,0.0107438578907105,0.0291624701080634,-0.0085098872196694,0.0257567848872934,0.0014644201734071,-0.002937767209355
Ladainian Tomlinson,-0.1245687042939047,-0.024659949206515,-0.0183469323689513,0.0295416117157417,0.0430245493710539,0.0716544193695751,-0.0561142650146433,0.0409124821576392,0.0464297062146534,0.0228605854586151,0.0164514038959248,0.1653708235932388,0.0120851136571387,-0.0513187307448813,0.034464846437467,0.0025598542044864,0.1019071689957511,-0.0347395243698127,-0.1000866801110874,0.0541504435364097,0.1587212325929948,0.0478966818065404,-0.0081420732080994,-0.0319508089261577,0.0138003527851979,0.0566847742963047,0.0097836168474713,0.1888579092377056,-0.0580483853724679,-0.0182649161384381,0.0329992532190159,-0.006384366073543,-0.1407429941024423,-0.070775452742582,-0.0603591531942754,-0.022312426191877,-0.0563536402943039,-0.002316475105242
Ladell Betts,-0.0179311882654718,0.0273937028643795,0.0055516981832828,-0.0277263322778633,-0.0113710767513794,-0.0022472899589927,0.0223835782170268,0.0098578814792422,-0.0387083508990701,0.0239329508888018,-0.000267374875961,-0.0275020211413157,0.0046426740330969,0.0134310625189311,-0.0467802114910001,-0.0340172364703737,0.0052686566494451,-0.0376695030318675,-0.0308186615433526,-0.0475228518636435,-0.0172776001682641,-0.0419797710835955,-0.0032554554109345,0.0017452148130671,0.0170919792710496,0.0314224321130064,0.0262155012917704,0.0131016983643666,0.0209836286582245,0.0024469368020478,0.0005534103579872,-0.0145523830286121,0.0135975865024068,-0.0261280473408848,-0.0119644122247694,-0.0459488376245127,0.0543539522908542,-0.0281194338867927
Lamar Gordon,0.0079397045082353,0.0057705888186266,-0.0173498550655967,-0.0061495967688059,0.026847058211085,-0.0076515507673788,0.0198525611887515,0.0152038258205437,-0.0177806700027873,-0.0181671814754423,0.004366703697279,-0.0501543323381411,-0.0004155029593775,-0.0056372753207434,-0.0025040015022501,0.0338525364404752,0.009621124134408,-0.0169237453534762,-0.0041238255838383,0.0127040261315212,-0.0094251181460522,0.0053895425196168,-0.0034578703881435,0.0151840589890414,7.87760307426836e-06,-0.0090167222472499,-0.0194195096801443,0.0148946796230124,-0.0218956600711561,-0.0180523833408751,0.0108390952087466,0.0054316715721255,0.0115922697781387,-0.0154569023951894,0.0102703221166557,0.0531900539605284,0.0114428849560701,-0.0205605918454294
Lamar Miller,-0.0467141943814886,-0.0336768332167625,0.0662961229885069,0.0022798166968484,-0.022348269576457,0.0370789521163748,-0.0052031043692955,0.0313805131329053,0.0035065300868931,-0.0147814176889966,-0.0335802962159024,0.0093331091529693,-0.0093815158092373,0.0268552224799622,-0.0179638983206853,-0.0227884939169496,0.01338693736035,0.0200484230814668,0.0400705130985155,0.0288879758271672,-0.0347381968338666,-0.0556882829847812,-0.0283560511557527,-0.0164420492348203,-0.0139756107978203,-0.0129398303165339,-0.0013737994541888,0.0009234307527771,-0.002328102968057,-0.0011743246058174,-0.0665240213003499,0.0494387515657191,0.0464299331320426,0.0535107251717951,0.0140786568842021,-0.0261353773179488,-0.0169025213119187,-0.0283548162688117
Lamar Smith,-0.0283435281883486,-0.005187235942596,0.0444798337250343,-0.0281508313276473,-0.0470137053355833,0.0353010946443542,-0.0017249310266873,-0.0055073239849479,-0.0300980518327634,0.0279605227692332,0.0299989071204574,-0.0039887683515607,0.0245159052853812,-0.0012094838951149,-0.0018806625427908,0.0211503827087044,0.0042540238544708,0.0413026244660944,0.0266082322650053,0.0432246942976542,-0.0126460889629463,-0.0174550704368936,0.0432741474060936,-0.0604774701084792,0.0333427938244285,-0.0184086317214327,-0.0076012860018607,0.022130002787477,-0.0030871414058926,-0.1081469985118278,0.0289953496906164,0.0320765885309638,-0.0073440065690911,-0.0673503204028073,-0.026029005776805,-0.0167312290216914,0.0700838153700398,-0.0311109225177583
Lamichael James,0.0242363288823238,-0.0128810406743271,0.0054927038576866,-0.0056080357301112,0.0153900894948698,-0.029852704142269,-0.0003009722678589,0.0113248533071559,0.0015227141851134,-0.0083373052390983,-0.0078129593509749,-0.0149404289662985,0.0029015988487106,-0.0131144530645067,-0.0050893410989858,-0.0190848018750833,0.0041607172225356,0.003744628368697,0.0027187161513425,-0.0183081530996026,0.0086256576222003,-0.0167760067588652,-3.507816270024739e-05,0.0030049044690828,0.0063567122029904,-0.00011800411454,-0.0026887373610056,0.0093749616199217,-0.0113727987766064,0.0198093723177131,-0.0058787059728273,0.0254444835424669,0.0062752620927569,-0.0041537593983654,0.014602276234219,0.0088293470637144,0.0064030726242661,0.0024723591903541
Lamont Jordan,-0.0268778039646906,0.0046697528991473,0.0106701307705289,-0.030778850157706,-0.0261482572027668,-0.0068261356745227,-0.0139734833968785,0.0172692759562727,0.0047991366357642,0.0197685791845038,-0.0514905152875075,-0.0019931336252417,0.0182614682486158,0.010265051841494,-0.018056314925603,0.0088638723647635,0.0526665502818741,0.0012464042721018,0.0181133909088175,-0.0445703150180488,0.0103671286248236,0.0137385502781509,-0.0278925199793053,0.0133237535133994,0.0488933887975363,-0.0597113980930899,-0.0056050720136605,-0.0185127061683993,-0.0457089735151287,-0.0603653915821944,-0.0694745727946948,0.0101766537755042,0.0124151017780231,-0.0359251972025451,-0.0599958775407948,-0.0340219838013972,0.0752040059446509,0.0046954382939997
Lamont Warren,-0.0025183542493823,0.0206086115208745,-0.0294751228725741,-0.0336134485744917,-0.0189720241683606,-0.0192289256136441,-0.0213259831775868,0.0378604616843428,-0.0390785904728378,0.0363878430941682,-0.0307141896162735,0.0015117933009462,-0.0052627446598478,0.0257029271297119,-0.0509374208259814,-0.0452339655080593,-0.0062402113180789,0.038291518803394,0.0441006263927866,0.0329256762055773,0.006497370209694,0.0030298556857924,-0.0234879863790066,0.0134904967625846,0.0280829584814386,-0.0185295122504932,0.0507440713325148,0.0180915296296511,-0.0115650444471776,-0.0315790709195238,-0.0142849167679113,-0.0224178910828132,0.0500816224691528,-0.0242315222930655,0.0018232814501081,0.020278303976714,0.0081974956294513,-0.0239549942240702
Lance Ball,0.0187404382721517,-0.008863233441674,0.020700099962747,-0.0112058258528404,0.0013559844240808,0.0065141720524789,-0.0092325837658959,-0.0262314866289236,0.0072899814316018,0.0301108219524982,-0.0058098168721115,-0.0244015832614882,0.0222681987053591,-0.0043419824888574,0.0088930424574825,-0.0257275018352879,-0.03900041108421,-0.0061352892719166,-0.0034289863442119,0.0011430303323754,0.0156720912644367,-0.0348365915836062,-0.0181591621773658,-0.0091662942757905,-0.004735332746399,-0.0099773850764905,-0.0159821275003257,-0.0216283524015618,0.0008007494759412,0.0164150766521978,-0.0029054986468328,-0.003253434514619,0.0090150312010854,0.043362613254177,-0.0088656971557618,-0.0058312096197526,-0.0267644066502084,-0.024926341504937
Lance Dunbar,0.0069265878343568,0.0133897244787509,0.029740224325274,-0.0320078186785484,-0.0125167902304669,-0.0647989041192557,-0.0277828245237976,0.0200849794751127,0.0435884995905966,-0.0127073397378748,0.0324815755247976,0.0072318911147482,-0.022743009812906,0.0156119016949224,-0.0101052894324218,0.0056383666620071,0.045624293981156,0.0067717035575072,-0.001436587927139,-0.000445678634787,-0.0042568657797041,0.0236925593540701,0.0437511301092537,0.0084579860158932,-0.0363640224915499,0.0021308103154157,-0.0304853775562724,0.0217093256177825,-0.0145004912466419,-0.0004748356746337,0.0023912463915934,0.0089872858136388,0.0139879358559598,-0.0371140583834537,-0.0124097797836462,0.0113491147059745,-0.0420328199959685,0.0187778023479051
Larod Stephens Howling,0.004514121706818,0.0274563087766514,0.0461847630694501,0.0042094394116906,0.0109269816160085,-0.0145717357840882,-0.0314402054999852,0.0236928351924158,-0.0276504849589229,0.0122011223211984,0.0324710926238515,0.0273994860329647,0.0220499858600743,-0.0502147597733862,0.0235540634041857,0.0332799732508929,0.0010008192051909,-0.0178430680750775,0.0009649655509509,0.0145842660088586,0.0088358688106387,-0.03617584683859,-0.0109871922318432,-0.0064278822083863,0.0086537922448419,-0.0278136006597982,2.793528570386658e-05,-0.011580894672193,-0.0076138495585825,-0.0315658569133473,0.0135080371052687,-0.0049195551251834,-0.0026153204700758,0.0336581372572196,-0.0127622103930526,0.0207941163961488,0.0013147007421854,0.0138691239554509
Larry Brinson,0.0313063638806403,-0.0213293789784034,0.0010525018518091,0.0256680747727006,-0.0239131758217624,0.0047093004264812,-0.0295799677364294,-0.0012002721092381,0.0572907811527004,-0.0149239345750854,0.0089038177126418,-0.0267509210775825,0.0128534660893473,-0.0025869698383769,0.0060095637024336,-0.0162587711143502,0.01891572818712,-0.006735320927473,0.0025564059340803,0.020985467505142,0.0001808207033758,0.000663837677054,0.0201901058594319,-0.00988444071695,0.0210680051116717,-0.0139707153226954,0.0384805978795446,-0.0045200405255668,0.0167651653800894,0.0001466988565172,0.0068388829393537,-0.000616497644802,0.0115584550482735,0.0045246307578166,-0.0248059099965312,-0.0054875271220332,0.0027213721186603,0.0025116791857423
Larry Brown 7,-0.0459853861877148,0.0805711156115869,-0.0022080713298735,0.0944086694759175,-0.0028588785687205,0.0030030045728471,0.0485930832655143,-0.0123090460629821,0.0336424822911844,0.0347867625813702,-0.0397969241478537,0.0736311972292596,0.0413430069029242,-0.0636509987344229,-0.0290755271708784,0.0142099065105517,-0.0822811647415391,-0.0587026517625259,0.0583109701871189,0.0060829592478382,-0.0060581206496635,-0.0211610251023031,0.0169953628277705,-0.0473820711088051,-0.0316371383857694,0.0160203295078568,-0.0790576332036775,-0.032777551144941,-0.0403210247830118,-0.0276788082429232,-0.009912647838313,-0.0211277849829945,-0.0228349871621892,-0.0818725796539905,0.0297201181468466,-0.0184683317088284,0.0156511912245247,0.009139918921604
Larry Canada,0.0228184354593071,-0.0062618045952904,-0.004184091770185,0.0262693791079921,-0.0115550169439025,-0.021508117179002,-0.0046638940114465,0.0070987885746093,-0.0045280691137377,0.0094546335196423,-0.0054756841372652,-0.0020603405560811,0.0097850033466326,-0.0046553217107334,0.013085006448992,0.0074206815521198,-0.0347014034501236,0.0093571703734808,-0.0204555977168021,0.004349423901045,0.0061631292586191,-0.0127735823849032,-0.0209234579646677,0.0224908348998355,0.0002752867380752,-0.0036994976777129,0.0107384250329145,0.0231419352135862,0.0075608486645204,0.0150555184150897,0.0044722082568128,-0.0029074781223201,0.0157004394325448,-0.0131119151127884,-0.0207930100575476,-0.0124396194395568,-0.0024010186283241,-0.0065023592500592
Larry Centers,-0.0364130613567626,0.1179155874985906,-0.0189155271894628,-0.0399911570681438,0.0098529672825699,0.0680526664326239,-0.0261340474548421,-0.0137104967070481,0.0470509770520639,0.0073333547654137,0.0124659568940829,-0.018980889273674,-0.03951610384161,0.0089715821474949,-0.0175333602603935,-0.0316317529634933,0.0363934585158689,0.0797645320304922,0.0137378362389318,-0.051054817761149,0.0288377561233188,0.0268309047096369,-0.0413889451512984,0.0781836821801097,-0.0094969925952871,0.0152766248459965,0.0737134480709254,-0.0082194274491847,2.5922896443881637e-05,-0.0334733925940701,0.0152287393508767,0.0428808909944911,0.0018965084570485,0.0287200977002584,0.0290481967115567,0.0124996851931441,-0.0267719942811292,0.0236043078773868
Larry Csonka,-0.0141063419931359,-0.0037605719954031,-0.0580364584352516,0.0575047741772839,-0.0885560524281818,-0.0370468204239515,0.0053371513571739,-0.0636903740809283,-0.0109358967305123,-0.0050768898975191,-0.0368655575085529,0.0401658696953084,-0.0089710539748385,-0.0174044996751416,0.0224448903474067,-0.0505083041398411,-0.0728239791763317,-0.019314581632302,-0.0229401620628555,0.0366738086465857,-0.031862668070126,0.0248178183960935,0.0111717443667895,0.0041481697066019,0.008001557586042,0.0811950488238953,0.0049189678341616,-0.0012065472873283,-0.0675491470191409,-0.0027844293624451,0.083592342612676,-0.0559449730699336,0.0068218213812576,-0.0352215410157717,-0.0262233835084728,-0.034268567139936,0.0130171176759239,-0.015086531065732
Larry Heater,0.0253939956691114,-0.0031047194632027,-0.0097258663142869,0.0398745747040962,0.0164472216030636,-0.0080799561288984,-0.0002761607452572,-0.0028805511120809,-0.0474892908555842,0.0034735465055976,0.0026342905428609,0.0155061650000068,-0.0018715263080343,0.0015982095807304,0.0063452871163831,-0.0348844097906494,-0.0017570650325116,-0.0138412357958324,-0.0261935344846352,-0.0204994848915667,0.0014252997252135,0.0103492823188128,0.0145587113336798,-0.0157624201256586,0.0067138148540512,0.0398161935307333,0.0125844324259136,-0.0078409817771052,-0.018047844895344,-0.0022702803875578,0.0059211389496575,-0.0108342765601761,0.0012161834344597,-0.0220673840182761,0.0006065458536893,-0.0291531748288386,-0.0079573928900986,-0.0204160934511001
Larry Johnson,-0.0571958489350698,-0.0248227205779795,0.0397149143439044,-0.0138064958002177,-0.0165866977066607,0.0654272369558006,0.0184004314767274,0.1340330483915613,0.005721781155693,-0.0515019231039054,0.0159268512549512,0.0629003172072867,0.0096533322131986,-0.0477313608621199,0.0509152584237662,-0.0175527889204705,0.0040698390617024,-0.0105476507228779,-0.0421431399765379,-0.0290075561164947,0.003604547234508,0.0574507708635731,0.055293287275028,0.0304733233853408,-0.0186625586534834,-0.0190710252657391,-0.0103501235508665,-0.061479397632497,0.051500063752029,-0.0266518740645959,-0.052494820482771,-0.0371918562258963,-0.0512365004499171,-0.0524403364802376,0.0090330006698348,0.0818302296404841,0.0039283052805721,-0.0565681875565609
Larry Kinnebrew,-0.0175449088691779,-0.0248142738431578,-0.0067462731758284,-0.0227164929350451,-0.0361416938676921,0.0173221929399108,0.0742901381387899,0.0223757785247018,-0.0027706715641377,-0.0163780988004775,0.0089039081157907,0.0086223534199515,0.0007663558629843,-0.0494339836368074,0.0404390700330904,0.0138544459652278,0.0307125365596998,-0.0163383132983761,-0.0036034261996875,0.0405500657696582,0.038792565626864,0.0303928401552593,-0.0122226178776033,0.0081218803656162,0.0327021545985433,-0.0512211557802567,0.0330289730108901,-0.0436772646235047,0.0227998640598962,-0.0343604796402604,-0.03591968623473,0.001104517913555,-0.032508302211745,-0.009712292386059,0.0030722555884154,-0.0263496655334065,-0.0232984192855963,0.0209232463008307
Larry Krause,0.0358364747262614,-0.0126646869413027,-0.0229731961190651,0.0199316556718693,-0.007541507942574,0.0218485163773373,-0.0205942081291036,0.0224655966650735,-0.0085857608543613,-0.004969699630588,-0.027469347714037,-0.0178940890124421,0.017324196135014,-0.0098813188171715,-0.0253019731552005,-0.0287129097347748,0.0061621911373739,0.0012474521441814,-0.0453997041194227,-0.0140380263220221,-0.0067606779465352,0.0107060610654568,-0.0285267863891279,0.0135958090815042,-0.0003853606061413,-0.0146514331432897,-0.0019473972973468,-0.0023858779930489,-0.0085324460533658,-0.0199831898330651,-0.0246586098318718,0.0054741830900656,-0.0227939557820377,0.0099279803085989,0.0272844337231893,0.0143570211622265,-0.0330403001184302,0.0017817210585728
Larry Moriarty,-0.0053904739450711,-0.0163663995771334,-0.0194096475927969,-0.0081769339959685,-0.009838765259222,-0.0204667795294988,0.0254411192358759,0.0348299800004628,0.032601076992614,0.0201738155025001,-0.0228007902850314,0.0019663556276873,0.0038736164339764,0.0357040815991416,-0.0067004436652507,0.0031801487416662,-0.0292107875070476,0.0377316803802228,0.0379414921486353,0.0135388165906097,0.0152366677893758,0.0097375052527742,-0.0092958500202274,0.0253695332384262,0.0104445867989326,-0.0094222105299556,0.0031041457301503,-0.042133173384895,-0.0593656652703118,0.0030657585411732,0.0254702690414036,0.0456741867688019,0.0007198244497324,-0.0288567713224054,-0.0346592870464107,0.0212312404729418,-0.0281457458825473,0.0236975636621308
Larry Poole,0.0226188639370496,-0.0017727007400717,0.0240631014781885,0.0312036671411267,-0.0083001255575958,-0.0161758097400517,-0.0248455702340285,0.0017782863878864,0.0439727780394955,0.0202330490116831,-0.0165401473953181,-0.035088900394689,0.0178011793832088,-0.00827795798084,-0.0015235720287765,-0.0528758871778748,0.0025384398065334,-0.0021751770946165,-0.0114812566617353,0.0115086728420951,-0.0007017098849661,-0.0210605270464692,-0.0027419224414718,-0.010956041363039,-0.0048966437719525,-0.0120186431185396,-0.0084267244749099,-0.0266016015327929,-0.0102182692123044,0.0028970669440171,0.0087426521114814,0.0073096559979155,-0.0132616931214619,-0.0086517628949282,-0.0008292698725113,-0.0180035955864688,-0.0347059165310016,-0.0206118865636007
Larry Schreiber,-0.0041351773795052,0.0453567816853703,0.0078249954571296,0.0339517174419828,-0.014552334972173,-0.0259629725033441,-0.0036540159080978,0.0206119667376281,-0.0576938039587534,-0.002849826197697,-0.0331862995035169,-0.0155414153675861,0.0136906254720749,0.0058701809932998,-0.0500869340791796,-0.0654549837701345,0.0527749228728048,0.0198283532855318,0.0179392553312509,0.0009309789284758,-0.0290275347723172,0.027479358671823,-0.0430866807987665,-0.005181118121193,-0.0138868920826714,0.0468948122083608,-0.0196439704838027,-0.006446174106467,-0.0069067166245269,0.0214268612714934,0.052360521691616,0.0157211053533375,0.0018515219272265,-0.0022380305116132,0.0069518185216713,-0.0421354940043287,3.42562075127768e-05,-0.0127156864486869
Larry Smith 3,-0.0039226825170186,0.0274940657495975,0.0199523528044163,0.0495956033599499,-0.0168167675569365,-0.029872864701163,-0.0086632348991284,0.015835545411842,0.0289258702565917,-0.0078519926804583,-0.0065073969860166,-0.0180848142314716,-0.0359396473561775,0.0045742741540608,0.0099369262483657,0.0316660158903496,0.021470098623107,-0.0106833615758136,0.0435411937509473,0.0293096701342834,0.0258503849211832,-0.0146842776579282,0.0030765432794029,0.0108254909969649,0.0124146484482076,-0.0444595563885686,0.0024635381422281,0.0377391013814137,0.0262550457148512,-0.0237587959774168,0.0072543405178553,0.0125759823996152,-0.0198754640009528,0.0959385500030788,-0.0029345323572536,0.0465364679077407,0.0017857215497222,0.0165912190187539
Lars Tate,-0.003689169285567,-0.0522496012598379,0.0219337859622086,0.0155929068870562,0.0235518524415309,0.0092013691331436,-0.0296675857958091,-0.005026857383375,0.0208935744566849,-0.0235448711102911,-0.0329777136453706,0.0730345226139252,0.0301232581741091,-0.0175109790496478,0.0066346124617703,0.0206940601212671,-0.0237926928016961,-0.0042902270308247,0.0443640648761293,0.0148696451253484,0.0130941911518091,0.0501394457873328,-0.0360678460667855,0.0206570379283778,-0.0252244008380747,-0.0249021509113046,0.0313305507981464,-0.0199458768778975,0.0172915008253365,-0.018507522027789,0.0201306035530404,0.0289271309638014,-0.0041587635986575,0.007515085825151,-0.0071528912367879,-0.0102080749972725,-0.0299386031641826,0.0015389587838509
Latavius Murray,-0.0468976151838213,-0.0408006019753535,-0.0406838428314673,-0.002854441288725,-0.0253230489301119,-0.0201954607711025,-0.0252969395693116,-0.0229565281077162,-0.0065701856078738,0.0238374525117598,-0.0206061607118725,0.0287413287451799,-0.0073906087395398,0.0153002208886068,0.0205638530157028,-0.0491852124241708,0.0291335168843289,0.0619185627070594,-0.0070654429751973,-0.0174562275952028,0.0195512362238849,-0.0125377922289746,-0.0205328791314332,-0.0722159199065423,0.0593167080267881,-0.0720094416658616,-0.0003584745753455,0.0045889061069128,-0.0578184214786528,-0.0587304707088522,-0.0073043621005453,-0.0153938036054935,0.0073646175831596,0.0057995706629939,-0.0190236637648906,0.0779513442555987,0.0474866085402604,0.0378579937074464
Laurence Maroney,-0.0211197672658964,-0.0161698072330647,-0.0059629614917579,0.0050111767351735,0.0216503172552978,-0.061126286439609,0.0120684687569121,0.0471570423424232,-0.0491479002958222,-0.0166245949693557,-0.0058982777316368,0.0431469369826427,0.0512040976587831,0.0127137492777353,0.0194771449882021,0.0487650474501125,0.0387198474009296,-0.0101704882998826,-0.0026619158662309,0.0281054739412694,-0.0385231638704252,-0.0079925308574088,0.0078593528433368,0.0713916005859117,-0.0321901675990711,-0.0379273777350175,-0.029307998944316,0.0648380557656961,0.02749568728126,-0.0076177884915673,0.0465362370661205,-0.0085797242052477,-0.0781325334425588,-0.0054743281249089,-0.0360866596703313,0.0517250272313271,-0.0412463070786801,-0.0307001476528124
Lawrence Gaines,0.0207874603833483,-0.004259637074736,-0.0320006107404958,0.0481599980819029,0.00831703609067,0.0141795887791654,0.0005374912965695,-0.0064319185367677,0.0115595827407599,-0.0269003489748301,-0.0110165336692617,0.0100939944747868,0.0144109181758173,-0.0115331172371709,0.0065477290880757,0.0260009113668434,-0.0123401092616605,-0.0521035325252662,-0.0208610836957323,-0.0097758274800443,-0.0286827158502257,0.0106863475994238,0.0053409522330028,0.0125755400185152,-0.0056281195515065,0.0060241805553925,-0.0086242892198979,-1.3022153203188535e-05,-0.026015329335202,-0.0259104431806705,-0.0203606782682322,-0.0186605106165511,0.0236951893658144,-0.0126708244896998,0.0003233066679807,0.0012663159270369,-0.0222173623094663,-0.0074938168459609
Lawrence Mccutcheon,-0.0324712476123747,0.0529966226649054,-0.0392063147011894,0.0703312431216982,-0.0409811863391381,-0.0085017576487118,0.0278753867808925,-0.0059786226486698,0.0325599086689759,-0.0626252773032132,-0.0103212026613755,0.0252359914134593,0.0210719542470448,-0.0239671942200432,0.0279150176307643,0.0033094337685398,-0.0339140643721303,-0.0416995060227767,0.0394614185363106,-0.0221097110669598,-0.0058432261916328,-0.0529609762738498,-0.0349104018841911,0.0145936083970327,-0.0121875834755777,0.0277732678147861,-0.1074078516354797,-0.0199747370859606,-0.0012612730921732,-0.0033544296574717,0.0038101993526899,-0.0846982668770202,0.0020440312174152,-0.0509897101663445,0.0263412680113987,0.0149411912175449,0.0385993687259964,0.0055367477274832
Lawrence Phillips,-0.0004730110996654,-0.0400503050419909,-0.0001088219783472,0.0188465011331631,0.0147288160992435,0.0108051498289576,0.0243578573064642,-0.0294111855123921,0.0103267799495405,0.0025309952800816,-0.0011882164997713,-0.0057995729582141,-0.0138268315169804,-0.0392648204032188,0.0240931019549382,-0.0022385617051758,-0.0178686491964884,-0.017917990433085,0.0334995394796885,-0.0083287463509771,-0.0231929710803913,0.017208835963393,-0.0327496875052748,-0.0282113977143817,0.0177645726928098,-0.0122712918996005,0.0470095878768071,-0.0023229906803281,0.0185191816129881,-0.0094422797158404,-0.0068043513211252,-0.0260991679628771,-0.007970058001291,-0.0294933959307354,-0.0270286578503685,0.0137290734802889,0.0190583902957764,0.0214130406995972
Lawrence Vickers,0.0218934654562295,0.0141653224808017,-0.035554855440994,-0.0354620555146038,0.0060457852906821,0.0282171687994972,0.012212765468354,0.018145053378022,-0.0379649546280274,-0.038892997207281,0.0036638322299717,0.0318832358168195,0.0084579469398035,-0.0129405319684514,-0.0177603531536447,0.0213718546979038,0.0259528604015761,0.0325968456358133,0.0393956617764079,0.0221203662864221,-0.0453091200954262,-0.0021478086334141,0.0120037306784503,-0.0143576599776929,0.0238516567531439,0.0309268651583996,0.0433703811957175,-0.0448876317195702,-0.0082398015009649,0.0099342476194233,0.0297732229751425,-0.0138507013478101,-0.0458929358991021,-0.0243578207784945,0.036715494075596,-0.0276138752524138,0.0095513365364738,-0.0364419333155574
Le Ron Mcclain,0.000365956553059,0.0073623079636294,-0.0209453314322159,-0.0340397921089773,0.0051296720705211,0.0037469875884332,0.0301661649148691,0.0174214420565488,0.0239729851627027,-0.0189114292036632,0.0231921201858907,0.0327710193676665,-0.0060028324395406,0.0054492980324091,0.0126259407829911,-0.0098851528276726,-0.0058420439224133,0.0194629535818369,0.0386991722875,0.0523200133322428,-0.0405818718881001,0.013765363079765,-0.0187466923157358,0.012490304228993,0.0087739354890173,-0.0427091601234752,-0.0288581330980684,-0.0369426917182998,-0.0169009709356004,-0.0449712709760841,-0.0275515884976083,0.0499547907484976,0.0200492135707568,0.0013244064896233,-0.0237548099296009,0.0127267839919975,-0.0385849687830958,0.0227144571933614
Le Shai Maston,0.0239787711909442,-0.0007375830584937,0.0070805481739672,0.0025653924209768,-0.0096747991753789,-0.0328402114668399,-0.0132670965321949,0.0241533353216346,-0.0063169857313211,0.0044368595179178,-0.0250311038192521,-0.0620941752118027,0.0288990393959642,-0.0196460327325155,-0.016696694975138,-0.039890584314074,-0.0032148663703956,-0.0168432243354372,-0.0975065647028632,-0.0072645129835204,-0.000127631896867,0.0237313960198769,-0.0566776262196686,0.0259831794071858,0.0252912157805077,0.0330692757385338,-0.0177461068395784,0.0004590640775958,0.0099582984232118,-0.0048086845953231,-0.0322853081375141,-0.0159400182868146,0.0148720077705393,0.0460651081205037,0.0258498302308515,0.0173969087709365,-0.0375414063182808,0.0290485584252586
Le Veon Bell,-0.0573648708894174,-0.0024703269960058,-0.0772794529664134,0.0210576994530758,0.0198376173134901,0.0197815151890217,0.0404077809168876,0.0249822366728356,0.0354037174084197,0.0005826055654134,-0.0180536800107083,0.0234647901436034,-0.0423702204902159,0.066625843631884,0.0111253672228311,-0.0277868722651954,0.0547735318285927,0.0597337723879014,-0.0456662438794058,0.0051123477971489,-0.0239697392733111,-0.0861841370229427,0.0147083217929913,0.0253290507263834,0.0216615247391902,0.0372687877448363,0.0532791194399129,0.0268646396033784,0.0431118634444232,-0.0174554038123052,-0.0154229476163631,-0.0202728541090848,-0.0018371045800714,-0.0076614156022393,-0.0452736339126765,-0.0520291811002061,0.0207010394529554,-0.0182860739545465
Lee Bouggess,0.0079599369485609,0.0247072044105841,-0.031073932512023,0.0607831884413223,0.0331151915015627,0.0310830179142169,0.0023558973771507,-0.008399289810429,0.0080684929497792,-0.0382069466348433,-0.0152272940920853,0.0047472916581523,-0.0354691665994443,0.0124531781470631,0.0034262138026201,0.0474603022599016,0.0076697421890443,-0.0131917861845065,-0.009108552335704,0.0084175414539574,0.0247844338777094,-0.0365151584881099,0.0031051571322587,0.0188463689671253,-0.0270272807941064,0.0111189870412856,-0.0130372892290663,0.0240480696950252,-0.0031644449686195,-0.0464629138835461,-0.046900572382603,-0.026834522186493,0.0136251520554166,0.0048909753621965,0.0076047816199229,0.020399708371729,0.0367110368808664,-0.0097055065742951
Lee Rouson,0.0142117376505416,0.0208904713574166,0.0115402899402894,-0.0385731014622753,-0.0071001065908314,-0.0322457561794113,0.0326079255278717,0.0127441078644384,-0.0270230006036035,0.0207836238860759,0.0768651918779532,0.0403360696195844,0.0007993049062952,-0.0007832380920889,0.0535833061538782,0.0711336903567342,-0.0115317399908083,0.0344504043325419,-0.0305653760397492,-0.0052811708840338,-0.0124113431862376,-0.007281996004669,0.0025828857491275,-0.0047208449394465,0.0117887535927706,-9.384305477280752e-05,-0.0125908031582579,-0.0410243104926089,-0.0282510481423466,-0.0182299645649687,0.0085867784166867,-0.0093345834650038,-0.0174151645168625,-0.0374228940208658,0.0381489403171096,-0.0225454436088004,-0.0271966322964948,-0.056638497252152
Lee Suggs,-0.0002505214094991,-0.0293356086504001,0.0120761809020299,-5.432848902016006e-05,0.0161642853423466,9.209567038266831e-05,0.015372278784068,0.0285272083027553,0.0268015660142557,0.0342514060395082,0.0014222670814706,-0.0797956152800884,0.0056942104391835,0.0104937577105737,-0.0111504937338379,0.0379559008597935,-0.0645178420307828,0.0172818786036994,0.0340274625345816,-0.0099119150156252,0.0155590907172085,0.0407623911895397,0.0368910934178707,-0.0177641245784473,0.0426836272674343,-0.0271507860117528,0.0102744662219524,-0.0137058993355986,-0.0055367509069339,0.0193804643042964,-0.0031935457482496,-0.0509050888231938,0.013809015224149,-0.0464182384753062,0.017529643809589,0.0155350030040847,-0.033042224260715,0.0099248855453178
Lee White,0.0264447072191264,-0.0007260534707931,-0.0021497864355708,0.0339993982158398,0.0134584104368669,-0.0046453044547814,-0.0202792494733402,-0.0039051336772678,0.0174058857996093,-0.0182223225804702,0.0091512545491137,-0.0204927221086343,0.0137406431330408,0.0011575714025468,-0.0013405672786181,-0.0335591851905136,0.0169025834289544,-0.0090009297086858,-0.0102217382685125,0.0027724668708396,-0.0193164328680468,-0.0357796081342881,0.0042127007872548,0.0170055153444874,-0.016560173517762,0.0280903807997247,-0.0069677917830277,-0.0096838991765682,-0.028407497693052,-0.0067343573656784,0.0014088605695386,0.0015153408549772,0.0053982797714187,-0.0284885376603133,-0.0066282323466454,-0.001325724530411,0.0060776631766359,-0.0049135107134794
Legarrette Blount,-0.043093460398066,-0.069480737497218,0.0055554249766756,-0.0090416452043516,-0.0300124427534642,-0.0275019048220643,-0.0331815884024493,-0.0423846305629307,-0.0265138575025496,0.0170404439325204,-0.0133940195275525,0.0074223910786462,0.0939651855673861,-0.009269947161619,-0.0278771907230784,0.0657590237188802,0.0417724803459787,0.051366977633912,-0.0052656113438682,0.0244045236288858,0.0228657452625136,0.0061847969190301,-0.0090548544446003,0.0168087878205281,0.0070526812021087,-0.0380297148650565,0.0043194298527834,-0.0161999474659776,-0.0219264644383184,0.021041441712444,-0.0135789625121213,-0.0414311756035634,0.0201276039930358,-0.016998452798913,0.0235354930886568,-0.0749065339307763,0.0331916265993194,0.070159142791734
Lendale White,-0.0089405231341281,-0.0467025526302569,0.0453164919635489,0.0154359733790293,-0.0057600598263765,0.0301261807466732,0.0231233674625488,-0.0205077788839215,-0.014518605881513,-0.0500954974705417,-0.021344847204986,-0.0134403702185094,-0.0018798262093869,0.0051944487798382,0.0005572893248982,0.0024386444213771,0.0336566369166921,0.0118766986520508,0.0104968946512256,0.0082417269600222,0.0359218921238193,-0.0131006167292214,-0.0263942439828295,-2.2267388296127316e-05,-0.0109098801274204,-0.0050694640646847,0.0111676623295509,0.0134604843988346,0.0348032416466198,-0.0624899600150249,0.0080712490586223,-0.062425194430153,0.0212075563424833,-0.0199292429099941,0.0058735777884639,-0.0010779545065432,-0.043434370551552,0.0162163910778522
Lenvil Elliott,-0.0035537045391054,0.0553086121887227,-0.007781875909126,0.0126191981803509,-0.0401299562374938,-0.0012304772838503,-0.0227702947057442,0.0288075910391108,0.0025616405568987,0.0058230080616581,0.0060560937203381,-0.0273304683900931,0.0652526351671845,-0.0495076930499115,0.0125113943857663,-0.0097000505569519,-0.0006844201867399,0.0262379810584267,0.0157109646657988,-0.0441330286606628,-0.0390739511943007,0.0182785846042766,-0.0090586073600281,0.0089780391375179,0.0135542307935719,0.0791188735913057,0.0457351944910992,0.0142150181896521,0.0073294833851431,0.0114180402299775,-0.0097919852098473,-0.0256291242662131,-0.0018520842014697,0.0107323725465022,-0.0241929370205846,0.0104440361670037,0.0291360125521234,-0.0004488405583646
Leon Bright,0.0161856030456796,0.0052776406203318,0.0132518722731826,-0.0332587802998096,0.0460069289057721,-0.0502988581713837,0.0308848514219058,-0.0231643112023659,0.0014848875215889,-0.011123275754036,-0.0028565763921893,0.0387186956337117,-0.0343371504122284,0.029473485251842,0.0111714772460205,0.0155139101360041,-0.0321188944798009,0.0236758268147255,-0.0302127107128135,0.0134160105587578,0.0315610315417165,-0.0046117431377444,-0.0422301853428257,-0.0159197627149431,0.0279197513613636,0.0437479716027189,0.0119193811683278,-0.0028738696854711,-0.01288084396475,-0.0203477150111254,-0.0015594177434337,0.021733953201806,-0.0093335713073775,0.0010997131151526,0.0323448792135572,-0.0104949050196025,0.0384592597882987,-0.0516799142758649
Leon Johnson 2,0.0069856454735424,0.0008886164141429,-0.0306752463948681,-0.0570799208595097,0.006675353466533,-0.010237367770601,0.0125143850756125,-0.0157922822821409,-0.0074422528033992,-0.055357949629687,-0.0345260641831319,0.0323741933150727,-0.0054303431062994,-0.0093438805370875,-0.042036992039259,0.0026692725619006,0.011205285825215,0.064716539223866,0.0465068998723168,0.0383929693558352,-0.0009332818002703,0.0206251988128182,0.0199347585209128,-0.0543907950106815,0.0240326950939202,-0.0009769237373452,0.0432315657970868,-0.0268327640251261,-0.0150811533024569,0.0132741131618108,0.0207290130320392,-0.0027442495343394,-0.0992554802164355,-0.0324131851849695,0.0359202881062064,-0.0554094697874805,0.0195232611847086,-0.0838419083080924
Leon Perry,0.0181907232492547,1.4956803078187186e-05,0.0167697042710817,0.0155438561507278,0.0174251995575922,-0.0212889598180918,0.0025783856917641,-0.0030031092853475,0.000669727650222,-0.0184682435157439,0.0121556468031685,-0.0130749110363977,0.0325860768861973,-0.0048587953208999,-0.0107962763820525,-0.0242822050519596,-0.0325678703105086,0.0074860973146794,-0.0055187927457418,-0.0186631821652926,-0.0152376552258097,-0.0066454016280008,-0.0056355742720988,0.0133866421223651,-0.0179622394522454,0.0024313883480519,-0.0242482970731221,-0.0115282206897259,-0.0012106110128924,-0.0216692131607399,3.4208081189971394e-05,0.0188750252180891,-0.0195115023849688,0.00486632674557,0.0039694695940764,-0.004412758672208,-0.0050116662351065,-0.016544983314894
Leon Washington,-0.0160745918424536,0.0131075172061287,-0.0511189308266943,-0.0094456071735346,-0.0107384198379443,-0.0411008215019699,-0.0380505679411958,0.0443295324068104,-0.0016053719673979,-0.0310746997821967,0.0017547143622992,0.0057574053744036,-0.0282914166328573,0.0165499248268628,-0.0174321932224269,-0.0017996733963088,0.0138693762936255,0.0260903040866685,-0.0127091268611145,0.0339589696258619,0.0529234559354007,-0.0095641167426009,0.0583010853409456,-0.0160233437327811,0.0005981210814901,0.0162477219979272,0.0012792809700322,0.0458492552913596,0.0392840556813161,0.0225681446870956,-0.0600700308541828,-0.031345182753881,0.0046513596345629,0.0388807276651627,-0.0573286013837202,-0.0215955692166367,-0.024377327525016,-0.0010405978761052
Leonard Fournette,-0.0466327841333738,-0.0249496542107152,-0.0018300918843068,0.0327182002091045,0.0210406205411841,0.0115672262491903,-0.0477065211704045,0.0014707970548696,0.0235460648989912,0.0520527282694298,-0.0309094063243154,0.0838999028156502,-0.0521787480248659,0.0421476620955742,-0.0205676403791155,0.0184231451229612,0.0333356800531776,-0.0063978026390582,0.0381403644284822,0.0576726163130772,-0.0329843721457777,0.0457070927759632,-0.0333750404838567,0.077230895217337,-0.0414952216649957,0.044543186662337,0.0078613217639629,0.0171623242780394,-0.0190903004767102,0.0827538518485374,-0.1110140750359308,0.0431087175021638,-0.0552027713828975,-0.0358569095572427,-0.0633200442361943,-0.0452565233735642,-0.0833494809123068,0.0038082541625735
Leonard Russell,-0.033273527504032,-0.0457708826093116,0.0084758081913983,0.0065708093983938,0.0205665170301714,0.0003258269910701,0.0812271520357447,-0.0537212734281118,-0.0217211076054553,0.0421681551064888,0.0376670713905515,-0.0606463614566858,-0.0383568313716625,-0.0542760846306216,-0.0133604436017122,0.0207732708231108,0.0339796220998978,-0.0133472747299916,-0.023034790072176,-0.0185692677667491,-0.0112015437883062,0.0195741631494185,-0.050845171207818,-0.0961921947008419,-0.0428228291470533,0.0515854569961882,-0.0390780002545781,0.0005287225608792,0.0123581120675818,0.0821024765520577,-0.0194473171117742,0.0131537227068486,0.0230013937124065,-0.0476772729891041,-0.0016679523196441,0.0406209017086303,0.0243768952282964,0.003455935110084
Leonard Weaver,0.0073937513524476,0.027317597913688,0.0333999656487408,-0.01803155665397,0.0085670970705309,-0.0086108214222496,-0.0018168301890354,0.0034171368737924,-0.0174040166141525,0.0536656323266919,0.0034092732108214,0.0158247869533019,-0.0082652593139072,0.0060671177120517,-0.0183056820438237,-0.0099690512189114,-0.0117102517314594,-0.0164264031967164,-0.0159880772955158,-0.0208423007978425,-0.0059241440412355,0.0078905570192764,-0.0037042453134432,-0.0453130492291794,0.0277264170467601,0.0036661772950274,-0.0156254121227474,-0.0398579749541412,0.0073312966022259,-0.0248686628434074,-0.0138490378468193,0.0593691673418088,0.0143956143521534,-0.0143342147343215,0.0065321959523282,0.0246546667950431,-0.0560144914860582,-0.0045989763752948
Leroy Harris 2,0.0005731425512194,0.0088806477155847,-0.0054544575046209,0.0422026065996475,-0.0438505170509924,-0.0321496372165296,0.0055254388160118,0.0221020786176878,0.0178895618520637,0.0136866005618487,-0.0234606264046393,0.0053833654329834,-0.0246510520109999,-0.0006252393736133,-0.013435668878302,0.0558242822080804,-0.0463942963258369,0.0166114177998985,0.0292711582594732,0.011639457176783,0.0062813647425982,0.0244913113160859,0.0015647107322134,-0.0343093256383272,0.0179308548681516,-0.0391067122718915,0.0026340725365258,0.0191785811974166,0.0128203686198827,0.0269300694125832,0.0269337656818784,0.0598266258423455,0.0489383127279045,0.0118907516324677,-0.0178882296062329,0.0083908932146389,-0.035646715663967,0.0075274844689857
Leroy Hoard,-0.0412729389656615,0.0280089608461987,-0.0092428346466047,-0.0339302761509537,0.0059652543649599,-0.0060907360404258,-0.0028665111972946,0.0096729214602892,-0.0416758613802833,-0.0622227512619102,0.0226029879067807,-0.0809267762777185,0.0678197890531108,0.023377886253147,0.0445498206523112,0.0552793195980288,-0.0171375906704047,0.0724763849600863,0.0496184531728433,-0.0389455351175703,-0.0189793184471753,0.0535150317526606,-0.0204722836486763,-0.060207769022872,0.0340052982335191,-0.0783615509394896,0.0708008242092484,0.0269726899327266,-0.0669514322805804,0.0604596240226814,0.1227079166510252,-0.0427452060435458,0.0413562631265176,-0.0230032556808863,0.026270112771903,-0.1236973964227107,-0.0497205672661678,0.0583922547706576
Leroy Thompson,-0.0089469421463608,0.0222001115913695,0.0189859054904463,-0.0121435849258156,0.0130879305336406,0.0202185287044579,0.0462038934297156,0.0360305975519089,-0.0137664317846806,0.0133435763807877,0.0159661811252666,-0.0409815888083711,-0.0147901936940261,0.0124760095000306,-0.082651082533594,-0.0173836817529345,-0.0186099764967369,-0.0157481407406303,-0.0035549465345294,0.0257757353764351,0.0253206440553756,-0.0300285412730821,0.0092674794061634,-0.0068714551368988,-0.0209767929447439,-0.0222926012293216,-0.0061906326828688,-0.0423314996418118,-0.0143192547269483,-0.0229924825326533,0.042844138836855,0.0293070190041924,0.0214130916320001,0.0026921964851091,0.0017055596312904,-0.0848768244151156,0.0307430998399456,0.026511920626902
Lesean Mccoy,-0.092980048799819,-0.0197169200282486,-0.0341851277910605,-0.0035811118369658,0.0138370735246751,0.0500665501462367,-0.0400196595816296,0.0194662497909157,0.0121708627107648,-0.0598666723204702,0.000800699046501,-0.0031556397383482,0.0388981192475675,0.0560111431485235,0.0636206769726391,-0.0091409089584027,0.0113325189388451,0.0554064963905479,-0.0418290843879125,-0.0150145539349522,-0.0290948642101532,-0.0578868614245709,0.0513025510069008,-0.018221174669853,0.0725037054012164,0.0404267170465159,0.0187470732768315,0.0198079480824949,-0.0841530379231054,0.0552211222608926,-0.0215589152782111,0.0259290999801678,-0.1177592443016219,0.0338877872156016,0.07397303369213,0.0376292541790081,-0.0260822017345486,0.1300390074878249
Leshon Johnson,0.0055242545653978,-0.0124714056513398,-0.006965714570196,0.001643289155346,0.0041543201061987,-0.0014644664566805,-0.0475110780935622,0.0651739262747523,-0.0268763476491278,-0.0118534699010566,-0.0081581635131592,0.015584380994395,0.0098236143385081,0.0537110120307513,-0.0443929555782099,0.0039577714919696,-0.0403700589286558,-0.0107078340583572,0.0364265501716303,0.0116280421065796,0.0234180388638737,0.0150144135677607,0.0029494743678867,-0.0027070486047033,-0.042806895591308,0.0380868331019268,0.0108183425853561,-0.0186700833935132,0.0073107701217424,0.00476013144921,-0.0064852921676621,0.0530560958199809,-0.0293402036864579,-0.0232492496661913,0.028374722945149,0.0170185492585606,-0.0271363428905814,-0.0015621086497477
Lewis Tillman,0.0005132523953359,-0.0111691437875669,0.0352643635437358,-0.0064389820729278,-0.0285879405558073,-0.0303227886380521,-0.0107552060251642,-0.0354943417902527,-0.056327300704703,0.0098486576725649,0.0143863665301427,-0.0074498033626812,0.0096941449289258,-0.0182759523761398,0.0507471686187079,0.030451537002087,-0.0004891403638786,0.0207862082750815,-0.0004784495214554,-0.0229131500221176,0.0103796652755683,-0.0535519420448195,-0.0206040067559815,0.0086315437191408,-0.0018875348054894,0.0359274987214359,-0.0128446531005087,0.0009227112694062,-0.0251766808345373,-0.0025016121750409,-0.0329251875305659,0.0185963202430014,0.0199126870017317,-0.0048642243203069,-0.0262336281447776,-0.032403151234458,-0.0228341261969256,0.0589144057076159
Lex Hilliard,0.025147059807433,0.0036538905781994,-0.0111902010577523,-0.0156320302745531,0.0347724843004072,0.0088896503027049,0.0160503324561668,-0.0186073228862434,-0.0015112024093734,-0.0291866473117259,0.0004385441793391,0.0377149370598119,0.0203686210979174,0.0198519965756744,0.0216297213482733,0.0231529735047027,-0.031484381392767,-0.0059101245960449,-0.0173573653698518,-0.0136047533086422,-0.0021107700485927,0.0189374493886487,-0.0652998494418909,0.0138745867415397,0.0010416751098714,-0.0018091143621913,-0.0270618054007146,0.0304255815798592,-0.003810458704952,-0.0385702997380215,-0.0366087286625858,0.0038137684239931,0.025521772720307,0.0291582879652474,0.0025384211178715,0.0209504900817486,-0.0098878379742518,0.0042872804508925
Lionel James,-0.0185135988749574,0.0549436272883571,0.0349653804344804,-0.0142824942621686,0.0506843353348443,0.0198900460246074,0.0110236481291975,0.0329257259238684,0.0378312366262426,0.0166595266007295,-0.0076978507320282,-0.0312355575194473,-0.0063522382890808,0.0065973396285806,-0.0351328938705236,0.0057823805556948,-0.0145369423846118,0.0243640513677106,-0.0154797644029349,-0.0130512702502008,0.0208293934832113,-0.0020113133126224,0.0319065504029325,0.0088752975159093,0.03668557083746,0.0176842565034474,0.0072001725479785,0.0604768364433582,-0.0022917697917293,-0.0198030274314917,0.0720520323229145,-0.0062637525324449,-0.0327843686349799,0.0409547297168705,-0.0094646095334527,0.0418569382814819,-0.0025728572315288,0.0079959479442025
Logan Thomas,0.0230911637285849,0.0258275463952072,-0.0322183931253352,0.000327240254174,0.0715532637369582,0.0659298463948798,-0.0026910033255936,-0.0254765018995852,-0.0088815301850378,-0.0331845258330279,-0.0261465057864691,0.0246644315019575,-0.0156069004288001,0.0341204325882863,0.0171586842596159,0.0165869686621256,-0.0158461202621793,-0.0226151581985389,0.0089460961548549,0.0299642380561796,0.0180072820016306,-0.0177059854930789,-0.015295313535099,0.0135795562898166,-0.0405379258516202,-0.0274593136079291,-0.0367977179395857,0.0355785833310035,-0.000185355714122,-0.0349844186241998,-0.0392649454384338,0.018730556901597,0.0266874501692273,0.0342661794915336,0.0077429129684563,0.0339723494818572,0.0575475458244186,0.0202410679934635
Lonnie Perrin,0.0097318328710425,0.0124870688417154,0.033384871211103,0.0376606898301761,-0.0125120148868536,-0.0440270596668877,0.007901107274089,0.0111690380766599,-0.0333727830453588,0.0238352621050524,0.0251099582546219,0.01157706993843,0.0310139761161277,-0.01521452522336,0.0616091839558352,-0.0104214487641318,0.000127936912001,-0.0132678145354367,0.0233618423169951,0.0128414235342369,0.0402545216809103,-0.0318138317461463,0.0138236702803376,0.0028243487763773,0.0252117110109611,0.0030258349598851,0.0247929573444281,0.0027885088517139,0.0174979390004608,0.0156370304176878,0.0199556795363651,-0.0338186420438242,0.0263272946685227,0.0196715241890166,-0.0181128847725814,-0.0322069690989866,0.0035117470840649,-0.0345266095368912
Lorenzo Booker,0.025000905697966,-0.002451374844765,-0.0358861904899358,0.0037661587583997,0.0113808753947847,0.0206408899382239,-0.0126592839944938,0.006544324681823,-0.0189766512339665,-0.0194008486159951,-0.0459085617806823,-0.0126195020357294,-0.0280780373296771,0.0094028560549042,-0.0124333278922508,-0.0006832194907179,-0.0007308130337587,0.0084179200519586,-0.0210134607576086,0.0040976951080009,0.0315116864438818,-0.0366092574014412,0.0135075854501995,-0.0128590116447054,-0.0180030094009551,0.0037801490333178,0.011451723715145,0.0050705075214033,0.0265527650177954,-0.0016297853505007,0.0028119768104385,-0.0010157508869213,0.0014125552360844,0.0166976536134362,0.0038740973008191,0.0451355622795009,0.0454997994734833,-0.022545597044694
Lorenzo Hampton,-0.0210392939269071,-0.0145746197446165,0.0297389624668366,-0.0045808855814915,0.0215501469946022,0.0261641566340389,0.0244897415727416,0.0362109386177851,0.0242941508124311,0.0149575345596872,0.0079141609293238,0.0197542091059748,-0.0101951270486146,0.0113671009324638,0.0003887765180259,-0.0115743235384625,0.0057050011320871,-0.0280666268074014,0.0067385386242745,0.0369219598683934,0.0330865863529499,0.0055206842315426,0.014626731621262,0.0175361067157166,0.0218178665796716,0.0255601479848319,-0.0128158178613047,0.0741339451625736,-0.0189245296424673,-0.0224794809195846,0.0347208403634002,-0.0024289040088441,-0.0438411249241092,0.0324496111065837,-0.0570910381818963,0.0114226555487116,-0.0542276654474866,0.0251010376665689
Lorenzo Neal,-0.0008209602211061,0.0251416969957987,-0.0571228446519898,-0.092149942944319,-0.0624914699900136,0.0254203010374604,-0.0505559270752865,-0.0707118368141099,-0.0022753536752563,0.0471279992700555,-0.0339896222579525,0.0046922342142921,0.0476849244751577,0.0113807487991816,-0.002703960683735,0.0129496428814919,-0.0693842262964608,0.0132500092721249,0.0331137132288011,-0.0983018053285532,0.0433418991480378,0.048878113540949,-0.0481959844296898,-0.0005957055057413,-0.0686667062317792,-0.0129371867674754,0.0272311528751848,-0.0343135451415756,0.0108651942914725,0.0511246369351282,0.0088529779684376,-0.0230885348944616,-0.0720539823565294,0.0085680367628014,0.02848602180042,-0.0008863337533178,-0.007557014351178,-0.0457034725366976
Lorenzo Taliaferro,0.0158528479994216,-0.0142356021778547,-0.0035685773684892,0.0032694099416808,0.0281604120217793,-0.0282467585429746,0.0151917833387561,-0.0015863631039845,-0.0294403586865691,0.0052488463846767,-0.0169662057483668,0.0026055139937429,0.0028594284056225,-0.0178990126394745,-0.0041107165049475,-0.0197001719837527,0.0076218726943639,-0.0087116676388665,-0.0233557627996516,-0.0087631707828951,0.0130569849862838,0.0038815667507628,-0.0106833624323775,0.0065353964432062,0.0123149968554382,0.0102544743971074,0.0301236382067242,0.0263256719183252,0.0007706861893061,0.02703293009316,0.0026582872381145,0.0332422541984766,0.0258392349847004,-0.0023564237884333,0.0254037059819928,0.0059273764887527,0.0175127066825309,-0.010408671493756
Lorenzo White,-0.0262928413820674,0.0020569844325358,0.0498737110625237,-0.0148019647487465,-0.0292194785490421,0.032230416540626,0.0576830211780609,-0.0104226191308961,0.009050297872023,0.0275629793605494,0.0160349677552492,-0.0124130688800082,-0.0160777608029282,0.0145699124746486,0.0347177236997053,0.0136780974172576,0.0231280678390351,0.0120978854197471,-0.0172511124182134,-0.027458765240104,-0.0190836576273324,0.0215416453435366,-0.0176509400372421,0.0052760537685354,0.0357837073682298,0.0050261662307527,0.0021852914840592,-0.053960567581165,-0.0007071867130335,-0.041686021695188,-0.0570525787989213,-0.0122104934955302,0.002763937080935,-0.0274225054707741,-0.0078059780709511,-0.001675896094171,-0.0170833759553947,-0.0063344780857693
Louie Giammona,0.0200899592908769,0.0012464786938666,-0.0095072881981847,0.017309877080034,-0.0163393501285911,0.0123628847317749,-0.0394381624909833,-0.0386525290402038,-0.021652414127299,0.0088397297666472,0.0067611558902999,-0.0090550297622565,0.0081152970552478,0.0336136246427062,0.0076553398885931,-0.0291852575471089,-0.0280895577980849,-0.0173816690524675,0.0133697133330063,0.0041424704136963,0.0376272253815785,-0.0221106776077383,-0.0067293403073591,-0.0366773835678287,-0.0101004457039599,0.019680283576107,0.0515419593700849,-0.0030473068997182,0.0146514825032373,-0.0160506831115865,-0.0033438306339688,0.0010575861270166,-0.0065834347787291,0.0040679313878437,-0.0145957034608897,-0.0043460415651196,0.0100759561954444,-0.0165994008004872
Louis Carter,0.0157118910738517,0.0114532528336974,0.015672099360852,0.0345353763444297,-0.0033132438078482,-0.0160749061399351,0.0023400549630963,0.0171272172944242,-0.0644439238430367,0.0084768454464404,0.0062105514108601,0.0023505609707485,-0.003928753399415,0.0147545567656608,-0.0162252046327058,-0.0366638704072934,0.0507945849533152,0.0150530252126155,0.0321552744202292,-0.0103838266586162,-0.0169318526568742,0.0022817810721567,-0.0088089240938779,0.0317966073821444,0.0146061507513375,0.0120251718956716,-0.0167567247961551,0.0166821813282012,-0.0156383642525901,-0.0150788595738433,-0.0209987923539989,-0.0240168506886759,0.0029961041538302,0.0161437314878576,0.0430688086578323,-0.0007554524697258,-0.0067231733098767,-0.0078270347331462
Lousaka Polite,0.0220980604829699,0.0020259680466073,-0.015006012751614,-0.0473395927558596,0.0126940444102629,0.0099177852483027,0.0098067895405335,-0.0262122634539084,-0.0191555679190076,-0.03672921901121,-0.0354964423767082,0.0178245593750957,0.0165665996209238,0.0123657190762138,0.0165823011236054,-0.0135711747377667,-0.0076922216599472,0.0069594118313467,0.0261713483872508,-0.0147674573889028,-0.0283125911187182,0.0214449408252207,-0.0164520668079508,0.0286364094219587,-0.0413830682432996,-0.0040953661322619,-0.0479941188579466,0.0318460450779074,0.0053335364397424,0.0067290641573051,-0.0086743061255013,0.0096884879563649,-0.0080260142394494,0.0258485574509636,-0.0144322368271073,0.0034480192856889,0.0147491741415501,0.0119566801417565
Lydell Mitchell,-0.0425839183681202,0.0825069535697412,0.0358438011730358,0.0723346651982909,-0.0414547656653728,0.0711626885955399,0.0318033430030485,-0.0017496211144846,0.0680143900559221,0.0610780704290714,-0.0249959172578378,0.034357780316724,-0.0058223449903965,0.0037495852162099,-0.0375396979990685,-0.0442773547522583,0.0270095440847597,-0.0401478279432463,0.0760012356923905,-0.0314046723256779,0.0341144343677686,-0.0362106140192365,-0.0370623973387419,0.0629518823743059,0.0523911602819589,0.0580688327351657,-0.0912747129544674,-0.0137395352140754,0.0008708582439461,-0.0510667009815425,-0.0363815142468141,-0.0092182384503161,0.0379363620683041,0.0573882604055176,0.009860161121751,0.0015914092968155,0.1029159288623293,-0.0408766224097193
Lynn Bowden,0.0314637029540949,-0.0077404223357237,-0.0193154541681911,0.0074877481536596,0.0200077766749446,0.032810099929304,-0.0089710613316618,-0.0075224570199321,-0.0139073839953186,-0.0146007763543561,-0.0077952136584739,0.006367846822517,-0.0201866232488923,0.0214372959428089,-0.008572610268915,-0.0031654962995339,-0.007980269408681,0.0089318550004253,-0.0118250100392178,-0.0203961883921119,0.0263547305841823,-0.0015382366468718,0.0080083099183696,-0.0084448096758285,-0.0076701490077991,-0.0110849785981876,-0.0103132040748797,0.0141186634891985,0.0190873629962832,-0.0125147123145828,-0.0149532187482029,0.0097701586490133,-0.0094324317677842,0.0159609893569414,0.0050216497071224,0.0239003649845307,0.0242830332420531,0.0007223350940204
Lynn Cain,-0.008872362210538,0.0213553090938218,-0.0156591100502641,0.0132841124675091,-0.0172335664424846,-0.0098909826718347,0.0298193470212948,0.0134139402081065,0.0071068542837284,-0.0470172967241575,0.0075743692962884,0.01314875644177,0.0233348625735299,-0.0081677990400071,0.0018799214019433,-0.0088199096906024,-0.047708025559242,0.0149562989971608,-0.009392022293481,-0.0059897416512695,-0.0281480872445495,0.0167911844987308,-0.0354641143696876,0.0327435286406013,0.0042695295674891,0.0031464041242454,0.0030094418092134,-0.0317673133352782,0.0074382204997206,-0.0230276448110368,-0.0144124718292768,0.0554052281178662,0.0214569970738976,-0.0137769879060052,0.0020282843215905,0.0261235296073135,0.0186213300975435,-0.0055944128369212
Macarthur Lane,-0.0342620340438983,0.0640227541060946,-0.0319262541981206,0.0693720644830966,-0.0183170784637372,-0.0373998303092551,-0.0085874805503696,-0.0537506991481874,-0.005972930696948,0.0258352726173796,-0.0393041929878052,0.0184558079119586,-0.0623002826769617,0.0102387391366001,-0.0148321850312636,0.0112666020599643,-0.0563164263141604,-0.0297884786089648,-0.0113481825502883,0.0184147434507968,-0.0287696182734941,0.0572096759879981,0.0691808287617216,0.0101597742772853,0.0271940416449841,0.0093272576298858,0.0303275021383494,0.0405679914000584,-0.0348816265898591,-0.0222509200643979,-0.0321996299139921,-0.0242520257782777,0.0079060071926753,-0.037822425195392,-0.0290996696738862,-0.0759967544061185,0.0203117170659681,-0.0426548861909234
Mack Herron,-0.0021486500455403,0.0416570408279145,0.042010078966241,0.0591753020185566,0.0337241239853532,0.0076340332646746,0.0098801226988665,-0.0137262664251421,-0.021028842766045,0.0297899666508031,-0.0079427314628632,0.0236363627492467,0.0414230880307717,-0.0131648483670739,0.019408199507435,-0.0484560252408693,0.0167839987291794,-0.0137336476126804,0.0458099781123802,0.022969184294609,0.0474309951635387,-0.0340543978022263,0.002924942868269,0.0015824113717141,-0.0268805928222672,0.0197850694099173,0.0171880795203289,-0.0322217795090523,-0.0249730796385187,-0.0347796585641578,0.001805332864252,0.0145538967580666,-0.0164396262975436,0.0342798160126713,0.0414386456119909,0.0033546325420963,0.0245013357202476,-0.0285959730975466
Mack Strong,0.0008900006586269,0.0353224440941385,-0.0240303342306606,-0.0915397666939879,-0.040740290597356,0.0201082854135578,-0.0203637640530605,-0.066185164425314,-0.0178374176042512,0.005713519774137,0.0094827260113241,0.0074950173952169,0.0217532329772506,0.0235734803658035,0.0223824652112296,0.0095793773104916,-0.0227689796380074,-0.0202941617506442,0.0189416956293177,-0.051346406430946,-0.0398172268348154,0.043687103629954,0.0118052546163125,0.0212581725796457,-0.0155848409163031,0.0179906944051243,0.0083911279179416,0.0032708486333104,-0.0222184641565556,0.0005618219341435,-0.0100887954785829,-0.0105891155775797,-0.0645527277324685,-0.0102094037046522,0.0156025319303183,0.0025067281734161,-0.0472299922121485,-0.0135009546520782
Madison Hedgecock,0.0328782002081537,-0.0040984864499633,-0.0160825634649977,-0.0217840772675489,0.0318066038902863,0.0338223012199457,0.0245733638308793,-0.0038495503563646,-0.0320514215471899,-0.0082234776841455,0.0129765543735352,0.0617607054863703,-0.0251345871347187,0.0224721033743693,-0.0234236299298386,0.0241822388615479,-0.0139510990421612,0.0297724771208957,0.0010574460315218,0.0343351904515949,-0.005475960227612,-0.0053021915200812,-0.0272084520004546,0.0056668851668007,0.034774487547874,0.001655884743435,-0.0063426937651499,-0.0091295008641282,-0.0073544004203662,-0.0271497314343794,0.0018440904710378,-0.0186792244449062,-0.0040621935479474,-0.000521617571055,0.0290250864292978,-0.0220457314855965,0.0234235783021308,-0.0472218549510251
Major Everett,0.033155441854804,-0.0105049880255534,-0.0116178573973738,0.0031134887417426,-0.0008776515719616,0.02400359368107,-0.0138173758988287,-0.0042913964293359,-0.014961817216942,-0.0039161864447934,0.0184826480391393,0.0097478210626012,0.0005598498009605,0.0091730877820534,-0.0042723241137081,-0.019692511397848,0.0217448904004786,0.0020089933195648,0.0213730143702861,-0.0169252370132018,-0.0051043954392256,-0.0059565743816562,0.028731357009224,0.0086414389226685,-0.0184193145608054,-0.0030356374296517,0.0083779947933249,0.0002318520782895,-0.0159248532007965,0.0099550007529347,0.0020743280271913,0.0019630642293622,0.0042321332882019,0.0025168416539731,0.0058792094055365,0.0123283129480572,0.0047359589069424,-0.0026138356990772
Malcolm Brown,0.0106060487014248,-0.0040808082966457,0.0057813939605769,-0.0219979344688717,-0.0432689244650227,0.0031664648702118,0.0101794870937099,-0.0083933396157133,-0.0129791945694408,0.0079375624885596,0.0025722874721885,-0.0117958712834875,0.0174938431816297,-0.0052127567927749,0.0232399985415501,0.0215196645129772,0.0391924415979279,0.0101107580559938,0.0032637722957226,0.0138935807288584,0.0116084488725587,-0.0053517864288055,-0.0058335905927522,-0.0113010935220588,-0.0293903644954041,-0.0272225717668306,-0.0062103102778617,0.0066972928536688,-0.0159835509226733,-0.0095371469252727,-0.0244059495921417,-0.0344157167455192,-0.0201402074828091,-0.0069589355133274,0.0113207943875414,-0.0500817656955259,-0.0068604110270681,0.0195066520098189
Manfred Moore,0.0294589555737211,0.0048318201642321,0.0043381235836091,0.0241288679137274,0.0157723587191758,-0.0220599545947704,-0.0019903032787622,0.0229918379654927,-0.0634751065015143,0.0217351313101333,0.0221124143168445,0.0050675843171252,0.010041423196708,-0.0035548968214209,0.0357877877298114,-0.0157624164572267,-0.0001254173377985,0.000559337111909,-0.0340379289848295,-0.0043558684686023,0.0096777262543118,-0.0070733345592252,0.0034868516649155,0.0052330515793644,0.0145888526900324,0.0206041166485147,0.0209196305737162,-0.0033739071770669,-0.0034835305856384,0.010395189452704,0.0128740769297267,0.0234570556186712,0.016172284654157,-0.012022305043126,-0.0078751665859776,-0.0098276107147385,0.0083827295421351,0.0015063466217334
Marc Edwards,0.0027003630232036,0.0413385173323593,0.0102184696801743,-0.0317344580604979,-0.0001438642229117,-0.0018028883118125,0.0072875158359814,0.0196616087731521,0.0032661216233886,0.0049158030717925,0.0029915526664358,-0.0121008753327395,0.0359885718461174,-0.0239533027935365,-0.0265225164514384,0.0042740163883966,-0.0231594071965652,0.0342076931484496,-0.005216790377988,0.0099505090004543,-0.0030046433852006,-0.0021358579020726,0.0354905068514488,-0.0038793930053717,-0.0145176454622771,0.0208348113041733,0.0040834872754593,0.0292242613182507,0.0502081562976222,0.0315263354968175,0.0286511421852652,0.0227012533678894,0.01355771265961,0.0190640204056162,-0.0095318478126794,-0.0308454821566381,0.0238427572508414,0.0326822403319003
Marc Logan,-0.0046530578040609,0.0046614245370489,0.0073907352866011,-0.0449803199201123,-0.0448941224428713,-0.0190635746412989,-0.0641146046074778,-0.0457741354972525,-0.005747061848151,0.0371464936522434,-0.0001036564396489,3.8916847864495977e-05,0.0110207679644694,0.0337301169005899,-0.0014693759833356,-0.0121384711954258,-0.0440365391674069,-0.0286361249286774,-0.015308678325106,-0.0104820342153946,0.004707289735504,0.0022114414871093,-0.0423411050721891,0.0127382270310232,0.0029440577771882,-0.0207575675122601,0.0490768767252536,-0.0197165465394164,0.0301979154987523,0.0155344011906357,0.03041658441388,-0.0213343095105224,-0.0341165472045797,-0.0660544256791242,0.0047843062211757,-0.0106690532572499,0.0501173548585507,0.0679283408677735
Marcel Reece,-0.0200214850922894,0.0782870190860328,-0.0025259018629308,-0.030671602965483,0.0463028339541293,-0.0151182565432474,-0.0019135159077631,0.0423913176147215,0.0022434779294403,-0.0393410631751207,-0.0232917833632415,-0.0245034100552415,0.0185762358479076,-0.0313338888448618,-0.0133039735258838,0.0263491867028581,0.0142980929341703,-0.0113592689433549,0.0460872619114527,0.0109977066589611,-0.0282243144437016,0.0308018053350532,0.0119401846602991,-0.0318815878418919,0.0204888231217792,0.0165979438541115,0.0067980838691906,-0.0386818023254691,0.0544070185263444,0.0094454226919337,0.0180925018774185,0.051271456582569,0.0162653103251844,-0.0389825918282235,-0.0201326627894555,-0.0304522044495214,-0.0231008091144799,-0.016432156632228
Marcel Shipp,-0.0162540823992231,-0.0019484028870883,-0.0549728240587358,0.0023223236636473,0.0595123406682332,-0.0208788853632964,0.0080424410295715,-0.0104646330926906,-0.0254327759512023,0.0059654423826573,-0.0061958126124051,-0.0498980143232075,0.007630159752587,0.0468127759903021,0.0004328382053019,0.0173694237211722,-0.02894758508108,0.0150040916011331,0.0213937081386959,-0.011699517156078,-0.0065723287144074,0.06073698954332,-0.0220438749354629,-0.0276738746228887,-0.0420235742818767,0.0303774697538877,-0.0356441246734705,-0.0324811412420322,0.0284602761769463,0.0056682373958405,0.0297645636880833,-0.0090373282657224,0.0304227206081415,0.005695984101808,-0.0607082255691443,-0.0152412956762157,0.049977873520913,0.032260210765166
Marcus Allen,-0.094172622437227,0.0007449653513738,-0.1370225096458168,-0.0181653294558558,0.0586075557289625,-0.0442249642108822,-0.0514127135869252,-0.1734333639294027,-0.017041507702194,0.0189499439130397,0.0288191903593734,-0.0521311190765749,0.0990963010638181,-0.0218025534552322,0.0562192557776776,0.0272141256414162,0.0441815996587889,-0.0408739935532906,-0.0127645014327917,0.0546765280647019,-0.0562756738135981,0.0037856679323999,-0.0275354243103961,0.0013272601278191,0.005371652139591,-0.1508125348283459,-0.009581394041894,-0.0223823009196727,0.1698723800980827,0.0571243445478708,0.0530213539765776,0.1211422442343006,0.1758277580253209,0.1097946664602619,0.1917832621353942,-0.0339439053626211,-0.0523310778486731,-0.1317326432588161
Marcus Murphy,0.0374731922410532,-0.021858003149226,-0.0024351167210237,0.0148538915979675,0.0048351150109552,0.0444783275460829,-0.018339640253352,-0.0197597129927534,0.0138670242668246,-0.0103006915871897,0.0469111838168899,0.0151977558922214,-0.0023675916454057,0.0177768210775306,0.0004530024233159,0.00204856188181,0.0116217529404127,0.0115534670035332,0.0167090230087554,-0.0145121871727867,-0.0128910844367466,-0.0001626309976306,0.0157559504845564,-0.0104605611361904,0.0085974165602194,-0.0221749141047588,0.0052457024294538,-0.0048213605137047,-0.007632480104348,-7.667834722866786e-05,-0.0081282638777284,-0.0093815692864206,-0.0043723974908577,0.0138699811689026,0.0098979711545465,-0.0036719885801228,-0.0033338186578769,-0.0024665356788163
Marcus Wilson,0.0388685907130452,-0.0226085611197916,-0.0121891169586015,0.0097838875363783,0.0116447820382216,0.0420846402533961,-0.0014537044788372,-0.0012075775494676,0.0102287059771226,0.0070727259070506,-0.0135799705032115,0.0029552251167089,-0.0033786838791916,0.002454017339709,0.0209856776381431,0.0045990417588356,-0.0178033253047259,0.0087526752034325,-0.0149656734217721,-0.0097909121891629,0.00299981984648,0.0051481969595281,0.000614714076661,-0.0050683386069878,0.019162463087253,0.0003414185345223,-0.0148151361643194,0.0060375843237989,0.0151971222634832,-0.0001070562937235,0.0137582763955281,0.005842170819787,0.0036480744966977,-0.002467475645832,-0.0012751041304681,0.0003223233385605,-0.0024685313864323,0.0075205570234485
Mario Bates,-0.0252616619607005,-0.0441433152003995,-0.015735372626096,-0.01312756157778,-0.0083170084129877,-0.0499095079941353,0.0155502344580058,0.0237165826815506,0.0039695431528313,0.024970617854025,0.021129133872519,0.0343456398902416,-0.0008551320720702,0.0068063733629192,0.0304251006052655,-0.0010843429118468,-0.036773384095199,0.0090925491891513,0.04208148449024,0.0410950606587764,0.0332479207304556,0.038481486947959,-0.0532348499854211,-0.011317142369704,-0.0279472140964383,0.0019867544269494,0.0561342426849807,0.0416010612255213,0.055676841317955,-0.0350405856499008,0.0112464359332758,0.0551145451306145,0.0375283368358001,-0.0080305182314095,0.0072936845785179,-0.0617495322243532,-0.0058833473070377,0.0407254933405235
Marion Barber,-0.0457067828591587,-0.0002628059432269,0.0204318886973887,0.0006515137823485,0.0095927195846792,0.0343247839248967,0.0660209014915427,0.0117370087746358,0.0135165852740667,-0.0124122184387459,-0.0003314721667929,0.0305916389545199,0.0407436260319089,-0.0477613811981714,0.0316248761313632,0.001296570506569,0.0566696181972771,-0.0014783565626963,-0.0188538129319154,-0.0250924880763854,-0.0140046980392683,0.0483737532462866,-0.0069902060718095,-0.048670917619516,0.0094842155317185,0.0526098037322268,0.065976843859289,0.0154846946671954,0.0122447654051096,0.0449231581947921,-0.0906823924285274,0.0786607628869694,-0.0130254140755517,0.0245961895754161,-0.0124895295108678,-0.0021706201560189,-0.0229926627302321,-0.0450707730402662
Marion Barber 2,0.0208795249604163,-0.0018620736331707,0.0181635823948773,-0.0242677354365906,-0.0070467123014061,-0.0193295574535342,0.0149671153991686,0.0003290240055402,0.030237310794795,0.0093235309825346,0.0125524140532513,-0.0111467474841645,0.0074734741360206,-0.0034693644854569,0.0487629540365186,0.0269453872346512,0.0142297500758427,-0.0103461385744744,-0.0208265999090979,0.0166398953161396,0.0044804449539291,-0.0256612466072806,0.0365744454004845,0.0115722650824598,0.0220473963131609,0.0319570265989235,0.0109211931733073,-0.0063270925600262,-0.0191185775478212,-0.0006141492443052,0.0515289891717476,-0.0157238724693416,0.0256992680297887,-0.0151868420326997,-0.0140394003239745,0.0240975122179721,7.073032263176741e-05,0.0042995846640991
Marion Butts,-0.0439953808216321,-0.0645247347406084,-0.0131136178027171,0.0059719955090273,-0.0090224880894959,-0.0265103536031902,0.0389588326047521,0.0396537918535585,0.0173118479872477,0.0474325970482121,0.0150633688247869,0.0399114040617369,0.0465432311794788,0.0555995397117838,0.0417980814953397,0.0053393277496814,0.0023698202407518,0.057157074880713,0.0069299085914557,0.0222528102043173,-0.0576486015211397,0.0281885861963625,0.0529258261622319,-0.0415732729048387,-0.0468810250336269,0.0180659979933565,-0.0291044421914212,-0.0191703951280123,-0.0484605245872395,-0.0073066091103601,-0.0554599600047071,0.0040449720888281,0.0204477822448154,0.0100458344973237,0.0090445955763563,-0.0660869009615519,-0.0213637926057828,0.0051066863176527
Mark Green,0.0140711145953725,0.0016090650220296,0.0241897851428553,-0.0033530107610484,-0.0126069510644747,-0.0613021012784162,-0.0057706363036104,0.0105862470530134,0.019817577869065,0.0023189519950661,-0.0343707200314709,-0.0376517303646335,0.0337288318207143,-0.0018198419453264,0.0175585774760525,-0.0197989706106072,-0.0158812080602134,-0.0095580725547579,-0.0413858868093779,-0.0012075966020774,0.0164411500823934,-0.0074343386874185,-0.0230570635786545,-0.0067182028108509,0.0233707735830505,0.010500851372748,0.0203851087971069,0.0237252799947288,0.0228755769129873,-4.8686135352469725e-05,-0.0019769313514168,-0.0193956162617334,0.0364520467278031,0.0073629424521022,0.015598899665298,0.0113767542673371,-0.0302044282010424,-0.0038659753296995
Mark Higgs,-0.0083127392402369,-0.0409427856322464,0.0498531682935598,-0.020273313041725,-0.0294137015002032,0.0219204597376905,0.0484482895670278,-0.028698487346769,-0.0020684904244766,-0.0357750618797832,-0.0217742658219324,-0.0427860491831657,0.0153590062556116,0.0303237883069266,-0.0003748555707723,0.031472691981307,0.0189908496065649,0.0043870993855826,-0.0364463085439347,0.0065130546135548,-0.0511553967317113,-0.0708214145566857,-0.0261365257805144,-0.0381461933078034,0.0179411433839386,0.0269811451019184,-0.0187167031632834,-0.0338342978174477,-0.0425981856705129,0.0288170964709554,-0.0230035608066565,0.0306048008188495,0.0171163943225638,0.0003884243442908,-0.0027191129097535,-0.0238670473828895,0.0337311787772548,-0.019971484916718
Mark Ingram,-0.0517763027324308,-0.0279052859972798,0.0204344425978551,-0.0206199292721703,-0.0598311902472034,0.0368852391219805,-0.0058321833817831,0.0119930670640723,-0.0005565021958705,-0.0047743185969475,-0.0045825416407912,0.0359689071371205,-0.0199328658781496,-0.0165491064314637,-0.0080494007366415,0.0134393685337573,0.0040362724740323,-0.0943664259331786,-0.015027930394899,-0.0188058680165286,0.0099609584940014,-0.0249023436673255,0.0127985363033813,0.0109394379317453,-0.0275277562265708,0.0261036738894312,0.0555900838786637,0.0303559740184235,0.0502674965188644,-0.0087301615014525,0.0514310417061456,0.0493728815946501,0.0159164078658959,-0.0193698151840016,-0.0170674574577819,0.0115776813295205,-0.0569960386158915,-0.0397496257398446
Mark Kellar,0.0340269286519315,-0.0086922827751875,-0.0074076955628354,0.0251085839919777,0.0068777009691881,0.0034017278472956,-0.0177700431149599,0.0169042745883414,-0.0127757574471068,-0.0079122206760297,0.0046394434844369,-0.0107343378598799,0.0092753468984859,0.0009038248210545,-0.0146666491494648,-0.0382942239974107,0.0135466217188313,0.0018696808480311,-0.0166579866990265,-0.0116656883047266,-0.0085225263221642,0.0033148153175055,0.005218223276566,-0.0131368130757923,0.0106182647446015,0.0024844875332254,0.0091414138437739,-0.0096605425051147,-0.007512258716375,0.0018836252378896,-0.0003088769295434,0.0067347938887283,-0.00419528788602,-0.0162751118363887,0.0012283758313666,-0.0002158345606994,-0.0089359498416306,-0.0036080313716395
Mark Van Eeghen,-0.0174972812103773,0.0235137969502184,-0.0018914095292114,0.0315543909877809,-0.0865121502384022,-0.0036046888919202,0.0382781107170488,-0.0088825330116335,0.0031192308539548,-0.0019140295644086,0.0076492626597674,0.0271198178832994,-0.0019381906323265,0.0149789706243169,0.0114325741634532,-0.0345529876984029,-0.0045927280608514,-0.0066552351223742,-0.0175781783030374,-0.049567277437085,0.0191708515099186,0.0136996446379076,-0.059538886002374,0.025072870754799,-0.0329292273495689,-0.0003912080349085,-0.1454282033228811,-0.0351363127894049,0.0128945088139215,0.0047604525397174,0.0563684641098643,-0.0320434659504302,0.0292223665893527,0.0149159256876346,-0.0091781494884383,0.0559741607093909,0.0340727524706452,-0.0247445667700808
Marlon Mack,-0.0167411428421842,-0.0290127625884058,-0.0139047107820103,-0.0039889496923608,0.0042208667455507,-0.0313729383372852,0.0194931380799154,0.0384615451031695,0.019055951164516,-0.0115906876234732,0.0283819518924243,0.0434394221690768,-0.0308485464066783,-0.0056048854078892,0.0513334881474948,-0.0514357611763673,0.0017153722266975,-0.0355288597199716,0.0062686659909561,0.0222641146181358,-0.0457579726567866,-0.0349318935460022,-0.0408631000300587,-0.0558676967912486,-0.0235905814672799,-0.0125252668268583,0.0337159856717232,-0.0113560576832489,0.0221531093377014,0.042725591499767,-0.0163796108850023,0.0553231112483394,-0.0090893381292991,0.007007929558329,0.0293311880271202,0.0554671951108684,0.0318136253758536,-0.0328874638815911
Marquise Goodwin,2.45624932512549e-05,0.0665437505335144,-0.0226766943040798,-0.0608788817615396,-0.0073886988320126,-0.0434463402775062,-0.0221432673991263,0.006780083652085,-0.084120759989689,-0.0186204645490155,0.0098715384853952,0.0101981728370013,0.0324489290932676,0.031388079478966,-0.0481407872735609,-0.0444293497290672,0.040966182167064,-0.1187062965211286,-0.0121687669743213,-0.0038769598474394,-0.0378827483661397,0.0004088030889699,-0.0128239575286417,0.0077053841362702,0.0488492608373284,0.0361610842956357,0.0097060543096148,-0.0242387081827306,-0.0594064958503655,-0.038966284041225,0.0009488393138767,-0.0387493565474818,0.1665105224381182,-0.0367501483096702,-0.0067630790588933,0.0962605000227379,-0.0808429884083861,0.0553621791244385
Marshall Faulk,-0.120014746902608,0.0314070604774405,-0.0156880849021857,0.0040303757400117,0.0853138467814094,0.0427712808699345,-0.0843796570224268,-0.0203565440033873,0.0344153510417706,0.0777167404037964,0.0054005530838236,0.1086086268793459,0.0395883578799105,-0.0807073777058847,-0.13035171266238,0.0309737604953087,0.1000763350221714,-0.0922626462836215,-0.0630357711281934,-0.0730203465159301,0.0931671459147285,0.0237523020515725,-0.0553805158081766,-0.0494035759019391,0.0236720327748934,-0.0231629816825239,-0.0090898211143778,0.0089885262506122,0.0651462670540686,-0.1385232242740773,0.0955780301068004,0.0929400078646013,0.104307819579894,-0.0150701475251453,0.0246573120011583,-0.0853582235035523,0.0152369698428299,-0.0697578809599649
Marshawn Lynch,-0.0654295536118606,-0.028568188207521,-0.0637556442746086,-0.0006484998011831,-0.0303835555929026,0.0004232961950585,0.0139210434343308,0.0217126294209718,0.0027397013162422,-0.0028036564828534,0.0220337052501673,0.0480628379862689,0.0188842049091725,0.0218820699224392,-0.0390533786263854,0.0213092817033645,0.0235098770656246,-0.1060433130955091,-0.0146911797048977,-0.0544406091897956,0.0364350824673847,-0.0224160541731033,-0.0533373310958466,-0.0217222117262223,-0.0403564018594877,0.0090988999703758,0.0779648791962933,-0.0695840539174015,-0.0359365227810647,-0.0388513893734479,0.0001360940996203,-0.0357862364866703,-0.0059538011436919,0.0582832540106097,0.0476376156282316,-0.0072080086331994,-0.0436495394835697,0.0820975881742994
Martavis Bryant,-0.0051426279335726,0.0991434933474499,-0.0223850954595679,0.0031871080436395,0.0831710212294857,-0.0051649994239302,-0.0150474271204235,0.0348432439646223,-0.0279616667810938,-0.1005394356383279,-0.0160177430706542,-0.0359399356180292,0.1106736850656739,-0.034220237519957,0.0309711242662194,0.0144511232142756,0.0272571715894768,-0.0352571758341632,0.0119554362606654,0.0090860358781566,-0.1079133906724873,0.0789411645926614,-0.0393530324648485,-0.0340108436393596,-0.0019960960160679,-0.0111138960250315,-0.0143814815520398,-0.0253655235463164,-0.0151558386316772,-0.039985806652885,0.0371134547526907,-0.000948525549491,0.0153713459291789,-0.0069221246666996,-0.0828561664505887,0.0347893884639548,0.0277786076532489,-0.0175781904094316
Marv Hubbard,-0.0065086685471706,0.0033111001522491,-0.0027315438040463,0.0465963812064682,-0.0867690029672817,-0.0157860621744964,0.0218517729696342,0.0139745471638234,0.0406946007412843,-0.01491615367605,6.278148850427657e-05,0.0044581034129573,-0.0232569325374282,-0.0094807251139325,0.0425062294438358,0.0054238854821396,0.0124592432773878,-0.0182548123260397,0.0183373791377203,0.0028803655638964,0.0039594031656217,-0.0045087099886492,-0.0200263346528019,0.0295820916303821,0.031233988814011,-0.002376798599167,-0.082373374558815,-0.0305225585833583,0.0660098793730834,0.0164358703850494,0.0069528347778183,-0.0287319001143151,0.007701349678833,0.0314549654666823,0.0328715138296194,-0.014462474268741,0.0196762730265206,0.0343280669621286
Marvin Allen 2,0.0251680866832357,-0.0196305099120319,0.0171536895969454,-0.0284918327732424,-0.0068876305882639,-0.0140648289723945,0.0051414061558188,-0.0188432205475926,0.0662186293638608,-0.0174809570384225,-0.0251303440775497,0.0022200287335427,-0.0041120072495422,0.0043107329615502,0.0246640698726034,0.0023890300926525,-0.0013264713427358,-0.0010440873034713,-0.0067312224586408,0.0078675314470274,0.0016625916243895,-0.0096530638713478,-0.0187152771236947,-0.0178577480389505,0.0377355718657653,0.0141137751401359,-0.0056559773200586,-0.0028605966346389,0.0121278192981498,-0.0105683750520427,-0.0110861282896419,-0.029807586110256,0.017150056649706,0.0359574698145214,-0.0069347066530637,-0.020005997621801,-0.0097132822452132,-0.0052005551305623
Matt Asiata,0.0064356496244644,-0.005702407764218,0.0424441336444241,0.006595950835859,-0.0109045631806548,0.0287138751655578,0.0245875591510182,-0.0294642046712072,0.0096098745764388,0.0227729830991256,0.0064823044837749,-0.0180712040278211,0.0019857105000626,0.0309546178264664,0.007978918536964,-0.0026021413566463,0.0283392611174327,0.0208709487921106,-0.0065885752383163,0.0463200312081519,-0.0096702388063492,0.0477608500229224,-0.01542216979342,-0.0265535879946864,0.0063142681873301,0.0118733347836421,0.0370344924119331,0.0098281651498823,0.0063968651716141,-0.0316789390007895,0.0259237511779388,-0.0113306875709709,0.0026759833292278,0.0281770031765031,-0.0101663179654811,0.0246411880655016,0.0011238456081992,0.0066613581765302
Matt Barkley,0.0344371729569571,-0.0137425711077367,-0.053879547695134,-0.0023989122166937,-0.0461834364976259,0.1091308374798518,-0.0280437599502672,-0.0098459481335928,-0.0449417380315756,0.023226305944003,0.0602904692161542,-4.224965577337968e-05,-0.0012767277449521,0.01932773641814,-0.0013634356475954,0.0540360650915771,-0.0140244048199999,-0.0226324581711038,0.0275812190127109,0.0039393956253543,-0.013594124035362,0.0058821625457316,0.0197820526619913,-0.0049841973427523,-0.0293755462055853,-0.0023985732477365,0.0360658547695492,-0.0289801142949373,0.0054946258009316,-0.0213652182610965,-0.0013217140697298,0.0033271760940004,0.0014654322827313,0.0206943898729301,0.0152010736116459,0.0058282180885067,0.0196998700929279,0.0285427852372851
Matt Breida,-0.0166017123315423,-0.0136064746407848,-0.0170795297403857,-0.0069553639621148,-0.0001974681483695,-0.0250193341723999,0.0056755821112619,0.0475484568478395,0.006627297057501,0.0103332199550047,0.0259396275992974,-0.0459604458551062,-0.0132240704538794,-0.0077541258576058,0.0124927650938915,-0.0074405123068626,-0.0544204155421406,3.3325514554892696e-05,0.0412014920075339,0.0282265471316863,-0.0356397467557723,-0.0366913482735943,0.0203002609734679,-0.0065925522536196,-0.028806292151725,0.0103666089897352,0.0006602702289239,0.0388003829160278,0.024883579172117,-0.0230323757289116,-0.0188906839511971,0.0442980392401204,0.0232273086693662,0.0036414462406554,0.0243726991116498,-0.0171285675514715,-0.0108794585796088,0.0155572614644242
Matt Forte,-0.0906043788024385,0.0196291381134332,-0.0239468006262365,0.0216220793379353,0.0577627287552698,0.0448779865647119,-0.0284956065842472,0.0061377706295897,0.0340877015255685,0.0102418923545912,-0.0001127912107452,0.0271734318737835,0.0234144257106135,0.0791825250168531,-0.0028021559328617,0.0467048877872954,0.0499039212996602,-0.0054056777298319,-0.0426345898458395,0.0198660006778389,-0.048969120459134,-0.0561949800708376,-0.0238737406646887,0.0122520353133101,-0.0337243587947544,0.0349706706629579,-0.0830472800997726,0.112070878293085,-0.0483225640022822,0.0158352501955583,-0.0008533125606405,-0.0081938813942389,-0.058317303090374,-0.0167807337592055,-0.0697419933722358,-0.0417562651487468,-0.0486379376985421,-0.0593307363481877
Matt Jones,-0.0090129369623614,-0.0238418432552256,0.0141845725749573,0.0074822035964134,0.0564660919338568,-0.0281111774913548,0.0315382414326023,-0.0140758234855695,-0.0560232925886263,-0.0195282568454657,0.0168985692489731,-0.0710037808298472,-0.0038099622063912,-0.0144960078373691,-0.0509457855382537,-0.0025799560409633,-0.0430053802132354,-0.0235150687081862,0.024791022831863,-0.0153988183833849,0.0352979285913348,0.0252062444924005,0.0158077094680496,-0.0361082879604103,0.0013759294978127,0.0210712842199317,-0.0014593709897074,-0.0058794430869566,0.0318542488996148,0.0138844202369914,-0.0037153487179507,0.0369013201023334,-0.0053526807134864,-0.0044740109895508,-0.0112592391586261,0.026743526876209,0.0048028184536109,-0.007994365251132
Matt Suhey,-0.0151272868819545,0.0299084153950279,-0.0179163835092868,-0.0294298944006696,-0.0276001495273532,0.0114697632769007,0.041990833673303,0.0136999600792739,-0.0017017733152918,-0.0029156222777281,0.0406904960554283,0.0159118358867025,-0.0521935454968301,0.0210003580855433,-0.0025456456488892,0.0092940416790087,0.0172866013533562,0.0448713925859969,-0.0276404669849848,-0.0315346494579716,0.0191344278116498,-0.0045702209713981,-0.0046055158820616,-0.0341457087863076,0.0278524708182823,0.0097696926400138,0.023224397139327,-0.0292733529949616,0.0083570926665085,-0.0308083508299699,0.0289250458323596,-0.0003274459681414,0.0152900398800599,0.0108826058478234,-0.0390630877804464,0.0214187159689515,-0.0366145881342775,-0.0190618468182958
Matthew Slater,0.0368723489649248,-0.0157003989514001,-0.0416598867274819,0.002979134935601,-0.0356070208106214,0.0742404453773768,-0.0310317349381781,-0.0099289302724353,-0.0078624843381067,0.0178714878200685,-0.0047914998262608,-0.0050169248679423,0.0050955351266189,0.0062830790057024,0.0066327550984293,0.011701899536161,-0.0243299857047048,-0.0027736506139667,-0.0314106678768271,-0.0242119298644308,-0.0032348475098381,0.0266376864654119,-0.0325574243208146,-0.0144082208939319,-0.031593095219056,-0.0205942602372097,-0.0047790674488822,-0.0100394545173168,0.022048873456329,-0.0196759596056998,-0.0278732792622291,-0.0019422693450632,-0.0320154689936561,0.0311081091835194,0.0040729226235543,-0.0037841774846051,-0.0027154856509183,-0.0168648392755349
Maurice Carthon,0.0079678614428079,0.0159321742968837,-0.0047104966958096,-0.0407725597360897,-0.0114259187621002,-0.0093291933544417,0.0193846892666,-0.0026120271168352,-0.0254871653801108,0.0178633703541541,0.0038509617591355,0.0105156803351893,-0.0297091565083462,0.0089183326253534,0.0165198869352859,0.0088245754799792,0.0292054519730643,-0.0111806872312744,0.0132487455512197,-0.0310057118335968,0.0055691324104671,-0.0215958326755334,0.0404330274373733,-0.0044925962260035,0.011160445884449,0.0259041972788775,-0.0215977137090998,-0.0138201749599053,0.0041115008516163,-0.0056913698775028,-0.0235245248916337,-0.0079819836907003,-0.0031930526097149,-0.0318244138452096,-0.018153909896103,0.0153127764277161,-0.0078882974735069,-0.0126435328313246
Maurice Hicks,0.0014085115943693,-0.006713772327085,0.0169826754193093,-0.0004946734524016,0.0267348229635573,-0.0319181096030376,-0.0121574591000922,0.0101358729562095,0.0103836805418641,0.0106083399815125,0.0215336864631817,-0.011497277110643,-0.0204178879541518,-0.0205462726958198,-0.0200190614912989,-0.0059118180174124,-0.0016024214921144,-0.0173348430898058,0.0300736047826413,0.0147592784649616,0.0462297194870556,-0.0093262861433856,-0.0177178899952904,0.0139008901352288,0.0160943866796402,-0.0141102379521328,0.011996126907766,0.034305400778568,-0.0124087901738464,0.0018230352665611,-0.0513188699719562,-0.0103678257017948,0.0208461400888912,0.0016918029158287,-0.0009423200043753,0.017735712929164,0.001864453474928,-0.0310923311141259
Maurice Jones Drew,-0.0864683968932017,-0.0047980511415235,-0.0105478718012781,0.0141179586625997,0.0476486528249497,0.0205930636301765,-0.031258375734973,0.0027129515996754,0.0167350929749662,-0.0213497687361122,-0.0388823090936853,0.0544326248216351,0.0720575713680328,0.0543050212822758,0.0157848514393301,-0.0177307831296358,0.0078707693489334,-0.011342857222051,-0.0325176757910732,0.0093741421324827,0.0335267372804681,-0.0247623523399938,0.0394377246939478,0.0751959277627823,0.0567517272453176,-0.1472770457500603,-0.0140074750842011,-0.1386474283177265,-0.0081781219150963,-0.0321135639011796,-0.0672312505528475,-0.0102757418797836,0.0421535698683103,0.0177311221473002,-0.1056167337986369,-0.051465835140454,0.0505020934432862,-0.0069615002387737
Maurice Morris,-0.0165709959683619,0.0035084147933198,0.0256269839769566,-0.041728882151978,-0.0433301265962527,0.0020680437741512,-0.0517996924142992,0.0186392448849668,-0.0184651377752308,0.0122035918570874,-0.0308849290747884,-0.0034237177535905,0.0033767775863746,0.0016843215390934,-0.0097741264164821,-0.003903341678398,0.0098747353049995,-0.0457520470697718,0.0232537537590094,-0.0063446557463366,-0.0125080345510043,-0.0280802496505042,-0.0182674029212829,0.035748427232655,0.0062873177462507,0.0163378035014645,-0.0214248097526484,0.0182206978200713,-0.0057343291141702,-0.0475779693462311,0.0093060844498938,-0.0058307111823576,-0.0550308809515635,-0.0335524143342176,-0.030068875928205,-0.0264934297860244,-0.0367524166090959,-0.0223079803779194
Mel Carver,0.0152072796521227,-0.0012008329643956,-0.0535638430963687,-0.0030226413572772,0.0082125726254278,0.0115344328977988,0.0169567433358343,0.0256969238302145,-0.0221751025863352,-0.0247237896941115,-0.0021430125198946,-0.0311376518082244,0.008579330481994,-0.0550913245050387,-0.0280667455475953,0.0162612448427223,0.0112926618271211,-0.0024418845989698,0.0285254294544445,0.0191855576344859,-0.0253774461225482,0.0193966815764627,-0.0322995790361161,0.0293052310194451,-0.0253987464081063,0.0090921913762037,-0.0365304237059933,-0.0046854233908733,-0.0236695548595872,0.0093306971142308,0.0124020765347796,0.0351062540473745,0.0073671220849397,-0.0059538190086863,-0.0246076375641453,-0.018942327301699,-0.0083029810049337,0.0821927810974182
Mel Gray,0.0207903097425182,0.013145985537402,-0.0085025076943016,-0.0253915625888831,-0.0075698956443583,-0.0476905923747535,-0.0029749729136315,0.0190756921715624,-0.0557372114583756,-0.0036466275628196,-0.0076485993076713,0.0041281055514484,0.0070832477013465,-0.0031813837382348,0.0087285404961033,-0.0481396739334902,0.0041935084346765,-0.0106355023853156,-0.0194145214941382,-0.0019425477509638,0.0113103672911546,-0.0200302643944326,-0.0045872901438026,0.0058931826578409,0.0126766475116498,0.0490116159455799,0.0344229643707252,-0.024564430877853,-0.0132037874633417,0.0139046924280438,0.0241978820152191,-0.0159708108959709,0.0267015957474645,-0.0059734398287527,-0.0130377208319654,0.0060850246252576,0.0165838174267214,-0.0307850428970695
Melvin Gordon,-0.0638168149577315,-0.0352877882846529,-0.0056493014354428,0.0072695104889702,0.0051440397282205,0.0430290005730784,0.0179720526108327,-0.0104085630724249,-0.0127912962352621,-0.0134274127074237,0.0309552131718276,-0.0283344643684322,0.0071024615182534,-0.0769728477852202,0.009196825091389,-0.0038538581787451,0.0323053933876909,0.0537937831848651,0.0150035435137066,0.0075848230451389,0.055095553867872,-0.0073838658784508,0.0094364343066349,0.0028002904083333,0.0522289353634723,0.022009906576486,-0.0442114115205236,0.017208916294546,0.1261649908426461,-0.0119125916612378,0.0019203572316608,-0.0257434315900545,-0.0452479006939078,-0.0906703704093613,0.0010442554501892,0.179127147092694,0.042984281024184,-0.0470099147202164
Mercury Morris,-0.011916008598188,0.0091324968524378,0.0205863178711089,0.0478571068254662,-0.0773272455875193,-0.0720140807978685,0.0084727519792766,0.0115925282808048,0.0021004713148271,-0.0221378059165838,-0.0388533462385845,-0.0070796974285717,0.0205532033430549,0.0061430426918121,0.0228668600777816,-0.0201226995787194,0.0194999074346352,-0.0442125971005745,0.0339926100970721,0.0431503542240148,0.0686308815792068,-0.0181393065175258,-0.0384699357563332,-0.0622785444156922,-0.0015559588229556,-0.0089122779793193,-0.0232637374148901,-0.0305031311512416,0.0449639852127982,-0.0200262630042827,-0.0083154774632803,0.0020401826925965,-0.0146603143983087,0.0005349167153315,0.03418437776532,0.0048535820520585,0.027762987264676,-0.0009671839080492
Merril Hoge,-0.0290666310456809,0.033531012234002,0.0089974292564695,-0.0139864757796918,0.0106186309833473,0.0421654790449341,0.0412408945518392,0.019074795531681,0.0143281661941564,-0.0105952899071536,0.0484910287283506,0.0072001370238136,-0.0069881997858759,0.0054723459712388,-0.0173108751338191,-0.0954776828926781,-0.0226718728927446,0.006616731866244,0.0176750691983614,0.0477190766854267,-0.0039891553473992,-0.0563117064733958,-0.0705519989993243,0.0483974905048631,-0.0079056874380231,-0.0790810109903911,-0.0235306219978321,-0.0868195032514447,0.0356662922178329,0.0177391939328557,-0.0095079016952397,-0.0115117526071017,0.0185319171775162,0.0192830109268981,-0.0144834564167406,-0.0618330893280974,-0.0435943048974739,-0.0262367088127452
Mewelde Moore,-0.0173672146516527,0.0508529374163053,-0.0261474356934773,-0.027281542035688,0.0045859601955748,-0.0144848655075264,-0.009683686402659,0.0049232389694571,0.0122760953801075,-0.0164545325521222,-0.0125251419519876,-0.0277483827863287,-0.0028849461036641,-0.0115832388118093,0.0142016319803095,-0.0164404302858735,0.0154982161828095,0.0426653597495461,-0.0266311989113274,-0.0026100149931515,-0.0002551005055482,-0.0923745146389647,-0.0233207798038151,0.0128763463983857,0.0048523590815444,-0.0133598012996119,0.0231868194676896,0.02655909812288,0.0565378680600917,0.0320666804815713,0.0102811526841161,-0.0416095109323763,-0.0236307418858946,-0.024139782201272,0.0343564347639726,-0.02054991928562,-0.0026795692967242,-0.0187567171342567
Michael Bennett 2,-0.0258947955995662,0.0160950380131067,-0.074850473002024,-0.0152630392671962,-0.0013423702220217,-0.0424924024450643,-0.0361256720712096,0.0447773584980077,-0.0063541786731978,-0.0077585574737983,0.020745168030972,-0.0139166456120872,0.0179453650774632,0.0046609696412296,-0.0286234352124492,-0.0036029861219671,-0.0216713222675606,-0.0139566245483984,-0.0051085622283374,-0.005492795659231,-0.0021930398173157,-0.0506827316930962,0.040676729828383,-0.076799760981748,0.0501789368752211,0.0144702871535793,-0.0030091405493656,0.0569889853734464,-0.0116357154422566,-0.0769467597877198,0.0542513835970176,-0.0471826184560873,-0.0087084440961037,-0.031291371176495,-0.0301304329592694,-0.0780573630188955,0.0284724077840426,0.0548416576994416
Michael Bush,-0.0284780582073527,-0.0060485287222706,0.0410348528368222,0.01151963355494,-0.002671118299264,-0.0219665249871936,0.0124644258511734,0.0027726754317639,-0.0224242489993229,0.0298084966164817,-0.0182133280768878,0.0363616378011612,0.0096026762364698,0.0445101754744898,0.0150129651473555,0.0240063228686826,0.0167928972035023,0.0239968221631623,-0.007724612928834,0.0294583306633231,0.0322533364041111,-0.0053555077773483,-0.0512926348099464,-0.0541020506337386,-0.0155644503606377,-0.0238624976167352,0.0123726417987281,-0.0207606467547485,-0.0391018134302163,0.0252945071573783,-0.0229594347681016,0.0333178596251914,0.0286244788683393,-0.0225351939142837,-0.0234151585570711,0.0291206531534426,-0.000263942387949,0.0135900788872308
Michael Haddix,0.0015481867400854,0.0172861849133897,-0.0247817083440519,-0.0145888264153858,-0.00263722621653,-0.0004694830725893,0.0047967968231373,-0.0118375243379062,-0.0235620401249696,0.0004152055314773,0.0179482021396651,-0.0235497030591707,-0.0564787064828392,0.0058001329752183,-0.0091926588567861,-0.003264038847009,0.0346891547931105,0.0190757656089396,0.0137398820553817,0.0046542755473569,0.0494990160191922,-0.0385053389800172,0.0280852009588489,0.0005503513080439,7.702727417895159e-05,0.0188900543522857,-0.0184120176453553,-0.021326191507366,0.0103047652939447,0.028093862609272,-0.029577021027795,-0.0168718509932137,0.0205210754941307,0.0111562149484688,-0.0147934554693631,-0.0319289053748468,-0.0134022239906142,-0.0413218155862358
Michael Morton,0.0342715672246536,-0.0135472387727389,-0.030846906225185,0.0042022016677572,-0.0168238800680742,0.0480384724250534,-0.0105195039814523,0.0122463455345907,-0.0260282481632004,-0.0045515958172435,0.0085623279685425,0.0052214874856527,0.0027712495261503,-0.0026124686667808,-0.0283080041656966,0.0136555700705082,0.0123968880476611,0.0116464694867645,0.0006041155872628,0.0248280309690809,-0.0246254400679425,-0.0011864221979225,-0.0006315472463515,0.00544209766197,-0.0032119482095694,-0.0109639336338553,0.0029332512865424,-0.0084457259930843,-0.0012307359373164,-0.0063036345085632,0.0100320475701297,0.0064066466721219,-0.0124996895524467,0.0056980328297461,0.0122426570007478,-0.0002408472136645,0.0141162900060286,0.0076168095977732
Michael Palardy,0.0430186738080158,-0.0229451450541583,-0.0275645432748167,0.0263691155169157,0.005523275930804,0.0764385385339464,-0.0108002410964864,0.00505189708367,-0.0148578868402374,0.0089237135620805,0.0190331404741908,0.0163387716556438,-0.0073048624818479,0.0074419093621874,0.0007953243249441,0.0205260460367237,0.0036363698095691,0.0085952285140027,0.0047061771249551,0.0042678170222959,-0.0159074728026412,0.0038776240056641,0.0091625483928889,-0.0101478307027693,0.0139113228094644,-0.0195220461865972,0.0038632858780139,-0.0037889040962432,0.0021659327356265,-0.0005631504673564,0.0079779357668939,0.0062611122498783,0.0020201230890936,-0.0065547909534776,0.0062587194451654,-0.0012410257599353,0.0009930995446563,0.0070082045557445
Michael Pittman,-0.0449663173515279,0.036275792062737,0.0326414030530607,-0.0282511267940283,-0.0179327001044603,0.0422526777477579,-0.0103567090069893,0.024179005326093,0.007566898964031,0.0583528067280649,0.0537266631037033,-0.0585546092796127,-0.0787332937849119,0.0106498705052008,-0.0103184901019236,-0.0170721504068821,0.0022905644886645,0.0171012615207557,0.0090515119240817,-0.0663367956397585,0.0409009507724096,0.0634192704747692,0.028738730859847,-0.0072063880613289,0.0322135570897943,-0.0546141113724445,-0.0491617093063559,-0.0375110243251511,-0.038548089896069,-0.0780147671538352,0.0358233583129538,0.0109219603749075,-0.0310675061730837,-0.0447760679248081,-0.0427803999290955,-0.0639813781906833,-0.0030293513391951,0.0347627296572184
Michael Robinson,0.0089439453281777,0.0178703132081944,-0.0080147125379141,-0.0531736334359356,-0.0033234788102368,-0.0126348098500559,0.0039710619193,-0.0242848953266119,-0.0026082298129028,0.0222889398233027,0.0202009212818032,0.0324672965060898,-0.0015403102074148,0.0079305981532485,-0.0248868638973734,-0.0053509759468513,-0.0792094816080857,0.0392079613332991,-0.0085647657883262,0.0439373538553301,0.0229091327278559,-0.039763072342138,-0.0283298385040994,0.0100120914391198,-0.0053298991796518,-0.0576414433386697,-0.0054771763474044,-0.0191853961367225,0.0286447919694735,0.0184898825748334,0.0136837708332258,-0.0230406264054785,0.018519882068674,-0.0154920856563174,0.0025262616543747,-0.0427782075730508,-0.0186160241249953,-0.0482594108434495
Michael Strachan,0.0078048227565634,0.0034794769022708,-0.0158916110443231,0.0423958993963969,-0.0304091431231746,-0.0317258777181234,-0.0093694137683679,-0.0154404549179776,0.0100866596578179,-0.0270221372378543,-0.0053185825003187,-0.0094091287370744,-0.0183094880837249,0.0054467795982487,-0.0048987032793734,0.0064680059487451,0.0154678528188626,-0.0097682191714611,-0.0248337192632611,0.0360860227772357,0.0180946405307782,-0.0409183192650897,0.018534996830525,-0.0294175838266024,-0.0472841417822186,0.0512508957238033,-0.0052947276624925,0.0096746634475487,-0.0036680990992401,0.0017653716540027,0.0127488033042935,-0.0183195206027553,0.0019268464151957,-0.0173360251223221,0.0114340195915684,-0.0118683751741847,0.0211241796323164,0.0277170748176331
Michael Turner,-0.0399712751283092,-0.0646968013798491,0.0875497769096124,-0.018823486085946,-0.074191896453612,0.0204850383275208,-0.0651750482259117,-0.0149264993825033,-0.0486231621403642,-0.0597794948651771,-0.0731499162410514,-0.0046699069216355,0.0484781273123612,0.0081350353120088,0.0296207198039018,0.0581302921352227,0.0061429258790884,0.0414185105133197,0.0211801435514166,0.0702215424481107,0.0092601837659607,-0.0212111667568691,-0.0155033400118174,-0.0327609855534485,-0.0332745362257344,-0.0058628395438732,0.0403805517424479,0.0821304387795764,0.0248333050107144,0.0025300080003875,-0.0011284528955914,-0.0083072048254614,0.0391840078817452,-0.0302987760393971,-0.0199274682657768,-0.0062232314812933,0.000704801537895,-0.0668089644159372
Michael Wiley,0.0132408838013991,-0.0050762365123531,0.0436424549095213,-0.0146626489786984,0.0346737479803869,-0.0212454944235777,-0.0516145317010115,-0.0074920010982523,0.0428358569823699,-0.0291464872497013,0.0198746578080743,0.0197263511175986,-0.0134341181715357,-0.0241702450214578,0.0211515600535367,-0.0226856178843125,-0.0165536958301568,-0.0036867861813209,0.0307524169872112,-0.00099577274923,0.0331592693296969,0.0162433826348781,-0.00944718817727,0.0198059680954299,-0.0200235520627771,0.0330714416254115,-0.0351180263661774,-0.0372391461451072,0.009394671229905,-0.0356158223847712,0.0144427591604158,0.0212073350304529,-0.0311625852767411,-0.0091494677200006,-0.042976662919005,-0.0104704586359683,-0.0151153385844778,-0.0149945898840258
Michael Williams 2,0.0243799902506299,-0.0091691119925178,-0.0383097949106718,0.0105788424118936,0.0040652530746327,0.0172674585366387,-0.002159198828558,0.0172275522691184,-0.0197660141186353,0.0038834197240379,-0.0245173808244089,-0.0068163372330163,-0.0252382946907474,-0.0086409710330199,-0.0251690725052715,0.0125061109974707,0.0006385554305012,0.0040287479433235,-0.0009425563377872,0.0002689078549462,-0.008146698239866,-0.0207487243955609,-0.004927130633484,-0.0161387121635511,-0.0115213310233934,-0.0029877539101164,0.0077766102243133,0.0045231631638115,-0.0021720810443109,0.0038085896678186,0.0158497009252556,-0.0198329832384087,-0.0095545866496118,-0.019641518565498,-0.0057638317679023,0.0130835135160286,0.001323993990365,0.0052084165611186
Mickey Zofko,0.0329952949678414,-0.0062875608988962,-3.955847118288388e-05,0.0238654844555391,0.0041040761566918,-0.0044572547112952,-0.0141619237952935,0.0174287581979869,-0.0059453381019437,0.0063939341717791,0.006684710274315,-0.0171077888763911,0.0093969564305656,-0.0050124411641301,0.016018449109279,-0.0173904971822188,0.0075765805315036,0.0064565689068218,-0.0365741546076245,-0.009423398902413,0.0003110573617739,-0.0052280077092777,0.0032797747752816,-0.0049580842835684,0.0006771849206876,0.0038095660353236,0.001990623940832,-0.0092819820672833,-0.0023557095719428,0.0048295217287705,0.0054581265254977,0.0091067900362346,-0.0010771419441689,-0.0144241756159523,-0.0052420005721641,-0.0095839292583786,-0.0055871577286397,-0.0035051959014525
Mike Adamle,0.014776417382139,0.0092855587091715,0.0114238579464915,0.023712673130768,-0.0310544493132416,-0.0085646450614353,-0.0203285491960855,0.0068534223966817,0.006161599280131,0.0120601552668026,0.0110344045532631,-0.0272745106372053,0.0055059994951837,0.0049540776247255,0.0282501920016987,0.0002631316374542,0.0180325276799127,-0.0057718299234699,0.0256897187117568,0.0266696208835514,-0.0222783204958366,-0.0180354132191781,-0.015324573802796,0.0143624961395691,0.0034245150164859,-9.93501872779542e-05,-0.0092172191909991,-0.011417126185781,0.0109565921597096,0.0017800317178056,0.015594607325727,0.0321612416533352,0.0198286039219714,0.0171638327429835,-0.0024187909261662,0.0010237467610993,-0.0065783193690551,0.0163031244307764
Mike Alstott,-0.043578283528392,0.0141670892536552,-0.0570986301636468,-0.0282985005777317,0.0156943652873564,0.0011291057010556,0.0293290748854848,-0.0360620855118515,0.0025309763908124,-0.0306534909937894,0.0246956950222231,-0.0466656061495015,-0.0025840376054579,1.6853293617014954e-05,0.0713422327366234,-0.0230261545737044,-0.0168895491053383,-0.0586567410929409,0.0058706978506431,0.0745302460834226,0.0225040402940409,0.0053355466201436,-0.0708302173697604,-0.0145128936546673,0.0014232031800353,-0.0889753988784761,0.0203392361157574,0.0416807110990926,-0.0807515312754339,-0.0790333172644353,-0.0367045426165597,0.0059293664390156,-0.0392540141177653,0.0075648969333462,-0.0047710735197275,0.0368552474499341,0.0702738448500914,0.0793959988628466
Mike Anderson,-0.0308395112204036,-0.0285699146656997,-0.0444524514916984,-0.0053306618549397,0.0144721089482194,-0.0441041603248057,-0.0188127015761757,-0.0282007846556237,0.0127144309738801,0.0781090041460656,-0.0211701796335406,0.0319265662322585,0.0543896025059989,-0.0329011979805156,-0.0094301914303735,0.0262720141180606,-0.030943226553383,0.032172535009426,0.0236158686046823,-0.0015384516318474,-0.0010262258574584,0.0187292708594258,0.0510174360216662,-0.014208774663205,0.0238339680598715,0.0074550030334134,0.0834853733382633,0.0098321076644077,0.0105277978836783,0.0266060828797801,-0.0225335606096085,-0.0039339838339174,-0.026653860082605,-0.0341509515094621,-0.056886564377065,-0.0542919902083923,0.0310608096967348,-0.0033385091284168
Mike Augustyniak,0.0124964203173429,-0.0054318811876332,0.0183063537544735,-9.147158911311592e-05,0.0290100162727607,-0.0005942487658374,0.037632166335736,-0.0314476267270055,0.0044438234679272,0.0048325288690836,-0.0100495390254248,0.0088716965700685,-0.0136719782127958,0.0211578212153591,-0.0063091211567302,-0.020224866317051,0.0097673951145496,0.0211772422112604,-0.0210677790599111,0.0134633250892385,0.0376527222611535,0.0246361100529423,-0.0375091235409608,0.0141655621751427,-0.0227114906866442,0.0289036713414805,-0.0053176840394168,0.0221997770262693,0.0135465590796628,-0.0104624126585547,0.0022839856234869,0.0207171165688992,-0.0112631408693517,-0.0085610255378621,-0.0067566115674882,0.0014356408359424,-0.0072976115162034,0.0128587378970592
Mike Bell 2,0.0013163484975117,-0.0247090203646731,-0.0146276953808923,-0.0079808919198018,0.0263522143608595,-0.0381520471972542,0.0133223405541162,-0.0066347394112811,-0.0328065007230549,0.0213227912945457,-0.0128443425771968,0.0314350593732355,0.0338162228298818,0.0404326049150138,0.0109228666267528,0.051381699704175,-0.0019389607775829,0.0120734014733069,-0.0194314779927396,0.0056923393883036,0.0326576862598934,-0.0070968067741562,0.0399938512289049,0.0602515501033779,-0.0124248319777896,0.0128992882870589,0.034559486124106,-0.034548361076352,-0.0339821692329808,0.0235845584751757,0.0010794059284637,-0.021288128740347,-0.0320696116034095,0.0431477645426425,-0.0081398503040777,0.0004137344755665,0.0073185542813544,-0.0298051959685511
Mike Cloud,0.0154154865254748,-0.0073164081571213,0.0035521467971684,-0.0392776884364177,-0.0277248776815962,-0.0268731044602283,-0.0084365824320782,-0.0141699167039799,0.0030110543753965,-0.0353472554629635,-0.0032710280882691,0.0336349130867654,0.0071624894835366,-0.0070049144373579,-0.0172968692378753,0.0008635649646268,0.0202452537411286,0.0007160988001709,-0.0019108335538929,0.0289448754350872,0.0116779053976676,-0.0023201461243148,-0.0373377606283823,0.0072877168873206,0.0033362412620162,0.0163843261010437,0.0095879444690271,-0.0035278280049663,0.0216174890263172,-0.0285051390160129,0.006417912405097,0.0098034839511685,-0.0080186853167862,-0.0175474886106864,-0.0054233847578173,-0.0224609252760718,0.0070387815547476,0.0430028038244003
Mike Collier,0.0291522708638422,-0.0102134070599219,-0.0155027953120169,0.0217032833736093,-0.0205981037909279,0.0068729778592744,-0.0200415016183674,0.0079039359142524,-0.0014363893696648,0.0103574977370575,-0.0174881898277526,-0.0166806804317479,0.0119701147191317,-0.0124304377813806,0.0043238879478864,-0.0129789447209295,-0.0068266147285407,0.0008851866431797,-0.0339287289322418,0.0032993716249344,-0.0114311794591859,0.0163249877936448,-0.0071025380028691,0.0094185849959432,-0.0059994666215701,0.0026955426339796,0.0302470265596947,-0.0188361018415946,-0.0108560869238208,0.0019518767730105,0.0011054025505331,0.0052454245235977,-0.0096678989446248,0.0296190179257972,0.0001404457517242,0.0042028637442588,7.719922553309916e-05,-0.0329941803470399
Mike Davis,0.0025110927146033,-0.0013781322174162,0.0122919535888906,-0.0080496220287172,-0.0287066815690093,0.0408012268653074,0.0078642398880238,-0.0224246274092561,-0.0295154858415013,0.017198872412037,-0.0051538122091599,-0.0179477291383455,-0.0030367791855767,0.0206127561844657,-0.0289274940850503,-0.0019231095613973,0.0426434359945519,0.0170285866057662,0.0275019693943113,0.0412140146967083,-0.0398086115204587,-0.0232873410065117,0.0269356236574351,0.0223127700243507,-0.0122763994187637,0.0067447964079185,0.0037491083195227,0.020401410016116,0.0089482497222391,0.0104775790305227,-0.0154617049524266,-0.0038171007432667,-0.0039028185531514,-0.0104438820774515,-0.0005011280573566,0.0331924262513648,0.0165517380852546,-0.0258204636798361
Mike Esposito,0.0248971192628198,-0.0139319291023588,-0.0046191306131616,0.0414716460040927,-0.0030631275070356,-0.0035310573727301,-0.0226171002333484,-0.0067776071152767,0.0384396847737931,-0.0146891262937692,-0.0216860154652225,-0.0211843561264684,-0.011108609150421,0.0078148774324139,-0.0132595587779204,-0.0197175884990534,0.0063413920062185,-0.0024999146472808,-0.0014869350722156,-0.0015478240916722,0.0061727127380864,-0.0003780215358156,0.0089522780361383,-0.003973138881594,0.0073992316899829,-0.0028537446733419,0.0293364862434041,0.0030179613723835,-0.0141647553041607,-0.0181982768622414,-0.0140223832180107,0.0105117248377822,-0.0231946832979506,-0.0006368203412117,0.0072061663816913,-0.0059527750504067,-0.0057736831022566,-0.0165050069967028
Mike Franckowiak,0.0395347264449349,-0.0158634415159714,-0.0110287469485663,0.0274857644167942,0.0097370646233528,0.0430905960690707,-0.0036914359602278,0.0155010979827848,-0.0137525961752677,0.0142352606352169,0.0190891764843727,0.0072157632541482,-0.0019819594859704,-0.0030148557519732,0.017819266232063,0.0231323304974826,0.0087040730228279,0.017874501176097,-0.0142915459899108,0.0057806969580884,-0.009370423872568,-0.0061888457191841,0.0093839605956844,0.0069258664899559,0.0038746310032597,-0.0169322923691581,-0.0061036855027106,0.0010690707332191,0.0007644783843841,0.0050720632634593,0.0116079926166508,0.014145891070733,0.0033943118497723,-0.0072110958739712,0.0065789385535049,-0.0090160342814466,0.0037971755069714,0.0096794905811601
Mike Garrett 2,-0.0084814616677427,0.0329499754126263,0.0473294401978578,0.0644936402065401,0.0044788258872126,0.0154961517587188,0.0001315357338885,-0.023374211260729,0.013825796935242,0.01253002690288,-0.0191501636335242,0.000682585854391,0.0149080095793167,0.0010028634499577,-0.0081612274504559,-0.0299593701082328,0.0491257059697173,-0.0147784491467061,0.1047277111994721,0.0082063010253993,0.0022990905166107,-0.0148241956312645,0.0107671175565858,-0.0272568183122574,0.0260524602459894,0.0009603975334354,-0.0204128242587852,-0.0165656700297602,0.0124504887673237,-0.0403156796514293,-0.0107285860189267,-0.0787248685931418,-0.0137680874043404,0.0725967201469733,0.0332574521445534,-0.0437561790230991,-0.0151888219085269,-0.0421649820908179
Mike Gillislee,0.0092666998972612,-0.0317010513516726,0.0459640516634968,-0.0103493734807738,-0.0220771370797135,0.0232833700809479,-0.0298649027884847,-0.0166241480949078,0.0121088859282478,-0.0257392589527335,0.0169720293094271,0.0233201882598616,0.0292655621974639,0.0182185596162181,0.0400951256738831,0.0218539832476191,-0.0014181881708467,-0.0290640887340761,-0.0196665997639817,0.0257208428664004,0.043376352105633,-0.0096295501769068,-0.0194526902631956,-0.0280191940609311,-0.0239705185768765,0.0367518194745651,0.0139542714191174,0.0295397933884593,0.0219991729484083,0.0251109929403831,-0.0056749568306959,0.0371708290260795,0.0247400394547243,-0.001111129159461,-0.0038439672142703,-0.0200534034549492,-0.0349051555227556,0.0094947631276644
Mike Goodson,0.0063953474329935,-0.0018400118024618,0.0230392269754397,0.0009394378372323,0.0132162886981769,0.0038523137148665,-0.0381551597526515,0.026202476264817,-0.0085168984733945,0.0097309738670231,0.0614733836662866,-0.0100568672688509,-0.0367255758544227,-0.0165397115951064,0.0022321235335363,-0.0252955576558491,-0.0160785365720789,-0.0103187760265064,0.000822010435372,-0.0141359887335514,0.0539499455510128,0.034422230913558,0.0019778764889939,0.0066808389236669,0.0175477132979809,-0.0194762594699811,-0.0240711486308215,-0.0107099903781863,-0.0405478136466886,-0.0250962158990519,0.0350153292639358,-0.0141039052564391,-0.0135315669253887,-0.0362926098234281,-0.0383549029605527,-0.0332448698887633,-0.0039386378487345,0.0266472462172777
Mike Guman,-0.0011978928689859,0.0358691184690217,-0.039730705534617,-0.0096313716625744,-0.025523410245186,-0.0143776312500222,0.0129537106250706,0.0191255953308547,-0.0184436574969185,0.0095643232586985,0.0031158408438852,0.0171411271322542,-0.0222030411149756,-0.044960898392237,-0.015207459194051,0.0255184469998962,0.0063375104345286,0.0365739046083541,-0.0596449615508572,-0.0128041546631577,-0.0022249107735612,0.0172791537927804,0.0568731318300712,-0.0081626741441543,0.0065195248121938,0.0428764213605078,0.0386718673737585,-0.0175921944467246,0.0209135820708386,-0.0099501139207024,-0.0105192517266523,-0.0362349118213792,0.0324329844617009,0.001830282124335,-0.0569328696072019,-0.0050220266646887,4.81898359028114e-05,-0.0150470231740801
Mike Hart,0.0233249823282442,0.0002217600455157,0.018063548952143,-0.0454710359905696,0.0318436661913757,-0.0502526605829983,0.0340170715465344,-0.001475184425802,-0.0445718955114223,-0.0072181569539983,-0.0311565557041693,0.0467480221595739,0.0013818320176419,-0.0012413244195505,0.0345561320503575,-0.0442446902634875,0.0077546258959947,0.0061366299920633,0.0269446673885315,-0.0415225388651014,0.0419840113554784,-0.0254733392028126,0.0026323681842728,0.05883697589145,-0.0043478965402231,0.0270125420429437,-0.0261446345653648,0.0375216937073592,-0.029577287713849,0.0031512260043732,-0.0001439732768757,0.0285543207755951,0.0171681589277413,0.0137633251965057,0.0244415543173988,-0.0078084089128575,0.0111818524271013,0.0238090209427631
Mike Hogan,0.0053725162554184,0.0170279818053677,0.002709112257936,0.0460277259486895,-0.0182046609811319,-0.0110668481025925,0.0046342594785386,0.0088765704337487,0.0201137286331245,0.0085472563949501,-0.0051640853786225,-0.0105493251292634,-0.022895488185269,-0.0005151476544218,-0.0095630986817156,0.0100349937833289,0.0082380211739039,0.0042940773614169,-0.001234099127219,-0.0264854392850384,-0.0132907138803892,-0.0146546573609537,-0.0044308024682386,-0.0465320259712481,-0.01985419932696,0.041934164396481,-0.0466988348944093,0.0010006049580429,-0.0176970480642567,0.0145158950797242,0.0505939663883244,-0.0601107578481077,0.0167018437152503,-0.0084582538349798,-0.01384455545912,0.005578183146529,-0.009112389876455,0.0017896850020284
Mike Hull 2,0.0345024287614767,-0.0137713337765695,-0.0263323447122083,0.0273621081879583,-0.0048867266897021,0.0355265362833738,-0.016226510368332,0.0150540149660792,0.0143189075663267,-0.0106797061979024,-0.0114924145811627,-0.0133610656106368,-0.0100915600721432,0.0007149748162401,-0.022597223236792,0.0140678790609953,0.0102304886190104,-0.001022520589598,-0.0356128122348972,0.0198631903956753,-0.0119500575803063,-0.0092052614460362,-0.0019078687125137,-0.0181302925284658,0.0107280404143395,0.0012096932830869,-0.0056849037978468,0.0016439893320262,0.0163894838806689,-0.0018761208052006,-0.0063823138349043,-0.0127825065086821,0.0186419447100389,-0.0002653235359123,-0.0045539929344776,-5.881454606797603e-05,-0.0003963808797937,0.0264999674601518
Mike James,0.028875169154296,-0.0233349355873589,-0.0256987132084008,0.0006914584956407,0.0065171115203727,0.0219326797554443,-0.0050179691667397,-0.000676818404176,0.0357389350340696,-0.0117439161088584,-0.0341225008034743,0.005041382359368,-0.0181524302637453,0.0047616059521074,-0.0275927618179762,-0.0081856149198177,0.0007436332963459,-0.0080746952529092,-0.0067324177173304,-0.0161155850874337,-0.0286362305355491,-0.0092479566921164,-0.0160119169909374,-0.0423434850916791,0.0092303425419337,0.0019873354876107,-0.0002906580930449,0.0011528325735803,0.0241029008866513,-0.0078677094484271,0.0008178660099595,-0.0139381306283053,0.0077853953396689,-0.0106314466722454,0.004596971421647,-0.0001560381738416,-0.0139030501703177,-0.0033570903404221
Mike Karney,0.0193782163704653,0.011867666294342,-0.0169026214334577,-0.05652880104176,0.0051033033826328,0.0240832847882923,0.0307669485147017,0.0015184617971779,-0.0045666177293184,-0.0201918971190822,-0.0113973643546062,0.0595433507209911,0.0084096326802214,-0.0084413922802968,-0.0235973256434422,0.0289108724080583,0.0208854550976478,0.0124925519928371,0.0208917860585175,0.005094637106612,0.0065072536383025,-0.0035729876298024,0.0086113449024594,0.002347688656648,0.0197154051702431,0.0409433031074129,0.0248717637526486,-0.0100679791810473,-0.0232507009531143,-0.0335052931894111,-0.0084580983900751,-0.0052768505185335,-0.034908672283277,-0.0132313778077071,0.0487136284811011,-0.0087173275350515,0.0283283178431983,-0.0214215035366008
Mike Meade,0.0269271343817168,-0.0081359164087456,8.61773424196278e-05,0.0021724636760769,0.0056386333516938,0.0268367987184219,0.0008742823024853,-0.0053214123641466,0.0397816040044393,0.0114725265820163,0.0016455804634857,0.0046631402596176,0.0107161825482196,-0.0055390741229668,0.0198711992231824,0.005017623503836,-0.0333635161761322,0.0188175479300236,0.0137084506829412,-0.0024188517899888,0.00481160441074,-0.014954352672991,0.0054264756018783,-0.0206919855013609,0.007398136812045,-0.007099078371401,0.00621230160573,-0.0009557844257064,0.0079665488233711,0.0200154564449093,0.0177779008206628,-0.0227149630187596,-0.0015625361761805,-0.0212798894446569,-0.0274842855762705,-0.0124580276979448,-0.0087091256914876,-0.0150919254243446
Mike Montgomery 2,0.010496404481102,0.0463401736389312,0.0022075888101088,0.0444006242403272,0.0567985000568615,0.015173900165399,-0.0014904813549534,0.0160710997639249,-0.0640675688754592,0.0550227998107838,-0.0348510478982094,0.0046588111767988,0.0028254385531248,-0.0101865928931961,0.0371686015720622,0.0273586602510493,-0.0599430450222045,-0.0279767845777504,-0.0233765156960552,0.0734090555240132,0.0051328126166928,-0.0521065054023016,-0.0362796089009757,-0.0174264322684808,0.007805663157091,-0.0116175956764705,-0.0090379336728759,-0.0156544219106776,0.010982643187705,-0.0173662804837708,-0.0091079025649354,0.0109386215484082,0.0269045439816537,0.0306765289413981,-0.0017917460727341,0.016702477273593,0.0024709638125054,0.0198028723150884
Mike Pruitt,-0.0278126028610686,0.0048159918304642,0.026924553751156,0.0152755876774634,-0.0909991681593554,0.0444431006224393,0.0456961613361772,-0.0317079978923482,0.0060879587253245,-0.0299280846037031,-0.0024497462641478,0.0032412808113482,0.0147850107094705,0.066381516115564,-0.0434543815188152,0.0305352150598333,0.014137648203694,0.0291620622252087,0.0042459905303794,-0.0123062405510026,0.0139532312986087,0.0013893176467729,-0.0638236515788859,0.0105904878667588,-0.0180900407109494,0.0015245161927006,-0.0464726634204996,-0.0085575814600505,0.0368978751022917,0.0077509592185382,0.0306423378218636,0.0251349910151317,0.0624025309811166,0.0413776922068737,-0.0691867425820484,0.0340443520198894,-0.006791044013482,-0.0537567567795485
Mike Rozier,-0.031627316950211,-0.0392044611856335,0.0088340595269901,-0.0018592188779735,-0.0103915781407624,0.0012515280702031,0.0759800684954909,-0.0079899083169759,-0.0354702716941457,-0.0339225193292557,0.0252402498800787,-0.0437657211203109,-0.0174324949548968,-0.0065302365254399,-0.0267732243003628,-0.0323541119904003,-0.0140500414659593,-0.0245827570080134,0.0193313025530394,-0.02029948990683,0.0323993655384507,-0.0080400319386731,0.0418402819632397,0.0151902391172555,-0.0075736036688051,0.0196491856700259,-0.0141427334146035,-0.0884809632287862,0.0496010805188628,-0.0420430520368695,0.0308402554449373,0.0308964432410482,-0.0184696513810131,-0.0101627896848502,-0.0396467492844533,-0.0459297522612486,-0.0126419281628455,-0.0228467299405333
Mike Thomas,-0.0289375272227192,0.0708313929908623,-0.014385945369893,0.0784451289817492,0.0210849778273499,0.007427305712109,0.0280271629184325,-0.0169754289026299,0.0286663719927053,-0.0429960883935558,-0.0132550770557315,0.0133690262204472,0.0496958311996824,-0.0465280225926596,0.0606553503208725,0.0150499039811353,-0.0129875925678355,-0.0141242722177136,0.0615849994894432,-0.0135738085753056,-0.0694342414137372,-0.0160191477976955,-0.0225831377071313,0.0418693759734078,-0.0358123886640127,0.1305692430737756,-0.0290557174809374,-0.0097789119824825,-0.0741950299564534,-0.0041420740120022,0.0228769657983113,-0.0141407221951507,-0.0517356264369209,0.0027310592790769,0.0616021173123832,0.0468389755135734,0.0482206443930511,0.0543915592221936
Mike Tolbert,-0.0226871342438418,0.0385085760772436,-0.0379574180078266,-0.0374510243222001,-0.0066976206466957,0.0032930451183708,0.0263380285319234,0.0214661436789759,-0.028263081439498,-0.0505744566100487,0.0006095919249891,0.0136132447456918,0.0085901225341847,-0.0147618250075543,0.0117083420381176,-0.0818670069819815,0.0176984011415034,-0.0004413393433517,0.028996959477692,0.0194508891266966,0.0166570018547335,0.0107211940602436,0.0013106096218061,-0.0334031865531555,0.0297838865578109,-0.0488005776675576,0.0431161417652303,-0.0566574932267631,-0.0091723002952026,-0.029456797795263,0.0504124468665342,-0.0160273373568523,0.0157302601547325,0.0313133373495216,-0.0643986129133173,0.0421553101230974,-0.0013184782989268,-0.0117605637772743
Mike Williams 8,0.0284855458486055,0.0005647104540221,-0.0193314693819422,0.0373631858020921,0.0254077551921604,0.0312223958658573,-0.0134229117050896,0.0043939457590425,-0.0111147388274443,-0.0065102384913002,-0.0187404588199875,-0.0036012845383462,0.0266805002067885,-0.0109135107875484,0.0086226446530692,-0.0049225034043957,-0.0221151358302876,-0.0200370459971622,-0.000374853744429,0.0108120687835265,-0.0292314364281573,-0.0110167369527664,-0.022533321055802,-0.007106593105592,0.0059990938559418,-0.0071906870603754,-0.0106295951252445,-0.0132735883035935,-0.0100082215515939,-0.023223394015195,-0.0028820559436918,-0.0014638041934682,0.0114430943489225,-0.0091996623575387,-0.013264277961175,-0.0022999078954685,-0.0167313178325902,-0.0059225812653906
Moe Williams,-0.0040357394428993,0.0125321081219999,0.065964967198211,-0.0365722167400696,-0.0183687015988153,0.0122035993232005,-0.0483263125004987,-0.0635950768778574,-0.034493081735091,0.0444379440999818,0.0244064835896213,0.0296593153915883,-0.023428139980611,0.0052321417902436,0.0194265604842836,0.0187901197201723,0.0108603976604714,-0.0259303240406259,0.0209727342310721,0.0280544271169212,0.0011298146262374,0.0301196061782896,0.0017428407341128,0.0352966105739047,-0.0207156566781731,-0.0259826764877046,0.0017549208293881,0.0051694314598377,0.0369229581523697,-0.0358038156610685,-0.0130006803212511,-0.0303840762453175,-0.0523035937696167,-0.001746045947315,0.00732261204228,0.0011237211084523,-0.0298368174983965,0.0568102275696418
Monroe Eley,0.0389535913213785,-0.0209082979535622,-0.0082235077143181,0.0293602745156395,0.0043882742029213,0.0469388841364321,-0.0149345091350786,-0.0019322729976932,0.0092159008182971,0.0087366716320477,4.896911145501176e-05,-0.0081676698174805,0.0037587132161339,0.0031524994946046,0.0145463246597018,-0.0080012679376641,0.0133934035505475,0.0110654092814558,-0.0165783015953233,-0.0029896846755196,-0.010276532230044,0.0055560867015713,0.0048691298455482,-0.0127146916564988,0.0124272711587956,-0.000385383033342,-0.0032364574015068,-0.00664407207999,-0.0062153942228491,-0.0066837410267624,0.0051896282322113,-0.0011147013060479,-0.0137848000520399,-0.0092209618466106,0.0059669820006239,-0.0206513725268532,-0.0081332284086003,-0.0137225402664908
Montell Owens,0.0202712386427398,-0.0127586531289591,-0.0174508526194768,-0.0413561711108095,-0.0241350419827971,-0.037187868050685,-0.0255036999149845,0.0213527594385427,0.0568004408307358,0.0225875206086488,-0.1887850263843055,-0.0570770690275059,0.0283318060829716,-0.0271990846928796,0.0363443398906354,-0.0599502237522525,-0.0277734096689318,-0.0047485173490141,-0.0914752374082833,-0.0075898829966177,0.0224806541041129,0.0414301033999759,-0.0346092002707275,-0.0085973399479109,-0.0061990445820492,0.0550431538282992,-0.019364811520028,-0.0414082502094118,0.0143747599534814,0.0131628153202011,-0.0181091007314139,-0.0431306717828184,-0.0231128705619975,0.0844889963536493,0.0076810404585331,-0.0064261283493106,0.0124938703956439,-0.0003031927113763
Moran Norris,0.0269516583709992,0.0066354258076834,-0.0082707969123054,-0.026971444973526,-0.0006212181230187,0.0342399690209436,0.0120094191439136,-0.0059575276530746,-0.0076325558920331,-0.0006611820621531,0.0584848788446021,0.0527282343642313,0.0268283236326949,-7.643060376036242e-05,-0.0058362821989994,0.0628388429704618,-0.0084888294756428,0.0097487489520926,-0.0030189524497736,0.0047329279700267,-0.0203351010809735,-0.0024458650083377,-0.0081426458593364,-0.0254550151793757,0.0257513663337239,0.0456618540781801,0.0175126463868178,-0.0213877055028905,-0.0128289097491503,-0.0299172875329558,-0.0158248923357169,-0.0146024762056862,-0.0163128747865585,0.0135716444457299,0.0333601912045904,0.0086789739412659,-0.0009511390061631,-0.0021896781204111
Mosi Tatupu,-0.0024058661337851,0.0056683788668232,-0.0073334703657377,-0.0533858851804603,-0.081835426021274,0.0071730101815648,-0.0027940969525495,0.0114617366209114,0.0012595867884785,0.0071958718949828,0.048757775496164,0.0040518353855959,-0.0063418996450234,0.0368542055079587,0.0193532970424204,0.0455850287602699,-0.0107071296461978,-0.003808782057246,-0.0063586072304214,0.0506712199934791,-0.0519782265155731,9.777431383628868e-05,-0.0263438142316195,-0.0132544357874998,-0.0142008867723912,0.0217850929511599,0.030467469460554,-0.038820297806725,0.0040996974999673,-0.0165694103963015,-0.0277855773753771,-0.0173791102031874,-0.0213316802287858,0.0529527583871066,-0.013232433095324,0.0071239932543377,0.0264924921948511,-0.0562061576130144
Musa Smith,0.0217466574323547,-0.0033548922217947,0.0091950113517627,-0.0151573014698227,-0.0007824602856613,0.0038493790183363,0.0044735714918965,-0.0070574377058081,-0.0148436680249287,0.0296664003637802,-0.0023699803502228,-0.0143100029571934,-0.0128913254825689,-0.0121519547441079,0.0199123080962882,0.0255181949188134,0.0111537909522586,0.0104040518625023,-0.0039481040545074,0.0176287597006106,-0.0196178346815069,0.0257541272682075,0.0350103624483351,0.0180355118215956,0.0244499967762965,-0.0182768857525978,-0.0103586051516932,0.0141743921890635,-0.0217250816239725,0.0105697721511718,0.0008075506857277,-0.0158478039300393,-0.0446253237440094,0.0037394102009527,0.0144547820991677,0.0073482291371681,0.0036693811626738,0.0025242429668115
Najeh Davenport,-0.0103642567083883,-0.0141945491976145,0.0231061080962577,-0.0352956389691601,-0.0055919683363502,-0.02894292042883,-0.0475715904026693,0.0180638075063324,0.0089098050480418,0.0493898196361777,-0.0034325037263868,-0.0036920385118428,0.0199152880488839,-0.0042580354954191,0.0084767011191192,-0.0244999445405462,-0.07115497660143,0.0206113725758244,0.0453650195721677,0.1039593401239666,0.0409086835930914,-0.0298995832707005,-0.0232124428100734,0.010032251140321,0.0022421061424053,-0.0137492278915431,-0.006696338839255,-0.0425835567959305,-0.0158579008800142,-0.0065386180932963,0.004725817726265,0.0102306389149802,0.0249722702208925,-0.0108957138692179,-0.0250941916315225,-0.0227708067469116,0.0155907567508155,0.0253966774778728
Napoleon Kaufman,-0.0576824759901842,-0.0461687639360355,0.0926741085505431,-0.0202194853779499,0.023790638361783,0.001887718146455,-0.1450481454355785,0.1316796040406453,0.0094103415794647,-0.0229171030857291,0.0156640260129517,0.0560674709630116,-0.094779545678809,-0.0405555788592628,0.0370046825770552,0.0172982638310007,-0.0590017346396544,-0.0309344549031614,0.0437125066039518,-0.0007208641119543,-0.0189216547603178,0.0322621430640007,-0.0126293484367614,-0.0216162551945234,-0.0766007876036818,0.1210622008211827,-0.0595256321323702,-0.0032473399701371,0.0462238405666061,-0.0618984932739064,0.0093170818464549,0.0654317756653079,-0.0514844330944708,-0.0169214746507214,0.0099358554942107,-0.0510312747513109,-0.0726376734456513,-0.0263769602367473
Napoleon Mccallum,0.0241433451299669,-0.020697372435036,-0.0537491716917596,-0.0072217032104969,-0.0204927588802427,0.0419490886981833,-0.0276988171918993,-0.052157090480457,-0.0121590240605507,0.0066443695121338,0.0163282737662644,-0.0068520037133078,-0.0011484676666785,-0.0030427031925236,-0.0352184921474971,-0.0008345478260419,0.0045337064115893,-0.0434850438620244,0.0196008203248868,-0.0319688008129465,0.0205962831670632,0.0027035518767399,-0.006247658580752,-0.0141613868557687,-0.0312255332126003,0.0401904009456229,-0.0047690219201158,0.028121688915062,0.0156397084332514,0.0214611795008742,-0.0385958583555104,-0.0288965391816644,-0.0160205339163419,-0.012011851172892,-0.0286751612527774,0.0362559889089243,-0.0498461760123653,0.0244437084754754
Nate Simpson,0.0288430080380883,-0.0153023522358888,0.0004473480700599,0.0372194604628281,-0.0002029641914074,0.0046679883342034,-0.0197799961185329,-0.0008720570151457,0.0126730068051342,0.0015128481653337,-0.0053218831787847,-0.0152945694658649,-0.005996304708088,0.007777826817527,0.0003426158116849,-0.005323484815044,-0.0012463031429375,0.0088917072102707,0.0251592515792433,-0.0197898847168834,-0.0080670719523117,-0.013978779192392,0.0041997775847208,-0.0205327610823442,0.0131908945791272,-0.0021272028716553,0.006673207846981,-0.0072868791552889,-0.0149862615390685,-0.0157271387925452,-0.0048957796523934,0.0020162943255428,-0.0254997577914737,-0.0166952471582878,0.0031583104651687,-0.0107138659278215,-0.0162086498312519,-0.0156590682280945
Nate Sudfeld,0.027607990512622,-0.0203626448405891,-0.0346429976847383,-0.0468377380025043,-0.0426547464077266,0.009785378838218,-0.0129546577589439,0.0211652710869665,0.0726791924742541,0.0180518679092817,-0.2216290856590332,-0.0897577539188629,0.012085430052847,-0.0665397440181704,0.0373953717274328,-0.0450782572986798,-0.0263233794738142,-0.0359692415588139,-0.1139214602387891,-0.0396855021357624,0.0279001072247051,0.0315799576923347,-0.0114307830729578,-0.0080768567531458,-0.0317555241857317,0.0187175664220729,-0.0679517122131449,-0.0137584576676319,0.0393684170108486,-0.0263298789196907,-0.0124477684983998,-0.0053663776833678,-0.0478246460980947,0.0516363834844328,0.0277573608837471,-0.0124911602401032,-0.019872324019121,0.0104530988568786
Nathan Peterman,0.0296290984062827,-0.0227474784884318,-0.0301772582756323,-0.0344824194245106,-0.0203444096354022,0.0322225307613181,-0.0044634749070795,-0.0150785562408559,0.0489812955971821,-0.0022554693803459,0.0111820193680007,-0.0121527152818492,-0.0074943632925328,-0.0165714899275388,-0.0239169881717483,0.0222297674711249,0.0152219768898395,-0.0120294025309653,0.0022700446051341,0.0523011527868557,0.0078243622539867,0.0245101390973327,-0.0266383631118668,-0.0258524226476064,0.0400938436859598,0.0245693777015306,-0.0252086185706861,-0.0268550474430486,-0.0304965492472416,0.0207876296493084,-0.019472600522616,-0.0020309287804212,0.0200987644189784,-0.0006735796811986,0.0155604120778729,0.0179261871483232,-0.001987238214021,-0.0170659050523965
Nathan Poole,0.03021417975467,-0.0166985576315279,-0.0157037754355523,-0.0095718339353792,-0.0381384928729423,0.0745589763321154,-0.0111885755791356,-0.0153800206629417,0.0290093818065549,0.0081716614690344,0.0857851882066369,0.0294159366773884,-0.0194812778538679,0.0361963248994136,0.0136744662054906,0.0938394669279547,0.0220794363744539,-0.0230986098886854,0.0094470697703634,0.0335810695455002,-0.0332573519313357,-0.0118508678379309,0.0232579312157723,-0.0359828157759129,-0.0148406841483662,-0.0212405597052627,0.0093833557775803,-0.0060226134484919,0.0046193310977427,0.0128954878447744,0.0004878833593484,0.0111743994648626,0.0424153641857669,0.0160298048494005,0.0242112283925451,0.0147005658557408,0.0145776329888086,0.0158557072997184
Natrone Means,-0.0389263697203203,-0.0569411460098813,-0.0127083284690732,0.0032224096714148,-0.0090112083470419,-0.0220752357014361,0.0572991105728509,-0.0314988005541318,0.0080369484027411,0.0276437580985136,-0.0048482087599009,0.0031003688243467,0.0092824452700248,-0.022237056940022,0.0104432259468624,-0.0274732425621514,0.0022234453661195,0.0358651775286251,0.0098280926455836,0.000436983433089,-0.046660497527277,-0.0316244974547798,0.0415632541122654,0.0097632553416946,-0.0074969936388832,-0.050937038209549,0.0711994987243715,-0.018763880216822,0.0402611144973379,-0.0461017574370317,0.0174430870669964,0.0633026122613881,0.0201672908032913,0.0076930232699789,0.0313844796010679,-0.004071992066473,0.0049914254844729,0.0281982333404304
Naufahu Tahi,0.0335776648904611,-0.0029104631155201,-0.0060079645850409,0.0002348649005005,0.0163326422035988,0.0275247423750246,0.0036114654201593,-0.0036860549856436,-0.0241262230094521,0.0186123371688975,0.0208895908087378,0.0391244631377012,0.0111140285344401,0.011672446924365,-0.0091086268755764,-0.0039351260670688,-0.0480985263896424,0.0127244247741869,-0.0270862361931289,-0.0009776138889753,-0.0020177502162681,0.013751477891484,-0.0575865149721401,-0.0031269610119465,0.0047623076918923,-0.01230991369261,-0.0330475632238063,0.0203260819153067,0.0196486522647314,-0.0016435773857181,-0.0109447906571233,-0.0015763312874978,0.0188474906234745,0.0365648521300572,0.007557526766872,-0.001528836474811,-0.0131414676269127,0.017371764052935
Neal Anderson,-0.0793999494205431,-0.0079572820534766,0.073825450888912,-0.010899851006144,0.0222708222970118,0.073078429456764,-0.0176304399052937,0.0866968405877049,-0.0451904621701036,-0.0421181786981458,-0.0079383003598767,-0.0029712231627908,0.0088098642853082,0.017884659063472,-0.054081261196718,-0.0966055004131882,-0.0962793293378071,-0.0346981287682721,0.0462789566817459,0.0767998958633651,0.029487695743222,0.0307480670853997,0.0172278888647068,0.0305963104018233,-0.0233560196703063,0.0036852153382117,-0.0306860758633027,0.0023811428961776,0.1318795794681337,0.0169362291138181,0.0528998289493012,-0.0367410194130992,0.0444236481593954,-0.0421539346647026,0.022593361632822,-0.027058227890515,-0.1022587454357657,-0.0883357532305667
Nelson Agholor,-0.0046070321334949,0.0827342864293672,-0.0015416819810918,-0.0492253001285908,0.0527491854282035,0.0036387459360451,0.0305711730136684,0.0373969206032767,0.0420147371745409,-0.0477447906347011,-0.0139933245793539,0.0131254286089533,0.0126187077963011,-0.0396769409487673,-0.024504128634468,0.0920012226568459,0.052134273508855,0.0409961435057164,-0.02947732284383,0.0681502427771641,-0.0383303701423853,0.0021402476259602,0.0204852338895931,-0.0603475697869044,0.0593241562996766,0.0639182091387407,0.0225057331470115,-0.0858484115605484,-0.0235388308632781,-0.0108237644249277,0.0581283058896266,-0.0009957123432703,0.0098107152411694,-0.0058743279939072,0.0576746685729305,0.0118987377034635,-0.0229013945861011,-0.0245111665354575
Nick Bell,0.0060624836344425,-0.020752344792768,0.0329626049990726,0.000166330520911,0.0235777571547463,-0.03540417324752,0.0117918273809636,-0.0072062814260861,-0.0355605864716867,-0.0122774270213143,-0.0024956780637702,0.0048291965982683,-0.0084911077663089,-0.0080019179188476,0.0200553538996755,-0.0090371286040707,-0.0192935041005293,-0.0066138331973322,0.0174581352027218,-0.0103701591969172,0.024519930075236,0.0009530448091161,0.0136892571755342,0.0017459414877444,0.0009664454931273,0.0405462644637757,0.0058427717185898,0.002687925637708,0.0252075631793606,-0.0066408571138475,0.0042966325152275,0.034163450562189,-0.0200457349939665,0.0220277432023258,-0.0263508020755433,-0.0091707488544452,-0.0143223210417265,0.0065125439142381
Nick Giaquinto,0.0149072197467404,0.0335999213077213,0.0343861187004705,-0.0015916603467174,0.0248335397341885,-0.0558447307933883,-0.0016598948732748,0.0042069654447549,-0.0206372797282228,0.022515100519748,0.0529817297316514,-0.0055529963426162,0.023623728012073,-0.0007604668169035,0.0850467460979771,0.015916609010158,-0.0118285685164509,0.0005212224923185,-0.0527343067245287,-0.0024837701523067,0.01548148010947,-0.0353253038573605,-0.0062662626807073,0.0200012622162634,-0.0081540361287284,0.0136256414476686,-0.0024128821065886,0.0234712381968364,-4.117952378913936e-05,-0.0033640884961919,-0.0244120680367122,-0.0333570181885564,0.0539270359386308,0.008624564647017,-0.0231293045209892,0.0011312466641777,0.0136738248758816,-0.0070226148296123
Nick Goings,-0.000574471895389,0.0183644208736114,-0.0004014444873082,-0.0253263890839339,-0.0219732628396036,-0.00324211620212,0.0155756494330046,0.0465749649196061,0.0122277268041903,0.021723819743109,0.0222206575845226,-0.0031225047004221,-0.0230447240507763,-0.0213221435454137,-0.015052559056039,0.0494360130478351,0.0329414885808922,-0.0310332943092368,-0.0081190501871176,0.0194074458680721,0.0194158980733046,-0.0312478677151867,-0.0130159368006758,0.0254373931842804,0.0159578952973652,-0.0001475738840323,-0.0228483359461697,-0.0104102524751252,-0.0038744778403445,-0.0096777056282099,-0.0417745169504459,0.002768471194973,0.036801990978136,-0.0094371555296184,-0.0126458893057986,-0.0090995528364746,-0.0204531442996172,0.00053608946379
Nicolas Luchey,0.0200622889577069,0.0096475511018306,-0.016830149182438,-0.0423596706308141,-0.010638052083409,-0.0233246713720433,0.0082607674155867,0.0054328421183009,-0.0362272557867467,-0.0092149273960352,-0.0016672778524435,0.0156168913957134,-0.0040419281617436,0.0050767496990359,0.0107089812921162,-0.0040887217736603,0.0087331190600678,-0.0001804960070797,-0.0221345703550934,0.0233896834228444,0.0210866693080973,-0.0308094432202978,-0.0048139651305334,0.0151791923530668,0.0040931929410232,0.0358356644110219,0.0051012043294283,-0.0140993247259219,-0.0124107204738864,0.0044302215170881,0.0211963103113287,0.0050449860290731,0.0167068331480674,-0.0238700370689427,-0.0001190315684171,-0.0237174118756111,0.0288857853812595,-0.0069810273008162
Norm Bulaich,-0.0177068737553117,0.0490212207693753,-0.0197892189993986,0.0372915840078906,-0.0523331848593735,-0.0071240510149928,-0.0204534765279821,-0.0203121868627075,0.0145281812973222,-0.0016944082353432,0.0087544356175409,0.010304161388187,0.0123613244562685,-0.0209773173798064,-0.0266897582314984,0.0100578707801395,0.0250369438193429,-7.831236743294397e-05,0.0025921793694127,-0.0538863697186477,0.0102820459259606,0.0430008647343601,0.054622634648356,-0.018963893762995,0.0353219298004598,0.021992783252366,0.0248590732436917,0.0630198470858616,-0.0280768802963926,-0.0521134222290426,0.0080734854672562,0.0126327480920735,-0.0170675380236489,-0.0327428793009427,-0.0079118566054939,-0.0434227505522774,-0.0226555937402292,-0.0149543816277088
Nuu Faaola,0.0268548437133457,-0.0122440805109554,0.0273487363303304,-0.0464767040049047,0.0092738468791509,-0.0378954048785245,0.0226569947005884,-0.0433306030822968,0.0714526885925192,-0.0465370031130361,0.0762645650876547,0.0526331685997091,0.0114974453120197,0.0341397981913665,-0.0054355666301371,-0.0022026554418866,-0.0023506742893944,0.0333119739632039,-0.0195364226971722,0.0180140126066376,0.0017403828401836,0.0182107033230363,-0.0261342309576472,-0.0012338612466361,0.0122982161028104,0.0015942085712379,-0.0009448469725433,0.0015908237387456,-0.006464008037706,-0.0075002813528011,0.0006884032730609,-0.0686424970191473,-0.0019219776352077,-0.0153858541206009,0.017109401447937,-0.0144480390630028,-0.0197274268824139,-0.0491181549713719
Nyheim Hines,-0.0062798669255855,0.0274044918034846,0.0145178655962264,0.0121089809396536,0.0375436844723976,0.0284563326322154,0.011868548479977,-0.0245832234673048,0.0148580609664243,0.0169908928161556,-0.0104577142593059,-0.0019531524792363,-0.0597761309489722,0.0071479724736059,-0.0070868282089667,0.0183239784013229,0.0476762158675944,-0.0062988480968135,-0.015322700458762,0.0279158368726783,0.0112024509686827,-0.0274343036857978,-0.0171392742512286,0.0045852802385842,-0.0075099395991258,-0.0121363918351615,0.0292580194773257,0.0116393417256875,-0.0341129602883966,0.0205041690577464,-0.0430072052672091,-0.0036900014508416,0.0030889146157602,0.055241707547907,-0.0277811197294513,0.0341039951523153,0.0194055370756648,0.0182436147386792
O J Simpson,-0.0465697911807043,0.0311766037007827,0.0065625971155107,0.0826460877456932,-0.1059162551308691,-0.0474153892015771,0.0439691691229153,0.0037979858664764,0.0239637289179256,0.0075401746437581,-0.0153605235293033,0.07778428323075,0.0025066412523727,0.0036082322654991,-0.0297997543550594,-0.0269637623151003,-0.0465514316792989,-0.1066278650881939,0.1129514432639478,-0.0082259379804074,0.0374020005455441,-0.0454374579033034,0.0006728590265841,-0.0032807759882286,0.0927865777909494,-0.0283557021345958,-0.0955537431681958,0.0323193908293836,-0.0769489414431693,-0.0446247614748663,0.0266832448110781,0.0144124405328161,-0.0170569737289972,0.0322945306151282,0.0179714771503194,0.0190196840872712,0.0563086740804767,-0.0260395380496203
Obafemi Ayanbadejo,0.0154261825874553,0.0192324533444975,-0.0190503164600392,-0.0156046476110811,0.0143363617789238,0.0331126600606501,-0.0123223710312267,-0.0304395850496378,-0.0365377298694235,0.017356819525782,-0.0131140546610052,0.0032566880686409,-0.026989980764933,0.0186664265313242,0.0466519218221562,-0.0229526624694724,-0.0143074156773239,0.0050695429049527,0.024795749540145,0.0041419171802041,0.0043805123890071,0.0176431357743078,-0.0016594111541377,-0.0007650597981454,-0.0257401209667502,0.0011343742459968,0.0199506199359178,0.0175768948616867,0.0088808789360205,0.004654398158896,-0.0068382241045139,0.0152711315875797,-0.0268120093806748,0.0117466681541972,-0.0176833636985255,-0.0271541504001497,0.0525697264583751,0.0192826612909018
Odell Beckham,-0.044333739435727,0.1962716485991748,-0.0344006493032359,-0.0044288233403456,0.1544035211489931,0.0160385913101277,-0.0781365085572923,-0.0396764914766622,0.0693217143677051,-0.2152040725086519,0.000387350282777,-0.1199419139189624,0.1435107898085093,-0.0240870949626361,0.2045080970088799,0.023636427955575,0.0273025419533452,0.0104176533425996,0.0233374643631954,0.0354614896713646,-0.0539250295670352,0.0322490198810495,-0.0442854499334081,0.0448095418175744,-0.0820978642957085,-0.0396493560365167,-0.0038864461413776,-0.0279005713099035,0.0449180762233838,0.0492329153706584,-0.0436542916383186,-0.0275285485193067,-0.0030072283238172,-0.034559357341155,0.0185019404307725,0.027211034431374,0.0068141447080207,0.034822368194321
Odell Lawson,0.0333176609481403,-0.0109968361729055,-0.0285942757810871,0.0310200121532007,0.006105610204149,0.0356542419056227,-0.0141636943814644,0.0119083676627974,-0.0183230501015928,-0.0147087962633588,0.0033006887028391,0.0055432679449798,-0.0126347725038537,0.0102856780638097,-0.036202526541363,-0.0001046274563926,0.0111249772594598,0.0027298899500433,0.0007349269704288,-0.0067376208164402,-0.006012738899954,-0.0117124812674847,0.0019186943387953,0.0041063679899197,-0.0032591410352979,-0.0159540820177636,-0.000417936872522,0.0078489651079344,-0.0133646955006813,-0.0175359601989891,-0.0234720423699624,0.0001495182546391,-0.0099084119019146,-0.0105055790785648,0.0235292380279362,0.0185331668647312,-0.0042832095786776,0.0090280771576313
Olandis Gary,-0.0104371860333465,-0.0364955985113867,-0.0275211786385066,-0.0080736792224261,0.0300310731584978,-0.0761527549483742,-0.018104053484248,0.0043116549297763,0.0462359400234013,0.0465831533655594,-0.0173590457393346,0.0328588442388456,0.0166997250480264,0.04828058718851,-0.0185003969683914,0.0497397990513042,0.0200296333706533,0.0142133671475958,0.0157021799758601,0.0123073378524397,-0.0356166622079208,-0.0208204567443099,-0.0036660866821476,0.0280019559940554,-0.0150622308737525,0.0353636937016892,0.048002170684696,-0.0349184927566157,-0.0027467494016015,0.0430897825855098,0.0107305271131496,-0.0432502705069071,0.0128746731069017,0.0451672493577372,-0.0183087988022289,0.0245577535522202,0.0372420499353656,0.0044049948889544
Oliver Ross 2,0.029252182865231,-0.0008517003219123,0.0136176286934883,0.0194017108180756,-0.0075668157256584,-0.0095890333956676,-0.0126666859438729,0.0142156037016161,-0.0108027116452672,0.0354566808054489,0.0232276841264506,-0.0212711251503863,0.004219927529629,-0.0082351474354732,0.0665353020237662,0.0228054810947776,-0.0002275726443745,-0.0008835056098043,-0.0340058375357184,-0.0029134057304229,0.0020959301131945,-0.0189816633257936,0.0063176769691478,-0.0013835657089513,0.0211565195746527,0.0062270284401043,0.00355592045082,-0.0059967863182961,0.0163075366714504,0.0048771134574851,0.0001778261065986,-0.0221525914807422,0.0155764845672691,0.0056265277203754,-0.0117174457825287,-0.0079658232697269,-0.0080826184322793,-0.001451929401697
Orleans Darkwa,0.0170784130228101,-0.0122888640045848,0.029951750299104,-0.0017313631324713,0.0005205272704461,-0.0178275310207717,-0.015491210375016,-0.0220283139917967,-0.0315295308821033,-0.0308440038279188,0.0040091574457244,0.0216024179693611,0.0111701606350815,-0.0180846741652906,0.0010905768188146,0.0003826749746594,0.0342094898552758,0.0375129354982683,0.0016944696316021,-0.0005131111284445,0.017683702251911,-0.0065112248552844,-0.0022054014628619,0.0252002647288269,0.009348288648403,-0.0169611158194411,0.0016473228095919,-0.0094006853071062,-0.0096552290594018,-0.0386521500310977,-0.0012034034509136,-0.0218805655109882,0.007098281791461,0.0103812526898397,-0.0064800251983697,0.0009763998510366,0.0045524129646719,0.0023292404369326
Otis Armstrong,-0.0168817024037319,0.0411541564754733,-0.0132055110646626,0.0439938594559113,-0.0505207122180272,-0.0256987560044678,0.0122154421029069,0.0189969079729811,-0.0251132886363963,-0.0409701013137759,-0.0033308711807453,0.0175459810322254,0.0315324464855629,-0.010665959780699,-0.0087471488523311,-0.073665537068157,0.0209262807653847,0.0186239853643506,0.0522833082096788,0.0080216296839728,-0.0211494964245268,0.0118573167158094,-0.0239922892143041,0.0510184522319132,0.045773767995339,0.0180849807065427,-0.0388236398669109,-0.0244024782097403,0.0097095910512888,0.024667994262954,0.0244032828178969,0.0095815469074946,0.0382513743056046,-0.0147836181058377,0.0171747765012492,-0.0175602300056414,0.0103839840228049,-0.0013341405591065
Otis Wonsley,0.0301917691819877,-0.0138997270344912,-0.0106456919331295,-0.0143820364717724,-0.0098689930161309,0.0255088924844606,-0.0002911579720897,-0.0123517804536038,0.0417086816486434,-0.0360830313559287,0.0049228393925629,0.0231654983923028,0.0392114901839893,0.0022136145380681,-0.035187135429674,-0.0033898397475815,-0.0119429274970043,0.0208214273614815,-0.0153809124615771,0.0154906680387462,-0.0191266985222227,0.0233831078200362,-0.0629337715866254,-0.0189671587714903,0.0026438341338996,0.0138229961599156,-0.0096769736595572,0.029406661154891,0.0133400647438952,-0.010145386827506,0.0090914000925679,-0.0067116287152074,-0.0204212753771282,0.0423586398910969,-0.0040024349857066,-0.0102100722110657,0.0120993657430221,0.0232880645348431
Ottis Anderson,-0.0580640352603632,-0.007352368554936,-0.0835926460907787,0.0091862333056121,-0.0521795598809806,-0.0212500962460521,0.0231426769004322,-0.0720469777295298,-0.0101190743586195,-0.0065570060556565,0.0146889633483755,-0.0035512098148563,-0.0446849611633658,-0.0262937972157397,0.0069379242866606,0.0160926232732199,-0.0748394830523303,0.1050083811805463,-0.0510315024299468,0.0377497566597926,-0.0577330741277829,0.0094631779480471,0.0155129867370927,-0.0644885948915813,-0.1325837851628111,0.0775178618613369,0.0851711141030164,0.0748943800414663,-0.1213167152960247,-0.2187699120321584,-0.0530168648387944,-0.0266944362053589,0.1558541323573746,0.0096424228254684,0.0553948686894811,0.02982083807589,-0.1151329462521967,0.0119434209907571
Ovie Mughelli,0.0165571203566228,0.0256796199611896,-0.0088455307058473,-0.0494122521539933,0.0491491482995416,-0.0068137496205723,0.0255861077180811,-0.0215767372083126,-0.0050847694120939,-0.0426306835985952,-0.0130286238545763,0.0401257547996144,0.0316160117375302,0.0085460763575052,0.044362576616241,0.0313510235726232,-0.0406615198498827,-0.0065669967963939,0.0090960194618105,0.0250920629787221,-0.0396856867688481,0.0223130758098926,-0.0677916421563978,0.0037110774207554,-0.0125014455940741,-0.0065400810048679,-0.0417027684783259,-0.0123207332803691,-0.0135160457191378,-0.0311170050963038,0.0048841218956079,-0.0092255020220049,0.0130253275524164,0.0249085380640053,-0.009040199714842,0.0217506971154516,0.0068255332908171,-0.0370557267757688
Owen Schmitt,0.0353539528296597,-0.0117231973236546,-0.0242463234002952,0.0060883922262889,-0.002155533501033,0.0387692364047028,-0.009462964524373,0.0044000980618475,-0.0208707306446069,0.0139204944060271,-0.0107219101237816,0.0070669072018267,-0.0032976204391679,0.0056458478519557,0.0190275877290044,0.0083034969204413,-0.01824305047717,0.0026806482705523,-0.0178290929978592,-0.0107009911147971,0.0102115757582047,-0.0019560760849473,-0.021244108211434,0.0051170164699625,-0.0043948400141636,-0.0011752610126433,-0.0044873520763862,0.0116331379294129,0.0096751812136637,-0.0031576728806403,-0.0051558737134317,0.0112108601069976,0.0140224131650464,0.0189477481192406,-0.0024113798712277,0.0033151983196557,0.0080313389341576,0.0105145515434321
Pat Chaffey,0.0219576495973601,-0.0199992572986889,0.0249068359094968,-0.0120723757873843,0.0123213015204616,-0.0207548637661534,-0.0011886120834971,-0.0203478751407911,0.058884862144659,-0.0002480729678295,0.0088567283800559,0.0037856964036563,0.0063006292941905,-0.0068791207829793,0.017542940066838,-0.0122188257567348,-0.0320122244619601,0.0100899923406033,-0.001981515236165,0.0002363363974075,0.0104836182465365,-0.0229775189407498,-0.0156854333543316,-0.0171456901613779,-0.0005733517089162,-0.0202256309470929,-0.006498400586475,0.005868235575583,-0.0009069853762503,0.0330826284254421,0.0057749111162127,0.0359520561468894,0.0170652353574458,0.0100293878723516,0.0028665970496681,-0.0214581699950809,0.0151329120005678,-0.0074821362639202
Patrick Cobbs,0.0101510529010363,0.0266372529564714,0.0376033890507638,-0.0233220098615378,0.023435971122109,-0.0521766359271091,-0.0042341966564247,0.0271358744032976,-0.0109293524050777,0.0192233277581528,0.0270769227339653,0.0387266536523812,0.0102051511000779,-0.0237866151195705,0.0152225722704383,-0.0050530091186191,-0.0235103022324678,0.0098516796458017,-0.0085120828320513,0.0301224528906622,0.0110002702451647,-0.0031465338292473,0.014261995448119,-0.0002495788649772,0.0317431212752962,-0.0035483887985598,-0.0072390437409153,-0.0070074412638261,0.0189053289407405,0.0319963606590179,0.0063150886263997,-0.0668770716089842,0.015564209113516,-0.0076252374938144,-0.0067457523556408,0.0014581420255613,-0.0625710808181013,-0.0032722050453376
Patrick Dimarco,0.03089040608777,0.0054912882568395,-0.0056452831766542,-0.0034689911624471,0.0260087655067554,0.0178038268934525,-0.0025371012623271,-0.0266100455027458,-0.0387346799092374,-0.0035868392901099,0.0680539958509579,0.0381156877767558,0.010407414918084,0.0381088279183988,0.0516388903411367,0.0079702435985969,-0.0374247745938505,0.0038438019120417,-0.0030884928962488,-0.0258150096366188,0.0033808037695119,0.0152118059757393,-0.043489847411482,-0.001981939367511,-0.0035939444887606,0.0165086125303853,-0.0044077415513845,0.0078355702178261,0.0040677923305781,-0.0098228023102522,-0.0147403767858831,0.0108239317596272,0.0207379155925721,0.0001572030804482,-0.00420629722511,0.0107219724697805,0.0090325293589423,-0.005898031757595
Patrick Laird,0.0238569209854993,-0.0040295528209251,0.0031217469027021,0.0165471354188414,0.0237862409619469,-0.0047735467459888,0.0058602631585606,-0.0016908119873349,-0.0115609953719872,-0.0016990427436052,0.0129727116348767,-0.0080461352238894,-0.0179265128891697,0.0166581292262313,0.0019766298749172,-0.0056441946413707,0.0036738495021122,0.0085878467717334,-0.0131580111164592,-0.0060498749627496,0.0079532542156917,-0.0138816451512829,0.0235777359163109,0.0083247807343019,-0.0036617159050789,0.0204270981804266,0.0120522981234002,0.0005748040426291,-0.0032563866300521,-0.0090686068044947,0.0070576620774062,0.0177345198225945,-0.0071608378757536,-0.0196369526907533,-0.0031152349257175,0.0033651483262646,0.0055973734440661,0.0029219030778914
Patrick Pass,0.0140883463826989,0.016480314019954,0.0172005093138809,-0.0291058733869758,-0.0239901323088338,-0.0276055000325958,-0.0157471981806465,-0.0192904181368677,0.010984529525539,0.0073643443726195,0.0091708440613758,-0.0314122339710762,0.0016152140105482,0.0089410449778037,0.0101020082191059,-0.0050264762804797,0.0081809327860576,0.0158632930847721,-0.0370653379505504,0.0521368468622552,-0.0484804922325633,0.0116620223643746,-0.0011130817944878,-0.005543731512963,0.0243337027452608,0.0763988517792795,0.0162972674680235,-0.0123393855372374,0.0421399280015155,0.0296023956404123,0.0285206804465539,-0.0069072601367083,-0.0145661669542204,-0.0029861100737488,-0.0192174305078493,0.0002269305558198,0.0568221396538023,0.0246439805554111
Patrick Ricard,0.032538233202037,-0.0061892791152984,-0.0023829645591631,-0.0071057258940446,0.046992674380937,0.0403453080974552,0.0262156609498909,-0.0148227347926749,-0.0302580573802157,0.0122395242737695,0.0485931965243735,0.0370486568463902,-0.0033790555970109,0.0130911855148728,0.0025392735200271,0.029851288898138,-0.0487039950142884,0.029620115546461,0.0055093581832801,0.0159639588459862,0.0101524134492451,0.029497524032543,-0.0420416816748211,-0.0108595428776274,0.0266958055747609,0.0106967679036715,-0.0365990742466328,0.0050649924393739,0.0032437295506005,0.0022132924741795,0.0048276284179547,0.0219197932181989,-0.0077574192693459,0.0057153508945571,0.0122623009670906,-0.0085894740418578,0.02764050091734,-0.021030903414931
Paul Hofer,-0.0019873070739147,0.0450544577849966,0.0468167512053007,0.0275676906495941,-0.0113474863174748,-0.013536926091596,-0.0086339789474145,-0.0069466250229399,-0.0167209710584016,0.0493371743929442,0.0049557655591987,-0.0150066545074101,0.0294211296698653,0.0086183346635979,0.0143466165415782,-0.0338257853893486,0.0485692493832793,-0.0321592177957933,0.0310704202529395,0.0375188359112461,-0.04102835508489,0.0388582014465119,-0.0336636602974305,0.0271353795834844,-0.0361355257595554,-0.0244561278242384,-0.0249562245651374,0.0036152866011016,-0.0058892210754088,-0.0144300463654516,0.0082854935687647,0.026674885105278,-0.0153246977130796,-0.0083400510851326,0.0184173908951966,0.0045032144615382,0.0106491233970247,0.020955054761193
Paul Ott Carruth,0.0038428375411191,-0.0160594167637826,0.0175731156638193,0.0055155849010853,0.0477874685774606,0.0087980308766565,-0.0162009876427744,-0.0166515153972736,0.0131872346068374,0.0163141966742665,-0.0313641479978545,0.0228105912686842,0.0145778528298535,0.0131025781367189,0.0197343527909494,0.0165090224171349,-0.0190342539131672,0.0004609691647904,0.032672403430416,-0.0083354021729375,-0.01638027867571,-0.0087524448099343,-0.0124120489995345,-0.0177591522943843,0.0057301785410832,-0.0141257494863021,0.0131998265880375,-0.0166830882300652,0.0171822290887653,0.0039713231206898,-0.0041145501537741,0.0157349742992396,-0.009101981124985,-0.0062494404310134,0.001915293660031,0.0325463444857824,0.0153205653544585,0.0069467396086064
Paul Palmer,-0.0012275595314104,0.0023780488113805,0.0611807299226081,0.0096389624575288,0.0301245083196005,0.011017055097658,-0.0199080452671385,-0.011045503073613,0.0168440544902663,0.0236080558628372,-0.0195658016544303,-0.0325871722989937,-1.2310784645163471e-05,-0.0430926507067816,-0.0242917357691132,-0.004647774155923,-0.0370463347833952,0.0299219612665272,0.0293030885340895,-0.0496658305325602,0.01351624161548,0.0044163794081625,0.0190611500348897,-0.0186279643498332,0.0158618849159472,-0.0131712058985925,-0.0046835219168093,-0.0505853744919776,0.0237662177024231,-0.0299390409847657,0.0136573224142791,0.0276819944195722,-0.0363310972073219,0.0016826918950853,0.0204628153066556,0.0442244470261916,0.0033488492985703,-0.0012451199507837
Paul Perkins,0.0186598510003207,-0.0069930772964854,-0.0283657134321522,0.0145965816897885,0.0226834639283015,-0.0071197848213657,0.0079559321766027,0.0185937482095621,-0.035195274621512,-0.0014923620852724,-0.0080045504288128,-0.0064194602317992,-0.0250005412638003,-0.0096043134481433,-0.0351231874709985,0.0038320724286346,0.0057732333521418,-0.0188788251450892,-0.0064166438843455,-0.0333577904475459,-0.0024210764997177,-0.0086929303183444,-0.0156155233492349,-0.0643454385298353,-0.0018697717589044,0.0071861921041404,-0.0269373003713947,-0.0033101705056382,0.0388819786024724,0.012757803858124,-0.0062441388800241,-0.0344805616193201,0.0154079797349654,-0.0060457458961609,-0.0226763574130576,-0.0326327429999159,-0.0172847595494486,0.0070666095167956
Paul Robinson,0.0052938443561169,0.0040705040657472,0.0036381256790283,0.0568057487173209,-0.0090026026400751,-0.0350115382706462,0.0075251432347551,-0.0204905759434522,0.0176936813870816,-0.0179277189921309,-0.0036911524208899,0.0078230268732142,-0.0027229587910436,-0.0075266499383887,0.0124014898675475,-0.0053578892514826,0.0271912431138241,-0.0516899723820302,-0.0106014347130733,0.0036880730991388,-0.0088192684211513,0.0235318968988573,0.0316346952126982,0.0324173416882559,0.0013330266583515,0.0209549223989339,0.013245263599582,0.0112446585454048,-0.0174396464457918,-0.0194133316148221,-0.0196843626581926,-0.0385121227653152,0.007634009944547,0.008857677168733,0.021317443721861,-0.019495704762646,0.0028319824475392,-0.0175980053649247
Paul Smith 2,0.0189331276212654,0.0124952207423486,-0.0209320568475596,-0.0283011274476562,-0.0111644350879307,-0.0510340602015924,0.0019126527876568,0.0410657921797354,-0.0630293236671874,-0.0300792653414864,-0.0287636476483172,-0.0021435832343828,0.0098585015709836,-0.0109130086268013,-0.0710301186341108,-0.070829809029232,0.0280875712403382,-0.010435312532549,-0.0135122723621993,0.0448886510560073,-0.0246206289710895,-0.0151001229540416,-0.0261662560355051,0.0223848912535874,0.0201755333745247,0.0748488750778567,0.0305262805510027,-0.0278422186694985,-0.0149412267160133,0.0092574470951865,0.0290668248530763,0.0315943946592348,0.0242890953994587,0.0002639270030581,-0.0112465215939332,-0.003979556205028,0.0519408200228807,0.0250263944314819
Perry Harrington,0.0116836324355645,-0.007210256959106,0.0070115972883309,-0.0155498967074606,-0.0268284856497307,-0.0311623294626658,0.0039308425485592,0.0212040704854775,0.0158950362985391,-0.0221288126280564,0.0060447231525627,-0.0068863881635729,-0.0084285786597976,-0.0031816125709558,-0.0087914031604241,0.0126691353146484,-0.0149694766074163,-0.0023943524383838,-0.0212374362627994,0.0061716337671968,-0.0128039352164984,-0.0106100047350333,-0.0244711359453679,-0.0059720239544245,0.0061069752657665,-0.0184507189251508,0.0165691967913558,-0.0081181022140663,-0.0038078745579811,-0.0072631811555343,-0.0179298917858856,0.0409703751052835,0.0022673760347928,0.0346573523709006,0.0142465684598878,-0.0172588132395993,0.0262266248560089,0.0037826472656238
Perry Williams 3,0.0305897739445432,-0.0103856263903705,-0.0010415365936956,0.0217406713810346,-0.0154198390067292,0.0228205158451781,-0.0262787537933366,-0.0120227158254769,0.0106849539088856,0.0083000392000177,0.0178864044120397,-0.0204511634305436,0.0013798279482721,0.0095101778481705,0.0133673755809144,-0.0164913688651261,0.0271150642671675,-0.0027028743323943,-0.0057468201876385,0.0134589592629763,-0.0190506917908887,-0.0083444557681639,0.0108872268434253,-0.0038297333425199,-0.0066076816263983,0.0278670565542345,0.0141964654777972,-0.0097155617180701,-0.0035416847627023,0.0012943959752204,0.0087853779548595,-0.0146123536368692,0.0002423661962988,0.013597702564156,0.0012032359208479,-0.0061317124138084,0.007981730843015,0.0015837727975882
Pete Banaszak,0.0007826639106991,0.0003174253554264,-0.0019705608695612,0.0298807328665108,-0.0866462868503739,-0.0033191557206102,-0.0036460802446014,-0.03134508784758,-0.0046935985926834,-0.0004114469589003,-0.0114985525272757,0.0086410893000256,0.0414925614190079,0.0015638387765387,0.0261437517331977,-0.0035822253218715,0.0638073153550512,0.0052457237728826,-0.0176159589843429,0.0825730017276228,0.0397533851072487,0.0466126811355851,0.0096324548979655,-0.012506931124873,0.0031270975617287,0.0089712964112326,0.0382995727685368,0.0650889586033838,0.0287233007643186,-0.0081782801595214,0.0336923344803687,-0.0062937637420902,0.0252413797231206,-0.0312729934186182,0.0262209387104728,-0.0767281859760789,0.0193523554972629,0.0180861202076546
Pete Johnson,-0.0331126297960274,-0.0007288734587209,0.0289247074095526,0.0492873599488816,-0.0672064432741868,0.0089573015981659,0.054248857927558,-0.0735932398102816,-0.0112623979394916,-0.0200939098324589,-0.0414913125406248,0.0591759237575683,0.0482690801193525,0.0322977301240572,-0.0278690897259816,-0.0059876570567262,-0.0085781047841352,0.0292945292175288,0.000335440567878,0.0281417466424872,0.0345772384056279,0.056846837980688,-0.0501212080702327,-0.0112411947910761,0.0205058480091743,0.0160944035071738,0.0358311723345102,0.0864303080008238,0.0139587640726571,0.0087193286283554,-0.0264191080581635,0.0211068385158278,0.0404677947994902,-0.0314545715984278,-0.0154816475576739,-0.0336166854037567,-0.0167763732546697,0.0358551097534687
Peyton Barber,-0.0046466134035042,-0.0291366251749825,0.0050727787871239,0.0069847311887304,-0.0247412894401766,0.0190740785511122,0.0487018664495312,0.0017114434442644,-0.0079761759282862,-0.0017894798649207,-0.0186306264806778,-0.0163011171788355,0.0222143839331456,0.0265799547579129,-0.0055582050582235,0.0002850212484818,0.006691387272893,0.0168564309301303,0.0149790957266333,0.0160133522796282,0.0042555162482368,-0.0201637291431861,-0.0232985786474605,-0.0213665531903344,-0.0163494343698839,-0.0043154308796743,0.0070297701838523,-0.0290597571227234,-0.0180714317960937,-0.0174216206982025,0.0335489701630026,0.0163339779096624,0.0081171285586083,-0.0263935143358264,-0.0035829148177396,-0.0009220026023903,0.0015504352076892,0.0169770932778415
Peyton Hillis,-0.0191932775620348,0.0023590082072686,0.0062627645410613,-0.0146083596462706,-0.0002844137732301,0.0033713913786905,0.0661465800807361,0.0270127847136133,-0.0179080037524325,-0.0337638992959356,-0.0002829972557781,-0.0363671950915578,-0.0141990859501671,0.0250146894452609,-0.0062573508560283,-0.0251888893334492,0.0022844267632133,-0.0487834936393892,-0.0101809251268932,-0.0234089244178413,0.0126510507943176,0.049521766351647,0.0360733595623086,0.0021105823430738,-0.0261852254909914,0.0269259325150651,0.0330829798767586,-0.0692811371708769,0.037493484189907,-0.0455084725096908,-0.0088057147165834,0.019921012485477,-0.0090062828425631,-0.0207417839937256,-0.0394716466802392,-0.0477056548279656,-0.0050126289344737,0.0136153251985823
Phillip Lindsay,-0.0241994208667095,-0.0485600938213724,-0.0232282080638333,0.0325602690382994,0.0204153911266967,-0.0290001032531792,-0.0380849365534121,0.0514931645719462,0.0333841724318343,0.0185750256702612,-0.0234777712447837,0.0926242565166341,-0.0058763298879983,0.0529959931290339,0.0325670689311051,0.0335546450865625,0.0120250463928779,-0.0213681883599146,-0.0050483740075593,-0.0265736242436392,-0.0612861756613271,-0.0336646657282996,0.0243849321261385,0.0085965335842413,-0.0251263680825216,-0.0136578028204209,0.0094916325831619,-0.044726151607254,-0.0015796526943812,0.0635677138968671,0.0092159643404701,-0.0464707275922369,-0.0060856447361199,0.0865812217856578,-0.0296802513509609,0.018159686355289,0.0298353958197514,-0.0013432217673692
Phillip Tanner,0.0267060001810966,-0.0047177685034313,0.0097874449916206,-0.0051017555073645,0.0209742253030189,-0.0223378454680331,0.0185159273341454,0.0038283106799019,-0.0393017730139911,0.0138103619784633,-0.0025221091172519,0.0182186347023021,0.0056889898063376,0.002836259677133,0.0401206932841326,-0.0050154219131275,-0.0198556243462014,0.0124797082737687,-0.0101518262384887,-0.0196808749181944,0.0248180162888895,-0.0169525867288749,-0.0063314965790547,0.0372412822148716,0.0103352388341695,0.0229273248246396,-0.0024138364668899,0.0214118501717,0.0040544510914763,0.0006150399919388,0.0152153540349658,0.0348740401642412,0.0111373539299784,-0.0039156807026005,-0.0026843216282549,0.008889162712958,0.003343281325609,0.0025632272148232
Phillip Walker,0.033840638690454,-0.0337488988879552,-0.0061754769618627,-0.0025384729687456,0.0143475378361523,0.0511215322874511,0.0048319328889467,-0.0199280117408805,0.0203721985501293,-0.023161104269463,0.0644864803962836,-0.0294820232599668,0.0017150935692396,0.0148947629991038,-0.0415497509882488,0.0134212385768805,-0.0299922274323666,0.0118160176930194,0.0266416107294099,0.0079809662783069,0.016497973596867,0.0373182557009007,0.0204247411941906,0.0040898886390745,0.0232381886336399,-0.0151782157789141,-0.0159897479781859,0.0021697042233573,0.008940582363945,-0.0140970752763746,0.0100193164153641,-0.0112493498962723,0.0003776515669296,0.000624739091168,0.0225973042772281,0.0091221393795575,0.0154059579174797,0.0030467137167801
Pierre Thomas,-0.0344084185693974,0.0502513263203507,0.0074882747714825,-0.0200863854398156,0.0119913784649397,0.0207441905393158,-0.0042107122260235,-0.016704764959955,0.0267978315613277,0.0288135742646056,-0.0203976337304786,0.0059210772055127,-0.0032015246737856,-0.0027921966505537,0.0318101634697786,-0.0706211456888413,0.0352096199052061,0.0059870696234195,0.0169550279626621,0.0295425405398722,-0.0791882469346765,0.0067055318107556,-0.0160600196815394,0.0543419887187706,0.0287079382733197,-0.0446331638513901,-0.0033904680324393,-0.0020363158692804,0.0114685840819369,-0.0338461505058662,-0.0490112877233549,-0.0146956234730998,-0.0260686189177318,-0.0115920177545738,-0.0445389045689113,0.0063797081603558,-0.0285132592187717,0.0270721031112521
Po James,0.0061020946134213,0.02243290505233,0.0200293200616584,0.0493326949072149,0.0094471229443631,-0.0128117888778136,-0.015659829806209,-0.0222699073575764,0.020552104004031,0.0188930771291776,0.0023699199642601,-0.0249814606816768,-0.0466384051334325,0.022135824503213,0.0007537092761698,-0.0073926066234671,0.0278675129175072,-0.0190233608054738,0.0295065869992932,-0.0041255387385166,-0.0379886715453155,0.0094170962408657,0.0106626105441401,-0.0183717217397881,-0.0020020188931757,0.0347050057178995,-0.0071654320600649,0.0112640356695306,0.003611422354654,-0.0269139039096814,-0.023634855402871,-0.065744364224701,-0.0063993338676695,-0.0272971146927056,0.0064289884220966,0.0083351741429344,0.0069675116842475,0.0198766793853525
Priest Holmes,-0.0657724841953386,0.0042348546057751,-0.0229863598092474,-0.0062978635190938,-0.0055798574638373,0.0105620393736269,0.0784033257274599,0.0510023844230374,0.0251112771515788,0.024995518885389,-0.0196550417319917,0.0490104848977313,0.0018913370162089,0.0663140977650071,0.0035566133306453,0.0355390688456067,0.0810425247010665,-0.0913840192569695,-0.094059555748304,-0.0408125729650218,0.0800824206227752,0.0076125837782333,-0.0557120485716826,-0.0775527081841198,0.0097102499326239,-0.077008430730344,0.0549095313335615,0.0109678572566914,0.0037234353240964,0.0638524297884743,-0.000480096210978,-0.0046619794482084,-0.0215586835328754,-0.1120224615052611,-0.0185020975776954,0.1090979133603787,0.0442927295679462,-0.019000882044659
Qadree Ollison,0.030273592672293,-0.0271966855770051,-0.0044480967345496,-0.0140845336437556,0.0262637712549332,0.0189578311663325,0.0290817980959048,-0.027923067321573,0.0034802140779204,-0.0174343365334736,0.0115482427429107,0.0230178154224459,0.0091176421327786,0.0022240994502499,-0.0190468729079096,-0.0067208807676639,-0.0147739124824924,0.0100251769308893,-0.0031596453328474,0.0162632193386135,0.026077346549625,0.049429512978571,0.0049761083622975,0.016776579350393,0.032174946192917,0.0145843590325886,-0.003378500458979,0.0112472868393297,-0.00209207445639,-0.0005755844679582,0.0175599597680604,0.0285050112255608,-0.0114083949589176,-0.0011446280781363,0.0175890787929483,-0.0056844334879715,0.0093125354651447,-0.0335447699152575
Quinton Ganther,0.0224486158580678,-0.0016559566783731,0.0154144829587359,-0.002641278411466,0.0124605889129643,-0.0292982805571019,0.0092651242430153,0.0068392929543448,-0.0001567136222868,0.0068165546407359,-0.0206495495813999,0.0013371568730257,0.000362168707145,-0.0018549196654219,0.0303938961544615,-0.0152575323459849,0.0077413671824491,0.0136104223760541,-0.0349252748102545,-0.0202555755023186,0.0136711069710818,0.0050679386457112,-0.0096885795249754,-0.0231348507709627,-0.0073544438654451,0.0024871992458607,-0.0066603157594312,-0.0024561337089426,0.0002144242590389,0.0033359207731374,-0.002757746673451,0.0127661941928836,-0.0036849925567283,-0.0085432919932686,0.0162429376172646,0.0018607389691754,-0.0093281178473787,-0.0063481662407999
Rabih Abdullah,0.0255344222380569,0.0008618665637299,-0.012665194064394,-0.0223709465111488,-0.0145773294191047,-0.0051404173658016,0.0073747333901357,0.0224917232028168,-0.0327264333504732,0.0106974108488646,-0.010884356644427,0.0125608553114681,-0.004071728814478,-0.0111756726169092,0.0127037342286423,0.0298597172267511,0.0104544360455884,0.011846998199134,-0.0002783696675956,0.0297777740667872,-0.0121735719872171,-0.0281821392923658,0.0101625650542802,0.0204291767152438,-0.0056906418012367,0.002570763830132,-0.0084470089539879,0.0051472429896768,-0.0089283912971109,0.0095329461362859,0.0217889331750138,0.0314020934920552,0.0023228444871078,-0.0054575734960001,-0.0001017964642446,-0.0096045891775653,0.027141268086364,0.0222259103561646
Randall Morris,0.0174137131455404,-0.0251951619598926,0.0005379425077371,-0.0152443549806954,-0.009161718723136,-0.0084841404537754,-0.0205140064817924,0.0080518564359844,0.0515967200930224,-0.0588568962334042,0.0133379693512028,-0.0148502073989914,-0.0205425645318448,-0.0052338804686359,-0.0616326650554729,-0.0042737835298138,0.0054963431842237,-0.0124321384992502,0.0140799173258887,0.0267994900148402,-0.0117763041494903,-0.0053298423997995,-0.0053533021202486,-0.0089612415844968,0.0050910604487464,0.012486566225682,-0.0020763158733997,-0.0126191884173467,-0.0055893819854592,-0.0123136628621471,0.0235645758002848,-0.0223802584818602,-0.007800267675519,0.0330625515594225,-0.0015719319204935,0.0035672794022508,0.0042255762726155,0.0230083466682118
Randy Baldwin,0.022789980973125,-0.002442150320367,0.0011848310238871,-0.0208326209987598,0.0164756320810853,-0.0151120451815537,0.0144595785277748,0.0187370317099381,-0.015816006695272,-0.0159393021038899,0.0015720330001028,-0.002360294080986,0.0347247916836778,-0.026880606515327,-0.0391700578453213,-0.0255322796605218,0.0049714735045177,-0.0161074843577468,0.0337979283570679,-0.0007770714901242,0.0129324110348721,-0.0260980423209838,0.0290922837946147,0.0298058052474722,0.0234877992825855,-0.0038560921277725,-0.0176654220849314,0.0029522789880305,-0.0299824977592708,-0.0039826961978942,-0.0121777093034406,-0.0276105055527688,0.0098748665587002,0.0019855096920014,0.0344323512343647,0.0137851834104168,-0.0355774686711656,0.013816762990783
Randy Jackson,0.0293721227387824,0.0056971769817628,0.00431538638332,0.0236131950446304,0.0154078126816621,-0.0178282571705875,-0.0027879929473761,0.0279739178525918,-0.0513691508451036,0.0248456957485041,0.0139696425841417,-0.0024526353994511,0.0346528792150227,-0.0185552282145799,0.0571267008014442,0.0114365430088583,-0.0209769477001312,0.0054038483560932,-0.0209085775164058,-0.0058093768687417,0.0043025742221795,-0.0387501761838386,-0.0258456933798974,0.0421892234092357,-0.0044991605109861,-0.0076502555298609,-0.0008373150815848,0.0006326751117809,-0.015390573468686,-0.0063064807257061,0.0068120542012315,0.0314083972303025,0.0131982392906429,-0.0132334143881279,-0.0100281974761305,-0.0031802707655962,-0.0063636570802216,-0.0056494689473518
Randy Jordan,0.0107351858774633,0.0176275191694618,0.0019989433559997,-0.035044319753187,-0.0230658734503552,-0.0054732690335592,-0.0437014493653048,-0.0457752640743453,-0.0523801107274627,0.0039038686653848,0.0554810541119188,0.0073587030752537,-0.0048515289277554,0.0278904389295918,0.0068611855204654,-0.0356356414160894,-0.0284198551990602,-0.0266981207079981,0.0244328851444507,-0.032497806762515,0.02155577649586,0.0432138435046391,-0.0236826751652144,-0.0635795356694549,0.0088692262617482,0.0233141234463154,0.031021028069989,-0.0240796046644829,0.0297587174870848,0.0378467726959263,0.0513992162042178,-0.0373886026708949,-0.0765552136148898,0.002822823757256,-0.0412171372685123,-0.0103071958785782,0.0084745642121264,0.0178222982463001
Randy Love,0.028727621495773,-0.0110021183932368,0.0003789831026659,-0.0136086868169504,-0.0132026314602436,0.035052231386822,-0.0067338045231094,-0.0218628405279058,0.0194241938357785,0.0136847483214091,0.0152739700269274,-0.0036580094610848,0.0191429143165501,0.0086056432519234,0.0103860034258886,0.0080084476111336,-0.0245818123686705,-0.0057565171267529,-0.0247541278014127,0.0214138804164115,0.0052870546780081,-0.0133982442964635,0.0069518848980164,-0.0117887989143438,0.0039099137861261,0.0010717938513227,-0.0037681028183321,-0.0227111795276146,0.0133723737378483,-0.0234070638707334,0.022867216246759,-0.0107078330794692,-0.0031336319757481,-0.0021072887667861,-0.0047195473804027,-0.0063969817472834,-0.0018237889521025,-0.035908113086748
Randy Mcmillan,-0.0279092003085661,-0.0138913975394156,0.0225618673291652,-9.770047709460672e-05,0.017871869248969,-0.0102101838865774,0.0242118221054749,-0.0432839933669726,-0.0094153623309078,-0.0233389663334284,-0.038781420983937,0.0116743135813518,-0.0130817798873439,0.05920492056764,0.0091616953090653,0.0267675356099258,0.0417218743797307,0.040194432561849,-0.0200920845133988,-0.0153879996842228,-0.0366352463509877,-0.0834011199779882,-0.0123178497067873,-0.0629164778622776,-0.030830041209112,0.0028375435311023,0.0452924287368038,-0.0194874759255317,-0.0315511154541502,0.0281126406078342,-0.0568001524787059,0.0224561022046325,-0.0051923752613886,0.0147728531067671,0.0116133157065938,0.0411215284508447,0.0269197873878311,0.0236257306882849
Rashaad Penny,-0.0062464528128163,-0.0382794220690831,0.0188263621175375,-0.0048521113403751,-0.0135432820003338,-0.0107232037923781,-0.0737606700908841,0.015743015044304,-0.0085959685920429,-0.0463376970488273,-0.0110574343533779,0.0281708242052847,-0.0184760961844349,-0.0530027331757421,-0.0069952273152308,0.0097014077714351,0.0022589630821033,-0.0032215932316576,-0.004526939611406,-0.0205534434704076,-0.0343168117308388,-0.0203106051102288,-0.0071554308366723,-0.0314657548621447,-0.0063833451677395,-0.0363944337017907,0.0386641087275647,0.0120935355390945,-0.0306889353559362,0.0520412096194149,0.0077281901641133,0.0102097989886898,0.0316276548199831,-0.0268957260889559,0.0291121702731162,-0.0023267087495292,0.0531910496382532,0.040288698269736
Rashaan Salaam,-0.0040845719301041,-0.0414834951853393,-0.0545892857065394,0.0096146052980204,0.0222081281643133,-0.0334370228546798,0.0477048952060485,0.025416686563137,0.0026902131727082,0.0405640559373774,0.0402450517341742,-0.0374741143463343,-0.0008107854282406,-0.0797200996542714,-0.0472519002899153,0.0222404219022515,-0.00665516615401,-0.0484556112856537,0.0227863102214434,0.0268383522367616,0.0228912249039011,0.0487974108764018,-0.0169410156734862,0.0540010345817912,0.0111727004557463,0.0148532901695758,0.0026770880690022,-0.0161417089436562,-0.0754722791175689,0.0668327794919444,0.0026339626398188,-0.0117428697225317,-0.0278003208573178,0.0338332368608771,-0.0489287387958091,-0.0091590500625386,0.0002676608188824,0.0188422562575081
Rashad Jennings,-0.0161742543735569,-0.0046799360091705,0.0310571221061331,-0.0054716194533297,-0.0271758289417222,0.0119613659273582,-0.0249543278145625,-0.0472547720772955,-0.0235679234019306,0.0130923748536937,-0.0410620415202903,-0.0075887349610913,-0.0170413164421,0.0536463897862564,0.0183250417469951,-0.0159931939197964,0.0242841175642723,0.0372297394222959,0.0143429861000433,-0.0031856554158119,-0.0061090774052791,-0.011367915095072,-0.0078253441168086,-0.0122335226128681,0.0163038725843928,-0.0049810659608672,0.0247907270565182,0.0241613487800917,-0.0094342862818695,-0.0143724988342436,-0.0707745961554368,0.0359684697475308,-0.032781995121418,0.0216453348133183,-0.0178787493614108,-0.0499482347016154,-0.0287023997093443,0.0024302205100584
Rashard Mendenhall,-0.0311687632538531,-0.0320337608109352,0.0561278569527331,0.0104444087203519,-0.0224809220698701,0.0257920936948068,0.0487043983445844,0.0261202806431924,-0.0373894781525113,-0.0319001751297284,0.0211705595683459,0.0088043793845409,0.0125675312149763,0.0168849558676575,0.0186214961081313,-0.0356287387357623,0.0117040662098115,-9.961827644515104e-05,0.0028244685364156,0.0423465888524091,0.0079378251926525,-0.0131917299946054,-0.0298889169745535,-0.0052371286799083,-0.0250336900914688,-0.0169410093865104,-0.0039006276064668,-0.0042661234665862,0.0354870460357837,-0.0159395535371799,0.0306294196033774,0.04866393271778,-0.0044873891600687,-0.0086216828625982,0.0545299357656175,0.0842656337071677,-0.0134227529818271,0.0071135006894682
Ray Rice,-0.0739767122284974,0.0190386686455888,0.0878851776261833,0.0345159233997426,0.0428555117106772,0.0732202894845325,-0.047324046049477,0.0065465864480979,0.0076436514338189,0.0323098454441643,-0.0483493016992858,0.0589575299169126,-0.0616290053447452,0.0155798739031125,-0.0604253599853739,-0.0140306805154893,0.0727362480971711,0.0635538874884724,0.0005489061998282,0.0451194703345356,0.0557121624470481,-0.0131029590912798,-0.0644145889360077,0.0014634435579954,-0.0564037534157202,0.005603749280691,-0.038829484962803,-0.0338510328976869,-0.007480585162409,-0.0397791062181909,0.0431712936007208,0.010487126827464,0.0322217737662315,-0.0322451749152909,0.0112744267252761,0.0284110141808882,-0.035698123552522,0.0275056001484267
Ray Strong,0.0275251201603614,-0.0046416251205488,-0.0098152146309867,0.0171873065295586,-0.0202397025140953,-0.0150250421196659,-0.0225064205536602,0.0132054659896565,0.0116304099883953,-0.0229096298456541,0.0198944738205542,-0.0229361916879052,0.0171467030271294,-0.0046679263482109,-0.0219325716280594,-0.0162793865098386,0.030541913564783,-0.0137246013606379,-0.0413085087572368,0.0201048093678041,-0.00741869004253,-0.0066849408544015,0.0307028347917111,0.0079931589923396,-0.0138625655934327,-0.0006564529921925,0.0160389675356684,-0.0032698235639185,0.0016134535613027,0.0165211898403602,0.0222480583517748,-0.0041158225148592,0.0166956585683281,0.0093767254007239,-0.0169867256571886,0.0088062325755501,0.0064177089176419,0.0162372504736675
Ray Wallace,0.0190649157646222,-0.0070885464744499,-0.0236633891624836,-0.0144514822134148,0.0239158306462046,-0.0010631655615192,0.0216288698129747,0.0048038372123401,0.0112173104749072,-0.0363002341716242,-0.0379926035910374,0.0057354099142253,-0.0012633765531498,-0.0124222446536009,-0.0255725289023386,0.0041134537071393,0.0116597709496792,-0.0270058176645492,0.0157322514026401,-0.0002342330307264,-0.010752216010949,0.0140309455327217,0.0154866054519165,-0.004116095211663,0.0104899202427672,-0.0112092665688301,-0.0159046825290801,0.0100544522223321,0.008501763021401,-0.0146879224604476,-0.0172824273734722,-0.0088990830503287,0.0121278005183603,0.0010857988975189,-0.027763306924369,-0.0044270659124095,-0.0158256465731347,0.0249863001153543
Ray Zellars,0.0003298269733313,-0.026732457453492,0.0459154718383147,-0.0031919230535508,0.0059758513263016,0.0079381282540215,0.0207022668139797,-0.0115053659347664,-0.0069552690483946,-0.0154696513751743,-0.0012435734556837,-0.0308906283215653,-0.0092493740898338,0.0280439081150704,-0.0067052508743728,0.0111458602960609,-0.0151987079732034,0.0029160846048946,0.0121200410525197,0.0088223673742272,-0.0002188817146021,0.030734551248426,0.0497944802406694,0.0317330412011174,0.0396163907186467,0.0100099872470776,0.0025650800213727,0.0184303548461555,0.0596899819111971,-0.0527245642247486,0.0058942848905794,-0.0237727807920576,-0.0055785663719928,0.0060499729442184,-0.0109398067352283,0.0522555977512981,-0.0212138608730843,-0.0091611359872494
Raymont Harris,-0.0076359914028166,-0.0151869202896453,-0.0006750348726479,0.0042240024230106,-0.0075822895203206,0.0327766521698965,0.0219105917937393,0.0250290512148543,-0.0049240640550895,-0.0289441743634082,0.0073880076520957,0.0005779420551664,-0.0453666942535432,0.0197875626098989,-0.0109687136682495,0.0333203155068806,0.0243338291276982,-0.0747638457687315,-0.0231430934126408,-0.0189174926689234,0.0315065566256063,-0.026416897737773,-0.0150635469056536,0.0003864014947535,-0.0385466946024554,0.0280360143514847,-0.0052264148811576,-0.0058832462851322,0.0534040425496469,-0.016553445334204,-0.0518112792698453,0.0063361430098245,-0.0418319416011039,-0.0467362588903432,0.029701821762786,0.0033045779375515,-0.0291380634422144,0.0219872284635345
Reggie Bonnafon,0.0196180447289338,-0.006453686225695,-0.0044555085104796,0.0055721707351961,-0.0040922694018771,-0.0441044123274127,-0.0290070258372883,0.0465781489391586,0.0137511980008037,-0.0025821754347099,-0.0225749603570775,-0.0051519895513595,0.0336684182746298,0.0166763560428812,-0.0236453202833188,0.0083968572017294,-0.0043976225177193,0.0019439970913898,-0.0130963658197435,0.0035500252237188,-0.0014220063067961,0.0001269006669018,0.0024425396747926,0.004154817325566,0.0177061572230896,-0.0211503365814923,0.0135810902519701,-0.0042640202294701,-0.0102121304835938,0.018501104763994,-0.0214362897954375,-0.0271257159983156,0.0222308854093533,-0.0144704032113854,1.9547960824518873e-07,-0.0002619848336668,-0.0317832369513523,0.0156053752765068
Reggie Brooks,-0.0148778315914689,-0.0551754164877496,-0.0354700699440999,0.0183695719463542,0.0477074166808576,-0.0322841618294549,-0.0301891305289499,0.038747493730707,0.0023819042660541,0.0381757753598411,-0.0208110946077102,-0.010738452233095,0.010830039172556,0.0372785334157004,-0.061980131325131,0.0613762647903872,-0.0224199944368798,-0.0074854627008274,0.0474047253487276,-0.0407117642302593,0.0182144610849982,0.0246176136626103,-0.0398498435389337,-0.0099241038916269,-0.0022771648322128,0.0115968209949736,-0.0125404175900863,-0.0319641739518857,0.042775972627905,0.0261097735921205,9.793246321945608e-05,-0.0656240930833594,0.0073932402827413,-0.0332651035270198,0.033169419427418,-0.0277869382104037,0.014722441854331,0.0049085510961825
Reggie Brown 2,0.0330077811458157,-0.0045680409666738,0.0047127196923605,0.0163374469105913,0.0187694550569877,0.0393980290235044,0.0006183480992137,0.0016821602033824,0.0147199718445864,0.0205806175677889,0.0234953551386896,-0.0003979285322335,-0.0047836596741152,0.0054490824540913,0.004474618598177,0.0054453101311505,-0.0109020986957509,0.0289905116814074,-0.0269319090808859,-0.0070322473521632,-0.005074870225181,0.0257555666997038,0.0033510166773893,-0.0006580477949104,-0.0039759894408738,-0.0012125142916388,-0.0126484204803762,0.0012886973927416,0.0164607325469476,0.0028924194376176,0.0165476876371419,0.0182482069970749,0.0015704771071239,-0.0048016835346785,0.0015814093471272,-0.0082530699845167,0.0068235754480818,0.0077957170131869
Reggie Bush,-0.0642604359777658,0.050441151549743,-0.0256243309232743,-0.0020603926603207,0.0627284004513243,0.0529103527062917,-0.0462983718423776,-0.0662914730220242,-0.0065031317820729,-0.1024933792301367,0.0211283860017466,-0.1299907235743634,0.0215880812886362,0.0068444008575073,0.0325577530193237,0.0400456869030121,-0.0163439844541431,-0.1056052036323702,-0.0134091100127848,0.0982798019537768,0.0703100748188287,-0.0733043504128142,0.0465616635233895,-0.0033178956493472,0.0909564372924667,0.0062359380510175,-0.0647548592437305,0.0922800950918333,-0.0210550015863888,-0.0122117384356979,-0.0359356710552166,0.0610611339839595,-0.1188899114537401,0.0261920057835879,0.0089104443192889,-0.0169264076808028,0.0278916085588452,-0.0062894509331333
Reggie Cobb,-0.0249966738912096,-0.0137860709365267,-0.0066959576294316,0.0130808512909834,-0.0127995324015688,0.0097967734958799,0.0770162456490689,0.0138336061020356,0.0030343293699211,-0.0194854694165435,0.0317393774490895,0.0002960475306768,-0.0293501119502408,0.0391233215255757,-0.0101555871051163,-0.019836290211648,-0.0478048876599214,-0.0145927470298708,-0.0330263239186346,0.0280144146133375,-0.0042399617652011,-0.0631770969134892,0.0115909372661104,-0.0053884326849107,-0.0343279216989624,-0.010458616185338,-0.0288165243441539,-0.0528506470042086,-0.0061807217784243,-0.0704150647020035,-0.0339152537370104,-0.0003129235218877,-0.0506598233157295,-0.0254837199126425,0.0287836537570563,-0.0063620447378044,0.0132438673024104,0.0161615014457913
Reggie Dupard,0.0139071253969131,-0.0176938250767962,0.0180424207583233,-0.0014059365138342,-0.0065657478433629,0.0169858155042477,0.0018522569157044,0.0030525505999658,0.0302319189904459,0.0183537887018745,0.0229177593265096,0.0037184779684495,-0.0269732793844792,0.0332692151652577,0.033249447220049,0.0118812078565682,-0.0113295759699104,-0.006283924585949,0.0223960918071644,0.0107399733679283,0.0029715767477371,0.0336615794444093,-0.0062634069928681,-0.0111357837757979,0.0227389885571508,0.0063936692107489,-0.0142025203519714,0.0399659571870766,0.0041797817148792,-0.0135135697579305,0.0042541934372045,0.0115839255920542,-0.0027607448050416,0.0256505829480506,-0.0142450742613671,0.0257043849817341,0.0074209615386615,0.0021946246824339
Reggie Harrison,0.0243793953685504,-0.0153735082745267,0.0165740057688983,0.0287843333501393,-0.02984827870234,-0.0169632952339386,-0.0161138875199838,-0.003847100312281,0.0365605424702437,-0.0099832565621004,0.0033669066797257,-0.0223410516974934,0.0330344879463985,-0.0066054996365997,0.0269547160307443,-0.0188213018600879,0.0415094864583552,-0.0131498653540121,-0.0146662440787505,0.0213007781607486,0.0253169880856228,0.0049260635257607,0.0079548141395001,-0.0001763069006103,0.0043792007239147,-0.0162960966611971,0.0272822041671514,0.0080215851052922,0.0095449292008894,-0.0147058912909551,0.0035665009972995,-0.023286047044959,0.0082328661324976,0.0052721702789221,0.0098963104986892,-0.0102561611038213,-0.0109634929770477,-0.0008921546246873
Reggie Rivers,0.0111525792780321,0.0139955955536855,0.0016335871592187,-0.0081252343937833,-0.0070689705129637,0.0089612822797115,0.0119110311960652,0.0462806108363566,0.004006892651005,0.0185873360494069,0.0266485428709401,0.0219237091790405,0.0057857962843439,-0.0016284291610009,0.0355964637842942,0.0649916435213331,0.0074871067124374,0.0326507843263678,-0.0224658779776994,0.0243295623736079,0.0053730051536473,-0.0062252524837363,0.0201381436175749,-0.0199557972982507,0.0291927203606446,0.0043346911574013,0.0037207816744492,0.0042530976013936,-0.0027578960295887,-0.0101029182481563,0.0218218157373845,0.0359819969789984,0.0016416815110047,-0.0023720863556599,0.0150078320858803,0.0182086414074579,-0.0335870655388797,-0.0104802136478357
Reno Mahe,0.0223653242150044,0.0047929521263081,0.0079253104275406,0.0024286519467041,0.0276240788143136,-0.0249616612561057,-0.0055390253247309,0.0016915614848508,-0.0016298881964244,-0.0037559499114147,-0.0048869396963408,-0.0021241116474108,-0.0244064853210048,0.0175000238300396,0.0033467351140658,-0.026583539505718,0.0184496310393386,0.0069973206645556,-0.0128805089676451,-0.0233285747046513,0.0081657022228946,-0.0091656618677266,0.01596042398834,-0.0177227692143573,-0.0028889751837146,0.0097437911834104,0.0103084417583067,0.0025878969288155,-0.0046268705064788,0.0056842495211458,-0.0051192879059804,0.0166018237954834,0.0040574138592863,-0.0151875961532928,0.0094314032150468,0.0035189245857798,0.0166442640721417,-0.0062490186762381
Reshard Lee,0.0293941760794223,-0.016397481886728,0.0053884864001654,-0.0042969884015431,0.0158175171920571,0.0048195343274421,0.0109656267341604,-0.0127825457687992,0.0071948562436215,0.0055086167552276,-0.0130725739039009,-0.0015392240309278,0.0042241518149853,0.0062597690104097,0.0161729574528347,-0.0161508747659045,-0.0132902439604428,0.0114593106667409,-0.0184225812277672,-0.0148841360931093,0.0077699040835928,0.0114551518807943,0.003425447480195,0.0256278602712153,-0.0022814664114336,0.0128833260503371,-0.0083429161381544,0.0238187911378966,0.0071913474491015,-0.0070802511383241,0.0151260481342913,0.0151701033936654,-0.0133640063285257,-0.0138409616423332,0.0012198311805092,-0.0020308934875807,-0.0039103126932332,0.0137076538556868
Reuben Droughns,-0.020830129982159,-0.0064812657660415,0.0861446139079041,-0.0211017760330239,-2.961888962382433e-06,0.0578137553867447,-0.0070030081927447,-0.0282762564393983,-0.0723143410914018,-0.0273402264015152,0.0014857146619778,-0.0555811839534563,0.0520819516190697,0.0156034426411389,-0.0200486594831704,0.0613490624094499,-0.0227814536921587,-0.0038068607866659,-0.0064754936227294,-0.0444705699843114,-0.0684253372051006,-0.0035698811644194,0.0630543522430004,0.0702600859889861,0.0319393111569015,0.053788517007583,-0.0177902271449388,0.0034488086911523,0.017353113609801,-0.0069975295443127,-0.0035006570765105,0.0551238279744008,-0.0652661764525041,-0.0415450484287659,0.0244029485700775,0.040192423184184,0.0269403872920396,-0.0385045386471765
Rex Burkhead,-0.0006353976331078,0.0173708365239747,0.0121813807691705,-0.0205642079884924,-0.0290831661301669,0.0161155529958123,0.0089940290989973,-0.0152282018564052,-0.0315841151035986,0.0077457381752811,0.0218398259217994,-0.0064196184529129,0.0154962526793942,0.0084702086108509,-0.0040631686484791,-0.0012755339771662,0.0217322130035282,0.005922460578843,-0.0003708366341559,0.017994757125487,-0.0012941232275367,-0.0066148824137866,-0.0007421412019074,0.0075622668039615,-0.0060323623752757,0.0042064649549726,0.0422682345547242,-0.0209909914188401,-0.0002478359982917,-0.0126902647602149,-0.0218932675171813,-0.0315479698653082,-0.0061140103394012,0.03650002391925,-0.0003503709321715,-0.0076226973175082,-0.005538989110704,0.0065693706844243
Rich Erenberg,0.0027103981713397,0.0264783395068766,0.0189371762983916,0.013871903500904,0.0641234216490238,0.0082930160965884,0.0061264500078444,-0.0339402595734193,0.0197617031408991,0.028985531802534,-0.0066614287183311,-0.0034914857387354,0.0023685788410843,-0.0035433051043791,-0.0245661393250656,-0.0197689236921961,-0.0295624955512648,-0.0025934357283244,-0.0002669944311032,0.0225046516789986,0.0204270904430783,-0.0493388886297343,-0.0089130262374356,0.0190741428239793,-0.0307990123738076,0.0004456887191885,0.0007588827410847,0.0089146359643938,-0.0120528268922151,-0.0061140852207929,-0.0208918750790463,0.0224432561132298,-0.0217834497645388,0.0071668980155875,-0.0007467513697989,0.012122982463752,0.0028878643900036,-0.0150574902672436
Richard Huntley,0.0013739951082505,-0.0042242968729632,0.0432327316874656,-0.0193997948205639,-0.0175613823041295,0.0052604394658206,-0.0083256061768947,0.0084563989432473,-0.0184966668670569,-0.0157621866634174,0.0430845438506933,-0.0248398789257978,0.0433212094879544,0.024683877869841,-0.0524950016688023,-0.0203555560656056,-0.0327725252932584,-0.0534098324372084,-0.0131246130124126,0.0130357637242073,0.0143064275775613,-0.0047204342542224,-0.0180613793025209,0.0302200773427749,0.014146609042816,0.0402965582061793,0.0233695560042134,0.0046146252129102,0.0133690118420815,-0.0555206509301811,-0.0291555108143477,0.045970574173272,-0.0053353217180925,0.0190744969433971,0.0340952531714079,-0.0400458607216434,-0.0199948888091234,0.0392368723258243
Richie Anderson,-0.0110819125602283,0.0568643119875271,-0.0191337090228429,-0.048100052405775,0.0023984500389019,0.0037556712698747,-0.0452114010789331,-0.036037854662369,0.0146496784154216,0.0937748757720098,-0.0350706190604308,-0.0167129039812424,-0.0056056089310511,0.0365539245436912,-0.0496287569497357,-0.0274241626670281,0.0065780761663981,-0.0208132985318991,0.0162059642638644,-0.0022328122790875,0.0026021393971487,-0.0027862906810871,-0.0077321739866633,0.0349349285456914,-0.0158511367454079,-0.0588984940615102,0.0158684816807472,0.0004672568507119,-0.0431391542068248,8.47076228531149e-05,0.0311535763454519,-0.0284002128552801,-0.002341704322296,-0.0337743368768628,-0.0008068923990529,0.0187175557217592,0.0115906067940277,-0.0124708319085646
Richie James,0.0294153604508294,0.0179934876040649,-0.0186566827526545,0.0225474771177588,0.0361462840227074,0.0236302375788096,-0.0103102745439531,0.0241874610649497,-0.1160376564408453,0.0114703204664713,0.0200765441680898,0.0318274614546407,0.0074082219179346,0.013120003520759,-0.0621948478828171,-0.0630661977470899,0.0100650508080322,-0.0115195108438413,0.0200973282151527,0.014246308331116,-0.0371406237621314,0.006570994991816,-0.002176160872177,0.0206542794527668,-0.000917999032599,-0.0264774886841676,0.0040587154728679,-0.0005820898321793,-0.0198567255944686,0.0040410423825264,-0.0114767063827581,0.0075346505592363,-0.0082477573530317,-0.0076093639591883,0.0311843583144327,0.0163215226812934,-0.0093591640601538,0.0231701764713881
Rick Berns,0.0319397555677975,-0.0105559062600022,-0.0284651228401901,0.0176407062133271,-0.0187643907193476,0.0221702108948359,-0.0163514422815578,0.0237662202226824,-0.0116043212615552,-0.0080927820022336,-0.0178321220809393,-0.0095408191633865,0.0063317384402409,-0.0087306139032536,-0.0310584213423368,-0.0029824347796697,-0.0020372109611578,0.010245181532561,-0.0253619322377899,0.0105766970160732,-0.0214116999233415,-0.0008280030467503,-0.0279991388819079,0.0084530273248759,-0.0060105187332012,-0.0151584124511154,-0.0133425424500971,0.0105098308967664,0.0059635571662277,-0.002899639575366,-0.000375433206273,-0.0013956044559206,-0.0179968242507925,0.0193590775442019,-0.0003204662596277,0.0066861128868821,0.0118225831478691,0.013497846139905
Rick Fenney,-0.00594040177434,-0.0044184509092956,0.0345306706931655,-0.0274022852024511,0.005763752762012,-0.011849360421888,0.0573464624810817,-0.0063284201413727,0.0039858931425503,-0.0092192176610175,-0.0147021344365641,0.0010389384311427,-0.0129312491667789,0.009787622928181,-0.01361638527681,0.020954544284975,0.024917570695635,0.0010411603537281,-0.0130978637515723,-0.0133208086651329,-0.0198047632899243,-0.0126618884202334,0.0599332739987864,0.0007157841648625,0.004572253006013,-0.0303062322039732,-0.0065744562825816,0.0103783893413973,0.0070098668541662,0.0009733307260878,0.049140084894137,-0.0143181096700961,-0.027974506271307,0.0316635430490787,-0.0395832392172767,0.0168951899211564,-0.0220727070357394,-0.022081891447674
Rick Kane,0.003584056623173,0.0202192919987851,-0.0306879552970502,0.003796328745784,-0.039275179582501,-0.0371130812653237,-0.0089663358205178,-0.0043248206971638,-0.0208365041505659,-0.0224245884698234,0.0309472191498623,0.0065859991749874,-0.0025553389931611,0.0045367671771716,-0.0153049886571608,0.0222816248056676,-0.0366641388018141,-0.0097819014261482,-0.0552028187574281,-0.0031151806660617,0.0054774275212612,-0.0124079293196316,0.0256143562796732,0.0298831045252521,0.0004484289046288,0.0023593558641511,0.0249333437512519,0.0128660468467452,0.0038584315324483,0.0204180919873079,-0.0230671860423301,-0.019717150969095,-0.0167257539820702,-0.0024652478455513,-0.0118242577259084,-0.0072252171695132,0.0044115277829349,-0.0143402576204128
Rick Moser,0.034947134233932,-0.0165651115551956,-0.0126802677162357,0.0244335780020213,-0.011311514185016,0.0261679302846909,-0.015226353064349,0.0066035040701856,0.0207037763222425,0.0091554376715316,0.0042137294329433,-0.0123777269194759,0.0078981240081538,-0.0085518817735845,0.0136561288854333,0.0029776997636743,-0.002853882984335,0.0042905417133434,-0.0297546777643714,0.0116122089965238,-0.0079743056290761,-0.0138539007334845,-0.0014806365575687,0.0027135616666482,-0.0033085973606323,-0.0058723039439291,-0.000462383704426,-0.0049801572175122,0.0050226471911816,0.0115486761016078,0.012896733153305,-0.0154446749272964,0.0061343648957875,-0.023019963366482,-0.0119726242873061,-0.0118043917943792,-0.0040283251602669,0.0018643058283991
Rick Parros,-0.0034127153017478,0.0154404638543451,-0.0461140810247792,-0.012153336241493,0.0167404107543444,-0.0249739977955681,0.0288729910753813,0.0157955466705773,-0.0045734645986944,-0.0081523868402449,0.0289199475767587,-0.0330161520805542,0.0176328196184164,-0.0813456038739948,0.0450347561985436,0.0521051770358299,0.0007896717669751,0.0099322681521778,0.0091366876257921,-0.0016511414080166,0.0454008526590202,-0.0390641567435528,-0.0499063261194343,0.0178734218430676,0.0125008598563838,0.0664401423999386,0.0120706498591063,-0.0022804694622429,-0.0157029416215387,0.0201717697226928,-0.0171407778172431,0.01273774004487,0.0137284711275708,-0.0207557694770968,0.0184384282779153,-0.0147035592540757,-0.0388986067432712,0.0676582063700828
Rickey Young,-0.0277749180627321,0.0780920891255416,-0.0248625554660136,0.045274722779655,-0.0136631728679902,0.0447409579823251,0.0096664306583824,-0.0155220204749005,0.0541006480113782,0.0154523185166397,-0.0132884238941085,0.0292335292242331,-0.0084117129296089,-0.0125146718873993,-0.0393442553879024,0.0032041059698765,-0.0399958085036401,0.0579488385650498,-0.0252653142173221,-0.0563394322993505,0.0558215250737358,-0.0120851185689229,-0.018658469368987,0.1018712236559211,0.0147864244024287,0.0352624940384451,-0.0048651079651715,0.0380753773676637,0.0105215455509929,-0.0107843964338772,-0.0015994811010977,0.0199509150048142,0.0923614779914271,-0.0063758957459498,-0.0503561423944981,-0.0138632429349721,0.0398744694398513,-0.0440540948253778
Ricky Bell 3,-0.0048328161050061,0.0150118245285933,0.0071698596387244,0.0539799931186836,-0.0387250828904659,-0.0131156478156663,0.0292942467504283,0.0122523249006903,0.0081279066831671,0.0023255053462691,0.0078729223563466,0.03061894114114,-0.0181022336677267,-0.0007203004701972,-0.0076167281340721,0.0003413322952899,0.0036019153069163,-0.0247284251981237,0.043066679843852,-0.0068542695548457,-0.0013551024803247,-0.0379794994361656,-0.0124173357517383,0.0145401717255284,-0.0086509213290722,0.0360605124708811,-0.0764460077431672,-0.0167571492009963,-0.0042565066265856,0.006773950305369,0.0215627168109637,0.0226371246934444,-0.0035390483257118,0.0217821294283665,0.0189637066287104,-0.0047604317586924,0.0434486688913137,0.0292964616464192
Ricky Ervins,-0.0161306160490418,-0.0065520628939644,0.0068294986150172,0.0014124582459055,0.0255778237248504,-0.0407799312774378,0.0034321538422767,0.001946021812133,0.0026006298264746,0.0038592598363505,-0.0217557118595619,0.0074017647496416,-0.0255278727721894,0.0246917282145601,-0.02443043963358,0.0175941679797164,0.0056068821979839,0.0008781496054189,0.0316765179087925,-0.0370493832444061,-0.0400872544063161,-0.0333304837872646,-0.0280285309218763,0.0360458958880939,0.0031717212283962,0.0045526652399659,0.0124750230292179,-0.0165680848051476,0.0002339968931471,-0.0187189278279936,0.033362024601616,-0.0124839854307746,-0.018520992837458,0.0038221393234819,-0.0423420644249643,0.036845240897269,-0.0022952148835484,-0.0125862838772176
Ricky Patton,0.0221219781168639,0.0014339931808412,-0.0026328167037107,0.0289082966013335,0.0063723021447955,0.006870694741977,-0.0143847903264494,-0.0060012130669084,-0.0212250595109717,-0.0128133605695836,-0.0005172489444662,-0.0077546284773663,0.0155106311477021,-0.0014745776367373,-0.0054773274983554,-0.0073449620502443,0.0079322161246794,0.0066959896401048,-0.0042886482996004,0.0012355603786654,-0.028811115801956,-0.001028944748389,0.0031771464041022,-0.0177583373586262,-0.0070191694980136,0.0024456050253403,-0.014015432763665,-0.0002965885357196,0.0016009833136379,-0.0040358220165775,-0.0117911593645502,-0.0191097521696364,0.0083622734135351,0.006357463999008,-0.0195236840211132,-0.0183971591220818,0.0030688283732943,0.0029072818492044
Ricky Watters,-0.0943249722860341,-0.0140393684542217,-0.0111154721972474,-0.0004590835711051,0.0419573439882963,0.0319459907108019,0.002026725183765,-0.0262311367170764,-0.0252462317914636,-0.0164860599259676,0.0057103366335568,-0.0481186636105223,-0.0483667496669801,-0.0389221544560466,0.0455402620608781,-0.050753808655389,0.0236857678468553,-0.00305007454421,-0.0197652146138383,0.0042050916071683,-0.0197531106607017,0.074061833688355,-0.0291570345958359,0.0788659375525217,0.0071194088774196,-0.0312025564073425,0.0003153293590694,-0.022912001524319,-0.0090518647038485,-0.0006131575108911,0.122678046317755,-0.0265937543752604,-0.0229701339162292,0.0019351414974811,0.0039215114128426,-0.0083352959709234,-0.0249556576775218,-0.0333748388674855
Ricky Williams,-0.0559867209844036,-0.0277360816984286,-0.0902610504025853,-0.0176302245085925,0.0039944612204229,0.0124418424171219,-0.0371460342122146,-0.0907282937164116,-0.0409248662589456,0.0316806177679834,0.0541010868089448,-0.0769929874977029,-0.0404272846961378,-0.1029643100623053,0.0091030450425236,-0.0921466421409216,-0.018791540413881,0.1336446678542515,0.0400409669736586,0.0998574169950713,0.1001226310929549,0.0281361827190409,0.0519261190921497,-0.0635770733435521,-0.0004077612268659,0.0700720209287702,-0.0969213831669627,-0.0281731969856043,0.0109297320624985,0.0296106223257261,-0.0406469766137913,-0.0262313173808369,-0.0470259419808049,0.0141977801316948,-0.0491953311222699,0.1516176381820533,-0.0881506240922548,-0.0036176608534106
Rob Carpenter 2,-0.0206960126033054,0.0138497452377271,-0.0065875560917069,0.0146058842134868,-0.0516435002090223,0.001438484578325,-0.0147687954346506,-0.0296476240296677,-0.0121565208470541,-0.0216380900765262,-0.0197779899731754,0.0055933677329122,-0.0214491575515007,0.0283230850392924,-0.0352644984467055,0.0261170124652139,-0.0474982292818616,-0.0089854769063097,-0.0413461256330188,-0.0195976188606958,-0.0001625227255839,-0.0392727625842768,-0.0538061781662435,-0.0301618318731553,0.0103775797215746,-0.017511070880461,0.0243625456504278,0.0129581553328425,-0.0394050197676227,0.0125034050542874,-0.0212689660908443,-0.0094712673098431,-0.0189863779393649,-0.0082694636946242,-0.0037509230586316,-0.0153250748112232,-0.0087855396202331,-0.0068534487191316
Rob Kelley,0.0066369621631646,-0.035733792105876,-0.0040905778626691,0.0312932345141202,0.0204407546356478,-0.008873631424439,-0.0179190527345146,-0.0163797755343836,0.0197322526483979,-0.0063628750197672,-0.0347564046585667,0.0532794190322476,0.0270236605497839,0.0013904116216201,-0.0027418358545251,0.0155875546461363,-0.0059419712034754,-0.0035036966380389,0.031519136108991,-0.0139795050406842,-0.0295700135812726,0.0028987370348637,-0.0280387210941907,-0.0045349526566456,-0.0069354845350652,-0.0306096028664176,0.0420716994883239,-0.0063833377266888,0.0040168655409418,-0.0022298267138595,0.004496892112548,0.0124881896052354,-4.366782337447174e-05,-0.0057986018429496,-0.0034400546973691,-0.0135370781612814,-0.0129164507712516,0.0119625427835808
Rob Konrad,0.0125056637857512,0.0355351619371602,0.0011390790978546,-0.0306815378722843,0.0327029668931208,-0.0006309157486246,0.0047755001122346,-0.0109781902327661,-0.0125354642527731,0.0073523953653668,8.665190754626826e-05,0.0175647097664343,-0.0019159745106176,0.0036613695510501,0.0174039470362303,-0.0086752605192075,-0.0081883685373132,-0.0178243827815656,0.0089498826176817,0.0214345744560334,0.0426856818247615,-0.0569599083768708,0.0636303416458587,0.0132350576006648,-0.0578335955913802,-0.0069969649032078,-0.0156457088945122,0.0042835162374369,-0.0111167527508653,0.0115744965758288,0.0199708839355753,0.0165916578585224,-0.000241034949858,-0.010608420673532,-0.0006344282133882,0.0029506906247649,0.050282956739247,-0.0019096112249654
Rob Lytle,0.0061012201541762,0.0171964675770691,-0.0057762468905995,0.0263723511861842,-0.0151762042673108,-0.0361318981875272,-0.003694218246108,-0.0068283648820513,-0.0180397282316956,-0.0242423815093787,0.0035894863093774,-0.0011470164129968,-0.0042041671778043,0.0122595062890628,0.0073447589794917,-0.0031942823502351,-0.0114959871595467,-0.0203503267320125,-0.0154113198310306,0.0181295838667204,0.006405686417487,-0.0049752726252365,-0.0243147626638316,-0.0275156634765312,-0.0249664991471324,0.0274164664643624,-0.0261246517394226,-0.0060493042334428,0.0437775042675179,-0.003137104997677,0.012445122515437,0.0076181642737659,0.0083451198201988,0.0174756143765363,-0.0193318795327803,-0.0069945212383615,0.0314726963722628,0.0423817055929687
Rob Scribner,0.0225487679911212,0.0071258458987566,0.0179083728500947,0.0192025296405457,-0.0113553361218986,-0.0465396795251191,-0.0140999888624862,0.0236251390885619,-0.0135556332855683,0.0048746909786422,0.0239017349214577,-0.0190538285649302,0.0437030955189426,-0.0200580699791952,0.0181044227244781,-0.0133911902796669,0.0203289951504478,-0.0084970543683207,-0.0249727269544657,-0.0148001353110387,0.0154955441748212,-0.0323815890642151,0.0065558286012993,0.0278909718878358,-0.0125728104266969,-0.0186350488106428,0.0020518763787732,0.0152426139340683,-0.0122963212351182,-0.0060127194996487,-0.0170368472716204,-0.0320328596491724,0.0083744543745243,-0.0068285392470432,0.0192068949746722,0.0004032042573689,-0.0424059197289298,0.0047638393947982
Robb Riddick,0.0063117314460887,0.0006991689963185,0.0308428503994115,-0.0400040311137031,-0.0249934442597114,0.0368230344537904,-0.0258284336246048,-0.0540542930752808,-0.0273146872737215,0.0478899382189795,-0.1029566611753225,-0.0340597103815603,0.0145626674936569,-0.0335452792212575,0.0220631612515224,0.0040303648349387,-0.0062800310478393,0.0356417632110175,-0.019089050873176,-0.021815427618341,0.0227228410771906,0.0268040617703842,0.0581572094063678,0.0199277466405852,-0.0931288984218288,-0.0604674163143724,-0.0503298943159948,0.0402175854744645,0.0219008905052316,0.0090992968217301,-0.0158260685146794,-0.0370860674021741,0.0126685462301202,0.0346731382719704,0.0057760809762165,0.0228172211983661,-0.0453813480592743,0.028037619488127
Robert Chancey,0.0242036906996463,-0.0139099015460454,0.0021114412601294,-0.0191691037868179,0.0255037044205472,-0.0155332325627911,0.0170226334110005,-0.0221991896559432,0.0193562359091672,-0.0221354663233869,-0.0205618731930431,0.0068436526754272,-0.0046045368411071,0.0060958680644405,-0.0028932425577126,-0.0335051967106178,0.0087856899341772,0.0004738366143863,-0.0066493766418982,-0.0037617380490699,0.038544355944585,0.0102594227135075,0.0023478969780582,0.0112390096946841,0.0021332684159865,0.0269219629365509,-0.0089211309553376,0.022129813573405,-0.0098161076910452,0.0052907479112641,-0.0021292115861006,0.0193023695591414,0.0023786574273367,0.0066060070719342,0.0004087629295992,-0.010180796338866,0.0052021097498957,0.0007611734241388
Robert Delpino,-0.0198109501927858,0.0448527680999061,0.0368763486695293,-0.0028188861564539,0.0277065157978539,0.0007660514746164,0.0193978350805896,-0.0181713299732428,-0.0304644493133705,0.0059855362078702,-0.028204441890706,-0.0399485925734808,0.0177735382146569,-0.0033405699811132,0.012416839124216,0.0259313470589181,0.0294684696719829,0.0143447842884121,0.0065042541742386,0.0156004215798213,0.0035152381535698,0.0152473415631033,0.009679039188905,-0.0750751361542331,-0.0238344715548459,0.0137090310520977,-0.0207854084778155,0.0382407815982866,0.0022653002934642,-0.018129633704854,-0.0214293521230652,0.0233265990309977,0.0311802083672333,0.0255606596515634,0.0065228701335911,0.0370217383665808,-0.0068220069468586,0.0199386397667223
Robert Drummond,0.0232854583328332,0.0033659701479508,0.0032001497986053,0.0086268359619007,0.0246557690830226,-0.0131081495783454,0.0008303876783547,-0.0011895616992945,-0.00494000940835,-0.0114411357274457,-0.0094030806587609,1.1609753773146568e-05,0.0042811173751788,0.0077634139726201,0.0039172761776414,-0.0156574170374305,0.00614667321555,0.0050242759529366,-0.0102311519094415,-0.0058912288275236,0.0110305627434214,-0.005609217351767,0.0036748402293136,-0.0023651130685367,-0.0198919871690381,0.0012391003063417,-0.0111408656134654,0.0208399230112614,0.0021935623680517,-0.0029887925442861,-0.0039571903919637,0.0165565931284227,0.0002164048971675,-0.0151705130304109,0.0007374105908281,0.0161139957563909,-0.001822356517719,0.0158924333100564
Robert Edwards,0.0053379146477473,-0.0204118300144202,-0.0868402951853487,0.028282608170352,0.0618463404453923,0.0093035300143855,-0.014719642570087,-0.0150673608154599,0.0008997120678322,0.0051477051832103,-0.0070218472549111,-0.0125914232832536,0.0211950082124913,-0.0221134132577384,-0.0077972352757275,0.0223336113708215,-0.0160893713497068,-0.0382432847293271,0.0345992647174279,0.0138696709394405,0.0093795525822479,0.0593778059365364,-0.0309060054623972,0.0101222777217823,-0.0616503165028174,0.0019027120850201,0.0145091487463546,-0.03921605889675,-0.0161687625698112,0.0499560792386152,-0.0359143238198708,-0.0085571053582338,0.0114075779386424,0.0309349787597276,-0.0350077050359717,0.0049203783260941,0.0378786094413605,-0.0441338800760171
Robert Green,0.0054795019881132,0.0067678720983644,0.0339537822070218,-0.0364188342686544,-0.0080276351699368,-0.0182279485223138,0.0153453361289191,-0.0006480881632645,0.0211251826202036,0.011021694820478,-0.0245039144628353,-0.0332557222182075,0.0087090708201722,0.0020985346237054,0.0012256266609561,0.0199831495876277,0.0147063975503955,-0.0047936820503353,-0.0050436556632876,-0.0406078680104639,-0.0044133889378827,-0.0079672273879588,0.0681859518449161,-0.0071386813690081,0.0135447554090501,0.0208185096657048,-0.0127564489413953,-0.0045201950011659,-0.0034851308520029,-0.0124184388844218,0.0146823819928735,0.0416924273310342,0.0029080541996876,-0.0250431369980748,0.0299577918552429,0.0380490930688471,-0.0051244948183056,-0.0194756114610898
Robert Holcombe,0.0023767391050025,0.0095500237119896,0.0037092307186246,-0.0394267965483165,-0.0052342234483397,-0.0393176778028171,0.0311599949927951,-0.0028161399899875,-0.0257651382971742,-0.0063601677117958,0.0343442684005044,0.0224693672306608,0.0089527477495202,-0.0272388761006825,0.00437708271876,0.027460832261372,-0.0081680199723492,0.03379688069045,-0.0020356952320378,0.0193945379001753,-0.0087324568890831,-0.02001949452113,0.031638796138688,0.0487357440552904,-0.0008948928849539,-0.0272325258245841,0.0105864032746396,-0.0127657125144736,-0.0117916111945843,-0.0134124692367844,-0.0079154743639249,0.0134022327187612,-0.0511475251715532,-4.14446052462751e-05,0.0374546064852535,-0.0046002749180125,-0.0089186865536712,0.0093974448577349
Robert Holmes,0.0082626902715216,0.0121747051544393,-0.0221105224376085,0.0408863796128012,-0.0211269534913481,-0.0025819194524761,-0.0004132700663748,0.0048305907332915,-0.0032033957874153,-0.0247562345394167,-0.0077532849217248,0.0040522953219043,-0.0184279754706487,0.0074542996836666,0.0033765517311205,0.0253973288314661,0.0228168847544796,-0.0110892068007376,-0.0169214242979118,0.0467470537036001,0.0149944459939172,0.0236022621962183,0.0116233585359362,-0.0033265557121152,-0.0086402822253,-0.0174461486157231,0.0173512083667587,0.0119244050337005,0.0120120960154776,-0.0005766960337493,0.0094717362901129,0.0286526545024365,0.0229136609031896,0.0159195504223623,0.0179068449183097,0.0169911273513957,0.0090445814853413,0.0296152715216481
Robert Hughes,0.0326697059854906,-0.0158459497589694,0.0007670967400797,-0.0578724455978356,0.0359472330132202,0.0088850016254044,0.034901795800496,-0.0272762473296689,0.0246047448570545,0.0083292699907252,-0.0648847735600646,0.0469651955290132,-0.0308447703172758,0.0086390717696517,0.0606857472942069,-0.0200374934143756,-0.0324662435570599,-0.007118822075212,0.0174163461817518,-0.0371120105065623,0.0337686706714272,0.0182536338617894,0.0149702971136774,-0.0075052523861488,0.0146561462473356,0.0340720159817115,-0.0589281655883316,0.0403932347878256,-0.0012909477343574,0.0227318723599041,0.0145825655945275,-0.0052242120138757,0.0331099398584209,0.0093581484840427,0.0155549589786472,-0.0140332523738051,0.0100437862904596,0.0448044616708583
Robert Miller,0.0090190208891413,0.0293739139154515,0.0031962844351293,0.0259782003430411,-0.0167791133719468,-0.0075622436562657,-0.0104296137717704,0.0231710674466489,-0.0140508460686985,0.0036875720200712,0.0116497302036687,-0.017413799849699,-0.0101029998663131,0.0025690949408107,-0.0108224561359252,0.0089840703934522,0.046383083285,0.0240046350980647,-0.000572513285514,-0.020393823765146,-0.0077474500289144,0.0290086856267389,0.0075947713473151,-0.0120629453006518,-0.0031440481587162,0.0225111815549926,0.005154311215349,0.006155532137707,0.0138552216711681,0.0033453992109916,0.0227288900053718,0.0290847182893222,0.0216502516295949,0.0085242802650738,-0.0037533567338221,-0.0174237877863402,0.0014819207014881,0.0237054354871888
Robert Newhouse,-0.0109239259758849,0.0254310727617854,-0.0202735311785913,0.0154707000919571,-0.100262822285411,-0.0144144511725787,-0.0099573769431928,-0.0079265518167301,-0.0105400212554332,0.0004390177361243,0.0124887789034141,0.0096321314642046,0.0209461909471886,0.0072376527816984,0.0220029995113733,-0.0160473481208615,-0.0165791682320192,-0.010706033419584,0.0013627727201001,-0.041175086180453,0.0450614537731474,-0.0090427494403291,-0.0472283885670411,-0.0232457343725334,-0.00103804082929,0.0079606135218206,-0.026660698263512,-0.0073901825207767,-0.0081812138942036,0.0041508945576794,0.0550227141566519,0.0008857658784944,0.058388797478344,-0.015139612674336,-0.0321782979718104,-0.0055944688974437,0.0213579869411281,-0.0178857021295465
Robert Smith 3,-0.0437847226604048,-0.0388420998399086,0.0970409926316624,-0.0164308169536877,-0.0171131936753147,0.0191765540207815,-0.1403034007836682,-0.0140728549558706,-0.0191992037163019,-0.0316155207904087,-0.0382860932748994,0.049626928889413,-0.0764821069099844,-0.0636220673216576,0.0302010312844046,0.002451171135456,-0.0132196293040212,-0.0360191457560045,0.0158547990160229,0.0257248528818629,-0.0308259384150776,-0.0437818658272978,-0.0209687609883763,-0.007581013201743,-0.014970018624434,-0.0044045501897852,0.0226001915558338,-0.0324933107909993,0.005567354726096,0.0291769765943697,-0.044059142029562,-0.0673920062522177,-0.0072725296793589,0.0043628080684711,0.023077540811994,-0.0273188809962181,0.0147204891164917,-0.0116714019150354
Robert Thomas 3,0.0191255157551621,0.0063101285153693,0.0151951252484547,-0.0425340081278219,0.0266485177239229,-0.0095082579718559,0.0179865307168029,-0.0093270006924787,0.044498089345371,-0.0136464156365997,-0.0095875112459666,0.0120043014628715,0.0093877366978855,-0.0085061118734523,-0.0228664586006111,-0.0205084548282879,-0.0151171275151183,-0.002184487931473,0.0022242563180092,0.0095656784898513,0.0177890154822755,-0.0256583754497523,0.0239609966783372,0.0137820514567216,0.024154171098772,0.0107750223012583,-0.007774461251703,0.0005952065202073,-0.0054730087783535,-0.0071396184535055,0.0012777690368288,-0.055150015355162,0.015995271581551,0.0127575389368174,0.0250267871527565,-0.002934601073349,-0.0187822391106417,0.0086820446311599
Robert Turbin,0.0023314777597595,0.0104365324005472,-0.0108766249579982,-0.0192653907180598,-0.0085341823215153,-0.0131930826592786,0.0180947008892872,-0.0034694967861048,-0.002922421698631,-0.0172388435097497,-0.0084161293060545,0.0152151759683786,0.0084044402504634,0.002798263136246,-0.0391306965603058,0.0102545102220451,0.0098545847513002,0.0145224382885519,-0.0223843306153641,0.0088895183077874,-0.0010177831338825,-0.0369928776594616,-0.0375507723615594,-0.027392178487609,-0.0404244737101607,0.0118216631124893,0.00177044342968,0.0298540321309776,0.0376844007921395,-0.0187342378215903,-0.0155233087268819,-0.0004591721484675,-0.0165610808028327,-0.0258683997728111,0.0198598244721818,-0.0148429220036977,0.0005948234189126,0.0525033599408242
Robert Weathers,0.010124474796094,-0.0174540482085228,-0.003115922706102,-0.0144516283302822,0.0008414598524832,-0.0156957721482462,-0.0170386621694971,0.0365503066464861,-0.0012921218023747,-0.0138018292026904,-0.0044217937963267,0.0043054285121761,-0.0333672088866162,-0.0093389976776229,-0.000437852964951,0.0103770116092145,-0.0187537954707389,-0.005596350499663,0.0355657818470045,0.012945731764989,0.0313563135310358,0.0014218297613434,-0.0145055782900231,0.0064267094325761,0.0383244907358901,-0.0008428987376599,0.0053400486200722,0.0441139946995194,-0.0081832319537846,-0.0119429926394038,0.0232918460959788,0.0143551733376146,0.0120030504005055,0.0195383065754164,-0.0478403147058082,-0.0257730781846635,-0.0010179355938956,0.0189980628988273
Robert Wilson 2,0.0293805988395834,-0.0091956330862261,-0.0505997066844433,0.0090488904509938,0.0098691961372238,0.0472881929884259,-0.0246309572616661,-0.0071387854893241,-0.0133906615347948,-0.0060518255609679,-0.0188240617916808,-0.02434228650515,0.0110540775826775,-0.0132023140028089,0.01902930022646,-0.0052134842782521,-0.0019146612706319,-0.0259750688420182,0.020827866711344,-0.0015677932124907,-0.0065633996801128,-0.0017978003920889,-0.0199221169764735,-0.0074975763416695,-0.0306961413418392,-0.0071888253256332,-0.0058004000663239,-0.0138438830005866,-0.0117318032383261,0.0058617972483717,-0.0094348772653365,0.0210708697092237,-0.0003428714252785,-0.0308155970017529,-0.0101824191018456,0.0203788650724486,0.0047688043832037,-0.0188064036184527
Robert Woods,-0.022355092256348,0.1056285297608485,0.0216254901115019,-0.0472824461741054,0.0310006847707112,0.023189230452452,-0.0463871795899363,-0.0120731314231461,0.0150606184961009,0.0173600642320704,-0.0268839702774482,-0.0182140110247907,-0.0210879184209024,0.0156707448833808,-0.047408865948107,0.0158808055995496,0.0662868724552642,-0.0956353645604604,-0.0482626321227828,-0.0011797697952717,0.010171334235604,0.032597811420479,0.0142666723113395,0.0603340189616123,-0.0239340557845547,0.0112178116256484,-0.0054419566911311,-0.0130574562870421,-0.0221531391869038,-0.0819023543135649,-0.0337694629136073,0.0077403845495038,0.0487014918407802,0.0345330722004427,0.0215485318050628,0.0960685377125978,-0.0309367857634306,0.0352230000534712
Robin Earl,0.0270402900436697,-0.0104305992373537,0.00419970790879,0.0336049356716742,-0.0025251395499765,-0.0169330610066766,-0.0230942586799642,-0.0038127536341474,0.0331847428712881,-0.0077787263029712,0.0013690995509262,-0.0255267317791233,0.0015062191810998,0.004099341446591,-0.0020500324944737,-0.0313519267688721,0.0116439229033486,-0.0042937359440511,-0.0139845470579122,-0.0089628748191499,-0.0088734157506739,0.001599643779172,0.0247875151359784,-0.0304176514858524,0.0044272896208408,0.0175076657766535,0.0160989575328441,-0.0152799395574851,-0.0151554776708587,0.0052988122040899,0.0067270667926039,8.254781909498334e-05,-0.0065449083946178,-0.0323294613471286,-0.0098457673775664,-0.0144339249416311,-0.0095908159340938,-0.0122575165089762
Rock Cartwright,0.0077424096830807,0.0060219147076832,-0.044899941248858,-0.0487746395969405,-0.0303092707950458,-0.0035963038283129,-0.0431510404800673,-0.0184615250495456,-0.0163186568349342,0.0042495708483588,-0.0737999550968872,-0.0390753573739654,-0.0144433273062201,-0.0074710109929836,0.0342099918033063,-0.1088845159706657,0.0021348651620008,-0.0392461560764431,0.0457352748347418,-0.0205772502690444,0.0072350259312747,-0.0146829637635752,0.0562075458521598,-0.0153099475123795,-0.0331704230867362,0.0012192638691571,0.0165696165739285,0.0134185694354,0.000629732256909,0.0200805338084406,0.0243384713471656,-0.012161818918894,-0.00837016088862,0.0109987330145311,-0.028555765824967,-0.0190155370367284,0.0364979792390927,-0.0081541637212192
Rocky Thompson,0.0296296334283456,-0.0130037797919771,-0.0104134513536851,0.0372889178491485,0.0041901322853411,0.0136264457481858,-0.0193390774161956,0.0007397126452759,0.0239451112850698,-0.0136246483192352,-0.0084199363711369,-0.014605158400699,-0.0153583231673426,0.0087282417056014,-0.0176685027144311,-0.0071956393376702,0.0131559832707191,0.0038619641857534,-0.0039802557861557,0.0078091080116997,-0.0015871647341265,-0.0116908540992711,0.0092167073554744,-0.0017807592344321,0.0048794092436926,-0.0006127602933797,0.0167268292415818,0.0056095635473616,-0.0075836321230783,-0.0114975481976564,-0.0096936587847004,0.0076238193807528,-0.0131124410151407,-0.0022631657219139,0.0078081751759627,0.0016258728925193,0.0041081984408858,0.0027483440127499
Rod Bernstine,-0.0228232940423972,0.006259302482749,0.0321264168921238,-0.0745712640167001,-0.0353723327510781,-0.0170402104346593,0.0183817462656378,0.0060799160478484,-0.010706878869183,-0.0525920035954791,-0.1082922989118156,-0.0367988906903848,-0.0186103226471539,0.026890241408854,0.0575067700128523,-0.0163974083929261,0.0462175216052659,-0.0466162922245661,0.0225134606049624,0.0018891838606684,0.02132438209601,-0.0247420667700706,0.0704839372233671,-0.0155071060969603,-0.0099709029646084,0.00633424355242,-0.0308349553674201,0.0450516186778198,0.0570958397589044,0.0906330321280563,-0.0049682926994339,-0.0449614346878035,-0.0185056289416303,-0.0106154367001241,0.0012978574589023,-0.0575439617062923,0.008406899076559,-0.0195961425966656
Rod Mcneill,0.0197832805365692,0.0105766038476523,0.0170484168650913,0.0340880455274296,0.0109769533942989,-0.0199549275812212,-0.0136670958159426,0.0101172502307957,-0.0086009829956447,0.0118362027666238,0.0033852433726618,-0.0061930727860766,0.0209654094893471,-0.0061822577179363,-0.0030293174570253,-0.0443368916662458,0.0048138007854592,-0.0007949099153561,0.004929730999295,-0.013576434750071,0.0176453716865698,-0.0071994093603902,0.0142453619864404,-0.0127100917563889,0.0001864630677743,0.0032657331814607,0.0288982174169674,-0.015522941720599,-0.0137750203501166,-0.003735934748201,0.0018805845827505,0.0172530323014423,-0.0116075359508689,-0.0068046925275181,0.0013828692229127,-0.0065823517604503,-0.0073613147386514,-0.0197334889574778
Rod Phillips,0.0204336093102334,-0.0013453858728263,0.0052557416792943,0.0127078344176044,-0.0480487277718263,-0.0453378943560598,-0.0359300733974113,0.0071982363875307,0.066115433921509,-0.0304786630970637,0.0364852030548069,-0.0436005067459444,0.0254670809160211,0.0040524104686471,-0.0263449905818158,-0.0515298774639345,0.0466498811960034,-0.0042102104477395,-0.0192175240021086,-0.0024317063394444,-0.014758418299135,-0.000810411560815,0.0462093819600234,-0.0039607167778494,-0.0489804164077714,-0.0156407177952097,-0.0009451666870842,-0.0086956166843197,-0.0350894744501756,0.0322450104188081,0.0138698314946144,0.0268859232061928,-0.0057930732327466,-0.0720284543201282,-0.0142555682054894,0.0076520708401831,-0.0006220467600082,-0.0051782624721568
Rod Smart,0.0332530005957671,-0.017499611517393,-0.0113220340288647,-0.0398633233151911,0.003582624686883,0.0278491489758994,0.020687396408703,-0.01013013995819,0.0288755777341238,-0.0058357144527138,-0.0083449582027981,0.0345939591883513,-0.0201414279690431,0.0080954892126381,0.0052185228837596,0.0451584421138613,0.0019729849788213,0.0110229347777257,-0.0118237045754314,0.0440634355066687,-0.0224716957535035,-0.0113568139513027,-0.0109007195194552,-0.0120003572972008,0.0557601713634624,0.0251129697139344,0.007307747629268,-0.0477651429624099,-0.0401949289983096,-0.0442073508565033,0.0295786795045689,-0.0301004460849992,-0.011770112000047,-0.0106046495155608,0.0250495660283891,-0.0122616189397557,0.0024528569933612,-0.0694357582232911
Rod Smith,0.0251644559888027,-0.0110459423137059,0.0165804954792252,-0.0181260386958088,0.0179469808522864,0.0230185921421805,0.0013495376929521,-0.0087830134196428,-0.0138679543993128,0.0131480550868608,-0.0192929050433464,0.0409019914716604,-0.0181135896758133,-0.0037361522164635,0.0323063108802157,0.0087621229044284,0.0206847367197752,-0.0287847445233047,0.0269316834632668,-0.0096781234596469,0.0195141101172838,0.0152288103346687,0.0255557742574075,-0.0238218298848818,0.029397579291707,0.008739820086426,-0.0099747725379826,0.0033713631899285,-0.0090966948575876,-0.0212805344078469,0.0004632410602052,-0.0326636771983931,0.0271704281954207,-0.0070237160643377,0.034858227865215,0.0133108655646961,-0.0551054269811272,0.0287377853310069
Rodney Carter,0.0095427023758496,0.0381863080976205,0.0356401002209119,0.0210375460321371,0.0552998404755397,0.0200179351703663,-0.0315907762329868,0.0062435241431863,0.0069623313482441,0.015048229449066,0.0141997766783231,0.0189992901504872,0.0363383488140371,-0.0209745526769727,0.0122188137834724,-0.0198845341445902,-0.0303343951478736,-0.0262294416017204,0.0444238469543385,0.0695180085995702,-0.0216191547335594,-0.005915199205307,-0.0246266904038584,0.0029861128617454,-0.0185469130689602,-0.0301874110111707,-0.005983348652304,-0.0265920095052896,0.0221787692311729,-0.0287437464690682,0.0069477232097775,0.0419594844049804,0.005156271931631,0.0248147555581878,-0.0349772262062545,0.0011715044925703,-0.007218058266604,0.0103781605025315
Rodney Culver,0.0002877641243327,-0.0063231351163092,-0.0016843202104805,-0.011836546367109,0.0441693533145169,-0.0187823442881159,0.037370366602807,-0.0282645805110669,0.033153989281855,-0.0401885104185368,0.0286762489291869,0.0137501755042207,0.0468575682900292,-0.0258784790590967,-0.0163192253444673,0.004621378296426,-0.0157297721975785,-0.0400064040056381,0.0282522114358225,0.0036129777870912,0.0109120330481469,0.0279751070548659,0.0069128349330211,0.0026496381147246,0.0083268402468401,-0.0426998555769286,0.0481177128383746,0.02182229255585,-0.0096863914239204,0.0044075556107377,-0.020987279209131,-0.0193800098332997,0.0185830913691146,-0.0061718571327898,-0.0014976909016697,0.0025143240236281,-0.0295970221398493,-0.0204900441809483
Rodney Hampton,-0.0537041897578465,-0.0387354253609826,-0.0090257440327977,0.0089449818500009,-0.0157528181754153,-0.0025600454727058,0.0756368004411919,-0.0070954991348347,-0.0173994589717668,-0.0343647191844709,-0.0145036869867881,0.0053146555978912,0.0031266012220079,0.0528219166578166,0.0397915060118731,-0.0155466915714791,0.0509369651195106,0.0477873116560617,-0.0169955027416373,0.0120494176066944,-0.0158740536905039,-0.0457646302962209,0.0143041158521386,-0.0268275223845591,0.0046677210789283,-0.0543937346349151,-0.0772762097115584,-0.0365773689932714,0.0038949713432381,0.0074469602469678,-0.1195458300019002,-0.0089889429103332,-0.0147022936929922,-0.0284511791265463,-0.0320752478384372,0.0723080550394499,-0.0182523004673558,-0.0335970484846225
Rodney Thomas,-0.0121800764455849,-0.0046207918151095,-0.0427895992438168,-0.0095192240463183,0.0215517558545234,-0.0712212464366233,-0.0128732229791009,-0.0078366037435436,0.0175388776919671,0.0316100113110071,0.0083668711694636,0.0039002575611448,0.0216195382996907,0.0055829397789983,0.0083385647010215,0.069275941335955,0.0173814556343366,0.0136541092164098,0.0313175864898438,0.0214070085670276,-0.0086606822572635,-0.0117050075849948,-0.0264662342625174,-0.0041628961659617,0.0011223066703169,-0.032818917246822,0.0035982444461089,-0.038981062659891,-0.0056390762773158,0.0561676474707325,-0.0305416050375856,0.0084857023578048,0.0124312734629695,-0.058096820999392,-0.0085427644533347,0.021325962052297,0.0207881548089885,-0.0030250269645955
Roger Craig,-0.0743104465629027,0.0315999793930042,-0.0543799121585286,0.0026862414641026,0.0278887556232675,0.0405539965845689,0.0368648398477648,-0.0162925581643796,0.0285162107911106,-0.0757017861284967,-0.0015678245031956,-0.0538668774662773,-0.0322489994218014,0.0591308325234946,0.0869977269557837,0.0279479193446757,0.0649561057651578,0.0162402404625228,-0.0106403455206477,-0.0692392658354583,-0.0241917700349913,-0.0029864892519363,-0.0702618970060084,0.0411179686950581,0.0724100810903959,-0.0452389179678396,-0.0034039005461156,0.0317835676588764,-0.0609868723148745,0.0468366289322778,0.062190807610922,0.0466384587614589,0.0046134711216386,0.0051538598133628,-0.0343795436169169,-0.0509017333910531,-0.048089151491068,-0.0754673352880897
Roger Vick,0.0002744366962127,-0.0164094058402163,0.0233630278711921,0.0091959952531152,0.0161387409045511,0.0115137938841803,0.0400303018913564,-0.022064489920414,0.0005533282174759,-0.0121841993698456,0.0174965967042224,-0.0438234824134721,-0.0097228646485008,0.004317937929705,-0.052093011484699,-0.0012791605005385,0.0137481705641871,-0.0129431574614844,0.0103493586673713,-0.0035274539617892,0.0304151895859247,0.0146011066492422,0.0069276914654571,0.0050819290554551,0.0105243840979156,-0.0040881146873448,-0.0211353967374007,0.0102356303822541,0.0056950353902989,-0.0095647455445628,-0.0220337766467192,-0.0498809652154611,0.0068807514169305,0.0100493232149715,-0.0001170526280039,-0.0196787243457352,-0.0116013103309132,0.0151180927976311
Roland Harper,-0.0032923070467968,0.0265868713991675,-0.043448870153711,0.0403970870605811,-0.0398715399898275,0.0051522269289735,0.0022677235474728,0.0091065768964258,0.0009012648733051,-0.0454532383210002,-0.0194933145445871,-0.0015329979908794,-0.0136309161674047,-0.002192689841498,-0.0135967061277158,0.0134154152700875,-0.0037682570044427,0.0413280551550596,-0.017489941073316,-0.0194602783366178,0.0373390947775611,-0.0198251563792066,-0.0108475548483393,-0.0274145805579727,-0.0279119277088374,0.0282133457404386,-0.0271128535911384,-0.0027813013069543,0.0325176196555185,0.0253271293737793,0.0164899155026251,-0.0460575193532744,0.0007223128114164,-0.0396809940680977,0.009747402551513,-0.0221569024496509,0.0301838755197718,-0.0141196901894117
Roland Hooks,-0.0009772377881408,0.030011962441077,0.0103870539923022,0.0220013134392679,-0.0413089997472713,-0.0456348086430799,-0.0134754597069084,0.024177357971361,-0.0093484094530008,0.0005232576626507,0.0077435397091846,-0.0150200867470209,-0.0081867591519725,0.0160663766209653,-0.018079613031094,-0.0190316170088216,-0.0010954597636326,0.0158074654271211,0.0315233043780553,0.0007455490232188,0.0187946045450943,0.005463863567704,-0.0148737592592139,-0.0320545393527994,-0.0040386154221268,-0.0124516127164217,-0.0046501469012437,0.0137041647675622,0.0434430215662336,0.0183458027731662,0.0011620167725863,0.0490411086472244,0.0140796741078475,-0.0260859421728608,-0.0132557418619459,-0.0059888204508313,0.0087839327374842,0.0114219257479413
Ron Davenport,-0.006518181694982,0.0044091592234274,0.0168851253411068,-0.0117267863466061,0.0251701264325757,-0.0212320160775275,0.0052595227407539,-0.0119251965716754,0.0341463154928073,0.0015077947558902,-0.0042414167794956,0.0258131824647538,-0.0275187367334355,-0.0378742336252449,0.0304564606602051,0.0249723173009792,0.0033784984328467,-0.0410599945698793,0.0444082021521015,-0.0256511805611788,-0.0604541671062354,0.0439541670775791,0.0237645765820488,0.0347833935369897,0.0333970030615407,-0.0481084406983237,0.0493809404882056,0.0171142547991517,0.0035507524925123,-0.0188988230695387,0.0032717126169718,0.0410663481197734,-0.0160843649452928,0.0740839143482227,-0.0416161538403425,0.0147403608686118,0.0048105277077563,-0.0062946956721612
Ron Dayne,-0.006614548151859,-0.0355746103362248,-0.0350058244604361,-0.0100363326757709,-0.0195766570742758,-0.0263868889416368,-0.0210053971402862,-0.0398546910400295,0.0042385123207027,0.0358481681892426,-0.0007215223245177,0.0313007995693762,0.0222714603742117,0.0101404286950589,0.017693328621026,-0.019379782854754,-0.0093499302826746,0.0849664891464462,0.0492915451253817,0.0031742628772104,-0.0085558456622888,0.0099573224201961,0.045559865789343,0.0258325119199585,-0.0023355052259036,0.0032798211848643,0.0233999084245982,-0.0064003406733352,-0.017064378198809,-0.0296580070559349,-0.0392451752235436,-0.0174554447018523,-0.0153827003370061,-0.0143691756894925,-0.1066049507703615,-0.0007204819727629,-0.0203271482972497,0.0387225711519512
Ron Johnson 5,-0.0348380298993332,0.0612107344339028,-0.0010143514301983,0.0934580411488675,0.0133017157943917,0.005934656996295,0.0281023470063418,-0.0534760546479462,0.0321236576903378,0.0020176221503453,-0.0580843177493128,0.0414253768888332,0.0423214452002083,-0.0270046848244241,0.0092666043020424,0.0272397338558353,-0.0283976744961364,-0.0720994194179945,0.0456085824662101,0.091546257665347,-0.0128549317622748,-0.0139881635792289,0.0054296834031425,0.0102153194932274,-0.0670236977037958,0.0380158818697446,-0.0026627943399506,-0.0004269111813708,-0.0676416576773655,-0.0372842343532087,0.0054149660727112,0.0107386713505186,0.0098424022422481,-0.0139091655728764,0.0197026076838703,-0.0096538619210304,0.0432601917321632,-0.0173285095190835
Ron Lee,0.0225529328550627,-0.0279058699313781,0.0209202110769253,0.0478029576311834,-0.0252600213848711,0.0069519312758349,-0.0300712838003813,-0.0210964743058277,0.0973646462040776,0.0078447027706303,-0.0270432285062212,-0.032286327140711,-0.0006464936919853,0.0097656304071113,0.0120117558586298,0.0080576257924833,-0.0058163736156672,0.0095955297347675,0.0662879559487212,0.0040675438242991,0.0095714955860072,0.0060161849098648,0.0094939083900047,-0.0393068933133161,0.0189119649931194,-0.0556548409724639,0.0388327062403337,-0.0111538576902554,-0.0159472646173718,-0.0245713170793044,2.301793797280681e-05,0.0244878495314335,-0.0437088702052746,-0.0215530865848219,0.0108281734802991,-0.0013640627842196,-0.0338738023711709,-0.0266703279550037
Ron Rivers,0.0094400710834764,0.0039043479031258,0.0284634372042683,-0.0358597539012654,-0.0199692437032261,-0.0605045242775692,-0.002699292764777,0.0074853951355346,0.0092052077953273,0.0080233217978058,0.0083076194118824,-0.0043770870037893,-0.0033046675798319,-0.0170884006303818,0.0186791550555539,0.0120794033683912,0.010562044371699,-0.0098647500121733,0.0095538957339489,0.0346909287146634,-0.0213329352427084,-0.0394759480027817,0.0031226581372956,-0.0053436521722049,0.0326140859111723,-0.0132723638778478,0.0095770186689237,-1.6235188386361926e-05,-0.0306015343898778,0.0225900198784856,-0.0197480385147327,0.0223578481807714,-0.0016644596181512,0.0216652845367857,0.0148213104511322,-0.0024011240426648,0.0121686378865898,0.0150592600354118
Ron Springs,-0.0244835980276986,0.0525434228562534,0.019348475396656,0.0019440653071521,0.0018109114374218,0.0146741336898177,0.0284562835461001,0.0141374888909937,-0.0092182499747745,0.0099690464080468,0.0267583352875673,0.0233948169528506,0.0007861082448962,-0.0015380892598255,-0.0055821438497781,-0.0151823554516862,-0.0453085856519502,-0.0307021785787816,-0.0339062432068695,0.0135171596804367,-0.0045061730100852,0.0604019038872023,-0.0098268609188238,-0.0156907957914252,0.0271797471912442,0.0104962801153118,0.0317373216920004,-0.0377898405325573,0.0309893861234572,-0.0158563106769087,-0.0291001256951362,-0.028935569363689,-0.0329733436242802,0.0067750098459543,-0.0277800962189227,-0.0165103572088594,0.0166326675362203,-0.0071533383680061
Ron Wolfley,0.0194991154697874,0.0069831046641956,-0.0549550734040443,-0.0398494523681891,-0.0544060935844103,0.0266345502720163,-0.0163057139140292,0.0204835584209008,-0.0470807771695564,-0.0057921063133721,-0.0074556116422351,0.0081879754134755,-0.0051255675768894,-0.0099023394574925,-0.0570223303157401,0.0055243355451349,0.0242102556929965,-0.0148107384948552,0.0042252618235134,0.0588731092993942,-0.0352274762628316,-0.0289059893105748,0.0031964337866235,-0.0075059966393411,0.0188215832962963,0.0126925380151866,0.036538950974396,-0.055152355785003,-0.0279241163642367,0.0084335764974631,0.037950581458562,-0.0177196578841225,-0.0155846269120793,-0.0229458847267009,-0.0039217504322591,0.0047086158694703,0.0157974935287456,-0.0550201186645618
Ronald Jones,-0.0132528786327214,-0.0285209228319378,0.0541367774228241,0.0162356562310282,-0.0095923519277877,0.0179448462314476,0.0089017745873957,0.0208754360513901,-0.0273477184101541,-0.0246199807376336,0.0312686104371364,0.0109128429619208,-0.0217207205797785,0.0265549111851504,0.0375029872184013,0.0109021450841128,0.0087614371192513,-0.0066778603514217,0.0264841105952632,-0.0048051573086852,0.0130396386229985,-0.0059070891758964,-0.0026762912740075,-0.0459827195926721,0.0123003438808077,-0.0252467724705653,0.0148545487873014,0.0199260007012885,0.0015133441282787,0.0070837727529482,0.0289727879920984,-0.0005380820587696,-0.009038526482365,0.0722836906910702,-0.0371353478540102,-0.0042920051423642,0.0081122644953319,-0.0168705777307449
Ronald Moore,-0.0023875923568225,-0.0382218590115148,-0.054416047431488,0.0097122099859064,0.0023557662266084,-0.0217710361702657,0.0442623377162236,-0.0059221534689738,0.0149208771604726,0.0377261322991301,0.0283707511560605,-0.0023322559659938,-0.0247648074371117,-0.1012048181532653,-0.0070888560327607,-0.0059002091095793,-0.001185226542479,-0.0253905763095151,-0.0078575011705799,-0.0139277357552293,-0.0682882515134,-0.0053524104362699,0.0296188123873076,0.0392296414196215,-0.0293344334095085,0.0237792359698327,0.016625590482401,0.0027557147186256,0.0034587111268216,0.0124967531631042,0.0241511431148354,0.0417325174186005,-0.0419621349032433,-0.0031376042916319,-0.0351003306420145,-0.0181069351295814,-0.0176673866672911,0.045736325696532
Ronnie Brown,-0.0416784165277099,-0.0007484213137384,-0.0752443061530072,-0.0135875927143553,0.0100789103601824,-0.0362296951533405,-0.0063093041121073,0.007308396305398,0.0227976064772412,0.0020507868541285,0.0098059959991214,-0.0133556086580562,-0.0400181186597671,0.0461325753249408,0.0111977449028517,-0.0125997205928219,0.0226091144535679,-0.0030111333753878,0.0168465928198321,0.0265391872212983,0.0126908254681095,0.0164116427501969,-0.0452764028786927,0.0080335696855799,0.012790391245436,-0.0233717998809331,-0.0196763175851416,0.0412676249665403,0.0151262281482498,0.0361350829689868,0.0471286561509112,-0.0119157106444954,-0.086814718684253,-0.0091042967691675,-0.0508051116696136,0.0506376071429407,0.0047149552744857,-0.0237337878547765
Ronnie Coleman,-0.0060027207830768,0.0333812810017894,-0.0062690867722951,0.0350184930341057,-0.0494278572716738,-0.0018968365870299,0.0067150221592831,0.0141092514532957,0.0455233665454215,0.0201971372588779,0.0225582554474612,0.0115812432042536,0.0184984204993318,-0.0300133742898754,0.0440553009520015,-0.0028945433804574,-0.0453181071895674,0.0315360851457155,0.028226481844141,-0.0496740788247617,0.0156807285402745,-0.0007905060877136,-0.0027159852997125,0.0226056952805208,0.0141498497741915,0.035325158534863,0.0248568312467908,-0.0173167834009102,0.0042331022742898,0.0312627207722061,0.0039442463968958,-0.0242262118404266,0.0201671002149819,-0.0360827346510907,-0.0193047624882866,0.0465920069979276,0.0520731595720995,0.0015706247302228
Ronnie Harmon,-0.0407947670978573,0.0950471836234481,0.0045512364086889,-0.0437851951855993,0.0133611469988077,0.0134498464853847,-0.0372447956496032,-0.023177300206805,0.030839089907032,0.0539594132140366,0.0074617904458134,-0.0142290791446131,-0.0587096417988578,0.0181008182887368,-0.0115959891736751,-0.008579367993612,0.0013501313363843,0.0039961717195421,0.019226721480054,0.0238872266255957,-0.03030986575298,-0.0269611782180151,-0.0350611691730044,0.0224536264539293,0.0138610690549898,-0.0266813474943565,0.0265495549175998,0.0243411544073472,-0.0050783145390823,0.037122978552685,0.054876742025928,0.0049973301746716,0.0110907166043411,0.0138280235437246,0.0277796743570247,-0.0037168219703575,-0.0684317291437782,0.0352151079551111
Ronnie Hillman,-0.010015039809249,-0.0227933900352021,0.0347747242262266,-0.0064140209322798,0.0082534756256551,-0.0069237959576583,0.0141071387031608,-0.0172949427291884,-0.0192005614918109,-0.0137033657333944,9.880584956027798e-05,-0.0453758545380685,-0.0058356846990754,-0.0162037721102903,-0.0329400844261509,0.0145079453603254,0.0223940842698855,-0.0022158678012782,0.0237603629511886,-0.0054157723278643,0.0239043718987556,-0.0146458816605178,-0.022310966739486,-0.0227191765000583,0.00465430916074,-0.0126897481692762,0.0167773683125583,0.0112257074132812,-0.0016583083037759,-0.0093830487590569,0.0294347007059165,-0.0181715798216035,-0.003396197647752,0.0411916217673524,-0.0017028859959597,-0.0403329271210619,0.0219517484771019,0.0041688615664898
Roosevelt Leaks,0.0003964798931452,0.0087197903863447,0.0001237629447587,0.0095166192185484,-0.0660162136619982,-0.0113202131465842,-0.0038525900856014,-0.0282540975982907,-0.0188155284824211,0.0034609016584804,0.0082562105489087,0.0181262271731919,0.0594536466987583,-0.0271700813985441,0.0069808239532017,0.0064254195630309,-0.0224263121029231,0.0598463420543982,-0.0122570536221478,0.0014737646993155,0.0023536160172107,0.0369609097973797,0.0125456859750115,0.0204416475669919,-0.0330801688966397,-0.0159462227337112,0.0046715186109206,0.0460975526277702,0.0118571396286109,-0.0138579115620062,-0.0303202572202867,0.0011162755620287,0.0069991655019261,0.039439946052425,-0.0351614307761591,0.0151903810812171,0.0033237751771394,-0.0015522006445726
Roosevelt Potts,-0.0099331498803406,-0.0043264253264544,-0.0402507765860056,-0.0078250529900024,0.0253785396818372,-0.0304524445064412,0.0118682456179758,0.0505631619593005,-0.0028021798908723,0.0397972280771075,0.0238209009132133,-0.0638249860664532,-0.0392239353985441,-0.0806881464258486,-0.0454676460827389,0.0468821833744032,-0.0048881992672317,0.0258517935770275,0.0461612669912149,0.0444874502927223,0.0308532366226247,-0.0122166110216525,-0.0344881527846471,-0.0714266179098711,-0.0275554177329842,0.0088858546960473,-0.0504559335304474,0.0326246786684292,-0.0291332446947734,0.0688606179867526,-0.0262026127306452,0.0431321296418501,-0.0030593927740553,-0.0320234068437779,0.0083865238293302,0.0309384223431727,0.0035368839589477,0.0013762350588101
Roy Helu,-0.0063653407308404,0.0304403412019653,0.0015576866262175,0.0046733389126765,0.0551762830281321,-0.0147979824908158,0.0095971626451834,-0.0341037868455211,-0.0020228590448726,0.0080983981396585,0.0025642037497094,-0.0110662816633946,-0.032409362730607,0.0168954485738052,0.005613166425525,0.0118935048187144,0.0090483280990612,-0.0270637147231989,-0.030746722690695,-0.0033264747259845,-0.0092321992919842,-0.0036493068307274,-0.0099078568540289,-0.0303814740555022,-0.0720839561704701,-0.0107695467667954,0.0040078421485361,0.0198767753900269,0.0201725266126289,-0.0029250565347762,-0.0123204664909947,-0.0207353989638302,0.0089075276044309,0.0093462243432948,-0.0084219091847115,0.0455340821100958,0.0094114180829908,-0.0030789964518812
Royce Freeman,0.0046910975726728,-0.0117469701398483,-0.019342460178924,0.0048686210375491,-0.004560675327652,-0.0117523078199565,0.0227569313528667,-0.0103103525782351,0.0060755852617128,0.015835613053865,0.0141289140181884,0.0061797561735543,-0.0318568907376361,-0.0296336167421829,0.0198347772212235,0.0218556720845793,0.0105392149420164,0.0128712299924285,-0.0103056834127461,-0.0175272976087878,-0.0168773344652643,-0.0335186120808509,0.0184724585414472,0.0169206951214616,-0.0086444585865453,0.0262783500012693,0.0031214690204198,-0.0038178325248974,0.0131627667137102,0.0303022457796951,0.010503873228957,0.042118928816258,0.0112922675952358,0.0184413386369718,-0.039541633948108,0.0160784809008643,-0.0189974888582335,-0.0097093016023274
Rudi Johnson,-0.0382999313615652,-0.0494329281130171,0.0459463481923729,-0.0084631263943988,-0.0291896562940911,0.0500902591043421,0.0687060039110381,0.0243920730065597,-0.0247307039516212,-0.017354235630744,-0.0327636093613592,9.331594957477222e-05,0.0323303430471245,0.0954370413817185,0.0372505216149927,-0.0663775274829442,0.0189836478600115,-0.0047389756958712,-0.0343459435612019,0.0621736528662013,-0.016167252208277,-0.0250320853123231,0.0463742967589398,-0.031764712630573,-0.0298719182790166,0.0138193037055914,-0.0369120940527165,-0.015714003875472,0.0273818200534184,0.0619794936027035,-0.0138143633632043,0.0237031877316843,0.015440343384423,-0.0546082137192082,0.0049766264720206,0.0528499370257483,-0.0109966631124795,-0.0332064460231446
Rueben Mayes,-0.0179158510404531,-0.0451652317581974,-0.0998082703561408,0.0183947963215221,0.0040557716129776,-0.0364288843964066,0.0088999394800332,-0.0126084267356839,0.0158456353166986,0.1055383633098294,0.0228081381107841,0.013086493636195,-0.0161698614198612,-0.083785555789711,0.0032639690294195,-0.0067443792936701,0.0277441009603453,0.0071008450142241,-0.0008064651020148,-0.0440973305807848,-0.078179784830233,-0.0286236090367448,0.0016308197505423,-0.0327889617175487,-0.0077107309101878,-0.0271434475918585,-0.0261669630112025,0.057145664631425,0.1412369764430855,-0.0631904025029819,0.0267090486904342,-0.0227289521899296,0.0540947368734487,-0.0903470547225844,0.1142587709068698,0.0047393078185327,0.0613705166781072,-0.0183487045308395
Russell Davis 2,0.0253578749247558,-0.0223656308461246,0.022355151829151,0.0004475015624697,0.0037470077255233,-0.0098469806851373,0.0077117852151601,-0.0194049863840483,0.0386850930205019,-0.0175627526226556,0.0221230209182987,-0.0016767043030358,0.0095858730643808,0.0101972971978293,0.0164771601222692,0.0030279360216911,-0.031089764802528,0.0309234222031474,-0.029312232446872,-0.006498476451817,-0.0048886491573708,0.0031359707312209,-0.0227893500537432,-0.0107405643958116,-0.003622981110046,0.0075461024356761,-0.011947230492098,-0.0034027583161626,0.0085246806817449,-0.0036332419169305,0.0009549195079538,0.0274718235740512,-0.0128700974605579,0.0220732732052208,-0.0074578931973875,-0.0320606427406778,0.0098064594045817,-0.0085074183569539
Ryan Grant 2,-0.0362546751197523,-0.0331384821224795,-0.0076357660120305,0.0159256170875105,0.0185937748941764,-0.0530860776542478,-0.0007464594145859,0.0205893748489603,0.0422613097033722,0.0513860273074035,0.0151555570442631,0.0477077538077416,-0.0096708691639648,0.0533321237965305,0.0758422037357032,-0.0291791446208301,-0.04037861070058,0.0066975060636844,-0.0096794757559865,0.002243125196551,-0.0137492017059081,-0.0591203715743279,-0.0261625799842161,-0.0297790312031464,-0.0441101526083945,0.0382478412717038,0.0423908336810161,-0.0586217745309127,0.0474731311573796,0.0163866700036802,0.0442598060602747,0.0395781255142435,0.0069155381482752,0.0001150867544512,-0.0046246311342911,0.0140424074533237,0.0750396507916697,-0.006843997797046
Ryan Mathews,-0.0446709579348724,-0.0363001838247316,0.0123591403795201,-9.681115546972636e-05,0.0059284519129399,0.0045436961819203,0.0252447794778377,-0.0240856628770515,-0.0053693090200109,-0.0292636058814737,0.036301158705527,-0.0526885639139616,-0.0536963640820948,-0.0723867291427764,-0.031372699114794,-0.0044140220803236,0.0062463067438856,0.0458777298980437,-0.0297248398132634,0.0025622181746036,0.066333299062174,-0.0038128316506967,-0.0058650886521264,0.0294033489907796,-0.0229677267650219,-0.0114556899810399,-0.0097571537200613,-0.0220711463899509,0.0075277550930587,0.0087362949915533,-0.0215123081983141,0.0727322991994671,0.0552263372917825,0.022086153949672,0.0336692104880103,-0.0407320944787974,0.0081272235125115,-0.0278877473349959
Ryan Moats,0.0193315336923878,-0.0320318919237731,-0.0251230524174839,-0.0060829594199924,0.0045842792034898,0.0101125657842688,-0.0144820826307814,-0.0092067074603541,0.0282547296169995,0.0364466742580789,-0.028822832789884,-0.0262773040989222,0.0191533669062914,0.0034296883645871,-0.0035672732878335,0.0133656492837009,-0.0149266993483896,0.0129534292593442,0.0191882701703137,0.0298035874244897,0.0261448151828043,0.0268396839853814,-0.0210105942231109,-0.0135679850551103,0.011229600965687,0.0145929862852829,0.0089361944523228,-0.0151452278009187,-0.0165057854862744,0.0376844864174302,0.0055771355545634,-0.0069135196908571,0.0372654536706074,0.0052983091514092,-0.0108647339201657,0.0040838789169694,0.0020942887873849,-0.0403588505610793
Ryan Nall,0.0364973139134498,-0.0149691206015084,-0.0069014963405042,-0.0019217913593996,0.0176493717779015,0.0311671199211368,0.00676659339042,0.0026114643402962,0.0113911043760978,0.0127427697640725,-0.0172091664649575,0.0153154264385177,-0.0044701948521109,-0.0076316912329154,0.0285628767206214,0.0023319929355182,-0.0016241308635776,0.0068510392468223,-0.0031613683881528,-0.0193378738496775,0.0108725345429905,-0.0006981330792784,0.026508343954769,-0.0006544641250539,-0.0020786485803615,-0.0115828617580976,-0.0216643037501227,0.008004628406888,-0.0122149234911759,0.009877659886768,0.0105407109373728,0.0017272132273485,0.0052112858319923,-0.0164517384806442,0.0136139493170512,-0.007884814727406,-0.0101547135097606,0.0086013726709445
Ryan Tannehill,-0.0057300302025837,-0.0554796968349204,-0.0448116402902653,-0.0661971414494175,-0.0526968892398924,0.0303529748355447,-0.0349562978821126,-0.0580783970246858,0.0280728173093457,0.029903311827005,0.0075516131192028,-0.1177878560887429,0.0491424950915647,-0.0604568741921406,-0.0351482757140567,0.0160475199186046,-0.0064645861071269,0.0268356466212294,0.0442636668708752,0.0315669925596395,0.1018331715222056,0.0745512479869954,0.0098959894184515,-0.0373380711933023,-0.0001311432222585,-0.0282524897525372,-0.0575406155516449,0.0424831565192279,-0.0455881478363746,-0.0596238568530431,-0.0151137507242752,0.0452953335679246,0.026236609278669,-0.0286156492290712,0.0048824806236451,0.0369102011795163,0.0776447301955107,0.0128251575118346
Ryan Torain,0.0204273624701324,-0.0281673862842691,0.0265462897841794,0.0095437781869089,-0.0008297204685191,0.0453985562464759,-0.0227243229219196,-0.0163906675175431,0.0141421809146636,-0.0049867622266615,-0.0176465272385795,-0.0031170818003971,0.0141514899280609,-0.0117462266604892,0.0016752965444849,0.0113507182869528,-0.0083352516502792,-0.0223561701705732,0.0016529226320372,-0.010807370792231,0.0081730054583372,-0.0270849995131579,0.0116440278477459,-0.0016252039224425,0.027544468350708,-0.023766589127108,0.0099497602247391,-0.0124576623921715,0.0020927569384931,-0.0044190131344306,-0.0015109234867724,-0.0145773147844002,0.011446386058774,0.0233263570449706,0.0091337855942549,0.0046965299601278,-0.033024393243019,0.00714748803813
Ryquell Armstead,0.0297206554514273,-0.0032748987871152,-0.0088176707946557,0.0212508902835863,0.0286228147811852,0.017995355880868,-0.0119435247083308,0.0004162255200398,-0.0256496222603067,-0.0065873321052781,-0.0011854002840441,0.0073061175384348,0.0077658614513774,0.0034720079932568,0.0077385649177134,-0.0194898746713592,-0.0101264650516194,-0.0068050894503769,0.0127301435744095,-0.0205890719081667,-0.008753936856902,-0.0115099420896347,-0.0045166403219472,-0.0183964058925739,0.0118174123636252,-0.0097044201019279,0.0001488495841611,-0.0090180024439422,-0.0060870438761843,-0.0090736040813239,-0.0087401623108208,0.0090998302102347,-0.001910480923467,-0.0072397865242449,-0.0174016089804868,-0.0018209379843821,-0.0069075006901971,0.0023478635295191
Salvon Ahmed,0.0181202008223256,-0.0077860614518442,0.0007083134529196,0.0105982814177414,0.0071882317688099,-0.0177975691327879,0.012441514219101,-0.005831598478366,0.0023813761945741,0.0139348230255273,0.0094957231265808,0.0208855076412593,-0.010874986327114,0.0038429192958335,0.0137226791458819,0.0076920038514463,0.0011076946777572,-0.0038952325913207,-0.0120766918652517,-0.0084864112526692,-0.0112272619406624,-0.0258631999993816,-0.0099800638433091,0.023529500694276,0.0049716243880076,-0.0102791021250461,0.018870568823797,0.01867372803551,0.0133314599248375,0.0087905865018576,-0.0083590365503716,-0.0214446049642877,0.0042165885917629,-0.0062542094921257,-0.0091780759107802,0.0007349041036789,-0.040181077156876,0.0002891824887006
Sam Cunningham,-0.0221072066619029,0.0355251154624522,-0.0578927071883912,0.0501609387455126,-0.0639619179761529,-0.0067908545415786,0.0235822155065664,0.0023514614116189,-0.0001175352643415,-0.0514912514699669,-0.0061773794463334,0.0333285547496677,-0.0268192211554407,0.0057285053568747,-0.0063844816605065,0.0192094819438786,-0.006248448517982,-0.0067083956313111,-0.0181553081764421,-0.0260598814205461,-0.0140517910381039,0.060613361607355,-0.0052070230060803,0.0541138128094894,0.050581819150425,-0.0206178004650287,-0.0566894658426059,0.0286149392435504,-0.0113925917144335,0.0111476472292128,0.0660125453281394,0.0222317909130953,0.0564386641435509,-0.0102552067356317,-0.0075268715593254,0.0099143574734227,-0.0169160300640116,0.0089772305598638
Sam Gash,0.0094280878914407,0.0308700971238299,-0.049104056991272,-0.0522363141015194,-0.0413787106614508,0.0546686296527895,-0.0010031757768389,0.0222131213677974,-0.0248404729840562,0.0420260111729318,-0.0053223705307192,0.0176907291795812,0.0161301924692717,-0.0650006210440615,-0.0048963442499127,0.0601416532276828,0.0312369098953799,-0.0151594345133813,0.0310551754709692,-0.0232214234862779,0.0482053245413626,-0.0456984838322297,0.0869398148050901,0.009597896312399,-0.0144000130406362,0.0072815206845361,0.0032857872284648,0.0096346671503149,-0.0277032070274861,0.0268012106403378,0.0185119385345546,-0.0022410146960442,0.0395125425512231,-0.0007553485551859,-0.017866719261302,0.0094115066635011,0.0037071924054599,0.0027539661895768
Sam Harrell,0.0348015732619877,-0.0098346287975185,-0.0440777337564084,0.0079440733625887,-0.0270933866164156,0.0515961416583658,-0.0309423843072722,0.0105052195391735,-0.0374171969066146,0.0073270268787633,-0.0342422866365112,-0.0129777897966664,0.0108836443257711,-0.0016947836597965,-0.0199599314670273,-0.02988490286889,-0.0176924389103329,-0.0053227261556397,-0.0379510476918138,-0.01179754974249,-0.0087313551533687,0.0184015547968651,-0.0523326987757802,-0.0062943615994882,-0.0017451278310883,0.0135143115975636,0.0170284388620552,-0.0218121481378395,0.0180441036229349,-0.018372889052212,-0.0214626461276921,0.0089649518677684,-0.0327972956735442,0.0254527130537152,0.0029288419488183,0.0013582793641994,0.0031504334293873,-0.0118925543594961
Samkon Gado,0.0009710472630848,-0.007355315539535,-0.0293739327937149,0.0046380961775585,0.0228458008966568,-0.0279296526971527,0.0146012450668489,0.0204053956498159,-0.0005553495722946,0.0100991060917777,-0.0040038904147753,-0.013462485097702,0.0033380045309243,-0.0274856710173511,0.0039960246530623,0.0330764096956062,-0.0015273536764997,-0.0228079063668235,0.0314177390305058,0.0088253789415744,-0.0178621538534523,0.0599588491125644,-0.0341395861309633,-0.0307777785542824,-0.0031284603493955,-0.0279407388478182,0.0320254700186065,0.0129953714108969,-0.0209265143462592,0.0379343657521072,0.0108674237490709,0.0131320609506472,0.0402186074889966,0.0099950533266827,-0.029511321632352,0.0251356906602358,0.0135022214693484,-0.0225972023391331
Sammie Smith,-0.0200970630731728,-0.0434476789716491,0.0131573776758698,0.0084081605887161,0.0299724188699365,-0.0148322368355317,0.0903716629295339,-0.0097798349539583,-0.0468761088352307,-0.0022860978814238,0.0541199765057418,-0.0827286215859111,0.0085099677694494,-0.0401881428252817,-0.0533405699633824,-0.0074471333726496,-0.0397343361586099,-0.0294053040230634,0.0010822220273548,-0.0251938723526249,0.0209871279161712,0.0460864363430525,0.0273679936735147,0.0147510701008141,0.0037650744477622,-0.0099318424666657,-0.0174964114889864,0.0162148956095632,-0.0036089792664856,0.0192872108271147,-0.0114816176108294,-0.0666642426191279,0.0160669071921409,-0.0262449020079435,0.0344517562075786,-0.0124743495784367,-0.0040988990261368,0.0019926411645453
Sammy Johnson,0.0112449084204768,0.0093005639552814,-0.0009652695297545,0.0342359242310826,-0.0248232733346945,-0.0345446710767112,-0.0066838164275517,0.0198043790331895,0.0032042916916717,-0.0119366096317015,-0.0103938234397862,-0.011967061461679,-0.0042677395617816,0.0019325352169641,-0.0105126417888782,0.0041047372959154,0.0285706156882979,0.0014448644916046,-0.0262882528464788,0.0007505114351968,0.0326032062837844,0.0197670996287373,0.0078101041143894,0.0031644480632751,-0.0084392286602329,-0.0361411416929771,0.0188089696878291,0.0204291140832234,-0.0102296393234135,-0.0031336116664853,0.0148065060520142,0.0068871464433297,-0.0031384620740821,0.0169953407466814,0.0022867583546443,0.0204154358394935,-0.0099017107511005,-0.0149287649699215
Sammy Morris,-0.015162243619618,0.0113933756573909,0.0028599401719252,-0.0433356165384122,-0.0383193625887458,-0.0167399188256056,-0.0456102500530478,-0.0468627179590535,-0.0547992837963156,-0.0158932375833663,0.0029168486737768,-0.0084732838637404,-0.0241489062285839,0.0135753216511371,0.0114932930840683,0.0398220236140092,0.0203495523530915,-0.0666589027973016,-0.0019594737775719,-0.009384568101369,0.0239426440812011,-0.0046777651816153,0.0157060592348592,-0.0017173125003237,-0.0298056016514509,0.0212669682579046,0.0282374041589942,-0.004608484340284,0.0187403198188731,-0.0007604678866938,-0.0251283256809643,0.0343010320698901,-0.0522844852206204,0.0033849887134619,-0.0150788454830284,0.0178128679679374,-0.0115710667198399,-0.0081720043421717
Sammy Winder,-0.0362810830522569,-0.0236553751726592,-0.0051025349919507,-0.0064582729562132,-0.0263215848811679,0.0415392289676732,0.0545432134170917,-0.0031625349518368,0.0051440140122311,-0.0070403415342596,0.0014426993553883,-0.0099982657230677,0.0221888798698434,0.0044682138358754,-0.0102431842585992,-0.0487530528891677,0.0093147038085335,0.0053579055887939,0.0174375502975645,0.0036951876907093,0.0305361464465201,-0.0726461234011806,-0.0179805428030713,-0.0274963422378046,-0.0053365123679895,0.0217364222196191,-0.0075618229397743,0.0193544920363674,-0.0046957098285139,-0.0352651719497386,-0.0506764656817258,-0.0427184918617103,-0.0007088233975948,-0.0125847245657085,-0.0367486724977803,-0.0173253579004083,0.0233021243486873,-0.0078971188895582
Scott Dierking,-0.0038034211506932,0.0191493055512904,0.0026376880849381,0.0069672365199676,-0.0422271554639715,-0.0111310891383942,0.0193993974308695,-0.0213236791403789,0.0096919517083703,-0.0060002477027877,0.0206583853302907,0.0200640231310197,0.017488200403309,0.009281164465032,-0.018918950308492,-0.0224713424843095,-0.0505232742972607,0.0100199237527973,-0.0195969098430073,0.0096321782761302,-0.0220914276119225,0.0056376931961027,-0.0532803603254038,0.044503934899986,-0.029871393686248,-0.0174906513829973,-0.0855049563301423,0.0003028522363611,0.0520206537992735,0.0106899047763173,-0.0062400364834913,-0.0327976001513991,-0.0019125335929159,-0.0171324948008811,-0.0114822175296464,0.0163198707947322,0.017146825175726,0.0289284940010909
Scott Laidlaw,0.0068215728296938,0.033091534659947,0.0061931097571796,0.025866485396038,-0.0144377202568378,-0.0184346581719395,-0.0062077161382684,0.0283839943065691,-0.0279734328790569,-0.003061290022605,0.0217929658951947,-0.0039085035833018,0.0227672670060702,-0.0163360562175687,0.0269415283138395,0.0180728351538343,0.0221591221296588,0.0142777234308685,-0.0065572799531939,-0.0097125413821477,0.0496652416472864,-0.0289425399437513,0.0151394770207587,-0.016451440357559,0.0029183279108172,-0.003266362218985,0.0074436379903482,0.0011082677563404,0.0121697657112867,-0.0024257259392377,0.0148330815800518,0.0195724533018773,0.0029346753914147,0.0404639901400053,0.0223116749897273,-0.0020212090830741,-0.0147564388296127,0.0168484959887746
Scott Williams,0.0321662198370631,-0.0097854901408166,0.0041631236921739,0.0029856481922292,0.0216134244948652,0.0144256875612172,0.0101838460720672,-0.0089127616902932,-0.0021714688385146,0.0140911699595976,0.0138605167292664,0.0309994370723364,0.0065961854917454,0.0007757943463832,0.037141201716009,-0.0054934652308252,-0.0159447745289125,0.0037615076722605,-0.0066359987571483,0.0034847183170976,0.0150416086679675,-0.0056245130412615,0.0086435412401049,-0.0101978800231895,0.0191019243853429,0.020378205788606,0.011939065815307,-0.0002171869068877,-0.0043999809967548,0.0083312456375449,0.0226703627122298,0.0181450981400292,0.0154929646212335,-0.0076026979383244,-0.0081554592173947,-0.0209560146720658,0.0054118336429445,-0.0041143868877468
Scottie Graham,0.0150686633417452,-0.019769679331224,0.0043295709944632,-0.0080868853460063,-0.0266099291934474,0.0113555252930324,0.014793184112827,0.0068706627700865,0.0152096770034203,-0.0030383039881056,0.0155665697796949,0.0202901678619067,-0.0150250711561211,0.0033681044801821,0.0336377717028478,0.0212162632171082,0.0224785140795608,-0.0060736031966859,-0.0115536467396449,0.0305501814091384,-0.0481733224179796,-0.0541573263364225,-0.0148531405059673,-0.0266274038503286,0.0353094902386016,-0.0055512170558272,0.0058830776495495,-0.0235849288937956,-0.0152961508913024,0.0131324329638858,0.0003129729370676,0.0141006105759413,0.0227593531050753,0.0125513613777875,0.0110348862896491,0.0129627763105029,0.0072248028277575,0.0212196618707146
Senorise Perry,0.0376165810788334,-0.0207130185264515,-0.0211548935612491,0.0051144727288916,0.0012607885663827,0.0413303162506607,-0.0069960278822337,0.0044431504284268,0.0108668588892037,-0.0014850657788331,-0.0186847905604269,0.0058444295588595,-0.0028625185064424,-0.0010092046883096,-0.0042409780267474,-0.0019647219772958,0.0037345703214655,-0.0010810286705138,-0.0034638030087264,-0.0088592672926502,-0.0060802273269155,0.0048807909476278,0.0040790177269159,-0.0003398803812324,0.0065777022976199,-0.0131913538589112,-0.0093117536878589,0.0068291381659321,-0.0022280605652631,-0.0012110686992122,-0.0029304921267857,-0.0014549801873593,0.0023031952364527,0.0009268814739422,0.0141808341596156,0.0052142787219629,-0.017253439153248,0.0189752241291694
Shane Vereen,-0.0113543944448172,0.0558714293559233,0.0334825039024988,-0.0168548363264918,-0.0013179344981723,0.0178464710830451,0.0250006275638093,0.0254494917842235,0.026337826002093,0.036710893586413,0.0101689120536253,0.0100672937628365,0.0263080564191583,-0.0461347689740085,-0.0437821712895254,0.0240295214831159,0.0241294485784964,0.0361329562747587,0.0067476578486427,-0.0460167857305679,-0.0410668274303023,0.0396151273203159,0.0589974055063787,-0.023031044614094,-0.0051408773404469,-0.0400507654857044,-0.0131365816880285,-0.0245071601402992,0.0055210532576166,0.0154581202959879,0.0026411389473239,0.0172700251140298,-0.0476325804042295,-0.0101626796685748,-0.0190673239298751,-0.0560261318987288,-0.0140971882834175,-0.016394998203424
Shaud Williams,0.0227581347816064,-0.0127272043719638,0.0058465060457386,0.0097648076928045,0.0148717298617508,-0.0048168281084076,-0.0034264677246636,0.0091832300419017,0.0005150788133854,0.004546980373907,-0.0118253549154037,0.0106085448460893,-0.0136984349973251,-0.0050271163327275,0.0014978211933333,-0.002471208966298,0.0090648029225972,0.016076417632115,-0.0059870660205685,-0.021134255091827,-0.0244449752640852,-0.0052828511991232,-0.0054083998515921,-0.0072735021373846,0.0103514524063227,-0.0212955285705646,0.0276102816585148,0.0144904179670975,-0.0049533698546043,0.0178178212144504,-0.0104629995070119,0.0359068102605714,0.0161965371555711,0.0080850733135839,0.0302672091416331,0.0025229451671475,0.0157836758672809,-0.0031523717777911
Shaun Alexander,-0.0887341855509943,-0.0722803386561293,0.0294212998722438,-0.0074983553353824,-0.0105692792215402,0.0802499518426336,0.0011882020707765,0.0901303310340555,-0.0041951442317978,-0.054760315343093,-0.0120153557921045,0.0597902158635695,0.1436927538333487,0.0558676035913354,0.0198753278603331,-0.0692675181126468,-0.0262925845150181,0.0363822203573772,-0.0528230624538103,0.0553456046332212,0.1101493946053766,0.0480438917294703,0.0658790841040671,0.0033409249892632,0.034679332914973,0.0033105603033657,-0.0003344573982463,0.0685783655182932,-0.0372555584961078,0.0883657081158109,-0.0986229484289714,-0.0072357412078994,0.0090962685495872,-0.093514118646471,-0.0425166394391691,0.0340971694494714,0.0138675719539174,0.0147011186956808
Shaun Draughn,0.0174530586910523,-0.0078221169662535,-0.0125546421568488,0.0003100437276507,0.01834877214371,0.0210995259293129,-0.0070046509478127,-0.0331282516378493,-0.0014113383504525,0.0084728242189777,-0.0278897610409546,-0.0084142060184868,-0.0285711819158873,0.0109847137603707,-0.0090980987565433,-0.0124316683373622,0.0073794491502084,-0.0079755449028976,0.0110645916276405,0.0248389168293075,0.0163818303776573,-0.0187708822013987,0.0188618594882371,-0.0220388715466281,-0.0058352723163983,0.0072657542760768,0.0316131534005302,-0.0077818586666733,0.0024631028513795,0.0051867711850321,-0.0096531441787587,-0.0124437416634204,-0.0081786441705289,0.0215579358921748,0.0057610507288869,0.0041335375278954,-0.0078108741740482,-0.0252392375604126
Shawn Bryson,-0.0128018785151212,0.0236700488616219,0.017353712436524,-0.0084168230044446,0.0153397547223752,-0.0198804865408381,-0.0260312389345379,-0.0219130117151455,-0.0116923367979509,0.0198292957290919,-0.0057894060635163,-0.02343342993143,-0.0579140575240153,0.047131682576386,0.0204644503233452,-0.0033302260136287,-0.0069233587772219,-0.0109599418182334,0.0272560296125054,0.0184369391873857,-0.0895388847723718,0.0068765556749333,-0.0144787188099733,0.0012170482376675,0.0041368538557699,0.0061527482068772,0.0186415657725876,0.0062442476548071,0.0086946325578974,0.0026945537721378,-0.050483271450605,0.0258632347192529,-0.0473052192225782,-0.0276225993409872,-0.0153404088231762,0.0205945694575751,0.0542401472388079,0.071503976865137
Sherman Smith 2,-0.0277645092407188,0.0636537508858654,-0.0232161524624471,0.0434904055884004,-0.0124722516631984,-0.0297472433411186,0.0113595278122536,-0.0041604265317522,0.0025956637776102,-0.0474634601431816,-0.010373458046168,0.0115040381153311,0.0053914728132607,-0.0100406479052813,0.0185732223412102,0.0209461757324674,-0.0566589038576803,0.0328518482861172,-0.0065565172434932,0.0017361587345171,0.0205433587587851,0.0204694462981206,0.0065291634602363,0.0348204236281344,0.0078639519810758,-0.0162489734795317,0.0074843609719758,0.0167337108853749,0.0403195043691358,0.0302195404120282,-0.0352962418673738,-0.0037439475919707,-0.0113554374022897,-0.0040917692966763,-0.0093654181470149,0.0412816361195834,0.0509943629849594,0.0011648246859813
Sherman Williams,0.0021424660087783,-0.0181924500839513,0.0240244496149837,-0.0087371597758209,0.0182101272071065,-0.0411572411153514,-0.0029571133429531,0.0174484177132817,-0.0172144602106449,0.0158276200633835,0.0045394112369796,-0.0355615018023049,0.0167778232382318,0.0332472254192562,-0.0159267410525204,0.0036182626573831,-0.0106887383071352,0.006561055248108,0.0133959790933587,-0.0237399905987891,-0.0085902817020631,0.0101033266714341,-0.0084226507893809,0.0097726128318591,0.0251753569951278,0.0030769323929549,0.004980633874436,0.0151791660549445,0.002133758914087,0.0213614935213252,-0.0169033127415268,-0.0315242281744696,0.0413443642426078,0.0066567171714192,0.0363967542380914,-0.0111760210436997,0.0149238603393889,-0.0084127108874047
Shonn Greene,-0.021397442681225,-0.0368729294629236,0.0334772888123551,0.0030477311480013,-0.0188130312747588,0.0023094447241855,0.0654285010242637,-0.0307465987141927,0.0031410897200249,0.0219010106391499,0.0083219799374844,-0.0389913337502368,-0.0129817196460733,-0.0216572228212824,0.0321784564562173,0.0166732974539293,0.052891302089411,0.0088800200777731,-0.0038723527498561,-0.0237569438317627,0.0067429504436058,-0.0106267114219848,-0.0651173158229095,-0.0445399114967423,-0.0168356091505518,0.0045762374857319,-0.0316937150579072,-0.0347742162860778,0.0019851632954119,5.446040257313725e-05,0.0114492243212423,0.0257151659561186,0.0196479047154159,-0.0127982312479905,-0.0116311645364644,6.206440552476624e-05,-0.0038177710207538,-0.0021670647342985
Sidney Thornton,0.0025664306038367,0.0182431607297486,0.0314100285265139,0.0200085358467217,-0.0346503703056595,-0.0240881676523255,0.0130379566687823,0.0135133608872235,0.0076455583549574,0.0045363231892293,0.0264469661581121,0.0103124251605182,0.0813341672638829,-0.0349554549407013,0.0049460238056599,0.0158721143111438,-0.0181746903004496,-0.0066693874423802,0.0202050855513325,-0.0041185473887926,0.0276356585424136,0.0032225444068907,0.0215539739202906,0.0058677400882354,-0.0214066344509395,-0.0072565534082388,-0.0160699164977561,0.0384202947919715,0.0316612516215654,-0.0068615006143159,0.0174189639731107,0.0630080717123095,-0.0401213571084339,0.0383920908349437,0.0074494805067463,0.0128134821831941,0.0331153353111807,0.0205207493714581
Skip Hicks,0.0056392812879587,-0.0224206212166901,0.0168726947274121,-0.0011417785274705,0.0114207666154166,-0.0325789957464187,0.009357390867359,-0.0155679731650337,-0.006978691539078,0.0039731902979847,0.0057756055308656,0.0419210484855252,-0.0135008187264257,-0.0390101854300525,0.0329112275700356,0.008808703526301,0.00276364335671,-0.0141019876512548,-0.0231409168237112,-0.0290973964259691,-0.0074223114336819,0.0244662240628422,0.026743159728164,0.022076294288911,0.0225558870247962,-0.0528771221751119,0.0499585886192574,-0.0064985966076835,0.0317647493736913,-0.0163718263084351,0.0198772391753524,-0.0161893229655042,0.0111624689965829,-0.0053160943461638,0.0257864606817659,0.0073753590261679,0.0098278967685463,-0.0299790420774401
Sony Michel,-0.0192169183308834,-0.0423112910639318,0.0140191883388793,0.0159020439140973,0.0038919949729926,-0.0200035861121744,0.0481593757760535,-0.0088504485636481,-0.0139809990061871,0.0215263935147528,0.0212472490519478,0.0185082469746319,-0.025438564991956,-0.0510999772580305,0.0195206146980894,0.0007398640701889,0.0152306693665851,-0.0416210290747896,-0.0052616305714533,-0.0332119504557362,-0.056666808163336,-0.0694947156127119,-0.0222279483838162,0.0262575032741118,-0.0266781714895118,-0.0104709909566674,0.0005664101231563,-0.0034176270141776,-0.0209298603718808,0.0193714086330505,0.0182973402912898,-0.0217949497031821,-0.0427697706368107,0.0402454261153293,-0.058032751788571,-0.0015216533898372,-0.0354686065669253,0.0162652425568312
Spencer Tillman,0.0310161945028991,-0.0155060743688615,-0.0200752186951348,-0.0122063871102182,-0.0275311072080067,0.0460185188846672,-0.0364396410058995,-0.0443226048892442,0.026066474643546,0.0025896539632944,0.0346716414597305,0.0045197089495283,0.0108154087869973,0.0176285608336329,0.0039618765978071,-0.0280211906218138,-0.0193238074131538,-0.0080598394792767,0.0210864142833077,-0.0454316416103795,0.0127260204756029,0.0048774367502804,0.0399996133910881,0.0010201816284712,-0.0648336512452806,-0.0514868192959476,0.0026323337711742,-0.0164046655530172,-0.0112796293086908,0.0118540945877349,-0.0103406420259962,-0.0009386500646052,-0.0199965516846394,-0.0099983419298527,-0.0131037433929277,-0.0120400612050817,-0.0012000008288018,-0.0393345313427938
Spencer Ware,0.0071089848330518,-0.0181016413904741,0.0247138994614267,-0.014490226516387,-0.0233326732115678,0.0501489226330041,0.0034034487948035,0.0205190152122302,0.0170370016150352,0.0098480345249563,0.0064643545962974,0.0044734964021667,-0.0096760220839016,0.0258364831896029,0.0313282741408347,0.0236174115328089,-0.0084903089878244,-0.069874875466726,0.0010362090528963,0.0026229945626275,4.479525417813235e-05,-0.0035221932408934,0.0186468559460339,-0.0021039347128614,-0.0012043240923349,0.0258945144670943,-0.0059497691709358,-0.0176443403009444,0.0244923335117801,-0.0018564898856957,-0.0202547013886398,0.0361152799716675,0.0035321347641112,0.0075301563999243,0.0010639355983969,-0.0183971177718759,0.0014955483742218,-0.0003330160867139
Stacey Mack,0.0022567314359211,-0.0337173429426919,0.0526701910807116,-0.009685358171105,-0.0201661077618284,0.0291529462251937,0.0067150690874704,-0.0329436892153879,0.0183094176357574,-0.0196395220086196,-0.0319385647855425,-0.0051023268277339,0.0290080215843215,0.0064678732322025,0.0242063016951175,0.0129230523294811,0.0044014495738738,0.0075941223136725,-0.037541614517228,0.0342258698012161,0.0284180840886541,0.0187671561214621,-0.0648842058285054,-0.0425514286638431,-0.0166220643183154,-0.0014408038261185,0.0460365535621395,0.019663191197927,-0.0148450078067989,-0.0018314670259584,0.008181269308777,-0.0096457313434384,0.034802418527524,0.0325286607911117,-0.0060973005743356,-0.0099212820716357,0.0005522913536009,0.0354723589283932
Stan Edwards,0.0151943186408605,0.0087348347755486,0.0012118074650986,-0.0157505716785686,-0.0070943110574482,-0.0118470436756713,0.0095635918005035,0.010819197077366,-0.0039573601483039,-0.0158101734140224,0.0131870766293801,-0.0091804254860743,-0.0035934472845634,0.0078554777936828,-0.0094569077017118,0.0244688188831602,0.0071996477334312,0.0120270355394667,-0.0360918285316248,0.0052987283291715,-0.0083612917874119,-0.0064661474219793,0.0028986305676488,-0.0204872298052753,-0.0003839730309234,0.0205632803871266,-0.0012702136567212,-0.0259856028862319,0.0102813044364197,-0.0045507456818333,0.007182605488516,0.004401047687838,-0.0130874157099782,-0.0015224126796116,0.0171310206190472,0.0123757617831038,-0.0067367978519257,-0.0014181902184215
Stanford Jennings,-0.0058173136776628,0.0355729699725094,-0.039154282286112,-0.0426568297641914,0.0118836294567968,-0.0252504626790267,0.0130471108090734,-0.006616916836771,-0.0265203938615212,-0.041050523920243,-0.0199719764254306,-0.0090599681548281,0.0326339372092695,-0.0205424986732998,0.0424238008698514,0.0536767342567849,0.0347462714300617,-0.0499052728791418,0.0175428830732875,0.0021527784303174,-0.032349768139793,-0.0130732492808756,-0.0055989992807242,-0.0036275174477355,0.0007826838688,-0.0254865607328726,-0.032450420999544,-0.0061010523230936,0.0132573831114537,-0.0301464416265192,-0.0263296071087346,-0.0208028675609507,-0.0046038759414652,-0.0390963218000655,-0.0129682249462077,-0.0025268954962672,-0.0333883221932351,-0.0464064556539927
Stanley Pritchett,0.0039462535568715,0.0417575968745457,-0.0395596928725707,-0.0331760926221932,0.0066806670045742,0.0087679626771072,-0.0084134182460796,0.0109822802253209,-0.0323317757354453,-0.0405048355935823,-0.0339523884449372,-0.0126676398501386,-0.0040789634529183,0.006598637707489,-0.0238374454682341,0.0115299593172891,0.0254876369750419,-0.0469912877044444,0.0115635886249006,0.0166746503444227,0.0221921447481347,-0.0095227293380685,0.0214326937781643,-0.0508325440029588,-0.0073617399489527,0.017188104822944,0.0227238325030287,-0.0339051217034453,0.0078087214753934,-0.0119317165557893,-0.0211995847700621,-0.0451614959667683,0.0379490664135283,0.0116768223985268,-0.0310802158891188,-0.0034236009645563,0.0485911746340481,-0.0537911046288137
Stanley Wilson 2,0.0114652928636368,-0.012156163727423,0.0009873248266798,-0.019493365921091,-0.0049714825039142,-0.0016942240446815,-0.0145786748004328,-0.0165436819496574,-0.021514645205775,-0.0185912605092368,-0.0283503598229243,-0.0076194564754133,0.0059189387668579,-0.0341929128494186,0.017248179166966,0.016045193085699,0.0084484340931337,-0.0161470034219501,0.0154591369241896,0.0330251582929669,0.0133920923896,0.0014031796766603,-0.0254378259186775,-0.0194932198444933,0.0004286083988363,0.0091389989455318,0.0089238336693965,-0.0106714512592208,0.0024138658400874,0.0037603759888521,0.0006136282157268,-0.0313710492634757,0.0011237128383983,0.0081512591935074,-0.0060811949806945,0.0165156072574551,-0.0142049212981598,-0.0033863907610503
Stepfan Taylor,0.018967192624666,0.0034696923029015,0.0027132395525014,-0.0074138304735909,0.0168458016108934,-0.001347482978283,0.0103387599055422,0.0070820381444907,0.0084576145051489,-0.0216817352361179,0.0046399409968917,0.0322292081684328,0.0304782199065564,-0.0140044442182366,-0.0374778700051474,-0.0141782700401607,-0.0124478650295784,0.0079086521808246,0.0154408504265353,-0.0075210018926043,-0.0099176775424784,-0.0379240598587379,-0.0111937699347575,-0.0172649793108967,0.0081856309566115,-0.0211190858396751,-0.0117703576826338,-0.0005332328966115,0.0041323633663907,0.0018073658682981,-0.0229144412215184,-0.0438104069141386,-0.0058892261465537,0.0257710315876704,-0.0033007975723955,-0.0104947516729348,-0.0435792988827135,0.008136561009367
Stephen Davis,-0.0452199351544609,-0.0285284799053248,0.0317909212340448,-0.0349050738033349,-0.0626751800473845,0.0306300012919937,0.0467152374661288,0.0253383937360986,-0.0249077479143884,-0.0246652074350576,-0.0235709211374306,-0.0262681705037324,-0.0003300983738324,0.0452998752770567,0.0774308191440227,-0.0003513574909074,-0.0238871123754508,-0.0241353886800289,-0.0552109111122858,-0.0414906092861257,0.0242305174982386,-0.0173068523519798,-0.0039749917546397,0.0261248059448777,-0.0552081069391047,-0.0125448691753165,0.0505924516392536,-0.0271933001145651,-0.0312078592219658,0.0685217229646907,0.0493812738863553,0.000784283754323,0.0102819444252096,0.0048872862868557,-0.0443824144672668,0.0128229228546042,-0.0411259652027521,-0.0576652502997506
Stevan Ridley,-0.0093068782722964,-0.0425783058815817,-0.0625018660344477,-0.0213635734327198,-0.0284368199849398,-0.011031934015616,0.0300933811591476,0.0315988056564326,0.0383572094249243,0.0114029900750451,0.0202615158206889,0.008579900010843,-0.0268878415193239,-0.0565194761473244,-0.0052426931935218,-0.0752120690889908,-0.0070842742180985,0.0294059519360503,0.0167603329840597,0.0358312788558356,-0.0363683839292083,0.0272610003853799,0.0057957942792606,0.0078252659771506,-0.0108433770435788,-0.0431950943768431,-0.0175133992347678,-0.0156398421349611,0.0409775060477603,-0.0640253017223824,-0.0283582151089082,-0.0169971290345755,-0.0103074276710951,-0.000627846365198,-0.0042218710867545,0.0134896495315233,0.0025420945798027,0.0402120107202066
Steve Atkins,0.0206129762291742,-0.0053862283916455,0.011688306001976,0.0311345647121524,-0.0015537314454113,-0.0280820583097316,-0.0202319214539511,0.0044277875223102,0.0171962193496629,-0.0076888405374496,-0.0172395452258214,-0.0169541836748819,0.0135933346095588,-0.0010954005785688,-0.0104985375570705,-0.0197864199381286,-0.0235544766402687,0.0102529415159266,0.0182856522984438,-0.0222003207476771,0.0176088914020136,-0.0177388100585676,-0.0181243419912281,-0.006283999291212,0.0084759135798817,-0.0188548760981796,0.0181838337489168,-0.0010013223786177,-0.0065940371476033,-0.0191890147196828,-0.0174644518152503,0.0229746907554553,-0.0313389104883317,0.0117051483382298,0.0073851408495564,0.0096793737187568,-0.0085190597926732,-0.008491433735558
Steve Broussard,-0.0191833313608609,-0.0094707314351733,-0.0137913801978561,-0.0392576412339621,-0.0135095793908255,-0.055186698548165,-0.0247472744411968,-0.0289199667075075,0.0271369080492724,-0.0077160321350776,0.0220623789835473,-0.0161785838896218,-0.0132869420423143,-0.0160768636093154,-0.0105808672914105,0.0024344145112711,-0.0013224592938425,0.0208853147810302,0.0309184239771728,-0.012691286831303,-0.0138741941740407,-0.015119664694662,0.0171319875650964,0.0064390649111447,0.0232179797879663,-0.0418590132120402,0.0535642218121858,-0.0065533122731368,-0.0207336857630905,-0.0031728202808861,-0.0197712090658455,-0.0466899689613066,-0.0069351653551735,-0.0345624126743055,0.0099103474724401,-0.0097686649002518,0.0688589188533983,0.0181638770876774
Steve Crosby,0.0311826687639378,0.0028691050678478,-0.0144288809041597,0.0245326892083457,0.017945765868309,-0.0092766935601688,-0.0064424265743784,0.0347135281558192,-0.079124863805174,0.0028799208452241,-0.0098002925621123,0.0038185088078698,0.009238965067755,-0.0024244734897744,-0.0143715186621113,-0.0386258841798246,-0.00560748477566,-0.0026931539720319,-0.0285246963880885,-0.0165401773409358,-0.0027791046695572,0.0026234150113334,-0.0235244362254106,-0.0174218017571254,0.0274226379899483,0.0217659000353065,0.0081454874096351,-0.0092301777500015,0.0042142408971008,-0.0016089416635133,-0.0003883841945519,0.0019442100770897,0.0134257768756335,0.0005071694014838,-0.0029915784118081,-0.0017589962971524,-0.0097338405427508,0.0035029523170727
Steve Davis,0.0113695797334331,0.0095436165152275,0.0294416259569486,0.0317591326415907,-0.0270152988365944,-0.0238170249555928,-0.0093716251549992,0.0055064235556899,0.0058402760893883,0.0337921746690277,0.0049053505861948,-0.0157908440021059,0.0250492641007417,-0.0096503357182428,0.0452419588970823,0.0095224714531188,0.0054684158671424,-0.0028119683381943,0.0195691206747009,0.0019601118730435,0.0053869890281558,0.0047696971262583,0.0104675631647065,-0.0435413766150588,0.01359831749177,0.0023962279297195,0.0193762562489188,-0.0007690797348952,-0.0228623479966435,-0.004950834826411,0.0167993586317532,-0.007767552675824,-0.0029193924131094,0.0225352002670016,0.0003254269113364,0.019475873576802,-0.0165485519979586,-0.0244981846708111
Steve Howell,0.0315194530771953,-0.0079460359190877,0.0064338349889153,0.0228501050552534,0.005601787723326,-0.0040212932959628,-0.0077944031099845,0.0082661277881373,-0.0097166521139271,-0.0030757595653122,0.0235576318727647,-0.0010770233235757,0.0099231265824637,0.0042319169870474,0.0154900127876513,-0.023156755768087,0.0126344284390302,0.0123912249361857,-0.0103310413101986,-0.0125405962253725,0.0072469293188012,-0.009351858077843,-0.0021589535837302,0.0096843554463765,-0.0071304068255355,0.002685632364438,-0.0063114469372725,-0.0010768950352135,-0.0015926692446839,0.0011172232857354,0.0051557779513017,0.0208207235399957,-0.0048901388537336,0.001505567235306,0.0006086862811888,-0.0135986739461366,0.0085578787613325,-0.0057138579160543
Steve Jones,0.0161025406324728,0.0078064786502158,0.0302374462860662,0.0289353059317492,-0.0255084309751616,0.037232326273736,-0.0103034611354853,-0.0257228811998539,0.0175385149315091,0.0435767681164064,0.0173522486332349,0.0006107032028957,0.0346441319882258,0.0102267383426751,0.0182948186241927,-0.0083070727591297,0.0638394983179644,-0.0172917556838214,0.0071171694610852,0.0373789919012943,0.0272277813337964,0.0228724851545912,0.0052658316493171,-0.0259079839026258,-0.0359134562350564,0.0117442426632496,0.0324338633348783,0.0249064186929562,-0.001819652788376,-0.0220321589845726,0.0223337537125282,-0.0012640900644522,0.0134215505084252,-0.0219114021838199,0.0378457994647651,-0.0134539069678551,0.0032800456756606,0.0152052838412838
Steve Owens,-0.0043188715713459,0.0192879779608323,0.0243565621428529,0.0567415047661463,-0.0304051439224657,0.0024946650354631,0.0325307476668394,-0.0003252935298502,0.0078270165919569,0.0130298276978972,-0.0044520229521333,0.0170301028737929,-0.0070085887781148,0.004978885153691,0.02287989235279,-0.0089867743597911,0.06749027241328,0.0058524622671317,0.0065415602172326,-0.0075380470950086,-0.0015816159599016,0.0689164902126179,0.0079006421652099,-0.0105094311174856,0.0171019740999031,0.0026634091210727,-0.0406406556319188,0.0170868729054804,-0.0318220649918005,0.0128163272319338,0.07740608272398,-0.0422547399195582,-0.0247481715569209,0.0229244288498848,0.0241134758259494,-0.0024904719067432,0.0125066079559249,-0.0086565541526802
Steve Sewell,-0.0146662789136358,0.0747614172972539,0.0284437609764516,-0.0313076911302685,0.0323366690540979,-0.0389057472513574,0.019321133956365,-0.0029727592397543,-0.0139213495405305,0.0513255175653909,0.0135178364578402,0.0371204704128387,0.0052385188501216,-0.0391329791812061,-0.0041770630471853,0.0165743466538022,-0.0163924964307255,-0.0158103586346621,-0.025723381137251,0.011321294788964,-0.0065369423347883,0.0323679378012839,0.0661393999413968,-0.1009383425378295,-0.0164999238896702,-0.0151393066197089,-0.0112346720673392,-0.015117782946386,0.0120670727577885,0.0370741719891078,-0.0217501007688963,-0.0065409858045409,-0.0010618557163623,-0.0140973268683206,-0.0340899995973232,-0.0342546134501842,-0.0197897997574393,0.009872559851355
Steve Slaton,-0.0358332374114982,-0.024027095533478,-0.0258213960297631,0.0229077188894298,0.0967211605529294,-0.0100715383498611,-0.0417964333051195,0.053648305585647,0.0543078294614693,0.0401633917741716,0.0110403993890775,0.016902123490587,0.0757132169536467,0.0922257901441399,-0.0487425173815868,0.0617423280743452,-0.0087259364777377,-0.0140999166251123,-0.0116929468706977,-0.0245610157612245,0.0303497806845176,0.00666186496436,0.039998449767091,0.0645171770983965,-0.0550231518096768,0.0250618462704762,0.0012569749519075,-0.051607788232936,0.0624647602856772,0.0378204415158054,-0.0191555666651448,-0.1290111852423725,0.0002014557819952,0.0166023593899099,0.046376162902544,-0.0324316268586317,0.0270913425882826,0.0492157859843785
Steve Smith 3,-0.0073385440687913,0.0381089482355844,-0.0114235326861159,-0.039920852201677,-0.0093209827881233,-0.0079778637172581,0.0134045334853593,0.0049072751494303,-0.0243953372210264,-0.0222167671853253,0.0169822372693034,-0.0133767653464851,0.0392006068291522,-0.0037530145593506,0.0367015312950124,-0.0400588185705572,-0.0353064760366886,0.0135484037155619,0.0416360003965263,-0.0120707458386819,-0.0397600521976769,0.0013227831034857,-0.0248176576799782,0.002170363305658,0.0338731402419715,0.0283859931001479,0.0126960384954907,9.840543476423262e-06,0.0363108865037995,0.0262498676333287,0.0332754515446969,-0.0331911461154722,-0.0028849050704841,0.0028279762199445,-0.0276561880892466,-0.052755397795345,0.0004343198327973,0.0212801962695644
Steve Strachan,0.0327080750299755,-0.0184546765712449,0.0079229776992848,0.0020048100725879,0.007055622573597,0.0314526340116682,-0.0041544458436516,-0.0188570614820802,0.0142345080783427,-0.0027373437276733,0.0440973691592819,0.0105303561154826,0.0006444842188484,0.0196922118754814,0.0113388944775516,0.0109996665802635,-0.0212448203747822,0.0110692012460483,-0.0019165386055048,0.0017905335734676,-0.009686569302058,-0.0123358909989108,0.0083512399893672,-0.0062020506435773,0.0189111895402566,-0.0115070967954906,-0.0102125499386626,-0.0057246334886925,0.015806750875328,0.0075408672914068,0.0065863775668296,-0.010197882512169,0.015354187227471,0.0091438862940986,-0.0046306667819172,0.0018726967399012,0.0073952249846499,-0.0180487280712864
Steven Jackson,-0.0861789208333225,-0.0024281665411512,-0.0392128403903537,-0.0002146869313384,0.0140349272608514,0.0277571262749795,-0.051296343414908,0.0203606742553007,0.0014253841886782,-0.0161687491274125,0.0064203703232217,0.0114879842588443,-0.0066144013079101,0.0454396278315276,0.0823904373045542,-0.0306340414580379,0.0753263050892241,0.0826451477617478,0.0192004825010805,-0.048256484762148,-0.0241552177252294,0.0132568783315534,-0.0510320159251861,0.0031394913305482,0.026996630595502,0.0016698044754977,-0.0324560480123053,-0.0172901171156941,-0.0720739993874946,0.0061797924196478,0.03808614886824,0.005193357448542,-0.0388757108700142,0.0785680514976586,0.0405456466473472,-0.0850792836541649,-0.1258025613045401,0.0891762051875832
Stump Mitchell,-0.0468765523893806,-0.0107262960626971,0.0652061598441619,-0.0477136673536727,-0.0182836186029776,0.0190581619079776,-0.0566882499908879,0.0204384558959747,-0.0058952293750018,0.0023180923346753,-0.0618509825106228,0.0217332860654111,0.0194876262579177,-0.0021478874654781,-0.02589086518824,0.0130136126298068,0.0158561349103547,0.0056879745370842,-0.0070766764614125,0.0007825193904822,-0.0544409863913537,-0.0208699300897223,-0.0062112217622861,-0.003479037768667,0.0444986357642837,-0.0306231812617242,0.0161248125789614,0.0059241101869164,-0.0031425671978782,-0.0109690616817991,-0.0411553199384989,-0.002661705116216,6.659982823881833e-05,-0.0718783937923461,0.0447786052723121,0.0158290344002105,0.0769350573408726,-0.0533287037952208
Sylvester Stamps,0.0161693336806989,0.0064753414280539,0.0083611388592582,-0.005681416672313,-0.0104453858194875,-0.0205637376673701,-0.0286901999232196,0.0330527981052554,-0.0118428792919952,-0.0064038957685513,0.0218487095304145,-0.0204862541260562,-0.0014649351250016,-0.0041841275793038,-0.0195597416012482,-0.0091624198226736,0.007421981012689,-0.015253234117416,-0.0384261525462096,0.0078838446398324,-0.0085474246267965,0.0171931531918422,-0.0029250196358635,-0.0347123340602819,-0.0085242478534136,0.0439198064702411,0.007232931612756,-0.0252592742865506,0.0016999310289447,0.0115980456036574,-0.0215030914955777,0.0351316518866304,-0.0004086105566479,0.0177675735170103,0.00835279193778,-0.0134008389644296,-0.0058610347664707,0.0068452507866892
T J Duckett,-0.0161239695459528,-0.0313390085791773,-0.0016361086896137,-0.017722713545318,-0.0173886141065265,-0.0388954203128713,0.0302735231263914,0.0161310290997257,-0.0146161864802461,0.0020553354360365,0.0231491654720224,0.0240805773519846,0.0035684559102719,-0.0037948706133076,0.0499118027798793,-0.0265053334977501,-0.0250894045277747,0.0090608176940124,-0.0162402127253035,0.0394095040527267,0.0188055899171306,0.0232503742478321,0.0235490016884822,3.0924696153925295e-05,-0.0244248868264747,-0.0207427160832811,0.0482554341999123,-0.0065507923408972,0.0085559417565002,-0.0495044250499024,-0.0018824087350149,0.0346921608626717,0.0020137389145884,-0.017080192916731,-0.0046281469778964,0.0106136606351868,0.0215874753935523,0.0386329753086881
T J Yeldon,-0.0174836903936386,0.0088145748005804,-0.0087001082210354,0.0092014085181647,0.0318540062161769,-0.0191930812839881,0.0033025175039087,0.0037428803076338,0.014644483813192,0.0108253832830786,0.0148577469925875,-0.0389327807104347,-0.0257946388838808,0.0359933528433372,-0.0182015044200568,0.0150701547540752,-0.0533871929441265,0.0066027527231986,-0.0088483259975295,-0.0120959837523457,0.0253149324399583,-0.0312926530194629,0.0234800324111454,0.0149890868333087,-0.049553581561049,0.0698454351899319,0.0035297427950775,-0.0338548149225065,0.054701915750319,-0.0225928011448339,0.06445323110933,0.0068095545857715,0.0203322031486397,-0.0081974413892287,-0.0376491542299102,-0.0154128639608122,0.0300526000311041,0.0502513367589463
Taiwan Jones,0.0185297231962982,0.0199780130608473,-0.0424481494130492,-0.0241187812049154,-0.0381148035825041,0.0021849293343741,0.0027875295615677,0.0589667539061286,-0.1155320709178452,0.0206273489878956,-0.0364893820865323,0.0075457315525918,0.0117022511346444,-0.0283771656257004,-0.0349010517598028,0.0427762935747069,-0.0036734098718262,-0.000900571420275,-0.0223702069264907,0.0076022522048166,-0.0237650890959818,-0.0015081216748166,-0.0097202661727411,0.0225664305798639,0.0025684781535874,-0.03639047973578,-0.0174286163912272,0.0185329102247463,0.0208680722552565,-0.0075990751770263,-0.0155034752494751,-0.0368652393916301,-0.0257260801033625,0.01352818002975,-0.0021325908310885,-0.0203564729866576,0.0105997509193139,-0.0016343811770585
Tarik Cohen,-0.0191347152599073,0.0230518066211555,0.0150352176315758,0.0131533093235958,0.0708318156573251,0.0203650335465868,0.0030433917339646,0.0132240433321007,0.021476549811162,0.0389794240452087,0.0054318874121019,-0.0465851065652174,-0.0312688429021464,0.0152312577741624,-0.0470845741443177,0.016606012322578,-0.0066941824815137,-0.0001284932228138,-0.0102063949147728,-0.0198614792532133,0.0232255597818102,0.0457052913431468,0.0177996957341574,-0.0577642122040102,0.0124998938841209,-0.0160497342208376,0.0064655234171596,0.0027814349147484,0.0078262792861342,0.0385267008213955,-0.0573170808790862,-0.0691762414089784,0.047019381977438,0.0115963389368417,0.0220413840712008,-0.014081328103057,0.0275853337676599,-0.0137770670566509
Tashard Choice,-0.0036852826518389,-0.0033899483789902,-0.0148303761263511,-0.0107806911640891,-0.0005046658335919,-0.034094623663492,0.0104494360564532,0.0185930285263151,-0.0007892443189795,-0.0217025292143038,-0.0249480311291682,-0.0009854580434402,-0.0281497565468171,0.0199023061948149,-0.0415924925629341,0.0063432803320345,0.0125907711844474,0.0188019259762934,-0.0127842935338985,0.0042976484508363,-0.0235193881906426,-0.0245402252250315,0.0206544445100426,-0.0327384665954991,-0.0212807532436405,-0.0241868352723618,0.0228237502244751,0.0206055451432538,0.0649382603913143,-0.0077974368388953,0.0325703085222994,0.0462835645652903,-0.0083178405825725,-0.0066802700666721,0.0110913232910084,0.0315309702510264,0.0232831914844882,-0.025617636533528
Tatum Bell,-0.0219262921135964,-0.0287226557768571,0.0254990077003294,-0.007551699634019,0.0075909416779598,-0.0289870280408039,-0.0071840461543368,0.0563406209365371,-0.0261363672704321,-0.0522217669498807,-0.0083449315030871,-0.0093373738446218,-0.0360301191482815,0.0111384296143994,-0.0526010132937215,-0.0636778698223521,0.0032321961379194,-0.0178381719586096,-0.0147954359786686,-0.0153413561077138,-0.057948312564294,0.0093243383621637,0.0130916036694072,-0.0195537741903289,-0.0097724626954189,-0.0075267460668293,0.0288228199086063,0.0367080178363935,-0.0129726059132314,0.0096321655100271,0.0264348532742487,-0.0093366685995865,0.0028010732032398,0.0570865611908999,0.0025317617348336,0.008581061687659,0.0524513536343733,-0.0187923787619941
Ted Brown,-0.0433163073126236,0.0412508128901748,0.0160336509613579,0.0175337081217538,-0.0028444012257192,0.0322192730273492,0.0164468605042063,0.0011455534101438,0.0382977553632222,-0.0267699384534802,0.004960309989559,0.0591921430322606,-0.037499442875934,-0.0195906490372924,-0.0222015920493195,-0.0311114116675502,-0.0595477805780932,0.0562196187809451,-0.0394871056529127,0.0094623193603102,0.0024209061792908,-0.0461781290047714,-0.0520130545085504,-0.0673477340911614,-0.0046977496711582,-0.0323123602957976,0.0567998862793349,0.0049568726157845,0.0269062693685416,0.0605459552942838,-0.054479188199325,-0.0629252781802706,0.0433524128528087,-0.0181556345515093,0.0204627450952204,-0.0290835212958623,-0.0047949788755101,-0.0087845074117781
Ted Mcknight,-0.0007947138105061,0.0078922610749639,0.0454290976893268,0.0381704958552285,-0.0490480901352887,-0.0281114764638967,-0.0011642665800864,-0.0020605786180976,0.0208840015248264,-0.0001257354402927,-0.0419189764665352,-0.0295905525017627,0.0150340703779742,0.0048032200435444,0.0060631624933605,-0.03401766668905,0.067301046160006,-0.0011077326765515,0.028835873169226,0.0286372753040607,0.000559785554038,0.0362622479578004,-0.0536599953121132,-0.0040662530468385,0.0213832387118462,0.0300349960279328,-0.0092204188927053,0.0325378743877599,0.0260842663439577,-0.0238242174387413,0.0310545726185173,-0.010816410580457,-0.0225341942667014,0.1075247812794326,0.00839341793346,-0.005630150385634,0.042098685767904,0.0094060692812711
Terdell Middleton,0.0007325735075872,0.0223537770869808,-0.0280717568694058,0.0277134349612386,-0.0380714224556776,-0.0217991416734358,0.0115841641315369,0.0473906919505665,-0.0463688996369766,-0.0416011795565775,0.0080086129013079,0.0319532384375439,-0.0051019866761515,-0.0139071591379004,-0.0648546616210138,-0.0510969024107755,-0.0101218665584882,0.0272396287480116,0.0354342023519376,-0.0079375005417614,-0.0170146215967045,0.012205824331804,-0.0149540943035909,0.0181319233804236,0.0429405019095952,-0.0034211685864267,-0.0205203041449509,-0.0246628486282652,0.0334632191921161,0.037686903186835,0.0035389032711796,0.0543278687798161,0.0161129864967289,0.0094801811447855,0.025010346560569,0.0349291000141372,-0.0064046173873139,0.0621750571924338
Terrance West,-0.0037833913133131,-0.0347822169320561,0.0170382943338942,0.0103153998816843,0.0185574769872057,0.003402064739254,0.0293924639208838,-0.028009281457692,0.0092998406395042,-0.006760216495103,0.0042970099603195,-0.0355664698453238,0.0208165169375251,-0.0154262011145493,-0.0129172320018854,0.0152786724546675,-0.0197242904489631,-0.0395413459565913,-0.0066379851317418,-0.0287277498242328,-0.0331087542632034,-0.0364929808268363,-0.0169897809580267,0.0474418734096933,-0.0013273369591854,0.0199638510299561,0.0027597821982428,0.0321430396117441,0.0263621231266337,0.0040968368857244,0.0163255232751967,-0.0208099188373866,0.0377927267136653,-0.023632447467537,0.0073078652910405,0.0053012219820297,0.0016159070225242,-0.0234569299793613
Terrell Davis,-0.0738440403676763,-0.0612388722454821,-0.0276933240726072,0.0121339114595961,0.0217052061534763,-0.0119568195175622,0.0470275247691455,0.0665860690190472,0.0439197421728557,-0.0341758650969969,0.0210544033479594,0.063519480843554,-0.0167381775896831,-0.0136402414234249,0.0481341035536465,-0.0377073535989102,0.035386943302548,-0.0414604612196606,-0.0171211346917385,0.0432046578326709,0.0368993319580629,-0.0053417677011496,-0.0848151059164174,-0.0072032765652252,-0.048880892610936,-0.0403438753774361,0.0379719065754122,-0.052726539355413,0.0513344714694981,-0.014531253733541,-0.0659987917282461,0.0735689387258881,-0.0109254733291084,-0.0589654965600295,0.0332327963865917,0.0479270853092761,0.0195826551165167,-0.0055876645789872
Terrell Fletcher,-0.0113467495141958,0.0360918510307178,-0.0051164568835034,-0.0180304053505025,-0.0052943679014588,0.0031223136447954,0.0034112141257943,0.0077876132260187,0.0016474882534965,0.0207954338577233,-0.0299997006874366,-0.0339051163528889,-0.031459179177006,0.0614415752630507,-0.0061726549492214,-0.007974503678869,0.0205259420659865,0.0669487320205212,-0.0170226506184765,-0.044059259849723,0.0246631641104383,0.0322529502362876,-0.0192918226864923,0.0591956664049915,0.0249851194456749,-0.0063222527927728,0.0266121403803525,-0.0200306994318111,0.0338738076143944,0.0209709501361934,0.0090392390966763,-0.0024211106811237,0.0068577767435727,-0.0417512671645254,0.0051782360937939,-0.0361146116433103,0.0019418946824863,0.0100869461619206
Terrelle Smith,0.0221048807233961,0.0083150406595386,-0.0300772376046918,-0.0311152472506326,-0.008727925374429,0.0290073090332379,-0.0115455825903532,-0.0179365289885926,-0.0165516180671866,0.0142067167022769,1.3649618347542444e-05,0.0061325490154065,0.0114870119650694,-0.0033893392541129,0.0050732781171326,-0.0074671070844843,-0.0336279205686727,-0.0018331686469774,0.0001897841998695,0.0087439055347635,0.0072456591579364,0.0033470847027382,-0.0469693939998783,0.0096225027420761,0.0048461743684421,0.0066182756003702,-0.0073622603934148,-0.0036550592023309,-0.0051217896727783,0.0139831985842012,-0.0228116002794459,-0.0250719112975018,-0.0266527246211126,-0.0100246102568375,0.0141874443706062,-0.0167224097910674,-0.0195221741919886,-0.0064446355670792
Terrence Flagler,0.0134116078887173,0.0181054513195748,0.0322154786486638,-0.0127885456871788,0.0102451018300226,-0.0524294733153279,-0.0021064339480948,0.0035281746560359,-0.0568113648810857,-0.0075059347686447,0.0796311464982483,0.0173774506382462,0.0081796011725147,0.0068347186808078,-0.0150337727891048,-0.0020340569778212,-0.006371202442635,0.020777841022025,-0.0127338585646884,-0.046315694895504,0.002449199761739,0.0357365896660469,-0.0017530008246094,-0.0376389324627361,-0.0249703362916939,-0.0621494154280652,-0.0229256744406909,0.0234043033325719,-0.0194876426005551,0.048496001136457,-0.0089542767260251,-0.0173247345321565,-0.0411938477747074,0.0229971204870033,0.0054131161523156,-0.018079124832475,0.0043492721733286,-0.0008922824302607
Terron Ward,0.0228581184592486,-0.0130868001045122,0.0174548633074501,0.0027128774153255,0.0151216283009807,-0.021044695992241,-0.0077136620642126,-0.0002217291523164,-0.0022518423589834,-0.0180632560515707,0.008630843349217,0.0088527990927134,-0.0039592184056354,0.0027718069456881,0.0129917624364182,-0.0106384546340971,-0.0046095115583224,0.0110761886596139,0.0014931397295666,-0.0146105119760142,0.0109455486443159,-0.0182769081172617,0.0127432495745994,0.0183101873298762,-0.0049637303420504,0.007294244429746,-0.0041143349356975,0.0078770318059539,0.0051325338870451,-0.0013244599776048,-0.0052946665792883,0.0332394869117776,-0.0163213296134677,0.0134745599746322,-0.0042964990310959,0.0007456710481948,0.0054810345598661,-0.0082586868236453
Terry Allen,-0.0588583033173857,-0.0440742751088848,-0.0175630583874554,-0.0137810489818969,-0.0160652556274098,0.0099925084751117,0.0125894511588384,-0.0190374808547643,-0.0264166594347645,0.0141174556617407,0.0375499045463786,-0.039659387483588,0.0503138230184748,0.0330220174791099,0.0319909435853652,-0.0350782515446456,0.0184400083933662,-0.0770227452928109,-0.0039861059214709,-0.021781134532004,0.0475545335082599,0.0354779840491776,-0.0325892469577578,-0.0193344434412573,0.0766674111583467,-0.0316474059818349,-0.0591544816788562,0.0146791949050022,-0.0497631998609001,0.0554988108153935,-0.0333946504911137,0.0005193959493665,0.0042464262550461,-0.0566347959328638,0.0482145203910925,0.0689924067994064,0.0084128052551447,-0.0206649776037432
Terry Jackson,0.0208448554148732,0.0017723859136962,-0.0234723557070674,-0.0324259498778018,-0.0141049543435798,0.0255100358865163,0.0081880613302841,0.0139187619535646,-0.0019228935776428,0.008029668642081,-0.0312720964795645,-0.0215702050945851,0.0119451848679731,-0.0431519911845112,0.0038516998141923,0.0153660962315675,0.0141372236912134,0.0120514593439523,0.0097933385138903,0.0233482886174237,-0.0129448863267034,0.0012554319555108,0.0373137067158604,0.0175360813905013,4.849719541527402e-06,0.0327829899864711,0.022108158114433,-0.033193559258844,-0.0164255129944334,0.008184224842475,0.0106057321379956,-0.0116761215260578,-0.062426274604444,-0.0360157155876348,0.0265195305114187,0.0006943517897039,0.0411242601182169,-0.0371159300450966
Terry Kirby,-0.037946125557828,0.0622704329691162,-0.0508176666256395,-0.0229615299415606,0.0392869592452966,-0.0290945802003194,0.0075786156514627,-0.0094540314609846,-0.0074168564837004,-0.0856107025913077,0.0166425782641039,-0.0443488781594433,-0.0112297916460323,0.011396729872681,0.0339225642286507,0.042354468008953,0.0206163823346882,-0.076759993818056,0.0013721899765884,0.015678070599,0.0030695712516866,0.0176841704404084,-0.0138761490959284,-0.0613224282391248,-0.0238300024214086,-0.1168962956407817,-0.0460580977412953,0.0412519610437005,-0.0070586250390939,-0.0353984775966515,-0.0151991789941794,0.046984371164175,0.0063617752545782,-0.0205770135959391,-0.0467295812819537,0.054383860032617,0.0301317597517745,-0.0453462032641041
Terry Miller,0.0016475691192978,0.0093162658976731,-0.0095200354924325,0.0610100259364718,-0.0070350880412345,-0.060491283375253,0.0116223114128691,0.017083206489362,-0.0170800122466957,-0.0111675688614378,-0.0115970709238373,0.0144556169254826,-0.0472659335620652,-0.0004892904893845,-0.0214649201164466,0.0368303148228678,-0.0316640627966755,-0.0309877592044762,0.0220268688372566,-0.0301822196501773,-0.0048065678555287,0.0043096180479503,0.0385175623138713,-0.044576360480104,0.0179171624432112,-0.01438826967916,-0.0186575427681232,0.0056792618463061,0.0080882457485946,0.0012463963322273,-0.0347577219293086,-0.0560954307761977,0.0061856464294611,-0.0054712321559125,0.0033323540486475,-0.0103472140955791,-0.0384939935396905,-0.0082042576017434
Terry Robiskie,0.0261375718588839,-0.0080699245832761,0.0101174233564476,0.0270153294301345,-0.0178620914572531,-0.0032143217370742,-0.0120471337729406,0.0031002733531219,0.0106634760835041,0.0172308328440191,0.0014986973461455,-0.0200770413461565,0.0084613399539549,-0.0151824012040592,0.040168685740554,0.0066909517685718,0.0170912012360728,0.0052170304776261,-0.0272250069904423,0.0107783650422804,-0.0018633658130273,0.0036087706515304,0.0099853897143581,-0.0001876655655707,0.0128725346458645,-0.0022765250411402,0.0043008638114841,-0.0036316234893619,0.0197608874924552,-0.0075881068002014,0.0003085579416316,-0.0273485440618774,-0.0056513756890626,0.0184455359539658,-0.0022553554096901,-0.0224473909141227,-0.0051359016701593,0.0009076527164432
Tevin Coleman,-0.0288092763498283,-0.0090086369664981,-0.022078692025073,-0.0046491152425349,-0.0116957319880493,-0.001560674543413,-0.0067746679578485,0.0894612049638588,0.0081479730124747,0.0051367362640974,0.019928874566406,0.0258422600294052,0.0318847251801396,-0.0380104530671814,0.0412052493444772,0.0128302959669836,-0.013953568367671,0.0120866375781641,0.0528969816355641,-0.001008997313872,0.0069783956713387,0.0283935059494975,-0.0443078457686698,0.0015505983233431,0.0265638493797569,0.0256562737297378,0.0145702083607984,0.0109276473729404,-3.255435313282394e-05,0.0726026852296418,-0.0729589119033929,-0.0165159413366202,-0.0247129270246444,-0.0206102778532033,0.0223619004914408,-0.0116187442769159,-0.0169387865301746,-0.0327345035373077
Theo Riddick,-0.0045866777696094,0.0528194442308255,-0.0051510943628595,-0.0096060113117392,0.0009009426095424,0.062979307931904,0.0122168164356094,0.0439796025632316,0.0222385469173862,-0.0149687979314358,0.0100930269886332,-0.0001349658557618,0.0209073290117031,-0.0200370236422694,-0.0157111193720325,0.0381653353513457,0.0465528527036402,0.0255326442503141,0.0191141926440677,-0.0717212987971848,0.0078181767946771,0.0150100596648987,0.0057918178120824,0.0512689085936218,0.0400880923648639,0.0528281629465518,0.0454373022148663,0.0260254726154992,0.0276754877334555,0.0119249508182722,-0.0192486722715125,0.0145411441078199,0.0159505936581069,0.0158679140218775,0.012965613098463,-0.0251193813049478,-0.0121221117391317,0.0131234462948252
Theotis Brown,-0.0173207697364533,0.0145078320559977,0.0411830632526026,0.0120418989018209,-0.0044678860632808,-0.0076932410980454,0.0066775259121518,-0.0083781628359398,-0.0335978650830238,-0.010630392412154,-0.006449628328256,-0.0008287270945884,-0.0155074549927132,0.0060248977725139,-0.0255129668862309,0.0327446234708226,-0.0256934913459191,0.0245129531182528,-0.0513145785098388,0.0434715820658562,0.0177095299883246,0.0785645012124628,0.019167532197361,-0.0038456078714705,-0.0296827418621299,-0.0303345700508424,0.0215682203418896,0.0133572688658228,0.0355273365684208,-0.0035936480900707,0.0162439427705242,0.0493167366822878,-0.0681639919246806,0.0192876281749891,0.0306807900007853,-0.0202758905549217,-0.0116663247103568,0.0338775200506346
Thomas Jones,-0.0551242585883589,-0.0241512195667433,0.0250623417413355,-0.0112518534456945,-0.0482118222873321,0.0458071782658517,-0.008643939716432,-0.0449763666904893,-0.0496313696956452,-0.0136666095403178,-0.0120993769218469,-0.0311698605837595,-0.015758390037423,0.0162209594536033,-0.0260420191292285,0.0014999876681772,0.0656711427163163,0.0372966305246022,0.0225982513124931,0.0260095172131233,0.0654811471294099,-0.0283033265477959,-0.007160086599004,-0.0564408906037509,-0.047615833940457,0.0037188034203908,-0.0312597844352158,-0.0122262209341024,-0.102809966323846,-0.006061946224138,-0.0616976340156524,0.0184293409327174,0.0778792167229974,0.0706410966884463,-0.0670052652816813,-0.0028168882388056,-0.0616396976696,-0.093962755111716
Thomas Rawls,-0.0073573286411327,-0.0406038753200624,0.0199161121867371,0.0192791906643089,0.0290036376620786,-0.0362798329902941,-0.0231088717783305,-0.0163456184332391,0.0049184066783071,0.0099132469247739,-0.0392789588421464,0.021205616166786,0.0112095862950487,-0.0069185440629642,0.0121294721120741,0.0159069465932397,-0.0096239367249875,-0.0011911020509379,0.0376370143837983,-0.0495919986276977,-0.0276446829716138,-0.0257296567927855,-0.0310477015840384,-0.0076241160380915,0.0038989351179451,-0.000488710222647,0.029565897905083,-0.0196095772786732,0.0303289803512766,0.0080802124060783,-0.0016313578701536,0.0269843149793065,-0.0119852882856552,0.0022580117956252,-0.0195707383196951,0.0103320935645001,-0.0194424444851805,-0.0130018085192299
Thomas Sanders,-0.0020218056805443,-0.0051173796463346,0.0131126657138281,-0.0372947055696447,-0.0330070362968565,-0.05396131287749,0.0143944892608327,0.0394659644196878,-0.0160850326638194,0.0108061034579435,-0.0143162894940683,-0.0152093636508105,0.0165814402781179,-0.0078161746404457,0.0102600966736556,0.0275964784779472,-0.0184201481082548,0.019069168870206,0.0084696970779869,0.044574664276187,-0.017743756625281,-0.0173750812593437,0.0319574541973311,-0.000176574640483,0.0300319608041733,-0.0274446861647731,-0.0038340533839102,-0.0056771201910659,-0.004065731205379,-0.0060528233460365,-0.009543959333942,0.0599361293576431,0.0117245943588549,-0.009160002008022,0.0129037655402327,0.0097228488818046,0.0370785602730488,-0.0401125823211006
Thomas Tapeh,0.030867409925205,-0.0030313271885498,-0.0050703267769941,-0.0123182921672848,0.0200910415302832,0.02236481889466,0.0066553899622559,-0.0069676262218318,-0.0071311823993145,0.0119418816600077,-0.0017321931078131,0.038689102325033,0.007427937624864,0.0064382594013674,-0.0178391769229993,-0.0172377512374257,-0.0315710102855145,0.0010850053447886,-0.0065686416818048,-0.0105641420492118,0.0043894314486942,0.001959726159195,-0.0308769601597025,0.005169884130239,0.00451830934614,-0.0068364860688707,-0.0246183776524973,0.019210657882294,0.0027061460405503,-0.0068888292889286,-0.009457072846513,-0.007447138350533,0.0130867343318646,0.0262145145410622,0.0077538848634506,-0.000772198586928,-0.0135304266178138,0.0160068638416059
Thurman Thomas,-0.0908240492658977,0.0028635497968075,-0.093452907510626,-0.0141576958868734,0.0192092983282803,-0.0123609835318292,0.0380027124197846,0.0155058633074123,0.00931090980102,0.00873492610703,0.0856227824927625,-0.040266916471893,-0.0280315378304802,-0.0303421629753609,0.0611250475462025,-0.0853164044951418,0.0136517236819301,0.0136754341820082,0.0005023574140612,-0.0651712682338268,-0.0257140746731352,-0.0444903101792643,-0.083453534083809,-0.1249327337061559,0.0561497885488814,0.0273653538040527,-0.0609973335142251,0.048998660788312,0.013524650697121,0.0387614220284811,-0.0017113832238333,0.0385742587103049,-0.0465743580011456,-0.0288037123878253,0.1019148705049772,0.0034132048634402,-0.1037670874064922,-0.0037371229928931
Tiki Barber,-0.0890420477059257,0.0141599394467429,0.0901789790681605,-0.0162051382285705,0.0425582409905458,0.0850439533644918,-0.1193757972529037,-0.048242653242849,-0.0754030042662987,-0.0679684096556207,-0.0523068919407156,-0.0673778990154855,-0.0936905348415168,-0.0024995473308917,-0.0295962774657438,0.0402709611440135,0.0189900307911026,0.0718207078654595,-0.037744709571667,0.0046811501947526,0.0307636001973026,0.048217025552906,-0.0179211585338378,0.0689835353614678,-0.0223670051982579,-0.0337519756365197,0.0283366335990565,-0.0795402464793069,-0.0395195255454463,0.1010171262423032,0.1371563183230555,-0.0732973199636925,0.0450828687375429,-0.0326135049614409,-0.0122819728161986,-0.0375545253647824,-0.0405875903140388,0.0294967249839979
Tim Biakabutuka,-0.0132182174722694,-0.0207027869801173,0.0860938711518933,-0.0150110920047791,-0.0080104136170768,0.0048971954681724,-0.075868457590796,-0.0019148389190063,-0.0060250574511659,0.0041917081821449,0.0104709218811364,0.0329785363951816,-0.0519586243116713,-0.0728167417489046,0.0493044331268118,0.0584375897405156,-0.0233471445182121,-0.0363356795640901,-0.0086637993391092,0.0120748665781315,0.0148632805929675,0.0087385816427183,-0.0155049314887214,0.0328567669427555,-0.0057758839337244,0.0194898981630366,-0.0256637827197832,-0.0663268221430191,0.0099980720350609,-0.0476020248470998,0.049388821662517,-0.00489667583376,-0.0216122296706712,-0.066242058823568,-0.0024832719023889,0.0086740892592768,-0.0196427180514022,0.0639630334865596
Tim Hightower,-0.0113576397733793,-0.0132889539539655,-0.0896441768670658,0.0021267772147772,-0.0065912618498182,0.0120483786091396,-0.0032500628978943,0.0139718356647768,-0.0066854513309673,-0.0012632507693385,0.0097408596320054,-0.0068938808659013,-0.0485070788160521,-0.0420364545659508,0.0088370399590752,-0.0153024146909664,-0.0173945494280488,0.0741929349171443,0.0077953621897529,0.1010349054272565,0.0600294928546727,-0.012506254900133,0.066149140890317,0.0097733661609915,-0.0176774078223297,-0.0058479982880657,0.0629069904025776,0.0497967262974413,-0.0363966600123752,-0.0124755388054567,-0.0662376300329129,-0.0242184708601106,0.0090578714367239,0.0819207784236093,-0.0511324644890305,-0.0230358022039698,0.0287642201573366,-0.0253774327709408
Tim Lester,0.0208529607667878,-0.0075296804619903,-0.0158362159285307,-0.0567752041553147,0.0146932175947107,-0.0148939225319219,0.0190305877476835,-0.0045988737188207,0.024027709097952,-0.0097218575231107,-0.088526203597731,0.0084102879244938,-0.0285864356580606,0.0049371829835543,0.0107651969751509,-0.0104197528766196,0.004249146203509,-0.0179143583911097,0.0008437547407924,0.0066568205379068,0.0229833214142693,-0.0205303680663817,0.0259331894239306,-0.015434687791038,0.0122503286019159,0.0303326704992451,0.0091735685591854,0.0065175651652593,-0.0116807381014783,-0.0082246486407806,0.0290368086596876,-0.0194464678516772,0.0225205276088557,-0.0146319836789234,0.0408289003422113,0.0308549900895268,0.0186669611475562,-0.029033201612349
Tim Manoa,0.0079348147481278,-0.0145910678616733,0.0090768804189577,-0.0068964624259642,-0.0069672182608357,0.0052704632085632,0.0125515863238237,0.0179382465644718,0.0116298179105066,0.0020126252230334,-0.0156733471681839,-0.0169073095951979,-0.0087521457573216,-0.0104387739677875,-0.0309721123637792,0.008074253601021,-0.0232570606362942,0.0191087486782352,0.0204811477041387,0.003377610056958,-0.0132629993202994,-0.0046748880274075,-0.0283418649371896,0.0022019998544276,0.0056088755015322,-0.0421685308631151,0.0206929496847152,-0.0024785926698454,-0.0105417051506474,-0.0411266725803283,0.0442699250335199,-0.0020211610779991,0.0075597359440719,0.0218619738866662,0.0021790302980143,0.0353497619767697,0.0276209085572802,-0.0044471578791883
Tim Spencer,4.786430861746566e-07,-0.0081232215028124,0.0014854418367283,0.0035155170150406,0.0022777808348049,-0.041764104092335,0.0375853342343502,-0.0156221331137467,-0.0238331227928585,-0.004174177324691,-0.0050168800137344,0.0301214569859979,-0.0203578587302189,-0.0096591949533422,0.0089786836233811,-0.0229645933855841,0.0199311968795727,-0.0202868260059526,-0.0146488403635936,-0.007818268893649,-0.0252365008890974,0.003080014017526,0.055382229812471,0.0232972090877745,0.0110651139220452,-0.0007265894555992,0.039343479099069,-0.0185060310359912,-0.0153918607877543,0.0029495137300167,0.0150874251515627,0.0015166924993995,-0.0177496272517564,0.0573673473163596,-0.0388372776179344,-0.0011255889308214,-0.0145700776557898,-0.0411830675570151
Tim Tyrrell,0.0346140510206851,-0.0121772779785041,-0.0147578035124601,0.0159842662616357,0.0157836077749022,0.0203764136560489,-0.0080769971254585,0.0093602255578641,-0.0105520019918651,-0.0042226888510461,-0.0140259563576574,0.0028374088684699,-0.0056282270326003,0.0047875702957056,-0.0065852596211312,-0.0211317094557559,0.0045806016341238,0.002908043885463,-0.006174053680971,-0.0173536026003389,0.0024440552358579,0.0011621657356899,0.0057639275368777,-0.0096470675999753,0.0098469135234925,-0.0054087888641979,0.0020216701492407,0.0021697852056444,-0.008247664930237,-0.0025704503744348,-0.0033463752505073,0.0026204686557522,-0.0036865122073499,-0.0140529929022997,0.0059045662886195,0.0024758852612189,-0.0101013142250956,0.002547338776122
Tim Wilson 2,0.012531556628405,0.0127554860452908,-0.0465114880148273,0.0214132985199621,-0.0374460303299829,0.0143663492456331,-0.0086690628653851,0.0104491424074312,0.011814465823485,-0.0271637797465885,0.0084628546533102,0.0004013204344551,-0.0071534725763961,-0.0182982516001194,-0.0236904376362483,0.0322336465800776,-0.0120327504693926,0.0133560900299181,-0.0437894888266253,-0.0060762759346632,-0.0048779157482693,-0.0090155487107683,0.0160850096745205,0.0336989879484827,-0.0246325953554339,0.0122814992552691,-0.0131072566201631,0.0130697927867592,0.0283304837983052,0.0104308690254621,-0.0220339471390759,-0.0189789539973449,0.0098707134968002,0.0147635697975846,0.0021000302898693,-0.0094240531626533,0.0149206032827021,0.0254064695134058
Tim Worley,5.6333369257197414e-05,-0.0361131564601641,-0.046924345972584,-0.0018124878675857,0.0065762673525206,-0.0214791434714887,0.0153434823096295,-0.0194585959241895,0.0100906444590006,0.020337529493602,0.0199344738607231,-0.0594857791967883,-0.0284680489505798,-0.0763463661149358,-0.0547184998811313,0.0138332123578257,-0.0082319863987407,0.0073809049270445,0.0402085145047711,0.0373757264449367,0.01755829413085,0.0013769341116334,-0.0515245897690802,-0.0250923007114485,0.0087156455178837,0.0438567394827542,-0.0190111342705996,0.0214955860232569,-0.0381705699434785,0.073620620780318,-0.0138326954792089,0.0459709849640935,0.0118863761692903,-0.0177089469314414,-0.0206374545983016,-0.0001814768925018,0.0421337500289173,-0.0170532727583649
Timmy Newsome,-0.0074871580374963,0.0415488570389663,0.0275745524044761,-0.0318808480325337,-0.022449786873699,0.004473453663613,0.0112492512260387,0.0030783477404301,-0.0086233011745062,0.0411333145802362,0.0161493188044237,0.0141609454495867,0.0394547982031386,-0.0080538035463213,-0.0483150061906372,0.0096928332306272,-0.0156477508347157,0.0129488146338564,-0.0134128752929088,0.0376518496539035,-0.0629353600323121,0.035184361818204,-0.0135485923183848,0.0146808118868751,-0.0199130784060949,-0.0123576114189165,0.0528145053324596,0.0399869005192457,0.0158686589125024,0.0094861602743015,-0.0263174168785487,-0.0428231282344406,-0.0381990388333022,0.0250519969112261,0.028329462519204,0.0256345913301868,0.0353545828055829,-0.0151571206767592
Timmy Smith,0.0219259930910974,-0.0335656474702407,-0.0039453683631777,0.0097581993951745,-0.0055265013569578,0.0410586382875832,0.0161489399057432,0.0077042795208828,0.0146266411969114,-0.0032010535853268,-0.0136583146023189,-0.0266965218048359,-0.0107195071051516,-0.007560586238458,0.0049574830967266,0.0184201999848138,-0.0162956504459129,0.0173999494266565,-0.0046235211715804,0.0088426045026736,-0.0265643362145391,-0.0164625526100255,0.0111011681729142,-0.0105818941315226,0.0212056773582969,-0.0160429949187165,-0.0014670794477981,0.0002240322095789,0.0078071653346229,-0.0098568978615874,-0.0039953259383302,-0.0300886686495519,0.0134735734237895,-0.0076350590386746,0.0046807823041537,0.0038719612764736,0.004151740819945,0.0231984868347996
Toby Gerhart,-0.0116895882114066,0.0094687434195273,0.0134085186538608,-0.0174229126568856,0.0122757484366994,-0.0169485815433093,0.0011071791423239,0.0204370436121954,0.0207422531404657,-0.0491376462777509,0.0246293810884486,-0.026841266464002,0.0191890275670209,-0.0282969028389855,-0.0046065797744424,0.033893729745093,-0.012114357219427,0.0289473767085475,0.0185169699002376,-0.0191720255817225,-0.0147969111573002,-0.0026074328795148,-0.009654149568378,0.0024515635575378,0.0090455800512053,0.0550892991821811,0.0331657469086051,0.0286521677990961,-0.0076849065934446,0.0134217070102656,0.0221055029278478,0.0299492799973144,-0.0374261455528754,0.0041744770635942,0.0153169204636552,0.0156704657607733,-0.0072140650270693,0.0521241852974076
Todd Fowler,0.0308978298467041,-0.0039921381458081,-0.0088695397259447,-0.0109688817357746,0.0129764965134122,0.0067955709774134,0.0171814148851282,0.0196345470770623,-0.042866769198463,0.0203293228477869,-0.0139382305463178,0.0117999378209286,-0.0059279964757489,-0.0121625929131268,0.0351282835944735,0.0223888827666526,-0.0016763681810757,0.0077402505267338,-0.0176706924680004,0.0019010684585606,0.0098837251877592,-0.0208094635922455,0.0167074666404826,0.0339883292254614,0.0101539042512771,0.0001737017123358,-0.0098690539834094,0.0093145912134763,-0.0086724273795788,0.0019297405117754,0.0089929113725993,-0.0227935562868099,0.0010544350610631,-0.0174001861218748,0.0203397347870936,-0.0101097869672048,0.0020577944810943,0.0028743683169504
Todd Gurley,-0.0778527375778779,-0.0547808894512029,0.0261614930170289,0.0363873006927111,0.0395904771551807,0.028744344124039,0.0638136811071366,-0.0088884950288711,-0.0029780101515736,0.0761376181493821,-0.0283691057938084,0.0362959202794831,0.1330755871113665,0.0791712534217416,-0.0476336190224036,0.0275571558379609,0.0586406686323886,0.0444819618028633,-0.0659102619344186,0.0144681662766502,0.0534135195804778,0.0765065798061798,0.0101303277391792,-0.0340370264686962,-0.0712953922676338,0.0220022571369893,0.0515578200611276,-0.077626927802994,-0.0645332557946423,0.0625208528717624,0.0078206940314576,0.0187941372450384,0.0588070474009775,0.001925823183017,0.0188812437896233,-0.053856797051111,0.0881098388986433,0.1504923506137989
Todd Mcnair,-0.0087430074494074,0.0489934275211427,-0.0102120416902489,-0.0312867434869818,0.003163418674595,-0.018974497710356,-0.0220944099638557,0.0184067714437848,0.0090374612178286,-0.0573984168535285,-0.0237063331448552,-0.0273132947443406,-0.0371505707598731,0.0108333346977177,-0.0296584483581619,0.0252949918848284,0.0251130655524481,0.0379242694642771,-0.0288501059532019,0.0224203904880689,0.0315623338803128,-0.0222322545612547,0.0198045963210364,0.0067359552687811,-0.0016917925256781,-0.0163203016478527,0.0310427664911871,-0.0003895192960331,0.0702853729316743,0.0400286717517723,-0.0047932742488348,-0.0314858074353602,-0.0340614692023906,-0.0273473237599313,0.0625902895910017,-0.0030174326403642,-0.0026287639636215,-0.0259780709072935
Todd Spencer,0.0344435342909555,-0.0113368007504673,0.000275447645169,0.0110425871003107,0.007630803022816,0.0289438869904513,-0.0008615347536441,-0.0027161522430885,-0.0212763355908889,0.0227262085841536,0.0419432216575535,-0.0017001612364931,-0.0038969992852679,0.0090715840499215,0.0515380319650744,0.0206770415121182,-0.0217195525210353,0.0181806234207463,-0.0109981090948808,0.0143148753162096,0.0005240400996765,-0.0151295692250364,0.0227909021319748,-0.0028973249080257,0.0253733412710486,0.0255340220540726,0.0118795739224625,-0.0095419522386513,0.025301776603008,0.0164085332634786,0.0376217494476523,-0.0066724975456354,0.0151218849518123,-0.0270700635054965,-0.0270087268062551,-0.0011100824347183,0.0426032951283231,-0.023826004859547
Tom Bailey,0.0266453726014031,0.0058362238462454,0.0030771347544931,0.0245786169554861,0.0053200072651816,-0.0024349002435843,-0.0152254800699977,0.0095872477026951,-0.0111086110478114,0.0071855328486382,0.0332694821863458,-0.0040700725464715,0.0022864457163859,0.0027288668063988,-0.0047710053601399,-0.01447543165485,0.0236143647034102,-0.0109394034624746,-0.0192750913297722,-0.0050134906371969,-0.0002791286589788,-0.0083518243705842,0.037665899247152,-0.0001190817718236,0.000654307901242,-0.011399121681357,0.0062496742772805,-0.0032896894880747,-0.0036019135705186,0.0041557135532115,-0.008038469572628,-0.0210787868131519,0.0199055281106318,-0.0071973919648302,-0.0049396287405916,-0.0050222659375893,-0.0072418693218827,-0.0043424326036781
Tom Brown 2,0.0376653907355826,-0.0159428955258585,-0.0098887282554058,-0.0012628513676665,0.0279236998083607,0.0410658971537089,0.0101229598114498,-0.0080710208316929,-0.0202248428413174,0.0116801180130953,-0.0005210513935393,0.0370974567409747,-0.0176175163504429,0.0161862565461474,0.0223078520319539,-0.0020061931719897,-0.0176003546681224,0.011303375636379,0.016485635077727,-0.0161217667877058,0.0019385956080228,0.010964446438471,-0.0045238647249705,-0.0023009502948065,0.0204884774527992,0.005099669361508,-0.0161837163313479,0.0228299206207903,0.0041755480690158,0.0069588369303635,0.0079167192594936,0.0118684064306357,0.008887450867989,0.0026336030563216,0.0021530953094342,-0.0089333380784933,0.0113536784358059,0.0223024332237083
Tom Newton,0.0186875817939935,0.0025335033879419,0.0196230112800323,0.0191623429858515,-0.028582175656329,-0.0266712762088207,-0.0174759743685981,0.004466613604609,0.0017027257526978,-0.0017518854464553,0.0053134349091339,-0.0307516305333414,0.0203564831625874,-0.0038340271709061,0.0145420318646314,-0.0132093874626359,0.0464432162962838,-0.0025440753917862,-0.0269590735895317,0.0211303262234278,0.0123767209010616,0.0029816163205475,0.0012860262818692,0.0155028326829152,-0.0147619524822194,-0.0073266814485532,0.0061176688624951,0.014466682495311,0.0198287511908823,-0.0121551074373432,0.0105859325462555,-0.009724200658929,-0.0268012674937038,0.0450711204436691,0.0048348776706171,0.0114802112995478,0.0130240658868442,0.0110219170035203
Tom Rathman,-0.0194304013080782,0.0446329119343295,0.0014971862986476,-0.0240263746797615,-0.0102672821021421,0.0207659858060177,0.0251947542785449,-0.0177267917296579,0.0124450139415036,0.0159424022364016,-0.0136672954468484,0.0053150240104036,-0.0262253456613606,0.0379979157840899,-0.0069902906055776,-0.013327175653966,0.0241845362894166,0.0652297887400403,-0.0046266333497922,0.0034644424369557,0.0354179800019674,0.019944201037795,-0.0572924748716979,0.0316875062067448,-0.0005172758273747,-0.0317347428934304,0.0326405661061086,0.0479225971797145,0.0708125552650618,-0.0124182963606849,0.0304503549524665,0.0168195681068299,0.0540652581074067,-0.052519424895312,-0.0110276427615867,-0.0071971171810753,-0.0119577692488427,-0.0348253132384464
Tom Sullivan,-0.0093871658672408,0.0349846104048727,0.0161470781183438,0.0516313285139143,-0.0370415238166824,0.0296985644620323,0.0325884229843578,0.0094926617809253,0.0181111527674425,0.025233817683776,0.0342255487956007,0.0319911940204909,-0.0372331469648147,0.0166111392021526,0.037024452540759,-0.020422007678425,0.0285844519310541,0.008296208795269,0.0334129383744905,0.0112179252794055,0.0437034620248428,-0.0258774198337996,0.0047626826368066,0.0367416787552131,0.0212156009150319,-0.0040255420462812,-0.0641163032141499,-0.0726724455105363,0.0279219258757882,0.0476880199491664,0.0351858568070369,0.0231836254740004,0.062385523421875,0.0133131797007165,0.0446019616874296,0.0141389676423542,0.0096706536569078,-0.0132847252136283
Tommie Agee,0.0195219908548185,0.002695661211398,-0.0119510298917901,-0.0460707777213228,-0.0112175075791056,0.0080102453665709,0.0218771579937351,0.0166089950380941,-0.001607307331427,-0.0172486942454376,0.0037681935124174,0.0217541998937764,-0.0209293941585925,0.0050815180182034,-0.0241025699402788,0.02491528667367,0.0312801214276073,0.0037659250616948,0.0146088753599099,0.0160990658280741,-0.0074244184878502,-0.0144258874752391,0.0135122071041845,0.0163645235808766,0.0128645767956517,0.0207442111106205,0.0085930648916158,-0.0313056374101816,-0.0185715534349061,-0.0427908769036573,-0.0050597474571116,0.016083379380405,0.0299778390262363,-0.011889904318363,0.0258895604005925,-0.0330679571760475,0.0195932438548099,-0.0309682209216153
Tommy Bohanon,0.0236260840791122,0.0057788694540089,-0.025135939319183,-0.0475855065172849,0.0033862533314627,0.0013487158559107,0.0307347263032145,0.0256001592048052,-0.0549112233227074,0.006117021194412,-0.0495516521289502,0.0374890927775933,-0.0165024978197802,-0.0247201078519892,-0.0032464530535036,0.0466073055701922,0.0264040290050437,0.0127532384576843,-0.0037034953512358,0.0491686073693832,-0.0021388169528336,-0.0402585930741144,0.0311143939497136,0.0168786512226934,-0.0036779387740724,-0.0078836591092635,-0.0082032349204887,-0.0208286004819345,-0.0432588395158905,-0.0213867377195278,0.0327686859776864,-0.0056296835438348,-0.0337440239217225,-0.0385261500226638,0.0434642073825704,-0.028982083886447,0.0161312975872735,-0.0318043672255914
Tommy Vardell,-0.0075976603718527,0.0113783329148583,-0.012078681341688,-0.03342101887623,-0.0016744301049458,-0.0287990489501355,-0.0105686834872831,-0.0289887453726767,-0.0147928116792398,0.0165052906361145,0.0049151429489565,0.0319947206551439,0.0016890814400577,0.0082845821500605,0.0227789254737629,-0.0069456113427192,-0.0379665322882326,0.0686175852681974,0.0232334981431725,0.0111228983678149,0.0004931378334002,0.0278129268239817,-0.0625871077109537,-0.0175747898218589,0.013955179042307,0.0254814677230241,0.0149964470422032,0.0658786664635915,0.0802967493189813,-0.0448369001847655,0.010657695268782,-0.0012164254016907,-0.0058178940971737,-0.0648931346538691,-0.0098119585724269,0.0026275297035256,0.0146896585691649,0.0644042226259277
Tony Baker 2,0.0105883785060922,0.0027015204181559,-0.0014048213210435,0.0359274735255107,-0.03839026583633,-0.0102832349740936,-0.0043283687292125,-0.0077889381938722,0.0072389224300727,-0.002116384560547,-0.0101780730935421,-0.0101418660983047,0.0147757349046387,-0.0022520077535283,0.0208354204060645,0.0207374407337713,0.0279560992850219,0.0108382965512613,-0.008586637966056,0.025394893453946,0.0244233063921038,-0.0029506556120444,-0.0150045486513253,-0.0382312062298564,-0.0312142384006189,0.0398337183605233,0.0175524417982714,0.0294543460583274,0.0012235413796829,-0.0013108052616601,0.0422096393309787,-0.0019105428116452,0.0138247225038039,-0.040378349807139,0.0156359964082321,-0.0261131398781392,-0.0015690227016387,0.0282569594314953
Tony Benjamin,0.0320574473276184,-0.0052329264534808,0.0062219678941814,0.0214065969637256,-4.8906531849304786e-05,-0.0211892067024806,-0.0173209035590441,0.0126899721164735,0.0166579848021958,-0.0053049615584281,0.021807601612297,-0.0260404394540191,0.0170989403201648,-0.0059669960625045,0.0140978429358741,-0.0296634416256288,0.026965503003194,0.0057022998380558,-0.0505064201470421,-0.0004348576141861,0.0005189904043398,-0.0201437374523249,0.01700144805988,0.0129011926121706,-0.017738697819564,0.0184526215562534,0.0023506907179191,-0.0084647609019099,-0.0139786212683361,0.0164605077081349,0.0145904151159154,0.0126509044938155,0.0108086327122928,-0.0298336291609752,-0.0095490419663399,-0.0093922062458088,0.0065860379403193,0.0004395562098476
Tony Carter 2,0.005491469753807,0.0375480330563188,-0.013815927282595,-0.0467823774242345,0.0158846813043858,-0.0241139787168699,0.0087597928130723,-0.0037202771227686,0.0007813244941774,-0.024580340697701,-0.0195594059831469,-0.0041947912995157,-0.0609731692117778,0.024534470764513,0.0159970399585685,0.0292758833774479,0.0324383452120758,0.0298001003554353,-0.0233791881874941,0.0249307620264577,0.0375893990765034,0.0072816512258358,0.021506591516881,-0.046151669636409,-0.017169442586609,0.0170613508771974,-0.02690973112607,0.006274338382888,0.0269434207282554,0.0081454979546484,-0.0165868933864943,0.0275147894997368,0.0429187863866039,-0.0054535553256377,-0.0014253149351388,-0.0316514551681602,0.044323708736306,-0.031157940560444
Tony Collins,-0.0489717445268246,-0.01148801038978,0.0020676290901244,-0.0019994387274995,0.035254229450958,0.0168757317493633,0.043148208806748,0.003566886456308,0.0111290453305876,0.0743178891714548,0.0275809370047824,-0.0704055132713681,-0.0170516112989192,-0.0347476743444166,-0.0096406714983658,-0.0840484202875333,-0.0428640756848991,0.0142276462710344,0.0448058959069646,0.1183542137432783,-0.074080622704172,-0.0036205060721785,-0.0039798906437255,0.0076445207952469,-0.0453921659085286,0.0208050521104831,0.0172066956034718,0.0468849082699957,-0.0096465954318218,0.0267655027908775,-0.0139210766826101,-0.0064203304290697,4.66241647178664e-06,-0.0160645855435586,0.1276910707965945,0.0179100787131957,-0.0176566946345081,0.0052599230264135
Tony Davis,0.0225707515026188,0.0059559611953674,-0.0202177472955982,0.0168682247037029,-0.0268066634088171,-0.004828763767699,-0.0119723995201025,0.0244118238677983,-0.0199378401182417,0.0074038539060291,-0.0018581009186501,-0.0048103911423005,0.0119584734150375,-0.0189276349382056,-0.011860734284028,-0.006209649479271,9.164405363055676e-05,0.0067655103928662,-0.051414839988607,0.0128366114109455,-0.0018618198409818,0.0071154338988586,0.0053168579338591,0.0139743656862886,-0.028180797723259,-0.0316972442804486,-0.0066832717298018,-0.0140733970204383,-0.0014740374854941,0.0198412946568705,0.0122430308427644,0.0317617789094674,-0.0329615924046825,-0.0136878998257425,-0.0002696162382462,-0.0067381997710026,-0.0045619642124417,0.0075998732748719
Tony Dorsett,-0.0813895272522699,-0.0013460437623393,0.0151101528448617,0.0412012799080836,-0.0494811290080777,0.0129409361262925,-0.0087666594397459,-0.0520175643631045,-0.028985930132419,-0.069294779272893,-0.0210448381001637,-0.0195626748375274,-0.0591840478708007,0.0543013191501998,-0.0317794287241099,0.0324596783126286,-0.204857273619472,-0.0950382585075328,-0.0581451937222303,0.0173726095734603,-0.0727181491257374,0.0057470635114842,0.0627577886245802,0.0300556123441083,0.0576692917506316,0.0058052290719208,0.0453687210615177,0.0204089335360264,-0.0738656329124313,0.0949459362411,0.0342514836976688,0.0581333972949402,-0.0141502692874602,0.0351629799427408,0.062658054817532,-0.0893098726250634,-0.08798577977529,-0.0208617988457081
Tony Fisher,0.000874289928376,0.0356274091042416,0.0229757474642376,-0.0082432537262366,0.0255527088135981,0.0097496777361738,0.0153780819623353,0.0018301698700769,0.0287463654387853,0.0687556812128047,-0.0134443623763091,0.0025917353778144,-0.0201257598470376,-0.0222816915384172,-0.0104393209120686,0.0110835560314958,0.0077872436233704,-0.0014161235867832,-0.0114980106273339,0.0228067520274569,-0.0244586679965826,-0.0176793563875799,-0.014705162077547,0.0258123404315204,0.0214604312913971,0.0143894942349669,0.0191703484212203,0.0210288102308125,-0.0302069407410104,0.0203846537489337,0.0174320925930713,-0.0129249527814044,-0.0131520870409732,0.0344745739369419,-0.0345668595401845,0.0169618007805018,0.0029163915243826,0.0090038960981527
Tony Galbreath,-0.0311587934063648,0.0639637379162296,-0.0512870161017524,0.0164527472077957,-0.0165361359673622,-0.0171488139504807,-0.0381977511006503,-0.079491244405635,0.0246085735208752,-0.0464417933418213,0.0139631543883111,0.0058139274888045,-0.0760590071682937,0.0535950244396194,0.0226228747268169,0.0326798034376209,-0.0839629724289646,-0.0046299572419408,-0.0856460546998022,0.0104303031423944,0.0509347263045867,-0.0025526202621911,0.0185407580145416,0.0470400900611825,0.0023899891271401,-0.0012493133543575,0.0521423310691225,0.0193992625655722,-0.0349961969001805,0.005937097479459,-0.0162409427637288,0.0338879200743381,-0.0690303243115202,0.0111348183248147,0.0534121750179561,0.0261636788357146,-0.0261314187386598,0.0068577657537549
Tony Nathan,-0.0326314876404437,0.0590400312511972,0.022569205215533,-0.019217238153151,0.0098199927843993,0.028735557728744,-0.0165708224735046,-0.0156975614739236,0.0127815460981594,-0.0374226894946747,-0.0002786183069886,-0.0455055155262874,0.0022494978327012,0.0539796847359406,0.011272509843337,-0.0561833503481168,-0.0080919395640901,0.0389411010911338,-0.0075997333754422,0.0437957810914787,-0.1067276194395063,0.0341918010428769,-0.075585661096501,0.0563538833243375,0.0275903161300461,0.0201244294981568,0.0112662430997817,0.0082121334688321,0.0231929991595277,0.0449226118892176,-0.0285279259697303,-0.0228816666133128,-0.0543990715177598,-0.0123174831116303,-0.0231149648365926,-0.0354324261424288,7.88635241474947e-05,-0.023722189000846
Tony Paige,0.0008258084137304,0.012888020152758,-0.0205063936162715,-0.0486185099395091,-0.0026042811437855,0.0019506811591509,-0.001089100672539,-0.0490418015864227,0.0036295285614943,0.0460258694163251,-0.024895009389721,0.009054022272016,-0.0089454689476383,-0.0155238794257608,0.0650718343204483,-0.0403071112503058,-0.0146111113061695,-0.037951969656138,0.0406685180199312,0.0268482986413802,-0.0367998742335533,0.0137166352538033,0.0753805442409097,0.0871647057725025,0.0047767208445168,-0.052370734066845,0.0360033336419365,0.0343841649547097,0.0252079851315701,0.0529106580537051,0.0240049416258361,0.0120669297940505,0.0303615115184272,0.0233966892942506,-0.0163681826504322,-0.0337173303591832,-0.0343352330820934,0.0185876885889659
Tony Reed,-0.009714099956644,0.0395378867721864,0.0175025403377596,0.0546398090169682,-0.01054837133544,-0.0255172904471959,0.0124855788474487,0.0152295513062189,0.0123950976543571,0.0405588932526367,-0.0138504018268943,-0.0076694917077785,-0.0740599258135824,0.0226716176286604,-0.0102886597961688,0.0138350096180772,0.0036345774442825,0.0164072781281409,0.011955888608948,-0.0174434906451702,-0.0219000983619218,0.0209746235913013,-0.0113517002153446,0.0345707383827475,0.0290420531717155,0.0199341730278258,-0.0248039049975605,0.0321906637313036,-0.0290139675498021,0.0197195254500067,0.040167270354373,-0.0050431265457316,0.0108439984758962,0.0224854774384427,-0.0075699625097538,0.0519233659286067,0.0158394780708251,0.0027457229671695
Tony Richardson,-0.0052266261894184,0.0358046743910362,-0.0406916248430569,-0.1062478288221235,-0.0735094101811583,0.0277414691067823,0.0107452816219612,-0.0041911437785767,0.0017966095048781,0.0184154700854945,-0.0031191938072522,0.0142521209758641,-0.016964862135981,-0.0092651193988403,0.0734357943333468,0.0122469500210967,0.0308512693218129,-0.0389185187983715,0.0601611782945301,-0.0467001134451211,0.0020713071715595,0.008913883531543,0.0674946841369373,0.0154966882074122,-0.0998763218743697,-0.0008350966682395,0.0103677763926771,-0.032457949968062,0.0043862937451873,0.0233270258076641,0.0208280684022109,0.0159242464415907,0.0631640180653958,0.0034829927512173,-0.0294650045007895,0.0393626977247046,0.0062714410063143,0.0018011207475971
Trace Mcsorley,0.0368257740296322,-0.027656567712759,-0.01730133713433,-0.0340873966384026,0.0177321945187455,0.0515250264099572,0.0194182882394297,-0.012796817513364,0.0256932989987625,-0.0122188399051973,-0.0385285778637764,0.0306585615527408,-0.0279740369503992,0.0016997562185336,0.0076846682917419,0.0092106770034974,0.0223030635372192,-0.0105078311088913,0.0566585677804742,-0.0009107361771161,0.000340473846094,-0.0109923292548439,0.0865309421856688,-0.0020266052767664,0.0281185002736096,0.0001414094207998,-0.0215021019969164,-0.0008948004249232,-0.0212652365984875,0.0045102767965,0.0240304929287457,-0.015777775800836,0.019530884534587,-0.0305883975107303,0.0290639716495682,0.0151841874106309,0.0032921954966384,0.0041807561472982
Tracy Johnson,0.0177749732956488,0.0056841047983871,-0.0014071353982319,-0.0533069940448104,-0.0195878358091844,-0.0263747369066271,0.0070071452549365,-0.0087697079326806,0.0334844652048352,-0.0241864188566956,0.0054375764616769,0.0232107262584212,0.0202150626819315,-0.0111579324501286,-0.0253866191880724,-0.023395431754399,0.0113984866811374,0.003866069995679,-0.0021123316812324,0.0419595232645265,-0.005160128827138,-0.0254967021760434,0.026955365867304,0.0202114244618578,-0.0084569623317191,0.006910378447673,-0.0061809449683527,-0.020434889794943,-0.0058819298799377,0.0099077340245392,0.0216046352479793,0.0029875388390867,0.0091122814678057,-0.0152779723113386,0.0155244354123577,-0.0051508239429618,-0.0046930877002385,0.0018379477220703
Travaris Cadet,0.0155403594622513,0.0316724232176217,0.0095056485241159,-0.0047240172402292,-0.0030564184279101,0.020362654492597,-0.0144111975145247,0.0040299189584585,-0.0044666854150022,0.0438358089868916,0.0332505045340422,-0.0114382780660369,0.0210190370574579,0.0008141024892233,-0.0342478579538921,-0.0212982797161449,-0.017954051689161,-0.014851394304969,-0.0506992909424476,-0.0220970017624766,0.0217033555886942,0.0010564885967076,-0.0002707376300437,0.0139897366779265,-0.0297598594968289,-0.0115174137137608,-0.0165280009354617,-0.020394367282088,0.0038813893540833,-0.0364124704793949,-0.0209486545035124,0.0164803579255692,0.0193173919364355,0.0104511105008903,-0.0098775465299375,-0.0368134605885692,-0.0268360273598491,0.0034655171588462
Travis Henry,-0.0443768110454509,-0.049196426910423,-0.017772691312964,-0.0016687572415445,0.0233557433043843,-0.0004661769570158,0.0552373887081862,-0.0080705834820278,-0.0225156240184598,-0.0036108915703092,0.089003191770739,-0.1142875912625499,-0.0649356494032799,-0.1181072538709824,-0.0040370393164179,-0.0553244157435633,-0.0156917838833722,0.0330117617895841,0.0320149237637998,0.0386558286871786,0.0724598849733805,0.0510549989041036,-0.008249723916933,-0.0178019926517896,-0.0140982185337993,0.0297142033744354,-0.0008359325622133,-0.0875783958000882,-0.06694965721972,-0.069352665912372,-0.050090140047409,-0.0014572997137371,0.0363420136091338,0.0402263508263051,0.0180615807743715,-0.0392211614101793,0.0371098963702456,0.0851229919303134
Travis Jervey,0.0248034454874337,-0.0218189284880317,-0.0234850912232481,-0.0187976490380812,-0.0252003891847604,0.0208800510807177,-0.0043033656842709,-0.0030102725929369,0.0457838670918345,0.0009177154920875,0.0228798849150255,-0.035437211500422,-0.0058220304947686,-0.0318393152572828,-0.0286229394420971,0.0294487545881325,0.037512750140771,-0.0330638431965334,0.0041604010030467,0.0418177108272246,0.023294031099306,0.0174898804510075,-0.0287438202479175,-0.0177434854869278,0.0310877822575402,0.0177587891166188,-0.0360311812639191,-0.0275189873912979,-0.0205648508152234,0.0444360004721403,-0.0471307317890812,-0.00176229435034,0.0186301725794324,0.0057911390606493,0.0161113751670754,0.0334868394665521,-0.0278755833753588,0.0107626735409518
Travis Minor,0.0075378554405936,-0.0026943289369968,-0.0388837489571385,-0.0174969847089459,-0.0192360265349011,-0.0207509349873851,-0.0253597958954158,-0.0013670887619726,0.0292120120332492,-0.0130261605178636,-0.035230437100958,-0.0053963413792741,-0.0048615209409464,0.0420638996962228,0.0034791924310044,0.000292397006296,0.0044414645097821,-0.0190185768524168,0.0100455583529608,0.023180323259356,-0.0216870205008877,-0.0250365293320814,0.0156408310512985,-0.013107920195225,0.0020485770274802,-0.0119018773272376,0.0492133434908849,-0.0373850937852358,-0.0076229342155188,0.0003224365372442,-0.0280299430961678,-0.0120902873059784,0.0120866020453349,-0.0371389550922722,-0.0244764581535832,0.0328940430228721,0.0541421423353084,-0.0147513505321074
Trayveon Williams,0.0209378380762874,-0.0156863588031413,-0.0001557286208693,0.0012944577365242,0.0044039522536997,-0.0333680714005852,-0.0211291477055839,0.0236163196658883,0.0194897491895708,0.0165940515265044,0.0070535595499712,-0.0159630402426753,0.0197037141443179,0.022842825981087,0.0013020278415348,0.02269264093608,-0.0106418306287471,-0.0008646556064073,0.0096266096715199,-0.0075374307859015,0.0262378557689326,0.0063386926389983,-0.0212379814153874,0.0139050519739743,0.0197489252482414,-0.0022327618416013,-0.0048354480708839,-0.0032161319527734,-0.0236686417908308,0.0110499950107184,-0.0291937602962311,-0.0259361418163327,0.0159166535005405,-0.0099034722242328,0.0052354987340475,0.0024780485285683,-0.0376244458345656,0.009434751045838
Trent Richardson,-0.0244014728692762,-0.0053773946855163,0.0201939342340828,0.0551926343068522,0.0657370703298611,0.0317475535182317,0.0585161903890445,-0.0948754876529184,-0.0166345258391158,0.007113029079162,-0.0220498059671149,-0.0469746100356629,0.0071008984452679,0.0023614073465216,-0.0103799010188445,0.0135214194037589,0.0023715656458651,-0.0259337815168171,-0.0302269248449467,0.0464490351688152,0.02016728724408,0.0331723569350389,0.0459508316785857,0.0631469961816621,-0.0376376048958931,0.0419315838598875,0.0260175450796003,0.0334381607666283,0.0014883209556613,-0.0149151681940842,-0.0150543666756047,0.0514414230102101,-0.0259357506102454,0.0150884822895226,-0.005409899659092,0.0140718647537247,0.0145430844792244,-0.0552955222490706
Trenton Cannon,0.0299643268964636,-0.0097000490952769,-0.023333675273502,0.015514426843699,0.0146893935637378,0.0227166107898805,-0.0031936055550338,0.0128422041618471,-0.0209314316666692,-0.0042552244825386,-0.0050048307597898,0.016096975010046,-0.0165713156840402,0.0096925508709999,-0.0184253497077007,0.012101469333229,0.0099025208788972,-0.0171104808439417,-0.0025392175218971,-0.0170396392829849,-0.0042677313855367,-0.0013419926007506,0.0186850836950607,-0.0331395181442004,0.0171271614629575,-0.0211102740406976,0.005034080472172,0.0019960755118392,0.0051185734209591,-0.0072241015554511,-0.0135092747204253,-0.0090217601165824,0.0195291758675547,-0.0028680034786212,0.0195932525380528,0.0130059429331033,-0.0322160133650763,0.0093602492063264
Trey Edmunds,0.0305220999293642,-0.0319901651917853,-0.0002931432464476,0.0191617369787273,0.0056729915231651,0.0184123166644282,-0.0602599717888852,0.010091709297971,0.0355295966952006,0.0013028771111697,-0.0245152291607598,0.0076810721814473,0.0047201697588927,-0.0007546469451942,0.0157868717208867,0.0067911427893769,-0.0086004947387551,0.0120900964186277,0.0055024281278674,-0.0221599268176182,0.0276155720821304,0.0294085408002084,-0.0062821471928246,0.0165034389499732,0.022973109992831,-0.0235853891257968,0.0082581688868129,-0.0498597190656791,0.0010323471470018,-0.0326897910425144,0.0147937407721569,-0.0068665481973828,-0.0290459243805902,-0.0140718697285612,-0.0082512860007108,-0.0062564092747571,-0.0034567767096123,0.0200492779691562
Troy Davis 2,0.0193270430160637,-0.0088165055540002,0.006181337601308,0.0100136429166817,0.0283995425163905,-0.0007883951329047,0.0117159707627903,-0.0062881727242823,-0.0112469744066482,0.0179881023564562,0.0014365158957055,-0.0299868921037119,-0.023072882858733,0.0048910653798626,0.0061902533183205,0.0005267512003039,-0.0076606123022012,0.0098807227315349,-0.0089076798063128,-0.0169408432894549,0.0161576511616672,0.0018603042571616,-0.0062166115519731,-0.0040419464043255,0.0096111362860368,0.0310022029051913,-0.0131663085274793,0.0054247866253174,0.0077578179513412,0.0068023977590725,-0.001870514574887,0.015567811422415,-0.0055340531728984,-0.0117198594873719,0.0043405685966369,0.0129141186337275,0.0078720725648488,-0.0045852561626397
Troy Hambrick,-0.0030707146591786,-0.0306657518077715,0.0506496124348184,-0.0243781826094382,-0.0136655027676716,-0.0026514518788871,-0.0168914197939624,0.020252232030435,0.0042204279668984,-0.0228924967623314,-0.0273018905502488,-0.0080005142489913,-0.0050062067371625,0.0061805791460542,0.0088811373168213,0.0357617049958571,0.0050864237312031,0.0160366154563193,0.0198152912177255,0.0197423479121486,-0.0020666091311378,-0.0169378099573902,0.0360747090767488,0.0466536147316245,0.0174418925039611,-0.0177813485787169,-0.066814620957663,0.0310152503659393,-0.0059269185957034,-0.0318100177351022,0.0370489289884667,-0.0079227314460105,-0.0470411748190874,0.0224665859886258,-0.0419672033368026,0.016263545772743,-0.0393453458912661,-0.0022555228897474
Troy Stradford,-0.0176850984382203,0.0183915738992399,-0.0463016707340932,0.0107938252909709,0.0492978872683911,-0.0484797728878011,0.0151506820354512,-0.0108524694573206,0.0314522131777955,0.0106325224082679,0.0221027219976226,-0.0277700137315545,-0.0572358148549186,0.0082737739536258,0.0046187940108751,0.0434256522200466,0.0432842847314247,0.0176697707179426,-0.0250111803640919,-0.0171016965277845,0.070687661865557,0.006314862713249,0.0330794951679833,0.0274317255810383,-0.0391156311204544,0.013532356291871,0.0286471647450984,-0.0222503143645385,-0.0109832560456332,0.0374572418315589,0.0038705199248815,0.0562401556129484,0.0116461352931119,-0.018024005479249,-0.0202721755104171,0.004841829355869,0.0191920575680781,-0.0256333328660452
Troymaine Pope,0.0344622652352197,-0.0146993209224862,-0.0196131846328447,0.0074341166962871,-0.0040477949410987,0.0389507088722849,-0.0170428170317783,0.0001057706678447,-0.0115896394967331,0.0176343543505671,-0.013777135890592,0.0004961891025286,-0.0019065703588331,-0.002776624407303,0.0174858039037631,-0.0071723543140993,-0.0078060018471827,-0.0028387215047541,0.0095898572288202,-0.0152507255899821,0.0027257514105888,-0.012780975412631,0.0092453126795189,-0.0032874303748532,4.040925591183202e-05,-0.0072929182548363,0.0149362418710794,-0.011901526139223,-0.0106152461867642,0.0007919254479558,-2.845003492037894e-06,0.0027490220276959,0.0012855960082573,-0.0035591918644976,-0.0031714760790834,0.0078431842552737,0.0004659186880922,-0.0069467004440754
Trung Canidate,0.010346897158787,-0.0180827145872963,0.0441550646449564,0.004393244691589,0.0043655183268599,0.0014712134560427,-0.0352955041325531,0.006329135997543,-0.0181690789751547,-0.0101718364353599,0.0333576938870288,0.0174709891360311,0.000941281551391,-0.0055587866252738,0.0341043271710177,3.801803472583035e-05,-0.0037823391989787,0.0372054461512363,-0.0145223176296802,0.0304811695954491,0.0206790015622137,0.0230712447347602,0.017700501841641,0.0201150530618582,0.0047869437490764,-0.0044880233840289,-0.0023229651152163,0.0036161523583212,0.0185107929586582,-0.0100363946465457,-0.0033300606615267,-0.0347172478033797,0.0090952392474358,-0.0016550897299575,-0.0214490732123251,0.0153960753431745,0.0014922219496525,-0.0121974170612998
Tyler Ervin,0.0310142717711996,-0.0074227926711917,-0.0023594715219954,-0.0158060909383166,-0.0017890681590177,0.0039524015629955,-0.0087280718911749,-0.0207491697135946,0.0178740041687256,-0.0190513322726265,0.0346998292939786,0.0177810426272504,0.0044783678198578,0.0203678018181638,-0.0107000826839473,-0.0190322894312949,-0.0056690518363835,0.0218814282796323,-0.0281490347469511,-0.0070396732679718,-0.0064408978739416,0.0165661595409828,-0.0273068559594669,0.0004407279374068,-0.0038849843290611,0.0050589514777167,-0.0082423187586933,0.0021577484602669,-0.0028657249364443,-0.0005357662632915,-0.0011896278531194,-0.0134641299914279,-0.0146797315131753,0.005496681925422,0.0015516857144064,-0.0092486093787549,0.0086609248703921,-0.0091772552798676
Tyrone Wheatley,-0.0249431865646713,-0.0197003110312414,0.0050674969163272,-0.0300564845926073,-0.0354490530512426,0.0147621135878465,-0.0005092095864938,-0.0130997482424744,-0.0110908671844818,-0.0158725453014982,0.0319460150515841,-0.0359546639751873,0.0166414035039453,-0.0455014743238894,0.0060154278027461,0.0025405526050841,-0.0078884976968388,-0.0512348761425839,0.0376091787492139,-0.0048731713189492,0.0443525684202346,0.0147754723836542,-0.0456393412415833,-0.0104160483443965,0.0376770153659001,0.0007753923747687,0.0165371126810754,0.0373948178884348,-0.0352794973316187,-0.0276867944136509,0.0359956701016775,-0.0167839270445851,-0.0203677098136506,0.0216680473617113,-0.020863301950804,-0.0068205567539686,0.0234036072860612,0.0009737240197659
Tyson Thompson,0.0316343475372581,-0.0205027523361565,-0.0049189817567621,0.0055549998978189,0.0096190720837828,0.0083919647330766,-0.0035938428877341,-0.0080726528860528,0.021866146754066,-0.0182175741474898,-0.0131003270570419,0.0069902302110074,0.0008851046031877,0.0009472150085082,-0.0108122346341132,-0.0287921453394458,0.0103938516040969,0.0075405649287132,0.0003888052344314,-0.0230117090832006,-0.003644450428801,-0.0053821210352643,-0.0025062004919727,-0.0033146562805903,-0.0020122805184175,-0.0010952806413995,-0.0096587925426509,0.0047120114572843,-0.0042378113692247,-0.0020663564012165,-0.0062075889016393,0.0032132232876244,-0.0189359161412008,-0.0036046295079548,-0.0036301071159664,-0.0057034138844106,-0.0139651413979169,0.0142411700412251
Vagas Ferguson,0.0125829099347509,-0.0135435543420122,0.0068379930840596,0.0477502802094086,-0.0018206528001221,-0.0324626422395031,0.0098933929562812,-0.0228654679905407,0.01389080499938,-0.0134689453057967,-0.0059912999624015,0.0055274525405514,-0.0139312191648788,0.0076535831737419,-0.0095532169586084,-0.0005041907062214,-0.0034764600009065,0.0072272227716568,0.0242674215851828,-0.0181705714495205,-0.0095888552775465,-0.0361452564099127,0.0005990150346803,0.0134203749047835,-0.0263150961776424,0.0411898762662197,-0.0105646363446724,0.0007990869979227,-0.049747883972356,-0.0256952551030127,-0.0065296206725859,-0.0148004398708002,-0.0343991561362905,-0.0374474595591154,0.0284594323370385,-0.0147379641350179,-0.0176146124058648,-0.025566538907256
Vai Sikahema,0.023789136027097,0.0056099398089583,-0.0191944576708638,0.0051886695932544,-0.0095462861998727,0.0204899368160201,-0.0269167943254749,0.0023361298111181,-0.0314148963272765,0.0173002635070018,0.0103747273976668,-0.0063958271308225,-0.0075562433288229,0.0254474635567734,0.0113140278222875,0.0086421974063487,-0.0012639027412182,-0.030740165233444,-0.0078566409197679,-0.0251335196151877,-0.0181696734489716,0.0040951095120291,-0.019926468398112,-0.0143020829054499,0.0120506267269554,0.003386290363535,0.0221579189945369,-0.0101605658221293,0.0053346754451986,-0.0160543524529681,-0.0226420542026264,0.0210144946321254,0.0265760249874349,-0.0059858308305593,0.0105106636791968,0.0245882060864824,-0.0104356902157796,0.0003236908457782
Van Williams,0.0323425916436013,-0.0080853050850011,-0.0183453777488997,0.0062247852771134,-0.0099978504172372,0.0392270778138047,-0.0058521446595701,0.0165528204529068,-0.00479966692734,0.0068043116175354,-0.0050191337507768,-0.0034384105920279,0.0109550309457506,-0.0170035886596,0.0032116770332284,0.0313955651861099,0.0011127751415013,0.0183643517032116,-0.0273756235966611,0.0067206048785788,-0.0247817164402732,0.0068844072553458,0.0023554584002669,-0.0209763944000871,0.0145708891520356,-0.0147579574026612,-0.0125342311485536,-0.0092552261935373,0.0046531411606215,-0.0042775302496468,0.0219262819225479,-0.0191437956627378,-0.0346041704166212,0.0087370670118103,-0.006811532827037,-0.0039669667098626,-0.0051038335894266,-0.0114982111918787
Vance Mueller,0.0138304280307465,0.0078934137360919,0.0171570555023716,-0.0052355112465712,0.0017026171010939,-0.023797305425332,0.0096615442345516,0.0177089827369884,-0.0217614351182013,0.0151943030744945,0.0370165133691899,-0.0111352180131982,-0.0048596233221455,0.0028743297789006,0.0011980134817405,0.0094472447125234,0.0021001944148671,-0.0051855541197095,0.0010953060018779,0.0118750668349745,0.0142062806882303,-0.011364619761799,0.004938240032515,-0.0023079420890121,0.0097395753838359,-0.0249709487925513,-0.0116411134579597,0.0218265586815947,-0.0192941735432832,-0.0133938734824429,0.0173022304427737,-0.0005164455386701,0.0071897907627429,0.0255816834310964,-0.0057502885389689,-0.0097925405657607,0.002262974598431,0.0126420402309657
Vaughn Dunbar,0.0208497155221312,-0.0315495365051897,-0.0232327552073302,-0.0042027246276787,0.0210063237264611,0.0079216783328675,0.0239174434321761,-0.0297452576813133,0.0144531403880433,-0.0065300760624329,0.012607812585996,0.0105614439320304,-0.0114724344786119,-0.0124598827511154,-0.0411649327193977,0.0085062022569593,-0.0211149827992764,-0.0104484622476727,0.0061744283386021,-0.0120803145106184,0.0134576141158866,0.0243368209371763,-0.0662696844984165,-0.0025732167825449,0.0181161774569264,0.0202310772869507,-0.0158531633658327,0.0150870460686344,-0.0199311708967898,0.0178017645321986,-0.0299740639527026,-0.0190656264014091,-0.0084053918886309,0.0156860466520589,0.0131028043920866,-0.0196134292969287,-0.0351364801160085,0.0025530023161316
Vaughn Hebron,0.0040748859176769,-0.0203670374961825,-0.0050496369148234,-0.0158006803759263,0.0016524367684985,-0.0289496612053772,-0.0309105169146727,-0.0140752801936112,0.0012180878974083,-0.0093599788610503,0.016904980223278,0.0005747937498866,-0.036257246489391,-0.0543340569073057,-0.0027891985432792,0.0042095987939038,0.0023111268601899,0.0002590116884976,0.0331531149482314,-0.030228920217816,0.0369255595728535,0.0037614656710668,-0.0183126427685565,0.0113788595824759,0.0055425158831336,-0.0211590583483026,0.008247194855357,-0.0134168957173184,0.0036728045369246,0.0159645708662556,0.0108209826449962,0.0223001560507333,-0.0118532987420537,0.0024587014624596,-0.0164978799516039,0.0014684614709387,0.0129009285944743,-0.0260896815676782
Vernand Morency,0.0119761163977743,-0.0038776212548066,0.0294692904694566,0.0053330729358047,0.0246203295829737,-0.0176586555406758,0.0071278115817634,-0.0109796015176061,-0.0072996790141331,0.005462394621438,-0.0033217872451563,-0.0116417604249985,-0.0253316222054252,0.0200135220409467,0.0083436064977975,-0.0257394339762496,-0.0001743900859716,0.0155976574951686,-0.0171954663821519,-0.0173564504192742,-0.0167759141921181,0.0097265383290896,-0.0003222642539904,7.047197656608745e-05,0.0003143661652778,0.0083101823018254,0.0316840055589252,0.0130205648729556,-0.0044726883319327,0.0035320038004181,-0.0195251739722288,0.0379800223730917,-0.0131347890444305,0.0109817533731325,0.0202950787983758,0.0050315143693125,0.0327861420431262,0.0077769068126707
Verron Haynes,0.0127193075939435,0.0070813174024744,0.0303765082226837,-0.0231389633346286,0.0008583592836644,-0.0157255673189528,0.0124372199335011,-0.0072498810716416,0.0137123421778999,0.0232921127370884,-1.742446456958573e-05,-0.0203542616303242,0.01844645369477,0.0027070709040388,0.0052611065328451,0.0047613006595835,-0.0151448725074643,0.0124347632458095,-0.0325949357668346,-0.001633507815523,-0.0039530335807039,-0.0131739386869891,0.0051319455682485,0.0162531847467605,-0.0103251608634872,0.003338279668934,-0.015359565354812,0.0145015902587758,-0.0026699521459006,-0.0037260497856166,0.0252521753546095,-0.0113517201350045,-0.0023545682422752,0.0183314705180186,-0.0012804865785524,0.0205171059218792,0.0007394908134318,-0.0187538796388087
Vic Washington,-0.011337270133339,0.0379472136685043,-0.0323826773439226,0.0634718010739808,0.0002526315324926,-0.0240485818823215,0.0079551439539683,-0.0091568173413295,0.0286536422820605,-0.0679219097264879,-0.0091921447699294,-0.0077015127155095,-0.0185720980434051,0.0145128942968149,0.0557314781930866,0.0349763931192261,0.0036666728703159,-0.012544724727927,0.0115450329967383,0.0009594273304587,0.0104926352507751,0.007437064132288,-0.0295888031240659,0.0360525672664529,-0.0440245841119629,0.018830253097513,-0.0069426231183464,-0.009868122396053,-0.01086655657854,-0.0047990384311179,0.0229724668288218,0.0495571626354361,0.0420075851640038,-0.0623191550671792,-0.0091492621871081,0.0504049770234188,0.0164674988874913,0.0056213821055045
Vince Kendrick,0.0330429132729018,-0.0063845983686214,-0.015602065708686,0.0305080126555187,0.0154313223653872,0.027343833646198,-0.0215053561269379,0.007458356404874,0.0084875466591046,-0.009551319901196,-0.0116859530404768,-0.0153303632065443,0.0146092232371172,-0.0004772201798684,-0.0035043236191568,-0.0178428852012929,-0.0022160898003814,-0.0024208463930983,-0.0129756486540549,-0.0007942550225564,-0.0099324152194615,-0.0072396764866261,-0.0127112784075628,0.0045744506448132,-9.170131644047758e-05,-0.0188153530327089,0.0037297052528205,-0.0038375378926841,-0.0152079506388354,-0.0178376588826611,-0.0112118534107062,0.0076014615765592,-0.0072335725545658,-0.016547792494026,0.0008171793335098,0.0097228163616693,-0.0114840982349878,-0.0101262713740165
Vince Thompson,0.0254581695479122,-0.0202256770485726,-0.0040679120329683,-0.002182952274237,0.0152616751681562,-0.0115629437186296,-0.0051222604881027,-0.0027124022138891,0.0049860658193827,-0.0042535366283754,-0.0387796218189733,-0.0046004936786293,0.0062158846799454,-0.0038946893375556,-0.0047128964903756,-0.0320686742965446,-0.0123408418845604,0.0035016285580109,0.0027756032908056,-0.040994397284243,0.0083201518437155,-0.0025765281526566,-0.0172501223814659,-7.031573302719758e-05,0.0126644887144244,-0.009980782879675,0.0095177692714343,0.0275536981093944,-0.0021990404141523,0.0046559985591112,-0.0071274810602683,0.0210578008383298,0.0050507935465468,-0.0060636533523463,0.0208909046692983,0.0118421911011725,-0.0066879264743427,-0.0086194338895227
Vince Workman,-0.0113686079912132,0.0156516170726416,0.0216575590942327,-0.0659004016987328,-0.0077910629559833,0.0376528815122332,0.0533442412758715,0.0379032869900297,0.0465846401918843,0.0150500816452005,-0.0353370035251421,0.003722616228411,-0.0113646171469588,-0.0183958683619182,0.0455688224215744,0.0157647643904784,0.0240974938263304,-0.0445746248999225,0.0771934939321919,-0.0574428816172771,0.0247152778141115,-0.0212501093193935,0.1233178879872763,0.0362677961232263,0.0063181724558916,0.0206774787781372,0.021448072411249,0.0172728534094178,0.0028137458101107,0.006745006636847,0.0003627016083466,0.0090451747156959,0.0638233681596558,-0.0203461178304725,-0.0261895254225832,-0.024073587884142,0.0258278165903246,0.0036285680214997
Vonta Leach,0.0217508284504309,0.0116894155764079,-0.0333779736886803,-0.0571677499031948,0.0368681563647362,0.0441992913640581,0.0083678986584121,-0.0536715329874242,-0.0139551551154686,-0.0438892066844324,-0.0218903444522789,0.0392154705854923,-0.0090877687641305,0.0313273934375821,0.0681985935487045,0.0070618194931306,-0.0061643207930449,-0.0166627699476555,0.0803918951050739,0.016155737683615,-0.0412584780813148,0.033717109939767,0.0145499783105789,0.0203065266750247,-0.041342559410609,-0.0224752058213149,-0.0315529444032389,0.0074883534018217,-0.0154871470666113,0.001133818011502,0.0112479352872777,0.0114172022889715,0.0064456746383075,-0.021329594214666,-0.0067033866163991,-0.0167817677882539,0.0356983411158381,-0.0194193979923157
Walter Abercrombie,-0.0283952233050051,0.0033138880292967,0.0290219929956188,-0.011026323606455,-0.0124494984139708,0.0029386062905696,0.0237959170446352,0.0144749866085475,-0.0294786222131758,-0.0065117860948677,-0.0461550350499721,-0.0009993743910564,0.0498099141740856,0.0009240160633641,-0.0378605032573506,-0.0158975456400513,0.0235888655087734,0.0377143118967794,0.0257379823261319,-0.0363094480842713,-0.0782155370261499,-0.0119391631191104,0.0214064708980269,-0.0189690352257919,0.0269675128071083,-0.0414456681431418,0.0052471349894746,0.0214111038166632,-0.0045184445596871,0.0563349890921787,-0.0191531755151748,0.0852857754930728,-0.0025897799965858,-0.0182572690726806,0.0656098129550936,-0.0143188610206873,0.0125523203119484,-0.0437662960035107
Walter Payton,-0.0847793918610406,0.0160135051507034,0.0181848486497372,0.0593127682676691,-0.0812803932378284,0.0088272806502659,-0.006540970063773,-0.1474284310414335,-0.0569581187829162,-0.050528400040581,-0.0422442373426856,0.0646493674335244,-0.061543847818974,-0.0228001133905628,-0.0420247237859369,0.0077885782529471,-0.1361604700146045,0.0790827890823796,-0.0727362883439249,-0.0338379011601998,-0.0733563148332683,0.0475128850772604,0.0954709867537534,-0.0128119079965561,0.0957356015931822,0.0190123175240274,-0.0410538758598714,-0.0681587617550337,-0.0810571412867353,0.0810450929439394,0.0029889742882851,0.033761016658978,0.0341097595768512,0.0271815995818303,-0.01146025320983,-0.0060514673167009,-0.0783081644511309,0.076979261544754
Warren Mcvea,0.0267390894745056,-0.0180565472233779,-0.0183662477496784,0.0367965770554657,-0.0205912793022731,0.0153133190790611,-0.0097161927446076,0.0125136044153163,0.0262993219988932,-0.0117346782257403,-0.0257941869324917,-0.0107436615227931,-0.0033336365897576,-0.001845513903992,-0.0276801587162025,-0.0003575678484425,0.0014052054870614,-0.0024719631893621,-0.002310900326063,0.0137831202634256,-0.0194766204458605,0.00428322394443,-0.0148336978608493,-0.0252457218423294,0.0159619657759362,0.000923395540659,-0.0065018772479912,0.0043422233411454,0.0061326262902138,-0.0014055892828046,-0.0032899260111917,-0.0240934435121287,0.0132283873231517,-0.0204158069346379,0.0055426060662448,0.0089322870807576,-0.0182552983700841,0.0236343253801085
Warren Williams,-0.003626086945448,-0.008836220183506,0.0378256357742573,-0.0149660995784057,0.0100787271001154,-0.0535987478980798,-0.0236557648423089,0.0040753776253566,-0.0099997890333686,0.0072665922383048,0.0082314020208578,0.006605433093072,-0.0094202715699749,-0.0224450444696345,0.0844322711176709,0.037532959714361,-0.0371452269371593,-0.024692143001094,0.009365948823834,0.0127524756075855,0.0188297884199561,-0.0457533475767182,-0.0844317637444176,-0.0164684263924031,0.01359815501947,0.0691506229255984,0.0458569790647483,-0.0069605985796526,0.0407442298025615,0.006007833248522,0.0642598583534748,-0.010578502298992,0.0542744708444457,0.014842415623947,-0.047966497106465,0.0163601983309877,0.0183386549368256,-0.0485172061528779
Warrick Dunn,-0.0827124222319354,0.0118499218093178,-0.0125358346604973,-0.0009676771778009,0.0337707906250314,0.0020448973489519,-0.1251564812947796,-0.0170257573206819,-0.0298472612839927,-0.0205516971444576,-0.0267836460298524,0.0078321070941261,0.0270730464649095,0.0721244403425419,-0.0150133270574662,0.0838993216531737,0.0105588064303835,0.0179635786784051,0.0088662268853342,-0.0697993284258245,0.0409273986508533,-0.0375005053438145,0.0060062370029871,-0.0318042886989555,0.0081945856548755,-0.0003315991045282,-0.0258563487230895,-0.0845547319357939,-0.0448004379543499,5.62197998092602e-05,-0.0068895499183543,-0.0354645837495714,-0.0272750273115575,0.0061673389262506,0.0328825591803442,-0.0299634395166539,-0.0298785471123545,0.1177455468336599
Wayne Gallman,0.0006012796567903,-0.0169725713911588,0.0100597748304125,0.0041499206090907,0.0159753069549077,-0.0055149619844268,0.0052856584134212,-0.0247036240913217,-0.0138303578110941,0.0052487498278527,0.0199090814786917,-0.0565952042751677,-0.0091075818552415,-0.0428796304367858,0.0212700293699222,0.0387032740245468,0.0151269023303401,-0.0133382193787873,0.0059916151185539,0.0064746825850905,0.0718321020899866,-0.0214873595736969,-0.0578397081105206,-0.0016490431356673,-0.0029990241722207,0.0401380955571558,-0.0213864034222795,0.0042317578936165,-0.0129025325149158,0.0103182559756246,-0.0007358395635065,-0.0161954515964045,-0.001608959680778,0.0077621891346131,-0.020664985070183,0.004802768880334,0.0179762286386735,-0.0145062709719786
Wayne Morris,-0.0122706223221669,0.0231290388822437,-0.0248284144684572,0.025275210414867,-0.0515834394403281,-0.0016613938000435,0.0188978546938213,-0.0331853238777419,-0.0017907914620072,-0.0546366079590665,-0.0040329816020507,0.030467801653746,0.0460627081910338,0.0027940226969832,0.0150450736773051,-0.0098604416518375,-0.0006985021150378,0.0276709983942522,-0.0271123543378378,0.0003233953611716,0.0059242042060263,0.074780739787068,-0.0255628346573735,0.0309758417195007,0.0095525824994893,-0.0122486852543761,-0.0179539780258324,0.0277622639196063,0.0400492583589464,0.003028183614764,-0.0033209561530965,0.0066825733348656,0.036735641344532,-0.0063762662658825,-0.0241661441631413,-0.0117925475506756,-0.0170752650158752,-0.0035641711716615
Wayne Patrick,0.0109580251768747,0.0207888058619645,0.0245637809469586,0.0467170221209438,0.0169996296456615,-0.0150004720999623,-0.010019556545814,-0.0030840561738302,0.0040614306365977,0.0236856749075799,-0.0051670701939393,-0.0205297840843512,-0.0507080284287426,0.0197123891167286,-0.0025847960007928,-0.0181827150251535,0.0288214872433469,0.0085146032969033,-0.0004427899796808,-0.0158426297712188,-0.0047065366656875,0.0236320861513464,0.0340122872101154,-0.044955293077558,-0.0068137444823339,0.0206340268722671,-0.0090292357803013,-0.0202976975991862,0.0027218515168081,-0.0040009595145402,-0.0136181138929641,0.0055434044412782,-0.0204061604614544,0.0017388733845252,0.0153112117958425,-0.0083217959329058,-0.004808465855851,-0.0229234908779521
Wayne Wilson,-0.0152044383403313,0.0292604032218557,0.0266369890550631,-0.0170526182626724,-0.0297631297370722,0.0565400702237283,0.0191071611055616,0.0201330930544276,0.023537703900676,-0.0088243238211125,0.0153202108218659,0.0045879890889484,0.0628191498730168,-0.0340949948240795,-0.0382152403152316,0.0278460803437387,-0.0275565237068004,0.0022283385264987,-0.0301416441636276,-0.039562095358916,0.0003517353000978,-0.0282452196897723,-0.0268310555273102,-0.0110804008232419,0.0118647785670378,-0.0455148188251276,0.005894357778725,-0.0460527787550434,0.0158242537453673,-0.0001426936584837,-0.0147180822588981,-0.0334073178661185,-0.0761243823687788,0.0149764734888013,0.0136835380997284,-0.0341634112333916,-0.0008312032484476,-0.0111427660058408
Wendell Hayes,-0.0039066299100674,0.0286065656556639,0.0107375133977,0.0560656433477535,-0.006469857605545,-0.009660779660548,0.0050754323150987,-0.0078024450720022,0.0226637171084576,0.0067947887336107,-0.0017989946224926,0.0096785464825143,-0.0188917762342761,-0.0125628319161902,-0.0176068744563423,0.0015496528016577,0.0154326970361147,-0.0149932526795524,0.0046988093886574,0.0041991550765768,0.0086837685988782,-0.0341092168226525,0.0452067047798285,0.0320270893520703,-0.0129676061534373,0.0177066296921402,-0.0120162466569848,0.0046417007058223,-0.0358999582737485,-0.0107255100119774,0.0103711549931852,-0.0224099722234244,-0.0100482733374327,0.0917308691118864,0.0064326186544665,-0.010418934393259,0.0229592178500661,-0.0321491221973158
Wendell Smallwood,0.0111991694503233,-0.002710216423165,-0.0199757600217707,-0.011114330761122,-0.0073129721136619,-0.0046319184206713,0.027427106526204,0.024616661463276,-0.0056949877974672,0.0059931744080257,-0.0017603211444207,-0.0029778779923865,-0.0156335604144394,-0.0274005820679975,-0.0252897962671075,0.0123049588139997,0.0219339237190513,-0.0039927021318514,-0.0021926673958325,0.0008294789831505,-0.0042503761373869,-0.0070898595513207,-0.0056124553432706,-0.0085848291900763,-0.0085624411172293,0.0082172131543519,-0.0131675423090813,-0.0173237438610525,-0.0069463811856458,0.008744004251709,0.0034603905193968,0.0249537431217404,-0.0159697734230875,-0.0133033301241431,-0.0189158326611735,0.0033311248058165,-0.004738819070111,0.0225090889464952
Wendell Tyler,-0.0470703143452254,-0.0045741600578455,0.0756237335319002,-0.0041071182305477,-0.0563695941126412,0.0704845698578613,0.0150661825200337,0.0040615458851607,0.0031255793783411,-0.037530696357121,0.0054773824689703,-0.0302146001014635,0.1040200728930021,-0.0093515025213622,-0.1120313686538712,0.04042653139378,-0.1343731392977081,-0.0762500901140826,-0.0970487425580244,-0.0643393250814709,0.0151337751302494,-0.0064736425495419,0.0301035329396472,9.188728350862513e-06,0.0228698727857681,-0.0505007361523107,0.0269183605352305,0.0654039281660338,-0.029558399066091,0.0654617287151594,0.0509117488087579,0.0432750512795947,-0.0145501000896437,-0.0003974864787716,-0.0187672467933585,0.0156453432067397,0.0741105055053528,-0.0130992688093429
Wilbert Montgomery,-0.0476156452729392,0.017845206493153,0.0568433594213702,0.0305346675115588,-0.0565877770557011,0.0349596304533485,0.0038271056896327,0.0011498668591273,0.0254471788116288,-0.047262029069334,0.011459737499166,0.043395573971554,0.0202542110646856,-0.0367242170802376,-0.001432351972149,0.0128919761280417,-0.0799838793706134,-0.0107467714612482,0.0095464456965687,-0.0523992166460276,0.0122015901169831,0.0103612877433575,-0.0219853512365717,0.0567586684523376,0.0882954978136647,-0.0160806334853237,-0.0029590376109942,0.0258054942564128,0.0632827462363307,0.074510260868888,-0.0526575241403397,0.0151266303961137,-0.0348469922573196,0.0333389601050963,0.0340675011263697,0.0375892824832805,0.0613741472581385,0.0977062255790196
Wilbur Jackson,-0.0132712251222505,0.0316196635017804,-0.0282274806935736,0.0447287781410095,-0.0433818390316255,-0.0105046603337065,-0.0175958336601423,-0.0247196835848919,0.0024341990629116,-0.0101237196378335,-0.027351486836125,-0.0186720896852714,-0.0321552062393193,0.0323777118535489,0.011154550794363,0.0137541843285499,-0.0428889108771153,0.0262545507626298,0.075555133361983,-0.0029266267536527,-0.0210224863355726,-0.0111751747563527,-0.0569272465306327,0.0113597680610505,-0.0160363165818997,0.0148123845516295,-0.0021753297784804,0.0094573471853099,0.002812977132737,-0.0026875564390578,-0.0064597262006453,-0.0408231867435224,-0.0094399225295015,-0.0819714972647689,-0.0229417948951949,0.0440717543311586,0.0358083086658336,-0.0184785748119365
Will Johnson,0.0303406088642575,0.0085741512363238,-0.0232488380767258,0.0215476240276935,0.024766662846418,0.0306574748228794,-0.010231611776913,0.0143327995511491,-0.0386953214312081,-0.0134897887108164,-0.0019751334890274,-0.0003758775913829,0.0271390866843246,0.000508403569062,0.0214826514060376,0.0165111282664987,-0.0069532895708712,-0.0146859911649562,-0.0276811362198687,-0.0066382959659966,-0.0128816990199585,0.015508173872361,-0.0328920444545679,-0.0152049444208407,-0.000111098044508,-0.0037551976396942,-0.0154164637860047,0.0044413020353985,0.009721442744155,-0.0361388777863207,-0.0203834826877479,0.0119669302780459,0.0331508284927423,0.0159234125751651,-0.0158351405011644,0.0095197085103936,0.0048302173190285,0.0083718099727149
Will Tukuafu,0.0324080286436956,-0.0232735586691226,-0.0069063632513172,-0.0914662816531521,0.0537427623178841,0.0266374006389694,0.074558447667953,-0.0283808153157033,0.0170226550207181,-0.0191801306064027,-0.0676961124287721,0.0980984751790189,-0.0330016978871349,0.007875334504981,0.0117334158880709,0.0184549420457767,-0.0379387896367343,0.009739241892689,0.06357771908629,-0.0070425867531928,0.0342972005184004,0.0083169301038828,0.0230092326589705,0.0122452139574847,0.0234793924060833,0.0148595390775065,-0.0667075483147387,0.0332537097238249,-0.025408832531978,-0.0090735704174757,0.0282155990966142,-0.0088301875594939,0.0191807293728,0.0103832523615134,0.0710325042993646,-0.0143381449364235,0.0151688994292125,0.0229378482938701
Willard Harrell,-0.0014510981464366,0.0432777606149541,-0.0503917888871801,0.0090078114652614,-0.0232278798648197,-0.0358860358524168,-0.0436181162804822,-0.0283413111700826,-0.0424428516490456,-0.034274863038069,0.0225483728825783,-0.0180226535909873,-0.0144616258334998,0.0407073350773788,0.033639876915569,0.0183521835723399,-0.0507617199978216,-0.0399433991650517,-0.0347486453088671,0.0294351870940642,-0.0230360151932401,-0.0016964851378653,-0.0114898544983311,-0.0659013931530655,0.026116274851967,-0.0119630208847626,-0.0089369784954751,0.0368292877254379,0.003033371328667,0.0196101164163303,0.0478125061896731,-0.0333813755804698,-0.0104540261583392,-0.0536069215875267,-0.0492194832100699,-0.0227765709598529,-0.0162322697916606,0.0480845632910679
William Andrews,-0.0405827257877602,0.0417672195422806,-0.0347939730839342,0.039950958506934,-0.0103638100827053,0.0437012541609233,0.0930439221937795,0.049415381226632,0.0370633488920053,-0.0558001849350891,0.0004588136402765,0.0458740660259702,-0.0257614033043376,-0.0382771942358722,-0.0413427050509288,0.0511420165362416,-0.0064219446306788,-0.0130014859780578,-0.0961024932532328,-0.058861797308932,-0.0285316764956912,-0.0357796671827907,-0.0431713629055985,-0.0193928012532909,-0.0004352745092432,-0.0057279518779372,-0.0637442998225084,-0.0507831894896203,-0.0103667888697724,-0.0333005238403517,-0.0857256150537891,-0.054766687813071,0.0673022687501827,-0.0678589998347699,-0.0124853668712444,-0.0005095448779373,0.0122843866701745,0.0184936924491278
William Floyd,-0.0099380103915655,0.0230065571737871,-0.0075446133178515,-0.0290156944994093,0.0148130007179781,-0.0018014176514867,0.0420149721632068,-0.0031402363721223,0.0061644530049757,0.0259081713929049,-0.0141587500875836,0.0093904767369261,-0.0246296689967613,-0.0030621493781834,-0.0200969096256165,0.0198579729261973,0.0025654804033456,0.0188079902872038,-0.0310323256220223,0.0137151936751454,0.0062418325755326,0.0216374880880696,0.0318774698197962,0.0236432970590066,0.014101681730077,-0.0013416587111075,0.0711531350804295,0.0098085096687741,0.0455580133080717,-0.0319928866143686,0.0311918788843386,0.0561186857045127,0.0165692652626814,-0.0288478501968872,0.0386625357292052,-0.0206014623425314,-0.0004113835354653,-0.0092384893977031
William Green 2,-0.0128141631202556,-0.0512039512925415,0.0117108499631136,0.0079342900730731,0.0282686276696747,-0.0130946583175948,0.0195156881356395,0.0001369570087052,-0.0015741568510034,0.0009631689330258,0.0253041737423409,-0.0640982923903877,-0.0112758740085576,0.0090388197914763,-0.0410849632968013,0.033309088098019,-0.0554302507981041,-0.0293680139737262,0.0152005569851417,-0.033499033672639,0.0152116661086418,0.0091540953939632,0.0064675129105144,0.069155131019464,0.0161282844234642,0.0206177566145459,0.0025133973257979,-0.003483654582363,0.0032793661898495,0.0100001125700092,-0.0049954006953686,-0.0415055401064846,0.0046138413511741,-0.0278609238388526,0.0129434154282623,-0.001496305447359,-0.004926657280676,0.0066477302732774
William Henderson,0.0013590021732938,0.0460685447475611,-0.03329324344127,-0.0573694863996952,-0.0343717784139215,0.0145161349416273,-0.0032873691177017,0.018102278870291,0.0142104798574267,-0.0014208432380913,-0.0212565594809398,0.0045834610380511,-0.0098613769580841,-0.0072551355797398,-0.0288882173321573,0.017897292394285,0.0450060202200217,0.006613540169199,-0.0385521678933701,0.009788899762865,0.0261298068123891,-0.0385765273729797,0.0082743811014085,0.0363315426614066,0.0319854074466666,-0.0043223847310301,0.0130452025252654,-0.0120877780764524,-0.0199951759910501,-0.0107855169418927,0.0477118451607809,-0.0035911258947064,0.0392042241378462,-0.0141697923960081,-0.0004509750441145,0.0164643099824736,-0.0793464014650817,-0.0012775279545175
Willie Belton,0.0327272130401098,-0.0172560071900812,-0.0229422917570395,0.0287895897338286,-0.0107722897492503,0.0208014507903299,-0.0161026753453642,0.0115075692609296,0.0113456325559705,-0.0101251030669478,-0.0124461408625445,-0.0084886583417963,0.0029340238830809,-0.0073867317910491,-0.029383730899825,-0.0132800696142427,0.004545876976182,-0.0052400820187066,-0.0194506076024967,-0.0024849083728598,-0.0221293843138994,0.0024500380243814,-0.0060361751431373,0.0068571377179158,0.0048716060439783,-0.0028973392996653,-0.0013733116795996,-0.0013871191476972,-0.0056880533232981,-0.0076186681140272,-0.011359375890356,-0.0068463523034241,-0.0068871765669091,-0.0061180100908261,0.00943208442503,0.0029103238061692,-0.0154244881172238,0.0113021833587361
Willie Mcclendon,0.0245507994977417,-0.0149415088467264,0.0068757387069174,0.0216658273320249,-0.0265698620135207,-0.028018389542166,-0.0312922748330559,0.0050800023296897,0.0627037656577532,-0.0303638053663743,0.002080632930182,-0.0327813398771938,0.0063636697684643,0.000943308423812,-0.0196292595093913,-0.0161782132680426,0.0082322389427357,-0.0056352985115183,0.0153957332204458,0.0173319296834648,-0.0060500316334859,-0.0092181275925196,0.002619873794918,-0.0138137342210013,0.0251402321921495,-0.0140780776468634,0.0234564148342778,0.0085581748423783,0.0329356257273664,-0.0066524485818212,-0.0147891772387244,-0.0031973983328666,0.0095908635143659,0.0265666088142619,-0.0352056656414221,-0.0057042469105332,0.0042214137982379,0.0168396320947407
Willie Parker,-0.0496742792949832,-0.0414666619057263,0.0528891367860691,-0.0017038010770298,-0.0020282112185503,0.0393618091388528,0.0092780714909625,0.1062748102669665,0.0024607488542376,-0.0278901512657103,-0.0106319951320053,-0.0234507921566687,0.0803911932831849,0.0121162140451183,-0.0057038421599159,0.0014448443660656,-0.0608820848531075,0.0162218438673579,0.0224601408996093,-0.0321067303902632,-0.0280759820255227,-0.0501218178230432,0.0012261720581636,-0.0339317988805626,-0.0426944495331724,0.0410777085054521,0.0046665594312561,0.0054525515244253,-0.1023322411154228,0.0509972540025208,-0.0094132366378918,0.0596048366128727,-0.003429243669739,0.0043740314118387,0.0612571266489332,-0.0422296819297155,0.0619435007167667,0.0228181263727697
Willie Rodgers,0.0246884221718941,-0.0095579188086664,-0.0053291899000377,0.0391445799270629,-0.0054286195620307,0.0236609501726518,-0.0002711088230714,-0.0041128825395278,-0.0151292094792578,0.0025276518942528,-0.0051846049075876,0.0115374821337539,0.0026757304416228,0.0129710756738819,-0.0160955840167269,-0.0071362649187814,0.0399128913447125,-0.0190103061647621,-0.0025871259886068,0.0009030136204495,0.000990342527214,0.0276770040322357,-0.0043344105504862,0.0050806663185063,0.0023931639382967,-0.0021102226986083,0.0122462191226615,0.022956974782627,-0.0181512571511784,-0.0226944989253642,-0.0091440984603477,-0.0169928012384227,0.0086138505693187,-0.0092265683790108,0.0454544785934535,-0.0008602728413151,-0.022398278474759,0.0012124834804161
Willie Shelby,0.0402148802074271,-0.0173677476978163,-0.0135459162030574,0.027309808972947,0.0116310140397377,0.0416764645886129,-0.0098909241275866,0.0077168254465413,-0.0136862012168662,0.0120653666451509,0.0146450033032712,0.0042201800498834,0.00038226724685,0.0036641036057515,0.0224312786320972,-0.0024860518513395,-0.0015973730978,0.0084653566526091,-0.0169921963808186,-0.0070489989882263,-0.0004549364775415,-0.0063086434500378,-0.0006227528472009,-0.0002317344336054,0.0163001653726357,0.0013939998442996,0.0073912317613828,-0.0040142371227936,-0.0032821416612523,0.0009696159532191,0.0120730321351606,0.0100816544040401,0.0070646333024713,-0.0168376227658092,-0.006415451754228,-0.0084573158475307,0.0001027992930164,-0.0050282982494778
Willie Spencer 2,0.035456145650049,-0.0171926809848315,0.000600411385784,0.0335642519103727,0.0058827590959179,0.0396934735089059,0.0015760309701002,-0.0007605522472785,-0.0111688313678187,0.0159703770360167,0.0232438835295327,0.0128344428282241,0.0045725872645622,0.0070624211066659,0.0416762093176117,0.0093475884859186,0.0181965524836453,0.0093010343382938,-0.0039170088280973,0.0146390566642831,0.0097248708335007,0.0053773619312639,0.0114932996485915,-0.027615164788379,0.0079659314409215,0.00507523339515,0.0081549450816697,-0.0040533914308089,0.0020373772005535,0.0065293129049016,0.029748968690753,0.0094049251362761,0.0155575289300601,-0.0281000148104976,0.0044465821746759,-0.0119097721541439,0.008095054125709,0.0030757378379552
Willis Mcgahee,-0.0585208426492313,-0.0424320300343635,-0.0376115643246179,0.0015865474626067,-0.0025928147431974,-0.012012529478422,0.0119784891600472,-0.0461467838400737,0.002291017518979,0.02193662264789,0.0256839227604402,-0.0026000806204338,0.0186425631463106,-0.0442116031200017,-0.0504668909899493,-0.0088177731771063,0.007650725879431,0.00746086005969,0.0018086266466839,-0.0002421937338213,0.011861759077016,-0.0406733650330881,0.066593591667921,-0.0053909237355003,0.0043187103467832,-0.0154737774856373,0.0132310594750797,0.0662071485571029,0.091397411272771,-0.0022298839763748,0.070749797404505,0.0163691224768242,-0.0414076270322712,0.0652651533171413,-0.0240848471382864,0.054086917425117,-0.0210474073905198,-0.0118982480774123
Winslow Oliver,0.0256344679671202,0.0009866309697268,-0.0202033259014757,0.0116884469964598,0.0192388979605719,0.0034705481074733,0.0024465933107974,0.0177074936589455,-0.0467373044464936,0.0078491390816899,-0.0104874786091925,-0.0120216848906888,-0.0142202366405638,-0.0024008121391473,-0.0055130925605557,0.0015296666869846,-0.0012870360732679,-0.0026212486489024,-0.0247777212587056,-0.0163007833468976,0.0285649065176278,-0.006693216228728,-0.0056929898358142,0.0091001886166492,-0.0008824383149278,0.0083438355365651,-0.0113183165775964,0.0103428651351392,0.000692560862434,0.0059772507282102,-0.0128698763689632,-0.0074249803931273,0.0011022238531624,-0.0114585059350861,0.0032695992278329,0.0093869950126246,-0.0039683545935886,0.0032660167132661
Woody Bennett,0.009228731083738,0.0041779339254819,-0.003106566341109,-0.0309575275926809,-0.0534688784586113,0.0004161152121201,-0.0068345863661501,-0.0150920426745336,-0.0103010423260327,-0.0150578958999005,0.0485667345891126,-0.0050939514180174,0.0304699166314864,0.0355206434383085,-0.0059941507456067,-0.016169176331744,-0.0064579495270633,-0.0502794554209795,-0.0134670973614709,-0.0101435948742647,-0.014194984250686,-0.0208106363114978,-0.0373528357564362,0.0037117471134744,0.029196752649808,0.0132549412044033,0.0082672061813322,-0.0127555322032508,-0.015883775259002,-0.0225147175083188,0.0165480162587144,-0.0046695705508629,-0.0153997158698617,0.0016668918046116,-0.0275675603548648,-0.0186529924487958,0.0015138803902597,-0.0189076394791246
Woody Green,-0.004162342236992,0.0249582718188687,0.0286984746365824,0.0701086447076734,0.0232319514701365,-0.0295966619794625,-0.0013174285788393,-0.0284057064241059,-0.0163922531716198,0.0109417869453499,-0.0252815954906954,0.0018171539429317,-0.0263974516152088,0.0225200511442539,0.021058913805503,-0.0079132820756282,-0.0028100462140456,-0.0269555001362718,0.0623144782741984,-0.0036066867217524,0.0129626448347446,0.0216869184258813,0.0358371683812036,-0.1092334564233684,0.0068893468719199,0.0255909678821866,0.0124048160135914,-0.0337484971618829,-0.0016022564350406,-0.0320533925193277,-0.0086226758362851,-0.0126871063570305,-0.0245335454932769,0.0072362534230315,0.0108681344704492,-0.0319228891848322,-0.0039058878101118,-0.0395670930569314
Woody Thompson,0.0217103887236747,0.0013205054184584,0.0118038784286881,0.0402964326775031,0.0084927006835484,-0.0016482735860606,-0.0115524362667303,-0.0071357705023392,0.0014766649118543,0.0093564721819643,-0.0026953185138272,-0.020415658295649,-0.0218675156455252,0.0158855407336836,0.004861499520629,-0.0133975239158771,0.0315673140569278,0.0173042528581601,-0.0045197454402109,-0.0178434129456657,-0.0117422935925468,-0.0120769691201558,0.0156798128471244,-0.0096462727208582,-0.0093864068666611,0.0348722274041961,-0.0192300936162381,-0.006452400076758,-0.0257110319226296,-0.0089134001330359,-0.0100902257627698,-0.0060517838036954,-0.0229450031940035,-0.0127170947554377,0.0192014164194507,-0.0190664925348482,-0.0011272849459461,-0.0306436528982501
Zac Stacy,-0.0078726791754499,-0.034522418083519,0.0059521172351071,0.0298413807934311,0.0449905326721356,-0.0073182411236376,0.0106086293720276,-0.0398672603469377,0.0039840104568193,0.0140631708543751,-0.010103064925541,-0.0026489272981409,0.0097053624671151,-0.0004661374575009,-0.0054194119160187,0.0216843506419143,-0.0006786954945576,-0.0056027388592429,-0.0117433039020445,-0.0240150676818301,-0.0269304153743044,-0.0031650571595623,0.006354538178735,0.0272748028473071,-0.0326547544013731,0.037453528042382,0.0066820769466398,-0.0150265398608252,0.0203040651074277,-0.0005800983459827,0.0233709730922063,0.0012248599582485,-0.0064015326419881,-0.0215906478976041,-0.018573246235582,-0.022813336577964,-0.0057665682038203,-1.3128923155122927e-05
Zach Line,0.0231974841454052,-0.0015768146671049,-0.0104023835332871,-0.0714783127150932,0.0344337429911408,-0.0079206688577642,0.0372916341774777,-0.0302901548083242,0.0050858438403497,-0.0526953058026314,-0.0113061475348556,0.0865003011734932,0.0013486731569838,0.016494644714965,-0.0495836023398479,-0.0304115462953882,-0.0205292169274815,-0.0049329626531035,0.0339803735011304,0.0139319798816584,-0.0078107757531864,0.0122842365668956,-0.0040173240266686,-0.0101865903028717,0.0096005169110101,0.0163140877012935,-0.0214668398882818,-0.0099101778667296,-0.0178613352471469,0.0005455415211347,0.01987140724845,-0.0152100101087116,0.0117669890355445,0.0466751320957076,0.0042690554077723,-0.0178076874260001,0.0164888506188482,-0.0314482705413405
Zach Pascal,0.0144905235164158,0.0421480244106187,-0.0003216067707764,0.0007647606033116,0.019570306489204,0.0023991319226709,-0.0129066048088362,0.0241595890521463,0.0081498279169488,0.001108321683845,0.0024124056809545,-0.0184483797553263,0.0212111662078502,-0.0164779701454505,-0.0081851351045081,0.0005868173987774,0.0281704006706585,-0.0034488083164893,-0.0528876186990624,0.0347598948620365,-0.0142471414844348,-0.0211316518412912,0.0093328243124124,0.008525317377204,0.0232706105420636,0.0072084651190252,0.0092087390341419,-2.7180674056923905e-05,-0.0266751588396413,0.0008821622396574,0.0300005400026473,-0.0205761518899658,0.0007659338712015,-0.0130976995269468,-0.0113637077616449,0.013207584711152,-0.0056172648784016,0.0107290698687001
Zach Zenner,0.0182182607912862,-0.0090087685625905,0.0001114264804637,-0.0004280733520911,-0.0114675056952016,0.0053433195923243,0.0179048736160816,0.0133439077838885,-0.0088475394862272,-0.0036448299218916,0.0069226398033406,0.0059655630455401,-0.0045843517293236,0.0039514496998275,0.0070500133383341,0.0116802430624806,0.0132392647178798,0.0023988818654417,-0.0230014540530186,0.015106080383598,0.0018684589600041,0.0032216817945292,-0.0269114394392689,-0.0177687412431905,0.0354158438424199,-0.0166715927039868,0.0057604372625981,0.0068051494307168,-0.0029105612063051,-0.0141189703656324,0.0264347985113978,-0.0112657571156378,-0.0120290129094774,0.0121060490578431,-0.006782584024216,-0.0033962094474388,-0.0110544326762654,0.0304607318690254
Zachary Dixon,0.0125241421579497,-0.0062613510712196,0.0334624032657235,-0.0036717375021822,-0.0227675623566575,0.0080682066185646,-0.0230149144177351,0.014876266738292,0.015023264648175,-0.0031366542795234,0.0325102089358205,-0.0172449471315701,-0.0032228769592161,0.0081258463328266,-0.0021490418454587,0.0450073903389404,0.0031378122451803,-0.0025090348479255,-0.0268723139318252,-0.005614833764687,-0.0328160483066656,0.0096291838515615,0.0042229981919719,-0.0054716164680486,-0.0097600750809167,-0.0078447467271203,-0.0170356305830359,0.0159160756230108,0.0102023886222115,0.0110432914368258,-0.0348321153465295,0.0384229488070795,-0.0026826262886459,0.0422657836655017,0.0222186371480266,-0.0123813286997622,0.0041219374740723,0.0240702950017624
Zack Crockett,-0.0030431484321521,0.007296086549327,-0.0233784151078933,-0.0650136249890495,-0.0541407646459523,0.0050386137810527,-0.0254714304939515,-0.0429552842834678,-0.0617658355778133,-0.0385512348490956,0.0398995837018957,0.0328463630566872,0.0037578290768103,0.0285041301411308,-0.02771256485145,-0.0522008433277721,0.0196275865811545,-0.0510296013061997,0.0216559062021304,0.0269950776975859,0.0310170950605703,0.01810873762288,-0.0821192105901626,-0.0134233742055286,0.0703804979728175,0.0378457161680249,0.0664228649547017,-0.0590563249704414,0.0115819874316168,-0.0532243576396028,0.0064386484004067,0.0206299118452296,-0.0677703154344268,-0.0241814600585496,0.0365705700264653,0.0588470205657851,0.0117979419452273,0.010473378973738
