PLAYER NAME,YEAR,EXTRA POINT RATIO,FIELD GOALS MADE,POINTS,FIELD GOAL RATIO,0-19,20-29,30-39,40-49,50-59,60,Long,Field Goals Blocked,HOWGOOD RAW SCORE,PERCENTILE
Aaron Elling,2003,1.3333333333333333,0.27272727272727276,0.3333333333333333,0.96,0.3333333333333333,0.3333333333333333,0.25,0.38095238095238093,0.3333333333333333,0.0,1.0,-0.16666666666666666,5.363679653679654,0.14285714285714285
Aaron Elling,2004,2.6666666666666665,0.2878787878787879,0.35000000000000003,1.6266666666666667,0.6666666666666666,0.6666666666666666,0.25,0.7142857142857143,0.6666666666666666,0.0,1.4313725490196079,-0.3333333333333333,8.99353705118411,0.21428571428571427
Aaron Elling,2005,2.6666666666666665,0.2878787878787879,0.35000000000000003,1.6266666666666667,1.0,1.0,0.25,0.7142857142857143,0.6666666666666666,0.0,1.4313725490196079,-0.3333333333333333,9.660203717850775,0.28888888888888886
Adam Vinatieri,1996,1.2386666666666668,0.375,0.3703703703703704,1.028,0.3333333333333333,0.3,0.3333333333333333,0.38095238095238093,0.5,0.0,1.0,0.0,5.859656084656085,0.12121212121212122
Adam Vinatieri,1997,2.572,0.7222222222222223,0.728625822083766,2.1773333333333333,0.6666666666666666,0.6333333333333333,0.5925925925925926,0.8809523809523809,1.5,0.0,2.0,0.0,12.473726351184297,0.2857142857142857
Adam Vinatieri,1998,3.9053333333333335,1.191919191919192,1.1495012429591867,3.2373333333333334,1.0,0.9666666666666667,0.806878306878307,1.3809523809523807,2.5,0.0,3.057692307692308,-0.0,19.196276763734712,1.0
Adam Vinatieri,1999,3.956,1.178030303030303,1.1156088600102,3.2600000000000002,1.0,1.0,0.7116402116402116,1.3703703703703702,2.5,0.0,3.057692307692308,-0.5,18.649342052743393,0.9487179487179487
Adam Vinatieri,2000,3.956,1.2058080808080807,1.093861344804741,3.201333333333333,1.0,0.9487179487179488,0.7486772486772487,1.4537037037037035,1.5,0.0,3.096907993966818,-0.6666666666666666,17.538342987345207,0.6666666666666666
Adam Vinatieri,2001,3.924,1.083937198067633,1.0459232176586932,3.2079999999999997,1.0,0.9487179487179488,0.826058201058201,1.3425925925925928,1.1666666666666667,0.0,3.0980392156862746,-0.6666666666666666,16.977268373781346,0.6097560975609756
Adam Vinatieri,2002,3.968,1.1141304347826086,1.0880860069363385,3.3573333333333335,1.0,0.9487179487179488,0.9212962962962963,1.5055555555555555,1.3333333333333333,0.0,3.2156862745098045,-0.3333333333333333,18.11880585013189,0.8444444444444444
Adam Vinatieri,2003,3.9333333333333336,1.1179183135704875,1.1175911423238267,3.2466666666666666,1.0,0.9803921568627451,0.7916666666666666,1.3388888888888888,1.3333333333333333,0.0,3.117647058823529,-0.3333333333333333,17.644104227136143,0.8095238095238095
Adam Vinatieri,2004,3.9653333333333336,1.2397891963109355,1.2146538485944538,3.432,1.0,0.9803921568627451,0.8333333333333334,1.5611111111111111,0.6666666666666666,0.0,3.0,-0.3333333333333333,17.559946312879244,0.7619047619047619
Adam Vinatieri,2005,3.9333333333333336,1.1262626262626263,1.1504784807004562,3.298666666666666,1.0,0.9803921568627451,0.7999999999999999,1.472222222222222,0.0,0.0,2.824660633484163,-0.3333333333333333,16.25268278619888,0.5555555555555556
Adam Vinatieri,2006,3.968,1.0946969696969697,1.1364903309234116,3.5093333333333336,1.0,1.0,0.9410256410256411,1.6555555555555557,0.6,0.0,2.806561085972851,-0.6666666666666666,17.044996249841095,0.4473684210526316
Adam Vinatieri,2007,3.916,0.9444444444444445,1.014572926793618,3.314666666666666,1.0,0.9777777777777777,0.8743589743589744,1.0444444444444445,0.6,0.0,2.6153846153846154,-0.8333333333333334,15.46831651653721,0.35
Adam Vinatieri,2008,3.948,0.9135802469135802,0.9886229241510516,3.314666666666666,1.0,0.9777777777777777,0.8564102564102565,0.980952380952381,1.5999999999999999,0.0,2.6542089985486217,-0.6666666666666666,16.567552584753667,0.4146341463414634
Adam Vinatieri,2009,3.873333333333333,0.6635802469135803,0.7632646686993381,3.1613333333333333,1.0,0.9777777777777777,0.7153846153846155,1.0476190476190477,1.0,0.0,2.6542089985486212,-0.16666666666666666,15.68983535494298,0.37209302325581395
Adam Vinatieri,2010,3.925333333333333,0.7052469135802468,0.8208424501876223,3.3426666666666667,1.0,1.0,0.7487179487179487,1.6476190476190478,1.3333333333333333,0.0,2.809869375907112,-0.16666666666666666,17.166962402678646,0.5227272727272727
Adam Vinatieri,2011,3.925333333333333,0.765,0.7950389084319368,3.4120000000000004,1.0,1.0,0.7523809523809524,1.8,1.0,0.0,2.8287373004354137,-0.3333333333333333,16.945157161248307,0.4473684210526316
Adam Vinatieri,2012,4.0,1.001111111111111,1.0017055750986037,3.425333333333333,1.0,1.0,0.7761904761904761,1.7333333333333334,1.75,0.0,2.9056603773584904,-0.3333333333333333,18.260000873092014,0.7777777777777778
Adam Vinatieri,2013,4.0,1.0887179487179488,0.9887005649717514,3.3533333333333335,1.0,1.0,0.7792207792207791,1.7215686274509803,2.4166666666666665,0.0,2.9629629629629632,-0.3333333333333333,18.977837549991094,0.8285714285714286
Adam Vinatieri,2014,4.0,1.1666666666666667,1.1282875511396844,3.5080000000000005,1.0,1.0,0.8268398268398268,1.7715686274509803,2.25,0.0,2.9629629629629632,-0.5,19.114325635060123,0.8333333333333334
Adam Vinatieri,2015,3.8853333333333335,1.1666666666666667,1.125201131386598,3.692,1.0,0.9583333333333334,0.9696969696969697,1.838235294117647,2.3000000000000003,0.0,2.981481481481481,-0.5,19.41694821001603,0.9230769230769231
Adam Vinatieri,2016,3.8853333333333335,1.051282051282051,1.0797679863771819,3.686666666666667,1.0,0.9583333333333334,1.0,1.8055555555555556,1.9000000000000001,0.0,3.0185185185185186,-0.3333333333333333,19.052124111733306,0.8888888888888888
Adam Vinatieri,2017,3.7746666666666666,1.0384615384615385,1.0108024691358026,3.533333333333333,1.0,0.9583333333333334,0.9,1.7936507936507937,2.2,0.6666666666666666,3.0185185185185186,-0.0,19.89443331976665,0.9772727272727273
Adam Vinatieri,2018,3.8040000000000003,1.0384615384615385,1.019894894894895,3.4346666666666668,1.0,1.0,0.8523809523809524,1.6825396825396826,2.15,0.6666666666666666,3.0,-0.0,19.6486104016104,0.9761904761904762
Adam Vinatieri,2019,3.518666666666667,0.9515050167224081,0.9044187044187044,3.1799999999999997,1.0,0.9523809523809524,0.8523809523809524,1.4126984126984128,1.9500000000000002,0.6666666666666666,3.0185185185185186,-0.3333333333333333,18.073902557119947,0.6428571428571429
Al Del Greco,1984,1.3333333333333333,0.15,0.20333333333333334,1.0,0.3333333333333333,0.3333333333333333,0.25,0.5333333333333333,0.0,0.0,0.8653846153846154,0.0,5.002051282051283,0.14285714285714285
Al Del Greco,1985,2.6,0.4378787878787879,0.5168646864686468,1.9746666666666666,0.6666666666666666,0.6111111111111112,0.5833333333333334,0.9037037037037038,0.0,0.0,1.7673453996983408,0.0,10.061570355527259,0.41025641025641024
Al Del Greco,1986,3.9333333333333336,0.7361244019138756,0.8005526297310581,2.814666666666666,1.0,0.9444444444444445,0.8055555555555555,1.125925925925926,0.5,0.0,2.747737556561086,-0.0,15.408340514131948,0.5897435897435898
Al Del Greco,1987,3.8666666666666667,0.7625949901491698,0.7819582522210181,2.6146666666666665,1.0,0.8111111111111112,0.7777777777777777,0.9259259259259259,0.5,0.0,2.822352941176471,-0.16666666666666666,14.69638766502814,0.6666666666666666
Al Del Greco,1988,3.873333333333333,0.6747162022703819,0.7364681361991066,2.401333333333333,1.0,0.7555555555555555,0.7777777777777777,0.7777777777777777,1.0,0.0,2.9403921568627447,-0.16666666666666666,14.770687606443346,0.5128205128205128
Al Del Greco,1989,3.8279999999999994,0.6621848739495798,0.7404994911823093,2.484,1.0,0.7555555555555555,0.8333333333333334,0.8585858585858586,1.0,0.0,2.9600000000000004,-0.3333333333333333,14.788825779273303,0.4444444444444444
Al Del Greco,1990,3.8946666666666663,0.769047619047619,0.8528619846343783,2.524,1.0,0.8888888888888888,0.8444444444444444,0.8585858585858586,1.3333333333333333,0.0,3.02,-0.5,15.485828795601188,0.4375
Al Del Greco,1991,3.9546666666666668,0.7277777777777777,0.7445429697431987,2.7880000000000003,1.0,0.9333333333333332,0.7333333333333334,1.0808080808080807,1.8333333333333333,0.0,3.0,-0.5,16.295795494995726,0.6363636363636364
Al Del Greco,1992,4.0,0.810484544695071,0.829583528128409,2.9026666666666667,1.0,0.8962962962962964,0.7333333333333334,1.111111111111111,2.3333333333333335,0.0,3.0384615384615383,-0.3333333333333333,17.321937018692427,0.75
Al Del Greco,1993,3.966666666666667,0.9138178780284044,0.9324820788530466,3.1999999999999997,1.0,0.8962962962962964,0.7962962962962963,1.3111111111111111,2.5714285714285716,0.0,3.0195936139332367,-0.0,18.607692512613628,0.9
Al Del Greco,1994,3.966666666666667,0.997511961722488,0.9972496525491916,3.2413333333333334,1.0,0.8962962962962964,0.9074074074074074,1.45,1.9047619047619049,0.0,3.0195936139332367,-0.0,18.380820836670527,0.9090909090909091
Al Del Greco,1995,3.966666666666667,1.0040909090909091,0.9731136491293766,3.3653333333333335,1.0,0.9333333333333332,0.9629629629629629,1.6722222222222225,1.5047619047619047,0.0,3.0203477617462084,-0.3333333333333333,18.069499409913583,0.9166666666666666
Al Del Greco,1996,4.0,1.0618686868686869,0.9774346367836976,3.3506666666666667,1.0,0.9333333333333332,0.9583333333333334,1.6944444444444446,1.2666666666666666,0.0,3.15921568627451,-0.5,17.901963454371337,0.9090909090909091
Al Del Greco,1997,4.0,1.1944444444444444,1.1049697629837103,3.312,1.0,1.0,0.9280303030303031,1.4444444444444446,1.9333333333333333,0.0,3.15921568627451,-0.5,18.576437974510743,0.9428571428571428
Al Del Greco,1998,4.0,1.3648989898989898,1.2142583676851588,3.3813333333333335,1.0,1.0,0.9280303030303031,1.4222222222222223,1.3333333333333333,0.0,3.043076923076923,-0.16666666666666666,18.520486805913595,0.918918918918919
Al Del Greco,1999,4.0,1.2121212121212122,1.1432707133641713,3.3786666666666663,1.0,1.0,0.8956228956228957,1.3111111111111111,2.0,0.0,2.9034690799396685,-0.3333333333333333,18.510928345492392,0.9230769230769231
Al Del Greco,2000,3.9653333333333336,1.2121212121212122,1.165848965848966,3.441333333333333,1.0,0.9555555555555556,0.8842592592592592,1.4222222222222223,2.0,0.0,2.8838612368024137,-0.3333333333333333,18.597201785142964,0.9523809523809523
Aldrick Rosas,2017,1.16,0.23076923076923075,0.22629969418960247,0.96,0.3333333333333333,0.3333333333333333,0.19999999999999998,0.2962962962962963,0.6,0.0,0.9629629629629628,0.0,5.302994850884759,0.1590909090909091
Aldrick Rosas,2018,2.452,0.6945373467112598,0.6076810755709839,2.2533333333333334,0.6666666666666666,0.6666666666666666,0.5333333333333333,0.9629629629629629,1.4333333333333333,0.6666666666666666,2.0185185185185186,-0.16666666666666666,12.789033237097058,0.35714285714285715
Aldrick Rosas,2019,3.648,0.8684503901895205,0.8330779009678092,3.1946666666666665,1.0,1.0,0.8111111111111112,1.1296296296296295,2.433333333333333,0.6666666666666666,2.8518518518518516,-0.3333333333333333,18.103454217083257,0.6666666666666666
Aldrick Rosas,2020,3.8213333333333335,0.7443478260869565,0.7058773058773059,3.2039999999999993,1.0,1.0,0.9444444444444445,0.8333333333333334,2.8333333333333335,0.6666666666666666,2.870707070707071,-0.5,18.124043313782447,0.7346938775510204
Aldrick Rosas,2021,3.862666666666667,0.30622073578595316,0.38005148005148004,2.444,1.0,1.0,0.6111111111111112,0.8333333333333334,2.0,0.0,2.6151515151515152,-0.3333333333333333,14.719201508766728,0.48
Alex Henery,2011,1.3333333333333333,0.32,0.3333333333333333,1.1853333333333333,0.3333333333333333,0.3333333333333333,0.27272727272727276,0.6666666666666666,0.6666666666666666,0.0,0.9622641509433962,-0.3333333333333333,6.073658090337336,0.10526315789473684
Alex Henery,2012,2.616,0.6661538461538461,0.6405797101449275,2.3466666666666667,0.6666666666666666,0.6296296296296297,0.5690235690235691,1.2777777777777777,1.1666666666666667,0.0,1.8867924528301885,-0.3333333333333333,12.132623652226606,0.19444444444444445
Alex Henery,2013,3.949333333333333,0.9610256410256409,0.9626136084500123,3.441333333333333,1.0,0.9629629629629629,0.8606902356902357,1.7444444444444445,2.0,0.6666666666666666,2.8312368972746333,-0.3333333333333333,19.04697378984793,0.8571428571428571
Alex Henery,2014,3.949333333333333,0.6538461538461537,0.6522687808638054,2.5226666666666664,1.0,0.9629629629629629,0.6546296296296296,1.0777777777777777,1.6666666666666667,0.6666666666666666,2.8312368972746325,-0.0,16.638055535688295,0.2777777777777778
Ali Haji-Sheikh,1983,1.276,0.6481481481481481,0.4276094276094276,1.1106666666666667,0.3333333333333333,0.3333333333333333,0.3055555555555555,0.48484848484848486,0.4000000000000001,0.0,1.0980392156862746,0.0,6.417534165181223,0.17142857142857143
Ali Haji-Sheikh,1984,2.494666666666667,0.9314814814814815,0.7042760942760943,1.7973333333333332,0.6666666666666666,0.6666666666666666,0.5106837606837606,0.7626262626262627,0.4000000000000001,0.0,2.021116138763198,-0.3333333333333333,10.622183737830797,0.3142857142857143
Ali Haji-Sheikh,1985,3.828,0.9617845117845117,0.7405797246391307,2.3306666666666667,1.0,1.0,0.644017094017094,0.7626262626262627,1.4000000000000001,0.0,3.040723981900453,-0.3333333333333333,15.375064908300786,0.5641025641025641
Ali Haji-Sheikh,1986,3.718666666666667,0.47153110047846886,0.43353767291622775,2.22,1.0,1.0,0.5051282051282051,0.9444444444444445,1.0,0.0,2.8642533936651584,-0.3333333333333333,13.824228149965839,0.5128205128205128
Ali Haji-Sheikh,1987,3.708,0.44309972792944924,0.42996337572747273,2.4453333333333336,1.0,1.0,0.5,1.0,1.0,0.0,2.7611764705882353,-0.0,14.287572907578491,0.65
Benny Ricardo,1976,1.2173333333333334,0.24444444444444444,0.24324324324324323,0.8146666666666667,0.3333333333333333,0.19047619047619047,0.3333333333333333,0.3333333333333333,0.0,0.0,0.8958333333333334,-0.3333333333333333,4.272663878163878,0.14814814814814814
Benny Ricardo,1977,1.2173333333333334,0.24444444444444444,0.24324324324324323,0.8146666666666667,0.3333333333333333,0.19047619047619047,0.3333333333333333,0.3333333333333333,0.0,0.0,0.8958333333333334,-0.3333333333333333,4.272663878163878,0.1935483870967742
Benny Ricardo,1978,2.510666666666667,0.7206349206349206,0.6576576576576576,1.7666666666666666,0.6666666666666666,0.5238095238095238,0.5833333333333334,0.6296296296296297,0.0,0.0,1.9171099290780143,-0.6666666666666666,9.309508327476413,0.3125
Benny Ricardo,1979,2.576,0.7326007326007327,0.6525096525096524,1.6933333333333334,0.6666666666666666,0.6666666666666666,0.5833333333333334,0.46296296296296297,0.0,0.0,2.0,-0.6666666666666666,9.367406681406683,0.43243243243243246
Benny Ricardo,1980,3.7920000000000003,0.940934065934066,0.8974895721883674,2.4773333333333336,1.0,0.8333333333333334,0.9166666666666666,0.7129629629629629,0.0,0.0,2.9791666666666665,-0.6666666666666666,13.883219934418731,0.5882352941176471
Benny Ricardo,1981,3.8319999999999994,0.6928137651821862,0.7088816093868563,2.218666666666667,1.0,0.8333333333333334,0.7777777777777777,0.75,0.0,0.0,2.8966655811260673,-0.3333333333333333,13.376805400139554,0.3939393939393939
Benny Ricardo,1982,2.5493333333333332,0.4364035087719298,0.4707863712916181,1.4773333333333334,0.6666666666666666,0.5,0.4444444444444444,0.5833333333333334,0.0,0.0,1.9179421768707483,0.0,9.046243168045407,0.34210526315789475
Benny Ricardo,1983,2.628,0.6910331384015594,0.5894428152492668,1.704,0.6666666666666666,0.6333333333333333,0.3968253968253968,0.6296296296296297,0.0,0.0,1.8015206082432975,0.0,9.740451588349151,0.34285714285714286
Benny Ricardo,1984,2.405333333333333,0.512962962962963,0.41030303030303034,2.344,0.6666666666666666,0.6333333333333333,0.6190476190476191,0.9629629629629629,0.0,0.0,1.6704374057315234,0.0,10.225047314341433,0.2857142857142857
Bill Bell,1971,1.172,0.2549019607843137,0.2635658914728682,0.8253333333333334,0.3333333333333333,0.2380952380952381,0.19999999999999998,0.13333333333333333,0.0,0.0,0.8367346938775512,-0.5,3.7572977842299706,0.3333333333333333
Bill Bell,1972,2.505333333333333,0.5215686274509804,0.5407588739290086,1.5360000000000003,0.5915322230804945,0.5158730158730159,0.4333333333333333,0.2074074074074074,0.0,0.0,1.6734693877551023,-0.8333333333333334,7.691942868829341,0.3888888888888889
Bill Bell,1973,3.5720000000000005,0.5374416433239962,0.5655815689644695,1.8693333333333335,0.9248655564138278,0.8492063492063493,0.5444444444444444,0.37407407407407406,0.0,0.0,2.423469387755102,-1.0,10.660416357515595,0.5
Bill Capece,1981,1.2506666666666666,0.2631578947368421,0.26881720430107525,0.8333333333333334,0.3333333333333333,0.2380952380952381,0.19999999999999998,0.3333333333333333,1.0,0.0,1.0408163265306123,0.0,5.761553330330433,0.18181818181818182
Bill Capece,1982,2.584,0.8631578947368421,0.7132616487455197,1.8773333333333333,0.6666666666666666,0.5411255411255412,0.4777777777777778,0.5555555555555555,1.6666666666666667,0.0,2.1033163265306123,0.0,12.048861411138512,0.47368421052631576
Bill Capece,1983,3.764,1.0483430799220272,0.8917128271966982,2.457333333333333,1.0,0.8327922077922079,0.4777777777777778,0.8055555555555555,1.6666666666666667,0.0,3.0641006402561026,-0.16666666666666666,15.841615421833701,0.7714285714285715
Bill Gramatica,2001,1.3333333333333333,0.2318840579710145,0.24092409240924093,1.0666666666666667,0.3333333333333333,0.3333333333333333,0.25,0.38095238095238093,0.0,0.0,0.9803921568627452,0.0,5.1508193548620484,0.14634146341463414
Bill Gramatica,2002,2.6666666666666665,0.4492753623188406,0.4804062930564901,2.018666666666667,0.6666666666666666,0.6190476190476191,0.5833333333333334,0.8809523809523809,0.5,0.0,1.9607843137254903,0.0,10.825799302434154,0.35555555555555557
Bill Gramatica,2003,4.0,0.494729907773386,0.5294259008996273,3.018666666666667,1.0,0.9523809523809524,0.9166666666666666,1.3809523809523807,0.5,0.0,2.705882352941176,-0.0,15.498704828280857,0.40476190476190477
Bill Gramatica,2004,2.6666666666666665,0.30830039525691694,0.3185018084903864,3.2853333333333334,1.0,0.9523809523809524,1.0,1.6666666666666667,0.5,0.0,2.3137254901960786,-0.0,14.011575312991004,0.30952380952380953
Bill McClard,1972,1.3333333333333333,0.049999999999999996,0.038596491228070164,0.6666666666666666,0.3333333333333333,0.3333333333333333,0.16666666666666666,0.3333333333333333,0.0,0.0,0.979591836734694,-0.3333333333333333,3.9015216612960972,0.16666666666666666
Bill McClard,1973,2.6666666666666665,0.2563492063492064,0.208809257185517,1.3893333333333333,0.6666666666666666,0.6111111111111112,0.43333333333333335,0.4666666666666666,0.0,0.0,1.8754251700680271,-0.5,8.07436141138053,0.36363636363636365
Bill McClard,1974,3.9333333333333336,0.5290764790764791,0.4376649785785518,2.138666666666667,1.0,0.8333333333333334,0.6,0.6333333333333333,1.0,0.0,3.005859952676723,-0.5,13.611268076998421,0.75
Bill McClard,1975,3.9333333333333336,0.5047175047175047,0.41594612448128326,1.7386666666666668,1.0,0.5,0.43333333333333335,0.6333333333333333,1.0,0.0,2.901268115942029,-0.16666666666666666,12.893931745140819,0.6956521739130435
Billy Cundiff,2002,1.3333333333333333,0.17391304347826086,0.19741100323624594,0.8426666666666667,0.3333333333333333,0.3333333333333333,0.2380952380952381,0.3333333333333333,1.0,0.0,0.9411764705882352,-0.16666666666666666,5.559929088731313,0.15555555555555556
Billy Cundiff,2003,2.624,0.5223978919631094,0.5209404150009518,1.9000000000000001,0.6666666666666666,0.6666666666666666,0.5158730158730159,0.7142857142857143,1.6666666666666667,0.0,1.9607843137254901,-0.3333333333333333,11.424948017514948,0.2857142857142857
Billy Cundiff,2004,3.957333333333333,0.8254281949934125,0.8242737483342851,2.925333333333333,1.0,1.0,0.8492063492063493,1.1758241758241759,1.6666666666666667,0.0,2.9215686274509807,-0.3333333333333333,16.812301095809204,0.5714285714285714
Billy Cundiff,2005,3.957333333333333,0.720959595959596,0.7180577136514983,2.9160000000000004,1.0,1.0,0.7444444444444445,1.2591575091575091,0.6666666666666666,0.0,3.057315233785822,-0.5,15.53993449699887,0.4888888888888889
Billy Cundiff,2006,2.6666666666666665,0.37247474747474746,0.39452830188679244,1.858666666666667,1.0,1.0,0.4666666666666666,0.8782051282051282,0.0,0.0,2.037707390648567,-0.3333333333333333,10.341582234881903,0.21052631578947367
Billy Cundiff,2007,1.3333333333333333,0.06944444444444443,0.0911949685534591,0.8333333333333334,0.6666666666666666,0.6666666666666666,0.13333333333333333,0.4166666666666667,0.0,0.0,1.0769230769230769,-0.3333333333333333,4.954229156587648,0.1
Billy Cundiff,2008,0.0,0.0,0.0,0.0,0.3333333333333333,0.3333333333333333,0.0,0.0,0.0,0.0,0.0,0.0,0.6666666666666666,0.024390243902439025
Billy Cundiff,2009,1.3333333333333333,0.25,0.25666666666666665,1.044,0.3333333333333333,0.3333333333333333,0.20833333333333334,0.6666666666666666,0.6666666666666666,0.0,0.8846153846153846,0.0,5.976948717948718,0.13953488372093023
Billy Cundiff,2010,2.6666666666666665,0.611111111111111,0.6245911949685535,2.24,0.6666666666666666,0.6666666666666666,0.5046296296296297,1.25,0.6666666666666666,0.0,1.8091436865021768,0.0,11.706142288878139,0.2727272727272727
Billy Cundiff,2011,4.0,0.9844444444444443,0.9692239633301353,3.249333333333333,1.0,1.0,0.7824074074074074,1.7685185185185184,1.0666666666666667,0.0,2.771407837445573,-0.0,17.59200217114608,0.6578947368421053
Billy Cundiff,2012,4.0,0.8241880341880341,0.8227022241997005,2.982666666666667,1.0,1.0,0.774074074074074,1.6018518518518519,0.4000000000000001,0.0,2.7358490566037736,-0.0,16.141331907584103,0.3055555555555556
Billy Cundiff,2013,4.0,0.7323076923076922,0.7231392778187177,2.8640000000000003,1.0,1.0,0.7555555555555555,1.537037037037037,1.4000000000000001,0.0,2.7557651991614254,-0.3333333333333333,16.434471428547095,0.34285714285714286
Billy Cundiff,2014,4.0,0.641025641025641,0.6486214519858714,2.866666666666667,1.0,1.0,0.7341880341880342,1.4947089947089947,1.5999999999999999,0.0,2.774633123689727,-0.6666666666666666,16.09317724559827,0.25
Blair Walsh,2012,1.3333333333333333,0.44871794871794884,0.40869565217391307,1.228,0.3333333333333333,0.3333333333333333,0.2962962962962963,0.5185185185185185,0.6666666666666666,0.0,1.0566037735849056,0.0,6.623498855958249,0.1111111111111111
Blair Walsh,2013,2.6359999999999997,0.7820512820512823,0.7505035617784328,2.384,0.6666666666666666,0.6666666666666666,0.6296296296296297,1.0740740740740742,1.0952380952380951,0.0,2.056603773584906,-0.16666666666666666,12.574767083023085,0.2
Blair Walsh,2014,3.969333333333333,1.1153846153846156,1.057974826146249,3.3746666666666663,1.0,0.9333333333333332,0.8962962962962964,1.5925925925925926,2.0952380952380953,0.0,3.0943396226415096,-0.3333333333333333,18.795826048299357,0.75
Blair Walsh,2015,3.825333333333333,1.12,1.0659458406390026,3.3093333333333335,1.0,0.9333333333333332,0.888888888888889,1.6455026455026456,1.8285714285714285,0.0,3.0377358490566038,-0.3333333333333333,18.321311319325236,0.717948717948718
Blair Walsh,2016,3.574666666666667,0.9348148148148149,0.8658045977011494,3.153333333333333,1.0,0.9333333333333332,0.8333333333333334,1.5343915343915342,1.9000000000000001,0.0,2.96366177498253,-0.3333333333333333,17.360006055223366,0.4722222222222222
Blair Walsh,2017,3.5399999999999996,0.8707122507122508,0.86414373088685,3.128,1.0,1.0,0.7999999999999999,1.4603174603174602,1.5,0.0,2.8333333333333335,-0.5,16.496506775249898,0.45454545454545453
Bob Thomas,1975,1.0906666666666667,0.3333333333333333,0.24050632911392403,0.7533333333333333,0.3333333333333333,0.14285714285714282,0.2777777777777778,0.38095238095238093,0.3333333333333333,0.0,1.1458333333333333,0.0,5.031926964034559,0.2608695652173913
Bob Thomas,1976,2.2906666666666666,0.6,0.5242901128977078,1.3933333333333333,0.6666666666666666,0.4761904761904761,0.5,0.6839826839826838,0.3333333333333333,0.0,2.125,0.0,9.593463273070867,0.4444444444444444
Bob Thomas,1977,3.4906666666666664,0.958974358974359,0.9013392932255767,2.0853333333333333,1.0,0.6984126984126983,0.7000000000000001,0.9062049062049061,0.3333333333333333,0.0,3.125,-0.16666666666666666,14.032597923484206,0.7741935483870968
Bob Thomas,1978,3.638666666666667,1.0304029304029303,1.0076798109584995,2.3626666666666667,1.0,0.8888888888888888,0.694949494949495,0.6919191919191917,0.0,0.0,2.9153368794326244,-0.16666666666666666,14.063843863218295,0.8125
Bob Thomas,1979,3.664,1.173992673992674,1.0788743821530706,2.5133333333333336,1.0,0.746031746031746,0.7454545454545455,0.5793650793650794,0.0,0.0,2.8723404255319154,-0.3333333333333333,14.04005885252903,0.7567567567567568
Bob Thomas,1980,3.7253333333333334,1.0858516483516485,0.9990139568452822,2.7840000000000003,1.0,0.8571428571428571,0.7121212121212123,0.8571428571428571,0.0,0.0,2.7890070921985823,-0.16666666666666666,14.642946290469107,0.7058823529411765
Bob Thomas,1981,3.376,0.7161774628879892,0.6808409451238834,2.6426666666666665,1.0,0.6904761904761904,0.7727272727272728,1.1351428571428572,0.0,0.0,2.607938920248951,-0.16666666666666666,13.455303648607142,0.45454545454545453
Bob Thomas,1982,3.484,0.6392543859649122,0.580764550929842,2.962666666666667,1.0,0.8333333333333334,0.7666666666666666,1.6113333333333333,0.0,0.0,2.6301020408163267,-0.16666666666666666,14.341454311044414,0.5789473684210527
Bob Thomas,1983,3.4506666666666668,0.6276803118908382,0.542835055169021,2.7466666666666666,1.0,0.8333333333333334,0.6,1.4446666666666665,0.20000000000000004,0.0,2.693827531012405,-0.5,13.639676231405597,0.5428571428571428
Bob Thomas,1984,3.8226666666666667,0.9592592592592593,0.8508278867102397,2.9053333333333335,1.0,0.9523809523809524,0.5444444444444444,1.4444444444444444,0.8666666666666667,0.0,2.9387254901960786,-0.5,15.784749144102086,0.6285714285714286
Bob Thomas,1985,3.7253333333333334,0.8986531986531987,0.9424605793912724,2.652,1.0,0.9523809523809524,0.4777777777777778,1.0634920634920635,0.8666666666666667,0.0,2.882352941176471,-0.5,14.961117512871738,0.5128205128205128
Bob Thomas,1986,3.830666666666667,0.6393939393939395,0.6973857172951338,1.9053333333333333,1.0,0.9523809523809524,0.4777777777777778,0.7301587301587301,0.6666666666666666,0.0,1.9019607843137256,-0.16666666666666666,12.63505790132026,0.48717948717948717
Bobby Howfield,1970,1.2853333333333332,0.31578947368421056,0.3068181818181818,0.7493333333333334,0.2721655269759087,0.16666666666666666,0.2380952380952381,0.39999999999999997,0.3333333333333333,0.0,1.0816326530612246,-0.5,4.649167740301429,0.7692307692307693
Bobby Howfield,1971,2.568,0.4726522187822497,0.49674066243833687,1.3106666666666669,0.605498860309242,0.27777777777777773,0.4761904761904762,0.4952380952380952,0.3333333333333333,0.0,1.9387755102040816,-1.0,7.974873600940259,0.5555555555555556
Bobby Howfield,1972,3.8693333333333335,0.9226522187822498,0.9213020659471088,2.2840000000000003,0.9173036425404039,0.611111111111111,0.7206349206349206,0.6857142857142856,0.3333333333333333,0.0,2.795918367346939,-1.6666666666666667,12.394636612077017,0.6666666666666666
Bobby Howfield,1973,3.917333333333333,0.8767040149393092,0.891079628809778,2.478666666666667,0.9784714488978284,0.7222222222222223,0.7206349206349206,0.619047619047619,0.0,0.0,2.630952380952381,-1.8333333333333333,12.001778902170726,0.5909090909090909
Bobby Howfield,1974,3.5239999999999996,0.9016594516594516,0.8305103820204688,3.06,0.6451381155644951,0.9444444444444445,0.815873015873016,1.1904761904761905,0.0,0.0,2.708592132505176,-1.6666666666666667,12.954027065876575,0.625
Brad Daluiso,1991,1.3333333333333333,0.03174603174603174,0.027777777777777766,0.8893333333333334,0.3333333333333333,0.2222222222222222,0.22233333333333336,0.4446666666666667,0.0,0.0,0.4423076923076923,0.0,3.9470537240537236,0.030303030303030304
Brad Daluiso,1992,1.3333333333333333,0.03174603174603174,0.027777777777777766,0.8893333333333334,0.6666666666666666,0.5555555555555555,0.22233333333333336,0.4446666666666667,0.0,0.0,0.4423076923076923,-0.16666666666666666,4.447053724053723,0.0625
Brad Daluiso,1993,1.3333333333333333,0.04507936507936507,0.037301587301587266,1.3333333333333333,1.0,0.8888888888888888,0.3333333333333333,0.6666666666666666,0.3333333333333333,0.0,1.4611756168359944,-0.16666666666666666,7.265778791439168,0.13333333333333333
Brad Daluiso,1994,1.3333333333333333,0.18000000000000002,0.1387755102040816,1.7773333333333332,1.0,1.0,0.4443333333333333,0.8886666666666666,1.3333333333333333,0.0,2.058867924528302,-0.3333333333333333,9.82131010139905,0.21212121212121213
Brad Daluiso,1995,2.6666666666666665,0.45777777777777784,0.4078886600511764,2.7293333333333334,1.0,1.0,0.7443333333333334,1.0368148148148149,2.3333333333333335,0.0,3.058867924528302,-0.3333333333333333,15.101682510505404,0.4166666666666667
Brad Daluiso,1996,4.0,0.7777777777777778,0.6884883073174904,3.4706666666666663,1.0,1.0,0.9666666666666667,1.1481481481481481,2.0,0.0,2.9599999999999995,-0.5,17.511747566576748,0.8787878787878788
Brad Daluiso,1997,3.908,0.9166666666666666,0.8489562328054426,3.0546666666666664,1.0,1.0,0.919047619047619,0.8624338624338623,1.25,0.0,2.92,-0.3333333333333333,16.346437714286925,0.4857142857142857
Brad Daluiso,1998,3.908,0.9570707070707071,0.8997084028236676,3.14,1.0,1.0,0.8690476190476191,1.1385281385281385,1.25,0.0,2.9007692307692303,-0.16666666666666666,16.896457431572696,0.5405405405405406
Brad Daluiso,1999,3.908,0.720959595959596,0.7039245686750535,2.9919999999999995,1.0,1.0,0.8690476190476191,0.8051948051948052,1.25,0.0,2.6866515837104075,-0.0,15.935778172587481,0.4358974358974359
Brad Daluiso,2000,4.0,0.6515151515151515,0.6840462123480991,3.06,1.0,1.0,0.7916666666666666,0.8051948051948052,1.0,0.0,2.588612368024133,-0.5,15.081035203748854,0.5
Brad Daluiso,2001,3.3333333333333335,0.3768115942028985,0.3971841928128123,3.0226666666666664,1.0,0.8333333333333334,0.875,1.0476190476190477,0.0,0.0,2.4705882352941178,-0.5,12.856536403262206,0.43902439024390244
Brett Conway,1999,1.3066666666666666,0.3055555555555555,0.3616352201257862,0.9173333333333332,0.3333333333333333,0.25925925925925924,0.2857142857142857,0.5714285714285714,0.3333333333333333,0.0,1.0,0.0,5.674259558750125,0.1282051282051282
Brett Conway,2000,2.64,0.38888888888888884,0.4441749026654687,2.2506666666666666,0.6666666666666666,0.5925925925925926,0.6190476190476191,1.2380952380952381,0.3333333333333333,0.0,1.7843137254901962,-0.16666666666666666,10.791112966780004,0.3333333333333333
Brett Conway,2001,3.973333333333333,0.7657004830917874,0.7742079059657986,3.3013333333333335,1.0,0.9259259259259259,0.8614718614718614,1.6825396825396826,0.7333333333333334,0.0,2.8627450980392157,-0.16666666666666666,16.713924290367604,0.5121951219512195
Brett Conway,2002,4.0,0.47463768115942023,0.4352264075228604,3.717333333333334,1.0,1.0,0.9090909090909092,1.7777777777777777,0.4000000000000001,0.0,2.549019607843137,-0.16666666666666666,16.09641905006077,0.5777777777777777
Brett Conway,2003,4.0,0.603425559947299,0.5193533916498446,3.366666666666667,1.0,1.0,0.7979797979797979,1.5555555555555554,0.4000000000000001,0.0,2.705882352941176,-0.0,15.948863324740339,0.5238095238095238
Brett Maher,2018,1.2933333333333332,0.4202898550724638,0.35735735735735735,1.0746666666666667,0.3333333333333333,0.3333333333333333,0.25,0.42424242424242425,0.4000000000000001,0.0,1.1481481481481481,0.0,6.03470445148706,0.14285714285714285
Brett Maher,2019,2.6266666666666665,0.7101449275362319,0.6621192621192621,1.9640000000000002,0.6666666666666666,0.6666666666666666,0.5,0.5575757575757576,0.9,0.0,2.314814814814815,0.0,11.568654762046066,0.2619047619047619
Brett Maher,2020,2.6266666666666665,0.7101449275362319,0.6621192621192621,1.9640000000000002,0.6666666666666666,0.6666666666666666,0.5,0.5575757575757576,0.9,0.0,2.314814814814815,0.0,11.568654762046066,0.30612244897959184
Brett Maher,2021,2.444,0.4949832775919732,0.4658730158730158,2.074666666666667,0.6666666666666666,0.6666666666666666,0.5462962962962963,0.7999999999999999,1.0999999999999999,0.6666666666666666,1.9303030303030304,0.0,11.856122286730985,0.38
Brett Maher,2022,2.368,0.5631528964862299,0.5582125603864734,2.393333333333333,0.6666666666666666,0.6666666666666666,0.6296296296296297,1.2380952380952381,1.5999999999999999,0.6666666666666666,1.835064935064935,0.0,13.18548859299584,0.3695652173913043
Brett Maher,2023,3.5239999999999996,0.7585551953368045,0.7359903381642513,3.3786666666666663,1.0,1.0,0.9629629629629629,1.7566137566137565,2.2666666666666666,0.6666666666666666,2.7993506493506497,-0.0,18.849472902428428,0.813953488372093
Caleb Sturgis,2013,1.3333333333333333,0.3333333333333333,0.3135593220338983,1.02,0.3333333333333333,0.3333333333333333,0.2777777777777778,0.5333333333333333,1.0,0.0,1.0,-0.16666666666666666,6.311337099811676,0.08571428571428572
Caleb Sturgis,2014,2.6666666666666665,0.7051282051282052,0.6813754139879213,2.0653333333333332,0.6666666666666666,0.6666666666666666,0.5694444444444445,0.9333333333333332,1.5,0.0,2.0,-0.5,11.954614730227236,0.16666666666666666
Caleb Sturgis,2015,3.9279999999999995,0.9451282051282052,0.9560667720126127,3.156,1.0,1.0,0.8361111111111111,1.6000000000000003,1.8333333333333333,0.2222222222222222,2.9814814814814814,-1.0,17.458343125288966,0.48717948717948717
Caleb Sturgis,2016,3.885333333333333,1.0438936372269707,1.0175074499787142,3.2746666666666666,1.0,1.0,0.8916666666666666,1.490909090909091,1.5833333333333333,0.2222222222222222,3.0,-1.0,17.409532400336996,0.5555555555555556
Caleb Sturgis,2017,3.218666666666666,0.7105603038936371,0.680272397780043,3.562666666666667,1.0,1.0,0.9333333333333332,1.7575757575757576,2.0833333333333335,0.2222222222222222,2.925925925925926,-0.6666666666666666,17.427889940730918,0.5454545454545454
Caleb Sturgis,2018,2.7573333333333334,0.6009950865023329,0.5136891478634598,3.3946666666666663,1.0,1.0,1.0,1.424242424242424,2.15,0.0,2.8518518518518516,-0.3333333333333333,16.359445177126734,0.40476190476190477
Cary Blanchard,1992,1.3333333333333333,0.2807017543859649,0.23297491039426524,0.9693333333333333,0.3333333333333333,0.2222222222222222,0.2380952380952381,0.5185185185185185,0.0,0.0,0.9038461538461539,0.0,5.032358797462362,0.09375
Cary Blanchard,1993,2.6666666666666665,0.5073684210526316,0.4932923707117256,1.8413333333333333,0.6666666666666666,0.5138888888888888,0.5047619047619047,0.8518518518518517,0.0,0.0,1.752902757619739,0.0,9.79873286155341,0.2
Cary Blanchard,1994,2.6666666666666665,0.5073684210526316,0.4932923707117256,1.8413333333333333,0.6666666666666666,0.5138888888888888,0.5047619047619047,0.8518518518518517,0.0,0.0,1.752902757619739,0.0,9.79873286155341,0.18181818181818182
Cary Blanchard,1995,2.6666666666666665,0.4905555555555556,0.5110819863113442,1.9280000000000002,0.6666666666666666,0.625,0.5166666666666667,0.7999999999999999,1.0,0.0,1.82944876063633,0.0,11.034086302503232,0.25
Cary Blanchard,1996,2.6666666666666665,0.7638888888888888,0.6674311926605504,2.2560000000000002,0.6666666666666666,0.6666666666666666,0.5462962962962963,0.9904761904761905,2.0,0.0,2.020392156862745,-0.16666666666666666,13.077818058518005,0.30303030303030304
Cary Blanchard,1997,4.0,1.2083333333333333,1.0319171739689617,3.2960000000000007,1.0,1.0,0.832010582010582,1.434920634920635,2.3333333333333335,0.0,2.9819306184012064,-0.16666666666666666,18.951779009301386,1.0
Cary Blanchard,1998,3.957333333333333,1.111111111111111,0.99327386009629,3.1026666666666665,1.0,1.0,0.832010582010582,1.234920634920635,1.8333333333333333,0.0,3.0400000000000005,-0.5,17.604649521471952,0.7027027027027027
Cary Blanchard,1999,3.957333333333333,0.861111111111111,0.8061669418572963,3.0453333333333332,1.0,1.0,0.7023809523809524,1.3111111111111111,0.8333333333333334,0.0,2.941176470588235,-0.3333333333333333,16.124613253715374,0.46153846153846156
Cary Blanchard,2000,3.8866666666666667,0.6388888888888888,0.6512047700726945,2.9333333333333336,1.0,1.0,0.6893939393939394,1.1333333333333335,0.5,0.0,3.0384615384615383,-0.5,14.971282470150394,0.47619047619047616
Chandler Catanzaro,2014,1.3333333333333333,0.3717948717948718,0.32758620689655177,1.172,0.3333333333333333,0.3333333333333333,0.2857142857142857,0.6060606060606061,0.7142857142857143,0.0,0.9622641509433962,-0.16666666666666666,6.27303916902876,0.1111111111111111
Chandler Catanzaro,2015,2.552,0.7451282051282052,0.7504257130693913,2.376,0.6666666666666666,0.6666666666666666,0.6190476190476191,1.1774891774891776,1.492063492063492,0.0,1.8326345213137667,-0.16666666666666666,12.711455394778318,0.3333333333333333
Chandler Catanzaro,2016,3.7720000000000002,1.0043874643874644,1.0448701575138357,3.376,1.0,0.9444444444444445,0.9047619047619048,1.6774891774891776,1.492063492063492,0.0,2.943745632424878,-0.3333333333333333,17.826428939751864,0.6111111111111112
Chandler Catanzaro,2017,3.7720000000000002,0.9531054131054132,1.0353267640729416,3.314666666666666,1.0,0.9444444444444445,0.9523809523809524,1.5420168067226891,1.777777777777778,0.0,3.0370370370370368,-0.3333333333333333,17.995422528874588,0.7045454545454546
Chandler Catanzaro,2018,3.696,0.8116561377430943,0.8467214921343361,3.1773333333333333,1.0,0.9444444444444445,0.919047619047619,0.9705882352941178,2.0,0.0,3.2592592592592595,-0.3333333333333333,17.291717187922874,0.47619047619047616
Chester Marcol,1972,1.3333333333333333,0.5499999999999999,0.44912280701754387,0.9173333333333332,0.28867513459481287,0.2916666666666667,0.2549019607843137,0.3333333333333333,0.6666666666666666,0.0,1.0408163265306123,-1.0,5.125849562260616,0.2222222222222222
Chester Marcol,1973,2.6,0.8833333333333333,0.7399029488615154,1.7173333333333332,0.6220084679281462,0.5138888888888888,0.47712418300653586,0.5238095238095238,0.6666666666666666,0.0,1.9991496598639458,-1.6666666666666667,9.076550339025223,0.4090909090909091
Chester Marcol,1974,3.9333333333333336,1.6409090909090909,1.207564640403804,2.572,0.9553418012614795,0.8472222222222222,0.699346405228758,0.8571428571428571,0.8666666666666667,0.0,3.129584442472641,-2.1666666666666665,14.542444792974186,0.8333333333333334
Chester Marcol,1975,2.6,1.1165501165501166,0.7711000612343614,2.988,1.0,0.8888888888888888,0.7777777777777777,1.1904761904761905,0.20000000000000004,0.0,2.526268115942029,-1.3333333333333333,12.72572781753603,0.6521739130434783
Chester Marcol,1976,2.518666666666667,1.0054390054390054,0.7235631626336331,2.889333333333333,1.0,1.0,0.7222222222222222,1.2666666666666666,0.20000000000000004,0.0,2.505434782608696,-0.8333333333333334,12.99799250623689,0.6666666666666666
Chester Marcol,1977,2.2333333333333334,0.5811965811965811,0.5291255148071915,2.86,1.0,0.8888888888888888,0.6666666666666666,1.488888888888889,0.0,0.0,2.311170212765958,-0.5,12.059270086547508,0.5161290322580645
Chester Marcol,1978,3.5666666666666664,0.8174603174603173,0.800251070742874,2.2986666666666666,1.0,0.7555555555555555,0.4666666666666666,1.2666666666666666,0.0,0.0,2.8949468085106385,-0.3333333333333333,13.53354708560272,0.625
Chester Marcol,1979,3.5666666666666664,0.6978021978021979,0.6782199487117518,2.1306666666666665,1.0,0.5888888888888889,0.43333333333333335,1.2222222222222223,0.0,0.0,2.8510638297872344,-0.16666666666666666,13.002197087412297,0.6756756756756757
Chester Marcol,1980,3.5853333333333333,0.4269688644688645,0.4732689973653829,2.305333333333333,1.0,0.7000000000000001,0.26666666666666666,1.3333333333333333,0.0,0.0,2.87322695035461,-0.16666666666666666,12.797464812188858,0.4411764705882353
Chip Lohmiller,1988,1.3013333333333332,0.31666666666666665,0.3333333333333333,0.9746666666666667,0.3333333333333333,0.25,0.2380952380952381,0.4666666666666666,0.0,0.0,0.9199999999999999,-0.16666666666666666,4.967428571428571,0.23076923076923078
Chip Lohmiller,1989,2.6346666666666665,0.7769841269841269,0.7824561403508771,1.9413333333333334,0.6666666666666666,0.5833333333333334,0.526984126984127,0.6484848484848484,0.0,0.0,1.88,-0.5,9.94090924280398,0.3055555555555556
Chip Lohmiller,1990,3.968,1.2769841269841269,1.2570938215102976,2.941333333333333,1.0,0.9166666666666666,0.8126984126984128,0.9818181818181818,0.375,0.0,3.0,-0.6666666666666666,15.862927876344353,0.6875
Chip Lohmiller,1991,4.0,1.4523809523809526,1.4411215992880753,2.9280000000000004,1.0,1.0,0.8523809523809524,0.9073083778966132,0.775,0.0,3.0992307692307697,-0.5,16.95542265117736,0.8181818181818182
Chip Lohmiller,1992,4.0,1.5183792815371764,1.4221063191522518,2.9613333333333336,1.0,1.0,0.7634920634920634,1.1699346405228759,1.7750000000000001,0.0,3.158461538461539,-0.16666666666666666,18.602040509832573,0.9375
Chip Lohmiller,1993,3.8973333333333335,1.2317126148705098,1.17604006656426,2.7226666666666666,1.0,1.0,0.7000000000000001,1.0032679738562091,1.5666666666666667,0.0,3.000725689404934,-0.0,17.29841301136258,0.7666666666666667
Chip Lohmiller,1994,3.814666666666666,1.0426794258373207,0.9648014044327408,2.7133333333333334,1.0,0.9393939393939394,0.7000000000000001,1.0277777777777777,1.5,0.0,3.061494920174166,-0.0,16.764147467615942,0.6666666666666666
Chip Lohmiller,1995,3.6093333333333333,0.6274747474747474,0.6417275166947514,2.4746666666666663,1.0,0.8282828282828283,0.75,0.5833333333333334,1.0,0.0,3.0422641509433963,-0.16666666666666666,14.390415910062389,0.3611111111111111
Chip Lohmiller,1996,3.6666666666666665,0.7058080808080808,0.6940202856541869,2.8333333333333335,1.0,0.8282828282828283,0.7944444444444444,0.7976190476190476,1.8333333333333333,0.0,3.08,-0.16666666666666666,16.066841353475255,0.45454545454545453
Chris Bahr,1976,1.2386666666666668,0.31111111111111106,0.36486486486486475,0.6920000000000001,0.3333333333333333,0.25,0.16666666666666666,0.25,0.3333333333333333,0.0,1.0625,-0.16666666666666666,4.835809309309309,0.18518518518518517
Chris Bahr,1977,2.521333333333333,0.7982905982905982,0.8129522965588537,1.6306666666666665,0.6666666666666666,0.5530303030303031,0.3333333333333333,0.6944444444444443,0.3333333333333333,0.0,2.0625,-0.16666666666666666,10.239884308990867,0.3548387096774194
Chris Bahr,1978,3.717333333333334,1.1792429792429793,1.1462856298921873,2.3413333333333335,1.0,0.7911255411255412,0.5,1.0277777777777777,0.6666666666666666,0.0,3.168882978723404,-0.16666666666666666,15.371981573428556,0.9375
Chris Bahr,1979,3.7479999999999998,1.2014652014652014,1.1234121070186645,2.4026666666666663,1.0,0.7633477633477633,0.4761904761904761,1.111111111111111,1.3333333333333333,0.0,3.2765957446808507,-0.16666666666666666,16.2694557371474,0.918918918918919
Chris Bahr,1980,3.7079999999999997,1.1101190476190477,1.0688989725134304,2.1493333333333333,1.0,0.6825396825396824,0.5595238095238094,0.9743589743589743,1.3333333333333333,0.0,3.2765957446808507,-0.3333333333333333,15.529369564569128,0.8529411764705882
Chris Bahr,1981,3.6026666666666665,0.974780701754386,0.9828774671370862,2.2159999999999997,1.0,0.6944444444444443,0.5595238095238094,0.9267399267399267,1.5999999999999999,0.0,3.2110290924880593,-0.8333333333333334,14.934728775421044,0.6363636363636364
Chris Bahr,1982,3.6266666666666665,0.974780701754386,1.0461148833156788,2.296,1.0,0.6944444444444443,0.6833333333333332,0.9934065934065933,0.6,0.0,2.9366496598639458,-0.6666666666666666,14.184729616118382,0.5526315789473685
Chris Bahr,1983,3.6666666666666665,0.9678362573099416,1.0363789699653079,2.648,1.0,0.7449494949494949,0.7296296296296297,1.13015873015873,0.6,0.0,2.858218287314926,-0.6666666666666666,14.715171369328031,0.6285714285714286
Chris Bahr,1984,3.845333333333333,1.0555555555555556,1.1224004753416519,2.8586666666666667,1.0,0.8282828282828283,0.7534391534391535,1.2686868686868686,1.0,0.0,2.778940422322775,-0.3333333333333333,16.1779719702955,0.7142857142857143
Chris Bahr,1985,3.821333333333333,1.0252525252525253,1.0472047204720472,2.8586666666666667,1.0,0.9393939393939394,0.72010582010582,1.0353535353535352,2.0,0.0,2.883107088989442,-0.5,16.830417629567307,0.8205128205128205
Chris Bahr,1986,3.872,1.0047846889952154,1.0144301664208972,2.8213333333333335,1.0,1.0,0.6460317460317461,1.0075757575757576,2.5,0.0,2.9811463046757165,-0.5,17.347301997032663,0.9230769230769231
Chris Bahr,1987,3.888,1.0440003752697251,1.0184462306779256,2.706666666666667,1.0,1.0,0.711965811965812,0.7833333333333333,1.5,0.0,2.9796078431372544,-0.3333333333333333,16.298686927717384,0.8666666666666667
Chris Bahr,1988,3.884,1.0409700722394222,1.001128004009898,2.701333333333333,1.0,1.0,0.6452991452991452,0.9803030303030303,0.75,0.0,2.9796078431372544,-1.0,14.982641428322083,0.5384615384615384
Chris Bahr,1989,3.84,0.9423902894491131,0.9307659286086288,2.608,1.0,1.0,0.6452991452991452,1.008080808080808,0.5,0.0,3.0199999999999996,-1.0,14.494536171437696,0.3888888888888889
Chris Boniol,1994,1.3333333333333333,0.3333333333333333,0.3877551020408163,1.012,0.3333333333333333,0.25,0.2777777777777778,0.4444444444444444,0.0,0.0,0.94,0.0,5.311977324263039,0.12121212121212122
Chris Boniol,1995,2.6106666666666665,0.7083333333333334,0.7761343069337826,2.297333333333333,0.6666666666666666,0.5555555555555555,0.6111111111111112,1.111111111111111,0.0,0.0,1.8223529411764705,0.0,11.159265025888033,0.2777777777777778
Chris Boniol,1996,3.8906666666666667,1.1527777777777777,1.1465046773041532,3.482666666666667,1.0,0.8888888888888888,0.918803418803419,1.5873015873015872,0.5,0.0,2.862352941176471,-0.0,17.42996262458563,0.7575757575757576
Chris Boniol,1997,3.8906666666666667,1.125,1.0671607902166078,3.417333333333333,1.0,0.9722222222222222,0.9465811965811967,1.3852813852813852,0.5,0.0,2.864660633484163,-0.0,17.168906227785573,0.6857142857142857
Chris Boniol,1998,3.7893333333333334,0.962121212121212,0.8707007772428333,3.021333333333333,1.0,1.0,0.87991452991453,0.9408369408369408,1.5,0.0,2.943846153846154,-0.16666666666666666,16.741419613961668,0.5135135135135135
Chris Boniol,1999,3.7680000000000002,0.6704545454545454,0.6575631112749787,2.6506666666666665,1.0,1.0,0.6833333333333332,0.8646464646464646,1.0,0.0,2.805806938159879,-0.16666666666666666,14.9338043928692,0.358974358974359
Chris Jacke,1989,1.3333333333333333,0.34920634920634924,0.3789473684210527,1.048,0.3333333333333333,0.3333333333333333,0.2222222222222222,0.5185185185185185,0.3333333333333333,0.0,1.04,-0.16666666666666666,5.723561125034809,0.16666666666666666
Chris Jacke,1990,2.6213333333333333,0.7325396825396826,0.7303966437833714,2.0706666666666664,0.6666666666666666,0.6666666666666666,0.47863247863247865,0.8518518518518517,0.8333333333333334,0.0,2.1,-0.16666666666666666,11.585420656807386,0.25
Chris Jacke,1991,3.9546666666666668,1.0182539682539682,1.0255355326722604,3.0706666666666664,1.0,1.0,0.7452991452991453,1.1481481481481481,1.8333333333333333,0.0,3.1192307692307693,-0.16666666666666666,17.748467563604294,0.9696969696969697
Chris Jacke,1992,3.9546666666666668,1.0550125313283207,0.9906741857565841,3.0346666666666664,1.0,0.9047619047619048,0.8230769230769232,1.0740740740740742,2.1666666666666665,0.0,3.0984615384615384,-0.0,18.102061157459346,0.84375
Chris Jacke,1993,4.0,1.085012531328321,1.0455741167434716,3.1293333333333333,1.0,0.9047619047619048,0.7666666666666666,1.312169312169312,2.5238095238095237,0.0,3.05732946298984,-0.5,18.324656851802374,0.8333333333333334
Chris Jacke,1994,3.937333333333333,1.087177033492823,1.083768561187916,3.1039999999999996,1.0,0.9047619047619048,0.7222222222222222,1.2825396825396824,1.857142857142857,0.0,3.0380986937590713,-0.6666666666666666,17.350377621773145,0.7575757575757576
Chris Jacke,1995,3.937333333333333,0.9373232323232323,1.0271443133828455,3.0773333333333333,1.0,0.9523809523809524,0.4222222222222222,1.3714285714285717,1.9404761904761905,0.0,3.0188679245283025,-1.1666666666666667,16.51784340674232,0.5277777777777778
Chris Jacke,1996,3.8866666666666667,0.8156565656565657,0.972646958885491,2.997333333333333,1.0,0.9523809523809524,0.494949494949495,1.1703703703703703,2.0833333333333335,0.0,3.06,-0.8333333333333334,16.600004342242876,0.5757575757575758
Chris Jacke,1997,3.949333333333333,0.5277777777777778,0.6548899495396966,2.0226666666666664,1.0,0.9523809523809524,0.27272727272727276,0.9037037037037038,1.75,0.0,2.06,-0.6666666666666666,13.426812989462737,0.3142857142857143
Chris Jacke,1998,3.949333333333333,0.4431818181818182,0.488640297051512,1.9893333333333334,1.0,1.0,0.5505050505050505,0.5925925925925926,1.5,0.0,2.06,-0.16666666666666666,13.406919758330973,0.32432432432432434
Chris Jacke,1999,4.0,0.4154040404040404,0.39779473450783626,1.8906666666666665,1.0,1.0,0.5555555555555556,0.6031746031746031,0.5,0.0,1.9607843137254903,-0.0,12.323379914034193,0.28205128205128205
Chuck Nelson,1983,1.1893333333333334,0.0925925925925926,0.1616161616161616,0.6066666666666667,0.3333333333333333,0.1111111111111111,0.25,0.16666666666666666,0.0,0.0,0.8039215686274511,-0.3333333333333333,3.3819081006139835,0.11428571428571428
Chuck Nelson,1984,2.5226666666666664,0.1425925925925926,0.2382828282828283,1.4066666666666665,0.6666666666666666,0.4444444444444444,0.4166666666666667,0.611111111111111,0.0,0.0,1.707767722473605,-0.3333333333333333,7.8235320322379165,0.22857142857142856
Chuck Nelson,1985,2.5226666666666664,0.1425925925925926,0.2382828282828283,1.4066666666666665,0.6666666666666666,0.4444444444444444,0.4166666666666667,0.611111111111111,0.0,0.0,1.707767722473605,-0.3333333333333333,7.8235320322379165,0.3333333333333333
Chuck Nelson,1986,2.5813333333333333,0.4359649122807017,0.46673758865248227,1.848,0.6666666666666666,0.625,0.4666666666666666,0.8253968253968255,0.6666666666666666,0.0,1.943061840120664,-0.3333333333333333,10.192161166450674,0.3333333333333333
Chuck Nelson,1987,2.5453333333333332,0.6408668730650154,0.691275741262924,1.7706666666666668,0.6666666666666666,0.5694444444444445,0.4666666666666666,0.38095238095238093,1.1666666666666667,0.0,2.05921568627451,-0.5,10.457755125999276,0.5666666666666667
Chuck Nelson,1988,3.852,0.9742002063983488,1.0624097618814805,2.8373333333333335,0.9388321936425754,0.9027777777777778,0.7999999999999999,0.5142857142857142,1.1666666666666667,0.0,3.03921568627451,-0.5,15.587721340260407,0.717948717948718
Cody Parkey,2014,1.3333333333333333,0.4102564102564103,0.4310344827586207,1.1853333333333333,0.3333333333333333,0.3333333333333333,0.2916666666666667,0.4444444444444444,0.75,0.0,1.018867924528302,-0.16666666666666666,6.364936595321111,0.1388888888888889
Cody Parkey,2015,2.6666666666666665,0.45025641025641033,0.48041719880800343,2.1853333333333333,0.6666666666666666,0.6666666666666666,0.625,0.7777777777777777,0.75,0.0,1.870719776380154,-0.16666666666666666,10.972837829889011,0.2564102564102564
Cody Parkey,2016,3.936,0.6971699905033238,0.7026394210302257,3.2520000000000002,1.0,1.0,0.9583333333333334,1.1666666666666667,1.25,0.0,2.8151642208245984,-0.5,16.277973632358147,0.2777777777777778
Cody Parkey,2017,3.798666666666667,0.5561443494776829,0.5437761920942349,3.2840000000000003,1.0,1.0,1.0,1.2936507936507937,1.25,0.0,2.7962962962962963,-0.3333333333333333,16.189200964852343,0.38636363636363635
Cody Parkey,2018,3.7093333333333334,0.8494776828110161,0.8277268093781855,3.306666666666667,1.0,1.0,0.9,1.4603174603174605,1.75,0.0,2.8703703703703702,-0.3333333333333333,17.3405589895437,0.5238095238095238
Cody Parkey,2019,3.550666666666667,0.6460423634336677,0.6499490316004077,3.573333333333333,1.0,1.0,0.9,1.7380952380952381,1.25,0.0,2.8703703703703702,-0.16666666666666666,17.011790336833016,0.47619047619047616
Cody Parkey,2020,3.574666666666667,0.6301449275362319,0.6780780780780781,3.5079999999999996,1.0,1.0,0.7888888888888888,1.7727272727272727,1.5,0.0,2.7067340067340067,-0.16666666666666666,16.992573173964477,0.5918367346938775
Cody Parkey,2021,3.1306666666666665,0.29681159420289854,0.35307807807807806,2.485333333333333,1.0,1.0,0.5555555555555555,1.2727272727272727,1.0,0.0,1.7808080808080806,-0.16666666666666666,12.708313914705217,0.42
Cole Ford,1995,1.2586666666666666,0.1111111111111111,0.1253822629969419,1.1853333333333333,0.3333333333333333,0.3333333333333333,0.3333333333333333,0.6666666666666666,0.0,0.0,0.9019607843137255,0.0,5.249120825088445,0.1111111111111111
Cole Ford,1996,2.592,0.4444444444444444,0.4587155963302752,2.2173333333333334,0.6666666666666666,0.6060606060606061,0.6363636363636364,1.0833333333333333,0.0,0.0,1.8419607843137253,-0.16666666666666666,10.380211734179355,0.18181818181818182
Cole Ford,1997,3.8493333333333335,0.6249999999999999,0.683014661750836,3.005333333333333,1.0,0.806060606060606,0.8585858585858586,1.4166666666666667,1.0,0.0,2.861191553544495,-0.16666666666666666,15.93851934660846,0.42857142857142855
Connor Barth,2008,1.3333333333333333,0.12345679012345677,0.15126050420168066,1.1106666666666667,0.3333333333333333,0.3333333333333333,0.25,0.6666666666666666,0.0,0.0,0.8490566037735849,0.0,5.151107231432055,0.12195121951219512
Connor Barth,2009,2.6666666666666665,0.31790123456790126,0.3312605042016807,2.0933333333333333,0.6666666666666666,0.6666666666666666,0.47222222222222215,1.142857142857143,0.0,0.0,1.8875181422351233,0.0,10.245092579417403,0.20930232558139536
Connor Barth,2010,4.0,0.6373456790123456,0.6614491834469637,3.188,1.0,1.0,0.8055555555555555,1.5428571428571427,0.5,0.0,2.8875181422351233,-0.0,16.22272570310713,0.3409090909090909
Connor Barth,2011,4.0,0.8605555555555556,0.7954994137085599,3.3160000000000003,1.0,1.0,0.8888888888888888,1.4952380952380953,1.0,0.0,3.076197387518142,-0.16666666666666666,17.265712674242575,0.5789473684210527
Connor Barth,2012,4.0,1.0250854700854701,0.9720211528389946,3.464,1.0,1.0,0.9166666666666666,1.6344322344322346,2.0,0.0,3.1132075471698113,-0.16666666666666666,18.95874640452651,0.9166666666666666
Connor Barth,2013,2.6666666666666665,0.7056410256410256,0.6418324735937116,2.3693333333333335,0.6666666666666666,0.6666666666666666,0.5833333333333334,1.2344322344322345,1.5,0.0,2.1132075471698113,-0.16666666666666666,12.981113280836782,0.22857142857142856
Connor Barth,2014,2.6666666666666665,0.5512820512820512,0.528935532233883,2.3813333333333335,0.6666666666666666,0.6666666666666666,0.5833333333333334,1.1153846153846156,1.0,0.0,2.0188679245283017,0.0,12.179136790095518,0.19444444444444445
Connor Barth,2015,2.616,0.498974358974359,0.46253724989357176,2.345333333333333,0.6666666666666666,0.6666666666666666,0.6666666666666666,0.8333333333333334,0.8333333333333334,0.0,1.9248777078965758,0.0,11.514389316764507,0.28205128205128205
Connor Barth,2016,3.908,0.7211965811965811,0.6986483610046829,3.389333333333333,1.0,0.9583333333333334,0.9583333333333334,1.3333333333333333,1.1666666666666667,0.0,2.924877707896576,-0.16666666666666666,16.892055983431174,0.3055555555555556
Connor Barth,2017,3.908,0.6699145299145299,0.6791397666779929,3.0559999999999996,1.0,0.9583333333333334,0.8543333333333333,1.2037037037037037,1.1666666666666667,0.0,2.9814814814814814,-0.16666666666666666,16.310906148444374,0.4090909090909091
Craig Hentrich,1995,1.3333333333333333,0.041666666666666664,0.04281345565749233,0.7999999999999999,0.3333333333333333,0.3333333333333333,0.2222222222222222,0.3333333333333333,0.0,0.0,0.9607843137254902,-0.16666666666666666,4.234153324938538,0.05555555555555555
Craig Hentrich,1996,1.3333333333333333,0.041666666666666664,0.04281345565749233,0.7999999999999999,0.3333333333333333,0.3333333333333333,0.2222222222222222,0.3333333333333333,0.0,0.0,0.9607843137254902,-0.16666666666666666,4.234153324938538,0.0
Craig Hentrich,1997,1.3333333333333333,0.041666666666666664,0.04281345565749233,0.7999999999999999,0.3333333333333333,0.3333333333333333,0.2222222222222222,0.3333333333333333,0.0,0.0,0.9607843137254902,-0.16666666666666666,4.234153324938538,0.05714285714285714
Craig Hentrich,1998,0.0,0.0,0.0,0.0,0.3333333333333333,0.3333333333333333,0.0,0.0,0.0,0.0,0.0,0.0,0.6666666666666666,0.02702702702702703
Craig Hentrich,1999,0.0,0.0,0.0,0.0,0.3333333333333333,0.3333333333333333,0.0,0.0,0.0,0.0,0.0,0.0,0.6666666666666666,0.0
Craig Hentrich,2000,0.0,0.0,0.0,0.0,0.6666666666666666,0.6666666666666666,0.0,0.0,0.0,0.0,0.0,0.0,1.3333333333333333,0.0
Craig Hentrich,2001,0.0,0.0,0.0,0.0,0.3333333333333333,0.3333333333333333,0.0,0.0,0.0,0.0,0.0,0.0,0.6666666666666666,0.024390243902439025
Craig Hentrich,2002,0.0,0.0,0.0,0.0,0.3333333333333333,0.3333333333333333,0.0,0.0,0.0,0.0,0.0,0.0,0.6666666666666666,0.044444444444444446
Craig Hentrich,2003,1.3333333333333333,0.0606060606060606,0.042483660130718935,1.0666666666666667,0.3333333333333333,0.3333333333333333,0.3333333333333333,0.6666666666666666,0.0,0.0,0.9607843137254902,0.0,5.130540701128936,0.11904761904761904
Craig Hentrich,2004,1.3333333333333333,0.07575757575757573,0.05248366013071893,1.5106666666666666,0.6666666666666666,0.6666666666666666,0.4443333333333333,0.8886666666666666,0.0,0.0,1.9411764705882355,0.0,7.579751039809864,0.19047619047619047
Dan Bailey,2011,1.3333333333333333,0.4266666666666667,0.38135593220338987,1.1533333333333333,0.3333333333333333,0.2962962962962963,0.3333333333333333,0.5555555555555556,0.6666666666666666,0.0,0.9622641509433962,-0.8333333333333334,5.608805268331971,0.07894736842105263
Dan Bailey,2012,2.6666666666666665,0.7984615384615384,0.7407762220584623,2.4,0.6666666666666666,0.6296296296296297,0.6666666666666666,1.2222222222222223,1.6666666666666667,0.0,1.9245283018867925,-1.0,12.38228458092531,0.2222222222222222
Dan Bailey,2013,4.0,1.1574358974358976,1.1108327192336036,3.644,1.0,0.9629629629629629,0.9629629629629629,1.888888888888889,2.466666666666667,0.0,2.9060097833682743,-1.0,19.099759881519258,0.9142857142857143
Dan Bailey,2014,4.0,1.0512820512820513,1.1059135686394093,3.64,1.0,1.0,0.9153439153439153,1.9259259259259258,2.5,0.0,3.0003494060097835,-0.3333333333333333,19.805481533867752,0.9444444444444444
Dan Bailey,2015,4.0,1.0794871794871794,1.101431550389275,3.6439999999999997,1.0,1.0,0.9153439153439153,1.8306878306878307,1.5,0.0,3.038085255066387,-0.16666666666666666,18.942369064307922,0.8717948717948718
Dan Bailey,2016,4.0,1.0538461538461539,1.0841528309919115,3.5253333333333337,1.0,1.0,0.9523809523809524,1.6825396825396826,1.7,0.0,3.093640810621943,-0.16666666666666666,18.92522709704731,0.8611111111111112
Dan Bailey,2017,3.9053333333333335,0.9256410256410256,0.9248414316457129,3.376,1.0,0.9166666666666666,0.9333333333333332,1.6232804232804234,1.3333333333333333,0.0,3.074074074074074,-0.16666666666666666,17.845836954641236,0.6590909090909091
Dan Bailey,2018,3.862666666666667,0.8299888517279822,0.849182439320054,3.1253333333333333,1.0,0.8611111111111112,0.9333333333333332,1.348148148148148,2.1333333333333333,0.0,3.0370370370370368,-0.16666666666666666,17.81346758734433,0.6428571428571429
Dan Bailey,2019,3.7413333333333334,0.8879598662207359,0.8805316456692603,3.2413333333333334,1.0,0.8611111111111112,0.9333333333333332,1.3058201058201058,1.8,0.0,2.9259259259259256,-0.16666666666666666,17.410681988080473,0.5238095238095238
Dan Bailey,2020,3.6493333333333333,0.8956521739130435,0.9096525096525098,3.1506666666666665,1.0,0.9444444444444445,0.9166666666666666,1.1534391534391533,1.866666666666667,0.0,2.8525252525252527,-0.0,17.339046867307736,0.6326530612244898
Dan Carpenter,2008,1.3333333333333333,0.25925925925925924,0.288515406162465,1.1199999999999999,0.3333333333333333,0.3333333333333333,0.3333333333333333,0.4615384615384615,0.5,0.0,0.9433962264150942,0.0,5.906042686708613,0.17073170731707318
Dan Carpenter,2009,2.632,0.6064814814814815,0.6618487394957984,2.3106666666666666,0.6666666666666666,0.6666666666666666,0.625,1.054131054131054,1.3333333333333333,0.3333333333333333,1.9433962264150944,0.0,12.833524168190095,0.3023255813953488
Dan Carpenter,2010,3.9653333333333336,1.0231481481481481,1.0234839596215846,3.2866666666666666,1.0,1.0,0.9583333333333334,1.4615384615384617,1.3333333333333333,0.3333333333333333,3.075471698113207,-0.16666666666666666,18.293975600754735,0.7954545454545454
Dan Carpenter,2011,3.9653333333333336,1.1505555555555558,1.0541775930071422,3.304,1.0,0.9696969696969697,0.9107142857142857,1.611111111111111,1.5,0.3333333333333333,3.226415094339623,-0.16666666666666666,18.85867060942469,0.9210526315789473
Dan Carpenter,2012,4.0,1.0853846153846154,0.9475109263404754,3.1999999999999997,1.0,0.9696969696969697,0.9523809523809524,1.551851851851852,1.1666666666666667,0.0,3.226415094339623,-0.16666666666666666,17.933240409994486,0.6944444444444444
Dan Carpenter,2013,4.0,1.0917948717948718,0.9559322033898305,3.4466666666666668,1.0,0.9696969696969697,0.9523809523809524,1.7505050505050506,1.7666666666666666,0.0,3.1128581411600273,-0.16666666666666666,18.879834855594368,0.7428571428571429
Dan Carpenter,2014,3.9586666666666663,1.141025641025641,1.0189070718877848,3.5026666666666664,1.0,1.0,0.9743589743589745,1.7227272727272727,1.9000000000000001,0.0,3.1128581411600282,-0.5,18.831210434493034,0.7777777777777778
Dan Carpenter,2015,3.7586666666666666,1.1656410256410257,1.0701416397890195,3.5519999999999996,1.0,1.0,0.9373219373219374,1.7727272727272727,2.0,0.0,3.0758211041229906,-0.5,18.832319646268914,0.8461538461538461
Dan Carpenter,2016,3.6106666666666665,0.9771320037986705,0.9695295870583226,3.3426666666666667,1.0,1.0,0.9373219373219374,1.462962962962963,1.8,0.6666666666666666,3.057302585604472,-0.5,18.32424907674637,0.7222222222222222
Dave Green,1975,1.1853333333333333,0.25641025641025644,0.29535864978902954,0.6346666666666666,0.3333333333333333,0.20833333333333334,0.047619047619047596,0.39999999999999997,0.0,0.0,1.0,-0.6666666666666666,3.6943879538183335,0.043478260869565216
Dave Green,1976,2.2333333333333334,0.4341880341880342,0.45301630744668714,1.3453333333333333,0.6666666666666666,0.4305555555555555,0.21428571428571427,0.6666666666666666,0.0,0.0,1.9375,-1.1666666666666667,7.214878944809326,0.2962962962962963
Dave Green,1977,3.344,0.5367521367521367,0.545912482310075,2.106666666666667,1.0,0.7638888888888888,0.21428571428571427,1.0,0.0,0.0,2.788563829787234,-1.5,10.800069718690715,0.41935483870967744
Dave Green,1978,2.1586666666666665,0.3041514041514041,0.2640673460345591,2.8053333333333335,1.0,0.8888888888888888,0.5,1.2666666666666666,0.0,0.0,2.533244680851064,-1.1666666666666667,10.554352319925915,0.40625
Dave Jacobs,1979,1.212,0.1282051282051282,0.10822510822510822,0.7413333333333334,0.3333333333333333,0.25,0.16666666666666666,0.2222222222222222,0.0,0.0,0.8936170212765958,0.0,4.055602813262387,0.08108108108108109
Dave Jacobs,1980,1.212,0.1282051282051282,0.10822510822510822,0.7413333333333334,0.3333333333333333,0.25,0.16666666666666666,0.2222222222222222,0.0,0.0,0.8936170212765958,0.0,4.055602813262387,0.058823529411764705
Dave Jacobs,1981,2.4120000000000004,0.1983805668016194,0.18349392542940932,1.1853333333333333,0.6666666666666666,0.47222222222222215,0.27777777777777773,0.2222222222222222,0.0,0.0,1.6079027355623101,-0.16666666666666666,7.059332783348893,0.21212121212121213
Dave Jacobs,1982,1.2,0.0701754385964912,0.07526881720430106,0.444,0.3333333333333333,0.2222222222222222,0.1111111111111111,0.0,0.0,0.0,0.7142857142857143,-0.16666666666666666,3.0037299700865066,0.02631578947368421
Dave Jacobs,1983,1.2,0.0701754385964912,0.07526881720430106,0.444,0.3333333333333333,0.2222222222222222,0.1111111111111111,0.0,0.0,0.0,0.7142857142857143,-0.16666666666666666,3.0037299700865066,0.08571428571428572
Dave Jacobs,1984,0.0,0.0,0.0,0.0,0.0,0.0,0.0,0.0,0.0,0.0,0.0,0.0,0.0,0.02857142857142857
Dave Jacobs,1985,0.0,0.0,0.0,0.0,0.0,0.0,0.0,0.0,0.0,0.0,0.0,0.0,0.0,0.02564102564102564
Dave Jacobs,1986,0.0,0.0,0.0,0.0,0.0,0.0,0.0,0.0,0.0,0.0,0.0,0.0,0.0,0.02564102564102564
Dave Jacobs,1987,0.6666666666666666,0.0588235294117647,0.04417670682730923,0.7999999999999999,0.3333333333333333,0.3333333333333333,0.0,0.4444444444444444,0.0,0.0,0.88,0.0,3.560778014016852,0.16666666666666666
Dave Rayner,2005,0.0,0.0,0.0,0.0,0.3333333333333333,0.3333333333333333,0.0,0.0,0.0,0.0,0.0,0.0,0.6666666666666666,0.022222222222222223
Dave Rayner,2006,1.292,0.3611111111111111,0.3395638629283489,0.9906666666666667,0.6666666666666666,0.6388888888888888,0.2222222222222222,0.48484848484848486,0.0,0.0,1.0384615384615383,0.0,6.034429441793928,0.05263157894736842
Dave Rayner,2007,2.6253333333333333,0.5694444444444444,0.5136051608634521,1.9000000000000001,1.0,0.9722222222222222,0.45555555555555555,0.9015151515151515,0.20000000000000004,0.0,1.9807692307692306,-0.16666666666666666,10.951778432036724,0.25
Dave Rayner,2008,3.9586666666666663,0.58179012345679,0.5304118835525278,3.233333333333333,1.0,0.9722222222222222,0.7888888888888889,1.5681818181818183,0.7000000000000001,0.0,2.47133526850508,-0.16666666666666666,15.63816353814066,0.34146341463414637
Dave Rayner,2009,2.6666666666666665,0.220679012345679,0.19084802062417885,2.2426666666666666,0.6666666666666666,0.6666666666666666,0.5666666666666667,1.0833333333333333,0.7000000000000001,0.0,1.4328737300435412,-0.16666666666666666,10.270400763013399,0.23255813953488372
Dave Rayner,2010,2.6666666666666665,0.1929012345679012,0.1897626975318429,2.416,0.6666666666666666,0.6666666666666666,0.6666666666666666,1.0833333333333333,1.25,0.0,1.5283018867924527,0.0,11.326965818892198,0.22727272727272727
Dave Rayner,2011,2.6666666666666665,0.3138888888888889,0.29442490139643956,1.9720000000000002,0.6666666666666666,0.6111111111111112,0.5833333333333334,0.4166666666666667,1.25,0.0,2.0943396226415096,0.0,10.869097857371282,0.15789473684210525
David Akers,1998,1.3333333333333333,0.0,0.006734006734006734,0.0,0.3333333333333333,0.3333333333333333,0.0,0.0,0.0,0.0,0.0,0.0,2.0067340067340065,0.08108108108108109
David Akers,1999,2.6666666666666665,0.041666666666666664,0.04132520170256016,0.6666666666666666,0.6666666666666666,0.6666666666666666,0.16666666666666666,0.4444444444444444,0.3333333333333333,0.0,1.03921568627451,0.0,6.733318665754847,0.20512820512820512
David Akers,2000,3.925333333333333,0.4444444444444444,0.4254521858295443,1.8386666666666667,1.0,1.0,0.4777777777777777,0.9111111111111111,1.0476190476190477,0.0,2.03921568627451,-0.16666666666666666,12.94295358638977,0.40476190476190477
David Akers,2001,3.8906666666666667,0.821256038647343,0.7982561328909169,2.957333333333333,1.0,1.0,0.7694444444444444,1.3777777777777775,1.7976190476190474,0.0,3.0196078431372553,-0.5,16.931961284516785,0.5853658536585366
David Akers,2002,3.8906666666666667,1.2143719806763285,1.1940856498964738,3.466666666666667,1.0,1.0,0.8944444444444444,1.5047619047619047,2.2976190476190474,0.0,2.980392156862745,-0.8333333333333334,18.609675184260944,0.9555555555555556
David Akers,2003,3.9653333333333336,1.175230566534914,1.1825076853773326,3.3986666666666667,1.0,1.0,0.9166666666666666,1.438095238095238,2.3333333333333335,0.0,3.0980392156862746,-1.0,18.507872705693757,0.9285714285714286
David Akers,2004,3.968,1.2075098814229248,1.2096363982486198,3.405333333333333,1.0,1.0,0.9107142857142857,1.5269841269841269,2.5833333333333335,0.0,3.1176470588235294,-0.6666666666666666,19.262491751193487,0.9761904761904762
David Akers,2005,3.968,0.9949494949494949,1.002486126526082,3.1986666666666665,1.0,1.0,0.9107142857142857,1.325925925925926,2.75,0.0,3.079185520361991,-0.3333333333333333,18.896594686811113,0.9777777777777777
David Akers,2006,3.968,0.8813131313131312,0.9476941162640333,3.138666666666667,1.0,0.9666666666666667,0.7773809523809524,1.4259259259259258,3.0,0.0,2.8653846153846154,-0.0,18.971032074601993,1.0
David Akers,2007,4.0,0.8055555555555555,0.8596115203938268,3.013333333333333,1.0,0.9666666666666667,0.8250000000000001,0.9814814814814815,2.0,0.0,2.8846153846153846,-0.0,17.336263942046248,0.6
David Akers,2008,4.0,0.9907407407407408,1.0397024246800697,3.144,1.0,0.9666666666666667,0.8111111111111112,1.1444444444444446,1.0,0.0,2.885341074020319,-0.3333333333333333,16.648673128330017,0.43902439024390244
David Akers,2009,3.941333333333333,1.1851851851851851,1.1852787486676086,3.2533333333333334,1.0,1.0,0.9074074074074074,1.2085470085470085,0.75,0.0,2.9814949201741654,-0.3333333333333333,17.079246603314704,0.5348837209302325
David Akers,2010,3.941333333333333,1.2962962962962963,1.3163802124623434,3.376,1.0,1.0,0.851851851851852,1.642890442890443,1.5,0.0,2.9056603773584904,-0.6666666666666666,18.16374584752609,0.75
David Akers,2011,3.941333333333333,1.4755555555555555,1.3819454215968445,3.404,1.0,1.0,0.8835978835978836,1.4731934731934733,2.277777777777778,0.0,2.9811320754716983,-0.8333333333333334,18.985202187193234,0.9736842105263158
David Akers,2012,4.0,1.402905982905983,1.2983222331910476,3.170666666666667,1.0,0.9629629629629629,0.8693528693528694,1.268065268065268,2.1277777777777778,0.0,3.1698113207547167,-0.8333333333333334,18.43653174834396,0.8055555555555556
David Akers,2013,3.969333333333333,1.202051282051282,1.128297715549005,3.1039999999999996,1.0,0.9629629629629629,0.8415750915750916,1.1035631035631035,1.8063492063492064,0.0,3.207896575821104,-0.5,17.826029271205087,0.4857142857142857
David Ray,1970,1.3333333333333333,0.5087719298245614,0.4583333333333333,0.8586666666666667,0.31782086308186414,0.2619047619047619,0.1515151515151515,0.2222222222222222,0.0,0.0,0.9387755102040817,-0.3333333333333333,4.718010438752643,0.8461538461538461
David Ray,1971,2.6666666666666665,0.8617131062951496,0.811046511627907,1.6866666666666668,0.626427563006048,0.5119047619047619,0.3737373737373737,0.48888888888888893,0.0,0.0,1.9387755102040816,-0.6666666666666666,9.299160382330877,0.7777777777777778
David Ray,1972,4.0,1.2617131062951497,1.172450020399837,2.466666666666667,0.9350342629302317,0.75,0.6464646464646465,0.6940170940170941,0.0,0.0,2.8571428571428577,-1.1666666666666667,13.616821987249814,0.7777777777777778
David Ray,1973,3.936,1.2291316526610645,1.175109594867922,2.4586666666666663,0.9334411658652056,0.7473544973544973,0.6824494949494949,0.7748251748251748,0.0,0.0,2.918367346938776,-1.1666666666666667,13.688678927462133,0.7727272727272727
David Ray,1974,3.6773333333333333,1.148917748917749,1.08110288423504,2.3800000000000003,0.958167799274355,0.7751322751322752,0.5935606060606061,0.6748251748251747,0.0,0.0,2.918367346938776,-1.1666666666666667,13.04074050205064,0.6666666666666666
David Treadwell,1989,1.3,0.4285714285714286,0.42105263157894735,1.0906666666666667,0.3333333333333333,0.30952380952380953,0.3333333333333333,0.28571428571428564,0.0,0.0,0.9199999999999999,-0.16666666666666666,5.255528822055138,0.1111111111111111
David Treadwell,1990,2.558666666666667,0.8452380952380952,0.8159801678108313,2.0706666666666664,0.6666666666666666,0.6190476190476191,0.5555555555555555,0.6959706959706958,0.0,0.0,1.8999999999999997,-0.3333333333333333,10.394458800289463,0.1875
David Treadwell,1991,3.8506666666666667,1.2738095238095237,1.2048690566997202,3.0706666666666664,1.0,0.9523809523809524,0.8055555555555555,0.9181929181929182,0.0,0.0,2.8038461538461537,-0.8333333333333334,15.046654160484826,0.3333333333333333
David Treadwell,1992,3.884,1.1961152882205515,1.0992286115007015,3.090666666666667,1.0,0.9428571428571427,0.7222222222222222,1.165811965811966,0.0,0.0,2.7684615384615383,-0.6666666666666666,15.202696769074123,0.3125
David Treadwell,1993,3.9133333333333336,1.112781954887218,1.0312852022529442,3.185333333333334,1.0,0.9388888888888888,0.7333333333333334,1.2,0.0,0.0,2.656386066763425,-0.8333333333333334,14.938008779459144,0.3
David Treadwell,1994,3.8973333333333335,0.850877192982456,0.8294711432960281,3.048,1.0,0.9388888888888888,0.6738095238095237,1.1444444444444446,0.0,0.0,2.572539912917271,-0.3333333333333333,14.622031106338612,0.42424242424242425
David Trout,1981,1.1013333333333333,0.21052631578947367,0.26523297491039427,0.9413333333333332,0.3333333333333333,0.2777777777777778,0.16666666666666666,0.39999999999999997,0.0,0.0,0.979591836734694,0.0,4.675795571879006,0.12121212121212122
David Trout,1982,1.1013333333333333,0.21052631578947367,0.26523297491039427,0.9413333333333332,0.3333333333333333,0.2777777777777778,0.16666666666666666,0.39999999999999997,0.0,0.0,0.979591836734694,0.0,4.675795571879006,0.15789473684210525
David Trout,1983,1.1013333333333333,0.21052631578947367,0.26523297491039427,0.9413333333333332,0.3333333333333333,0.2777777777777778,0.16666666666666666,0.39999999999999997,0.0,0.0,0.979591836734694,0.0,4.675795571879006,0.14285714285714285
David Trout,1984,0.0,0.0,0.0,0.0,0.0,0.0,0.0,0.0,0.0,0.0,0.0,0.0,0.0,0.02857142857142857
David Trout,1985,0.0,0.0,0.0,0.0,0.0,0.0,0.0,0.0,0.0,0.0,0.0,0.0,0.0,0.02564102564102564
David Trout,1986,0.0,0.0,0.0,0.0,0.0,0.0,0.0,0.0,0.0,0.0,0.0,0.0,0.0,0.02564102564102564
David Trout,1987,1.3333333333333333,0.0,0.0401606425702811,0.0,0.3333333333333333,0.0,0.0,0.0,0.0,0.0,0.0,0.0,1.7068273092369477,0.0
Dean Biasucci,1984,1.2386666666666668,0.049999999999999996,0.07333333333333333,0.7999999999999999,0.3333333333333333,0.3333333333333333,0.19999999999999998,0.6666666666666666,0.3333333333333333,0.0,0.9615384615384616,0.0,4.990205128205128,0.11428571428571428
Dean Biasucci,1985,1.2386666666666668,0.049999999999999996,0.07333333333333333,0.7999999999999999,0.3333333333333333,0.3333333333333333,0.19999999999999998,0.6666666666666666,0.3333333333333333,0.0,0.9615384615384616,0.0,4.990205128205128,0.1794871794871795
Dean Biasucci,1986,2.5226666666666664,0.2780701754385965,0.3038297872340426,1.4933333333333334,0.6666666666666666,0.6666666666666666,0.3333333333333333,1.0833333333333333,0.5833333333333334,0.0,1.9811463046757165,-0.16666666666666666,9.745712934015023,0.3076923076923077
Dean Biasucci,1987,2.6173333333333333,0.6986584107327142,0.6160386225754081,1.8786666666666667,0.6666666666666666,0.6111111111111112,0.4666666666666666,0.9880952380952381,0.75,0.0,2.019607843137255,-0.6666666666666666,10.646177892318393,0.5833333333333334
Dean Biasucci,1988,3.9173333333333336,1.1153250773993808,1.0077911998949955,2.92,1.0,0.9444444444444445,0.7444444444444445,1.3880952380952383,1.5,0.0,3.079607843137255,-0.8333333333333334,16.78370824741576,0.8461538461538461
Dean Biasucci,1989,3.925333333333333,1.2205882352941178,1.1071193073977952,3.2640000000000007,1.0,0.9444444444444445,0.9111111111111111,1.3714285714285712,1.5,0.0,3.16,-0.6666666666666666,17.737358336342705,0.9444444444444444
Dean Biasucci,1990,3.8853333333333335,1.0333333333333334,1.022301776404256,3.0226666666666664,1.0,0.9444444444444445,0.8694444444444445,1.1333333333333335,1.4000000000000001,0.0,3.2600000000000002,-0.16666666666666666,17.404190665293143,0.96875
Dean Biasucci,1991,3.9186666666666667,0.8547619047619047,0.8354103101957794,2.750666666666666,1.0,0.9444444444444445,0.8416666666666667,0.9897435897435898,0.9833333333333334,0.0,3.238461538461539,-0.0,16.35715512094059,0.6666666666666666
Dean Biasucci,1992,3.9599999999999995,0.8021303258145364,0.7636502649213028,2.449333333333333,1.0,0.9444444444444445,0.7234848484848485,0.923076923076923,1.0666666666666667,0.0,3.1384615384615384,-0.5,15.271248345203594,0.34375
Dean Biasucci,1993,3.917333333333333,0.8654636591478697,0.7581637224782386,2.624,1.0,1.0,0.7234848484848485,0.923076923076923,1.1666666666666667,0.0,3.0384615384615383,-0.8333333333333334,15.183317358316083,0.36666666666666664
Dean Biasucci,1994,3.917333333333333,0.8697926634768741,0.8424182576256308,2.7439999999999998,1.0,1.0,0.6163419913419913,1.037037037037037,1.8333333333333333,0.0,3.0,-1.1666666666666667,15.693589949481535,0.45454545454545453
Dean Biasucci,1995,3.8226666666666667,0.7140909090909092,0.7066779005180054,3.0080000000000005,1.0,1.0,0.6845238095238094,1.3703703703703702,1.8333333333333333,0.0,3.0,-0.6666666666666666,16.472996322836426,0.5
Dennis Partee,1971,1.2973333333333332,0.3333333333333333,0.3372093023255814,0.7813333333333333,0.3333333333333333,0.3333333333333333,0.1111111111111111,0.2222222222222222,0.3333333333333333,0.0,1.020408163265306,-0.16666666666666666,4.936284132257554,0.5
Dennis Partee,1972,2.536,0.5833333333333334,0.5863321093431253,1.5813333333333333,0.6666666666666666,0.6666666666666666,0.2222222222222222,0.5555555555555555,0.6666666666666666,0.0,2.061224489795918,-0.3333333333333333,9.792667710250155,0.5555555555555556
Dennis Partee,1973,3.8693333333333335,0.5992063492063492,0.6182470029601466,2.2479999999999998,1.0,0.6666666666666666,0.38888888888888884,0.8888888888888888,0.6666666666666666,0.0,2.3528911564625847,-0.5,12.798788953073526,0.6363636363636364
Dennis Partee,1974,3.8106666666666666,0.29617604617604615,0.4253163075997392,1.7333333333333332,1.0,0.5,0.27777777777777773,0.6666666666666666,0.3333333333333333,0.0,1.8107438627624965,-0.6666666666666666,10.187347327649393,0.5833333333333334
Donald Igwebuike,1985,1.2506666666666666,0.3333333333333333,0.31683168316831684,0.9173333333333332,0.3333333333333333,0.3333333333333333,0.26666666666666666,0.3333333333333333,0.5,0.0,1.03921568627451,-0.5,5.124047369442827,0.20512820512820512
Donald Igwebuike,1986,2.5346666666666664,0.6315789473684211,0.5898813285583877,1.8613333333333333,0.6666666666666666,0.6666666666666666,0.5583333333333333,0.6666666666666666,0.9,0.0,2.1176470588235294,-0.8333333333333334,10.360107334750339,0.358974358974359
Donald Igwebuike,1987,3.765333333333333,0.9060887512899897,0.8549415695222432,2.8986666666666667,1.0,1.0,0.8916666666666666,1.111111111111111,0.9,0.0,3.07764705882353,-1.0,15.40545515741354,0.7333333333333333
Donald Igwebuike,1988,3.8480000000000003,0.8894220846233231,0.8061511234673283,2.994666666666667,1.0,1.0,0.9166666666666666,1.111111111111111,0.9,0.0,3.0984313725490202,-0.5,16.064449025084112,0.7692307692307693
Donald Igwebuike,1989,3.8213333333333335,0.9403828197945844,0.880469899129889,3.0986666666666665,1.0,1.0,0.9583333333333334,1.111111111111111,1.1666666666666667,0.0,3.08,-0.3333333333333333,16.72363049670225,0.8333333333333334
Donald Igwebuike,1990,3.924,0.8992063492063492,0.8364241509196567,3.228,1.0,1.0,0.9583333333333334,1.0666666666666667,1.1666666666666667,0.0,3.08,-0.16666666666666666,16.992630500126005,0.90625
Doug Brien,1994,1.2906666666666666,0.22727272727272727,0.35714285714285715,1.0,0.3333333333333333,0.3333333333333333,0.2777777777777778,0.4166666666666667,0.0,0.0,0.96,0.0,5.1961933621933625,0.09090909090909091
Doug Brien,1995,2.624,0.49116161616161613,0.6384884228920926,1.8733333333333333,0.6666666666666666,0.6666666666666666,0.4682539682539682,0.75,0.5,0.0,1.96,-0.3333333333333333,10.305237340641012,0.2222222222222222
Doug Brien,1996,3.957333333333333,0.7828282828282828,0.8884884228920926,2.9933333333333336,1.0,1.0,0.7682539682539683,1.2261904761904763,1.25,0.0,3.0400000000000005,-0.3333333333333333,16.573094483498156,0.5454545454545454
Doug Brien,1997,4.0,0.875,0.8148346623224443,3.1293333333333333,1.0,1.0,0.8238095238095239,1.253968253968254,2.0500000000000003,0.0,3.0992307692307697,-0.5,17.546176542664327,0.7714285714285715
Doug Brien,1998,4.0,0.9141414141414143,0.8398864029705151,3.468,1.0,1.0,0.9666666666666667,1.5873015873015872,2.216666666666667,0.0,3.1761538461538463,-0.16666666666666666,19.002149917234032,0.972972972972973
Doug Brien,1999,3.936,0.9558080808080809,0.8791945790711441,3.452,1.0,0.9393939393939394,0.9523809523809524,1.6296296296296295,2.466666666666667,0.0,3.115761689291101,-0.16666666666666666,19.16016887057485,0.9743589743589743
Doug Brien,2000,3.936,0.9558080808080809,0.9322134190058718,3.3733333333333335,1.0,0.9393939393939394,0.8857142857142857,1.7185185185185186,2.6666666666666665,0.0,3.037707390648567,-0.3333333333333333,19.112022300755932,1.0
Doug Brien,2001,3.936,0.7252415458937197,0.6819217231696215,3.272,1.0,0.9393939393939394,0.8857142857142857,1.4962962962962962,2.0,0.0,2.7843137254901955,-0.3333333333333333,17.387548182624727,0.7317073170731707
Doug Brien,2002,3.6186666666666665,0.46437198067632846,0.45733846616284374,3.2786666666666666,1.0,1.0,0.9333333333333332,1.3111111111111111,1.0,0.0,2.588235294117647,-0.3333333333333333,15.318390185401265,0.4666666666666667
Doug Brien,2003,3.6186666666666665,0.5540184453227931,0.46396778455686793,3.3466666666666662,1.0,1.0,1.0,1.361111111111111,1.0,0.0,2.588235294117647,-0.0,15.932665968441752,0.5
Doug Brien,2004,3.58,0.8451910408432148,0.7578621739958118,3.34,1.0,0.9666666666666667,0.8888888888888888,1.5227272727272727,2.0,0.0,2.8039215686274512,-0.0,17.705257611749307,0.7857142857142857
Doug Brien,2005,3.9613333333333336,0.7866161616161614,0.7245837957824639,2.5626666666666664,1.0,0.9666666666666667,0.5555555555555555,1.5227272727272727,2.0,0.0,2.9034690799396685,-0.0,16.98361853228779,0.6222222222222222
Doug Pelfrey,1993,1.0826666666666667,0.32,0.2698412698412698,1.032,0.3333333333333333,0.3333333333333333,0.19999999999999998,0.5333333333333333,0.6666666666666666,0.0,1.0,-0.16666666666666666,5.604507936507936,0.03333333333333333
Doug Pelfrey,1994,2.3626666666666667,0.7442424242424241,0.63718820861678,2.1626666666666665,0.6666666666666666,0.6666666666666666,0.4666666666666666,1.1333333333333335,1.1666666666666667,0.0,2.08,-0.16666666666666666,11.920097299525871,0.30303030303030304
Doug Pelfrey,1995,3.696,1.147020202020202,1.0072187896565354,3.2373333333333334,1.0,0.9629629629629629,0.7696969696969697,1.6095238095238098,1.6666666666666667,0.0,3.08,-0.6666666666666666,17.509756067193813,0.7777777777777778
Doug Pelfrey,1996,3.9466666666666668,1.1464646464646464,1.0768836926547716,3.3000000000000003,1.0,0.9629629629629629,0.8727272727272727,1.4465608465608464,1.0,0.0,3.06,-0.5,17.312266088037166,0.696969696969697
Doug Pelfrey,1997,3.937333333333333,0.888888888888889,0.9494121432873612,3.169333333333333,1.0,0.9629629629629629,0.9393939393939394,1.3227513227513228,0.5,0.0,2.864615384615385,-0.8333333333333334,15.701357975233194,0.4
Doug Pelfrey,1998,3.937333333333333,0.7739898989898991,0.8420078248738685,3.033333333333333,1.0,1.0,0.9220779220779222,1.2465608465608466,0.4000000000000001,0.0,2.8453846153846154,-0.3333333333333333,15.667354441220484,0.43243243243243246
Doug Pelfrey,1999,3.937333333333333,0.7045454545454546,0.7572186331664378,2.828,1.0,0.9393939393939394,0.8134920634920636,0.8761904761904762,1.4000000000000001,0.0,2.8457767722473606,-0.5,15.601950672369066,0.38461538461538464
Eddie Murray,1980,1.296,0.5625,0.46586345381526106,0.8573333333333334,0.0,0.3333333333333333,0.25641025641025644,0.31111111111111106,0.25,0.0,1.0833333333333333,-0.16666666666666666,5.249218154669962,0.14705882352941177
Eddie Murray,1981,2.6293333333333333,1.0010964912280702,0.8995552100876626,1.8093333333333332,0.3333333333333333,0.6666666666666666,0.47069597069597074,0.7353535353535353,1.0,0.0,2.164965986394558,-0.16666666666666666,11.543667193759797,0.3333333333333333
Eddie Murray,1982,3.962666666666667,1.3677631578947367,1.2198166479961594,3.032,0.6666666666666666,1.0,0.804029304029304,1.2353535353535352,1.0,0.0,3.1857993197278915,-0.16666666666666666,17.30742863166829,0.9736842105263158
Eddie Murray,1983,4.0,1.2682261208577,1.1344245746522787,3.2159999999999997,1.0,1.0,0.8365079365079365,1.2099567099567097,1.5,0.0,3.1612895158063226,-0.0,18.326404857780947,1.0
Eddie Murray,1984,4.0,1.162962962962963,1.0040661517132106,3.2520000000000002,1.0,0.8333333333333334,0.8603174603174604,1.4010989010989012,1.0,0.0,3.079656862745098,-0.16666666666666666,17.4267690055043,0.9142857142857143
Eddie Murray,1985,3.9186666666666667,1.1902356902356903,1.0435406874020736,3.148,1.0,0.7083333333333334,0.8603174603174604,1.4725274725274726,1.6666666666666667,0.0,3.0588235294117645,-0.16666666666666666,17.900444839894462,0.9487179487179487
Eddie Murray,1986,3.877333333333333,1.043062200956938,0.9644877466470052,3.0666666666666664,1.0,0.5416666666666666,0.8630952380952381,1.686813186813187,1.3166666666666667,0.0,3.019607843137255,-0.3333333333333333,17.04606621564962,0.8717948717948718
Eddie Murray,1987,3.877333333333333,1.1018857303687026,0.986455618132949,2.9120000000000004,1.0,0.7083333333333334,0.8194444444444445,1.3744588744588746,1.5666666666666667,0.0,3.079607843137255,-0.16666666666666666,17.25951917720889,0.9333333333333333
Eddie Murray,1988,3.901333333333333,1.041279669762642,0.9085065861163452,3.0626666666666664,1.0,0.8333333333333334,0.8194444444444445,1.4696969696969697,0.9,0.0,3.039607843137255,-0.16666666666666666,16.80920217982432,0.8717948717948718
Eddie Murray,1989,3.9426666666666663,1.042950513538749,0.943930251663191,3.372,1.0,1.0,0.8240740740740741,1.6363636363636365,1.5,0.0,3.02,-0.0,18.281985142306315,0.9722222222222222
Eddie Murray,1990,3.9426666666666663,0.8674603174603175,0.8831218004671023,3.4506666666666668,1.0,1.0,0.8518518518518517,1.7333333333333334,1.0,0.0,2.9,-0.3333333333333333,17.2957673031126,0.9375
Eddie Murray,1991,4.0,0.8357142857142857,0.9381404144419019,3.0866666666666664,1.0,0.9166666666666666,0.7851851851851852,1.437037037037037,1.5,0.0,2.901538461538461,-0.5,16.900948717250206,0.7878787878787878
Eddie Murray,1992,4.0,0.6059732664995824,0.7016567321178121,2.558666666666667,1.0,0.9166666666666666,0.6555555555555556,1.1037037037037036,1.5,0.0,2.9015384615384616,-0.5,15.44376105274845,0.40625
Eddie Murray,1993,4.0,0.7626399331662489,0.8244655657962111,2.7773333333333334,1.0,0.9166666666666666,0.6833333333333332,1.3703703703703702,2.1,0.0,2.94267053701016,-0.16666666666666666,17.210813073009657,0.7333333333333333
Eddie Murray,1994,4.0,0.7792344497607656,0.8141906224855534,2.9919999999999995,1.0,1.0,0.75,1.222222222222222,1.5999999999999999,0.0,2.821132075471698,-0.16666666666666666,16.812112703273574,0.696969696969697
Eddie Murray,1995,4.0,1.0665151515151516,1.0624560527574944,3.250666666666666,1.0,1.0,0.8397435897435898,1.2525252525252524,1.0999999999999999,0.0,2.840739918608953,-0.16666666666666666,17.24597996515044,0.6388888888888888
Eddie Murray,1996,2.6666666666666665,0.6931818181818182,0.6751544654559072,2.1199999999999997,0.6666666666666666,0.6666666666666666,0.5897435897435898,0.5858585858585857,0.5,0.0,1.8596078431372547,-0.16666666666666666,10.85687963571049,0.24242424242424243
Eddie Murray,1997,2.6106666666666665,0.5416666666666666,0.5324244762639687,1.9413333333333334,0.6666666666666666,0.6666666666666666,0.36752136752136755,0.808080808080808,0.5,0.0,1.9619155354449471,-0.16666666666666666,10.430275520644425,0.22857142857142856
Eddie Murray,1998,1.2773333333333332,0.16666666666666666,0.1838006230529595,0.9413333333333332,0.3333333333333333,0.3333333333333333,0.1111111111111111,0.4444444444444444,0.0,0.0,0.9423076923076924,-0.16666666666666666,4.5669972042495415,0.13513513513513514
Eddie Murray,1999,2.6106666666666665,0.2638888888888889,0.2812848997825192,1.9786666666666666,0.6666666666666666,0.6666666666666666,0.3611111111111111,0.7777777777777777,0.0,0.0,1.7266214177978885,-0.16666666666666666,9.166684095358185,0.23076923076923078
Eddie Murray,2000,2.5,0.20833333333333334,0.19589697514225812,1.9266666666666667,0.6666666666666666,0.6666666666666666,0.5,0.6666666666666666,0.0,0.0,1.7058823529411764,0.0,9.036779328083435,0.2857142857142857
Efren Herrera,1974,1.3333333333333333,0.24242424242424243,0.2835820895522388,0.82,0.3333333333333333,0.3333333333333333,0.16666666666666666,0.0,0.0,0.0,0.8478260869565218,0.0,4.360499085599671,0.20833333333333334
Efren Herrera,1975,1.3333333333333333,0.24242424242424243,0.2835820895522388,0.82,0.3333333333333333,0.3333333333333333,0.16666666666666666,0.0,0.0,0.0,0.8478260869565218,0.0,4.360499085599671,0.13043478260869565
Efren Herrera,1976,2.6666666666666665,0.6424242424242425,0.6799784859486353,1.864,0.6666666666666666,0.6666666666666666,0.4166666666666667,0.39999999999999997,0.0,0.0,1.8061594202898552,0.0,9.8092288153294,0.48148148148148145
Efren Herrera,1977,2.6013333333333333,0.8615384615384615,0.9045931177078718,1.8719999999999999,0.6666666666666666,0.5714285714285715,0.4166666666666667,0.7636363636363637,1.0,0.0,2.0647163120567376,-0.16666666666666666,11.555912826368006,0.4838709677419355
Efren Herrera,1978,3.813333333333333,1.1710622710622711,1.2604489735637276,2.6973333333333334,1.0,0.9047619047619048,0.6944444444444445,1.0666666666666667,1.0,0.0,3.0859929078014185,-0.3333333333333333,16.360710501633765,1.0
Efren Herrera,1979,3.7266666666666666,1.2582417582417584,1.296953010067764,2.7546666666666666,1.0,0.8630952380952381,0.7222222222222223,1.238095238095238,1.0,0.0,3.1702127659574466,-0.5,16.530153566013002,0.9459459459459459
Efren Herrera,1980,3.7920000000000003,1.2133699633699635,1.162250264659903,2.7866666666666666,1.0,0.9583333333333334,0.851851851851852,1.1411255411255412,0.20000000000000004,0.0,3.1054964539007095,-0.3333333333333333,15.877760741574635,0.8823529411764706
Efren Herrera,1981,3.8066666666666666,1.1143724696356276,1.0178639428542264,2.9026666666666667,1.0,0.9107142857142857,0.9074074074074074,1.1047619047619046,0.7000000000000001,0.0,3.186260674482559,-0.16666666666666666,16.48404735152268,0.9393939393939394
Efren Herrera,1982,3.782666666666667,0.893859649122807,0.8137216798884341,2.5626666666666664,1.0,0.7857142857142857,0.7962962962962963,0.9142857142857143,0.7000000000000001,0.0,3.1645408163265305,-0.0,15.413751774967402,0.7631578947368421
Eric Schubert,1985,1.284,0.1515151515151515,0.18481848184818483,1.0253333333333334,0.3333333333333333,0.19999999999999998,0.26666666666666666,0.6666666666666666,0.0,0.0,0.8039215686274511,0.0,4.916255201990788,0.15384615384615385
Eric Schubert,1986,2.6173333333333333,0.20414673046251988,0.24864826908222737,1.3893333333333333,0.6666666666666666,0.5333333333333333,0.26666666666666666,0.7999999999999999,0.0,0.0,1.7058823529411766,0.0,8.432010685819257,0.2564102564102564
Eric Schubert,1987,3.9506666666666668,0.2237545735997748,0.2647125261103398,2.056,1.0,0.8666666666666667,0.43333333333333335,0.7999999999999999,0.0,0.0,2.1658823529411766,-0.0,11.761016119317958,0.6166666666666667
Florian Kempf,1982,1.1853333333333333,0.13333333333333333,0.18300653594771243,0.8893333333333334,0.3333333333333333,0.3333333333333333,0.3333333333333333,0.0,0.0,0.0,0.7708333333333334,-0.3333333333333333,3.8285065359477124,0.07894736842105263
Florian Kempf,1983,2.48,0.4481481481481482,0.46583481877599525,1.9693333333333334,0.6666666666666666,0.6666666666666666,0.625,0.4444444444444444,0.5,0.0,1.7708333333333333,-0.5,9.536927411368588,0.3142857142857143
Florian Kempf,1984,3.813333333333334,0.5148148148148147,0.5525014854426619,2.8586666666666667,1.0,1.0,0.625,0.7777777777777777,0.5,0.0,2.7131410256410255,-0.5,13.855235103676279,0.4
Florian Kempf,1985,2.628,0.3814814814814815,0.3694949494949495,1.9693333333333334,0.6666666666666666,0.6666666666666666,0.2916666666666667,0.7777777777777777,0.5,0.0,1.9423076923076923,-0.16666666666666666,10.026728567728567,0.38461538461538464
Florian Kempf,1986,1.3333333333333333,0.06666666666666667,0.08666666666666667,0.8893333333333334,0.3333333333333333,0.3333333333333333,0.0,0.3333333333333333,0.0,0.0,0.9423076923076924,0.0,4.318307692307692,0.10256410256410256
Florian Kempf,1987,1.3333333333333333,0.07843137254901959,0.052208835341365466,1.0666666666666667,0.3333333333333333,0.3333333333333333,0.16666666666666666,0.6666666666666666,0.0,0.0,0.96,-0.16666666666666666,4.823973541223719,0.4166666666666667
Frank Corral,1978,1.252,0.6904761904761906,0.5315315315315314,0.8986666666666667,0.3333333333333333,0.2888888888888889,0.2222222222222222,0.30769230769230765,0.0,0.0,1.0212765957446808,-0.5,5.046087736555822,0.21875
Frank Corral,1979,2.482666666666667,1.023809523809524,0.8562068562068562,1.5919999999999999,0.6666666666666666,0.6222222222222222,0.3333333333333333,0.5854700854700855,0.0,0.0,2.0638297872340425,-0.6666666666666666,9.559538474942732,0.4594594594594595
Frank Corral,1980,3.7906666666666666,1.357142857142857,1.2537972176526393,2.3026666666666666,1.0,0.9277777777777777,0.4666666666666666,0.7336182336182335,0.0,0.0,3.0429964539007095,-0.6666666666666666,14.20866587342555,0.6764705882352942
Frank Corral,1981,3.872,0.9649122807017544,1.034093643110355,2.2760000000000002,1.0,0.861111111111111,0.5222222222222223,0.7895622895622895,0.0,0.0,2.919679041829498,-0.8333333333333334,13.4062472552039,0.42424242424242425
Fred Steinfort,1976,1.1226666666666667,0.08888888888888886,0.12612612612612614,0.6666666666666666,0.3333333333333333,0.3333333333333333,0.16666666666666666,0.2222222222222222,0.0,0.0,0.9166666666666666,-0.3333333333333333,3.6432372372372375,0.1111111111111111
Fred Steinfort,1977,2.456,0.24273504273504268,0.2955250332299513,1.3933333333333333,0.6666666666666666,0.6666666666666666,0.3333333333333333,0.4444444444444444,0.0,0.0,1.7677304964539007,-0.3333333333333333,7.933101683530007,0.3225806451612903
Fred Steinfort,1978,3.6413333333333333,0.3141636141636141,0.3721016098065279,1.7933333333333332,1.0,1.0,0.39999999999999997,0.611111111111111,0.0,0.0,2.7890070921985815,-0.6666666666666666,11.254383427279835,0.4375
Fred Steinfort,1979,2.518666666666667,0.22527472527472522,0.2459754836804017,1.1266666666666667,0.6666666666666666,0.6666666666666666,0.2333333333333333,0.38888888888888884,0.0,0.0,1.872340425531915,-0.3333333333333333,7.611146190042599,0.35135135135135137
Fred Steinfort,1980,2.478666666666667,0.613095238095238,0.5183436448496689,1.42,0.6666666666666666,0.6666666666666666,0.3333333333333333,0.6428571428571429,0.625,0.0,2.208776595744681,-0.5,9.673405954880065,0.3235294117647059
Fred Steinfort,1981,2.590666666666667,0.8399122807017544,0.7535950252623397,1.7759999999999998,0.6666666666666666,0.5555555555555555,0.41818181818181815,0.9761904761904763,0.625,0.0,2.1875,-0.5,10.889268489225278,0.30303030303030304
Fred Steinfort,1982,2.590666666666667,0.8399122807017544,0.7535950252623397,1.7759999999999998,0.6666666666666666,0.5555555555555555,0.41818181818181815,0.9761904761904763,0.625,0.0,2.1875,-0.5,10.889268489225278,0.39473684210526316
Fred Steinfort,1983,2.5559999999999996,0.42787524366471735,0.4397740849353753,1.2,0.6666666666666666,0.48888888888888893,0.3181818181818182,0.5,0.0,0.0,1.6862745098039216,-0.5,7.783661212141387,0.2571428571428571
Fuad Reveiz,1985,1.2826666666666666,0.3333333333333333,0.3828382838283828,1.0866666666666667,0.3333333333333333,0.2962962962962963,0.2777777777777778,0.6666666666666666,0.0,0.0,0.9607843137254902,0.0,5.620363338294614,0.28205128205128205
Fuad Reveiz,1986,2.542666666666667,0.5789473684210527,0.7161716171617162,1.9346666666666668,0.6666666666666666,0.6296296296296297,0.5,0.9166666666666666,0.5,0.0,1.9803921568627452,-0.16666666666666666,10.799140772075143,0.38461538461538464
Fuad Reveiz,1987,3.7866666666666666,0.7554179566563467,0.9370551512982623,3.0253333333333337,1.0,0.9629629629629629,0.8333333333333334,1.361111111111111,0.5,0.0,2.9403921568627447,-0.5,15.602272672224762,0.75
Fuad Reveiz,1988,3.796,0.5554179566563467,0.7432203038959964,2.828,1.0,1.0,0.8055555555555555,1.0277777777777777,0.5,0.0,2.8796078431372547,-0.5,14.635579437022932,0.48717948717948717
Fuad Reveiz,1989,2.536,0.30980392156862746,0.40988697056266304,1.9799999999999998,0.6666666666666666,0.6666666666666666,0.5833333333333334,0.7777777777777777,0.0,0.0,1.86,-0.3333333333333333,9.456802003242402,0.2777777777777778
Fuad Reveiz,1990,2.576,0.35000000000000003,0.4245106828029284,1.8013333333333332,0.6666666666666666,0.6111111111111112,0.5,0.6666666666666666,0.0,0.0,1.8,0.0,9.396288460580706,0.15625
Fuad Reveiz,1991,2.5786666666666664,0.48650793650793656,0.5306461352657005,1.8559999999999999,0.6666666666666666,0.6111111111111112,0.5833333333333334,0.619047619047619,0.4000000000000001,0.0,1.8615384615384614,-0.16666666666666666,10.026851263470828,0.21212121212121213
Fuad Reveiz,1992,3.9120000000000004,0.8198412698412699,0.8962375331151629,2.8693333333333335,1.0,0.8333333333333334,0.9166666666666666,1.0357142857142856,1.1500000000000001,0.0,2.861538461538462,-0.3333333333333333,15.96133155020918,0.59375
Fuad Reveiz,1993,3.9133333333333336,0.9498412698412698,0.9940636200716845,2.9480000000000004,1.0,0.8888888888888888,1.0,0.9880952380952378,1.3166666666666667,0.0,2.923802612481858,-0.3333333333333333,16.589358296045603,0.6333333333333333
Fuad Reveiz,1994,3.952,1.195151515151515,1.1479043230195305,3.1666666666666665,1.0,0.8888888888888888,0.9743589743589745,1.2357142857142858,1.25,0.0,2.982264150943396,-0.16666666666666666,17.626282138076593,0.7878787878787878
Fuad Reveiz,1995,3.952,1.222929292929293,1.1554016101853586,3.1159999999999997,1.0,0.9629629629629629,0.8743589743589744,1.319047619047619,0.75,0.0,2.9822641509433967,-0.0,17.334964610427605,0.6944444444444444
Garrett Hartley,2008,1.3333333333333333,0.1604938271604938,0.1876750700280112,1.3333333333333333,0.3333333333333333,0.3333333333333333,0.3333333333333333,0.6666666666666666,0.0,0.0,0.8867924528301887,0.0,5.568294683352026,0.14634146341463414
Garrett Hartley,2009,2.5453333333333332,0.2854938271604938,0.31100840336134455,2.424,0.6666666666666666,0.6666666666666666,0.6111111111111112,1.212,0.5,0.0,1.6175616835994193,-0.3333333333333333,10.506508358565702,0.2558139534883721
Garrett Hartley,2010,3.8786666666666663,0.5632716049382717,0.625473812166376,3.4906666666666664,1.0,0.8888888888888888,0.8703703703703703,1.7834285714285716,1.5,0.0,2.5986937590711174,-0.5,16.699460340196925,0.45454545454545453
Garrett Hartley,2011,2.5453333333333332,0.40277777777777785,0.4377987421383647,2.1573333333333333,0.6666666666666666,0.5555555555555555,0.5370370370370371,1.1167619047619046,1.5,0.0,1.7119013062409287,-0.5,11.1311656568449,0.18421052631578946
Garrett Hartley,2012,2.6666666666666665,0.5085470085470085,0.636204539239814,2.1573333333333333,0.6666666666666666,0.5555555555555555,0.48148148148148145,1.0158730158730158,1.5,0.0,1.9811320754716981,-0.3333333333333333,11.836127009501908,0.16666666666666666
Garrett Hartley,2013,2.6666666666666665,0.5128205128205128,0.6239990174404323,2.068,0.6666666666666666,0.6111111111111112,0.4305555555555555,0.905982905982906,1.5,0.0,2.0185185185185186,-0.16666666666666666,11.837654288095704,0.11428571428571428
Garrett Hartley,2014,4.0,0.5512820512820512,0.6556082128427312,3.4013333333333335,1.0,0.9444444444444445,0.7638888888888888,1.5726495726495726,1.5,0.0,2.8298392732354998,-0.16666666666666666,17.052379110009856,0.3611111111111111
Gary Anderson,1982,1.3333333333333333,0.3333333333333333,0.3398692810457516,1.1106666666666667,0.3333333333333333,0.3333333333333333,0.16666666666666666,0.6666666666666666,0.0,0.0,1.0,-0.16666666666666666,5.450535947712418,0.2631578947368421
Gary Anderson,1983,2.632,0.8333333333333334,0.7405426817191523,2.272,0.6666666666666666,0.6296296296296297,0.4666666666666666,1.2,0.0,0.0,1.9607843137254903,-0.16666666666666666,11.23495662507427,0.42857142857142855
Gary Anderson,1984,3.9653333333333336,1.2333333333333334,1.1305426817191522,3.272,1.0,0.9259259259259259,0.6888888888888888,1.6848484848484848,0.6666666666666666,0.0,3.0184766214177983,-0.6666666666666666,16.919349269466917,0.8571428571428571
Gary Anderson,1985,3.9653333333333336,1.4000000000000001,1.2494192752608593,3.2093333333333334,1.0,0.9002849002849004,0.8333333333333334,1.3885521885521885,0.9166666666666666,0.0,3.038084464555053,-0.6666666666666666,17.234340828653,0.8974358974358975
Gary Anderson,1986,4.0,1.2684210526315791,1.185625307211572,2.9226666666666667,0.6666666666666666,0.8897028897028898,0.8190476190476189,1.283790283790284,0.9166666666666666,0.0,2.959653092006033,-0.6666666666666666,16.24557357772331,0.6666666666666666
Gary Anderson,1987,4.0,1.2997936016511868,1.145022897573018,3.0093333333333336,0.6666666666666666,0.8897028897028898,0.9301587301587301,1.2231842231842232,1.25,0.0,2.9419607843137254,-0.5,16.855823126583772,0.9166666666666666
Gary Anderson,1988,3.9613333333333336,1.2664602683178536,1.0917753047725007,2.998666666666667,0.6666666666666666,0.9153439153439153,0.919047619047619,1.186147186147186,1.5,0.0,2.9623529411764706,-0.5,16.96779390147221,0.9230769230769231
Gary Anderson,1989,3.9613333333333336,1.231372549019608,1.0741941177624224,3.0573333333333337,1.0,0.9629629629629629,0.8416666666666667,1.1575757575757575,1.5,0.0,3.06,-0.5,17.34643872065408,0.8888888888888888
Gary Anderson,1990,3.9613333333333336,1.1333333333333333,1.05812986073431,3.037333333333333,1.0,1.0,0.8416666666666667,1.218181818181818,0.5,0.0,2.9800000000000004,-0.16666666666666666,16.563311678916126,0.8125
Gary Anderson,1991,4.0,1.0317460317460316,0.9998538011695907,2.9293333333333336,1.0,0.9333333333333332,0.8143939393939394,1.4404040404040404,0.1666666666666666,0.0,2.9784615384615383,-0.16666666666666666,16.127526017841806,0.6060606060606061
Gary Anderson,1992,3.9133333333333336,1.189640768588137,1.085573476702509,3.0333333333333337,1.0,0.9076923076923077,0.8727272727272727,1.484848484848485,0.1666666666666666,0.0,2.940769230769231,-0.5,16.094584874661276,0.65625
Gary Anderson,1993,3.9133333333333336,1.229640768588137,1.1204941116231442,3.2106666666666666,1.0,0.8706552706552708,0.8727272727272727,1.5555555555555556,0.1666666666666666,0.0,2.8486937590711174,-0.5,16.28843340488716,0.5666666666666667
Gary Anderson,1994,3.9133333333333336,1.2281977671451356,1.127013385999561,3.3853333333333335,1.0,0.8956552706552707,0.8962962962962964,1.5185185185185184,0.5,0.0,2.810232220609579,-0.6666666666666666,16.60791345922436,0.5757575757575758
Gary Anderson,1995,3.9599999999999995,1.0425252525252524,1.0216896544550542,3.325333333333333,1.0,0.9212962962962963,0.9296296296296296,1.5185185185185184,0.5,0.0,2.7110617832038475,-0.5,16.430054467961934,0.4722222222222222
Gary Anderson,1996,3.9599999999999995,1.0164141414141414,1.0083739578060242,3.2306666666666666,1.0,0.9280303030303031,0.8925925925925925,1.4814814814814816,0.5,0.0,2.763137254901961,-0.6666666666666666,16.114029731226506,0.48484848484848486
Gary Anderson,1997,3.9599999999999995,1.0555555555555556,1.0440405608958583,3.201333333333334,1.0,0.9696969696969697,0.8462962962962962,1.4962962962962962,0.3333333333333333,0.0,2.7439064856711917,-0.3333333333333333,16.3171254977455,0.45714285714285713
Gary Anderson,1998,4.0,1.2803030303030303,1.296534923481964,3.5573333333333337,1.0,0.9696969696969697,0.8796296296296297,1.7185185185185186,1.3333333333333333,0.0,2.92,-0.16666666666666666,18.788683071630114,0.9459459459459459
Gary Anderson,1999,4.0,1.196969696969697,1.2654960229462082,3.2520000000000002,1.0,0.9166666666666666,0.8560606060606061,1.4962962962962962,1.3333333333333333,0.0,2.862745098039216,-0.16666666666666666,18.012901053645354,0.8205128205128205
Gary Anderson,2000,4.0,1.0997474747474747,1.228468875638687,3.453333333333333,1.0,0.9166666666666666,0.9393939393939394,1.6296296296296298,1.6666666666666667,0.0,2.8427601809954752,-0.16666666666666666,18.610000100405205,0.9761904761904762
Gary Anderson,2001,3.956,0.7868357487922705,0.9205047458923791,3.2306666666666666,1.0,0.9166666666666666,0.7727272727272728,1.5343915343915342,1.6666666666666667,0.0,2.6862745098039214,-0.16666666666666666,17.304067144940714,0.6585365853658537
Gary Anderson,2002,3.92,0.783816425120773,0.8878675107455267,3.4306666666666668,1.0,1.0,0.8333333333333334,1.4880952380952381,2.6666666666666665,0.0,2.862745098039216,-0.5,18.37319093866742,0.8888888888888888
Gary Anderson,2003,3.92,0.8873517786561266,0.9374473426782997,3.3160000000000003,1.0,1.0,0.8333333333333334,1.2976190476190477,2.0,0.0,2.7450980392156867,-0.5,17.436849541502493,0.7619047619047619
Gary Anderson,2004,3.964,0.927536231884058,0.9865562535693889,3.236,1.0,0.9333333333333332,1.0,1.2261904761904763,1.5,0.0,2.7647058823529416,-0.5,17.038322177330198,0.6190476190476191
George Hunt,1973,1.2226666666666668,0.25396825396825395,0.24822695035460993,0.7613333333333333,0.3333333333333333,0.25925925925925924,0.19999999999999998,0.0,0.0,0.0,0.7916666666666666,-0.16666666666666666,3.9037877969154557,0.13636363636363635
George Hunt,1974,1.2226666666666668,0.25396825396825395,0.24822695035460993,0.7613333333333333,0.3333333333333333,0.25925925925925924,0.19999999999999998,0.0,0.0,0.0,0.7916666666666666,-0.16666666666666666,3.9037877969154557,0.125
George Hunt,1975,2.3266666666666667,0.40781440781440775,0.42544214022802757,1.4880000000000002,0.6666666666666666,0.5925925925925926,0.3666666666666667,0.2222222222222222,0.0,0.0,1.6458333333333333,-0.16666666666666666,7.975238029523915,0.30434782608695654
Greg Davis,1987,1.3333333333333333,0.0588235294117647,0.060240963855421666,1.0,0.3333333333333333,0.3333333333333333,0.3333333333333333,0.3333333333333333,0.0,0.0,0.84,0.0,4.625731159933854,0.4
Greg Davis,1988,2.568,0.37549019607843137,0.34202790543617767,1.844,0.6666666666666666,0.5833333333333334,0.5555555555555555,0.7777777777777777,0.25,0.0,1.8800000000000001,-0.16666666666666666,9.676184768181278,0.3333333333333333
Greg Davis,1989,3.7586666666666666,0.7405695611577964,0.6718524668396865,2.7453333333333334,1.0,0.9166666666666666,0.7777777777777777,1.111111111111111,1.25,0.0,2.92,-0.3333333333333333,15.558644250219706,0.6388888888888888
Greg Davis,1990,3.7586666666666666,1.0484126984126985,0.9956694739987576,2.6346666666666665,1.0,0.9166666666666666,0.7407407407407406,1.0854700854700854,1.6500000000000001,0.0,3.1400000000000006,-0.3333333333333333,16.63695966528895,0.84375
Greg Davis,1991,3.857333333333333,1.065079365079365,0.9986047546402238,2.724,1.0,1.0,0.8518518518518517,0.9743589743589743,1.8285714285714285,0.0,3.1,-0.16666666666666666,17.23313304116851,0.9393939393939394
Greg Davis,1992,4.0,0.9280701754385965,0.9089235624123423,2.489333333333333,1.0,0.8666666666666667,0.8796296296296297,0.9373219373219372,0.8285714285714286,0.0,3.002307692307692,-0.16666666666666666,15.67415775901496,0.46875
Greg Davis,1993,4.0,0.8414035087719297,0.8423259088581668,2.6,1.0,0.8666666666666667,0.9166666666666666,0.8962962962962964,1.2285714285714286,0.0,2.980043541364296,-0.16666666666666666,16.005307350528785,0.43333333333333335
Greg Davis,1994,4.0,0.8111004784688994,0.8195084485407067,2.692,1.0,0.8363636363636364,0.8333333333333334,1.1343915343915343,1.05,0.0,3.000043541364296,-0.16666666666666666,16.01007430579574,0.5151515151515151
Greg Davis,1995,4.0,0.9996969696969696,0.9126984126984127,3.050666666666667,1.0,0.945887445887446,0.8833333333333333,1.338095238095238,1.2166666666666668,0.0,3.136167221605623,-0.0,17.48321195465036,0.75
Greg Davis,1996,4.0,0.8446969696969697,0.7156084656084656,2.908,1.0,0.8718133718133719,0.7166666666666667,1.2936507936507935,0.4166666666666666,0.0,3.0784313725490198,-0.16666666666666666,15.678867639985286,0.3939393939393939
Greg Davis,1997,3.9586666666666663,0.9027777777777777,0.7932675666320526,2.9026666666666667,1.0,0.8354497354497354,0.7999999999999999,1.0555555555555556,0.1666666666666666,0.0,2.923815987933635,-0.3333333333333333,15.005533290015423,0.37142857142857144
Greg Davis,1998,3.9586666666666663,0.7436868686868686,0.7360285093929954,2.717333333333334,1.0,0.8037037037037037,0.7083333333333334,0.9191919191919191,0.5,0.0,2.826153846153846,-0.5,14.413098180462669,0.35135135135135137
Happy Feller,1971,1.3333333333333333,0.1176470588235294,0.10852713178294572,0.39999999999999997,0.23570226039551587,0.13333333333333333,0.09523809523809523,0.0,0.5,0.0,1.020408163265306,-0.3333333333333333,3.610856042838725,0.2777777777777778
Happy Feller,1972,2.5453333333333332,0.2176470588235294,0.20677274581803343,1.1266666666666667,0.5690355937288492,0.3,0.3452380952380952,0.16666666666666666,0.5,0.0,1.9591836734693875,-0.6666666666666666,7.269877167077895,0.3333333333333333
Happy Feller,1973,3.8786666666666663,0.28113912231559285,0.2741486323428561,1.5706666666666669,0.8671779907288211,0.6333333333333333,0.3452380952380952,0.16666666666666666,0.5,0.0,2.3341836734693877,-0.8333333333333334,10.017887514094754,0.45454545454545453
Horst Muhlmann,1970,1.3333333333333333,0.4385964912280702,0.4090909090909091,0.9013333333333334,0.3333333333333333,0.2380952380952381,0.27272727272727276,0.2222222222222222,0.6666666666666666,0.0,1.0816326530612246,-0.16666666666666666,5.7303647864249365,1.0
Horst Muhlmann,1971,2.6666666666666665,0.8307533539731683,0.7618040873854829,1.642666666666667,0.6666666666666666,0.44642857142857145,0.42087542087542085,0.48888888888888893,1.0,0.0,2.122448979591837,-0.3333333333333333,10.713865968810035,1.0
Horst Muhlmann,1972,3.957333333333333,1.2807533539731681,1.151277771596009,2.542666666666667,0.9752733665908505,0.6464285714285715,0.6708754208754208,0.9055555555555554,1.3333333333333333,0.0,3.163265306122449,-0.3333333333333333,16.293429346142023,1.0
Horst Muhlmann,1973,3.916,1.1754901960784314,1.0755201958384333,2.544,0.9752733665908505,0.6940476190476191,0.5833333333333334,1.1277777777777775,0.9166666666666666,0.0,3.144132653061225,-0.5,15.652241808394338,1.0
Horst Muhlmann,1974,3.8013333333333335,1.1166666666666667,1.046190102120974,2.6173333333333333,0.9752733665908505,0.8190476190476191,0.6203703703703703,1.1944444444444444,0.5833333333333334,0.0,3.125055456965395,-0.8333333333333334,15.065714692872987,0.9583333333333334
Horst Muhlmann,1975,3.6773333333333333,1.1794871794871795,0.9984885698091818,2.6373333333333333,1.0,0.8614718614718614,0.7037037037037037,1.1367521367521365,1.25,0.0,3.1467391304347827,-1.1666666666666667,15.424642581658846,0.9565217391304348
Horst Muhlmann,1976,3.648,1.0905982905982905,0.8948849662055783,2.6519999999999997,1.0,0.9090909090909092,0.8518518518518517,0.8034188034188033,1.0,0.0,3.0009057971014492,-1.0,14.850750618266881,0.9629629629629629
Horst Muhlmann,1977,3.622666666666667,0.8341880341880342,0.7135783843607042,2.337333333333333,1.0,0.9090909090909092,0.7333333333333334,0.8034188034188033,1.0,0.0,2.9153368794326244,-0.5,14.36894634382441,0.9032258064516129
Jan Stenerud,1970,1.3333333333333333,0.5263157894736843,0.4393939393939393,0.952,0.3333333333333333,0.2962962962962963,0.3,0.3636363636363636,0.1666666666666666,0.0,1.1224489795918366,-0.16666666666666666,5.666758035058787,0.9230769230769231
Jan Stenerud,1971,2.6666666666666665,1.0361197110423117,0.8657505285412261,1.74,0.6535896409435077,0.48148148148148145,0.4666666666666666,0.6599326599326599,0.36666666666666664,0.0,2.2244897959183674,-0.6666666666666666,10.494697151192886,0.9444444444444444
Jan Stenerud,1972,4.0,1.3861197110423118,1.1990838618745594,2.517333333333333,0.986922974276841,0.7314814814814815,0.6974358974358975,1.0303030303030303,0.5095238095238094,0.0,3.2448979591836733,-0.6666666666666666,15.636435391788268,0.9444444444444444
Jan Stenerud,1973,3.8840000000000003,1.2407563025210084,1.0894771565231733,2.408,0.9578799506685999,0.6851851851851851,0.6641025641025641,1.0222222222222224,0.3428571428571428,0.0,3.101615646258503,-0.6666666666666666,14.729429503671732,0.9090909090909091
Jan Stenerud,1974,3.781333333333334,1.246103896103896,1.0362548957340956,2.5639999999999996,0.970956976391759,0.8333333333333334,0.7057692307692308,1.225925925925926,0.3928571428571428,0.0,3.0865313516711033,-0.16666666666666666,15.676399419453153,1.0
Jan Stenerud,1975,3.738666666666667,1.4602064602064602,1.1079848535400025,2.704,0.970956976391759,0.875,0.7712962962962964,1.1888888888888889,0.5,0.0,3.128623188405797,-0.3333333333333333,16.11228999706254,1.0
Jan Stenerud,1976,3.612,1.5459207459207456,1.1836030249028548,2.598666666666667,1.0,0.8194444444444445,0.7546296296296297,1.1444444444444444,0.8333333333333334,0.0,3.2327898550724634,-0.3333333333333333,16.39149881108125,1.0
Jan Stenerud,1977,3.6666666666666665,1.235897435897436,1.08915722113481,2.2466666666666666,1.0,0.8194444444444445,0.6796296296296296,0.6444444444444444,0.5833333333333334,0.0,2.933067375886525,-0.6666666666666666,14.23164055143729,0.8709677419354839
Jan Stenerud,1978,3.6586666666666665,1.147985347985348,1.0669768128784523,2.218666666666667,1.0,0.7944444444444444,0.6055555555555555,0.7873015873015873,0.3333333333333333,0.0,2.870567375886525,-0.8333333333333334,13.650164457385246,0.6875
Jan Stenerud,1979,3.856,0.989010989010989,0.9386276845293239,2.1773333333333333,0.6666666666666666,0.8222222222222223,0.6055555555555555,0.8095238095238096,0.0,0.0,2.7659574468085104,-0.8333333333333334,12.797564374317078,0.6216216216216216
Jan Stenerud,1980,3.904,0.8463827838827841,0.7081319310234974,2.385333333333333,0.6666666666666666,0.8222222222222223,0.8055555555555555,1.0317460317460316,0.0,0.0,2.812056737588653,-0.6666666666666666,13.315428595352076,0.5294117647058824
Jan Stenerud,1981,3.917333333333333,0.7561572199730096,0.6872562165993958,2.718666666666666,0.6666666666666666,0.8472222222222222,0.9166666666666666,1.0,1.0,0.0,2.893689390649877,-0.3333333333333333,15.070325049444504,0.696969696969697
Jan Stenerud,1982,3.8640000000000003,0.8817982456140351,0.8285005931378899,2.985333333333333,1.0,0.8916666666666666,1.0,0.9999999999999999,1.0,0.0,2.914965986394558,-0.3333333333333333,16.032931491813148,0.8421052631578947
Jan Stenerud,1983,3.8640000000000003,1.208187134502924,1.1675132092589398,3.2626666666666666,1.0,0.8916666666666666,0.9259259259259259,1.222222222222222,1.0,0.0,3.0228091236494596,-0.3333333333333333,17.231657615559474,0.9428571428571428
Jan Stenerud,1984,3.8586666666666667,1.1555555555555557,1.1055060408001585,3.1999999999999997,1.0,0.9333333333333332,0.9259259259259259,1.1777777777777778,0.75,0.0,2.9796380090497734,-0.5,16.586403309109194,0.7428571428571429
Jan Stenerud,1985,3.8946666666666663,0.9494949494949495,0.971033770043671,3.0066666666666664,0.9023689270621825,0.9696969696969697,0.7354497354497354,0.9777777777777779,0.75,0.0,2.9404223227752637,-0.8333333333333334,15.264244452300552,0.5384615384615384
Jaret Holmes,1999,0.0,0.027777777777777766,0.018867924528301865,1.3333333333333333,0.3333333333333333,0.3333333333333333,0.3333333333333333,0.6666666666666666,0.0,0.0,0.7647058823529411,0.0,3.8113515846590205,0.02564102564102564
Jaret Holmes,2000,1.3333333333333333,0.05555555555555553,0.047439353099730436,2.6666666666666665,0.6666666666666666,0.6666666666666666,0.6666666666666666,1.3333333333333333,0.0,0.0,1.4313725490196079,0.0,8.867700791008227,0.2619047619047619
Jaret Holmes,2001,2.6666666666666665,0.05555555555555553,0.05073968313273373,2.6666666666666665,1.0,1.0,0.6666666666666666,1.3333333333333333,0.0,0.0,1.4313725490196079,-0.0,10.87100112104123,0.36585365853658536
Jason Elam,1993,1.3013333333333332,0.3466666666666667,0.37777777777777777,0.9906666666666667,0.3333333333333333,0.3055555555555555,0.3333333333333333,0.26666666666666666,0.6666666666666666,0.0,1.018867924528302,0.0,5.940867924528302,0.1
Jason Elam,1994,2.6346666666666665,0.8012121212121212,0.7825396825396824,2.072,0.6666666666666666,0.6388888888888888,0.6666666666666666,0.6555555555555556,1.0,0.0,2.098867924528302,-0.16666666666666666,11.850397506057883,0.2727272727272727
Jason Elam,1995,3.968,1.2317676767676768,1.1862094073103246,3.16,1.0,0.898148148148148,0.9777777777777777,1.131746031746032,1.7142857142857142,0.0,3.1969071402145772,-0.16666666666666666,18.29817522958358,0.9722222222222222
Jason Elam,1996,4.0,1.1767676767676767,1.1448513826189668,3.169333333333333,1.0,0.9259259259259259,0.9111111111111111,1.265079365079365,1.3809523809523807,0.0,3.1980392156862743,-0.16666666666666666,18.005393724808368,0.9393939393939394
Jason Elam,1997,4.0,1.0833333333333333,1.1263823127480277,3.0506666666666664,1.0,0.8956228956228957,0.8555555555555555,1.1261904761904762,1.6476190476190478,0.0,3.137269984917044,-0.3333333333333333,17.589306939319712,0.8
Jason Elam,1998,4.0,1.0012626262626263,1.150322015586813,3.0986666666666665,1.0,0.9696969696969697,0.8539682539682539,1.0944444444444443,1.6833333333333333,0.0,3.250769230769231,-0.3333333333333333,17.769130207395005,0.7567567567567568
Jason Elam,1999,4.0,1.1123737373737372,1.1786821367142297,3.1733333333333333,1.0,0.9696969696969697,0.878968253968254,1.1792929292929293,1.9749999999999999,0.0,3.3092006033182506,-0.5,18.276547963697706,0.8717948717948718
Jason Elam,2000,4.0,1.0012626262626263,1.119373428807391,3.2106666666666666,1.0,1.0,0.8869047619047619,1.2255892255892256,1.375,0.0,3.2899698340874814,-0.5,17.608766543318154,0.7142857142857143
Jason Elam,2001,4.0,1.1020531400966183,1.1010049252903726,3.2226666666666666,1.0,1.0,0.9107142857142857,1.293965293965294,0.625,0.0,3.0588235294117645,-0.5,16.814227841145,0.5365853658536586
Jason Elam,2002,3.969333333333333,1.076086956521739,1.1245745656396429,3.110666666666667,1.0,1.0,0.8783068783068783,1.112147112147112,0.0,0.0,3.0588235294117645,-0.5,15.829939042027137,0.5111111111111111
Jason Elam,2003,3.969333333333333,1.2351778656126482,1.1897473014006141,3.272,1.0,0.9696969696969697,0.9259259259259259,1.3613053613053612,0.0,0.0,3.0588235294117645,-0.16666666666666666,16.81534362001995,0.6666666666666666
Jason Elam,2004,3.969333333333333,1.2252964426877468,1.210506377308205,3.261333333333333,1.0,0.9696969696969697,0.8842592592592592,1.3484848484848486,0.75,0.0,3.098039215686274,-0.3333333333333333,17.38361644645664,0.6904761904761905
Jason Elam,2005,3.969333333333333,1.1818181818181817,1.183792082870884,3.298666666666667,1.0,0.9363636363636364,0.9583333333333334,1.5069930069930069,0.75,0.0,3.000377073906486,-0.3333333333333333,17.452343981952197,0.8
Jason Elam,2006,3.969333333333333,1.1477272727272727,1.149890671839182,3.3786666666666663,1.0,0.9666666666666667,0.9583333333333334,1.4615384615384617,0.75,0.0,2.9811463046757165,-0.3333333333333333,17.429969377447296,0.6052631578947368
Jason Elam,2007,3.969333333333333,1.0833333333333333,1.0561738576798898,3.4026666666666667,1.0,0.9666666666666667,1.0,1.4615384615384617,1.0,0.0,2.9230769230769234,-0.3333333333333333,17.52945590896194,0.75
Jason Elam,2008,4.0,1.1080246913580247,1.0558831753692297,3.6493333333333333,1.0,1.0,0.9583333333333334,1.6666666666666667,1.0,0.0,2.885703918722786,-0.16666666666666666,18.15727845211671,0.8292682926829268
Jason Elam,2009,3.9599999999999995,0.8996913580246915,0.9242943903225006,3.250666666666667,1.0,1.0,0.7916666666666666,1.5666666666666667,1.0,0.0,2.8664731494920175,-0.3333333333333333,16.926125564505877,0.5116279069767442
Jason Hanson,1992,1.3333333333333333,0.368421052631579,0.3333333333333333,1.0773333333333335,0.3333333333333333,0.3333333333333333,0.3333333333333333,0.4444444444444444,0.4000000000000001,0.0,1.0,-0.3333333333333333,5.6235321637426905,0.15625
Jason Hanson,1993,2.6666666666666665,0.8217543859649123,0.746031746031746,2.132,0.6666666666666666,0.6666666666666666,0.6666666666666666,0.8333333333333334,0.8285714285714286,0.0,2.0,-0.5,11.528357560568088,0.23333333333333334
Jason Hanson,1994,3.966666666666667,1.094481658692185,1.062358276643991,3.021333333333333,1.0,0.9523809523809524,1.0,1.25,0.8285714285714286,0.0,2.98,-0.5,16.655792316288558,0.6060606060606061
Jason Hanson,1995,3.966666666666667,1.114949494949495,1.1326946680812997,3.042666666666667,1.0,0.9523809523809524,0.9803921568627451,1.138888888888889,1.4285714285714286,0.0,3.0780392156862746,-0.5,17.335250138754418,0.7222222222222222
Jason Hanson,1996,3.966666666666667,0.8282828282828283,0.9422184776051094,2.9293333333333336,1.0,0.9523809523809524,0.9137254901960784,1.1500000000000001,1.3333333333333333,0.0,3.0980392156862746,-0.5,16.613980297484577,0.6060606060606061
Jason Hanson,1997,3.966666666666667,0.9166666666666666,0.9903779283012758,3.236,1.0,1.0,0.8766884531590414,1.4000000000000001,1.9333333333333333,0.0,3.1757315233785826,-0.8333333333333334,17.662131238172233,0.8571428571428571
Jason Hanson,1998,3.8746666666666667,0.9671717171717171,0.9705465873690172,3.3093333333333335,1.0,1.0,0.8962962962962964,1.6444444444444446,1.2666666666666666,0.0,3.0584615384615383,-0.6666666666666666,17.320920583743014,0.5945945945945946
Jason Hanson,1999,3.829333333333333,1.1616161616161615,1.0816576984801285,3.4506666666666668,1.0,1.0,0.9629629629629629,1.8,1.4333333333333333,0.0,3.0580693815987936,-0.5,18.27763953799138,0.8974358974358975
Jason Hanson,2000,3.862666666666667,1.1338383838383836,1.0378066378066377,3.3213333333333335,1.0,0.9523809523809524,0.9444444444444445,1.5142857142857142,1.0833333333333333,0.0,3.0592006033182506,-0.16666666666666666,17.74262340274105,0.7857142857142857
Jason Hanson,2001,3.9546666666666668,0.9987922705314011,0.9377966368065378,3.082666666666667,1.0,0.9523809523809524,0.9444444444444445,1.2698412698412698,1.75,0.0,3.1372549019607843,-0.6666666666666666,17.361177142632055,0.7073170731707317
Jason Hanson,2002,4.0,0.9710144927536232,0.9280878989424601,3.0946666666666665,1.0,0.9523809523809524,0.9074074074074074,1.2976190476190477,1.9166666666666667,0.0,3.0784313725490193,-0.8333333333333334,17.31294117165251,0.7555555555555555
Jason Hanson,2003,3.9506666666666668,0.9710144927536232,0.9081065730787814,3.304,1.0,1.0,0.9629629629629629,1.4722222222222223,1.6666666666666667,0.0,3.0784313725490193,-1.0,17.314070956899943,0.7380952380952381
Jason Hanson,2004,3.9506666666666668,1.0303030303030303,0.9576115235738308,3.513333333333333,1.0,1.0,0.9326599326599326,1.5555555555555556,1.2916666666666667,0.0,2.9607843137254903,-0.3333333333333333,17.85924768915117,0.8333333333333334
Jason Hanson,2005,3.9506666666666668,0.9608585858585857,0.8981378715008016,3.4746666666666663,1.0,1.0,0.9696969696969697,1.353174603174603,1.125,0.0,3.0,-0.3333333333333333,17.39886803023096,0.7777777777777778
Jason Hanson,2006,4.0,1.0303030303030303,0.961970258037971,3.3706666666666667,1.0,1.0,0.9696969696969697,1.3809523809523807,2.125,0.0,2.960407239819004,-0.16666666666666666,18.632329878809355,0.9210526315789473
Jason Hanson,2007,3.962666666666667,1.0694444444444444,0.9885189306043426,3.3333333333333335,1.0,0.9333333333333332,0.9444444444444445,1.5283882783882785,2.1,0.0,3.0384615384615383,-0.3333333333333333,18.565257636343045,0.925
Jason Hanson,2008,3.9120000000000004,1.0648148148148149,0.970866586647892,3.5506666666666664,1.0,0.9333333333333332,0.8777777777777778,1.814102564102564,2.6,0.0,3.0950653120464438,-0.3333333333333333,19.48529372205616,1.0
Jason Hanson,2009,3.9120000000000004,0.9537037037037036,0.8997139386728142,3.3786666666666663,1.0,0.9333333333333332,0.8407407407407407,1.6974358974358974,2.457142857142857,0.0,3.037373004354136,-0.5,18.61011014205015,0.9767441860465116
Jason Hanson,2010,3.949333333333333,0.7175925925925926,0.7127879076158766,3.416,1.0,1.0,0.8962962962962964,1.6666666666666667,2.5238095238095237,0.0,2.9992743105950654,-0.3333333333333333,18.548427297576023,0.9090909090909091
Jason Hanson,2011,4.0,0.7783333333333333,0.8222215115659312,3.2466666666666666,1.0,1.0,0.9259259259259259,1.3333333333333333,2.0238095238095237,0.0,2.904934687953556,-0.16666666666666666,17.868558315921604,0.7105263157894737
Jason Hanson,2012,4.0,0.8969230769230769,0.9172939753340472,3.432,1.0,1.0,0.9629629629629629,1.4280701754385963,2.0238095238095237,0.0,2.9433962264150946,-0.0,18.6044559408833,0.8611111111111112
Jason Staurovsky,1987,1.3333333333333333,0.019607843137254898,0.036144578313253,0.444,0.3333333333333333,0.16666666666666666,0.111,0.0,0.0,0.0,0.48,0.0,2.924085754783841,0.08333333333333333
Jason Staurovsky,1988,2.5773333333333333,0.13627450980392156,0.15641949240260006,1.292,0.6666666666666666,0.4166666666666667,0.37766666666666665,0.0,0.0,0.0,1.18,0.0,6.803027335539855,0.28205128205128205
Jason Staurovsky,1989,3.9106666666666663,0.3584967320261438,0.3529107204727755,2.3906666666666667,1.0,0.75,0.6157619047619047,0.5333333333333333,1.0,0.0,2.1799999999999997,-0.0,13.09183602392749,0.3611111111111111
Jason Staurovsky,1990,3.9106666666666663,0.6055555555555556,0.5595197653479284,2.916,1.0,0.9166666666666666,0.8380952380952381,1.0181818181818183,1.25,0.0,2.76,-0.0,15.774685710513872,0.625
Jason Staurovsky,1991,3.8786666666666663,0.6952380952380953,0.6093837401474701,2.98,1.0,0.8888888888888888,0.8214285714285715,1.2404040404040404,1.25,0.0,2.8676923076923075,-0.16666666666666666,16.065035643799373,0.5454545454545454
Jason Staurovsky,1992,3.8786666666666663,0.5256474519632414,0.4666559529375098,2.3813333333333335,1.0,0.8888888888888888,0.75,0.8404040404040405,0.25,0.0,2.694615384615385,-0.3333333333333333,13.342878385475734,0.28125
Jay Feely,2001,1.3333333333333333,0.4202898550724638,0.3795379537953794,1.0453333333333334,0.3333333333333333,0.3333333333333333,0.31111111111111106,0.2962962962962963,0.5,0.0,1.0784313725490196,0.0,6.030999922157604,0.1951219512195122
Jay Feely,2002,2.6359999999999997,0.8840579710144928,0.8261398955429522,2.112,0.6666666666666666,0.6,0.5968253968253968,0.8603988603988603,0.8333333333333334,0.0,2.0980392156862746,-0.3333333333333333,11.780128006134646,0.4
Jay Feely,2003,3.9293333333333336,1.1719367588932805,1.1169895687455667,3.050666666666667,1.0,0.9333333333333332,0.8695526695526695,1.2413512413512413,1.8333333333333333,0.0,3.0,-0.3333333333333333,17.813163571876093,0.8571428571428571
Jay Feely,2004,3.9293333333333336,1.0243741765480896,1.0507849482835205,3.0493333333333332,1.0,0.9333333333333332,0.8177008177008177,1.2783882783882783,2.0833333333333335,0.0,2.843137254901961,-0.5,17.509718809156002,0.7380952380952381
Jay Feely,2005,3.9599999999999995,1.0467171717171717,1.0695918115673941,3.0933333333333337,1.0,0.9487179487179488,0.8415103415103417,1.2476190476190476,2.607142857142857,0.0,2.823529411764706,-0.16666666666666666,18.47149525670613,0.9111111111111111
Jay Feely,2006,4.0,1.0782828282828283,1.1120754716981132,3.2906666666666666,1.0,0.9487179487179488,0.8718133718133719,1.3666666666666665,2.2738095238095237,0.0,2.825414781297134,-0.16666666666666666,18.600780592285584,0.8947368421052632
Jay Feely,2007,4.0,1.0972222222222223,1.061279011521122,3.464,1.0,0.9487179487179488,0.945887445887446,1.5518518518518516,1.7738095238095237,0.0,2.9230769230769234,-0.16666666666666666,18.59917826042037,0.975
Jay Feely,2008,4.0,0.9074074074074074,0.9067945762375746,3.496,1.0,1.0,0.8863636363636364,1.551851851851852,1.75,0.0,2.960812772133527,-0.16666666666666666,18.292563577327332,0.8536585365853658
Jay Feely,2009,4.0,1.0046296296296295,0.980127909570908,3.4706666666666663,1.0,1.0,0.85,1.5756613756613758,1.0833333333333333,0.0,3.1146589259796804,-0.16666666666666666,17.912411174174924,0.7441860465116279
Jay Feely,2010,4.0,1.0462962962962963,1.0352010993076475,3.4386666666666663,1.0,1.0,0.85,1.5904761904761908,1.0833333333333333,0.0,3.133164005805515,-0.16666666666666666,18.010470925218982,0.7272727272727273
Jay Feely,2011,4.0,1.0033333333333332,0.9785140176953416,3.3520000000000003,1.0,1.0,0.8222222222222223,1.5333333333333332,0.85,0.0,3.057692307692308,-0.16666666666666666,17.43042854760987,0.631578947368421
Jay Feely,2012,4.0,0.9071794871794872,0.8617024234924431,3.432,1.0,1.0,0.8555555555555555,1.5428571428571427,1.25,0.0,3.150943396226415,-0.16666666666666666,17.83357133864438,0.6111111111111112
Jay Feely,2013,4.0,0.9584615384615383,0.9028494227462541,3.357333333333333,1.0,0.9393939393939394,0.8138888888888888,1.6206349206349209,1.857142857142857,0.0,3.076170510132774,-0.0,18.52587541073451,0.6285714285714286
Jay Feely,2014,3.7773333333333334,0.7435897435897435,0.6888420196681321,3.3013333333333335,1.0,0.9393939393939394,0.9249999999999999,1.4777777777777779,1.2571428571428571,0.0,3.0195667365478687,-0.0,17.12997974078699,0.3888888888888889
Jeff Chandler,2002,1.3333333333333333,0.11594202898550722,0.12297734627831713,0.8893333333333334,0.3333333333333333,0.3333333333333333,0.3333333333333333,0.38095238095238093,0.0,0.0,0.9215686274509803,0.0,4.764107050333852,0.08888888888888889
Jeff Chandler,2003,2.5,0.20685111989459815,0.20467669268354585,2.032,0.6666666666666666,0.6666666666666666,0.6666666666666666,0.38095238095238093,0.0,0.0,1.6078431372549018,0.0,8.932323330785426,0.21428571428571427
Jeff Chandler,2004,3.8333333333333335,0.28260869565217384,0.30134335935021256,2.8653333333333335,1.0,1.0,0.6666666666666666,1.0476190476190477,0.0,0.0,2.5686274509803924,-0.0,13.56553188693516,0.2857142857142857
Jeff Jaeger,1987,1.3333333333333333,0.2745098039215686,0.3012048192771084,0.848,0.3333333333333333,0.3333333333333333,0.16666666666666666,0.3703703703703704,0.0,0.0,0.96,-0.3333333333333333,4.58741832690238,0.38333333333333336
Jeff Jaeger,1988,1.3333333333333333,0.2745098039215686,0.3012048192771084,0.848,0.3333333333333333,0.3333333333333333,0.16666666666666666,0.3703703703703704,0.0,0.0,0.96,-0.3333333333333333,4.58741832690238,0.1794871794871795
Jeff Jaeger,1989,2.6666666666666665,0.6395891690009337,0.6626083280490382,1.7493333333333334,0.6666666666666666,0.6,0.46296296296296297,0.6481481481481483,0.5,0.0,1.96,-0.5,10.05597527482775,0.3333333333333333
Jeff Jaeger,1990,2.6026666666666665,0.615079365079365,0.6693745232646835,1.9013333333333335,0.6666666666666666,0.6,0.5185185185185185,0.7222222222222222,1.0,0.0,2.0,-0.16666666666666666,11.129194629084788,0.21875
Jeff Jaeger,1991,3.892,1.0753968253968254,1.0721523010424612,3.0386666666666664,1.0,0.9333333333333332,0.7749287749287749,1.3888888888888886,1.5,0.0,3.0192307692307687,-0.5,17.19459755948772,0.9090909090909091
Jeff Jaeger,1992,3.892,0.9734753550543024,0.9723975377902446,2.9066666666666663,1.0,0.8666666666666667,0.7008547008547009,1.4814814814814816,1.5,0.0,3.057692307692308,-0.8333333333333334,16.517901382873035,0.6875
Jeff Jaeger,1993,3.8640000000000003,1.190142021720969,1.08347414234511,2.9666666666666663,1.0,0.8666666666666667,0.7675213675213675,1.437037037037037,1.5714285714285714,0.0,3.057692307692308,-1.0,16.804628781078694,0.7
Jeff Jaeger,1994,3.908,1.063157894736842,1.010628337356448,2.877333333333333,1.0,0.8666666666666667,0.7333333333333333,1.2552188552188552,2.0714285714285716,0.0,3.0584615384615383,-0.8333333333333334,17.010895197202256,0.7272727272727273
Jeff Jaeger,1995,3.908,0.9805555555555555,0.9355239343443799,3.0706666666666664,1.0,0.9333333333333332,0.7968253968253968,1.284848484848485,1.5714285714285714,0.0,2.9219607843137254,-0.3333333333333333,17.06980939398278,0.6111111111111112
Jeff Jaeger,1996,4.0,0.7777777777777777,0.7633898955436744,3.112,1.0,0.9333333333333332,0.7579365079365079,1.418181818181818,1.0,0.0,2.901960784313726,-0.16666666666666666,16.49791345042017,0.5151515151515151
Jeff Jaeger,1997,4.0,0.736111111111111,0.6920249009477052,3.1413333333333333,1.0,0.8962962962962964,0.8023809523809523,1.377777777777778,1.0,0.0,2.881960784313725,-0.16666666666666666,16.361218489494235,0.5142857142857142
Jeff Jaeger,1998,3.952,0.8737373737373737,0.808510861470363,3.2560000000000002,1.0,0.9259259259259259,0.8166666666666668,1.1444444444444446,2.0,0.0,2.98,-0.3333333333333333,17.42395193891144,0.6756756756756757
Jeff Jaeger,1999,3.952,0.6376262626262627,0.6024777843681035,2.488,1.0,0.9259259259259259,0.5666666666666668,0.7444444444444445,3.0,0.0,3.019607843137255,-0.3333333333333333,16.603415593835326,0.5641025641025641
Jeff Reed,2002,1.212,0.24637681159420288,0.19741100323624594,1.1933333333333334,0.3333333333333333,0.3333333333333333,0.3333333333333333,0.5714285714285714,0.6666666666666666,0.0,0.9803921568627452,0.0,6.067608543121764,0.2
Jeff Reed,2003,2.504,0.5948616600790514,0.524208388857161,2.1519999999999997,0.6666666666666666,0.5833333333333334,0.6190476190476191,0.9603174603174603,1.6666666666666667,0.0,1.9803921568627452,0.0,12.251493951830703,0.30952380952380953
Jeff Reed,2004,3.8373333333333335,1.0191040843214756,0.9375417221904945,3.282666666666666,1.0,0.8796296296296297,0.9267399267399267,1.3769841269841272,2.3333333333333335,0.0,2.980392156862745,-0.16666666666666666,18.407058313395066,0.9523809523809523
Jeff Reed,2005,3.9586666666666663,1.106060606060606,1.1080552472561351,3.1933333333333334,1.0,0.8796296296296297,0.9267399267399269,1.25,1.6666666666666667,0.0,2.8461538461538463,-0.16666666666666666,17.768639255840146,0.8666666666666667
Jeff Reed,2006,4.0,1.0353535353535355,1.095899606183507,3.2226666666666666,1.0,0.9153439153439153,0.8834498834498835,1.242063492063492,0.6666666666666666,0.6666666666666666,2.807692307692308,-0.3333333333333333,17.202469406753305,0.47368421052631576
Jeff Reed,2007,4.0,0.9305555555555557,1.0158996061835068,3.3186666666666667,1.0,0.9523809523809524,0.9090909090909092,1.3587301587301586,0.25,0.6666666666666666,2.75,-0.16666666666666666,16.98532384860775,0.525
Jeff Reed,2008,3.964,0.9305555555555557,0.9757061703185949,3.376,1.0,0.9523809523809524,0.872053872053872,1.4476190476190478,0.25,0.6666666666666666,2.9038461538461537,-0.3333333333333333,17.00549508510751,0.5121951219512195
Jeff Reed,2009,3.964,1.027777777777778,1.0677310924369747,3.5493333333333332,1.0,1.0,0.9421296296296297,1.6000000000000003,0.5833333333333334,0.0,2.8269230769230766,-0.16666666666666666,17.394561576767458,0.6511627906976745
Jeff Reed,2010,3.964,1.0416666666666667,1.061441784260874,3.3226666666666667,1.0,0.9666666666666667,0.9050925925925926,1.3523809523809522,0.8333333333333334,0.0,2.8846153846153846,-0.5,16.831864047183135,0.4772727272727273
Jeff Wilkins,1995,1.2413333333333334,0.16666666666666666,0.19266055045871558,1.2306666666666668,0.3333333333333333,0.3333333333333333,0.3333333333333333,0.3333333333333333,0.0,0.0,0.7843137254901961,0.0,4.948974275948912,0.08333333333333333
Jeff Wilkins,1996,2.574666666666667,0.5833333333333334,0.5938951183599501,2.4066666666666667,0.6666666666666666,0.6666666666666666,0.625,0.7999999999999999,0.0,0.0,1.7643137254901962,-0.16666666666666666,10.51454217718348,0.21212121212121213
Jeff Wilkins,1997,3.908,0.9305555555555557,0.9272284516932833,3.308,1.0,0.9629629629629629,0.8472222222222222,1.1333333333333333,1.0,0.0,2.764313725490196,-0.3333333333333333,16.44828291792422,0.5428571428571428
Jeff Wilkins,1998,3.949333333333333,1.066919191919192,1.0207631874298542,3.1026666666666665,1.0,0.8962962962962964,0.8472222222222222,1.2761904761904763,1.5,0.0,3.0761538461538467,-0.3333333333333333,17.402211886878554,0.6486486486486487
Jeff Wilkins,1999,3.949333333333333,0.9280303030303031,1.0094657264468585,2.878666666666667,1.0,0.8962962962962964,0.8412698412698413,1.2337662337662338,1.75,0.0,3.0961538461538467,-0.3333333333333333,17.249648913630047,0.6153846153846154
Jeff Wilkins,2000,3.949333333333333,0.816919191919192,0.9586720756532077,3.3106666666666666,1.0,0.9333333333333332,0.9523809523809524,1.567099567099567,1.25,0.0,3.0961538461538467,-0.5,17.334558966540097,0.6190476190476191
Jeff Wilkins,2001,4.0,0.8472222222222223,1.0916187036493408,3.3426666666666667,1.0,1.0,0.9523809523809524,1.424242424242424,1.4166666666666667,0.0,3.0588235294117645,-0.6666666666666666,17.466954498573372,0.7560975609756098
Jeff Wilkins,2002,4.0,0.8448067632850242,1.005888716472202,3.404,1.0,1.0,0.9333333333333332,1.4444444444444444,1.1666666666666667,0.0,2.980392156862745,-0.5,17.279532081064417,0.7333333333333333
Jeff Wilkins,2003,4.0,1.199604743083004,1.256028772494611,3.3093333333333335,1.0,1.0,0.882051282051282,1.3703703703703702,1.6666666666666667,0.0,3.019607843137255,-0.16666666666666666,18.536996344469856,0.9523809523809523
Jeff Wilkins,2004,4.0,1.1541501976284585,1.1335535249698585,3.308,1.0,1.0,0.8264957264957266,1.3703703703703702,1.0,0.0,3.0000000000000004,-0.0,17.792569819464415,0.8095238095238095
Jeff Wilkins,2005,4.0,1.253787878787879,1.197270933530645,3.456,1.0,0.9523809523809524,0.8931623931623932,1.4713804713804715,1.6666666666666667,0.0,3.0976621417797894,-0.16666666666666666,18.821644771022132,0.9555555555555556
Jeff Wilkins,2006,4.0,1.1073232323232323,1.0726908834420736,3.3706666666666667,1.0,0.9523809523809524,0.9444444444444445,1.3371212121212122,1.1666666666666667,0.0,3.0776772247360484,-0.16666666666666666,17.86230461611463,0.8157894736842105
Jeff Wilkins,2007,4.0,1.1527777777777777,1.0621599099907462,3.314666666666666,1.0,0.9107142857142857,0.9523809523809524,1.4140442890442892,1.1666666666666667,0.0,3.057692307692308,-0.16666666666666666,17.864436189267025,0.85
Jess Atkinson,1985,1.2586666666666666,0.1515151515151515,0.1551155115511551,0.7413333333333334,0.3333333333333333,0.2222222222222222,0.25,0.2962962962962963,0.0,0.0,0.9607843137254902,0.0,4.3692668286436485,0.07692307692307693
Jess Atkinson,1986,2.592,0.1515151515151515,0.16575380942349552,0.7413333333333334,0.6666666666666666,0.5555555555555555,0.25,0.2962962962962963,0.0,0.0,0.9607843137254902,0.0,6.379905126515989,0.1794871794871795
Jess Atkinson,1987,3.925333333333333,0.1711229946524064,0.18181806645160795,2.074666666666667,1.0,0.8888888888888888,0.5833333333333334,0.9629629629629629,0.0,0.0,1.5007843137254901,-0.0,11.28891056001469,0.6
Jim Breech,1979,1.2146666666666668,0.4615384615384615,0.41125541125541126,0.8893333333333334,0.23570226039551587,0.3333333333333333,0.2333333333333333,0.28571428571428564,0.0,0.0,1.0,-0.16666666666666666,4.898210418903674,0.1891891891891892
Jim Breech,1980,2.4373333333333336,0.5448717948717948,0.5036248891670578,1.6506666666666667,0.5690355937288492,0.6666666666666666,0.39999999999999997,0.5079365079365079,0.0,0.0,1.875,-0.16666666666666666,8.988468785704208,0.29411764705882354
Jim Breech,1981,3.718666666666667,0.9308367071524967,0.9158112690953732,2.568,0.9023689270621825,0.9393939393939394,0.6592592592592592,0.810966810966811,1.0,0.0,2.9158163265306123,-0.3333333333333333,15.027786572794009,0.6666666666666666
Jim Breech,1982,3.7866666666666666,0.9359649122807018,0.9424643545719881,2.7159999999999997,1.0,0.9393939393939394,0.7037037037037037,0.9252525252525251,1.5,0.0,2.9574829931972793,-0.3333333333333333,16.07359576173347,0.9210526315789473
Jim Breech,1983,3.8319999999999994,1.1489278752436647,1.1430241695896344,2.8826666666666667,1.0,0.9393939393939394,0.7751322751322752,0.9696969696969697,1.5,0.0,3.004051620648259,-0.6666666666666666,16.52822684970474,0.8857142857142857
Jim Breech,1984,3.8840000000000003,1.1296296296296295,1.0741711229946524,2.9120000000000004,1.0,0.9666666666666667,0.7936507936507936,1.1666666666666667,0.5,0.0,2.88631221719457,-0.5,15.813097096802977,0.6571428571428571
Jim Breech,1985,3.8813333333333335,1.0265993265993265,1.0323022302230223,2.844,1.0,0.9249999999999999,0.8235653235653236,1.211111111111111,0.1666666666666666,0.0,2.8838612368024137,-0.3333333333333333,15.461105894967865,0.5897435897435898
Jim Breech,1986,3.92,1.028548644338118,1.0975289656625238,2.624,0.9023689270621825,0.8583333333333334,0.8235653235653236,1.1825396825396826,0.6666666666666666,0.0,2.9622926093514335,-0.16666666666666666,15.899177485852595,0.6153846153846154
Jim Breech,1987,3.8213333333333335,1.132470212965569,1.1437538652609174,2.7439999999999998,0.9023689270621825,0.844047619047619,0.8791208791208792,1.046176046176046,0.6666666666666666,0.0,2.95921568627451,-0.16666666666666666,15.972486569241056,0.8
Jim Breech,1988,3.8066666666666666,0.9521671826625387,1.0535561856991469,2.692,0.9023689270621825,0.8857142857142858,0.8214285714285715,0.8683982683982684,0.5,0.0,2.8200000000000003,-0.16666666666666666,15.135633420964993,0.5641025641025641
Jim Breech,1989,3.798666666666667,0.8443977591036415,0.9515405082075453,3.1266666666666665,1.0,0.9523809523809524,0.8333333333333334,0.6303030303030303,0.0,0.0,2.58,-0.0,14.717288916661836,0.4166666666666667
Jim Breech,1990,3.8066666666666666,0.6571428571428571,0.8953156086091517,3.14,1.0,1.0,0.7777777777777778,0.7111111111111111,0.0,0.0,2.5799999999999996,-0.16666666666666666,14.401347354640897,0.34375
Jim Breech,1991,3.8746666666666663,0.8388888888888889,0.9228070175438597,3.28,1.0,0.9666666666666667,0.7944444444444444,1.0,0.3333333333333333,0.0,2.6415384615384614,-0.3333333333333333,15.319012145748987,0.42424242424242425
Jim Breech,1992,3.909333333333333,0.9817460317460317,0.982078853046595,3.076,1.0,0.9666666666666667,0.8777777777777778,1.2424242424242424,0.3333333333333333,0.0,2.804615384615385,-0.3333333333333333,15.840642289610031,0.53125
Jim Gallery,1987,1.2906666666666666,0.17647058823529413,0.2289156626506024,0.632,0.3333333333333333,0.26666666666666666,0.09523809523809523,0.28571428571428564,0.0,0.0,0.96,-0.16666666666666666,4.102338631838278,0.26666666666666666
Jim Gallery,1988,1.2906666666666666,0.17647058823529413,0.2289156626506024,0.632,0.3333333333333333,0.26666666666666666,0.09523809523809523,0.28571428571428564,0.0,0.0,0.96,-0.16666666666666666,4.102338631838278,0.15384615384615385
Jim Gallery,1989,2.624,0.20821661998132587,0.2955823293172691,1.0759999999999998,0.6666666666666666,0.6,0.09523809523809523,0.45238095238095233,0.0,0.0,1.8999999999999997,-0.3333333333333333,7.584751330250977,0.2222222222222222
Jim O'Brien,1970,1.2626666666666666,0.3333333333333333,0.35227272727272735,0.7453333333333334,0.28867513459481287,0.2222222222222222,0.14814814814814814,0.39999999999999997,0.0,0.0,0.979591836734694,-0.3333333333333333,4.3989100689726035,0.6153846153846154
Jim O'Brien,1971,2.558666666666667,0.7254901960784315,0.7204897815362932,1.6653333333333336,0.6220084679281462,0.5138888888888888,0.39814814814814814,0.703030303030303,0.5,0.0,2.0,-0.6666666666666666,9.740389118943542,0.8888888888888888
Jim O'Brien,1972,3.892,0.9421568627450981,0.9415424131152407,2.224,0.8941739949040549,0.7638888888888888,0.5231481481481481,0.8141414141414142,0.5,0.0,2.857142857142857,-0.6666666666666666,13.685527912419033,0.8333333333333334
Jim O'Brien,1973,3.962666666666667,0.7358076563958917,0.7240214588921585,2.2399999999999998,0.9388321936425754,0.6527777777777778,0.6527777777777778,0.4141414141414141,0.5,0.0,2.6900510204081627,-0.3333333333333333,13.177742632369089,0.6818181818181818
Jim Turner,1970,1.3333333333333333,0.3333333333333333,0.32196969696969696,0.7240000000000001,0.3333333333333333,0.2962962962962963,0.21212121212121213,0.13333333333333333,0.0,0.0,0.8571428571428571,-0.16666666666666666,4.37819672919673,0.5384615384615384
Jim Turner,1971,2.6666666666666665,0.823529411764706,0.6824348132487668,1.6013333333333335,0.6476030138606877,0.4962962962962963,0.4545454545454546,0.4666666666666666,0.0,0.0,1.857142857142857,-0.3333333333333333,9.362885180192102,0.8333333333333334
Jim Turner,1972,4.0,1.1568627450980393,1.0227856904417492,2.521333333333333,0.9809363471940212,0.7185185185185184,0.7045454545454546,0.8303030303030302,0.0,0.0,2.857142857142857,-0.5,14.292427976577002,0.8888888888888888
Jim Turner,1973,4.0,1.1727357609710551,1.0767025182947474,2.686666666666667,0.9809363471940212,0.7555555555555555,0.7887205387205386,0.9191919191919191,0.20000000000000004,0.0,3.0416666666666665,-0.6666666666666666,14.955509306594502,0.9545454545454546
Jim Turner,1974,3.894666666666667,1.0158730158730158,1.0545458597271204,2.508,0.6666666666666666,0.8055555555555555,0.832010582010582,0.7525252525252525,0.20000000000000004,0.0,2.976449275362319,-0.6666666666666666,14.039626207720511,0.7916666666666666
Jim Turner,1975,3.7413333333333334,1.221001221001221,1.0770641808463741,2.588,0.6666666666666666,0.8425925925925926,0.8412698412698413,0.8333333333333334,0.8666666666666667,0.0,3.080615942028986,-1.0,14.758543777739016,0.8695652173913043
Jim Turner,1976,3.638666666666667,1.205128205128205,1.066042520888544,2.6506666666666665,0.6666666666666666,0.8009259259259259,0.8116402116402117,0.8968253968253967,0.6666666666666666,0.0,3.018115942028986,-1.1666666666666667,14.25467820243727,0.8888888888888888
Jim Turner,1977,3.6266666666666665,1.205128205128205,1.1102477243792868,2.8640000000000003,1.0,0.8009259259259259,0.7592592592592592,1.13015873015873,0.6666666666666666,0.0,3.104609929078014,-1.3333333333333333,14.934329773929422,0.967741935483871
Jim Turner,1978,3.628,0.9285714285714285,1.035666814355339,2.530666666666667,1.0,0.7916666666666666,0.6428571428571429,1.019047619047619,0.0,0.0,2.957890070921986,-1.0,13.534366409086848,0.65625
Jim Turner,1979,3.6519999999999997,0.9285714285714285,0.9781612568497814,2.404,1.0,0.7592592592592592,0.5428571428571428,0.9555555555555554,0.0,0.0,3.0212765957446805,-0.6666666666666666,13.57501457217118,0.7027027027027027
Joe Cooper,1984,1.3333333333333333,0.18333333333333335,0.15333333333333335,1.128,0.3333333333333333,0.3333333333333333,0.3333333333333333,0.39999999999999997,0.0,0.0,0.8461538461538461,-0.16666666666666666,4.877487179487179,0.08571428571428572
Joe Cooper,1985,1.3333333333333333,0.18333333333333335,0.15333333333333335,1.128,0.3333333333333333,0.3333333333333333,0.3333333333333333,0.39999999999999997,0.0,0.0,0.8461538461538461,-0.16666666666666666,4.877487179487179,0.1282051282051282
Joe Cooper,1986,2.6666666666666665,0.21842105263157896,0.18879432624113476,1.7946666666666669,0.6666666666666666,0.6666666666666666,0.3333333333333333,0.39999999999999997,0.0,0.0,1.257918552036199,-0.3333333333333333,7.859800597575579,0.23076923076923078
Joe Danelo,1975,1.16,0.28205128205128205,0.22362869198312238,0.9173333333333332,0.3333333333333333,0.2857142857142857,0.2222222222222222,0.26666666666666666,0.0,0.0,1.0,-0.3333333333333333,4.357616481970912,0.08695652173913043
Joe Danelo,1976,2.4293333333333336,0.4598290598290598,0.42182689018132064,1.4253333333333333,0.6666666666666666,0.6190476190476191,0.3131313131313131,0.26666666666666666,0.25,0.0,2.0416666666666665,-0.8333333333333334,8.060168215522646,0.3333333333333333
Joe Danelo,1977,3.6959999999999997,0.8188034188034189,0.755160223514654,2.2373333333333334,1.0,0.9107142857142857,0.5131313131313131,0.48888888888888893,0.5833333333333334,0.0,3.12677304964539,-0.8333333333333334,13.296804513031283,0.6451612903225806
Joe Danelo,1978,3.7773333333333334,1.0367521367521366,0.936936936936937,2.2853333333333334,1.0,0.875,0.49924242424242427,0.7777777777777778,1.25,0.0,3.233156028368794,-0.5,15.171531970744736,0.90625
Joe Danelo,1979,3.796,1.0897435897435896,0.9768339768339769,2.377333333333333,1.0,0.875,0.6305555555555555,1.02020202020202,1.0,0.0,3.2340425531914896,-0.16666666666666666,15.833044362193297,0.8918918918918919
Joe Danelo,1980,3.814666666666666,1.064102564102564,0.9447054627777519,2.4546666666666668,1.0,0.8611111111111112,0.6527777777777778,1.3535353535353536,1.0,0.0,3.211436170212766,-0.16666666666666666,16.19033510618399,0.9117647058823529
Joe Danelo,1981,3.9066666666666663,0.9851551956815113,0.9084756846124898,2.332,1.0,0.8703703703703703,0.7037037037037037,1.1616161616161615,0.7083333333333334,0.0,3.2275021710811984,-0.16666666666666666,15.637156620398768,0.7878787878787878
Joe Danelo,1982,3.952,1.1543859649122805,1.02332162298784,2.493333333333333,1.0,0.8703703703703703,0.7195767195767195,1.0858585858585859,0.7083333333333334,0.0,3.122448979591837,-0.16666666666666666,15.962962243297632,0.8157894736842105
Joe Danelo,1983,3.924,1.0062378167641326,0.9342380158319438,2.2706666666666666,1.0,0.7592592592592592,0.7751322751322752,0.8636363636363636,0.375,0.0,3.0011254501800715,-0.3333333333333333,14.57596251413738,0.5714285714285714
Joe Danelo,1984,3.924,0.7185185185185184,0.7017290552584671,2.0946666666666665,1.0,0.8333333333333334,0.6825396825396827,0.5,0.3333333333333333,0.0,2.8786764705882355,-0.6666666666666666,13.000130393571572,0.37142857142857144
Joe Nedney,1996,1.296,0.25,0.27469135802469136,0.828,0.3333333333333333,0.3333333333333333,0.21212121212121213,0.25,0.0,0.0,0.88,0.0,4.657479236812571,0.06060606060606061
Joe Nedney,1997,2.6293333333333333,0.40277777777777773,0.4366851274950963,1.6906666666666668,0.6666666666666666,0.6666666666666666,0.5454545454545454,0.5357142857142857,0.0,0.0,1.7453846153846155,0.0,9.319349685159654,0.2
Joe Nedney,1998,3.962666666666667,0.5997474747474748,0.6690083598183286,2.6026666666666665,1.0,1.0,0.8787878787878788,0.9523809523809522,0.25,0.0,2.7646153846153845,-0.16666666666666666,14.513206717016686,0.3783783783783784
Joe Nedney,1999,4.0,0.41919191919191917,0.48236731625904605,2.7266666666666666,1.0,1.0,1.0,0.7023809523809522,0.75,0.0,2.9042232277526394,-0.16666666666666666,14.818163415584557,0.3333333333333333
Joe Nedney,2000,4.0,0.7386363636363636,0.7203735467886411,3.0573333333333337,1.0,1.0,0.9583333333333334,0.9500000000000001,1.3499999999999999,0.0,3.0584464555052784,-0.3333333333333333,16.499789699263616,0.5714285714285714
Joe Nedney,2001,3.9613333333333336,0.8315217391304349,0.798281337567719,3.0973333333333333,1.0,1.0,0.9583333333333334,0.888888888888889,1.7,0.0,3.0392156862745097,-0.16666666666666666,17.108240985194886,0.6341463414634146
Joe Nedney,2002,3.9613333333333336,1.1243961352657006,1.069454324073184,3.22,1.0,1.0,0.9027777777777778,1.3055555555555556,1.2,0.0,3.058823529411765,-0.8333333333333334,17.009007322083985,0.6666666666666666
Joe Nedney,2003,2.628,0.6673254281949933,0.6792582456418114,3.36,1.0,1.0,0.9444444444444445,1.4388888888888889,1.5999999999999999,0.0,3.0196078431372553,-0.6666666666666666,15.670858183640727,0.47619047619047616
Joe Nedney,2004,1.3333333333333333,0.3774703557312253,0.3690272225395011,2.408,0.6666666666666666,0.6666666666666666,0.6111111111111112,1.0833333333333333,1.0,0.0,2.0196078431372553,-0.6666666666666666,9.868549865852428,0.23809523809523808
Joe Nedney,2005,1.3333333333333333,0.37626262626262624,0.31483536810950796,2.572,0.6666666666666666,0.6666666666666666,0.6363636363636364,1.3333333333333333,1.0,0.0,2.0573152337858223,0.0,10.956776864521593,0.35555555555555557
Joe Nedney,2006,2.6666666666666665,0.7638888888888888,0.6664021630517839,2.344,0.6666666666666666,0.6388888888888888,0.5696969696969697,1.1851851851851851,1.0,0.0,2.057692307692308,0.0,12.559087736737359,0.34210526315789475
Joe Nedney,2007,4.0,1.0,0.8817413960901321,3.537333333333333,1.0,0.9722222222222222,0.903030303030303,1.8518518518518519,1.3333333333333333,0.0,3.0192307692307687,-0.0,18.498743209091945,0.9
Joe Nedney,2008,4.0,0.9969135802469135,0.9156455237789434,3.4706666666666663,1.0,0.9722222222222222,0.9333333333333332,1.6700336700336702,1.9333333333333333,0.0,2.942307692307692,-0.3333333333333333,18.50112268858944,0.8780487804878049
Joe Nedney,2009,4.0,0.8302469135802469,0.8342748072680398,3.4453333333333336,1.0,1.0,0.9583333333333334,1.595959595959596,1.4333333333333333,0.0,2.942307692307692,-0.5,17.539789009115577,0.6976744186046512
Joe Nedney,2010,4.0,0.7469135802469137,0.7761682786322076,3.3800000000000003,1.0,1.0,0.9583333333333334,1.2626262626262625,1.0999999999999999,0.0,2.943033381712627,-0.5,16.667074836551347,0.4318181818181818
John Carney,1988,1.3333333333333333,0.03333333333333333,0.041237113402061834,0.5333333333333333,0.3333333333333333,0.2222222222222222,0.0,0.0,0.0,0.0,0.58,-0.3333333333333333,2.7434593356242836,0.05128205128205128
John Carney,1989,1.3333333333333333,0.03333333333333333,0.041237113402061834,0.5333333333333333,0.3333333333333333,0.2222222222222222,0.0,0.0,0.0,0.0,0.58,-0.3333333333333333,2.7434593356242836,0.0
John Carney,1990,2.6186666666666665,0.35000000000000003,0.3455849394890184,1.7400000000000002,0.6666666666666666,0.5555555555555555,0.2857142857142857,0.6666666666666666,0.0,0.0,1.4400000000000002,-0.3333333333333333,8.335521447425526,0.125
John Carney,1991,2.6186666666666665,0.6182539682539683,0.609903381642512,2.08,0.6666666666666666,0.6666666666666666,0.5357142857142857,0.9333333333333332,0.5,0.0,1.8984615384615384,0.0,11.12766650740564,0.24242424242424243
John Carney,1992,3.952,1.0743943191311613,1.0149213027894655,3.1626666666666665,1.0,0.9761904761904763,0.7738095238095238,1.5166666666666666,0.8333333333333334,0.0,2.86,-0.16666666666666666,16.997315621920627,0.71875
John Carney,1993,3.9186666666666667,1.1710609857978278,1.1042242703533025,2.989333333333333,1.0,0.9761904761904763,0.7626050420168067,1.238888888888889,1.5,0.0,2.9622641509433962,-0.16666666666666666,17.45656714752403,0.8
John Carney,1994,3.9186666666666667,1.3846251993620413,1.2578523882671349,3.3093333333333335,1.0,0.9761904761904763,0.84593837535014,1.3425925925925926,2.0,0.0,2.923802612481858,-0.16666666666666666,18.79233497757758,0.9696969696969697
John Carney,1995,3.8786666666666663,1.220151515151515,1.1433543447960224,3.3040000000000003,1.0,1.0,0.9108734402852049,1.1592592592592592,1.6666666666666667,0.0,2.844617092119867,-0.0,18.127588984945202,0.9444444444444444
John Carney,1996,3.9599999999999995,1.2095959595959596,1.1139010820094262,3.345333333333334,1.0,0.9487179487179488,0.9696969696969697,1.1592592592592592,2.0,0.0,2.942352941176471,-0.0,18.648857493789365,1.0
John Carney,1997,3.9599999999999995,0.7916666666666666,0.7357142932752408,3.485333333333333,1.0,0.9487179487179488,0.9696969696969697,1.4555555555555557,1.0,0.0,2.7308144796380094,-0.0,17.077499246883722,0.6285714285714286
John Carney,1998,4.0,0.893939393939394,0.7717937421987265,3.564,1.0,0.9209401709401709,1.0,1.5888888888888888,1.6666666666666667,0.0,2.8869230769230767,-0.16666666666666666,18.126485272890257,0.8648648648648649
John Carney,1999,3.9426666666666663,0.9217171717171717,0.7692314314603151,3.637333333333333,1.0,0.9722222222222222,0.9166666666666666,1.7,1.6666666666666667,0.0,2.807315233785822,-0.5,17.833819392518865,0.7435897435897436
John Carney,2000,3.9426666666666663,1.0744949494949496,0.9453774038679699,3.264,1.0,0.9722222222222222,0.8214285714285715,1.5,2.1666666666666665,0.0,3.0776772247360484,-0.5,18.264533705083092,0.9047619047619048
John Carney,2001,3.9426666666666663,1.0718599033816425,0.9917153709980163,3.2693333333333334,1.0,1.0,0.8214285714285715,1.4111111111111112,2.5,0.0,3.019607843137255,-0.3333333333333333,18.694389466723262,0.9512195121951219
John Carney,2002,4.0,1.0905797101449275,1.0507921249822625,3.302666666666667,1.0,1.0,0.8534798534798536,1.5222222222222221,1.5,0.0,2.980392156862745,-0.0,18.300132734358677,0.8666666666666667
John Carney,2003,3.964,1.1739130434782608,1.1269826011727389,3.3200000000000003,1.0,1.0,0.8931623931623932,1.4259259259259258,1.3333333333333333,0.0,2.901960784313726,-0.16666666666666666,17.972611414719708,0.8809523809523809
John Carney,2004,3.964,1.115942028985507,1.1007119741100324,3.2453333333333334,1.0,1.0,0.8264957264957266,1.537037037037037,1.0,0.0,2.9607843137254903,-0.3333333333333333,17.416971080353793,0.7142857142857143
John Carney,2005,3.964,1.013888888888889,0.9850314465408806,3.1053333333333337,1.0,0.9743589743589745,0.7666666666666667,1.3703703703703702,1.5,0.0,2.961915535444948,-0.3333333333333333,17.30823188227073,0.7555555555555555
John Carney,2006,3.972,1.0,1.009953564920943,3.3546666666666667,1.0,0.9743589743589745,0.7805555555555556,1.5555555555555556,1.3333333333333333,0.0,2.9622926093514335,-0.5,17.442716259742465,0.6578947368421053
John Carney,2007,3.924,0.8333333333333334,0.849127606218878,3.410666666666667,1.0,0.9743589743589745,0.8472222222222222,1.3333333333333333,0.6666666666666666,0.0,2.7115384615384617,-0.3333333333333333,16.216913931005205,0.45
John Carney,2008,3.924,0.91820987654321,0.9446563837676333,3.5973333333333333,1.0,1.0,0.936111111111111,1.3650793650793653,0.5666666666666667,0.0,2.7314949201741654,-0.8333333333333334,16.150218323342152,0.3902439024390244
John Carney,2009,3.9013333333333335,0.7793209876543211,0.8830675987209041,3.3906666666666667,1.0,1.0,0.8527777777777777,1.253968253968254,0.4000000000000001,0.0,2.635341074020319,-0.5,15.596475692141576,0.3488372093023256
John Carney,2010,3.949333333333333,0.6820987654320988,0.7538306643412082,3.3586666666666667,1.0,0.8333333333333334,0.8527777777777777,1.4759682539682542,0.4000000000000001,0.0,2.450653120464441,-0.5,15.256661915317116,0.3181818181818182
John Hall,1997,1.3333333333333333,0.3888888888888889,0.37383177570093457,0.9106666666666667,0.3333333333333333,0.30303030303030304,0.21568627450980393,0.2222222222222222,0.6666666666666666,0.0,1.0576923076923077,-0.16666666666666666,5.638685105377793,0.11428571428571428
John Hall,1998,2.6373333333333333,0.7676767676767677,0.7778721797413386,1.8626666666666667,0.6666666666666666,0.6363636363636364,0.4464555052790347,0.6222222222222222,1.0,0.0,2.0961538461538463,-0.3333333333333333,11.180077490770179,0.24324324324324326
John Hall,1999,3.8786666666666663,1.142676767676768,1.1174948212507727,2.953333333333333,1.0,0.8863636363636364,0.779788838612368,1.011111111111111,1.0,0.0,3.037330316742081,-0.5,16.306765491756735,0.5128205128205128
John Hall,2000,3.8786666666666663,1.0454545454545456,1.0389011407879334,2.917333333333333,1.0,0.8796296296296297,0.8141025641025642,1.1222222222222225,0.6666666666666666,0.0,2.9796380090497734,-0.5,15.842614777913335,0.5476190476190477
John Hall,2001,3.908,1.0144927536231885,0.9780950601798724,2.9973333333333336,1.0,0.8796296296296297,0.8214285714285715,1.2407407407407407,0.7333333333333334,0.0,2.980392156862745,-0.3333333333333333,16.22011224579808,0.4878048780487805
John Hall,2002,3.9279999999999995,0.9873188405797101,0.984750735822542,2.9386666666666668,1.0,0.9629629629629629,0.760822510822511,1.2518518518518518,0.7333333333333334,0.0,2.9411764705882355,-0.16666666666666666,16.322216705961146,0.6222222222222222
John Hall,2003,3.8786666666666663,1.0744400527009221,1.019578000061571,3.074666666666667,1.0,1.0,0.7700817700817701,1.362962962962963,0.4000000000000001,0.0,3.0000000000000004,-0.0,16.58039611914056,0.5952380952380952
John Hall,2004,3.8786666666666663,0.8478260869565218,0.7996770099625611,3.012,1.0,1.0,0.8653198653198654,1.0666666666666667,0.0,0.0,2.862745098039216,-0.0,15.332901393611499,0.38095238095238093
John Hall,2005,3.9506666666666668,0.6666666666666666,0.6515119003576273,3.122666666666667,1.0,1.0,0.9259259259259259,1.2222222222222223,0.0,0.0,2.8261689291101058,-0.16666666666666666,15.199162310949214,0.4666666666666667
John Hall,2006,4.0,0.41287878787878785,0.4335960735907835,3.202666666666666,1.0,1.0,1.0,1.1111111111111112,0.0,0.0,2.6519607843137254,-0.16666666666666666,14.64554675689441,0.3684210526315789
John Kasay,1991,1.2853333333333332,0.3968253968253968,0.3541666666666667,1.0746666666666667,0.3333333333333333,0.2777777777777778,0.2619047619047619,0.5714285714285714,0.6666666666666666,0.0,1.0384615384615383,-0.16666666666666666,6.0938980463980466,0.18181818181818182
John Kasay,1992,2.6186666666666665,0.642439431913116,0.5548835125448028,1.922666666666667,0.6666666666666666,0.5444444444444444,0.5043290043290044,0.7936507936507936,0.6666666666666666,0.0,1.8653846153846152,-0.3333333333333333,10.44646513560011,0.21875
John Kasay,1993,3.952,0.9491060985797827,0.8659946236559138,3.017333333333333,1.0,0.8777777777777778,0.8073593073593074,1.2380952380952381,1.2666666666666666,0.0,2.903120464441219,-0.6666666666666666,16.210786843242573,0.5333333333333333
John Kasay,1994,3.949333333333333,0.855311004784689,0.8009436032477506,3.0533333333333332,1.0,0.9333333333333332,0.8787878787878789,1.111111111111111,1.0999999999999999,0.0,2.8646589259796804,-0.8333333333333334,15.713479190577777,0.48484848484848486
John Kasay,1995,3.9013333333333335,0.9708080808080809,0.9213276748008071,3.2560000000000002,1.0,1.0,0.8744588744588745,1.3888888888888886,2.1,0.0,3.0573436921938586,-0.8333333333333334,17.636827211150507,0.8333333333333334
John Kasay,1996,3.862666666666667,1.178030303030303,1.057747427887227,3.257333333333333,1.0,1.0,0.876984126984127,1.4111111111111112,1.9285714285714286,0.0,3.079607843137255,-0.5,18.15205224072145,0.9696969696969697
John Kasay,1997,3.9133333333333336,1.1805555555555556,1.0521208782019322,3.2746666666666666,1.0,0.9523809523809524,0.876984126984127,1.6333333333333335,1.9285714285714286,0.0,3.118069381598793,-0.3333333333333333,18.596682323292786,0.9714285714285714
John Kasay,1998,3.889333333333333,1.1073232323232325,1.0407842705350492,3.1986666666666665,1.0,0.9523809523809524,0.9055555555555556,1.5777777777777775,1.5,0.0,3.1753846153846155,-0.3333333333333333,18.01387307062385,0.8378378378378378
John Kasay,1999,3.9279999999999995,0.8989898989898989,0.9045741610544996,3.276,1.0,0.9523809523809524,0.9333333333333332,1.6666666666666667,1.5714285714285714,0.0,3.1349924585218703,-0.3333333333333333,17.933032709042457,0.7692307692307693
John Kasay,2000,2.5946666666666665,0.5934343434343434,0.6210850644812909,2.148,0.6666666666666666,0.6666666666666666,0.6,1.0,1.0714285714285714,0.0,2.096530920060332,-0.16666666666666666,11.89181223273787,0.35714285714285715
John Kasay,2001,2.6093333333333333,0.6388888888888888,0.6116507877202815,2.2680000000000002,0.6666666666666666,0.6666666666666666,0.6666666666666666,1.0740740740740742,1.0,0.0,2.0392156862745097,0.0,12.241162770291089,0.4146341463414634
John Kasay,2002,2.6093333333333333,0.36231884057971014,0.3359287385049184,1.6280000000000001,0.6666666666666666,0.6666666666666666,0.4666666666666666,0.5185185185185185,0.5,0.0,1.549019607843137,-0.16666666666666666,9.13645237211295,0.28888888888888886
John Kasay,2003,3.8986666666666667,0.847167325428195,0.7444254705310623,2.750666666666666,1.0,1.0,0.7166666666666667,1.0826210826210827,1.0,0.0,2.588235294117647,-0.16666666666666666,15.461782506031321,0.38095238095238093
John Kasay,2004,3.908,0.8017127799736495,0.7240954375277621,2.808,1.0,1.0,0.7166666666666667,0.8974358974358975,0.8333333333333334,0.0,2.627450980392157,-0.5,14.816695095329464,0.3333333333333333
John Kasay,2005,3.877333333333333,1.1338383838383839,1.068999876680232,3.2946666666666666,1.0,1.0,0.9166666666666666,1.3418803418803418,0.8333333333333334,0.0,3.0980392156862746,-0.3333333333333333,17.231424484751898,0.7333333333333333
John Kasay,2006,3.921333333333333,0.9823232323232323,0.9720296244048668,3.357333333333333,1.0,1.0,1.0,1.4444444444444444,1.3333333333333333,0.0,3.0972850678733033,-0.5,17.608082369045846,0.7105263157894737
John Kasay,2007,3.969333333333333,1.0277777777777777,0.9840650226349554,3.3480000000000003,1.0,1.0,0.9629629629629629,1.5555555555555554,1.0,0.0,3.057692307692308,-0.3333333333333333,17.57205362662356,0.775
John Kasay,2008,4.0,1.0123456790123457,0.9677075362441726,3.532,1.0,1.0,0.9629629629629629,1.722222222222222,1.75,0.0,3.0010885341074016,-0.3333333333333333,18.614993601215772,0.9024390243902439
John Kasay,2009,3.9586666666666663,0.9845679012345679,0.9795143898267273,3.4333333333333336,1.0,1.0,0.9296296296296296,1.611111111111111,1.0,0.0,2.924165457184325,-0.5,17.320988488986362,0.6046511627906976
John Kasay,2010,3.9586666666666663,0.9984567901234568,0.9767871676972676,3.44,1.0,1.0,0.9666666666666667,1.6904761904761905,1.6666666666666667,0.0,2.94267053701016,-0.3333333333333333,18.307057351973743,0.8181818181818182
John Kasay,2011,3.9586666666666663,1.0261111111111112,1.0278957467220977,3.3346666666666667,1.0,1.0,0.9666666666666667,1.496031746031746,0.9166666666666666,0.0,2.9992743105950654,-0.5,17.225979581126683,0.5263157894736842
John Leypoldt,1971,1.3333333333333333,0.17647058823529413,0.15116279069767438,0.7999999999999999,0.3333333333333333,0.0,0.3333333333333333,0.5555555555555556,0.0,0.0,1.0,-0.8333333333333334,3.8498556011551908,0.3888888888888889
John Leypoldt,1972,2.622666666666667,0.4431372549019608,0.4213382292941656,1.6893333333333331,0.6666666666666666,0.26666666666666666,0.6190476190476191,0.8518518518518517,0.0,0.0,1.9795918367346939,-0.8333333333333334,8.726966791830291,0.4444444444444444
John Leypoldt,1973,3.956,0.7764705882352941,0.7404871654643784,2.622666666666667,1.0,0.4666666666666666,0.8968253968253969,1.1851851851851851,0.5,0.0,3.062925170068027,-1.3333333333333333,13.873893505778282,0.8181818181818182
John Leypoldt,1974,3.7720000000000002,1.1757575757575758,0.9972845737716791,2.5906666666666665,1.0,0.7333333333333334,0.7857142857142857,0.9074074074074074,0.5,0.0,3.08466430050281,-0.8333333333333334,14.713494809820425,0.875
John Leypoldt,1975,3.676,1.1398601398601398,1.0562230592258208,2.4506666666666663,0.6666666666666666,0.7999999999999999,0.7666666666666667,0.8968253968253967,0.5,0.0,3.0425724637681157,-1.0,13.995481059679475,0.8260869565217391
John Leypoldt,1976,3.516,0.9843045843045845,0.9442813302628151,2.228,0.6666666666666666,0.8222222222222223,0.5722222222222223,1.0396825396825398,0.0,0.0,2.9592391304347827,-1.0,12.732618695795834,0.6296296296296297
John Leypoldt,1977,3.5559999999999996,0.6393162393162394,0.8641899837168565,2.1266666666666665,0.5690355937288492,0.7777777777777777,0.5166666666666667,1.2619047619047619,0.20000000000000004,0.0,3.0226063829787235,-1.0,12.53416407275654,0.5483870967741935
John Leypoldt,1978,3.4293333333333336,0.45616605616605616,0.5801211047112687,2.266666666666667,0.9023689270621825,0.611111111111111,0.5833333333333334,1.4208571428571428,0.20000000000000004,0.0,2.9148936170212765,-0.8333333333333334,12.531517958929037,0.5
John Smith,1974,1.3026666666666666,0.48484848484848486,0.44776119402985076,0.9693333333333333,0.3333333333333333,0.2857142857142857,0.26666666666666666,0.26666666666666666,0.0,0.0,1.0,-0.6666666666666666,4.690323964592622,0.25
John Smith,1975,2.6359999999999997,0.7156177156177156,0.7009257509918762,1.6746666666666667,0.6666666666666666,0.6190476190476191,0.5444444444444444,0.43333333333333335,0.0,0.0,1.9583333333333333,-0.6666666666666666,9.28236886343499,0.5217391304347826
John Smith,1976,3.8533333333333335,1.048951048951049,1.092817642883768,2.4746666666666663,0.6666666666666666,0.9523809523809524,0.7666666666666666,0.7666666666666666,0.0,0.0,2.9791666666666665,-0.6666666666666666,13.934649644215769,0.7777777777777778
John Smith,1977,3.8840000000000003,0.9487179487179486,1.0712859570506386,2.457333333333333,0.6666666666666666,0.9444444444444445,0.7666666666666667,0.6666666666666666,0.0,0.0,2.9153368794326244,-0.16666666666666666,14.154451896312322,0.8387096774193549
John Smith,1978,3.6933333333333334,0.7417582417582417,0.8586619406291538,3.0853333333333333,0.6666666666666666,0.9444444444444445,0.8222222222222223,1.1666666666666667,0.0,0.0,2.467641843971631,-0.16666666666666666,14.280062026359026,0.875
John Smith,1979,3.7279999999999998,0.9981684981684981,0.9646055465727597,3.2146666666666666,1.0,0.9444444444444445,0.8820512820512821,1.1190476190476188,0.0,0.0,2.446808510638298,-0.3333333333333333,14.964459234256234,0.7837837837837838
John Smith,1980,3.728,1.1552197802197801,1.0564483275326648,3.282666666666666,1.0,1.0,0.8534798534798534,1.238095238095238,0.0,0.0,2.427304964539007,-0.6666666666666666,15.074548163866545,0.7352941176470589
John Smith,1981,3.8506666666666667,1.3945681511470986,1.3098145970279667,2.782666666666667,1.0,1.0,0.6312576312576312,1.0476190476190474,0.25,0.0,2.937074829931973,-1.0,15.203667590317052,0.7272727272727273
John Smith,1982,3.7413333333333334,0.9714912280701755,0.9492340011532532,2.686666666666667,0.6666666666666666,1.0,0.6825396825396824,0.9841269841269842,0.25,0.0,2.812074829931973,-0.8333333333333334,13.9108000591554,0.5263157894736842
John Smith,1983,3.4746666666666663,0.48538011695906436,0.5018687827036973,2.3333333333333335,0.6666666666666666,1.0,0.5277777777777778,1.365079365079365,0.25,0.0,2.7385454181672664,-0.3333333333333333,13.009984794020504,0.4857142857142857
Jose Cortez,2001,1.3333333333333333,0.2608695652173913,0.3333333333333333,0.96,0.23570226039551587,0.2857142857142857,0.2857142857142857,0.3333333333333333,0.5,0.0,1.0196078431372548,-0.16666666666666666,5.380941573512068,0.17073170731707318
Jose Cortez,2002,2.6666666666666665,0.5942028985507246,0.6666666666666666,1.9186666666666667,0.5690355937288492,0.5677655677655677,0.582010582010582,0.6,1.5,0.0,1.9019607843137252,-0.3333333333333333,11.233642093036117,0.37777777777777777
Jose Cortez,2003,2.6666666666666665,0.5942028985507246,0.6666666666666666,1.9186666666666667,0.5690355937288492,0.5677655677655677,0.582010582010582,0.6,1.5,0.0,1.9019607843137252,-0.3333333333333333,11.233642093036117,0.2619047619047619
Jose Cortez,2004,1.3333333333333333,0.3333333333333333,0.3333333333333333,0.9586666666666667,0.3333333333333333,0.28205128205128205,0.2962962962962963,0.26666666666666666,1.0,0.0,0.8823529411764706,-0.16666666666666666,5.852700519524049,0.11904761904761904
Jose Cortez,2005,1.2626666666666666,0.16666666666666666,0.16981132075471697,0.9413333333333332,0.3333333333333333,0.2777777777777778,0.26666666666666666,0.3333333333333333,0.0,0.0,0.8653846153846154,0.0,4.616973713917111,0.13333333333333333
Josh Brown,2003,1.3333333333333333,0.3333333333333333,0.37254901960784315,0.9773333333333333,0.3333333333333333,0.3333333333333333,0.30303030303030304,0.3636363636363636,0.5714285714285714,0.0,1.1372549019607845,-0.16666666666666666,5.891899159663865,0.16666666666666666
Josh Brown,2004,2.6666666666666665,0.6818181818181818,0.7358823529411765,2.204,0.6666666666666666,0.6666666666666666,0.5993265993265994,0.935064935064935,0.5714285714285714,0.0,2.196078431372549,-0.16666666666666666,11.756932405285346,0.2619047619047619
Josh Brown,2005,3.9760000000000004,0.9318181818181818,1.0817943026267112,3.164,1.0,1.0,0.8659932659932661,1.3160173160173159,1.1714285714285715,0.0,3.253770739064857,-0.6666666666666666,17.094155710282234,0.6444444444444445
Josh Brown,2006,3.9760000000000004,0.9457070707070706,1.0550396755422324,3.2613333333333334,1.0,1.0,0.801058201058201,1.470899470899471,1.2666666666666666,0.0,3.154977375565611,-0.5,17.431681793772587,0.631578947368421
Josh Brown,2007,3.9760000000000004,0.9861111111111112,1.0663376106454774,3.133333333333333,1.0,1.0,0.8380952380952381,1.343915343915344,1.5166666666666666,0.0,3.1346153846153846,-0.5,17.495074688382555,0.7
Josh Brown,2008,4.0,1.1188271604938274,1.0341511511560213,3.3213333333333335,1.0,1.0,0.9047619047619048,1.4757834757834756,0.9166666666666666,0.0,3.095791001451379,-0.16666666666666666,17.700648026979945,0.6829268292682927
Josh Brown,2009,4.0,1.0354938271604937,0.9316900919659897,3.3026666666666666,1.0,1.0,0.9333333333333332,1.3382173382173381,0.25,0.0,3.115021770682148,-0.16666666666666666,16.7397563613593,0.46511627906976744
Josh Brown,2010,3.9506666666666668,1.104938271604938,0.950140584535701,3.3319999999999994,1.0,0.9722222222222222,0.8857142857142857,1.4122914122914123,1.0,0.0,3.07656023222061,-0.3333333333333333,17.351200341922503,0.5909090909090909
Josh Brown,2011,3.9506666666666668,1.0022222222222221,0.8652286536616565,3.1839999999999997,1.0,0.9722222222222222,0.8380952380952381,1.343915343915344,1.5,0.0,2.9822206095791,-0.5,17.138570956362454,0.5
Josh Brown,2012,3.9506666666666668,0.8793589743589744,0.7407359000384681,3.3506666666666667,1.0,0.9722222222222222,0.9047619047619048,1.6296296296296295,1.5,0.0,2.9056603773584904,-0.6666666666666666,17.167035675036356,0.4722222222222222
Josh Brown,2013,4.0,0.7158974358974359,0.6301400147383934,3.4026666666666667,1.0,1.0,0.9107142857142857,1.6944444444444444,0.75,0.0,2.8686233403214527,-0.6666666666666666,16.30581952111601,0.3142857142857143
Josh Brown,2014,4.0,0.7435897435897436,0.734659788749693,3.6333333333333333,1.0,0.9523809523809524,0.9583333333333334,1.7833333333333332,0.875,0.0,2.9440950384346607,-0.6666666666666666,16.958058856488385,0.3333333333333333
Josh Brown,2015,3.9706666666666663,1.0025641025641026,1.029399455953128,3.6613333333333333,1.0,0.9523809523809524,0.9583333333333334,1.6500000000000001,1.7083333333333333,0.0,2.944444444444444,-0.5,18.377455622009297,0.7435897435897436
Josh Brown,2016,3.9706666666666663,0.8434947768281101,0.8635802469135802,3.704,1.0,0.9523809523809524,1.0,1.7333333333333334,1.4583333333333333,0.0,2.8703703703703702,-0.3333333333333333,18.062826346493015,0.6388888888888888
Josh Lambo,2015,1.1666666666666667,0.3466666666666667,0.32716049382716056,1.0826666666666667,0.3333333333333333,0.3333333333333333,0.3333333333333333,0.4583333333333333,1.0,0.0,1.0,-0.3333333333333333,6.048160493827161,0.15384615384615385
Josh Lambo,2016,2.384,0.6676543209876543,0.6604938271604939,2.1653333333333333,0.6666666666666666,0.6666666666666666,0.6428571428571429,0.9583333333333334,1.6363636363636365,0.0,1.8703703703703702,-0.6666666666666666,11.652072631072633,0.16666666666666666
Josh Lambo,2017,3.606666666666667,0.9112440645773979,0.9020840412277721,3.432,1.0,1.0,0.9761904761904763,1.4916666666666665,2.6363636363636362,0.0,2.907407407407407,-0.8333333333333334,18.030289625766688,0.7272727272727273
Josh Lambo,2018,3.706666666666667,0.839939716751311,0.8031517756288399,3.5559999999999996,1.0,1.0,0.9761904761904763,1.5333333333333332,2.6363636363636362,0.0,2.9629629629629632,-0.5,18.514608567897223,0.7380952380952381
Josh Lambo,2019,3.7560000000000002,0.9972129319955406,0.8444216168986811,3.7679999999999993,1.0,1.0,1.0,1.625925925925926,3.0,0.0,3.1296296296296298,-0.16666666666666666,19.95452343778311,0.9285714285714286
Josh Lambo,2020,3.6,0.8202898550724638,0.671900471900472,3.834666666666667,1.0,1.0,1.0,1.7592592592592593,3.0,0.0,3.1653198653198658,-0.0,19.851436118218725,0.9795918367346939
Josh Lambo,2021,3.2853333333333334,0.5449275362318841,0.45756113256113257,2.628,1.0,1.0,0.6666666666666666,1.2592592592592593,2.0,0.0,2.10976430976431,-0.0,14.951512237816585,0.5
Josh Lambo,2022,3.018666666666667,0.06666666666666667,0.09165361013187097,1.3333333333333333,1.0,1.0,0.3333333333333333,0.6666666666666666,1.0,0.0,1.0727272727272728,-0.0,9.58304754952581,0.1956521739130435
Josh Scobee,2004,1.3333333333333333,0.3636363636363636,0.31,1.032,0.3333333333333333,0.3333333333333333,0.24242424242424243,0.4761904761904762,0.8000000000000002,0.0,1.03921568627451,0.0,6.263466768525592,0.16666666666666666
Josh Scobee,2005,2.632,0.6830808080808081,0.6464779874213837,2.0546666666666664,0.6666666666666666,0.6666666666666666,0.5340909090909091,0.8095238095238096,1.05,0.0,2.0584464555052793,-0.16666666666666666,11.634953302955523,0.4
Josh Scobee,2006,3.9653333333333336,1.0441919191919191,1.0171944983248105,3.1373333333333338,1.0,0.9444444444444445,0.8674242424242425,1.3280423280423281,1.1928571428571428,0.0,2.9815233785822026,-0.16666666666666666,17.311677953867086,0.5526315789473685
Josh Scobee,2007,3.9160000000000004,0.8472222222222222,0.8900853537820376,3.3360000000000003,1.0,0.9444444444444445,0.9583333333333334,1.3518518518518519,0.3928571428571428,0.0,2.8653846153846154,-0.16666666666666666,16.33551229720898,0.475
Josh Scobee,2008,3.9506666666666668,0.7623456790123457,0.8057082066967883,3.3266666666666667,1.0,0.9444444444444445,0.8333333333333334,1.4947089947089947,1.1428571428571428,0.0,2.8461538461538467,-0.0,17.10688498054023,0.5609756097560976
Josh Scobee,2009,3.908,0.6512345679012346,0.7149916957933615,3.1013333333333333,1.0,0.9583333333333334,0.8333333333333334,1.2619047619047619,1.0,0.0,2.9230769230769234,-0.0,16.35220794867628,0.4418604651162791
Josh Scobee,2010,3.957333333333333,0.7901234567901234,0.868578827757518,2.9186666666666667,1.0,0.9583333333333334,0.7857142857142857,1.1904761904761905,1.6666666666666667,0.0,3.1132075471698113,-0.0,17.249100307907927,0.5681818181818182
Josh Scobee,2011,3.957333333333333,0.8622222222222223,0.8791898518281633,3.132,1.0,0.9583333333333334,0.9523809523809524,1.2976190476190474,0.6666666666666666,0.0,3.150943396226415,-0.3333333333333333,16.5233554702768,0.34210526315789475
Josh Scobee,2012,3.9293333333333336,0.9327350427350427,0.8687550692194677,3.4653333333333336,1.0,1.0,0.9523809523809524,1.576007326007326,1.6666666666666667,0.0,3.0943396226415096,-0.6666666666666666,17.818884679650964,0.5833333333333334
Josh Scobee,2013,3.872,0.9220512820512821,0.7893392286907394,3.644,1.0,1.0,1.0,1.6807692307692308,1.5,0.0,2.9996505939902165,-1.0,17.407810335501466,0.42857142857142855
Josh Scobee,2014,3.872,0.8717948717948718,0.7651331114103965,3.4426666666666663,1.0,1.0,0.9583333333333334,1.6159544159544161,2.5,0.0,2.961914744933613,-0.6666666666666666,18.32113047742663,0.6666666666666666
Josh Scobee,2015,3.7520000000000002,0.6312820512820513,0.5696419680931663,3.052,1.0,1.0,0.9583333333333334,1.3375661375661376,2.0,0.0,2.8518518518518516,-0.3333333333333333,16.819342008793207,0.41025641025641024
Justin Medlock,2007,0.0,0.013888888888888867,0.008849557522123868,0.6666666666666666,0.3333333333333333,0.3333333333333333,0.0,0.3333333333333333,0.0,0.0,0.5192307692307693,0.0,2.208635882308449,0.05
Justin Medlock,2008,0.0,0.013888888888888867,0.008849557522123868,0.6666666666666666,0.3333333333333333,0.3333333333333333,0.0,0.3333333333333333,0.0,0.0,0.5192307692307693,0.0,2.208635882308449,0.04878048780487805
Justin Medlock,2009,0.0,0.013888888888888867,0.008849557522123868,0.6666666666666666,0.3333333333333333,0.3333333333333333,0.0,0.3333333333333333,0.0,0.0,0.5192307692307693,0.0,2.208635882308449,0.046511627906976744
Justin Medlock,2010,0.0,0.0,0.0,0.0,0.0,0.0,0.0,0.0,0.0,0.0,0.0,0.0,0.0,0.0
Justin Medlock,2011,0.0,0.0,0.0,0.0,0.0,0.0,0.0,0.0,0.0,0.0,0.0,0.0,0.0,0.0
Justin Medlock,2012,1.3333333333333333,0.08974358974358974,0.12753623188405797,0.9333333333333332,0.3333333333333333,0.3333333333333333,0.3333333333333333,0.3333333333333333,0.5,0.0,0.8490566037735849,0.0,5.166336425401234,0.0
Kai Forbath,2012,1.2946666666666666,0.21794871794871795,0.24347826086956523,1.2586666666666666,0.3333333333333333,0.3333333333333333,0.2222222222222222,0.6666666666666666,1.0,0.0,0.9433962264150942,0.0,6.513712094122266,0.08333333333333333
Kai Forbath,2013,2.628,0.44871794871794873,0.469466961434537,2.3493333333333335,0.6666666666666666,0.5833333333333334,0.5555555555555555,1.111111111111111,1.75,0.0,1.8693221523410202,0.0,12.431507062493507,0.17142857142857143
Kai Forbath,2014,3.92,0.7564102564102564,0.7654439729287899,3.5346666666666664,1.0,0.9166666666666666,0.8412698412698413,1.6944444444444444,2.5,0.0,2.793850454227813,-0.16666666666666666,18.556085635947813,0.7222222222222222
Kai Forbath,2015,3.92,0.6717948717948717,0.7194965762567556,3.1653333333333333,1.0,0.8055555555555555,0.8690476190476191,1.4277777777777778,2.5,0.0,2.9060097833682743,-0.16666666666666666,17.81834885046752,0.6410256410256411
Kai Forbath,2016,3.6346666666666665,0.6262108262108262,0.6490634312473393,3.408,1.0,0.8888888888888888,0.8690476190476191,1.6500000000000001,2.75,0.0,2.924528301886792,-0.16666666666666666,18.233739067281466,0.6944444444444444
Kai Forbath,2017,3.505333333333333,0.7287749287749289,0.7506399365726583,3.345333333333334,1.0,0.8888888888888888,0.8690476190476191,1.6380952380952383,2.6666666666666665,0.0,2.9814814814814814,-0.16666666666666666,18.20759475952748,0.7727272727272727
Kai Forbath,2018,3.544,0.653412609934349,0.5981541174201724,3.5226666666666664,1.0,1.0,0.9523809523809524,1.9047619047619049,1.6666666666666667,0.0,2.685185185185185,-0.16666666666666666,17.36056143634923,0.5476190476190477
Kai Forbath,2019,3.718666666666667,0.6276477146042364,0.5822811015471565,3.5226666666666664,1.0,1.0,0.9523809523809524,1.9047619047619049,1.6666666666666667,0.0,2.6666666666666665,-0.16666666666666666,17.475071673294252,0.5476190476190477
Kai Forbath,2020,3.622666666666667,0.2440579710144927,0.21475761475761468,3.2893333333333334,1.0,1.0,0.8889999999999999,1.3333333333333333,1.0,0.0,2.1033670033670036,-0.0,14.696515922472443,0.46938775510204084
Ken Willis,1990,1.3333333333333333,0.3,0.2898550724637681,0.96,0.3333333333333333,0.3333333333333333,0.25925925925925924,0.5833333333333334,0.0,0.0,0.98,0.0,5.372447665056362,0.0625
Ken Willis,1991,2.6666666666666665,0.7285714285714286,0.6995772946859904,1.8826666666666665,0.6666666666666666,0.6666666666666666,0.531986531986532,0.891025641025641,0.5714285714285714,0.0,2.0184615384615383,-0.16666666666666666,11.157051006159705,0.2727272727272727
Ken Willis,1992,4.0,0.9040100250626567,0.9038783699548075,2.7159999999999997,1.0,1.0,0.6153198653198654,1.3076923076923077,0.5714285714285714,0.0,2.8838461538461537,-0.3333333333333333,15.568841959971031,0.4375
Kevin Butler,1985,1.3333333333333333,0.4696969696969697,0.4752475247524752,1.1173333333333333,0.3333333333333333,0.3333333333333333,0.30952380952380953,0.3333333333333333,0.0,0.0,0.9019607843137255,0.0,5.607095754953647,0.2564102564102564
Kevin Butler,1986,2.6306666666666665,0.9609250398724084,0.9007794396460923,2.028,0.6666666666666666,0.5952380952380952,0.5595238095238095,0.8333333333333334,0.1666666666666666,0.0,1.9215686274509804,-0.3333333333333333,10.930035011731386,0.41025641025641024
Kevin Butler,1987,3.8746666666666667,1.3334740594802514,1.2421449014934818,2.9333333333333336,1.0,0.9285714285714285,0.8928571428571429,0.9444444444444443,0.49999999999999994,0.0,2.9615686274509803,-0.5,16.11106060429773,0.8166666666666667
Kevin Butler,1988,3.84,1.1137770897832817,1.0486843183217627,2.868,1.0,0.9285714285714285,0.875,0.9444444444444443,0.49999999999999994,0.0,2.959607843137255,-0.5,15.578085124258171,0.6923076923076923
Kevin Butler,1989,3.8173333333333335,0.8606442577030813,0.9319243332527071,3.0093333333333336,1.0,1.0,0.9107142857142857,0.8444444444444444,0.3333333333333333,0.0,2.86,-0.3333333333333333,15.234393987781184,0.5833333333333334
Kevin Butler,1990,3.8706666666666663,0.9214285714285714,1.003602349666187,3.0413333333333337,1.0,1.0,0.7857142857142857,1.1435897435897437,0.5714285714285714,0.0,2.86,-0.3333333333333333,15.864430188494026,0.71875
Kevin Butler,1991,3.8266666666666667,0.9730158730158731,1.0308431858632086,2.862666666666667,1.0,0.9393939393939394,0.6940476190476191,1.1806267806267805,0.9047619047619048,0.0,2.921538461538461,-0.5,15.83356109758112,0.48484848484848486
Kevin Butler,1992,3.885333333333333,1.0682539682539682,1.0482361305906187,2.7853333333333334,1.0,0.9393939393939394,0.7083333333333334,0.7806267806267807,1.2380952380952381,0.0,2.963076923076923,-0.5,15.91668298003747,0.5625
Kevin Butler,1993,3.861333333333333,0.9949206349206349,0.959002176139273,2.8480000000000003,1.0,0.8977272727272728,0.8076923076923078,0.656084656084656,1.2916666666666667,0.0,2.960812772133527,-0.3333333333333333,15.94390648636434,0.4
Kevin Butler,1994,3.94,1.0115151515151515,0.9458927657084338,2.94,1.0,0.9583333333333334,0.82991452991453,0.7023809523809522,1.4583333333333333,0.0,3.0392743105950655,-0.16666666666666666,16.658977710114133,0.6363636363636364
Kevin Butler,1995,3.94,0.9976262626262627,0.9683517443674718,2.9546666666666668,1.0,0.9057017543859649,0.8076923076923078,1.0357142857142856,1.125,0.0,2.999304476507584,-0.0,16.734057497960546,0.5555555555555556
Kevin Butler,1996,3.86,0.8320707070707071,0.8266409859900468,3.0533333333333332,1.0,0.9473684210526315,0.7083333333333334,1.4166666666666667,0.5,0.0,2.78156862745098,-0.16666666666666666,15.759315408231032,0.42424242424242425
Kevin Butler,1997,3.7266666666666666,0.625,0.633526356960865,2.9773333333333336,1.0,0.9473684210526315,0.6527777777777778,1.3333333333333333,0.0,0.0,2.683876319758673,-0.16666666666666666,14.413215542216612,0.34285714285714286
Kris Brown,1999,1.2906666666666666,0.34722222222222227,0.33018867924528306,1.1493333333333333,0.3333333333333333,0.3333333333333333,0.3,0.48484848484848486,1.0,0.0,1.0,0.0,6.568926052982657,0.1794871794871795
Kris Brown,2000,2.584,0.6944444444444445,0.6698712189278228,2.26,0.6666666666666666,0.6666666666666666,0.6,0.9292929292929294,1.0,0.0,2.019607843137255,-0.16666666666666666,11.92388310246912,0.38095238095238093
Kris Brown,2001,3.8093333333333335,1.1292270531400967,1.0791121430202322,3.169333333333334,1.0,1.0,0.85,1.195959595959596,1.5,0.0,3.098039215686274,-0.3333333333333333,17.497671341139533,0.7804878048780488
Kris Brown,2002,3.8520000000000003,1.028381642512077,0.9786969265581204,2.964,0.6666666666666666,1.0,0.8833333333333333,1.234920634920635,0.75,0.0,3.098039215686274,-0.3333333333333333,16.122705086343775,0.6
Kris Brown,2003,3.892,0.9538866930171276,0.903720269228522,2.9439999999999995,0.6666666666666666,1.0,0.9166666666666666,1.346031746031746,1.0833333333333333,0.0,3.0588235294117645,-0.16666666666666666,16.59846223768916,0.6190476190476191
Kris Brown,2004,4.0,0.776679841897233,0.777812678469446,2.978666666666667,0.6666666666666666,1.0,0.8666666666666667,1.5238095238095237,0.5833333333333334,0.0,2.9607843137254903,-0.5,15.634419691235024,0.42857142857142855
Kris Brown,2005,4.0,0.8914141414141414,0.8687939326674066,3.0546666666666664,1.0,1.0,0.7686274509803921,1.4444444444444444,0.3333333333333333,0.0,2.980015082956259,-0.6666666666666666,15.674628385795977,0.5111111111111111
Kris Brown,2006,3.9506666666666668,0.8825757575757575,0.8626550285076119,2.9773333333333327,1.0,1.0,0.6352941176470588,1.452991452991453,0.0,0.0,2.941930618401207,-0.6666666666666666,15.03678030845642,0.39473684210526316
Kris Brown,2007,3.9506666666666668,0.9722222222222223,0.918554733522361,3.1826666666666665,1.0,0.9523809523809524,0.7686274509803922,1.475213675213675,0.0,0.0,3.057692307692308,-0.3333333333333333,15.944691342011913,0.375
Kris Brown,2008,3.9506666666666668,0.9691358024691358,0.9451389521154588,3.334666666666667,1.0,0.919047619047619,0.8666666666666667,1.564102564102564,0.6666666666666666,0.0,3.0384615384615388,-0.16666666666666666,17.087886476196317,0.5365853658536586
Kris Brown,2009,3.969333333333333,0.9969135802469137,1.0399053072556457,3.196,1.0,0.8677655677655678,0.8888888888888888,1.222222222222222,1.1666666666666667,0.0,3.1730769230769234,-0.16666666666666666,17.354105822789496,0.627906976744186
Kris Brown,2010,3.969333333333333,0.7052469135802468,0.7635653506685692,3.1133333333333333,1.0,0.9153846153846154,0.8888888888888888,1.288888888888889,1.1666666666666667,0.0,2.7561683599419453,-0.0,16.567476350686487,0.38636363636363635
Lawrence Tynes,2004,1.2893333333333332,0.25757575757575757,0.36333333333333334,0.9853333333333333,0.3333333333333333,0.3333333333333333,0.2916666666666667,0.3333333333333333,0.6666666666666666,0.0,0.9803921568627452,0.0,5.834301247771836,0.09523809523809523
Lawrence Tynes,2005,2.5933333333333333,0.6325757575757576,0.7564150943396227,2.076,0.6666666666666666,0.6666666666666666,0.5993589743589745,0.6666666666666666,0.6666666666666666,0.0,1.9803921568627452,0.0,11.304741983137099,0.37777777777777777
Lawrence Tynes,2006,3.889333333333333,0.9659090909090908,1.0897484276729559,3.108,1.0,1.0,0.8215811965811967,1.1333333333333333,1.3333333333333333,0.0,2.999622926093514,-0.0,17.340861641256758,0.5789473684210527
Lawrence Tynes,2007,3.8693333333333335,1.027777777777778,1.0479490176434574,3.2586666666666666,1.0,0.9666666666666667,0.7382478632478633,1.4666666666666668,1.3333333333333333,0.0,2.942307692307692,-0.0,17.650949017643455,0.8
Lawrence Tynes,2008,3.8986666666666667,0.6651234567901234,0.6716739793262437,3.501333333333333,1.0,0.9666666666666667,0.7638888888888888,1.8,1.3333333333333333,0.0,2.3007982583454285,-0.0,16.901484583350683,0.4878048780487805
Lawrence Tynes,2009,3.936,0.70679012345679,0.7583406459929103,3.5946666666666665,1.0,0.9111111111111111,0.8237179487179488,1.888888888888889,1.0,0.0,2.281567489114659,-0.0,16.901082873948976,0.4883720930232558
Lawrence Tynes,2010,4.0,0.6512345679012345,0.751272131494107,3.56,1.0,0.9444444444444445,0.782051282051282,1.7222222222222223,1.3333333333333333,0.0,2.358490566037736,-0.0,17.10304854748436,0.5
Lawrence Tynes,2011,4.0,0.8922222222222222,1.016951284511246,3.282666666666666,1.0,0.9444444444444445,0.6987179487179488,1.4555555555555557,2.0,0.0,2.943396226415094,-0.16666666666666666,18.067287681866514,0.7631578947368421
Lawrence Tynes,2012,4.0,0.9402991452991452,1.01724113958371,3.2853333333333334,1.0,1.0,0.7083333333333334,1.4185185185185185,2.6666666666666665,0.0,2.8867924528301887,-0.16666666666666666,18.75651792289823,0.8888888888888888
Lee Johnson,1988,0.0,0.016666666666666666,0.010309278350515432,0.6666666666666666,0.3333333333333333,0.3333333333333333,0.16666666666666666,0.3333333333333333,0.5,0.0,1.0,0.0,3.3603092783505164,0.07692307692307693
Lee Johnson,1989,0.0,0.016666666666666666,0.010309278350515432,0.6666666666666666,0.6666666666666666,0.6666666666666666,0.16666666666666666,0.3333333333333333,0.5,0.0,1.0,0.0,4.026975945017183,0.05555555555555555
Lee Johnson,1990,0.0,0.016666666666666666,0.010309278350515432,0.6666666666666666,1.0,1.0,0.16666666666666666,0.3333333333333333,0.5,0.0,1.0,-0.0,4.69364261168385,0.03125
Lee Johnson,1991,0.0,0.01587301587301587,0.010416666666666666,0.444,1.0,1.0,0.111,0.222,0.3333333333333333,0.0,1.0192307692307692,-0.0,4.155853785103785,0.09090909090909091
Lee Johnson,1992,0.0,0.01587301587301587,0.010416666666666666,0.444,1.0,1.0,0.111,0.222,0.3333333333333333,0.0,1.0192307692307692,-0.0,4.155853785103785,0.03125
Lin Elliott,1992,1.3053333333333332,0.42105263157894735,0.4265232974910395,0.9146666666666667,0.3333333333333333,0.2857142857142857,0.2380952380952381,0.3333333333333333,0.75,0.0,1.0192307692307692,-0.5,5.527282888776946,0.125
Lin Elliott,1993,2.1946666666666665,0.447719298245614,0.4519201228878649,1.5813333333333333,0.6666666666666666,0.6190476190476191,0.2380952380952381,0.6666666666666666,0.75,0.0,1.8305515239477501,-0.5,8.94666713555742,0.16666666666666666
Lin Elliott,1994,3.528,0.8265071770334927,0.809062980030722,2.692,1.0,0.9131652661064426,0.4603174603174603,1.1666666666666667,0.75,0.0,2.81055152394775,-0.6666666666666666,14.289604407435867,0.3333333333333333
Lin Elliott,1995,3.4480000000000004,0.7387878787878789,0.7066987039464104,2.844,1.0,0.93048128342246,0.48148148148148145,1.3,0.0,0.0,2.7521050684424715,-0.3333333333333333,13.868221082747368,0.3333333333333333
Luis Zendejas,1987,1.3333333333333333,0.0588235294117647,0.07630522088353413,1.0,0.3333333333333333,0.3333333333333333,0.3333333333333333,0.3333333333333333,1.0,0.0,1.0,0.0,5.801795416961966,0.5166666666666667
Luis Zendejas,1988,2.6293333333333333,0.39215686274509803,0.4027657019831905,1.9880000000000002,0.6666666666666666,0.6666666666666666,0.5925925925925926,0.7142857142857143,1.3333333333333333,0.0,2.0,-0.16666666666666666,11.219134204939929,0.41025641025641024
Luis Zendejas,1989,3.962666666666667,0.6143790849673202,0.6659235967200325,2.765333333333333,1.0,1.0,0.8148148148148149,1.0476190476190477,1.3333333333333333,0.0,2.94,-0.3333333333333333,15.810736544121218,0.7222222222222222
Mark Moseley,1970,1.1906666666666668,0.24561403508771928,0.2537878787878788,0.7466666666666667,0.2939723678960656,0.2222222222222222,0.1111111111111111,0.2222222222222222,0.0,0.0,0.8571428571428571,-0.16666666666666666,3.9767393611367425,0.3076923076923077
Mark Moseley,1971,2.425333333333333,0.5593395252837977,0.5367336152219874,1.5666666666666667,0.6273057012293989,0.5185185185185185,0.27777777777777773,0.6222222222222222,0.0,0.0,1.7551020408163265,-0.3333333333333333,8.555666067736695,0.6666666666666666
Mark Moseley,1972,3.7586666666666666,0.5760061919504643,0.55427747487111,2.2333333333333334,0.9606390345627323,0.8518518518518517,0.4444444444444444,0.6222222222222222,0.0,0.0,2.1632653061224487,-0.3333333333333333,11.831373192691942,0.6111111111111112
Mark Moseley,1973,2.568,0.3303921568627451,0.3004895960832313,1.4866666666666666,0.6666666666666666,0.6296296296296297,0.3333333333333333,0.39999999999999997,0.0,0.0,1.3061224489795917,-0.16666666666666666,7.854633831555198,0.3181818181818182
Mark Moseley,1974,2.574666666666667,0.5621212121212121,0.4205289342759884,1.4666666666666668,0.6666666666666666,0.4666666666666666,0.3974358974358974,0.39999999999999997,0.0,0.0,1.4516415261756874,-0.3333333333333333,8.07306090334212,0.4166666666666667
Mark Moseley,1975,2.5066666666666664,0.9557109557109559,0.7616348636564014,1.6533333333333333,0.6666666666666666,0.24444444444444446,0.5307692307692308,0.8444444444444444,0.0,0.0,2.043478260869565,-0.3333333333333333,9.873815533228376,0.5652173913043478
Mark Moseley,1976,3.798666666666667,1.4445998445998447,1.1985718005933386,2.516,1.0,0.5361111111111111,0.7731934731934732,1.1521367521367523,0.0,0.0,3.0643115942028984,-1.3333333333333333,14.150257909170753,0.8518518518518519
Mark Moseley,1977,3.8906666666666663,1.4376068376068376,1.2436741576604617,2.473333333333333,1.0,0.7361111111111112,0.8090909090909091,1.0248640248640248,0.6666666666666666,0.0,3.1697695035460995,-1.5,14.951783210546111,1.0
Mark Moseley,1978,3.916,1.4797313797313798,1.2769162605228177,2.464,1.0,0.9583333333333334,0.7471861471861473,0.9906759906759907,1.0,0.0,3.2761524822695036,-1.6666666666666667,15.442328927052506,0.96875
Mark Moseley,1979,3.957333333333333,1.631868131868132,1.3334858170923745,2.612,1.0,1.0,0.7714285714285714,1.1445221445221445,1.3333333333333333,0.0,3.382978723404255,-0.8333333333333334,17.33361672164881,1.0
Mark Moseley,1980,3.824,1.4684065934065937,1.2106995902176625,2.5813333333333333,1.0,0.9166666666666666,0.7825396825396825,1.2606837606837606,0.9393939393939394,0.0,3.317375886524823,-0.3333333333333333,16.967766119433126,0.9705882352941176
Mark Moseley,1981,3.74,1.3493589743589745,1.1593094904404662,2.5813333333333333,1.0,0.875,0.7944444444444446,1.1282051282051282,0.6060606060606061,0.0,3.2109929078014185,-0.3333333333333333,16.111371551311038,0.8484848484848485
Mark Moseley,1982,3.529333333333333,1.375,1.1625350230777634,2.84,1.0,0.875,0.8611111111111112,1.2222222222222223,0.2727272727272727,0.0,3.0833333333333335,-0.16666666666666666,16.05459562913837,0.8947368421052632
Mark Moseley,1983,3.6413333333333333,1.611111111111111,1.3793213603460284,3.0493333333333332,1.0,0.9583333333333334,0.8289473684210527,1.1666666666666667,0.3333333333333333,0.0,3.0,-0.16666666666666666,16.801713173211525,0.9142857142857143
Mark Moseley,1984,3.6893333333333334,1.6777777777777778,1.438819568231333,3.2373333333333334,1.0,0.9666666666666667,0.8866396761133603,1.0222222222222221,0.8333333333333334,0.0,2.9807692307692313,-0.16666666666666666,17.566228475113924,0.9428571428571428
Mark Moseley,1985,3.8186666666666667,1.3444444444444443,1.2622195552888622,2.830666666666667,1.0,0.9249999999999999,0.7584345479082323,0.8555555555555556,0.8333333333333334,0.0,2.921945701357466,-0.3333333333333333,16.216933137887892,0.7435897435897436
Mark Moseley,1986,3.697333333333333,0.943859649122807,0.9364440699389087,2.7373333333333334,1.0,0.8694444444444445,0.7794871794871795,0.6333333333333333,0.5,0.0,2.8042986425339365,-0.5,14.401533985527278,0.5384615384615384
Martin Gramatica,1999,1.3333333333333333,0.375,0.3333333333333333,1.1253333333333333,0.3333333333333333,0.3333333333333333,0.2777777777777778,0.5,0.75,0.0,1.03921568627451,0.0,6.400660130718954,0.15384615384615385
Martin Gramatica,2000,2.6666666666666665,0.763888888888889,0.7333333333333334,2.2239999999999998,0.6666666666666666,0.6666666666666666,0.5444444444444444,1.0185185185185184,1.75,0.0,2.1176470588235294,0.0,13.151832244008714,0.42857142857142855
Martin Gramatica,2001,4.0,1.0972222222222223,1.0534653465346535,3.281333333333333,1.0,0.9666666666666667,0.8777777777777778,1.4947089947089947,1.75,0.0,3.0784313725490198,-0.0,18.599605713792666,0.926829268292683
Martin Gramatica,2002,4.0,1.1859903381642514,1.1343714954019672,3.250666666666666,1.0,0.9249999999999999,0.9111111111111111,1.3947089947089948,1.5,0.0,3.0784313725490198,-0.0,18.380279978602008,0.9111111111111111
Martin Gramatica,2003,3.9613333333333336,1.0395256916996047,0.9990773777549085,2.972,1.0,0.9249999999999999,0.811111111111111,1.1261904761904762,0.5,0.0,2.9803921568627456,-0.0,16.31463014695218,0.5714285714285714
Martin Gramatica,2004,3.9013333333333335,0.8728590250329381,0.8589453645535884,2.686666666666666,1.0,0.9107142857142857,0.6444444444444444,0.7833333333333332,1.1666666666666667,0.0,3.058823529411766,-0.0,15.883786649157022,0.5
Martin Gramatica,2005,2.568,0.4090909090909091,0.4447058823529411,1.5919999999999999,0.6666666666666666,0.6190476190476191,0.3333333333333333,0.3833333333333333,0.6666666666666666,0.0,2.0196078431372553,0.0,9.702452253628724,0.3111111111111111
Martin Gramatica,2006,2.606666666666667,0.2638888888888889,0.3170716510903427,1.8093333333333332,0.6666666666666666,0.6190476190476191,0.5,0.5333333333333333,0.6666666666666666,0.0,1.9622926093514332,0.0,9.94496743504495,0.18421052631578946
Martin Gramatica,2007,2.6666666666666665,0.16666666666666666,0.20491825875995917,2.3706666666666667,0.6666666666666666,0.6666666666666666,0.6666666666666666,1.0666666666666667,1.0,0.0,1.980769230769231,0.0,11.456354156195857,0.275
Martin Gramatica,2008,4.0,0.2407407407407407,0.30015635399805446,3.170666666666667,1.0,1.0,1.0,1.3333333333333333,1.0,0.0,2.9807692307692313,-0.16666666666666666,15.858999658841357,0.36585365853658536
Mason Crosby,2007,1.3333333333333333,0.4305555555555556,0.415929203539823,1.06,0.3333333333333333,0.3333333333333333,0.30303030303030304,0.4285714285714286,0.0,0.0,1.0192307692307692,0.0,5.65731725992788,0.125
Mason Crosby,2008,2.6666666666666665,0.763888888888889,0.7716715004585906,2.1186666666666665,0.6666666666666666,0.6666666666666666,0.5594405594405595,0.9841269841269842,1.0,0.0,2.019230769230769,0.0,12.21702536881246,0.24390243902439024
Mason Crosby,2009,3.973333333333333,1.138888888888889,1.2016715004585905,3.1186666666666665,1.0,1.0,0.8186998186998187,1.365079365079365,1.6666666666666667,0.0,3.0192307692307687,-0.0,18.3022370090241,0.8604651162790697
Mason Crosby,2010,3.973333333333333,1.0138888888888888,1.1379435547804027,3.106666666666667,1.0,0.9583333333333334,0.7823361823361824,1.46984126984127,2.4166666666666665,0.0,3.056603773584906,-0.0,18.91561366943165,0.9545454545454546
Mason Crosby,2011,3.9546666666666668,1.0005555555555554,1.1776814838503358,3.1906666666666665,1.0,0.8916666666666666,0.8592592592592593,1.3142857142857143,2.216666666666667,0.0,3.150943396226415,-0.0,18.756392075843948,0.868421052631579
Mason Crosby,2012,3.981333333333333,0.8947863247863248,1.0752177157343938,3.0386666666666664,1.0,0.8916666666666666,0.8380952380952381,1.4333333333333336,2.1214285714285714,0.0,3.1698113207547167,-0.3333333333333333,18.111005837465914,0.7222222222222222
Mason Crosby,2013,3.981333333333333,1.0123076923076921,1.1213215426185212,3.1799999999999997,1.0,0.9333333333333332,0.9047619047619048,1.4000000000000001,2.0380952380952384,0.0,3.1687631027253667,-0.3333333333333333,18.406582813842057,0.6
Mason Crosby,2014,3.952,1.0384615384615383,1.1108987878941885,3.128,1.0,1.0,0.876984126984127,1.4761904761904763,1.7380952380952381,0.0,3.112159329140462,-0.6666666666666666,17.766122830099363,0.5277777777777778
Mason Crosby,2015,3.952,1.0892307692307692,1.1166958893434638,3.4226666666666663,1.0,1.0,0.9722222222222222,1.461038961038961,1.6666666666666667,0.0,3.1303284416491963,-0.5,18.310849616817947,0.6923076923076923
Mason Crosby,2016,3.8666666666666667,0.9871415004748337,1.05727969348659,3.389333333333333,1.0,1.0,0.9277777777777777,1.5165945165945167,1.5,0.0,3.056254367575122,-1.0,17.301047855908845,0.4444444444444444
Mason Crosby,2017,3.8386666666666667,0.8332953466286798,0.9107543323139654,3.3506666666666667,1.0,1.0,0.7888888888888889,1.707070707070707,2.0,0.0,2.9444444444444446,-1.0,17.37378705268002,0.5227272727272727
Mason Crosby,2018,3.764,0.948077955324332,0.9497933713530043,3.2893333333333334,1.0,1.0,0.7585858585858586,1.7111111111111112,2.1,0.0,2.8888888888888893,-0.8333333333333334,17.576457185263195,0.6190476190476191
Mason Crosby,2019,3.8173333333333335,0.9459308807134894,0.9474124189720521,3.3560000000000003,1.0,1.0,0.8030303030303031,1.738888888888889,2.4,0.0,2.907407407407408,-0.5,18.416003232345474,0.7619047619047619
Mason Crosby,2020,3.8093333333333335,0.9669565217391304,1.0302016302016301,3.6373333333333338,1.0,1.0,0.9696969696969697,1.738888888888889,2.0,0.0,3.017845117845118,-0.16666666666666666,19.003589128371736,0.8367346938775511
Mason Crosby,2021,3.8320000000000003,0.8526867335562988,1.0022737022737023,3.536,1.0,1.0,0.8974358974358975,1.5833333333333333,2.2,0.0,3.018181818181818,-0.16666666666666666,18.75524481811438,0.84
Mason Crosby,2022,3.796,0.842488129154796,0.990403446925186,3.462666666666667,1.0,1.0,0.8974358974358975,1.5714285714285714,2.4,0.0,3.018181818181818,-0.3333333333333333,18.645271196459603,0.8043478260869565
Mason Crosby,2023,3.6893333333333334,0.6866260601892787,0.7274154589371982,3.0813333333333333,1.0,1.0,0.8974358974358975,0.9047619047619048,1.8,0.0,2.91038961038961,-0.3333333333333333,16.36396226504722,0.37209302325581395
Matt Ammendola,2021,1.244,0.16666666666666666,0.1472222222222222,0.912,0.3333333333333333,0.3333333333333333,0.3333333333333333,0.26666666666666666,0.0,0.0,0.890909090909091,0.0,4.627464646464647,0.16
Matt Ammendola,2022,2.196,0.22839506172839505,0.2051932367149758,1.864,0.6666666666666666,0.6666666666666666,0.5,0.26666666666666666,1.0,0.0,1.4444805194805195,0.0,9.038068817923891,0.17391304347826086
Matt Ammendola,2023,3.408,0.29736057896977436,0.2829710144927536,2.7533333333333334,1.0,1.0,0.8333333333333334,0.6,1.0,0.0,2.248051948051948,-0.0,13.423050208181143,0.32558139534883723
Matt Bahr,1979,1.2826666666666666,0.4615384615384615,0.4502164502164503,0.7999999999999999,0.3333333333333333,0.3333333333333333,0.1818181818181818,0.3333333333333333,0.0,0.0,0.9787234042553191,-0.16666666666666666,4.988296497828412,0.21621621621621623
Matt Bahr,1980,2.521333333333333,0.8573717948717948,0.8357586188911491,1.7053333333333331,0.6666666666666666,0.6296296296296297,0.4151515151515151,0.5555555555555555,0.0,0.0,1.9787234042553192,-0.3333333333333333,9.832190518354963,0.35294117647058826
Matt Bahr,1981,3.8546666666666667,1.120529689608637,1.1189127407549482,2.4746666666666663,1.0,0.8677248677248678,0.5818181818181818,0.8222222222222223,0.0,0.0,2.937907077724707,-0.5,14.278448113186897,0.5757575757575758
Matt Bahr,1982,3.9053333333333335,0.8923245614035088,0.9170623036103936,2.2973333333333334,1.0,0.7843915343915344,0.5111111111111111,0.6793650793650793,0.0,0.0,2.9175170068027207,-0.8333333333333334,13.071104930017682,0.5
Matt Bahr,1983,3.9333333333333336,0.8853801169590643,0.8715874750030347,2.558666666666667,1.0,0.8214285714285715,0.5555555555555556,1.0285714285714285,0.0,0.0,2.8390856342537014,-1.0,13.493608781771357,0.5142857142857142
Matt Bahr,1984,3.9333333333333336,1.0222222222222221,0.9117666864725688,2.7893333333333334,1.0,0.9166666666666666,0.48412698412698413,1.2063492063492063,1.0,0.0,2.841440422322775,-1.3333333333333333,14.771905521493757,0.5428571428571428
Matt Bahr,1985,3.9333333333333336,1.001010101010101,0.9175260859419275,3.204,1.0,1.0,0.6693121693121693,1.415873015873016,1.0,0.0,2.765460030165913,-0.8333333333333334,16.073181402303128,0.717948717948718
Matt Bahr,1986,4.0,0.9629984051036683,0.8966076820448002,3.062666666666667,1.0,0.9259259259259259,0.6832010582010581,1.1777777777777778,1.3333333333333333,0.0,2.863499245852187,-0.6666666666666666,16.23934342823875,0.6410256410256411
Matt Bahr,1987,3.8666666666666667,0.6414297776526879,0.6576116981090573,3.1293333333333333,1.0,0.9259259259259259,0.8101851851851851,1.2666666666666666,0.3333333333333333,0.0,2.5219607843137255,-0.16666666666666666,14.986446704519915,0.7
Matt Bahr,1988,3.8266666666666667,0.8293085655314757,0.7608746017190059,3.196,1.0,0.8703703703703703,0.7805555555555556,1.4222222222222223,0.3333333333333333,0.0,2.579607843137255,-0.3333333333333333,15.26560582520255,0.6410256410256411
Matt Bahr,1989,3.8266666666666667,0.7323996265172735,0.7504975953733545,3.06,1.0,0.9444444444444445,0.7388888888888889,1.385185185185185,0.5,0.0,2.56,-0.3333333333333333,15.16474907374248,0.5277777777777778
Matt Bahr,1990,3.9160000000000004,0.9373015873015872,0.9560153184395324,2.978666666666667,1.0,0.9444444444444445,0.85,1.2222222222222223,0.5,0.0,2.92,-0.5,15.724650239074455,0.5625
Matt Bahr,1991,3.9026666666666667,0.8865079365079365,0.9111270022883294,2.8866666666666667,1.0,1.0,0.8333333333333334,1.1666666666666667,0.8333333333333334,0.0,3.0184615384615383,-0.3333333333333333,16.105429810591136,0.5757575757575758
Matt Bahr,1992,3.9026666666666667,0.9132414369256474,0.8783407355462054,3.013333333333333,1.0,1.0,0.8863636363636364,1.2703703703703704,0.3333333333333333,0.0,2.922307692307692,-0.3333333333333333,15.786623871513553,0.5
Matt Bahr,1993,3.9013333333333335,0.8032414369256475,0.80118407578085,2.9906666666666664,1.0,0.9047619047619048,0.8863636363636364,1.1666666666666667,0.3333333333333333,0.0,2.8479680696661824,-0.5,15.135519123498222,0.3333333333333333
Matt Bahr,1994,3.9546666666666668,0.8631259968102073,0.8866432594543195,3.037333333333333,1.0,0.9047619047619048,0.8863636363636364,1.0,0.0,0.0,2.7695065312046445,-1.0,14.302401328594712,0.36363636363636365
Matt Bahr,1995,3.9546666666666668,0.9018686868686868,0.9042355780232584,2.9506666666666668,0.9023689270621825,0.9047619047619048,0.7261904761904762,1.0761904761904761,0.4000000000000001,0.0,2.9440917499075105,-1.0,14.665041132337826,0.3888888888888889
Matt Bryant,2002,1.2506666666666666,0.3768115942028985,0.34951456310679613,1.0826666666666667,0.3333333333333333,0.3333333333333333,0.24561403508771928,0.5,0.6666666666666666,0.0,0.9215686274509803,0.0,6.060175486515061,0.17777777777777778
Matt Bryant,2003,2.584,0.5434782608695652,0.5129132559172537,2.130666666666667,0.6666666666666666,0.5833333333333334,0.5122807017543859,1.0333333333333334,0.6666666666666666,0.0,1.8431372549019607,-0.16666666666666666,10.909809473443167,0.23809523809523808
Matt Bryant,2004,3.917333333333333,0.5889328063241106,0.5829132559172536,3.1306666666666665,1.0,0.9166666666666666,0.7622807017543859,1.4777777777777779,0.6666666666666666,0.0,2.7647058823529407,-0.16666666666666666,15.641277090793137,0.4523809523809524
Matt Bryant,2005,4.0,0.5037878787878788,0.528996177087187,3.1679999999999997,1.0,0.75,0.85,1.583838383838384,0.0,0.0,2.8046757164404226,-0.3333333333333333,14.855964822820539,0.4444444444444444
Matt Bryant,2006,3.9426666666666663,0.5732323232323232,0.5930118144947981,3.1506666666666665,1.0,0.8333333333333334,0.9166666666666666,1.420875420875421,0.42857142857142855,0.0,3.075414781297134,-0.16666666666666666,15.767772435137772,0.42105263157894735
Matt Bryant,2007,3.9426666666666663,0.9166666666666666,0.8710944103650046,3.281333333333333,1.0,0.8055555555555555,1.0,1.5478595478595478,0.9285714285714285,0.0,3.0961538461538463,-0.16666666666666666,17.223234788505383,0.55
Matt Bryant,2008,3.905333333333333,1.020061728395062,0.9424437047997598,3.2840000000000003,1.0,0.9722222222222222,1.0,1.3584656084656086,0.9285714285714285,0.0,3.059143686502177,-0.0,17.47024171228959,0.5853658536585366
Matt Bryant,2009,3.962666666666667,0.8811728395061729,0.8183627079150245,3.186666666666666,1.0,0.9722222222222222,1.0,0.9880952380952381,0.5,0.0,2.8476052249637154,-0.0,16.156791566035707,0.4186046511627907
Matt Bryant,2010,3.962666666666667,0.8811728395061729,0.8727958353152583,3.26,1.0,1.0,0.9629629629629629,0.9500000000000001,0.5,0.3333333333333333,2.867561683599419,-0.3333333333333333,16.25715998805048,0.36363636363636365
Matt Bryant,2011,4.0,0.8461111111111111,0.8617812599936041,3.3786666666666663,1.0,1.0,0.9629629629629629,1.0095238095238095,0.6666666666666666,0.3333333333333333,2.9052975326560233,-0.3333333333333333,16.631010009580844,0.3684210526315789
Matt Bryant,2012,4.0,1.171965811965812,1.1729406802834592,3.6026666666666665,1.0,0.9629629629629629,0.9326599326599326,1.5223443223443223,1.0,0.3333333333333333,2.9622641509433962,-0.5,18.161137861159887,0.75
Matt Bryant,2013,4.0,1.090769230769231,1.0839842790469172,3.584,1.0,0.9629629629629629,0.9280303030303031,1.6556776556776558,1.0,0.0,2.9814814814814814,-0.16666666666666666,18.12023924630188,0.5428571428571428
Matt Bryant,2014,4.0,1.1025641025641026,1.0929946043927188,3.5506666666666664,1.0,0.9629629629629629,0.9280303030303031,1.846153846153846,1.1666666666666667,0.0,3.0380852550663877,-0.16666666666666666,18.52145774083699,0.6944444444444444
Matt Bryant,2015,4.0,0.8661538461538463,0.8883783939794071,3.430666666666667,1.0,1.0,0.875,1.7777777777777777,1.8333333333333333,0.0,2.870719776380154,-0.0,18.542029794291185,0.7692307692307693
Matt Bryant,2016,3.9760000000000004,0.9782146248812916,1.0137079608343977,3.470666666666667,1.0,1.0,0.875,1.7777777777777777,2.3333333333333335,0.0,2.9818308874912653,-0.16666666666666666,19.23986458431807,0.9444444444444444
Matt Bryant,2017,3.9760000000000004,1.0423171889838556,1.0677256767470835,3.425333333333333,1.0,1.0,0.798076923076923,1.711111111111111,2.8333333333333335,0.0,3.0185185185185186,-0.3333333333333333,19.539082751770824,0.9318181818181818
Matt Bryant,2018,3.9,1.1455055947809571,1.1371284128164862,3.6573333333333333,1.0,1.0,0.8814102564102564,1.9333333333333333,2.1666666666666665,0.0,3.2037037037037037,-0.3333333333333333,19.691747967711404,1.0
Matt Bryant,2019,3.8346666666666667,0.8561872909698997,0.8283982540863274,3.2893333333333334,1.0,1.0,0.8397435897435898,1.9333333333333333,1.5,0.0,3.074074074074074,-0.16666666666666666,17.98906987554056,0.5952380952380952
Matt Stover,1991,1.2946666666666666,0.25396825396825395,0.28125,0.9693333333333333,0.23570226039551587,0.2222222222222222,0.2962962962962963,0.3333333333333333,1.0,0.0,1.0576923076923077,-0.16666666666666666,5.7777980072412625,0.15151515151515152
Matt Stover,1992,2.584,0.6223893065998329,0.6109991039426523,1.9346666666666668,0.5690355937288492,0.5555555555555555,0.5462962962962963,0.5555555555555555,1.3333333333333333,0.0,2.0384615384615388,-0.16666666666666666,11.183626283473615,0.25
Matt Stover,1993,3.9173333333333336,0.8357226399331662,0.8776657706093189,2.904,0.9023689270621825,0.8888888888888888,0.8240740740740741,1.0555555555555556,1.5833333333333333,0.0,3.0384615384615388,-0.6666666666666666,16.160737394584725,0.5
Matt Stover,1994,3.956,0.9756937799043065,0.9705654304732646,3.1733333333333333,1.0,1.0,0.8308080808080809,1.388888888888889,0.5833333333333334,0.0,2.8807692307692307,-0.5,16.259392077510437,0.5454545454545454
Matt Stover,1995,4.0,1.0100505050505053,0.9863820757660863,3.3800000000000003,1.0,1.0,0.8808080808080808,1.6851851851851851,0.25,0.0,2.8215686274509806,-0.8333333333333334,16.180661140927505,0.4444444444444444
Matt Stover,1996,3.9613333333333336,1.0606060606060608,1.0005796066302837,3.424,1.0,1.0,0.8808080808080808,1.5185185185185184,1.0,0.0,2.8215686274509806,-0.3333333333333333,17.334080894013926,0.7272727272727273
Matt Stover,1997,3.9613333333333336,1.0277777777777777,0.9691090744921947,3.2053333333333334,1.0,0.9629629629629629,0.9111111111111111,1.2154882154882154,1.0,0.0,2.8638763197586727,-0.3333333333333333,16.783658794924268,0.5714285714285714
Matt Stover,1998,3.9613333333333336,0.9431818181818182,0.9164726181860138,3.0333333333333337,1.0,0.9629629629629629,0.9444444444444445,1.089126559714795,1.0,0.0,2.8653846153846154,-0.16666666666666666,16.54957301887465,0.4864864864864865
Matt Stover,1999,4.0,1.0681818181818181,1.000388294868986,3.1506666666666665,1.0,0.9629629629629629,0.9166666666666666,1.4224598930481285,0.4000000000000001,0.0,2.8457767722473606,-0.3333333333333333,16.433769741309256,0.5384615384615384
Matt Stover,2000,4.0,1.1931818181818181,1.086280595714558,3.3266666666666667,1.0,1.0,0.8910256410256411,1.6143790849673205,1.0666666666666667,0.0,2.9034690799396685,-0.5,17.58166955316234,0.6904761904761905
Matt Stover,2001,4.0,1.309782608695652,1.1728892565806446,3.469333333333333,1.0,1.0,0.8576923076923078,1.5925925925925926,2.066666666666667,0.0,2.9411764705882355,-0.6666666666666666,18.743466569482763,0.975609756097561
Matt Stover,2002,4.0,1.2252415458937198,1.1187889940172935,3.4586666666666672,1.0,1.0,0.8743589743589745,1.3925925925925926,2.2916666666666665,0.0,2.9607843137254903,-0.6666666666666666,18.655433087254735,0.9777777777777777
Matt Stover,2003,4.0,1.2391304347826086,1.128126062177891,3.42,1.0,1.0,0.9,1.3608465608465607,1.625,0.0,2.9215686274509807,-0.5,18.09467168525804,0.9047619047619048
Matt Stover,2004,4.0,1.2437417654808958,1.1385881083825116,3.485333333333333,1.0,1.0,0.8916666666666666,1.5904761904761904,1.125,0.0,2.9411764705882355,-0.3333333333333333,18.0826492015945,0.9047619047619048
Matt Stover,2005,4.0,1.3560606060606062,1.1832544086817116,3.5413333333333337,1.0,1.0,0.9280303030303031,1.6476190476190478,1.1666666666666667,0.0,2.8834841628959276,-0.16666666666666666,18.53978186162093,0.9333333333333333
Matt Stover,2006,4.0,1.244949494949495,1.122292952448128,3.628,1.0,0.9743589743589745,0.9280303030303031,1.6952380952380952,1.6666666666666667,0.0,2.9226998491704372,-0.3333333333333333,18.84890300252877,0.9736842105263158
Matt Stover,2007,4.0,1.1805555555555556,1.0479271707372135,3.5453333333333337,1.0,0.9743589743589745,0.9696969696969697,1.5396825396825395,1.7666666666666666,0.0,2.8846153846153846,-0.3333333333333333,18.5755032613133,0.95
Matt Stover,2008,4.0,1.0972222222222223,1.034317953465399,3.4599999999999995,1.0,0.9743589743589745,0.9722222222222222,1.3862433862433863,1.4333333333333333,0.0,2.829100145137881,-0.3333333333333333,17.853464903650085,0.7804878048780488
Matt Stover,2009,4.0,0.8333333333333334,0.8573709129669567,3.3066666666666666,1.0,1.0,0.9166666666666666,1.4814814814814816,1.4333333333333333,0.0,2.656023222060958,-0.16666666666666666,17.31820894984273,0.5813953488372093
Max Zendejas,1986,1.0946666666666667,0.15789473684210523,0.1773049645390071,0.8573333333333334,0.3333333333333333,0.3333333333333333,0.2222222222222222,0.3333333333333333,0.0,0.0,0.823529411764706,0.0,4.33295133536804,0.1282051282051282
Max Zendejas,1987,2.2506666666666666,0.4716202270381837,0.422284884217722,1.9799999999999998,0.6666666666666666,0.6666666666666666,0.5079365079365079,0.9166666666666666,0.0,0.0,1.7835294117647058,-0.16666666666666666,9.49937103095712,0.55
Max Zendejas,1988,3.4440000000000004,0.6216202270381836,0.5734876333586154,2.729333333333333,1.0,0.8888888888888888,0.7746031746031745,1.1388888888888888,0.5,0.0,2.783529411764706,-0.3333333333333333,14.121018224542459,0.46153846153846156
Michael Badgley,2018,1.2853333333333332,0.21739130434782608,0.21621621621621623,1.2506666666666666,0.3333333333333333,0.3333333333333333,0.3333333333333333,0.6666666666666666,0.0,0.0,1.0925925925925926,0.0,5.728866779823302,0.11904761904761904
Michael Badgley,2019,2.6186666666666665,0.4057971014492754,0.40034320034320037,2.3333333333333335,0.6666666666666666,0.6666666666666666,0.6666666666666666,1.1666666666666667,0.0,0.0,2.0,0.0,10.924806968459142,0.23809523809523808
Michael Badgley,2020,3.8493333333333335,0.7257971014492753,0.7246675246675247,3.302666666666667,1.0,1.0,1.0,1.5769230769230769,0.3333333333333333,0.0,2.9636363636363634,-0.0,16.476357400009572,0.5510204081632653
Michael Badgley,2021,3.8653333333333335,0.73917502787068,0.7695624195624197,3.142666666666667,1.0,1.0,0.9523809523809524,1.4435897435897438,0.9333333333333332,0.0,2.7074074074074073,-0.16666666666666666,16.38678221747787,0.58
Michael Badgley,2022,3.8653333333333335,0.847065527065527,0.8897832615223921,3.202666666666666,1.0,0.9523809523809524,0.9523809523809524,1.489044289044289,1.5999999999999999,0.0,2.7464285714285714,-0.6666666666666666,16.878416887156018,0.4782608695652174
Michael Badgley,2023,3.7906666666666666,0.5730425385597799,0.6349033816425121,3.5666666666666664,1.0,0.9523809523809524,0.9523809523809524,1.7454545454545454,1.7666666666666666,0.0,2.514935064935065,-0.6666666666666666,16.83043076868714,0.3953488372093023
Michael Husted,1993,1.3333333333333333,0.21333333333333335,0.2380952380952381,0.9693333333333333,0.3333333333333333,0.3333333333333333,0.2777777777777778,0.3333333333333333,0.6,0.0,1.0754716981132075,0.0,5.707344713986223,0.06666666666666667
Michael Husted,1994,2.6666666666666665,0.5618181818181819,0.5408163265306122,1.8453333333333333,0.6666666666666666,0.6666666666666666,0.5555555555555556,0.6,0.7999999999999999,0.0,2.1354716981132076,-0.16666666666666666,10.872328428684222,0.24242424242424243
Michael Husted,1995,4.0,0.8257070707070707,0.7915808525244961,2.82,1.0,0.9444444444444445,0.7936507936507936,0.9703703703703704,1.8,0.0,3.174687384387718,-0.3333333333333333,16.78710758275156,0.5833333333333334
Michael Husted,1996,3.9293333333333336,0.9595959595959597,0.840522651466295,2.892,1.0,0.9027777777777778,0.7582972582972584,1.2203703703703705,1.5333333333333332,0.0,3.09921568627451,-0.3333333333333333,16.802113037115504,0.6666666666666666
Michael Husted,1997,3.814666666666666,0.7916666666666666,0.7589853636539737,3.036,1.0,0.9027777777777778,0.7027417027417028,1.5092592592592595,1.6666666666666667,0.0,3.0776772247360484,-0.16666666666666666,17.093774661502096,0.6571428571428571
Michael Husted,1998,3.7706666666666666,0.845959595959596,0.8179851474243997,3.0613333333333337,0.6666666666666666,0.9583333333333334,0.6868686868686869,1.615079365079365,1.6666666666666667,0.0,3.0384615384615383,-0.16666666666666666,16.961354333793583,0.5675675675675675
Michael Husted,1999,3.8413333333333335,0.7765151515151515,0.8139669783118909,2.8800000000000003,0.6666666666666666,1.0,0.6565656565656566,1.4761904761904763,1.3333333333333333,0.0,2.9992458521870287,-0.6666666666666666,15.777150781436868,0.41025641025641024
Michael Husted,2000,3.808,0.6515151515151515,0.6562752411809015,2.526666666666667,0.6666666666666666,1.0,0.4343434343434343,0.9206349206349206,1.0,0.0,2.5098039215686274,-0.8333333333333334,13.340572669243036,0.4523809523809524
Michael Husted,2001,2.518666666666667,0.3333333333333333,0.3465109314165918,1.5266666666666666,0.6666666666666666,0.6666666666666666,0.21212121212121213,0.4444444444444444,0.0,0.0,1.5098039215686274,-0.6666666666666666,7.55821384288421,0.21951219512195122
Michael Husted,2002,2.518666666666667,0.07004830917874394,0.0829095392202188,2.0,0.6666666666666666,0.6666666666666666,0.3333333333333333,0.6666666666666666,0.0,0.0,1.2941176470588236,-0.16666666666666666,8.13240882879112,0.24444444444444444
Michael Koenen,2005,0.0,0.013888888888888867,0.009433962264150933,0.6666666666666666,0.3333333333333333,0.3333333333333333,0.16666666666666666,0.3333333333333333,0.5,0.0,1.1153846153846154,0.0,3.472040799870989,0.08888888888888889
Michael Koenen,2006,1.3333333333333333,0.05555555555555553,0.049932404631752164,1.1106666666666667,0.6666666666666666,0.6666666666666666,0.25,0.3333333333333333,0.8333333333333334,0.0,2.0961538461538463,-0.5,6.895641806341153,0.10526315789473684
Michael Koenen,2007,1.3333333333333333,0.05555555555555553,0.049932404631752164,1.1106666666666667,1.0,1.0,0.25,0.3333333333333333,0.8333333333333334,0.0,2.0961538461538463,-0.5,7.56230847300782,0.175
Mick Luckhurst,1981,1.3333333333333333,0.368421052631579,0.40860215053763443,0.848,0.23570226039551587,0.3333333333333333,0.2222222222222222,0.303030303030303,0.0,0.0,0.9591836734693876,0.0,5.0118283289533085,0.15151515151515152
Mick Luckhurst,1982,2.606666666666667,0.7017543859649124,0.7419354838709676,1.8,0.5690355937288492,0.6666666666666666,0.2222222222222222,0.7474747474747474,1.0,0.0,2.0216836734693877,-0.16666666666666666,10.910772773397753,0.42105263157894735
Mick Luckhurst,1983,3.8813333333333335,1.0165692007797271,1.0584338003692844,2.830666666666667,0.9023689270621825,0.9333333333333332,0.48888888888888893,1.292929292929293,1.0,0.0,2.982467987194878,-0.3333333333333333,16.053658097224254,0.8
Mick Luckhurst,1984,3.8813333333333335,0.9814814814814815,0.9531649831649832,2.9706666666666663,1.0,0.9333333333333332,0.5666666666666668,1.2861952861952861,1.75,0.0,3.0232843137254903,-0.3333333333333333,17.012792731233912,0.8857142857142857
Mick Luckhurst,1985,3.941333333333333,1.011784511784512,0.9531649831649833,3.050666666666667,1.0,0.8592592592592592,0.8333333333333334,1.3265993265993268,1.75,0.0,2.980392156862745,-0.16666666666666666,17.539866904337497,0.9230769230769231
Mick Luckhurst,1986,4.0,0.9425837320574163,0.8600709219858156,2.797333333333333,1.0,0.7592592592592592,0.8047619047619047,1.2053872053872055,1.75,0.0,2.980392156862745,-0.0,17.09978851364768,0.8974358974358975
Mick Luckhurst,1987,4.0,0.785720986959377,0.7334444159617193,2.7319999999999998,1.0,0.7592592592592592,0.8380952380952381,1.309090909090909,1.5,0.0,2.980392156862745,-0.0,16.638002966229248,0.8833333333333333
Mike Cofer,1987,0.952,0.019607843137254898,0.032128514056224904,1.3333333333333333,0.3333333333333333,0.3333333333333333,0.3333333333333333,0.6666666666666666,0.0,0.0,0.54,0.0,4.54373635719348,0.36666666666666664
Mike Cofer,1988,2.2533333333333334,0.46960784313725495,0.447936074193682,2.281333333333333,0.6666666666666666,0.6333333333333333,0.6060606060606061,1.0909090909090908,0.20000000000000004,0.0,1.58,-0.5,9.7291802809673,0.358974358974359
Mike Cofer,1989,3.5346666666666664,0.9299253034547151,0.9251290566498223,3.356,1.0,0.9666666666666667,0.9023569023569024,1.5353535353535352,0.20000000000000004,0.0,2.52,-0.6666666666666666,15.203431464481644,0.5555555555555556
Mike Cofer,1990,3.916,1.3103174603174603,1.2951744556370757,2.9120000000000004,1.0,0.9666666666666667,0.8282828282828283,1.1717171717171715,0.5333333333333333,0.0,3.1,-1.0,16.03349191595454,0.78125
Mike Cofer,1991,3.921333333333333,1.0825396825396825,1.1953391177218409,2.630666666666667,1.0,1.0,0.6555555555555556,1.014141414141414,1.0,0.0,3.0215384615384617,-0.6666666666666666,15.85444756483029,0.5151515151515151
Mike Cofer,1992,3.948,0.9380116959064327,1.101658680068568,2.4453333333333336,1.0,0.9583333333333334,0.5675925925925926,0.9696969696969697,1.0,0.0,2.9661538461538464,-0.5,15.394780451085076,0.375
Mike Cofer,1993,3.904,0.751345029239766,1.0391673067076292,2.376,1.0,0.8842592592592592,0.5464285714285715,1.0476190476190474,0.6666666666666666,0.0,2.714078374455733,-0.16666666666666666,14.762897588710006,0.26666666666666666
Mike Cofer,1994,2.5973333333333333,0.5291228070175439,0.723195084485407,1.7093333333333334,0.6666666666666666,0.5509259259259259,0.44642857142857145,0.7809523809523808,0.0,0.0,1.7525399129172712,0.0,9.756498016060432,0.15151515151515152
Mike Cofer,1995,2.622666666666667,0.2688888888888889,0.4039027231687782,1.412,0.6666666666666666,0.5925925925925926,0.2380952380952381,0.7142857142857143,1.0,0.0,1.8875323714391417,-0.16666666666666666,9.63996419513702,0.19444444444444445
Mike Hollis,1995,1.2853333333333332,0.2777777777777778,0.26605504587155965,0.988,0.3333333333333333,0.25925925925925924,0.2916666666666667,0.38095238095238093,0.6666666666666666,0.0,1.03921568627451,0.0,5.788260150135488,0.1388888888888889
Mike Hollis,1996,2.6186666666666665,0.6944444444444445,0.6271661569826708,2.0986666666666665,0.6666666666666666,0.5925925925925926,0.5773809523809524,0.7976190476190476,1.3333333333333333,0.0,2.09921568627451,-0.16666666666666666,11.939085546960884,0.2727272727272727
Mike Hollis,1997,3.952,1.1250000000000002,1.0446116398487142,3.2466666666666666,1.0,0.8783068783068783,0.8736772486772487,1.316137566137566,2.3333333333333335,0.0,3.09921568627451,-0.3333333333333333,18.535615685911583,0.9142857142857143
Mike Hollis,1998,4.0,1.1654040404040404,1.1421929576135181,3.336,1.0,0.8857142857142857,0.8783068783068783,1.4685185185185186,1.6666666666666667,0.0,2.963846153846154,-0.8333333333333334,17.67331616773673,0.7297297297297297
Mike Hollis,1999,4.0,1.1792929292929293,1.189886877948948,3.313333333333334,1.0,0.8600732600732601,0.8888888888888888,1.4962962962962962,2.0,0.0,2.884238310708899,-0.8333333333333334,17.978676563209223,0.7948717948717948
Mike Hollis,2000,4.0,1.0820707070707072,1.1057747284162378,3.3959999999999995,1.0,0.8600732600732601,0.9259259259259259,1.5611111111111111,2.0,0.0,2.884238310708899,-0.8333333333333334,17.98186070997281,0.8333333333333334
Mike Hollis,2001,3.9133333333333336,1.0247584541062802,1.016065757519148,3.176,1.0,0.8600732600732601,0.872053872053872,1.3914141414141412,2.0,0.0,2.9215686274509807,-0.5,17.675267445951018,0.8048780487804879
Mike Hollis,2002,3.9133333333333336,0.9565217391304347,0.9794290108622512,3.0986666666666665,1.0,0.844047619047619,0.8424242424242424,1.4136363636363634,1.5999999999999999,0.0,3.0,-0.5,17.14805897510091,0.7111111111111111
Mike Lansford,1982,1.2773333333333332,0.3,0.32679738562091504,0.7999999999999999,0.3333333333333333,0.26666666666666666,0.20833333333333334,0.39999999999999997,0.0,0.0,0.8125,-0.16666666666666666,4.558297385620915,0.13157894736842105
Mike Lansford,1983,2.6106666666666665,0.41111111111111115,0.417706476530006,1.6893333333333331,0.6666666666666666,0.6,0.5416666666666666,0.7333333333333334,0.0,0.0,1.7732843137254903,-0.8333333333333334,8.61043523469994,0.2857142857142857
Mike Lansford,1984,3.909333333333333,0.8277777777777778,0.7910398098633392,2.6999999999999997,1.0,0.9333333333333332,0.798076923076923,1.019047619047619,0.5,0.0,2.7348227752639516,-1.0,14.213431571696278,0.45714285714285713
Mike Lansford,1985,3.9306666666666668,0.8611111111111112,0.8074767476747674,2.9120000000000004,1.0,1.0,0.8397435897435898,1.1190476190476188,1.0,0.0,2.941930618401207,-0.8333333333333334,15.578643019311627,0.6153846153846154
Mike Lansford,1986,3.8919999999999995,1.0482456140350878,1.0179860964819885,2.966666666666667,1.0,0.9444444444444445,0.7286324786324786,1.23015873015873,1.5,0.0,2.9615384615384617,-0.5,16.78967249195786,0.8205128205128205
Mike Lansford,1987,3.856,0.9649122807017544,0.994050353510101,3.036,1.0,0.9444444444444445,0.7222222222222222,1.462962962962963,1.0,0.0,2.9599999999999995,-0.6666666666666666,16.27392559717482,0.85
Mike Lansford,1988,3.808,1.0315789473684212,1.052877885747861,3.0239999999999996,1.0,0.8611111111111112,0.7388888888888889,1.4629629629629628,0.5,0.0,2.920392156862745,-0.8333333333333334,15.566478619608658,0.6666666666666666
Mike Lansford,1989,3.8466666666666662,1.0984126984126983,1.172512077610496,3.1026666666666665,1.0,0.875,0.85,1.551851851851852,0.0,0.0,2.9,-0.5,15.89710996120838,0.75
Mike Lansford,1990,3.8866666666666667,1.015079365079365,1.1383318785533982,2.856,0.9553418012614795,0.875,0.8380952380952381,1.2555555555555555,0.0,0.0,2.86,-0.16666666666666666,15.513403838545036,0.46875
Mike Nugent,2005,1.3333333333333333,0.3055555555555555,0.2830188679245283,1.048,0.3333333333333333,0.2962962962962963,0.3333333333333333,0.4666666666666666,0.0,0.0,0.9423076923076924,0.0,5.34184507875074,0.2222222222222222
Mike Nugent,2006,2.628,0.6388888888888888,0.6132369364603538,2.2333333333333334,0.6666666666666666,0.6296296296296297,0.6111111111111112,1.1333333333333333,0.5,0.0,1.9807692307692306,-0.16666666666666666,11.468302463525882,0.3157894736842105
Mike Nugent,2007,3.905333333333333,1.0416666666666665,0.9377207122715633,3.308,1.0,0.9629629629629629,0.888888888888889,1.6333333333333335,1.0,0.0,2.942307692307692,-0.3333333333333333,17.286880256431107,0.575
Mike Nugent,2008,3.905333333333333,0.736111111111111,0.6603040852433936,2.2600000000000002,1.0,1.0,0.5555555555555556,1.1666666666666667,1.0,0.0,2.0,-0.3333333333333333,13.950637418576727,0.2926829268292683
Mike Nugent,2009,3.9440000000000004,0.45833333333333326,0.4167526833742346,1.7413333333333334,1.0,1.0,0.4444444444444445,0.6666666666666666,0.5,0.0,1.8846153846153848,-0.16666666666666666,11.889479179100732,0.27906976744186046
Mike Nugent,2010,4.0,0.2638888888888889,0.2872374610221447,1.7186666666666668,1.0,1.0,0.5,0.38888888888888884,0.0,0.0,1.9419448476052252,-0.0,11.100626753071813,0.20454545454545456
Mike Nugent,2011,3.9613333333333336,0.7038888888888889,0.6545165760579895,2.876,1.0,1.0,0.7083333333333334,0.9722222222222222,1.0,0.0,2.866473149492018,-0.0,15.742767503327784,0.2631578947368421
Mike Nugent,2012,3.9613333333333336,0.8919230769230769,0.8345165760579896,3.3106666666666666,1.0,1.0,0.875,1.2499999999999998,1.75,0.0,2.9811320754716983,-0.0,17.854571728452765,0.6388888888888888
Mike Nugent,2013,3.936,0.9143589743589743,0.9389830508474576,3.3493333333333335,1.0,1.0,0.8273809523809524,1.5462962962962965,2.4166666666666665,0.0,2.962264150943396,-0.0,18.891283424827076,0.7714285714285715
Mike Nugent,2014,3.9746666666666663,0.8076923076923076,0.9023085914669785,3.2426666666666666,1.0,1.0,0.8968253968253969,1.5185185185185184,1.4166666666666667,0.0,2.962264150943396,-0.16666666666666666,17.55494229877993,0.4722222222222222
Mike Nugent,2015,3.948,0.8707692307692309,0.9967530359114228,3.236,1.0,1.0,0.8412698412698413,1.586894586894587,1.6666666666666667,0.0,2.8874912648497553,-0.3333333333333333,17.70051129302817,0.5641025641025641
Mike Nugent,2016,3.6973333333333334,0.9239506172839507,0.9528735632183908,3.202666666666667,1.0,1.0,0.8555555555555556,1.5445665445665446,2.0,0.0,2.7578616352201255,-0.3333333333333333,17.601474582511234,0.5833333333333334
Mike Nugent,2017,3.5400000000000005,0.7316429249762583,0.7634556574923547,3.28,1.0,1.0,0.8277777777777778,1.5223443223443223,2.5,0.0,2.8518518518518516,-0.5,17.517072534442566,0.5909090909090909
Mike Nugent,2018,3.3000000000000003,0.511932780048722,0.46841061244730975,3.518666666666667,1.0,1.0,0.8833333333333333,1.6761904761904762,2.5,0.0,2.8518518518518516,-0.3333333333333333,17.37705238720503,0.5714285714285714
Mike Nugent,2019,3.4933333333333336,0.3004459308807135,0.30809315212984933,3.2946666666666666,1.0,0.9166666666666666,0.8055555555555555,1.2,2.5,0.0,2.6666666666666665,-0.3333333333333333,16.15209463856612,0.42857142857142855
Mike Nugent,2020,3.6506666666666665,0.2527536231884058,0.24538824538824536,3.3333333333333335,1.0,0.9166666666666666,0.8222222222222223,1.3333333333333333,2.0,0.0,2.4299663299663297,-0.16666666666666666,15.817663754098538,0.4897959183673469
Mike Vanderjagt,1998,1.3333333333333333,0.4090909090909091,0.3501683501683502,1.1613333333333333,0.3333333333333333,0.3333333333333333,0.3333333333333333,0.5925925925925926,0.6666666666666666,0.0,1.0192307692307692,-0.3333333333333333,6.1990826210826215,0.1891891891891892
Mike Vanderjagt,1999,2.6666666666666665,0.8813131313131314,0.8061431929356457,2.3546666666666667,0.6666666666666666,0.6666666666666666,0.6153846153846154,1.1986531986531987,1.1666666666666667,0.0,2.0584464555052793,-0.5,12.581273927125205,0.3076923076923077
Mike Vanderjagt,2000,4.0,1.2285353535353536,1.19027017706263,3.5893333333333337,1.0,1.0,0.9487179487179488,1.7542087542087543,1.1666666666666667,0.0,2.999622926093514,-0.5,18.3773551596182,0.9285714285714286
Mike Vanderjagt,2001,3.968,1.22524154589372,1.2526430810196922,3.526666666666667,1.0,0.9583333333333334,0.9487179487179488,1.6616161616161618,1.5,0.0,3.0,-0.16666666666666666,18.874552070580854,1.0
Mike Vanderjagt,2002,3.968,1.086352657004831,1.1300015715857301,3.3226666666666667,1.0,0.9166666666666666,0.9523809523809524,1.388888888888889,1.25,0.0,3.019607843137255,-0.0,18.03456524633099,0.8222222222222222
Mike Vanderjagt,2003,3.968,1.2997364953886694,1.2589464828835826,3.421333333333333,1.0,0.9166666666666666,0.9523809523809524,1.5,2.25,0.0,3.0588235294117645,-0.0,19.625887460064966,1.0
Mike Vanderjagt,2004,3.9773333333333336,1.196969696969697,1.2430718954248368,3.389333333333333,1.0,0.9583333333333334,0.8917748917748919,1.4761904761904763,2.25,0.0,2.9607843137254903,-0.0,19.34379127408539,1.0
Mike Vanderjagt,2005,3.9773333333333336,1.1830808080808082,1.2902417067455914,3.626666666666667,1.0,1.0,0.8917748917748917,1.7261904761904763,2.0,0.0,2.8250377073906487,-0.0,19.520325590182413,1.0
Mike Vanderjagt,2006,3.9773333333333336,0.8030303030303031,1.0014688767413154,3.2560000000000002,1.0,0.9523809523809524,0.8362193362193362,1.2261904761904763,1.0,0.6666666666666666,2.8061840120663653,-0.0,17.525473956628748,0.6842105263157895
Mike Wood,1979,1.1933333333333334,0.3333333333333333,0.31601731601731603,0.8253333333333334,0.3333333333333333,0.3333333333333333,0.25,0.2222222222222222,0.0,0.0,0.8936170212765958,-0.16666666666666666,4.533856559516133,0.13513513513513514
Mike Wood,1980,1.1933333333333334,0.3333333333333333,0.31601731601731603,0.8253333333333334,0.3333333333333333,0.3333333333333333,0.25,0.2222222222222222,0.0,0.0,0.8936170212765958,-0.16666666666666666,4.533856559516133,0.11764705882352941
Mike Wood,1981,2.3653333333333335,0.5087719298245613,0.5274868500674952,1.5666666666666667,0.6666666666666666,0.5555555555555555,0.45,0.5079365079365079,0.0,0.0,1.8732088580112898,-0.3333333333333333,8.688293034728742,0.24242424242424243
Mike Wood,1982,2.505333333333333,0.37543859649122807,0.3683322791482184,1.5413333333333334,0.6666666666666666,0.2222222222222222,0.39999999999999997,0.7301587301587301,1.0,0.0,2.0420918367346936,-0.3333333333333333,9.518243664755094,0.3684210526315789
Mirro Roder,1973,1.2226666666666668,0.12698412698412695,0.12411347517730496,0.6666666666666666,0.3333333333333333,0.3333333333333333,0.1111111111111111,0.38095238095238093,0.0,0.0,0.9791666666666666,-0.16666666666666666,4.111661094224924,0.18181818181818182
Mirro Roder,1974,2.556,0.3997113997113997,0.34301894781412084,1.5893333333333333,0.6666666666666666,0.6,0.3111111111111111,0.8253968253968255,0.0,0.0,1.9356884057971016,-0.3333333333333333,8.893593356497226,0.4583333333333333
Mirro Roder,1975,2.556,0.3997113997113997,0.34301894781412084,1.5893333333333333,0.6666666666666666,0.6,0.3111111111111111,0.8253968253968255,0.0,0.0,1.9356884057971016,-0.3333333333333333,8.893593356497226,0.34782608695652173
Mirro Roder,1976,1.3333333333333333,0.27272727272727276,0.21890547263681592,0.9226666666666666,0.6666666666666666,0.6,0.19999999999999998,0.4444444444444444,0.0,0.0,0.9565217391304349,-0.16666666666666666,5.448598928938968,0.25925925925925924
Morten Andersen,1982,1.3333333333333333,0.06666666666666667,0.07843137254901959,0.5333333333333333,0.3333333333333333,0.3333333333333333,0.3333333333333333,0.2222222222222222,0.0,0.0,0.9375,0.0,4.171486928104575,0.10526315789473684
Morten Andersen,1983,2.632,0.39999999999999997,0.384828678946326,1.5333333333333332,0.6666666666666666,0.6666666666666666,0.5833333333333334,0.4444444444444444,0.75,0.0,1.9571078431372548,-0.16666666666666666,9.851714299861358,0.37142857142857144
Morten Andersen,1984,3.9653333333333336,0.7333333333333334,0.6981620122796593,2.521333333333333,1.0,1.0,0.85,0.7777777777777777,1.4166666666666667,0.0,2.9763386123680236,-0.16666666666666666,15.772278402425462,0.6
Morten Andersen,1985,3.8733333333333335,1.1363636363636365,1.0157702436910356,3.169333333333333,1.0,0.9333333333333332,0.8261904761904763,1.1666666666666665,2.1666666666666665,0.0,3.1172699849170438,-0.3333333333333333,18.071594341162193,1.0
Morten Andersen,1986,3.908,1.259170653907496,1.0923516606979846,3.3253333333333335,1.0,0.9333333333333332,0.8619047619047618,1.611111111111111,1.8166666666666667,0.0,3.136877828054299,-0.3333333333333333,18.611416015675655,1.0
Morten Andersen,1987,3.908,1.4748569284173,1.264962102465053,3.3746666666666667,1.0,0.9333333333333332,0.9285714285714285,1.722222222222222,1.4833333333333334,0.0,3.1576470588235295,-0.3333333333333333,18.914259740499535,1.0
Morten Andersen,1988,3.9599999999999995,1.4384932920536635,1.2469293713568905,3.156,1.0,0.9722222222222222,0.8614718614718614,1.5277777777777777,0.9833333333333334,0.0,3.09921568627451,-0.5,17.745443544490257,0.9743589743589743
Morten Andersen,1989,3.9306666666666668,1.299813258636788,1.2288629286543897,2.92,1.0,0.9305555555555555,0.8787878787878789,1.1944444444444444,0.5833333333333334,0.0,3.0400000000000005,-0.3333333333333333,16.673130732745722,0.8055555555555556
Morten Andersen,1990,3.9306666666666668,1.1007936507936507,1.0762524868873213,2.92,1.0,0.9305555555555555,0.8232323232323232,1.1944444444444444,1.0,0.0,3.0400000000000005,-0.3333333333333333,16.68261179424663,0.875
Morten Andersen,1991,3.9706666666666663,1.0642857142857143,1.0906067251461986,2.998666666666667,1.0,0.9583333333333334,0.8628593628593629,1.222222222222222,1.25,0.0,3.1738461538461533,-0.5,17.09148684502632,0.8484848484848485
Morten Andersen,1992,3.9613333333333336,1.2555973266499583,1.155801971326165,3.2159999999999997,1.0,1.0,0.8264957264957266,1.3737373737373737,2.25,0.0,3.193846153846154,-0.5,18.732811885388713,0.96875
Morten Andersen,1993,3.9613333333333336,1.2789306599832917,1.1938972094214029,3.2453333333333334,1.0,1.0,0.882051282051282,1.453102453102453,1.7,0.0,3.210449927431059,-0.5,18.42509819865616,0.8666666666666667
Morten Andersen,1994,3.9613333333333336,1.3063476874003188,1.1960939214395436,3.1613333333333333,1.0,1.0,0.8619047619047618,1.541991341991342,1.2,0.0,3.016603773584906,-0.0,18.245608152987543,0.8787878787878788
Morten Andersen,1995,3.956,1.2281313131313132,1.1390750795731137,3.1413333333333333,1.0,1.0,0.9285714285714285,1.3071428571428572,1.0888888888888888,0.0,3.1734665186829445,-0.16666666666666666,17.79594275265721,0.8611111111111112
Morten Andersen,1996,3.956,1.1603535353535355,1.0670292241939248,3.0866666666666664,1.0,1.0,0.8679653679653679,1.3666666666666665,1.0888888888888888,0.0,3.196862745098039,-0.3333333333333333,17.45709976149976,0.7878787878787878
Morten Andersen,1997,3.956,1.0555555555555556,0.9964589400054832,3.265333333333333,1.0,1.0,0.9393939393939394,1.1666666666666667,1.7555555555555555,0.0,3.294555052790347,-0.3333333333333333,18.096185709967546,0.8857142857142857
Morten Andersen,1998,3.9746666666666663,0.9734848484848485,1.0274106590305967,3.2426666666666666,0.6666666666666666,0.9629629629629629,0.9393939393939394,1.361111111111111,1.8666666666666665,0.0,3.156923076923077,-0.16666666666666666,18.005286597906537,0.8108108108108109
Morten Andersen,1999,3.9746666666666663,0.8762626262626263,0.9764556159371889,3.1826666666666665,0.6666666666666666,0.9629629629629629,0.875,1.222222222222222,1.6666666666666667,0.0,3.037707390648567,-0.16666666666666666,17.27461081803357,0.6410256410256411
Morten Andersen,2000,3.9746666666666663,0.904040404040404,0.9635791881074901,3.1213333333333337,0.6666666666666666,0.9629629629629629,0.8273809523809524,1.3777777777777775,2.0,0.0,2.980015082956259,-0.16666666666666666,17.61175636822585,0.7380952380952381
Morten Andersen,2001,3.956,0.888888888888889,0.8829711273014094,3.1213333333333337,1.0,1.0,0.7857142857142857,1.5047619047619047,2.0,0.0,2.9607843137254903,-0.16666666666666666,17.93378718705865,0.8536585365853658
Morten Andersen,2002,3.956,0.9993961352657005,1.0131842310444636,3.297333333333333,1.0,1.0,0.9107142857142857,1.4306878306878306,3.0,0.0,2.980392156862745,-0.3333333333333333,19.25437463957503,1.0
Morten Andersen,2003,3.9333333333333336,0.8945981554677207,1.0484783486915223,3.289333333333333,1.0,1.0,0.9583333333333334,1.3584656084656084,2.6666666666666665,0.0,2.9411764705882355,-0.5,18.590385249879755,0.9761904761904762
Morten Andersen,2004,3.9773333333333336,0.8339920948616601,1.055046005457199,3.2853333333333334,1.0,1.0,0.9047619047619048,1.2314814814814814,2.2666666666666666,0.0,2.8823529411764706,-0.5,17.93696776107205,0.8809523809523809
Morten Andersen,2005,2.644,0.5151515151515151,0.67640522875817,2.1573333333333333,0.6666666666666666,0.6666666666666666,0.5714285714285715,0.861111111111111,1.2666666666666666,0.0,1.9019607843137252,-0.16666666666666666,11.76072387742976,0.4222222222222222
Morten Andersen,2006,2.6666666666666665,0.5505050505050505,0.6010280373831776,2.2506666666666666,0.6666666666666666,0.625,0.5714285714285715,1.0277777777777777,0.6,0.0,1.8065610859728505,0.0,11.366300523067428,0.2894736842105263
Morten Andersen,2007,2.6666666666666665,0.625,0.5630634356132661,2.3506666666666667,0.6666666666666666,0.625,0.6666666666666666,0.9642857142857143,0.0,0.0,1.7692307692307694,0.0,10.897246585796417,0.225
Nate Kaeding,2004,1.3093333333333332,0.30303030303030304,0.37999999999999995,1.0666666666666667,0.3333333333333333,0.27272727272727276,0.3333333333333333,0.5555555555555556,0.0,0.0,1.03921568627451,0.0,5.593195484254308,0.07142857142857142
Nate Kaeding,2005,2.6426666666666665,0.5946969696969697,0.7322012578616351,2.2333333333333334,0.6666666666666666,0.6060606060606061,0.6666666666666666,1.0404040404040404,0.0,0.0,1.9815233785822024,-0.3333333333333333,10.830886252605453,0.3333333333333333
Nate Kaeding,2006,3.9760000000000004,0.9558080808080808,1.1558772703226943,3.4293333333333336,1.0,0.9393939393939394,0.9722222222222222,1.558922558922559,1.0,0.0,3.019984917043741,-0.3333333333333333,17.674208988713232,0.7368421052631579
Nate Kaeding,2007,4.0,0.986111111111111,1.123959866192901,3.548,1.0,1.0,0.9166666666666666,1.5867003367003367,1.5,0.0,2.9615384615384617,-0.6666666666666666,17.95630977554281,0.875
Nate Kaeding,2008,4.0,1.0277777777777777,1.1275009052500333,3.5066666666666664,1.0,1.0,0.9166666666666666,1.3518518518518519,2.0,0.0,3.0947024673439767,-0.3333333333333333,18.691833002223635,0.9512195121951219
Nate Kaeding,2009,3.973333333333333,1.111111111111111,1.1904915594556407,3.5293333333333337,1.0,1.0,0.9444444444444445,1.3333333333333333,1.3333333333333333,0.0,3.1139332365747463,-0.5,18.029313684919277,0.813953488372093
Nate Kaeding,2010,3.973333333333333,1.097222222222222,1.1851762591829182,3.4386666666666663,1.0,1.0,0.9583333333333334,1.3499999999999999,1.5,0.0,3.0765602322206096,-0.16666666666666666,18.412625380292415,0.8863636363636364
Nate Kaeding,2011,2.64,0.7638888888888888,0.8294339622641509,2.313333333333333,0.6666666666666666,0.6666666666666666,0.625,1.0999999999999999,1.0,0.0,2.001088534107402,-0.16666666666666666,12.439411385260442,0.21052631578947367
Nate Kaeding,2012,2.6666666666666665,0.422008547008547,0.43841946951052774,2.1613333333333333,0.6666666666666666,0.6666666666666666,0.5583333333333333,1.0444444444444445,0.6666666666666666,0.0,1.7924528301886793,-0.16666666666666666,10.916991957818865,0.1388888888888889
Neil O'Donoghue,1977,1.0666666666666667,0.051282051282051266,0.05464480874316937,0.444,0.3333333333333333,0.16666666666666666,0.16666666666666666,0.0,0.0,0.0,0.6382978723404256,0.0,2.9215580656989797,0.12903225806451613
Neil O'Donoghue,1978,2.2159999999999997,0.3608058608058608,0.3429330970314577,1.1973333333333331,0.6666666666666666,0.5,0.27777777777777773,0.3333333333333333,0.0,0.0,1.6808510638297873,-0.16666666666666666,7.4090344661115495,0.28125
Neil O'Donoghue,1979,3.3586666666666667,0.6428571428571428,0.6156603697587305,1.9693333333333332,1.0,0.75,0.46296296296296297,0.6,0.0,0.0,2.6170212765957452,-0.16666666666666666,11.849835085507914,0.5675675675675675
Neil O'Donoghue,1980,3.6253333333333333,0.8207417582417582,0.7658348381239947,2.5026666666666664,1.0,0.9166666666666666,0.5462962962962963,1.0166666666666666,0.0,0.0,2.874556737588653,-0.16666666666666666,13.90209629691737,0.6176470588235294
Neil O'Donoghue,1981,3.7733333333333334,0.844551282051282,0.8108798831690399,2.541333333333333,1.0,0.9166666666666666,0.6574074074074073,0.9863636363636363,0.0,0.0,2.7911872195686787,-0.0,14.321722761893376,0.6060606060606061
Neil O'Donoghue,1982,3.8813333333333335,0.8291666666666666,0.7930545712260808,2.5893333333333337,1.0,0.8888888888888888,0.8055555555555555,0.9419191919191919,0.0,0.0,2.8550170068027207,-0.0,14.58426854772577,0.631578947368421
Neil O'Donoghue,1983,3.824,0.8777777777777778,0.8912655971479501,2.3266666666666667,0.6666666666666666,0.7777777777777777,0.6805555555555555,0.9252525252525251,0.6666666666666666,0.0,2.9787915166066425,-0.0,14.615420750118226,0.6
Neil O'Donoghue,1984,3.781333333333333,0.9277777777777777,0.9479322638146167,2.4106666666666667,0.6666666666666666,0.7777777777777777,0.7175925925925926,0.9555555555555556,1.0,0.0,3.019607843137255,-0.16666666666666666,15.038243810655574,0.5714285714285714
Neil O'Donoghue,1985,3.8639999999999994,0.8126262626262627,0.8547464746474648,2.3320000000000003,0.6666666666666666,0.7555555555555555,0.6064814814814815,1.0666666666666667,1.0,0.0,2.980392156862745,-0.16666666666666666,14.772468597840176,0.48717948717948717
Neil Rackers,2000,1.3333333333333333,0.16666666666666666,0.18095238095238095,0.7613333333333333,0.3333333333333333,0.3333333333333333,0.1851851851851852,0.19047619047619047,0.0,0.0,0.8823529411764706,-0.3333333333333333,4.033633364456893,0.07142857142857142
Neil Rackers,2001,2.6106666666666665,0.41304347826086957,0.4251768033946252,1.5706666666666667,0.6666666666666666,0.5555555555555555,0.4276094276094276,0.48677248677248675,0.5,0.0,1.9019607843137252,-0.3333333333333333,9.224785202573356,0.2682926829268293
Neil Rackers,2002,3.861333333333333,0.6304347826086957,0.6678952499965668,2.6813333333333333,1.0,0.8888888888888888,0.7609427609427609,0.8867724867724865,0.9,0.0,2.9607843137254903,-0.6666666666666666,14.57171848293489,0.4444444444444444
Neil Rackers,2003,3.861333333333333,0.6001317523056654,0.6013219540115062,2.92,1.0,0.8888888888888888,0.6590909090909091,1.362962962962963,0.9,0.0,3.0392156862745097,-0.3333333333333333,15.499612153534443,0.42857142857142855
Neil Rackers,2004,3.917333333333333,0.6870882740447959,0.6704308649025954,3.122666666666666,1.0,1.0,0.6547619047619048,1.6380952380952383,0.4000000000000001,0.0,3.098039215686274,-0.3333333333333333,15.855082164157475,0.47619047619047616
Neil Rackers,2005,4.0,1.0252525252525253,0.8679639906276976,3.281333333333333,1.0,1.0,0.6547619047619048,1.857142857142857,0.6,0.0,3.077677224736048,-0.16666666666666666,17.197465169187698,0.7111111111111111
Neil Rackers,2006,4.0,1.277777777777778,1.1149556221712806,3.2906666666666666,1.0,1.0,0.9047619047619048,1.6571428571428573,1.5999999999999999,0.0,3.0784313725490193,-0.16666666666666666,18.75706953440284,0.9473684210526315
Neil Rackers,2007,3.972,1.2361111111111114,1.126106064649157,3.2119999999999997,1.0,1.0,0.9166666666666666,1.6412698412698414,2.6,0.0,3.0,-0.16666666666666666,19.53748701703011,1.0
Neil Rackers,2008,3.972,0.9891975308641975,1.019187825655446,3.1333333333333333,1.0,1.0,0.8560606060606061,1.6888888888888889,3.0,0.0,2.9804063860667633,-0.16666666666666666,19.47240790420257,0.975609756097561
Neil Rackers,2009,3.937333333333333,0.8225308641975309,0.9411504424778762,3.3786666666666663,1.0,1.0,0.8560606060606061,1.7936507936507937,2.5,0.0,2.941944847605225,-0.16666666666666666,19.004670887325368,1.0
Neil Rackers,2010,3.9653333333333336,0.9058641975308642,1.0066037735849056,3.6453333333333333,1.0,1.0,0.9393939393939394,1.7142857142857142,2.25,0.0,3.017416545718433,-0.16666666666666666,19.27756417051386,1.0
Neil Rackers,2011,3.932,1.0238888888888888,1.0546263724549623,3.5773333333333333,1.0,1.0,0.9696969696969697,1.3809523809523812,2.0,0.3333333333333333,3.017416545718433,-0.3333333333333333,18.955914491044965,0.9473684210526315
Nick Lowery,1978,1.3333333333333333,0.0,0.031531531531531536,0.0,0.3333333333333333,0.3333333333333333,0.0,0.0,0.0,0.0,0.0,0.0,2.0315315315315314,0.09375
Nick Lowery,1979,1.3333333333333333,0.0,0.031531531531531536,0.0,0.3333333333333333,0.3333333333333333,0.0,0.0,0.0,0.0,0.0,0.0,2.0315315315315314,0.02702702702702703
Nick Lowery,1980,2.6666666666666665,0.4166666666666667,0.42108976446325846,1.0253333333333334,0.6666666666666666,0.6666666666666666,0.25925925925925924,0.5,0.5714285714285714,0.0,1.1875,-0.16666666666666666,8.214610928484424,0.17647058823529413
Nick Lowery,1981,2.632,0.8728070175438596,0.8017446128600424,1.9880000000000002,0.6666666666666666,0.6666666666666666,0.5481481481481482,1.0185185185185184,0.7142857142857141,0.0,2.248724489795918,-0.16666666666666666,11.990895167818868,0.36363636363636365
Nick Lowery,1982,3.9653333333333336,1.5061403508771931,1.2854047435789966,3.044,1.0,1.0,0.8814814814814814,1.551851851851852,0.7142857142857141,0.0,3.227891156462585,-0.16666666666666666,18.00972196520449,1.0
Nick Lowery,1983,3.936,1.5339181286549708,1.28641890121966,3.0853333333333333,1.0,1.0,0.9555555555555556,1.5280423280423279,0.6428571428571428,0.0,3.177646058423369,-0.0,18.14577144808636,0.9714285714285714
Nick Lowery,1984,3.9706666666666663,1.461111111111111,1.2208991879580113,3.0519999999999996,1.0,1.0,0.8484848484848485,1.5428571428571427,0.9,0.0,3.1164215686274512,-0.16666666666666666,17.945773859038564,1.0
Nick Lowery,1985,3.9706666666666663,1.1914141414141415,1.0903743707704103,3.1813333333333333,1.0,1.0,0.8181818181818182,1.6761904761904762,1.5,0.0,3.274509803921569,-0.6666666666666666,18.03600394381175,0.9743589743589743
Nick Lowery,1986,4.0,1.0803030303030303,1.054411909276034,3.0893333333333337,1.0,0.9444444444444445,0.8181818181818182,1.6102564102564105,1.0,0.0,3.0588235294117645,-1.0,16.655754475206837,0.7948717948717948
Nick Lowery,1987,4.0,1.0695187165775402,1.0410785759427006,3.261333333333333,1.0,0.9444444444444445,0.903030303030303,1.5213675213675213,1.5999999999999999,0.0,3.138823529411765,-1.0,17.47959642410761,0.95
Nick Lowery,1988,4.0,1.1558823529411766,1.04533157856255,3.201333333333333,1.0,0.9027777777777778,0.8727272727272727,1.3880341880341882,2.0,0.0,3.0215686274509808,-0.5,18.087655130827276,1.0
Nick Lowery,1989,3.9613333333333336,1.203501400560224,1.0626514740459394,3.1959999999999997,1.0,0.9583333333333334,0.7774891774891776,1.4222222222222223,2.3333333333333335,0.0,3.1,-0.3333333333333333,18.681530940984228,1.0
Nick Lowery,1990,3.9266666666666663,1.3976190476190478,1.2329413291184033,3.32,1.0,0.9583333333333334,0.8290043290043291,1.549206349206349,1.3333333333333333,0.0,2.98,-0.16666666666666666,18.360437721614797,1.0
Nick Lowery,1991,3.9266666666666663,1.3444444444444443,1.257497457411645,3.3053333333333335,1.0,1.0,0.8896103896103896,1.3968253968253965,0.3333333333333333,0.0,2.883076923076923,-0.16666666666666666,17.170121278035463,0.8787878787878788
Nick Lowery,1992,3.9653333333333336,1.3494569757727655,1.2619117188717468,3.558666666666667,1.0,0.9666666666666667,0.9848484848484849,1.4523809523809523,1.0,0.0,2.883076923076923,-0.0,18.42234172161754,0.90625
Nick Lowery,1993,4.0,1.0894569757727652,1.094796466973886,3.3906666666666667,1.0,0.9666666666666667,0.9259259259259259,1.305194805194805,2.0,0.0,2.9042089985486217,-0.0,18.676916505749336,0.9333333333333333
Nick Lowery,1994,3.9506666666666668,0.9956618819776715,1.005369029332163,3.44,1.0,0.9666666666666667,0.8783068783068783,1.424242424242424,2.0,0.0,2.961132075471698,-0.16666666666666666,18.455378955997503,0.9393939393939394
Nick Lowery,1995,3.9506666666666668,0.8458080808080809,0.8583827414757952,3.297333333333334,1.0,1.0,0.8116402116402116,1.5909090909090908,1.5,0.0,2.941524232334443,-0.16666666666666666,17.629597690500955,0.8055555555555556
Nick Lowery,1996,3.9013333333333335,0.7752525252525254,0.7595291259555129,3.1839999999999997,1.0,1.0,0.8380952380952381,1.3333333333333333,0.5,0.0,2.880392156862745,-0.5,15.671935712832687,0.36363636363636365
Nick Mike-Mayer,1973,1.3333333333333333,0.4126984126984126,0.39716312056737585,0.912,0.3333333333333333,0.2333333333333333,0.2222222222222222,0.3888888888888889,0.5,0.0,1.0833333333333333,-0.16666666666666666,5.649639311043566,0.2727272727272727
Nick Mike-Mayer,1974,2.6666666666666665,0.6854256854256854,0.5911929713136446,1.6613333333333333,0.6666666666666666,0.39999999999999997,0.5555555555555555,0.6111111111111112,0.5,0.0,2.1050724637681157,-0.3333333333333333,10.109691120507444,0.5416666666666666
Nick Mike-Mayer,1975,3.8786666666666663,0.787989787989788,0.7684081611870622,2.194666666666667,1.0,0.7333333333333334,0.5555555555555555,0.7777777777777777,0.5,0.0,3.0217391304347827,-0.8333333333333334,13.3848037462783,0.7391304347826086
Nick Mike-Mayer,1976,3.8786666666666663,0.5975135975135976,0.5964702658449116,1.9173333333333336,1.0,0.6666666666666666,0.39999999999999997,0.7222222222222222,0.0,0.0,2.8967391304347827,-1.1666666666666667,11.508945216015512,0.5925925925925926
Nick Mike-Mayer,1977,3.8786666666666663,0.5811965811965812,0.6428775735685883,1.7746666666666666,1.0,0.7666666666666666,0.2148148148148148,0.6904761904761904,0.0,0.0,2.811170212765958,-1.1666666666666667,11.193868706155465,0.45161290322580644
Nick Mike-Mayer,1978,3.94,0.6691086691086691,0.6683650863978734,1.8693333333333333,1.0,0.7666666666666666,0.35767195767195764,0.5238095238095238,0.0,0.0,2.7242907801418443,-1.0,11.519246017129868,0.46875
Nick Mike-Mayer,1979,3.8653333333333335,0.9597069597069595,0.7764731945059814,2.154666666666667,1.0,0.9333333333333332,0.5576719576719577,0.4329004329004329,0.0,0.0,2.6595744680851063,-0.5,12.839660346203772,0.6486486486486487
Nick Mike-Mayer,1980,3.797333333333333,0.9741300366300365,0.8412569195701725,2.3013333333333335,1.0,1.0,0.5576719576719577,0.6127946127946128,0.0,0.0,2.744237588652483,-0.8333333333333334,12.995424448652594,0.5
Nick Mike-Mayer,1981,3.857333333333333,1.0292678812415654,0.9217083387312691,2.4506666666666663,1.0,0.8888888888888888,0.6529100529100529,0.946127946127946,0.0,0.0,2.8532258648140107,-0.6666666666666666,13.933462306047064,0.48484848484848486
Nick Mike-Mayer,1982,3.6653333333333333,0.549780701754386,0.6341266393848639,1.8639999999999999,1.0,0.7222222222222222,0.46957671957671954,0.7037037037037037,0.0,0.0,2.397108843537415,-0.6666666666666666,11.339185496845976,0.4473684210526316
Nick Novak,2005,1.3333333333333333,0.1111111111111111,0.12264150943396224,1.0666666666666667,0.3333333333333333,0.3333333333333333,0.2380952380952381,0.6666666666666666,0.0,0.0,0.7692307692307693,-0.3333333333333333,4.64107862787108,0.15555555555555556
Nick Novak,2006,2.6666666666666665,0.18055555555555555,0.20052312937165695,1.7333333333333334,0.6666666666666666,0.6666666666666666,0.34920634920634924,1.0,0.0,0.0,1.6730769230769234,-0.3333333333333333,8.803361957210484,0.13157894736842105
Nick Novak,2007,2.6666666666666665,0.18055555555555555,0.20052312937165695,1.7333333333333334,0.6666666666666666,0.6666666666666666,0.34920634920634924,1.0,0.0,0.0,1.6730769230769234,-0.3333333333333333,8.803361957210484,0.2
Nick Novak,2008,2.6666666666666665,0.1435185185185185,0.14790963114217648,1.4666666666666668,0.6666666666666666,0.6666666666666666,0.2222222222222222,0.7777777777777777,0.0,0.0,1.7151669085631351,0.0,8.473261724890497,0.21951219512195122
Nick Novak,2009,1.3333333333333333,0.07407407407407407,0.07002801120448177,0.7999999999999999,0.3333333333333333,0.3333333333333333,0.1111111111111111,0.4444444444444444,0.0,0.0,0.8113207547169812,0.0,4.310978395551094,0.09302325581395349
Nick Novak,2010,1.3333333333333333,0.07407407407407407,0.07002801120448177,0.7999999999999999,0.3333333333333333,0.3333333333333333,0.1111111111111111,0.4444444444444444,0.0,0.0,0.8113207547169812,0.0,4.310978395551094,0.09090909090909091
Nick Novak,2011,1.3013333333333332,0.36000000000000004,0.3446327683615819,1.0586666666666666,0.3333333333333333,0.3333333333333333,0.26666666666666666,0.48484848484848486,1.0,0.0,1.0,0.0,6.482814586543401,0.13157894736842105
Nick Novak,2012,2.6346666666666665,0.5907692307692308,0.5968066814050602,2.2586666666666666,0.6666666666666666,0.6666666666666666,0.6,1.1515151515151516,1.5,0.0,1.9622641509433965,0.0,12.628021881299505,0.25
Nick Novak,2013,3.968,1.0266666666666666,1.0035863424220093,3.484,1.0,1.0,0.8708333333333332,1.8181818181818183,2.1666666666666665,0.0,2.8881900768693227,-0.16666666666666666,19.059458237473148,0.8857142857142857
Nick Novak,2014,4.0,0.9487179487179486,0.9635512752098528,3.5533333333333332,1.0,1.0,0.9004629629629629,1.7777777777777777,1.1666666666666667,0.0,2.86932215234102,-0.16666666666666666,18.013165450342896,0.5555555555555556
Nick Novak,2015,3.9133333333333336,0.9579487179487179,0.9675502016725472,3.496,1.0,1.0,0.9004629629629629,1.7777777777777777,1.0666666666666667,0.0,2.8515024458420686,-0.16666666666666666,17.764575439537406,0.6153846153846154
Nick Novak,2016,3.7533333333333334,0.954150047483381,0.9135483184333758,3.409333333333333,1.0,1.0,0.9629629629629629,1.595959595959596,0.9,0.0,2.907058001397624,-0.0,17.396345592903604,0.5
Nick Novak,2017,3.6786666666666665,0.7874833808167141,0.743507192207498,3.2039999999999993,1.0,1.0,0.9333333333333332,1.1515151515151516,1.4000000000000001,0.0,2.8518518518518525,-0.16666666666666666,16.58369090972455,0.4772727272727273
Norm Johnson,1982,1.2386666666666668,0.3333333333333333,0.28104575163398693,0.952,0.3333333333333333,0.25,0.2777777777777778,0.4444444444444444,0.0,0.0,1.0,0.0,5.110601307189543,0.18421052631578946
Norm Johnson,1983,2.5453333333333332,0.6666666666666666,0.6278470984353337,1.912,0.6666666666666666,0.5833333333333334,0.4682539682539682,0.9777777777777779,0.3333333333333333,0.0,2.058823529411765,0.0,10.840035707212179,0.4
Norm Johnson,1984,3.8520000000000003,1.0,0.9945137651020004,3.0226666666666664,1.0,0.8833333333333333,0.8015873015873015,1.549206349206349,0.6666666666666666,0.0,3.020361990950226,-0.16666666666666666,16.623669406845877,0.7714285714285715
Norm Johnson,1985,3.9146666666666667,0.8787878787878788,0.9840950761742842,2.8173333333333335,1.0,0.9666666666666667,0.7830687830687829,1.188095238095238,1.0,0.0,3.0203619909502266,-0.16666666666666666,16.38640896707641,0.7948717948717948
Norm Johnson,1986,3.941333333333333,0.9314194577352471,1.0202724527771927,2.696,1.0,0.8833333333333333,0.8888888888888888,0.8365800865800864,1.3809523809523807,0.0,3.020361990950226,-0.3333333333333333,16.265808591217354,0.717948717948718
Norm Johnson,1987,3.968,0.8922037714607374,0.9949712479579155,2.5853333333333333,1.0,0.9166666666666666,0.746031746031746,0.7984848484848485,1.0476190476190477,0.0,3.038823529411765,-0.3333333333333333,15.654800857632729,0.7666666666666667
Norm Johnson,1988,4.0,1.046749226006192,1.085168927519686,2.8866666666666667,1.0,0.9166666666666666,0.746031746031746,1.1913419913419914,0.7142857142857143,0.0,2.978823529411765,-0.5,16.065734467930426,0.7948717948717948
Norm Johnson,1989,4.0,0.8988795518207283,0.9548217830627991,2.8480000000000003,1.0,0.9523809523809524,0.6997354497354497,1.3428571428571427,0.20000000000000004,0.0,2.92,-0.6666666666666666,15.150008213190404,0.5
Norm Johnson,1990,3.9613333333333336,0.9880952380952381,0.9830215386067142,2.8066666666666666,1.0,0.9523809523809524,0.6997354497354498,1.3650793650793653,0.5333333333333333,0.0,2.9600000000000004,-0.5,15.749645877231051,0.59375
Norm Johnson,1991,3.9266666666666663,0.923015873015873,0.952057907449784,2.86,1.0,0.9523809523809524,0.7738095238095237,1.3055555555555556,1.0333333333333334,0.0,2.9815384615384617,-0.3333333333333333,16.375024940416818,0.696969696969697
Norm Johnson,1992,3.9266666666666663,1.0007101086048455,1.0327596618357489,3.1506666666666665,1.0,1.0,0.7904761904761904,1.353174603174603,1.8333333333333333,0.0,3.02,-0.0,18.107787230758053,0.875
Norm Johnson,1993,3.9653333333333336,0.9640434419381788,1.01875,3.4759999999999995,1.0,1.0,0.9,1.4642857142857142,2.5,0.0,3.0188679245283017,-0.0,19.30728041408553,1.0
Norm Johnson,1994,4.0,0.9806379585326953,1.0120181405895692,3.494666666666667,1.0,1.0,0.9,1.7142857142857142,2.1999999999999997,0.0,3.05732946298984,-0.0,19.358937943064486,1.0
Norm Johnson,1995,4.0,1.1370707070707071,1.1098774678066945,3.5093333333333336,1.0,1.0,0.9249999999999999,1.7435897435897436,2.1999999999999997,0.0,2.9992600813910477,-0.0,19.624131333191528,1.0
Norm Johnson,1996,4.0,1.1098484848484849,1.0814824060782995,3.2479999999999998,1.0,0.9444444444444445,0.8916666666666666,1.5531135531135531,1.2,0.0,2.960392156862745,-0.5,17.488947712014195,0.8484848484848485
Norm Johnson,1997,4.0,1.0972222222222223,1.0885712229134448,3.3013333333333335,1.0,0.9444444444444445,0.8916666666666666,1.3864468864468866,1.5,0.0,2.960392156862745,-0.8333333333333334,17.33674359955641,0.7142857142857143
Norm Johnson,1998,4.0,1.018939393939394,0.9907118956963193,3.314666666666666,1.0,0.9444444444444445,0.9333333333333332,1.5,0.5,0.0,2.922307692307692,-0.8333333333333334,16.29107009305452,0.4594594594594595
Norm Johnson,1999,4.0,0.9494949494949495,0.9119790748251337,3.2520000000000002,1.0,0.9629629629629629,0.875,1.5793650793650793,0.5,0.0,2.9030920060331824,-0.6666666666666666,16.267227406014644,0.48717948717948717
Obed Ariri,1984,1.2666666666666666,0.31666666666666665,0.31666666666666665,0.9746666666666667,0.3333333333333333,0.3333333333333333,0.2857142857142857,0.39999999999999997,0.0,0.0,0.9423076923076924,0.0,5.169355311355312,0.17142857142857143
Obed Ariri,1985,1.2666666666666666,0.31666666666666665,0.31666666666666665,0.9746666666666667,0.3333333333333333,0.3333333333333333,0.2857142857142857,0.39999999999999997,0.0,0.0,0.9423076923076924,0.0,5.169355311355312,0.23076923076923078
Obed Ariri,1986,1.2666666666666666,0.31666666666666665,0.31666666666666665,0.9746666666666667,0.3333333333333333,0.3333333333333333,0.2857142857142857,0.39999999999999997,0.0,0.0,0.9423076923076924,0.0,5.169355311355312,0.15384615384615385
Obed Ariri,1987,1.3333333333333333,0.0588235294117647,0.060240963855421666,0.7999999999999999,0.3333333333333333,0.3333333333333333,0.3333333333333333,0.0,0.0,0.0,0.7799999999999999,0.0,4.03239782660052,0.25
Olindo Mare,1997,1.3333333333333333,0.3888888888888889,0.3644859813084112,1.0373333333333334,0.3333333333333333,0.31111111111111106,0.26666666666666666,0.3333333333333333,0.3333333333333333,0.0,0.9615384615384616,-0.5,5.163357776180206,0.08571428571428572
Olindo Mare,1998,2.628,0.7222222222222223,0.6978193146417446,2.124,0.6666666666666666,0.6188034188034188,0.6,0.8095238095238096,0.3333333333333333,0.0,1.8846153846153848,-0.6666666666666666,10.418317483139914,0.21621621621621623
Olindo Mare,1999,3.9613333333333336,1.263888888888889,1.1506495033209898,3.2546666666666666,1.0,0.9521367521367522,0.9333333333333332,1.2380952380952381,0.9333333333333332,0.0,2.9434389140271495,-0.6666666666666666,16.96420929646902,0.5897435897435898
Olindo Mare,2000,3.9226666666666667,1.263888888888889,1.15759209344115,3.421333333333333,1.0,0.9326923076923078,0.9666666666666667,1.5201465201465203,0.9333333333333332,0.0,2.942684766214178,-0.16666666666666666,17.894337909716377,0.8095238095238095
Olindo Mare,2001,3.9279999999999995,1.2059178743961352,1.1410904432761335,3.5413333333333337,1.0,0.9583333333333334,0.9666666666666667,1.3772893772893775,1.5999999999999999,0.0,2.9215686274509807,-0.16666666666666666,18.473532989079292,0.9024390243902439
Olindo Mare,2002,3.8973333333333335,1.0120772946859902,1.0571922934318396,3.4426666666666663,1.0,0.9345238095238096,0.8555555555555555,1.372960372960373,1.5,0.0,2.901960784313726,-0.16666666666666666,17.807603443804627,0.8
Olindo Mare,2003,3.8973333333333335,0.9565217391304349,1.0092931337679742,3.250666666666666,1.0,0.9761904761904763,0.7222222222222222,1.2575757575757576,1.1666666666666667,0.0,2.9607843137254903,-0.3333333333333333,16.86392097594569,0.6904761904761905
Olindo Mare,2004,3.9306666666666668,0.8629776021080368,0.8724614505996574,3.044,1.0,0.8095238095238096,0.6746031746031745,1.424242424242424,1.5,0.0,3.058823529411765,-0.3333333333333333,16.8439653238222,0.5952380952380952
Olindo Mare,2005,3.9613333333333336,0.8623737373737373,0.84315205327414,3.122666666666667,1.0,0.7999999999999999,0.7023809523809524,1.6666666666666667,1.5,0.0,3.0388386123680236,-0.3333333333333333,17.16407868873019,0.6666666666666666
Olindo Mare,2006,4.0,0.8901515151515151,0.8311491212602129,3.073333333333333,1.0,0.7999999999999999,0.7857142857142857,1.6666666666666667,1.5,0.0,3.0192307692307687,-0.3333333333333333,17.23291235802345,0.5263157894736842
Olindo Mare,2007,4.0,0.8472222222222223,0.8399396817321892,2.857333333333333,1.0,0.9,0.75,1.611111111111111,0.5,0.0,3.0192307692307687,-0.3333333333333333,15.991503784296293,0.4
Olindo Mare,2008,4.0,0.7962962962962963,0.786031325937041,2.932,1.0,0.9333333333333332,0.7999999999999999,1.5,0.0,0.0,2.9622641509433962,-0.3333333333333333,15.376591773176733,0.3170731707317073
Olindo Mare,2009,4.0,0.7685185185185185,0.8078381795195955,3.1999999999999997,1.0,0.9333333333333332,0.853030303030303,1.5555555555555556,0.0,0.0,2.8661103047895504,-0.16666666666666666,15.81771952808019,0.3953488372093023
Olindo Mare,2010,4.0,0.976851851851852,0.9523809523809524,3.526666666666667,1.0,0.9444444444444445,0.9363636363636364,1.5873015873015872,0.0,0.0,2.8283744557329467,-0.16666666666666666,16.585716928075417,0.4090909090909091
Olindo Mare,2011,3.9706666666666663,0.9738888888888889,0.9774011299435029,3.389333333333333,1.0,0.9444444444444445,0.8585858585858586,1.6243386243386244,0.875,0.0,2.7151669085631354,-0.5,16.828825854764453,0.42105263157894735
Olindo Mare,2012,3.9706666666666663,0.7174786324786325,0.7165315647261115,3.1586666666666665,1.0,0.8333333333333334,0.8888888888888888,1.402116402116402,0.875,0.0,2.5660377358490565,-0.6666666666666666,15.46205322405909,0.2777777777777778
Owen Pochman,2001,0.0,0.0,0.0,0.0,0.3333333333333333,0.3333333333333333,0.0,0.0,0.0,0.0,0.0,0.0,0.6666666666666666,0.024390243902439025
Owen Pochman,2002,0.0,0.0,0.0,0.0,0.3333333333333333,0.3333333333333333,0.0,0.0,0.0,0.0,0.0,0.0,0.6666666666666666,0.044444444444444446
Owen Pochman,2003,1.2,0.1212121212121212,0.10784313725490197,0.7106666666666667,0.6666666666666666,0.6666666666666666,0.125,0.5333333333333333,0.0,0.0,0.9411764705882352,-0.3333333333333333,4.739231729055258,0.023809523809523808
Pat Leahy,1974,1.2626666666666666,0.1818181818181818,0.1791044776119403,0.7266666666666667,0.3333333333333333,0.19999999999999998,0.16666666666666666,0.3333333333333333,0.0,0.0,0.9782608695652174,-0.16666666666666666,4.195183528995339,0.16666666666666666
Pat Leahy,1975,2.462666666666667,0.5151515151515151,0.45758549027016815,1.5520000000000003,0.6666666666666666,0.5333333333333333,0.3666666666666667,0.7222222222222223,0.0,0.0,1.957427536231884,-0.16666666666666666,9.067053430542456,0.4782608695652174
Pat Leahy,1976,3.5293333333333337,0.7595959595959596,0.6783062109908888,2.469333333333333,1.0,0.8666666666666667,0.5666666666666667,0.9888888888888889,0.0,0.0,2.9365942028985508,-0.6666666666666666,13.12871859570762,0.7037037037037037
Pat Leahy,1977,3.409333333333333,0.9623931623931622,0.8434640284609158,2.5426666666666664,0.6666666666666666,0.9583333333333334,0.65,0.8777777777777779,0.0,0.0,2.979609929078014,-0.5,13.390244897709868,0.7096774193548387
Pat Leahy,1978,3.510666666666667,1.1528693528693528,1.04696499778467,2.6946666666666665,0.6666666666666666,0.9583333333333334,0.7000000000000001,0.9333333333333332,0.0,0.0,3.000443262411347,-0.6666666666666666,13.99727761306537,0.78125
Pat Leahy,1979,3.510666666666667,1.1135531135531134,0.982088432908105,2.5973333333333333,0.6666666666666666,0.9583333333333334,0.7083333333333334,0.6666666666666666,0.0,0.0,2.74468085106383,-0.3333333333333333,13.614989064191713,0.7297297297297297
Pat Leahy,1980,3.701333333333333,1.0206043956043958,0.9510791498743307,2.6453333333333333,1.0,1.0,0.6064814814814815,0.9444444444444443,0.0,0.0,2.744237588652483,-0.5,14.1135137267238,0.6470588235294118
Pat Leahy,1981,3.6986666666666665,0.935391363022942,0.874115089039302,2.5933333333333333,1.0,0.9487179487179488,0.6064814814814815,0.9444444444444443,0.0,0.0,2.744237588652483,-0.3333333333333333,14.012054582025266,0.5454545454545454
Pat Leahy,1982,3.750666666666666,1.0969298245614036,1.103891848227826,2.6359999999999997,1.0,0.8153846153846155,0.6648148148148149,1.2777777777777777,0.0,0.0,3.0416666666666665,-0.3333333333333333,15.053798880766438,0.7105263157894737
Pat Leahy,1983,3.714666666666666,1.1015594541910332,1.0734671190079161,2.6773333333333333,1.0,0.7320512820512821,0.7547619047619047,1.111111111111111,0.0,0.0,2.981617647058824,-0.3333333333333333,14.813235184848736,0.6571428571428571
Pat Leahy,1984,3.7146666666666666,0.9462962962962963,0.9651158645276293,2.696,1.0,0.7277777777777779,0.7964285714285714,0.9333333333333332,0.3333333333333333,0.0,2.981617647058824,-0.6666666666666666,14.427902823755765,0.5142857142857142
Pat Leahy,1985,3.8706666666666667,0.9735690235690236,0.9788348834883488,2.853333333333333,1.0,0.8611111111111112,0.7797619047619048,0.9333333333333332,0.9333333333333332,0.0,3.0392156862745097,-0.5,15.723159275871566,0.6410256410256411
Pat Leahy,1986,3.9066666666666663,0.9579744816586923,1.022247735411839,3.0866666666666664,1.0,0.9444444444444445,0.875,1.0166666666666666,1.9333333333333333,0.0,3.0588235294117645,-0.3333333333333333,17.46849019092674,0.9743589743589743
Pat Leahy,1987,3.941333333333333,1.0275823247959472,1.0669465305925618,3.233333333333333,1.0,1.0,0.8611111111111112,1.0833333333333333,1.5999999999999999,0.0,2.8988235294117644,-0.0,17.712463495911383,0.9666666666666667
Pat Leahy,1988,4.0,1.0169762641898865,1.0524863216850733,3.308,1.0,1.0,0.9027777777777778,1.2166666666666666,1.0,0.0,2.7803921568627454,-0.3333333333333333,16.943965853848816,0.8974358974358975
Pat Leahy,1989,3.956,0.9584967320261436,0.9753679939508441,3.074666666666667,1.0,0.9523809523809524,0.8194444444444445,1.1333333333333333,0.0,0.0,2.72,-0.3333333333333333,15.256356789469052,0.6111111111111112
Pat Leahy,1990,3.956,0.9888888888888888,0.9999445610889618,3.164,1.0,0.9523809523809524,0.8273809523809524,1.2,0.0,0.0,2.8200000000000003,-0.3333333333333333,15.575262021406422,0.5
Pat Leahy,1991,3.956,1.018253968253968,0.9900648360030511,3.0066666666666664,1.0,0.8898809523809524,0.8084415584415584,0.8666666666666667,0.0,0.0,2.629230769230769,-0.0,15.165205417643634,0.36363636363636365
Patrick Murray,2014,1.3333333333333333,0.25641025641025644,0.2614942528735632,1.1106666666666667,0.3333333333333333,0.2222222222222222,0.2916666666666667,0.5714285714285714,0.8333333333333334,0.0,1.0377358490566038,-0.3333333333333333,5.918291151991216,0.05555555555555555
Patrick Murray,2015,1.3333333333333333,0.25641025641025644,0.2614942528735632,1.1106666666666667,0.3333333333333333,0.2222222222222222,0.2916666666666667,0.5714285714285714,0.8333333333333334,0.0,1.0377358490566038,-0.3333333333333333,5.918291151991216,0.1282051282051282
Patrick Murray,2016,2.3333333333333335,0.26875593542260207,0.27816091954022987,1.7773333333333332,0.6666666666666666,0.5555555555555555,0.625,0.9047619047619048,0.8333333333333334,0.0,1.685883997204752,-0.3333333333333333,9.595451645818377,0.08333333333333333
Patrick Murray,2017,2.2733333333333334,0.25593542260208924,0.2551987767584098,1.768,0.6666666666666666,0.6666666666666666,0.6666666666666666,0.8666666666666667,0.75,0.0,1.5740740740740742,-0.16666666666666666,9.576541606767906,0.2727272727272727
Paul Edinger,2000,1.3333333333333333,0.2916666666666667,0.26666666666666666,1.0373333333333334,0.3333333333333333,0.3333333333333333,0.25925925925925924,0.39999999999999997,1.0,0.0,1.0588235294117647,0.0,6.31374945533769,0.23809523809523808
Paul Edinger,2001,2.6666666666666665,0.6684782608695651,0.6363036303630364,2.156,0.6666666666666666,0.6190476190476191,0.5509259259259259,0.9416666666666668,1.0,0.0,2.0,0.0,11.905755436206144,0.3902439024390244
Paul Edinger,2002,4.0,0.9873188405797101,0.9437469960588292,3.204,1.0,0.9523809523809524,0.8287037037037037,1.4749999999999999,2.0,0.0,3.0392156862745097,-0.0,18.430366178997705,0.9333333333333333
Paul Edinger,2003,4.0,1.0895915678524375,1.0202175842941232,3.1293333333333333,1.0,0.9523809523809524,0.8002136752136751,1.5035714285714288,1.0,0.0,3.0392156862745097,-0.0,17.53452422792046,0.7857142857142857
Paul Edinger,2004,4.0,0.9400527009222662,0.873913953931087,2.844,1.0,0.9523809523809524,0.6418803418803419,1.3428571428571427,1.5999999999999999,0.0,3.137254901960785,-0.16666666666666666,17.165673327265907,0.6428571428571429
Paul Edinger,2005,4.0,0.9684343434343435,0.8998039215686274,2.776,1.0,0.9523809523809524,0.48910256410256414,1.3428571428571427,0.6,0.0,3.174962292609352,-0.5,15.70354121695298,0.5333333333333333
Paul McFadden,1984,1.284,0.5,0.38666666666666666,1.0813333333333335,0.3333333333333333,0.26666666666666666,0.2708333333333333,0.5555555555555556,0.75,0.0,1.0,0.0,6.42838888888889,0.2
Paul McFadden,1985,2.6173333333333333,0.8787878787878789,0.7299009900990098,2.192,0.6666666666666666,0.6,0.6041666666666666,1.0555555555555556,1.1500000000000001,0.0,2.019607843137255,-0.16666666666666666,12.3473522675797,0.46153846153846156
Paul McFadden,1986,3.9013333333333335,1.229665071770335,1.034865529106102,3.052,1.0,0.9333333333333332,0.8819444444444445,1.2555555555555555,1.4833333333333334,0.0,3.0,-0.3333333333333333,17.438697267543105,0.9487179487179487
Paul McFadden,1987,3.9506666666666668,1.0433905619664134,0.9855482600297968,2.7906666666666666,1.0,0.9166666666666666,0.8111111111111112,1.1444444444444444,0.7333333333333334,0.0,2.98,-0.5,15.8558277108851,0.7833333333333333
Paul McFadden,1988,3.8520000000000003,0.8979360165118679,0.8725544864256324,2.6626666666666665,1.0,0.9166666666666666,0.7000000000000001,1.2,0.6666666666666666,0.0,2.960392156862745,-0.5,15.228882659800243,0.6153846153846154
Paul McFadden,1989,3.9013333333333335,0.7851540616246497,0.7886425789974876,2.802666666666667,1.0,0.9166666666666666,0.707936507936508,1.2222222222222223,1.3333333333333333,0.0,3.06,-0.8333333333333334,15.684622037447534,0.6666666666666666
Pete Stoyanovich,1989,1.2986666666666666,0.30158730158730157,0.3333333333333333,0.9746666666666667,0.3333333333333333,0.3333333333333333,0.2777777777777778,0.3333333333333333,0.3333333333333333,0.0,1.18,0.0,5.69936507936508,0.1388888888888889
Pete Stoyanovich,1990,2.632,0.6515873015873016,0.6956521739130435,2.0946666666666665,0.6666666666666666,0.625,0.5634920634920635,0.8666666666666667,1.0,0.0,2.24,-0.16666666666666666,11.869064872325742,0.28125
Pete Stoyanovich,1991,3.92,1.1436507936507938,1.1157910628019323,3.2119999999999997,1.0,0.9583333333333334,0.8690476190476191,1.3333333333333333,1.5999999999999999,0.0,3.25923076923077,-0.16666666666666666,18.244720244731116,1.0
Pete Stoyanovich,1992,3.8800000000000003,1.3683792815371765,1.2269021739130435,3.3186666666666667,1.0,0.9583333333333334,0.8829365079365079,1.6666666666666667,1.6416666666666666,0.0,3.0984615384615384,-0.16666666666666666,18.875346168514934,1.0
Pete Stoyanovich,1993,3.8800000000000003,1.3383792815371764,1.2106150793650794,3.1986666666666665,1.0,0.9666666666666667,0.8093434343434343,1.5142857142857142,1.9749999999999999,0.0,3.0195936139332367,-0.16666666666666666,18.745883790131305,0.9666666666666667
Pete Stoyanovich,1994,3.925333333333333,1.209952153110048,1.154421768707483,3.1133333333333333,1.0,0.9666666666666667,0.7037878787878787,1.5809523809523809,1.875,0.0,3.0003628447024675,-0.3333333333333333,18.196477026260258,0.8484848484848485
Pete Stoyanovich,1995,4.0,1.0586363636363636,1.0708335933761883,3.090666666666667,1.0,0.8666666666666667,0.7454545454545455,1.4857142857142858,1.9000000000000001,0.0,2.9811320754716983,-0.3333333333333333,17.86577086365308,0.8888888888888888
Pete Stoyanovich,1996,4.0,0.9747474747474748,0.987147526356788,3.0346666666666664,1.0,0.8583333333333334,0.7714285714285715,1.4857142857142858,0.9,0.0,2.9,-0.16666666666666666,16.745371191580457,0.6363636363636364
Pete Stoyanovich,1997,3.962666666666667,0.9722222222222222,0.9752268702438757,3.2866666666666666,1.0,0.8583333333333334,0.9047619047619048,1.5677655677655677,1.4000000000000001,0.0,2.9384615384615387,-0.3333333333333333,17.532771436788444,0.7428571428571429
Pete Stoyanovich,1998,3.962666666666667,1.0063131313131313,1.001575988336113,3.353333333333333,1.0,0.9583333333333334,0.9047619047619048,1.3296703296703298,2.0,0.0,2.9576923076923074,-0.3333333333333333,18.141013661773787,0.8918918918918919
Pete Stoyanovich,1999,3.962666666666667,1.0618686868686869,1.0788529508332012,3.409333333333333,1.0,1.0,0.9444444444444445,1.3076923076923077,3.0,0.0,3.057692307692308,-0.3333333333333333,19.489217364197614,1.0
Pete Stoyanovich,2000,4.0,0.7702020202020202,0.8569867588735512,2.8666666666666667,1.0,1.0,0.6111111111111112,1.3589743589743588,2.0,0.0,2.960407239819004,-0.0,17.42434815564671,0.6428571428571429
Phil Dawson,1999,1.2773333333333332,0.1111111111111111,0.14779874213836477,0.8893333333333334,0.3333333333333333,0.3333333333333333,0.19999999999999998,0.39999999999999997,0.0,0.0,0.9607843137254902,0.0,4.6530275003082995,0.10256410256410256
Phil Dawson,2000,2.6106666666666665,0.3055555555555556,0.3351003294399521,1.9880000000000002,0.6666666666666666,0.6666666666666666,0.5333333333333333,0.6666666666666666,0.0,0.0,1.8431372549019607,0.0,9.61579313989747,0.30952380952380953
Phil Dawson,2001,3.9,0.6243961352657005,0.6486316825752655,3.1613333333333333,1.0,1.0,0.8296296296296296,1.111111111111111,0.3333333333333333,0.0,2.7843137254901964,-0.0,15.392748950738572,0.4634146341463415
Phil Dawson,2002,3.917333333333333,0.8321256038647343,0.8244575359061566,3.32,1.0,0.9666666666666667,0.8796296296296297,1.1873015873015873,1.3333333333333333,0.0,2.843137254901961,-0.0,17.1039849449374,0.6888888888888889
Phil Dawson,2003,3.8533333333333335,0.9104084321475625,0.8789860139640463,3.3640000000000003,1.0,0.9666666666666667,0.812962962962963,1.3206349206349206,2.0,0.0,2.980392156862745,-0.3333333333333333,17.754051153238905,0.8333333333333334
Phil Dawson,2004,3.8973333333333335,0.9552042160737813,0.8987879941620661,3.2946666666666666,1.0,0.9666666666666667,0.7666666666666666,1.3206349206349206,2.4166666666666665,0.0,3.019607843137255,-0.6666666666666666,17.869568307341357,0.8571428571428571
Phil Dawson,2005,3.8093333333333335,1.0113636363636365,0.8896288074978419,3.4879999999999995,1.0,1.0,0.7893939393939394,1.511111111111111,2.0833333333333335,0.0,2.8461538461538463,-0.6666666666666666,17.761651340520373,0.8222222222222222
Phil Dawson,2006,3.8733333333333335,1.0303030303030303,0.9219420443190501,3.3106666666666666,1.0,0.9444444444444445,0.8227272727272728,1.4444444444444444,2.4166666666666665,0.0,2.807315233785822,-0.6666666666666666,17.905176470024063,0.8421052631578947
Phil Dawson,2007,3.8426666666666662,1.0277777777777777,0.9425910118706726,3.362666666666667,1.0,0.9111111111111111,0.8643939393939394,1.5833333333333333,1.6666666666666667,0.0,2.807692307692308,-0.3333333333333333,17.67556614784581,0.825
Phil Dawson,2008,3.969333333333333,1.0231481481481481,0.9306466114690025,3.2319999999999998,1.0,0.9111111111111111,0.8773809523809524,1.4722222222222223,2.0,0.0,3.018142235123367,-0.5,17.933984613788137,0.8048780487804879
Phil Dawson,2009,3.8986666666666667,0.9675925925925926,0.886503309288317,3.4599999999999995,1.0,0.9666666666666667,0.9107142857142857,1.6944444444444446,1.75,0.0,2.979680696661829,-0.16666666666666666,18.347601995368134,0.8837209302325582
Phil Dawson,2010,3.9293333333333336,0.9259259259259259,0.8375524549442419,3.3986666666666667,1.0,1.0,0.9523809523809524,1.511111111111111,2.0833333333333335,0.0,2.9045718432510887,-0.3333333333333333,18.20954228761332,0.7727272727272727
Phil Dawson,2011,3.9293333333333336,0.8755555555555556,0.794918452190598,3.392,1.0,0.9259259259259259,0.9166666666666666,1.538888888888889,1.5833333333333333,0.0,2.866835994194485,-0.16666666666666666,17.656791483422122,0.6842105263157895
Phil Dawson,2012,4.0,1.0112393162393163,0.9011503362485692,3.4453333333333327,1.0,0.8888888888888888,0.8796296296296297,1.6500000000000001,0.8333333333333334,0.0,2.924528301886793,-0.16666666666666666,17.367436472893196,0.5277777777777778
Phil Dawson,2013,4.0,1.102051282051282,0.9915991156963891,3.536,1.0,0.8632478632478633,0.8796296296296297,1.8560606060606062,1.5,0.0,3.0559049615653393,-0.0,18.78449345825111,0.6857142857142857
Phil Dawson,2014,4.0,1.1025641025641026,1.0420569376328783,3.5066666666666664,1.0,0.9373219373219374,0.9259259259259259,1.748917748917749,1.5,0.0,3.0747728860936405,-0.0,18.838226205122904,0.8055555555555556
Phil Dawson,2015,3.936,1.050769230769231,0.9897756708588581,3.4453333333333336,1.0,0.9410256410256411,0.9629629629629629,1.5822510822510825,2.3000000000000003,0.0,3.0747728860936405,-0.16666666666666666,19.116224140628088,0.8974358974358975
Phil Dawson,2016,3.8973333333333335,0.8627350427350428,0.8359621115368242,3.4026666666666667,1.0,0.9666666666666667,0.9629629629629629,1.4947089947089947,1.8,0.0,3.019217330538085,-0.16666666666666666,18.07558644248191,0.6666666666666666
Phil Dawson,2017,3.7439999999999998,0.9524786324786324,0.8895316570393023,3.394666666666667,1.0,0.9666666666666667,0.9047619047619048,1.5313390313390312,1.3,0.0,3.0370370370370368,-0.16666666666666666,17.553814929322574,0.6136363636363636
Phil Dawson,2018,3.808,0.7049424005945745,0.6956711298454418,3.042666666666667,1.0,1.0,0.9047619047619048,1.2535612535612535,1.5,0.0,2.8333333333333335,-0.0,16.742936688763177,0.42857142857142855
Rafael Septien,1977,1.2186666666666668,0.4615384615384615,0.46994535519125685,0.7999999999999999,0.3333333333333333,0.30303030303030304,0.2777777777777778,0.13333333333333333,0.0,0.0,0.9574468085106383,0.0,4.955072039381771,0.2903225806451613
Rafael Septien,1978,2.524,0.8424908424908425,0.8933687786146803,1.6199999999999999,0.605498860309242,0.6363636363636364,0.4777777777777778,0.3333333333333333,0.0,0.0,1.9787234042553192,-0.3333333333333333,9.578223299811498,0.34375
Rafael Septien,1979,3.736,1.3296703296703296,1.3132821985281,2.4933333333333336,0.9388321936425754,0.9696969696969697,0.6898989898989899,0.5833333333333334,0.6666666666666666,0.0,3.063829787234043,-0.6666666666666666,15.117877135337674,0.8108108108108109
Rafael Septien,1980,3.828,1.097298534798535,1.2128147549834296,2.556,0.9388321936425754,0.9166666666666666,0.7454545454545455,0.45,1.0,0.0,3.189716312056737,-0.6666666666666666,15.268116340935821,0.7647058823529411
Rafael Septien,1981,3.8560000000000003,1.1900303643724695,1.2230830878324077,2.7640000000000007,1.0,0.9166666666666666,0.8417508417508417,0.638888888888889,1.0,0.0,3.1276233897814443,-0.3333333333333333,16.224709905959386,0.8787878787878788
Rafael Septien,1982,3.9773333333333336,1.0361842105263157,1.1822546352392493,2.8426666666666662,1.0,0.9166666666666666,0.8796296296296297,0.7222222222222223,0.8333333333333334,0.0,3.1466836734693877,-0.5,16.036974371086803,0.868421052631579
Rafael Septien,1983,3.9546666666666668,1.2144249512670564,1.2269181377340772,3.0666666666666664,1.0,1.0,0.8796296296296297,1.2222222222222223,0.5,0.0,2.984918967587035,-0.8333333333333334,16.21611390844002,0.8285714285714286
Rafael Septien,1984,3.916,1.124074074074074,1.1332263814616759,3.096,1.0,0.9523809523809524,0.9166666666666666,1.1666666666666667,1.1666666666666667,0.0,3.025735294117647,-0.8333333333333334,16.664083368701014,0.8
Rafael Septien,1985,3.885333333333333,1.0786195286195286,1.080874087408741,3.0493333333333332,1.0,0.9523809523809524,0.9090909090909092,1.1296296296296295,1.1666666666666667,0.0,2.9607843137254903,-0.3333333333333333,16.879379420855248,0.8461538461538461
Rafael Septien,1986,3.9306666666666668,0.9343700159489633,0.9787894108559793,2.9146666666666667,1.0,0.8857142857142857,0.8614718614718614,1.0105820105820105,1.6666666666666667,0.0,3.0196078431372553,-0.3333333333333333,16.869202094377023,0.8461538461538461
Randy Bullock,2013,1.3333333333333333,0.3333333333333333,0.2937853107344633,0.9906666666666667,0.3333333333333333,0.3333333333333333,0.3333333333333333,0.4705882352941177,1.0,0.0,0.9444444444444443,-0.16666666666666666,6.199484657139692,0.05714285714285714
Randy Bullock,2014,2.6666666666666665,0.7179487179487177,0.6673485291252678,2.1333333333333333,0.6666666666666666,0.6190476190476191,0.6222222222222222,1.053921568627451,1.6666666666666667,0.0,1.9821802935010482,-0.16666666666666666,12.629335617138992,0.2222222222222222
Randy Bullock,2015,3.84,0.9712820512820511,0.9111756896190949,3.234666666666666,1.0,0.9523809523809524,0.9555555555555556,1.5387700534759359,2.1666666666666665,0.0,2.889587700908456,-0.16666666666666666,18.293418669888712,0.6666666666666666
Randy Bullock,2016,3.706666666666667,0.7367141500474833,0.7090570455512983,3.4293333333333336,1.0,0.9523809523809524,0.9555555555555556,1.5126262626262628,1.1666666666666667,0.0,2.7599580712788256,-0.0,16.928958704107046,0.3333333333333333
Randy Bullock,2017,3.6253333333333333,0.5828679962013296,0.595432665080983,3.486666666666667,1.0,1.0,0.9583333333333334,1.462626262626263,1.5,0.0,2.6666666666666665,-0.0,16.877926923908575,0.5
Randy Bullock,2018,3.72,0.6048969817085759,0.6398937928754442,3.486666666666667,1.0,1.0,0.9166666666666666,1.6444444444444446,1.5999999999999999,0.0,2.7037037037037037,-0.0,17.3162722560655,0.5
Randy Bullock,2019,3.8000000000000003,0.8974358974358975,0.8815604595421109,3.462666666666667,1.0,1.0,0.9166666666666666,1.7555555555555558,2.6,0.0,2.944444444444444,-0.0,19.25832969031134,0.8809523809523809
Randy Bullock,2020,3.828,0.9466666666666668,0.8828828828828829,3.34,1.0,1.0,0.8916666666666666,1.8055555555555556,2.6,0.0,3.0,-0.0,19.294771771771774,0.9591836734693877
Randy Bullock,2021,3.804,1.0046376811594202,0.9279279279279279,3.357333333333333,1.0,1.0,0.9333333333333332,1.5491452991452992,2.5,0.6666666666666666,2.982828282828283,-0.16666666666666666,19.559205857727594,0.96
Randy Bullock,2022,3.857333333333333,0.8232098765432099,0.8235801018409714,3.329333333333333,1.0,1.0,0.9333333333333332,1.4935897435897436,1.8333333333333333,1.3333333333333333,2.837987012987013,-0.3333333333333333,18.931700068294273,0.8260869565217391
Randy Bullock,2023,3.9106666666666663,0.600681140911026,0.6317632850241546,3.3626666666666662,1.0,1.0,1.0,1.3547008547008546,1.8333333333333333,1.3333333333333333,2.837987012987013,-0.3333333333333333,18.531798960289716,0.627906976744186
Raul Allegre,1983,1.2226666666666668,0.5555555555555556,0.3771043771043771,1.1426666666666667,0.3333333333333333,0.2777777777777778,0.3055555555555555,0.5555555555555556,0.8000000000000002,0.0,1.0784313725490196,-0.16666666666666666,6.481980194097841,0.2
Raul Allegre,1984,2.556,0.7388888888888889,0.5337710437710438,1.9573333333333334,0.6666666666666666,0.6111111111111112,0.47222222222222215,0.888888888888889,1.3,0.0,2.116892911010558,-0.16666666666666666,11.675108399226046,0.34285714285714286
Raul Allegre,1985,3.7866666666666666,0.9813131313131315,0.8109987665433209,2.7773333333333334,1.0,0.883838383838384,0.75,1.111111111111111,1.3,0.0,2.920814479638009,-0.3333333333333333,15.988742539110623,0.6923076923076923
Raul Allegre,1986,3.8973333333333335,0.8468102073365231,0.8062348149708587,2.6346666666666665,1.0,0.9090909090909092,0.7777777777777778,0.9191919191919191,0.5,0.0,2.7443438914027154,-0.5,14.535449519770703,0.5641025641025641
Raul Allegre,1987,3.8466666666666662,0.996810207336523,0.9547890318383286,2.6599999999999997,1.0,0.8674242424242425,0.8777777777777778,0.808080808080808,0.5,0.0,2.7658823529411767,-0.5,14.777431087065525,0.6833333333333333
Raul Allegre,1988,3.949333333333333,0.9210526315789473,0.828764058206945,3.052,1.0,0.9280303030303031,0.8777777777777778,1.2525252525252524,0.5,0.0,2.9219607843137254,-0.5,15.731444140766287,0.7435897435897436
Raul Allegre,1989,3.893333333333333,0.8174603174603176,0.7476517028504687,3.0773333333333333,1.0,0.9583333333333334,0.8407407407407407,1.2592592592592593,1.0,0.0,3.06,-0.3333333333333333,16.320778686977455,0.7777777777777778
Raul Allegre,1990,3.9440000000000004,0.5507936507936508,0.5185177758380711,3.304,1.0,1.0,0.9074074074074074,1.4814814814814816,0.5,0.0,2.92,-0.3333333333333333,15.792866982187277,0.65625
Raul Allegre,1991,3.9440000000000004,0.46349206349206346,0.44370391558606653,3.202666666666667,1.0,1.0,0.9629629629629629,1.1481481481481481,0.5,0.0,2.806153846153846,-0.16666666666666666,15.304460936343089,0.3939393939393939
Ray Wersching,1973,1.156,0.17460317460317462,0.1631205673758865,0.5866666666666667,0.3333333333333333,0.2777777777777778,0.13333333333333333,0.0,0.0,0.0,0.8125,-0.5,3.137334853090172,0.09090909090909091
Ray Wersching,1974,1.156,0.3261183261183261,0.2377474330475283,1.1933333333333334,0.6666666666666666,0.6111111111111112,0.24444444444444446,0.5,0.0,0.0,1.7255434782608698,-0.6666666666666666,5.994298126315613,0.3333333333333333
Ray Wersching,1975,2.425333333333333,0.6338106338106338,0.4740343528787519,1.86,1.0,0.9444444444444445,0.4296296296296296,0.7222222222222222,0.0,0.0,2.6630434782608696,-0.8333333333333334,10.319184761246552,0.6086956521739131
Ray Wersching,1976,2.436,0.5480963480963482,0.4280309026199825,1.9400000000000002,1.0,1.0,0.5185185185185185,0.9444444444444443,0.0,0.0,2.7880434782608696,-0.3333333333333333,11.26980035860683,0.5555555555555556
Ray Wersching,1977,3.7693333333333334,0.652991452991453,0.6430215232871385,2.1173333333333333,1.0,0.6666666666666666,0.7407407407407408,0.8253968253968252,0.3333333333333333,0.0,2.938829787234042,-0.16666666666666666,13.5209803296502,0.7419354838709677
Ray Wersching,1978,3.78,0.7024420024420025,0.7175454142667257,2.32,1.0,0.6666666666666666,0.6888888888888888,1.1365079365079365,0.3333333333333333,0.0,2.9587765957446805,-0.16666666666666666,14.137494171183567,0.84375
Ray Wersching,1979,3.8320000000000003,1.1263736263736261,0.9986966954180069,2.764,1.0,0.6190476190476191,0.7583333333333333,1.3904761904761902,0.3333333333333333,0.0,3.0212765957446805,-0.3333333333333333,15.510204060393457,0.8648648648648649
Ray Wersching,1980,3.6266666666666665,1.1824633699633698,1.022332221127402,3.032,1.0,0.9523809523809524,0.7212962962962962,1.5428571428571427,0.0,0.0,2.936613475177305,-0.5,15.516610124469134,0.8235294117647058
Ray Wersching,1981,3.68,1.1235661268556005,1.0018439909617525,3.1479999999999997,1.0,0.9523809523809524,0.7784391534391535,1.3904761904761906,0.0,0.0,2.9587585034013606,-0.6666666666666666,15.366798250848342,0.7575757575757576
Ray Wersching,1982,3.688,1.0107456140350877,0.9891965077260338,2.978666666666667,1.0,0.7777777777777777,0.7645502645502645,1.4857142857142858,0.0,0.0,2.8962585034013606,-0.6666666666666666,14.92424295320481,0.6578947368421053
Ray Wersching,1983,3.893333333333333,1.1612085769980507,1.1001859199202653,3.037333333333333,1.0,0.7777777777777777,0.8015873015873017,1.3523809523809522,0.25,0.0,2.9366996798719485,-0.6666666666666666,15.643840208536295,0.7142857142857143
Ray Wersching,1984,3.893333333333333,1.2796296296296295,1.2465300059417708,3.004,1.0,0.7777777777777778,0.8535353535353535,1.3304029304029303,0.75,0.0,2.9763386123680236,-0.3333333333333333,16.778214309655485,0.8285714285714286
Ray Wersching,1985,3.9746666666666663,1.0765993265993266,1.1612391239123914,2.888,1.0,0.9047619047619048,0.7840909090909092,1.158974358974359,0.75,0.0,2.9211915535444946,-0.3333333333333333,16.286190510216716,0.7692307692307693
Ray Wersching,1986,3.9426666666666663,1.0522328548644337,1.1483442174004634,2.729333333333333,1.0,0.9047619047619048,0.7100168350168351,1.055270655270655,1.0,0.0,2.881975867269985,-0.16666666666666666,16.25793566791761,0.6923076923076923
Ray Wersching,1987,3.885333333333333,0.8904681489820808,1.0450108840671302,2.797333333333333,1.0,0.9047619047619048,0.8009259259259259,0.9820105820105819,0.5,0.0,2.762745098039216,-0.16666666666666666,15.401922543786839,0.7166666666666667
Rian Lindell,2000,1.3333333333333333,0.20833333333333334,0.2222222222222222,1.176,0.3333333333333333,0.26666666666666666,0.3333333333333333,0.5833333333333334,0.0,0.0,1.0196078431372548,-0.16666666666666666,5.309496732026144,0.19047619047619047
Rian Lindell,2001,2.6666666666666665,0.4981884057971014,0.5291529152915292,2.0093333333333336,0.6666666666666666,0.5583333333333333,0.6,0.869047619047619,0.3333333333333333,0.0,2.0784313725490198,-0.3333333333333333,10.47582031268527,0.3170731707317073
Rian Lindell,2002,4.0,0.8315217391304347,0.8754312324436327,3.066666666666667,1.0,0.8916666666666666,0.8666666666666667,1.4023809523809525,0.3333333333333333,0.0,3.098039215686274,-0.5,15.865706472974628,0.5555555555555556
Rian Lindell,2003,4.0,0.880764163372859,0.8983070494370969,2.8346666666666667,1.0,0.9305555555555555,0.8666666666666667,1.1047619047619046,1.3333333333333333,0.0,2.9411764705882355,-1.1666666666666667,15.623565143715652,0.4523809523809524
Rian Lindell,2004,4.0,0.9545454545454545,0.9813763563677899,3.144,1.0,0.9484126984126985,0.903030303030303,1.0412698412698413,2.0,0.0,2.725490196078431,-1.0,16.698124849704516,0.5238095238095238
Rian Lindell,2005,4.0,1.0239898989898988,0.9904439511653719,3.192,1.0,0.9113756613756614,0.9184149184149185,0.9746031746031744,2.4285714285714284,0.0,2.725113122171946,-1.0,17.1645121552924,0.6888888888888889
Rian Lindell,2006,4.0,1.0858585858585859,1.06310292129548,3.4746666666666663,1.0,0.9391534391534391,0.9184149184149185,1.222222222222222,1.4285714285714286,0.0,2.8815987933634992,-0.16666666666666666,17.84692230887957,0.7894736842105263
Rian Lindell,2007,4.0,1.0555555555555556,0.9562887620034445,3.517333333333333,1.0,0.9629629629629629,0.9487179487179488,1.4444444444444446,0.7619047619047619,0.0,3.0384615384615383,-0.3333333333333333,17.352335974050657,0.625
Rian Lindell,2008,4.0,1.0231481481481481,0.9482817856279887,3.464,1.0,0.9583333333333334,1.0,1.4222222222222223,1.3333333333333333,0.0,3.0192307692307687,-0.5,17.668549591895797,0.6585365853658537
Rian Lindell,2009,4.0,1.0925925925925926,0.9905247762821943,3.368,1.0,0.9583333333333334,1.0,1.3333333333333333,2.3333333333333335,0.0,3.0769230769230766,-0.6666666666666666,18.4863737791312,0.9302325581395349
Rian Lindell,2010,3.9586666666666663,0.9814814814814815,0.9557666085302046,3.1986666666666665,1.0,0.9583333333333334,0.9444444444444445,1.3333333333333333,2.5,0.0,3.039187227866473,-0.5,18.369879762322608,0.8636363636363636
Rian Lindell,2011,3.9586666666666663,0.7844444444444445,0.7892186334079523,3.3026666666666666,1.0,1.0,0.8333333333333334,1.4444444444444444,1.5,0.0,2.963715529753266,-0.3333333333333333,17.24315638538344,0.5526315789473685
Rian Lindell,2012,3.9586666666666663,0.6647863247863248,0.7248708073209956,3.3386666666666667,1.0,1.0,0.8030303030303031,1.5714285714285714,0.8333333333333334,0.0,2.8301886792452833,-0.3333333333333333,16.39163801914481,0.3333333333333333
Rian Lindell,2013,4.0,0.7374358974358973,0.7589290100712356,3.3800000000000003,1.0,1.0,0.810966810966811,1.5714285714285714,1.3333333333333333,0.0,2.8679245283018866,-0.5,16.960018151537735,0.37142857142857144
Rich Karlis,1982,1.2506666666666666,0.3666666666666667,0.31372549019607837,1.128,0.3333333333333333,0.3333333333333333,0.25,0.5,0.0,0.0,0.9791666666666666,0.0,5.454892156862745,0.2894736842105263
Rich Karlis,1983,2.5453333333333332,0.7555555555555555,0.6369578134284016,2.2479999999999998,0.6666666666666666,0.625,0.5092592592592592,1.0714285714285714,1.0,0.0,1.959558823529412,0.0,12.017760023201198,0.45714285714285713
Rich Karlis,1984,3.781333333333334,1.1055555555555556,0.9736244800950682,3.2479999999999998,1.0,0.9107142857142857,0.8009259259259259,1.5158730158730158,1.3333333333333333,0.0,2.9210972850678734,-0.0,17.59045721489839,0.9714285714285714
Rich Karlis,1985,3.7733333333333334,1.0873737373737375,1.022935293529353,2.9266666666666663,1.0,0.8366402116402116,0.7327441077441077,1.500721500721501,1.3333333333333333,0.0,2.883107088989442,-0.0,17.096855273331684,0.8717948717948718
Rich Karlis,1986,3.782666666666667,1.0493620414673046,1.0684972965381645,2.7586666666666666,1.0,0.794973544973545,0.8068181818181818,1.3102453102453102,0.8333333333333334,0.0,2.9027149321266967,-0.0,16.30727797383587,0.7435897435897436
Rich Karlis,1987,3.8800000000000003,1.0523032179378928,1.0972924772610562,2.718666666666666,1.0,0.8425925925925926,0.7373737373737373,1.2467532467532467,0.8333333333333334,0.0,2.961176470588235,-0.16666666666666666,16.202825075840096,0.8333333333333334
Rich Karlis,1988,3.9346666666666663,1.0871517027863777,1.0950809158987342,2.764,1.0,0.8833333333333333,0.7094017094017094,1.1785714285714286,1.3333333333333333,0.0,3.0400000000000005,-0.5,16.525539089991582,0.8205128205128205
Rich Karlis,1989,3.916,1.2283380018674137,1.147339221236547,2.872,1.0,0.9444444444444443,0.6538461538461539,1.2420634920634919,1.1666666666666667,0.0,3.06,-0.5,16.730697980124717,0.8611111111111112
Rich Karlis,1990,3.916,0.9420634920634922,0.868833895586119,2.6733333333333333,1.0,0.9444444444444443,0.5427350427350427,1.2417777777777779,0.8333333333333334,0.0,2.8200000000000003,-0.3333333333333333,15.449187985940208,0.40625
Richie Cunningham,1997,1.3333333333333333,0.47222222222222227,0.3925233644859813,1.2253333333333334,0.3333333333333333,0.3333333333333333,0.3333333333333333,0.4666666666666666,1.0,0.0,1.0,0.0,6.890078920041536,0.17142857142857143
Richie Cunningham,1998,2.6666666666666665,0.9116161616161614,0.8201327920954089,2.3306666666666667,0.6666666666666666,0.6666666666666666,0.5757575757575758,1.0727272727272728,1.3333333333333333,0.0,2.0384615384615383,0.0,13.082695340657956,0.2972972972972973
Richie Cunningham,1999,3.9706666666666663,1.1199494949494948,1.100007005931887,3.1306666666666665,1.0,0.9166666666666666,0.8535353535353535,1.3393939393939391,1.3333333333333333,0.0,2.9600301659125186,-0.16666666666666666,17.55758262638986,0.6666666666666666
Richie Cunningham,2000,3.9706666666666663,0.7171717171717171,0.7836741176363818,2.857333333333333,1.0,0.7833333333333333,0.8535353535353535,1.3487272727272728,0.3333333333333333,0.0,2.7247360482654597,-0.16666666666666666,15.205844509336183,0.5238095238095238
Richie Cunningham,2001,2.6373333333333333,0.27777777777777773,0.3560646900269542,1.752,0.6666666666666666,0.45,0.6111111111111112,0.7426666666666666,0.0,0.0,1.6862745098039216,-0.16666666666666666,9.013228088719764,0.24390243902439024
Richie Cunningham,2002,2.6666666666666665,0.08393719806763283,0.09237170596393894,2.2853333333333334,0.6666666666666666,0.5333333333333333,0.6666666666666666,1.1426666666666667,0.0,0.0,1.2156862745098038,0.0,9.353328511874707,0.3111111111111111
Richie Szaro,1975,1.3333333333333333,0.25641025641025644,0.19831223628691982,0.8333333333333334,0.3333333333333333,0.3333333333333333,0.25,0.13333333333333333,0.5,0.0,1.0416666666666667,-0.5,4.7130558260305095,0.17391304347826086
Richie Szaro,1976,2.482666666666667,0.6564102564102564,0.5541680921427757,1.8773333333333333,0.6666666666666666,0.6666666666666666,0.5166666666666667,0.5142857142857142,1.0,0.0,2.0833333333333335,-0.8333333333333334,10.184864062838747,0.5185185185185185
Richie Szaro,1977,3.7293333333333334,0.7846153846153846,0.794605250612721,2.433333333333333,1.0,0.9166666666666666,0.7388888888888889,0.5142857142857142,1.0,0.0,2.74290780141844,-1.3333333333333333,13.321303039821148,0.6774193548387096
Richie Szaro,1978,3.7293333333333334,0.6234432234432234,0.6908876089203958,2.489333333333333,1.0,0.9166666666666666,0.8222222222222223,0.38095238095238093,0.5,0.0,2.4884751773049647,-1.0,12.641313946176519,0.53125
Richie Szaro,1979,3.9133333333333336,0.22344322344322343,0.34368976172254856,1.4453333333333334,0.6666666666666666,0.9166666666666666,0.5555555555555555,0.0,0.0,0.0,1.446808510638298,-0.6666666666666666,8.84483038469296,0.3783783783783784
Rick Danmeier,1978,1.2973333333333332,0.2857142857142857,0.32432432432432434,0.8426666666666667,0.3333333333333333,0.26666666666666666,0.19999999999999998,0.3333333333333333,0.0,0.0,1.0,-0.16666666666666666,4.716705276705277,0.1875
Rick Danmeier,1979,2.501333333333333,0.6190476190476191,0.6143676143676143,1.6306666666666665,0.6666666666666666,0.4666666666666666,0.4380952380952381,0.6666666666666666,0.0,0.0,1.9361702127659577,-0.6666666666666666,8.873014017609762,0.40540540540540543
Rick Danmeier,1980,3.6586666666666665,0.9523809523809524,0.9396688191868915,2.4506666666666668,1.0,0.8000000000000002,0.7047619047619048,0.7407407407407408,0.0,0.0,2.9153368794326244,-0.8333333333333334,13.328889296503112,0.5588235294117647
Rick Danmeier,1981,3.5866666666666664,1.0350877192982457,0.9630147457586246,2.728,1.0,0.8111111111111112,0.8103174603174604,0.8518518518518517,0.0,0.0,2.8337042263714003,-0.6666666666666666,13.953087114708694,0.5151515151515151
Rick Danmeier,1982,3.7159999999999997,0.968421052631579,0.9801609981989946,2.701333333333333,1.0,0.8777777777777778,0.7388888888888889,0.8518518518518517,0.0,0.0,2.793367346938776,-0.16666666666666666,14.461134582954534,0.6052631578947368
Rob Bironas,2005,1.2506666666666666,0.3194444444444445,0.3113207547169811,1.0573333333333335,0.3333333333333333,0.3333333333333333,0.2857142857142857,0.4761904761904762,0.0,0.0,1.0192307692307692,-0.16666666666666666,5.219900730296956,0.2
Rob Bironas,2006,2.584,0.625,0.6166167048727443,2.1053333333333337,0.6666666666666666,0.6363636363636364,0.6190476190476191,0.8095238095238096,0.0,0.0,2.173076923076923,-0.3333333333333333,10.502295359551397,0.23684210526315788
Rob Bironas,2007,3.917333333333333,1.1111111111111112,1.0089470883535703,3.3013333333333335,1.0,0.9141414141414143,0.9523809523809524,1.4095238095238096,0.0,0.0,3.25,-0.6666666666666666,16.198104375510855,0.425
Rob Bironas,2008,4.0,1.1496913580246912,1.0533686305553567,3.4160000000000004,1.0,0.9141414141414143,1.0,1.4596491228070176,0.3333333333333333,0.0,3.193033381712626,-0.6666666666666666,16.852550573907774,0.4634146341463415
Rob Bironas,2009,4.0,1.2191358024691359,1.1414060137329267,3.4933333333333336,1.0,0.9444444444444445,0.8888888888888888,1.68187134502924,1.0,0.0,3.058417997097242,-0.5,17.92749782499521,0.7674418604651163
Rob Bironas,2010,4.0,1.0663580246913582,1.0949875799376354,3.528,1.0,1.0,0.8518518518518517,1.7485380116959066,2.0,0.0,3.0192307692307696,-0.16666666666666666,19.142299570740853,0.9772727272727273
Rob Bironas,2011,4.0,1.095,1.0810531926233875,3.564,1.0,1.0,0.8185185185185184,1.8222222222222222,2.6666666666666665,0.0,3.0569666182873725,-0.0,20.10442721831817,1.0
Rob Bironas,2012,4.0,1.0405128205128205,1.0065604390001992,3.5133333333333336,1.0,1.0,0.9296296296296296,1.5999999999999999,3.0,0.6666666666666666,3.0377358490566038,-0.16666666666666666,20.627772071532586,1.0
Rob Bironas,2013,4.0,1.0276923076923077,0.9883321051338738,3.4320000000000004,1.0,1.0,0.9296296296296296,1.4095238095238096,2.5,0.6666666666666666,3.0185185185185186,-0.16666666666666666,19.80569637049814,0.9714285714285714
Robbie Gould,2005,1.2666666666666666,0.2916666666666667,0.2578616352201258,1.0373333333333334,0.3333333333333333,0.3333333333333333,0.3,0.25,0.625,0.0,0.8653846153846154,-0.16666666666666666,5.3939129172714075,0.24444444444444444
Robbie Gould,2006,2.6,0.736111111111111,0.7033445012637395,2.2226666666666666,0.6666666666666666,0.6666666666666666,0.5916666666666667,0.8214285714285715,0.625,0.0,1.8076923076923077,-0.3333333333333333,11.107909824829063,0.2631578947368421
Robbie Gould,2007,3.9333333333333336,1.1666666666666667,1.075025917192943,3.3706666666666667,1.0,1.0,0.8993589743589744,1.392857142857143,0.625,0.0,2.75,-0.3333333333333333,16.879575367742394,0.5
Robbie Gould,2008,4.0,1.1959876543209875,1.1504976153061506,3.5293333333333337,1.0,1.0,0.9326923076923078,1.6277056277056277,0.5,0.0,2.7902757619738754,-0.16666666666666666,17.559825633665618,0.6341463414634146
Robbie Gould,2009,4.0,1.0848765432098766,1.0550147492625368,3.486666666666667,1.0,1.0,0.9743589743589745,1.522943722943723,0.9,0.0,2.8479680696661833,-0.16666666666666666,17.705162059441292,0.7209302325581395
Robbie Gould,2010,4.0,1.0015432098765433,1.029245283018868,3.449333333333333,1.0,1.0,0.9629629629629629,1.3324675324675324,1.4000000000000001,0.0,2.924528301886793,-0.16666666666666666,17.933413956879367,0.7045454545454546
Robbie Gould,2011,4.0,1.053888888888889,1.0377198592900543,3.42,1.0,1.0,0.9629629629629629,1.2476190476190474,1.4714285714285715,0.0,3.0943396226415096,-0.16666666666666666,18.121292286164365,0.7894736842105263
Robbie Gould,2012,4.0,0.9897863247863249,0.9659807288552718,3.3973333333333335,1.0,1.0,0.8677248677248678,1.2994708994708994,1.2936507936507937,0.0,3.113207547169812,-0.0,17.927154494991303,0.6666666666666666
Robbie Gould,2013,3.9706666666666663,0.9758974358974358,0.9675264062883812,3.482666666666667,1.0,1.0,0.8571428571428571,1.48994708994709,1.7936507936507935,0.0,3.1684136967155836,-0.0,18.705911612975473,0.6571428571428571
Robbie Gould,2014,3.925333333333333,0.717948717948718,0.7837644736953556,3.3160000000000003,1.0,1.0,0.746031746031746,1.58994708994709,1.222222222222222,0.0,2.941998602375961,-0.0,17.243246185554426,0.4166666666666667
Robbie Gould,2015,3.8800000000000003,0.8887179487179487,0.8974789127721136,3.3240000000000003,1.0,1.0,0.7857142857142857,1.58994708994709,1.5714285714285714,0.0,2.941649196366177,-0.16666666666666666,17.712269338279523,0.5897435897435898
Robbie Gould,2016,3.7359999999999993,0.6788414055080721,0.6889101745423584,3.4613333333333336,1.0,1.0,0.8333333333333334,1.6851851851851851,0.5714285714285714,0.0,2.737945492662474,-0.16666666666666666,16.22631082932666,0.25
Robbie Gould,2017,3.692,1.0634567901234568,0.9742892739834635,3.7293333333333334,1.0,0.9583333333333334,0.9444444444444445,1.8148148148148149,1.5714285714285714,0.0,2.8518518518518516,-0.16666666666666666,18.433285746646604,0.7954545454545454
Robbie Gould,2018,3.6453333333333333,1.1017176596886742,0.9606923437198666,3.8959999999999995,1.0,0.9583333333333334,1.0,1.8962962962962964,1.6666666666666667,0.0,2.814814814814815,-0.16666666666666666,18.77318778118632,0.7857142857142857
Robbie Gould,2019,3.7866666666666666,1.3115942028985508,1.171009804037327,3.552,1.0,0.9583333333333334,0.9333333333333332,1.7296296296296294,2.3333333333333335,0.0,2.8148148148148144,-0.3333333333333333,19.257381784713658,0.8571428571428571
Robbie Gould,2020,3.8053333333333335,1.064927536231884,1.006864006864007,3.3853333333333335,1.0,1.0,0.8777777777777778,1.7,1.3333333333333333,0.0,2.797306397306398,-0.5,17.470875718180064,0.6530612244897959
Robbie Gould,2021,3.8639999999999994,0.8430769230769232,0.9034856284856284,3.250666666666666,1.0,1.0,0.8777777777777779,1.6185185185185187,1.6666666666666667,0.0,2.7612794612794613,-0.5,17.285471642471645,0.6
Robbie Gould,2022,3.8693333333333335,0.843076923076923,0.9339894242068155,3.3866666666666667,1.0,0.9761904761904763,0.9444444444444445,1.5427609427609428,1.8,0.0,2.8016233766233767,-0.3333333333333333,17.764752253969647,0.5652173913043478
Rodrigo Blankenship,2020,1.2746666666666666,0.4266666666666667,0.41741741741741745,1.1533333333333333,0.3333333333333333,0.3333333333333333,0.30769230769230776,0.5454545454545455,0.3333333333333333,0.0,0.9636363636363635,0.0,6.088867300867302,0.1836734693877551
Rodrigo Blankenship,2021,2.441333333333333,0.5676923076923077,0.5285285285285285,2.2013333333333334,0.6666666666666666,0.6666666666666666,0.5576923076923078,1.101010101010101,0.3333333333333333,0.0,1.8363636363636362,-0.16666666666666666,10.733953547953549,0.32
Rodrigo Blankenship,2022,3.5080000000000005,0.6170750237416903,0.5749053401227314,3.2680000000000002,1.0,1.0,0.8243589743589744,1.4343434343434345,0.3333333333333333,0.0,2.7292207792207797,-0.16666666666666666,15.12257021845428,0.43478260869565216
Roger Ruzek,1987,1.3333333333333333,0.43137254901960786,0.36947791164658633,1.1733333333333333,0.3333333333333333,0.3333333333333333,0.2857142857142857,0.5333333333333333,0.0,0.0,0.98,-0.16666666666666666,5.606564746380481,0.48333333333333334
Roger Ruzek,1988,2.6666666666666665,0.6313725490196078,0.585972757007411,1.9000000000000001,0.6666666666666666,0.6,0.4761904761904761,0.8190476190476191,0.3333333333333333,0.0,1.9799999999999998,-0.3333333333333333,10.325916734598449,0.38461538461538464
Roger Ruzek,1989,3.9546666666666668,0.8377217553688142,0.8210604763056567,2.688,1.0,0.85,0.6761904761904761,1.0857142857142856,0.3333333333333333,0.0,2.9,-0.3333333333333333,14.8133536602459,0.4722222222222222
Roger Ruzek,1990,3.872,0.7563492063492063,0.8428869124851573,2.48,1.0,0.7547619047619047,0.6404761904761905,0.9333333333333332,1.3333333333333333,0.0,2.98,-0.16666666666666666,15.426474214072458,0.375
Roger Ruzek,1991,3.78,1.0007936507936508,1.0118087337909991,2.8840000000000003,1.0,0.8214285714285715,0.75,1.180952380952381,1.3333333333333333,0.0,2.960769230769231,-0.0,16.723085901068163,0.7272727272727273
Roger Ruzek,1992,3.704,1.0751461988304092,1.0921332008726818,2.949333333333333,1.0,0.9047619047619048,0.7722222222222221,1.2219780219780219,2.3333333333333335,0.0,3.002307692307692,-0.16666666666666666,17.88854924097293,0.8125
Roger Ruzek,1993,3.536,0.831812865497076,0.8182891705069125,3.0506666666666664,1.0,1.0,0.7222222222222222,1.5076923076923077,1.3333333333333333,0.0,2.810232220609579,-0.16666666666666666,16.443582119861432,0.6
Rolf Benirschke,1977,1.1666666666666667,0.4358974358974359,0.39344262295081966,0.9853333333333333,0.3333333333333333,0.3333333333333333,0.2222222222222222,0.5,0.0,0.0,1.0,-0.8333333333333334,4.536895614403811,0.22580645161290322
Rolf Benirschke,1978,2.313333333333333,0.8644688644688645,0.8033525328607296,2.076,0.6666666666666666,0.6333333333333333,0.4444444444444444,1.0,0.0,0.0,1.9361702127659577,-0.8333333333333334,9.904436054539996,0.375
Rolf Benirschke,1979,3.544,0.9670329670329672,0.9072486367568335,3.409333333333333,1.0,0.9666666666666667,0.7777777777777777,1.6666666666666667,0.0,0.0,2.8297872340425534,-0.8333333333333334,15.235179948943466,0.8378378378378378
Rolf Benirschke,1980,3.654666666666667,1.0311355311355312,0.9877015961353309,3.313333333333333,1.0,0.9249999999999999,0.7777777777777777,1.5666666666666667,0.5,0.0,2.93395390070922,-0.3333333333333333,16.356902139091194,0.9411764705882353
Rolf Benirschke,1981,3.7106666666666666,0.9358974358974358,0.9792253779816935,3.1973333333333334,1.0,0.9583333333333334,0.7638888888888888,1.5666666666666667,0.9,0.0,3.0590081777391807,-0.5,16.571019880507198,0.9696969696969697
Rolf Benirschke,1982,3.734666666666667,1.3666666666666665,1.3982050910790536,2.8333333333333335,1.0,0.9107142857142857,0.4305555555555555,1.5666666666666667,1.1,0.0,3.227891156462585,-0.5,17.068699422144814,0.9473684210526315
Rolf Benirschke,1983,3.7319999999999998,1.1444444444444446,1.2206058050460327,2.777333333333333,1.0,0.9523809523809524,0.44642857142857145,1.357142857142857,0.9333333333333335,0.0,3.1237244897959187,-0.3333333333333333,16.354060453572107,0.8571428571428571
Rolf Benirschke,1984,3.8626666666666662,1.0944444444444443,1.125838779956427,2.6746666666666665,1.0,0.8412698412698413,0.48809523809523814,1.341991341991342,0.7833333333333333,0.0,3.0432692307692313,-0.16666666666666666,16.08890887652652,0.6857142857142857
Rolf Benirschke,1985,3.941333333333333,0.5611111111111111,0.6095636230289695,1.7053333333333331,1.0,0.8888888888888888,0.48809523809523814,0.6753246753246754,0.5833333333333334,0.0,1.9807692307692308,-0.16666666666666666,12.267086100551445,0.4358974358974359
Rolf Benirschke,1986,3.9346666666666668,0.5640350877192982,0.6217779650305456,1.7253333333333334,1.0,0.7777777777777777,0.4583333333333333,0.8848484848484848,0.75,0.0,1.961161387631976,-0.16666666666666666,12.511267369674748,0.46153846153846156
Roy Gerela,1970,1.3333333333333333,0.31578947368421056,0.2916666666666667,0.7493333333333334,0.3333333333333333,0.26666666666666666,0.25,0.1428571428571428,0.0,0.0,0.979591836734694,-0.5,4.162571786609381,0.46153846153846156
Roy Gerela,1971,2.6666666666666665,0.6491228070175439,0.5939922480620154,1.5893333333333335,0.6376236430584256,0.5047619047619047,0.44047619047619047,0.4761904761904761,0.0,0.0,1.8979591836734695,-0.8333333333333334,8.622793119906694,0.7222222222222222
Roy Gerela,1972,3.962666666666667,1.1157894736842104,1.0115361077111382,2.5000000000000004,0.970956976391759,0.7714285714285714,0.6626984126984127,0.6984126984126983,0.0,0.0,2.8979591836734695,-1.0,13.591448090666928,0.7222222222222222
Roy Gerela,1973,3.9266666666666663,1.2603174603174603,1.156039653810429,2.6493333333333333,0.9538514090752636,0.7825396825396825,0.5978835978835979,0.8333333333333334,0.0,0.0,2.939200680272109,-1.0,14.099165817231876,0.8636363636363636
Roy Gerela,1974,3.8506666666666667,1.5330447330447328,1.3164006395792593,2.729333333333333,0.9828944326835046,0.8407407407407407,0.6296296296296297,0.8809523809523809,0.0,0.0,2.9990942028985508,-1.0,14.762756759528799,0.9166666666666666
Roy Gerela,1975,3.830666666666666,1.502275502275502,1.2997006617866766,2.8986666666666667,0.9828944326835046,0.9074074074074074,0.6455026455026455,0.9920634920634921,0.0,0.0,2.8740942028985508,-1.1666666666666667,14.766605011284447,0.9130434782608695
Roy Gerela,1976,3.7733333333333334,1.3530691530691528,1.2328998183900886,2.717333333333334,1.0,0.7407407407407408,0.6603174603174603,1.0952380952380951,0.0,0.0,2.8324275362318843,-0.8333333333333334,14.572026137320757,0.9259259259259259
Roy Gerela,1977,3.7413333333333334,0.9777777777777779,1.1035465845592427,2.654666666666667,1.0,0.7111111111111111,0.7714285714285715,1.0476190476190477,0.0,0.0,2.8967198581560285,-0.5,14.40420295065178,0.9354838709677419
Roy Gerela,1978,3.7693333333333334,0.8275946275946274,1.063063063063063,2.1906666666666665,1.0,0.6555555555555556,0.6444444444444444,0.9642857142857143,0.0,0.0,2.957890070921986,-0.6666666666666666,13.406166809198725,0.59375
Roy Gerela,1979,3.672,0.5421245421245421,0.7326547326547326,1.664,1.0,0.7111111111111112,0.4444444444444444,0.5833333333333334,0.0,0.0,2.5319148936170213,-0.5,11.381583057285185,0.5135135135135135
Russell Erxleben,1979,1.3333333333333333,0.051282051282051266,0.04329004329004327,1.3333333333333333,0.3333333333333333,0.3333333333333333,0.3333333333333333,0.6666666666666666,0.0,0.0,0.8085106382978723,0.0,5.2364160662033,0.24324324324324326
Russell Erxleben,1980,2.6666666666666665,0.09294871794871794,0.07541855734626816,1.8666666666666665,0.6666666666666666,0.6666666666666666,0.4166666666666667,0.9333333333333332,0.0,0.0,1.5793439716312054,0.0,8.964377913592859,0.2647058823529412
Russell Erxleben,1981,2.6666666666666665,0.09294871794871794,0.07541855734626816,1.8666666666666665,0.6666666666666666,0.6666666666666666,0.4166666666666667,0.9333333333333332,0.0,0.0,1.5793439716312054,0.0,8.964377913592859,0.2727272727272727
Russell Erxleben,1982,2.6666666666666665,0.041666666666666664,0.0386644617686432,0.5333333333333333,0.6666666666666666,0.3333333333333333,0.08333333333333333,0.26666666666666666,0.0,0.0,0.7708333333333334,0.0,5.401164461768644,0.23684210526315788
Ryan Longwell,1997,1.3333333333333333,0.3333333333333333,0.37383177570093457,1.0666666666666667,0.3333333333333333,0.2916666666666667,0.25641025641025644,0.3333333333333333,1.0,0.0,0.9615384615384616,-0.16666666666666666,6.116780493649653,0.14285714285714285
Ryan Longwell,1998,2.6039999999999996,0.7727272727272726,0.8048082066773655,2.2386666666666666,0.6666666666666666,0.625,0.5452991452991452,0.9333333333333332,1.0,0.0,1.8269230769230769,-0.3333333333333333,11.684091034960195,0.2702702702702703
Ryan Longwell,1999,3.937333333333333,1.1199494949494948,1.160154118627051,3.3493333333333335,1.0,0.9212962962962963,0.8415954415954415,1.4666666666666668,1.5,0.0,2.8073152337858223,-0.3333333333333333,17.770310585254105,0.717948717948718
Ryan Longwell,2000,3.937333333333333,1.244949494949495,1.2021953587991325,3.44,1.0,0.9212962962962963,0.9185185185185185,1.7111111111111112,1.1666666666666667,0.0,2.8653846153846154,-0.16666666666666666,18.240788728392502,0.8809523809523809
Ryan Longwell,2001,3.9706666666666663,1.0954106280193237,1.1144532512550447,3.128,1.0,0.8379629629629629,0.9296296296296296,1.4444444444444446,1.1666666666666667,0.0,3.0588235294117645,-0.0,17.746057779056503,0.8292682926829268
Ryan Longwell,2002,3.9706666666666663,1.1539855072463767,1.173346821506006,3.1159999999999997,1.0,0.8379629629629629,0.9410256410256411,1.3777777777777775,1.1666666666666667,0.0,3.0392156862745097,-0.0,17.77664773012661,0.7777777777777778
Ryan Longwell,2003,3.9706666666666663,1.0441370223978919,1.1496306683780884,3.138666666666667,1.0,0.8796296296296297,0.9410256410256411,1.2444444444444445,0.5,0.0,3.0,-0.16666666666666666,16.701534072542362,0.6428571428571429
Ryan Longwell,2004,4.0,1.1179183135704875,1.2063963449457453,3.421333333333333,1.0,0.9629629629629629,0.9373219373219374,1.4111111111111108,1.25,0.0,2.9803921568627456,-0.16666666666666666,18.120769493441657,0.9285714285714286
Ryan Longwell,2005,3.957333333333333,0.98989898989899,1.0751757306696266,3.310666666666666,1.0,1.0,0.8296296296296296,1.3444444444444443,1.55,0.0,3.0388386123680244,-0.3333333333333333,17.76265407367738,0.8444444444444444
Ryan Longwell,2006,3.909333333333333,0.9330808080808081,0.9633926997002291,3.250666666666666,1.0,1.0,0.8296296296296296,1.3444444444444443,2.5500000000000003,0.0,3.000754147812972,-0.5,18.281301729668083,0.868421052631579
Ryan Longwell,2007,3.876,0.8472222222222223,0.8554280979303178,3.218666666666667,1.0,1.0,0.8666666666666667,1.4505050505050505,1.8,0.0,3.0192307692307687,-0.5,17.433719473221696,0.675
Ryan Longwell,2008,3.9186666666666667,0.9274691358024691,0.9281515269245569,3.368,1.0,1.0,0.9259259259259259,1.4949494949494948,1.6666666666666667,0.0,3.0188679245283025,-0.5,17.748697341464084,0.7317073170731707
Ryan Longwell,2009,3.9426666666666663,0.9969135802469137,1.087777695148856,3.486666666666667,1.0,1.0,0.8703703703703703,1.643097643097643,1.6666666666666667,0.0,3.07656023222061,-0.3333333333333333,18.43738618775106,0.9069767441860465
Ryan Longwell,2010,3.9333333333333336,0.9552469135802468,1.050459278050843,3.6346666666666665,1.0,1.0,0.8333333333333334,1.7037037037037035,1.6666666666666667,0.0,2.924528301886793,-0.3333333333333333,18.368604863888255,0.8409090909090909
Ryan Longwell,2011,3.8986666666666667,0.8905555555555557,0.9885022918665388,3.5453333333333332,1.0,1.0,0.8657407407407408,1.6592592592592592,2.0,0.0,2.9056603773584904,-0.5,18.253718224780584,0.8157894736842105
Ryan Succop,2009,1.3333333333333333,0.34722222222222227,0.3466666666666667,1.1493333333333333,0.3333333333333333,0.3333333333333333,0.3333333333333333,0.5714285714285714,0.6666666666666666,0.0,1.0192307692307692,-0.3333333333333333,6.10054822954823,0.16279069767441862
Ryan Succop,2010,2.6666666666666665,0.625,0.6674213836477988,2.1746666666666665,0.6666666666666666,0.6666666666666666,0.5925925925925926,1.0714285714285714,0.6666666666666666,0.0,2.019230769230769,-0.3333333333333333,11.483673316899733,0.25
Ryan Succop,2011,4.0,0.945,0.9273083892975164,3.2413333333333334,1.0,1.0,0.8783068783068783,1.4603174603174605,0.6666666666666666,0.0,3.0380986937590713,-0.5,16.657031421680927,0.39473684210526316
Ryan Succop,2012,4.0,0.9567521367521367,0.8733953458192554,3.190666666666667,1.0,0.9333333333333332,0.8116402116402116,1.4444444444444446,0.5454545454545454,0.3333333333333333,3.0,-0.16666666666666666,16.922353350777257,0.3888888888888889
Ryan Succop,2013,4.0,0.9610256410256409,0.8859739621714566,3.2133333333333334,1.0,0.9333333333333332,0.8523809523809525,1.4444444444444446,0.9454545454545454,0.3333333333333333,2.944444444444444,-0.16666666666666666,17.347057323254816,0.4
Ryan Succop,2014,4.0,0.8846153846153846,0.8674662668665668,3.298666666666666,1.0,0.9333333333333332,0.9,1.4722222222222223,1.4454545454545453,0.3333333333333333,2.8878406708595388,-0.0,18.02293242335159,0.5833333333333334
Ryan Succop,2015,3.9133333333333336,0.7123076923076924,0.7938484461472967,3.3666666666666667,1.0,1.0,0.9666666666666667,1.5833333333333333,1.2333333333333334,0.0,2.8511530398322846,-0.0,17.42064251162061,0.46153846153846156
Ryan Succop,2016,3.8480000000000003,0.7018613485280153,0.75218177948063,3.5413333333333337,1.0,1.0,1.0,1.75,0.8333333333333334,0.0,2.888190076869322,-0.16666666666666666,17.148233204877968,0.3888888888888889
Ryan Succop,2017,3.766666666666667,0.9069895536562204,0.9267046098085854,3.5,1.0,1.0,1.0,1.8666666666666665,1.1333333333333335,0.0,2.888888888888889,-0.5,17.489249719020364,0.5681818181818182
Ryan Succop,2018,3.724,1.0971344811924524,1.025887125657768,3.489333333333333,1.0,0.9444444444444445,1.0,1.6761904761904762,1.4666666666666668,0.0,2.944444444444444,-0.5,17.868100971929586,0.6666666666666666
Ryan Succop,2019,3.736,0.8400222965440358,0.819934744705387,2.489333333333333,1.0,0.9444444444444445,1.0,1.0095238095238095,1.8,0.0,2.5370370370370368,-0.5,15.676295665588048,0.38095238095238093
Ryan Succop,2020,3.6999999999999997,0.7646376811594203,0.8124410124410124,2.582666666666667,1.0,0.9444444444444445,1.0,0.9947089947089948,1.8333333333333333,0.0,2.483164983164983,-0.16666666666666666,15.94873044925219,0.5102040816326531
Ryan Succop,2021,3.761333333333333,0.7083389074693424,0.858011583011583,2.537333333333333,1.0,1.0,0.9583333333333334,0.9851851851851853,1.8666666666666665,0.0,2.355892255892256,-0.16666666666666666,15.864427931558366,0.54
Ryan Succop,2022,3.761333333333333,1.07656220322887,1.111427732079906,3.4026666666666667,1.0,0.9696969696969697,0.9166666666666666,1.651851851851852,2.2606060606060603,0.0,2.7461038961038966,-0.3333333333333333,18.563582046900887,0.7608695652173914
Sam Ficken,2017,1.0666666666666667,0.025641025641025633,0.030581039755351664,0.8893333333333334,0.3333333333333333,0.3333333333333333,0.0,0.4446666666666667,0.0,0.0,0.4259259259259259,0.0,3.5494813246556363,0.06818181818181818
Sam Ficken,2018,2.4,0.040133779264214034,0.0696200787943907,1.3333333333333333,0.6666666666666666,0.3333333333333333,0.3333333333333333,0.4446666666666667,0.0,0.0,1.0555555555555556,0.0,6.676642746947493,0.19047619047619047
Sam Ficken,2019,3.58,0.31549609810479373,0.3235883327626447,2.272,1.0,0.6666666666666666,0.625,0.868909090909091,1.0,0.0,2.055555555555556,-0.16666666666666666,12.540549077332088,0.3333333333333333
Sam Ficken,2020,3.58,0.46318840579710147,0.4461604461604461,2.5386666666666664,1.0,0.6666666666666666,0.9583333333333334,1.0909090909090908,1.0,0.0,2.6114478114478117,-0.3333333333333333,14.022039087647784,0.4489795918367347
Scott Bentley,1997,1.3333333333333333,0.027777777777777766,0.031152647975077868,0.8893333333333334,0.3333333333333333,0.3333333333333333,0.3333333333333333,0.0,0.0,0.0,0.6346153846153845,0.0,3.916212477034907,0.02857142857142857
Scott Bentley,1998,1.3333333333333333,0.027777777777777766,0.031152647975077868,0.8893333333333334,0.3333333333333333,0.3333333333333333,0.3333333333333333,0.0,0.0,0.0,0.6346153846153845,0.0,3.916212477034907,0.10810810810810811
Scott Bentley,1999,1.3333333333333333,0.027777777777777766,0.031152647975077868,0.8893333333333334,0.3333333333333333,0.3333333333333333,0.3333333333333333,0.0,0.0,0.0,0.6346153846153845,0.0,3.916212477034907,0.05128205128205128
Scott Bentley,2000,0.0,0.013888888888888867,0.0095238095238095,1.3333333333333333,0.3333333333333333,0.3333333333333333,0.3333333333333333,0.6666666666666666,0.0,0.0,0.9803921568627452,0.0,4.003804855275444,0.047619047619047616
Scott Blanton,1996,1.3333333333333333,0.3611111111111111,0.36419753086419754,1.0826666666666667,0.3333333333333333,0.3333333333333333,0.3333333333333333,0.19047619047619047,0.6666666666666666,0.0,1.06,-0.16666666666666666,5.891784832451499,0.15151515151515152
Scott Blanton,1997,2.6666666666666665,0.5833333333333334,0.6196492442598361,1.9720000000000002,0.6666666666666666,0.6666666666666666,0.6111111111111112,0.5238095238095238,0.9166666666666666,0.0,2.0215384615384617,-0.16666666666666666,11.081441674052266,0.2571428571428571
Scott Blanton,1998,4.0,0.6136363636363636,0.6533192779298699,2.638666666666667,1.0,1.0,0.7777777777777778,0.8571428571428571,0.9166666666666666,0.0,2.906153846153846,-0.16666666666666666,15.196696789307381,0.40540540540540543
Scott Norwood,1985,1.3333333333333333,0.196969696969697,0.20462046204620463,1.02,0.3333333333333333,0.2916666666666667,0.16666666666666666,0.5333333333333333,0.0,0.0,0.9607843137254902,-0.6666666666666666,4.3740411394080585,0.10256410256410256
Scott Norwood,1986,2.5879999999999996,0.4952153110047847,0.4989467031809564,1.86,0.6666666666666666,0.625,0.5,0.7833333333333333,0.0,0.0,1.9019607843137252,-0.8333333333333334,9.085789465166133,0.28205128205128205
Scott Norwood,1987,3.921333333333333,0.6912937423773338,0.7439266228596714,2.749333333333334,1.0,0.875,0.7222222222222222,1.1833333333333333,0.0,0.0,2.8019607843137257,-1.0,13.688403371772955,0.6333333333333333
Scott Norwood,1988,3.921333333333333,1.0276573787409702,0.9826051298856315,2.8826666666666667,1.0,0.9166666666666666,0.8680555555555555,1.0944444444444443,0.0,0.0,2.821176470588236,-0.3333333333333333,15.181272312548172,0.5897435897435898
Scott Norwood,1989,3.972,1.0944911297852475,1.0917876606807042,3.0653333333333337,1.0,0.8611111111111112,0.8310185185185185,1.2888888888888888,0.0,0.0,2.84,-0.3333333333333333,15.71129730898447,0.6944444444444444
Scott Norwood,1990,3.921333333333333,1.2317460317460316,1.2453584656396706,3.096,1.0,0.8838383838383838,0.8171296296296297,1.2888888888888888,0.0,0.0,2.9,-0.5,15.884294733075938,0.75
Scott Norwood,1991,3.876,0.9841269841269842,1.18400394101195,2.7706666666666666,1.0,0.8421717171717172,0.6474867724867724,1.2148148148148146,0.5,0.0,2.92,-0.5,15.439270896278904,0.45454545454545453
Scott Sisson,1993,1.3333333333333333,0.18666666666666668,0.18095238095238095,0.7173333333333334,0.3333333333333333,0.20512820512820515,0.25,0.2222222222222222,0.0,0.0,0.7547169811320756,0.0,4.18368645610155,0.0
Scott Sisson,1994,1.3333333333333333,0.18666666666666668,0.18095238095238095,0.7173333333333334,0.3333333333333333,0.20512820512820515,0.25,0.2222222222222222,0.0,0.0,0.7547169811320756,0.0,4.18368645610155,0.06060606060606061
Scott Sisson,1995,1.3333333333333333,0.18666666666666668,0.18095238095238095,0.7173333333333334,0.3333333333333333,0.20512820512820515,0.25,0.2222222222222222,0.0,0.0,0.7547169811320756,0.0,4.18368645610155,0.027777777777777776
Scott Sisson,1996,1.3333333333333333,0.3055555555555555,0.2962962962962963,1.012,0.3333333333333333,0.3333333333333333,0.2619047619047619,0.28571428571428564,0.0,0.0,0.88,-0.16666666666666666,4.874804232804233,0.09090909090909091
Sebastian Janikowski,2000,1.3333333333333333,0.3055555555555555,0.3555555555555556,0.9173333333333332,0.3333333333333333,0.3333333333333333,0.2857142857142857,0.38095238095238093,0.0,0.0,1.0588235294117647,-0.6666666666666666,4.6372679738562095,0.09523809523809523
Sebastian Janikowski,2001,2.6666666666666665,0.6388888888888888,0.721892189218922,2.012,0.6666666666666666,0.6666666666666666,0.5857142857142857,0.8253968253968255,0.5,0.0,2.0784313725490198,-0.8333333333333334,10.528990228434608,0.34146341463414637
Sebastian Janikowski,2002,4.0,1.0157004830917873,1.1361316714195693,3.0626666666666664,1.0,0.9696969696969697,0.8773809523809524,1.2142857142857142,0.5,0.0,3.0784313725490193,-1.0,15.85429383009068,0.5333333333333333
Sebastian Janikowski,2003,3.9546666666666668,1.0434782608695652,1.0877656583476736,3.3186666666666667,1.0,0.9696969696969697,0.9249999999999999,1.4333333333333333,1.0,0.0,3.098039215686274,-0.8333333333333334,16.99731343793382,0.7142857142857143
Sebastian Janikowski,2004,3.9133333333333336,1.0889328063241106,1.0747623580176409,3.4146666666666667,1.0,0.9696969696969697,0.9166666666666666,1.5222222222222224,1.0,0.0,3.098039215686274,-0.6666666666666666,17.331653571947218,0.6666666666666666
Sebastian Janikowski,2005,3.9133333333333327,0.98989898989899,0.9435417437415218,3.2533333333333334,1.0,0.9583333333333334,0.9027777777777778,1.5222222222222221,1.0,0.0,3.0403469079939662,-0.6666666666666666,16.857120974967813,0.5777777777777777
Sebastian Janikowski,2006,3.9586666666666663,0.9065656565656566,0.8544207370834068,3.0400000000000005,1.0,0.8472222222222222,0.8421717171717171,1.5888888888888892,1.5,0.0,3.019607843137255,-0.3333333333333333,17.22421039840248,0.5
Sebastian Janikowski,2007,4.0,0.8472222222222223,0.7872230969654127,2.808,1.0,0.8472222222222222,0.8362193362193362,1.5222222222222221,2.0,0.0,3.0384615384615383,-0.3333333333333333,17.353237304979622,0.65
Sebastian Janikowski,2008,3.949333333333333,0.8657407407407408,0.7759129125142737,2.985333333333333,1.0,0.8888888888888888,0.8917748917748919,1.4666666666666668,3.0,0.0,3.171625544267054,-0.3333333333333333,18.66194297818585,0.926829268292683
Sebastian Janikowski,2009,3.949333333333333,0.9768518518518517,0.8745110433553952,3.2213333333333334,1.0,1.0,0.9523809523809524,1.3999999999999997,2.5,0.0,3.2870101596516688,-0.6666666666666666,18.494754007239873,0.9534883720930233
Sebastian Janikowski,2010,3.949333333333333,1.1157407407407407,1.0349162306432007,3.336,1.0,1.0,0.9761904761904763,1.3777777777777775,2.0714285714285716,0.0,3.3617561683599413,-0.6666666666666666,18.556476631807374,0.9318181818181818
Sebastian Janikowski,2011,4.0,1.2327777777777778,1.1276143268308283,3.4506666666666668,1.0,1.0,0.9761904761904763,1.6505050505050505,1.5714285714285714,0.0,3.4749637155297535,-0.6666666666666666,18.81747991826246,0.8947368421052632
Sebastian Janikowski,2012,4.0,1.2691025641025642,1.152976645671408,3.470666666666667,1.0,1.0,0.9761904761904763,1.7171717171717171,2.0714285714285716,0.0,3.377358490566038,-0.16666666666666666,19.868228465130777,0.9722222222222222
Sebastian Janikowski,2013,4.0,1.08,0.988921640874478,3.330666666666667,1.0,1.0,0.8888888888888888,1.7575757575757578,2.0,0.0,3.245632424877708,-0.3333333333333333,18.958352045550168,0.8
Sebastian Janikowski,2014,4.0,0.9102564102564102,0.8687677347766796,3.3013333333333335,1.0,1.0,0.8888888888888888,1.7515151515151517,2.0,0.0,3.1324248777078965,-0.6666666666666666,18.186519729811693,0.6388888888888888
Sebastian Janikowski,2015,3.9653333333333336,0.7928205128205127,0.8384671443311614,3.1626666666666665,1.0,1.0,0.8333333333333334,1.5015151515151512,1.6666666666666667,0.0,3.093990216631726,-0.8333333333333334,17.02145969196522,0.4358974358974359
Sebastian Janikowski,2016,3.8973333333333335,0.8816144349477684,0.9004257130693913,3.3346666666666667,1.0,1.0,0.9444444444444445,1.6227272727272728,1.6666666666666667,0.0,3.149545772187281,-1.0,17.397424304042826,0.5277777777777778
Sebastian Janikowski,2017,2.564,0.6380246913580248,0.6561728395061729,2.1826666666666665,0.6666666666666666,0.6666666666666666,0.6111111111111112,1.0227272727272727,1.1666666666666667,0.0,2.074074074074074,-0.5,11.748776655443322,0.3181818181818182
Sebastian Janikowski,2018,2.52,0.6768652710681696,0.6867867867867868,2.1919999999999997,0.6666666666666666,0.6666666666666666,0.6060606060606061,1.1986531986531987,1.5,0.0,2.074074074074074,-0.3333333333333333,12.454439936642835,0.30952380952380953
Shaun Suisham,2005,1.3333333333333333,0.041666666666666664,0.053459119496855334,1.0,0.3333333333333333,0.3333333333333333,0.25,0.0,0.0,0.0,0.4230769230769231,0.0,3.7682027092404446,0.1111111111111111
Shaun Suisham,2006,2.6666666666666665,0.16666666666666666,0.18118497619467464,2.090666666666667,0.6666666666666666,0.6666666666666666,0.5357142857142857,0.6666666666666666,0.5,0.0,1.4230769230769231,0.0,9.563976184985883,0.15789473684210525
Shaun Suisham,2007,3.956,0.5694444444444444,0.5233678670501317,3.1959999999999997,1.0,1.0,0.8023809523809523,1.1794871794871795,0.9,0.0,2.3846153846153846,-0.16666666666666666,15.344629161311426,0.325
Shaun Suisham,2008,3.956,0.8487654320987653,0.7584241537157416,3.1586666666666665,1.0,1.0,0.8116402116402117,1.6378205128205128,1.6500000000000001,0.0,2.904934687953556,-0.16666666666666666,17.559584998228786,0.6097560975609756
Shaun Suisham,2009,3.905333333333333,1.0015432098765433,0.9140316303512556,3.1786666666666665,1.0,0.9666666666666667,0.7640211640211639,1.6378205128205128,1.1500000000000001,0.0,2.828011611030479,-0.16666666666666666,17.179428128099953,0.5581395348837209
Shaun Suisham,2010,3.949333333333333,0.79320987654321,0.7636726388668675,3.3173333333333335,1.0,0.9666666666666667,0.8306878306878307,1.7175925925925926,1.75,0.0,2.772133526850508,-0.0,17.860629798874342,0.6818181818181818
Shaun Suisham,2011,3.949333333333333,0.778888888888889,0.7717674021959279,3.344,1.0,0.9666666666666667,0.8214285714285715,1.6228956228956228,2.0,0.0,2.79100145137881,-0.0,18.045981936787822,0.7368421052631579
Shaun Suisham,2012,4.0,0.8600854700854702,0.830463054369841,3.4373333333333336,1.0,0.9583333333333334,0.9166666666666666,1.6228956228956228,2.6666666666666665,0.0,2.849056603773585,-0.16666666666666666,18.974834084457854,0.9444444444444444
Shaun Suisham,2013,4.0,1.05025641025641,1.0030459346597886,3.4440000000000004,1.0,0.9583333333333334,0.8722222222222222,1.696969696969697,1.6666666666666667,0.0,2.8322851153039834,-0.16666666666666666,18.357112712745433,0.5714285714285714
Shaun Suisham,2014,4.0,1.1153846153846152,1.0857461099958499,3.6626666666666665,1.0,0.9326923076923078,0.9555555555555556,2.0,1.6666666666666667,0.0,2.8700209643605867,-0.16666666666666666,19.122066219655583,0.8611111111111112
Shayne Graham,2001,1.3333333333333333,0.08695652173913043,0.0825082508250825,1.0,0.3333333333333333,0.3333333333333333,0.25,0.3333333333333333,0.0,0.0,0.8039215686274511,0.0,4.556719674524998,0.0975609756097561
Shayne Graham,2002,2.6666666666666665,0.27536231884057966,0.2766830081066359,1.9626666666666666,0.6666666666666666,0.5,0.47222222222222215,0.8333333333333334,0.0,0.0,1.7843137254901962,-0.3333333333333333,9.104581274659633,0.26666666666666666
Shayne Graham,2003,4.0,0.608695652173913,0.623088236864806,3.1359999999999997,1.0,0.8333333333333334,0.8055555555555555,1.4166666666666667,0.0,0.0,2.725490196078431,-0.3333333333333333,14.815496307339373,0.3333333333333333
Shayne Graham,2004,4.0,0.9308300395256918,0.9472466527063901,3.297333333333333,1.0,0.8333333333333334,0.8333333333333334,1.6666666666666667,0.6666666666666666,0.0,2.9607843137254903,-0.3333333333333333,16.80286100595757,0.5476190476190477
Shayne Graham,2005,4.0,1.1313131313131313,1.165021580959428,3.501333333333333,1.0,1.0,0.9141414141414143,1.6851851851851851,0.6666666666666666,0.0,2.9226998491704372,-0.0,17.986361160769597,0.8888888888888888
Shayne Graham,2006,3.936,1.14520202020202,1.1768718039146535,3.4386666666666663,1.0,1.0,0.8771043771043772,1.6018518518518519,1.0,0.0,2.9622926093514335,-0.3333333333333333,17.80465599575767,0.7631578947368421
Shayne Graham,2007,3.936,1.1666666666666667,1.153685963206689,3.4933333333333336,1.0,0.9722222222222222,0.9326599326599326,1.58994708994709,1.0833333333333333,0.0,2.8461538461538463,-0.6666666666666666,17.507335720856446,0.725
Shayne Graham,2008,3.936,1.0370370370370372,0.9602236726300809,3.4933333333333336,1.0,0.9722222222222222,0.9153439153439153,1.6168831168831168,1.8833333333333335,0.0,2.7529027576197387,-0.8333333333333334,17.733946055069442,0.7073170731707317
Shayne Graham,2009,3.9546666666666668,1.0092592592592593,0.9253015542500186,3.4773333333333336,1.0,0.9419191919191919,0.8857142857142857,1.7835497835497838,2.0500000000000003,0.0,2.791364296081277,-0.8333333333333334,17.98577503744048,0.7906976744186046
Shayne Graham,2010,3.889333333333333,0.7453703703703703,0.7776697848950901,3.5946666666666665,1.0,0.9696969696969697,0.8857142857142857,1.878787878787879,1.8,0.0,2.6418722786647315,-0.6666666666666666,17.51644490146266,0.6363636363636364
Shayne Graham,2011,3.889333333333333,0.5661111111111111,0.6326287176207227,3.5706666666666664,1.0,0.9696969696969697,0.8856666666666667,1.7777777777777777,1.0,0.0,2.6984760522496374,-0.5,16.490357295122884,0.3157894736842105
Shayne Graham,2012,3.9346666666666668,0.6441025641025641,0.7092953842873894,3.564,1.0,1.0,0.9523333333333334,1.6296296296296298,0.9444444444444443,0.0,2.641509433962264,-0.3333333333333333,16.68664812309296,0.3611111111111111
Shayne Graham,2013,4.0,0.5030769230769231,0.5101694915254237,3.564,1.0,1.0,0.9523333333333334,1.6296296296296295,0.4444444444444444,0.0,2.6086652690426275,-0.16666666666666666,16.045652424385715,0.2857142857142857
Shayne Graham,2014,3.972,0.6666666666666666,0.7327001753360607,3.573333333333333,1.0,1.0,1.0,1.5851851851851853,0.9444444444444443,0.0,2.6464011180992313,-0.3333333333333333,16.787397589731587,0.3055555555555556
Shayne Graham,2015,3.972,0.4158974358974359,0.45924338521260394,3.6133333333333333,1.0,1.0,1.0,1.4000000000000001,1.0,0.0,2.684136967155835,-0.16666666666666666,16.377944454932543,0.38461538461538464
Skip Butler,1971,1.1106666666666667,0.019607843137254898,0.031007751937984468,0.26666666666666666,0.0,0.3333333333333333,0.16666666666666666,0.0,0.0,0.0,0.6530612244897959,0.0,2.5810101528983687,0.1111111111111111
Skip Butler,1972,2.361333333333333,0.2196078431372549,0.2099551203590371,1.1093333333333335,0.3333333333333333,0.5333333333333333,0.4166666666666667,0.3333333333333333,0.0,0.0,1.653061224489796,0.0,7.169957521319421,0.2777777777777778
Skip Butler,1973,3.6946666666666665,0.457703081232493,0.4439976735505265,1.9426666666666668,0.6666666666666666,0.8666666666666667,0.6666666666666666,0.5833333333333334,0.0,0.0,2.6738945578231292,-0.3333333333333333,11.662928645939482,0.5454545454545454
Skip Butler,1974,3.917333333333333,0.7108225108225108,0.6915968867866713,2.308,1.0,0.7238095238095238,0.6666666666666666,0.869047619047619,0.0,0.0,3.0208333333333335,-0.5,13.40810987379966,0.7083333333333334
Skip Butler,1975,3.8826666666666667,0.9723609723609724,0.8712993073951546,2.265333333333333,1.0,0.8201058201058201,0.5833333333333334,0.869047619047619,0.0,0.0,3.0208333333333335,-0.6666666666666666,13.618313718909567,0.782608695652174
Skip Butler,1976,3.8826666666666667,1.08982128982129,0.9615810785279896,2.2226666666666666,1.0,0.8201058201058201,0.5666666666666667,0.869047619047619,0.25,0.0,3.125,-1.0,13.787555807502718,0.7407407407407407
Skip Butler,1977,3.4386666666666668,0.8170940170940172,0.693903075102494,1.5906666666666667,1.0,0.6296296296296297,0.39999999999999997,0.5833333333333334,0.25,0.0,2.125,-0.8333333333333334,10.694960055159475,0.3870967741935484
Stephen Gostkowski,2006,1.3026666666666666,0.2777777777777778,0.32087227414330216,1.0253333333333334,0.3333333333333333,0.30303030303030304,0.2333333333333333,0.3333333333333333,1.0,0.0,1.0,0.0,6.1296803549513825,0.07894736842105263
Stephen Gostkowski,2007,2.6359999999999997,0.5694444444444445,0.7250020676536266,2.192,0.6666666666666666,0.6363636363636364,0.5296296296296296,0.7333333333333334,1.5999999999999999,0.0,1.8653846153846156,-0.16666666666666666,11.987157726809286,0.3
Stephen Gostkowski,2008,3.969333333333333,1.0138888888888888,1.139567893984159,3.392,1.0,0.9141414141414143,0.8629629629629628,1.2787878787878788,1.5999999999999999,0.0,2.8087808417997095,-0.16666666666666666,17.81279654723168,0.7560975609756098
Stephen Gostkowski,2009,4.0,1.097222222222222,1.2353622865075236,3.485333333333333,1.0,0.9444444444444445,0.9373219373219374,1.3621212121212123,1.5999999999999999,0.0,2.828011611030479,-0.3333333333333333,18.156483713647816,0.8372093023255814
Stephen Gostkowski,2010,4.0,0.9444444444444443,1.0073331219280164,3.344,1.0,0.9444444444444445,0.9267399267399267,1.4065656565656566,1.0,0.0,2.773947750362845,-0.16666666666666666,17.180808677818664,0.5454545454545454
Stephen Gostkowski,2011,4.0,0.8733333333333334,0.9967220978573713,3.2746666666666666,1.0,0.9743589743589745,0.8711843711843712,1.4065656565656566,1.5,0.0,2.773947750362845,-0.3333333333333333,17.337445516995885,0.6052631578947368
Stephen Gostkowski,2012,4.0,0.884017094017094,1.0235336920602698,3.2613333333333334,1.0,0.9743589743589745,0.8412698412698413,1.4514374514374513,1.5,0.0,2.7547169811320753,-0.3333333333333333,17.35733403427571,0.5
Stephen Gostkowski,2013,4.0,1.2323076923076923,1.2937607467452714,3.472,1.0,0.9743589743589745,0.888888888888889,1.5710955710955712,2.3333333333333335,0.0,2.943396226415094,-0.3333333333333333,19.375808099811493,0.9428571428571428
Stephen Gostkowski,2014,4.0,1.307692307692308,1.33808180655435,3.6026666666666665,1.0,1.0,0.9141414141414143,1.6410256410256412,2.8333333333333335,0.0,3.0,-0.16666666666666666,20.47027450274705,1.0
Stephen Gostkowski,2015,4.0,1.3758974358974363,1.3606529284008342,3.72,1.0,1.0,0.9696969696969697,1.750915750915751,2.5833333333333335,0.0,3.055555555555556,-0.16666666666666666,20.649385307133212,1.0
Stephen Gostkowski,2016,3.9186666666666667,1.2220512820512823,1.2671030225627924,3.6093333333333333,1.0,1.0,0.8956228956228957,1.786813186813187,2.125,0.0,3.0370370370370368,-0.16666666666666666,19.694960757420528,0.9722222222222222
Stephen Gostkowski,2017,3.861333333333333,1.2476923076923079,1.2958913806773131,3.5813333333333333,1.0,1.0,0.9259259259259259,1.6562770562770563,1.925,0.0,3.1851851851851856,-0.16666666666666666,19.51197185575779,0.9090909090909091
Stephen Gostkowski,2018,3.8346666666666667,1.1989966555183946,1.2202323883516544,3.484,1.0,1.0,0.9259259259259259,1.5292929292929294,1.9750000000000003,0.0,3.092592592592592,-0.0,19.260707158348165,0.8333333333333334
Stephen Gostkowski,2019,3.56,0.9671125975473802,0.9690419121611783,3.5253333333333337,1.0,1.0,1.0,1.2626262626262625,1.6000000000000003,0.0,2.8703703703703702,-0.0,17.754484476038524,0.5714285714285714
Stephen Gostkowski,2020,3.5613333333333332,0.7327536231884059,0.7922779922779922,3.2146666666666666,1.0,0.8888888888888888,0.9333333333333332,1.111111111111111,1.3,0.0,2.722222222222222,-0.0,16.256587171021952,0.5306122448979592
Stephen Hauschka,2008,0.0,0.012345679012345666,0.008403361344537801,0.6666666666666666,0.3333333333333333,0.3333333333333333,0.16666666666666666,0.3333333333333333,0.0,0.0,1.018867924528302,0.0,2.872950298218519,0.07317073170731707
Stephen Hauschka,2009,1.2853333333333332,0.13734567901234565,0.1884033613445378,1.5893333333333333,0.6666666666666666,0.6666666666666666,0.4047619047619048,0.7333333333333334,0.0,0.0,1.8650217706821481,0.0,7.536866049134269,0.18604651162790697
Stephen Hauschka,2010,2.6186666666666665,0.220679012345679,0.27645367580994656,2.7319999999999998,1.0,1.0,0.7380952380952381,1.1777777777777778,0.0,0.0,2.7329462989840345,-0.0,12.496618669679343,0.29545454545454547
Stephen Hauschka,2011,3.952,0.5416666666666666,0.5759599189851828,3.1759999999999997,1.0,0.9444444444444445,0.8714285714285714,1.4277777777777778,0.7142857142857143,0.0,2.695210449927431,-0.16666666666666666,15.732106876849121,0.23684210526315788
Stephen Hauschka,2012,3.9440000000000004,0.7243589743589745,0.7379889044924292,3.4386666666666663,1.0,0.9444444444444445,0.9666666666666667,1.6944444444444444,1.0476190476190477,0.0,2.8301886792452824,-0.16666666666666666,17.16171116127129,0.4444444444444444
Stephen Hauschka,2013,3.9440000000000004,1.064102564102564,1.0538933922869074,3.5533333333333332,1.0,0.9141414141414143,0.9666666666666667,1.861111111111111,2.0476190476190474,0.0,2.943745632424878,-0.5,18.848613161685922,0.7142857142857143
Stephen Hauschka,2014,3.9440000000000004,1.1282051282051284,1.131041259031501,3.56,1.0,0.9696969696969697,1.0,1.7393162393162394,2.3333333333333335,0.0,3.056953179594689,-0.3333333333333333,19.529212775844528,0.9166666666666666
Stephen Hauschka,2015,3.8786666666666663,1.2071794871794872,1.1809875821662301,3.6213333333333337,1.0,0.9696969696969697,1.0,1.5911680911680912,2.714285714285714,0.0,3.0758211041229906,-0.3333333333333333,19.905805615286152,0.9487179487179487
Stephen Hauschka,2016,3.6506666666666665,1.1915099715099717,1.1325883354618986,3.5533333333333332,1.0,0.9487179487179488,1.0,1.5133903133903133,2.714285714285714,0.0,3.0758211041229906,-0.0,19.780313387488835,1.0
Stephen Hauschka,2017,3.6506666666666665,1.1658689458689457,1.1022709253596104,3.608,1.0,0.9487179487179488,1.0,1.5703703703703704,2.714285714285714,0.0,3.0185185185185186,-0.16666666666666666,19.612032423121107,0.9545454545454546
Stephen Hauschka,2018,3.7213333333333334,1.0980428589124243,0.9835688899909084,3.409333333333333,1.0,0.9487179487179488,1.0,1.5185185185185184,2.4,0.0,3.0185185185185186,-0.5,18.598033401324987,0.7619047619047619
Stephen Hauschka,2019,3.8666666666666667,1.0094760312151616,0.9327752391972576,3.2680000000000002,1.0,1.0,0.9583333333333334,1.5851851851851853,1.9000000000000001,0.0,2.981481481481481,-0.5,18.001917937079085,0.6190476190476191
Stephen Hauschka,2020,3.8666666666666667,0.6376811594202899,0.5840411840411841,2.096,1.0,0.6666666666666666,0.625,1.0666666666666667,0.9,0.0,1.9444444444444444,-0.3333333333333333,13.053833454572585,0.40816326530612246
Steve Christie,1990,1.3333333333333333,0.3833333333333333,0.34782608695652173,1.136,0.3333333333333333,0.3333333333333333,0.25641025641025644,0.5333333333333333,1.0,0.0,1.08,0.0,6.736903010033447,0.09375
Steve Christie,1991,2.6666666666666665,0.6214285714285714,0.5804649758454107,2.1359999999999997,0.6666666666666666,0.6666666666666666,0.46853146853146854,1.0333333333333334,1.0,0.0,2.022307692307692,-0.16666666666666666,11.69539937477981,0.30303030303030304
Steve Christie,1992,3.969333333333333,1.0424812030075188,0.9926513557737261,3.202666666666667,1.0,1.0,0.6351981351981352,1.6166666666666665,1.5999999999999999,0.0,3.0607692307692305,-0.5,17.619766591415278,0.78125
Steve Christie,1993,3.9333333333333336,0.9658145363408521,0.9781586021505375,3.0253333333333337,1.0,0.9333333333333332,0.712121212121212,1.5277777777777777,0.7666666666666666,0.0,3.093976777939042,-0.8333333333333334,16.103182239662758,0.4666666666666667
Steve Christie,1994,3.933333333333333,1.0913556618819775,1.1196693731255942,3.1680000000000006,1.0,0.9055555555555556,0.7857142857142857,1.503968253968254,1.7666666666666666,0.0,3.1916690856313497,-0.8333333333333334,17.632598882543682,0.8181818181818182
Steve Christie,1995,3.888,1.100858585858586,1.0928040941147101,3.1346666666666665,1.0,0.8817460317460318,0.9079365079365079,1.253968253968254,1.5666666666666667,0.0,3.1532075471698113,-0.6666666666666666,17.31318768746057,0.6666666666666666
Steve Christie,1996,3.924,1.1275252525252526,1.0835448348554506,3.28,1.0,0.8928571428571428,0.8603174603174604,1.392857142857143,1.4000000000000001,0.0,3.0,-0.5,17.461101833412453,0.8181818181818182
Steve Christie,1997,3.924,1.0972222222222223,0.9991148011597296,3.204,1.0,0.9206349206349206,0.8246031746031747,1.45,0.9,0.0,3.0176923076923075,-0.5,16.837267426312355,0.6
Steve Christie,1998,4.0,1.1666666666666667,1.0851741716227696,3.2439999999999998,1.0,0.888888888888889,0.8214285714285715,1.662121212121212,0.8333333333333334,0.0,3.0176923076923075,-0.3333333333333333,17.385971818420416,0.6216216216216216
Steve Christie,1999,4.0,1.1805555555555556,1.1007227390581296,3.1199999999999997,1.0,0.9444444444444445,0.769047619047619,1.3010101010101012,1.8333333333333333,0.0,3.0773001508295628,-0.16666666666666666,18.159747276612077,0.8461538461538461
Steve Christie,2000,4.0,1.2083333333333333,1.1570348589216513,3.044,1.0,0.8931623931623932,0.7412698412698413,1.2292152292152292,1.8333333333333333,0.0,2.9607843137254903,-0.0,18.06713330296127,0.8571428571428571
Steve Christie,2001,4.0,0.8387681159420289,0.794565278630289,3.0613333333333332,1.0,0.9487179487179488,0.6555555555555556,1.3504273504273503,1.5,0.0,2.7647058823529407,-0.0,16.914073464959447,0.5609756097560976
Steve Christie,2002,3.962666666666667,0.7524154589371981,0.7429685270884926,3.0039999999999996,1.0,0.9487179487179488,0.7000000000000001,1.4245014245014245,0.8333333333333334,0.0,2.784313725490197,-0.5,15.652917084735263,0.4888888888888889
Steve Christie,2003,3.962666666666667,0.6185770750988142,0.6616426634096876,3.013333333333333,1.0,1.0,0.8111111111111112,1.2486772486772486,0.3333333333333333,0.0,2.8431372549019613,-0.6666666666666666,14.82581201986549,0.35714285714285715
Steve Christie,2004,3.962666666666667,0.8214756258234518,0.8827317723205788,2.9706666666666663,1.0,1.0,0.8611111111111112,0.9629629629629628,0.3333333333333333,0.0,3.0784313725490207,-0.6666666666666666,15.206712844767125,0.35714285714285715
Steve Cox,1981,0.0,0.0,0.0,0.0,0.3333333333333333,0.3333333333333333,0.0,0.0,0.0,0.0,0.0,0.0,0.6666666666666666,0.0
Steve Cox,1982,0.0,0.0,0.0,0.0,0.6666666666666666,0.6666666666666666,0.0,0.0,0.0,0.0,0.0,0.0,1.3333333333333333,0.0
Steve Cox,1983,0.0,0.0185185185185185,0.0101010101010101,1.3333333333333333,1.0,1.0,0.3333333333333333,0.6666666666666666,1.0,0.0,1.1372549019607845,-0.0,6.499207763913645,0.22857142857142856
Steve Cox,1984,0.0,0.03518518518518517,0.020101010101010102,1.7773333333333332,1.0,1.0,0.4443333333333333,0.8886666666666666,1.3333333333333333,0.0,2.291101055806938,-0.0,8.7900539177598,0.2571428571428571
Steve Cox,1985,0.0,0.03518518518518517,0.020101010101010102,1.7773333333333332,1.0,1.0,0.4443333333333333,0.8886666666666666,1.3333333333333333,0.0,2.291101055806938,-0.0,8.7900539177598,0.358974358974359
Steve Cox,1986,0.0,0.06929824561403507,0.04191489361702127,1.1106666666666667,1.0,1.0,0.2776666666666667,0.8886666666666666,0.7333333333333334,0.0,2.2714932126696827,-0.0,7.393039685234072,0.20512820512820512
Steve Cox,1987,1.3333333333333333,0.07223942208462329,0.05601127915918993,1.3333333333333333,1.0,1.0,0.3333333333333333,1.3333333333333333,0.4000000000000001,0.0,1.9176470588235297,-0.0,8.779231093400677,0.5333333333333333
Steve Mike-Mayer,1975,1.1613333333333333,0.358974358974359,0.2911392405063291,0.6666666666666666,0.3333333333333333,0.25925925925925924,0.1111111111111111,0.28571428571428564,0.1428571428571428,0.0,1.125,0.0,4.735388731755822,0.21739130434782608
Steve Mike-Mayer,1976,2.3173333333333335,0.7145299145299147,0.6244725738396625,1.428,0.6666666666666666,0.46759259259259256,0.27777777777777773,0.619047619047619,0.1428571428571428,0.0,2.0625,-0.16666666666666666,9.154110953978043,0.4074074074074074
Steve Mike-Mayer,1977,3.5239999999999996,0.9196581196581196,0.8594452514352909,1.9893333333333334,1.0,0.6009259259259259,0.42063492063492064,0.9047619047619047,0.1428571428571428,0.0,3.0625,-0.3333333333333333,13.090783265273304,0.5806451612903226
Steve Mike-Mayer,1978,3.696,0.7035409035409036,0.7304681730911239,1.9386666666666665,1.0,0.5638888888888889,0.5317460317460317,0.619047619047619,0.25,0.0,3.001329787234042,-0.3333333333333333,12.70135473688194,0.5625
Steve Mike-Mayer,1979,3.828,0.63003663003663,0.6612041038270546,1.9106666666666667,1.0,0.5936507936507937,0.6317460317460317,0.45238095238095233,0.25,0.0,2.936170212765957,-0.3333333333333333,12.560522057740753,0.5945945945945946
Steve Mike-Mayer,1980,3.868,0.6749084249084248,0.7435005025366471,2.0453333333333332,1.0,0.7380952380952381,0.6138888888888889,0.5476190476190476,0.25,0.0,2.8945035460992905,-0.5,12.875848981480871,0.47058823529411764
Teddy Garcia,1988,0.9173333333333332,0.09999999999999999,0.09965635738831613,0.616,0.3333333333333333,0.2222222222222222,0.1111111111111111,0.26666666666666666,0.5,0.0,1.0,-0.16666666666666666,3.999656357388316,0.1282051282051282
Teddy Garcia,1989,2.2506666666666666,0.11587301587301586,0.1382528486163863,0.8826666666666667,0.6666666666666666,0.5555555555555555,0.19444444444444442,0.4000000000000001,0.5,0.0,1.7,-0.16666666666666666,7.2374591978227345,0.19444444444444445
Teddy Garcia,1990,3.489333333333333,0.34920634920634913,0.3846296602105892,1.8159999999999998,1.0,0.8888888888888888,0.4611111111111111,0.8761904761904763,0.5,0.0,2.6799999999999997,-0.16666666666666666,12.27869315227408,0.3125
Tim Mazzetti,1978,1.3333333333333333,0.30952380952380953,0.25675675675675674,1.0826666666666667,0.3333333333333333,0.3333333333333333,0.2222222222222222,0.5413333333333333,0.0,0.0,0.8297872340425533,0.0,5.242290022545341,0.25
Tim Mazzetti,1979,2.4506666666666668,0.6428571428571429,0.5597870597870598,1.776,0.6666666666666666,0.6060606060606061,0.27777777777777773,0.8270476190476191,0.0,0.0,1.8510638297872342,0.0,9.657927368650773,0.4864864864864865
Tim Mazzetti,1980,3.702666666666667,1.0386904761904763,0.9734416782609555,2.7146666666666666,1.0,0.9393939393939394,0.4682539682539682,1.1603809523809525,0.5,0.0,2.8927304964539005,-0.0,15.390224844267527,0.7941176470588235
Tim Seder,2000,1.3333333333333333,0.34722222222222227,0.3238095238095238,1.0106666666666666,0.3333333333333333,0.2777777777777778,0.27272727272727276,0.4615384615384615,0.0,0.0,0.9411764705882352,-0.16666666666666666,5.13491839533016,0.16666666666666666
Tim Seder,2001,2.6666666666666665,0.5066425120772947,0.47232437529467236,1.8733333333333333,0.6666666666666666,0.6111111111111112,0.4727272727272727,0.7948717948717948,0.0,0.0,1.8431372549019607,-0.5,9.407480987650773,0.2926829268292683
Tim Seder,2002,4.0,0.6225845410628019,0.5855929837089118,2.7626666666666666,1.0,0.9444444444444445,0.694949494949495,1.1282051282051282,0.0,0.0,2.6862745098039214,-0.5,13.924717768841369,0.4222222222222222
Todd Peterson,1994,1.3333333333333333,0.0303030303030303,0.03401360544217687,0.6666666666666666,0.3333333333333333,0.3333333333333333,0.3333333333333333,0.0,0.0,0.0,0.6999999999999998,0.0,3.764316635745207,0.030303030303030304
Todd Peterson,1995,2.6666666666666665,0.34974747474747475,0.36734693877551017,1.7613333333333332,0.6666666666666666,0.6666666666666666,0.6333333333333333,0.5333333333333333,0.0,0.0,1.6607843137254903,0.0,9.305878727248475,0.16666666666666666
Todd Peterson,1996,4.0,0.7386363636363636,0.7099395313681027,2.86,1.0,0.9487179487179488,0.9666666666666667,1.0181818181818183,0.6666666666666666,0.0,2.74078431372549,-0.0,15.649593308963057,0.3333333333333333
Todd Peterson,1997,4.0,1.013888888888889,0.996798200069228,3.2413333333333334,1.0,0.9487179487179488,0.8666666666666667,1.4943722943722946,1.1666666666666667,0.0,3.0407843137254904,-0.16666666666666666,17.60256164577385,0.8285714285714286
Todd Peterson,1998,4.0,0.9823232323232324,0.9934311967022248,3.202666666666667,1.0,0.9487179487179488,0.8333333333333334,1.6277056277056279,1.5952380952380951,0.0,3.0607692307692305,-0.3333333333333333,17.910851998123025,0.7837837837837838
Todd Peterson,1999,4.0,1.0656565656565655,1.0722222519083744,3.2373333333333334,1.0,1.0,0.7424242424242425,1.7261904761904763,1.4285714285714286,0.0,2.9807692307692313,-0.6666666666666666,17.586500862186984,0.6923076923076923
Todd Peterson,2000,4.0,0.9684343434343435,0.9735721999872943,3.189333333333334,1.0,1.0,0.7683501683501683,1.5166666666666666,1.9285714285714286,0.0,2.8042986425339365,-0.5,17.64922678287717,0.7619047619047619
Todd Peterson,2001,3.952,1.0718599033816425,1.0000415135853207,3.1613333333333333,1.0,0.9393939393939394,0.8016835016835017,1.2944444444444445,2.5,0.0,2.823529411764706,-0.3333333333333333,18.210952714253555,0.8780487804878049
Todd Peterson,2002,3.9013333333333335,0.7735507246376812,0.7760688690228247,2.7893333333333334,1.0,0.8282828282828283,0.7592592592592592,0.9968253968253968,2.0,0.0,2.725490196078431,-0.0,16.55014394077309,0.6444444444444445
Todd Peterson,2003,3.844,0.7470355731225297,0.7433891304607331,2.856,1.0,0.733044733044733,0.8333333333333334,1.3968253968253965,1.0,0.0,2.843137254901961,-0.0,15.996765421688687,0.5476190476190477
Todd Peterson,2004,3.8919999999999995,0.6284584980237155,0.6436201535630434,2.9186666666666667,1.0,0.7936507936507936,0.8250000000000001,1.507936507936508,0.5,0.0,2.843137254901961,-0.16666666666666666,15.385803208076021,0.40476190476190477
Todd Peterson,2005,3.9426666666666663,0.7739898989898991,0.77325317548403,3.3840000000000003,1.0,0.8714285714285714,0.9583333333333334,1.7222222222222223,0.9,0.0,2.768099547511312,-0.16666666666666666,16.927326748969367,0.6
Toni Fritsch,1971,1.3333333333333333,0.0980392156862745,0.06589147286821703,0.8333333333333334,0.3333333333333333,0.3333333333333333,0.0,0.2222222222222222,0.0,0.0,0.9387755102040817,-0.16666666666666666,3.991595087647463,0.4444444444444444
Toni Fritsch,1972,2.6666666666666665,0.44803921568627453,0.41325989392084855,1.6106666666666667,0.6666666666666666,0.6666666666666666,0.16666666666666666,0.47863247863247854,0.3333333333333333,0.0,2.0408163265306123,-0.16666666666666666,9.324747914770215,0.5
Toni Fritsch,1973,4.0,0.7337535014005602,0.7572315251265223,2.468,1.0,0.9523809523809524,0.27777777777777773,0.47863247863247854,0.3333333333333333,0.0,2.8116496598639458,-0.16666666666666666,13.646092561848905,0.7272727272727273
Toni Fritsch,1974,2.6666666666666665,0.6357142857142857,0.6913400522583052,1.6346666666666667,0.6666666666666666,0.6190476190476191,0.27777777777777773,0.2564102564102564,0.3333333333333333,0.0,1.8728741496598638,0.0,9.654497474201442,0.5
Toni Fritsch,1975,2.6,0.8498168498168498,0.7827901966065176,1.696,0.6666666666666666,0.5952380952380952,0.25925925925925924,0.2222222222222222,0.0,0.0,1.6666666666666667,-0.3333333333333333,9.005326623142944,0.43478260869565216
Toni Fritsch,1976,2.3146666666666667,0.6974358974358975,0.5694491960314745,1.5053333333333334,0.6666666666666666,0.4761904761904762,0.3148148148148148,0.5555555555555555,0.0,0.0,1.8958333333333333,-0.5,8.49594594002822,0.37037037037037035
Toni Fritsch,1977,3.5813333333333333,1.005128205128205,0.8699956441189062,2.505333333333333,1.0,0.753968253968254,0.5925925925925927,0.8888888888888888,0.0,0.0,2.874556737588653,-0.8333333333333334,13.238463655618835,0.6129032258064516
Toni Fritsch,1978,3.606666666666667,0.7743589743589744,0.7600059075468911,2.704,1.0,0.6666666666666666,0.7037037037037037,1.1666666666666667,0.0,0.0,3.0212765957446805,-0.5,13.903345181354252,0.75
Toni Fritsch,1979,3.829333333333333,1.1794871794871795,1.079591727132711,3.1573333333333333,1.0,0.8333333333333334,0.8148148148148149,1.3,1.0,0.0,3.106382978723404,-0.6666666666666666,16.633610033491443,0.972972972972973
Toni Fritsch,1980,3.8466666666666662,1.267628205128205,1.1123786123786126,3.2133333333333334,1.0,0.8148148148148148,0.8287037037037037,1.4111111111111112,1.0,0.0,3.0859929078014185,-0.3333333333333333,17.247296021604534,1.0
Toni Fritsch,1981,3.809333333333333,1.1974527665317138,1.059535446632221,3.0853333333333333,1.0,0.8425925925925926,0.9027777777777778,1.27008547008547,2.0,0.0,3.063847879577363,-0.5,17.730958599863808,1.0
Toni Fritsch,1982,3.724,0.7923245614035088,0.7400379506641367,2.7266666666666666,1.0,0.6759259259259259,0.625,1.2478632478632479,1.0,0.0,2.8537414965986394,-0.3333333333333333,15.05222651578879,0.6842105263157895
Toni Linhart,1972,1.3333333333333333,0.03333333333333333,0.038596491228070164,0.5333333333333333,0.3333333333333333,0.16666666666666666,0.13333333333333333,0.0,0.0,0.0,0.4081632653061224,0.0,2.9800930898675264,0.05555555555555555
Toni Linhart,1973,1.3333333333333333,0.03333333333333333,0.038596491228070164,0.5333333333333333,0.3333333333333333,0.16666666666666666,0.13333333333333333,0.0,0.0,0.0,0.4081632653061224,0.0,2.9800930898675264,0.045454545454545456
Toni Linhart,1974,2.6666666666666665,0.396969696969697,0.3271537051584184,1.3333333333333333,0.6666666666666666,0.5,0.26666666666666666,0.2222222222222222,0.0,0.0,1.3864241348713398,0.0,7.766103092555011,0.375
Toni Linhart,1975,2.6413333333333333,0.62004662004662,0.6303293658290824,1.5413333333333334,0.6666666666666666,0.3333333333333333,0.3666666666666667,0.4444444444444444,0.0,0.0,1.8532608695652175,-0.16666666666666666,8.930747966552032,0.391304347826087
Toni Linhart,1976,3.948,1.0644910644910646,1.1213203568200734,2.5293333333333337,1.0,0.6666666666666666,0.6696969696969698,0.5396825396825397,0.0,0.0,2.7074275362318843,-0.16666666666666666,14.079951800255865,0.8148148148148148
Toni Linhart,1977,3.8333333333333335,1.1367521367521367,1.2863150554580312,2.6013333333333333,1.0,0.5416666666666666,0.7744588744588746,0.784126984126984,0.0,0.0,2.686613475177305,-0.5,14.144599859306664,0.8064516129032258
Toni Linhart,1978,3.686666666666667,1.0708180708180708,1.1742726332890268,2.488,1.0,0.875,0.6522366522366523,0.673015873015873,0.0,0.0,2.68395390070922,-0.5,13.80396379673551,0.71875
Toni Linhart,1979,3.4173333333333336,0.7802197802197801,0.8218097808261743,2.0719999999999996,0.6666666666666666,0.7916666666666666,0.4920634920634921,0.5777777777777777,0.0,0.0,2.6595744680851063,-0.5,11.779111965638998,0.5405405405405406
Tony Franklin,1979,1.2306666666666668,0.5897435897435898,0.45454545454545453,0.9893333333333333,0.3333333333333333,0.3333333333333333,0.2916666666666667,0.4666666666666666,0.42857142857142855,0.0,1.25531914893617,-0.3333333333333333,6.03984628846331,0.32432432432432434
Tony Franklin,1980,2.564,0.923076923076923,0.8400876232201533,1.6773333333333333,0.6666666666666666,0.4666666666666666,0.5037878787878788,0.6333333333333333,0.7619047619047619,0.0,2.3178191489361697,-0.5,10.854676335925888,0.4117647058823529
Tony Franklin,1981,3.8346666666666667,1.273954116059379,1.2020947916789346,2.537333333333333,1.0,0.7999999999999999,0.7630471380471381,0.9923076923076923,1.0119047619047619,0.0,3.3382273122014756,-0.5,16.253535812199384,0.9090909090909091
Tony Franklin,1982,3.830666666666667,0.8842105263157894,1.0155231933426305,2.4373333333333336,1.0,0.7999999999999999,0.8047138047138046,1.058974358974359,0.5833333333333334,0.0,3.062074829931973,-0.3333333333333333,15.143496713278559,0.7368421052631579
Tony Franklin,1983,3.6826666666666665,0.8286549707602339,0.862304256991164,2.518666666666667,1.0,1.0,0.8148148148148148,1.058974358974359,0.5833333333333334,0.0,3.0191826730692277,-0.16666666666666666,15.201931074609801,0.6857142857142857
Tony Franklin,1984,3.7453333333333334,0.8444444444444446,0.8602970885323827,2.706666666666667,1.0,1.0,0.746031746031746,1.2,0.3333333333333333,0.0,2.9218514328808447,-1.0,14.357958045222752,0.4857142857142857
Tony Franklin,1985,3.8200000000000003,1.0080808080808081,0.9619601960196021,2.8840000000000003,1.0,0.9259259259259259,0.746031746031746,1.037037037037037,1.3333333333333333,0.0,2.9230769230769234,-0.8333333333333334,15.80611263617204,0.6666666666666666
Tony Franklin,1986,3.9386666666666663,1.29170653907496,1.2260908644055897,3.154666666666667,1.0,0.9259259259259259,0.8179271708683474,1.2453703703703705,1.0,0.0,2.864253393665159,-1.0,16.464607597643685,0.7692307692307693
Tony Franklin,1987,3.904,1.219157519467117,1.1954081334818947,2.876,1.0,0.9259259259259259,0.8092691622103386,1.031084656084656,1.3333333333333333,0.0,2.9411764705882355,-0.5,16.735355201091497,0.9
Tony Franklin,1988,3.7453333333333334,0.9221878224974199,0.8876268398886178,2.2946666666666666,1.0,0.8333333333333334,0.642602495543672,0.6607142857142857,0.5833333333333334,0.0,2.9807843137254904,-0.5,14.05058242403615,0.4358974358974359
Tony Zendejas,1985,1.2466666666666668,0.3181818181818182,0.3036303630363036,1.0373333333333334,0.3333333333333333,0.2857142857142857,0.24242424242424243,0.4444444444444444,1.0,0.0,1.0196078431372548,-0.3333333333333333,5.89800299693835,0.3076923076923077
Tony Zendejas,1986,2.534666666666667,0.70414673046252,0.6369636963696369,2.124,0.6666666666666666,0.6190476190476191,0.5016835016835017,1.0158730158730158,1.3333333333333333,0.0,2.019607843137255,-0.5,11.655989073240216,0.4358974358974359
Tony Zendejas,1987,3.828,1.0963035932076182,1.0064416080162233,3.1493333333333333,1.0,0.9523809523809524,0.7239057239057239,1.4603174603174602,2.3333333333333335,0.0,3.0596078431372553,-0.6666666666666666,17.942957180965234,0.9833333333333333
Tony Zendejas,1988,3.861333333333333,1.1447884416924665,1.0945638222995073,2.9746666666666663,1.0,0.8666666666666667,0.773148148148148,1.3908730158730158,1.8333333333333333,0.0,3.08,-0.5,17.51937342801314,0.9487179487179487
Tony Zendejas,1989,3.9066666666666663,1.1556489262371616,1.1647392608959986,2.7893333333333334,1.0,0.8296296296296296,0.7281746031746031,1.1224747474747474,2.5,0.0,3.1199999999999997,-0.6666666666666666,17.650000500745474,0.9166666666666666
Tony Zendejas,1990,3.8826666666666667,0.8801587301587301,0.9438120738870933,2.541333333333333,1.0,0.7185185185185184,0.705952380952381,1.0113636363636365,1.5,0.0,2.9800000000000004,-0.5,15.66380533988036,0.53125
Tony Zendejas,1991,3.885333333333333,0.7833333333333332,0.8159483854563945,3.012,1.0,0.8518518518518517,0.7476190476190476,1.303030303030303,2.0,0.0,2.901538461538461,-0.5,16.800654716162725,0.7575757575757576
Tony Zendejas,1992,3.885333333333333,0.6496658312447786,0.7099306529530933,3.110666666666667,1.0,0.8055555555555555,0.7925925925925926,1.4000000000000001,1.0,0.0,2.803846153846154,-0.16666666666666666,15.990924119525507,0.625
Tony Zendejas,1993,3.8426666666666662,0.7463324979114452,0.7867767537122375,3.261333333333333,1.0,0.8690476190476191,0.8592592592592593,1.0666666666666667,1.75,0.0,2.9227140783744563,-0.5,16.604796874971683,0.6666666666666666
Tony Zendejas,1994,3.893333333333333,0.7492185007974482,0.8017994294491991,2.972,1.0,0.8690476190476191,0.8116402116402116,0.5333333333333333,0.75,0.0,2.901175616835994,-0.8333333333333334,14.448214711103807,0.3939393939393939
Tony Zendejas,1995,3.670666666666667,0.5277272727272727,0.5471218456801681,2.6386666666666665,1.0,0.9523809523809524,0.6634920634920635,0.5777777777777778,0.75,0.0,2.841220865704772,-0.8333333333333334,13.33572077776301,0.3055555555555556
Travis Coons,2015,1.2226666666666668,0.37333333333333335,0.32716049382716056,1.1666666666666667,0.3333333333333333,0.3333333333333333,0.3333333333333333,0.5185185185185185,0.8000000000000002,0.0,0.8703703703703703,-0.16666666666666666,6.112049382716049,0.20512820512820512
Travis Coons,2016,1.2226666666666668,0.37333333333333335,0.32716049382716056,1.1666666666666667,0.3333333333333333,0.3333333333333333,0.3333333333333333,0.5185185185185185,0.8000000000000002,0.0,0.8703703703703703,-0.16666666666666666,6.112049382716049,0.027777777777777776
Travis Coons,2017,2.3333333333333335,0.4630769230769231,0.40667119719107486,2.3333333333333335,0.6666666666666666,0.6666666666666666,0.5555555555555555,1.1851851851851851,1.3,0.0,1.6111111111111114,-0.16666666666666666,11.354933305453182,0.29545454545454547
Tristan Vizcaino,2020,1.3333333333333333,0.04,0.03303303303303303,1.3333333333333333,0.3333333333333333,0.3333333333333333,0.3333333333333333,0.6666666666666666,0.0,0.0,0.8545454545454545,0.0,5.260911820911821,0.14285714285714285
Tristan Vizcaino,2021,2.2226666666666666,0.11692307692307691,0.1108108108108108,2.476,0.6666666666666666,0.6666666666666666,0.6666666666666666,1.0,0.0,0.0,1.6909090909090907,0.0,9.617309645309646,0.3
Tristan Vizcaino,2022,3.5559999999999996,0.14161443494776824,0.13689776733254994,3.8093333333333335,1.0,1.0,1.0,1.6666666666666667,0.0,0.0,2.512337662337662,-0.0,14.82284986461798,0.41304347826086957
Uwe Von Schamann,1979,1.2,0.5384615384615384,0.4285714285714286,0.9653333333333333,0.3333333333333333,0.3333333333333333,0.2142857142857143,0.3333333333333333,0.6666666666666666,0.0,1.127659574468085,-0.3333333333333333,5.807644922453432,0.2972972972972973
Uwe Von Schamann,1980,2.533333333333333,0.8301282051282052,0.725760183591509,1.7773333333333332,0.6666666666666666,0.6333333333333333,0.4142857142857143,0.6,0.6666666666666666,0.0,2.127659574468085,-0.3333333333333333,10.641833677473512,0.38235294117647056
Uwe Von Schamann,1981,3.8320000000000003,1.2511808367071524,1.1164411871757383,2.8093333333333335,1.0,0.9666666666666667,0.7198412698412698,0.8666666666666667,0.6666666666666666,0.0,3.066435084672167,-0.3333333333333333,15.961898378396327,0.8181818181818182
Uwe Von Schamann,1982,3.905333333333333,1.212719298245614,1.1192423076239175,2.844,1.0,0.9296296296296296,0.7722222222222223,0.9333333333333332,0.0,0.0,2.917942176870748,-0.16666666666666666,15.467755634592132,0.7894736842105263
Uwe Von Schamann,1983,3.8226666666666667,1.2543859649122806,1.1553868859371705,2.921333333333333,1.0,0.9629629629629629,0.7805555555555556,1.0,0.4000000000000001,0.0,2.9375500200080027,-0.5,15.734841389375973,0.7428571428571429
Uwe Von Schamann,1984,3.781333333333333,0.9833333333333334,1.0747058823529414,2.521333333333333,1.0,0.9629629629629629,0.6083333333333333,0.7333333333333334,0.4000000000000001,0.0,2.710312971342383,-0.6666666666666666,14.108981816658286,0.42857142857142855
Wade Richey,1998,1.2813333333333332,0.27272727272727276,0.34680134680134683,0.8893333333333334,0.3333333333333333,0.3,0.25,0.30769230769230765,0.0,0.0,0.8846153846153846,-0.16666666666666666,4.699169645169645,0.16216216216216217
Wade Richey,1999,2.5719999999999996,0.5643939393939394,0.6392541769900261,2.106666666666667,0.6666666666666666,0.6333333333333333,0.5416666666666666,0.8632478632478633,1.0,0.0,1.9042232277526392,-0.16666666666666666,11.324785874051136,0.2564102564102564
Wade Richey,2000,3.8466666666666662,0.7727272727272728,0.9186192563551053,3.0160000000000005,1.0,0.919047619047619,0.7916666666666666,1.1965811965811965,2.0,0.0,2.82579185520362,-0.16666666666666666,17.120433866581482,0.5952380952380952
Wade Richey,2001,3.8986666666666667,0.8043478260869565,0.8655472824910523,3.0013333333333336,1.0,0.9079365079365079,0.7321428571428571,1.1746031746031746,2.0,0.0,2.9411764705882355,-0.0,17.32575411884878,0.6829268292682927
Wade Richey,2002,2.608,0.5126811594202899,0.5730944523023731,1.784,0.6666666666666666,0.5746031746031747,0.44047619047619047,0.619047619047619,1.0,0.0,1.9215686274509804,0.0,10.700137889967294,0.3333333333333333
Wade Richey,2003,1.3333333333333333,0.3194993412384717,0.30353329450592115,1.5413333333333334,0.6666666666666666,0.6222222222222222,0.35714285714285715,0.619047619047619,0.5,0.0,2.0980392156862746,0.0,8.3608178831767,0.19047619047619047
Wes Welker,2004,1.3333333333333333,0.015151515151515133,0.013333333333333334,1.3333333333333333,0.3333333333333333,0.3333333333333333,0.3333333333333333,0.6666666666666666,0.0,0.0,0.5686274509803921,0.0,4.930445632798574,0.023809523809523808
Wes Welker,2005,1.3333333333333333,0.015151515151515133,0.013333333333333334,1.3333333333333333,0.3333333333333333,0.3333333333333333,0.3333333333333333,0.6666666666666666,0.0,0.0,0.5686274509803921,0.0,4.930445632798574,0.17777777777777778
Wes Welker,2006,1.3333333333333333,0.015151515151515133,0.013333333333333334,1.3333333333333333,0.3333333333333333,0.3333333333333333,0.3333333333333333,0.6666666666666666,0.0,0.0,0.5686274509803921,0.0,4.930445632798574,0.02631578947368421
Wes Welker,2007,0.0,0.0,0.0,0.0,0.0,0.0,0.0,0.0,0.0,0.0,0.0,0.0,0.0,0.0
Wes Welker,2008,0.0,0.0,0.0,0.0,0.0,0.0,0.0,0.0,0.0,0.0,0.0,0.0,0.0,0.0
Wes Welker,2009,0.0,0.0,0.0,0.0,0.0,0.0,0.0,0.0,0.0,0.0,0.0,0.0,0.0,0.0
Wes Welker,2010,1.3333333333333333,0.0,0.0031446540880503,0.0,0.3333333333333333,0.3333333333333333,0.0,0.0,0.0,0.0,0.0,0.0,2.00314465408805,0.045454545454545456
